<?xml version="1.0" encoding="UTF-8"?>
<!DOCTYPE collection SYSTEM "BioC.dtd">
<collection><source>PMC</source><date>20210103</date><key>pmc.key</key><document><id>5880638</id><infon key="license">author_manuscript</infon><passage><infon key="article-id_doi">10.1136/jech-2017-209976</infon><infon key="article-id_manuscript">NIHMS952409</infon><infon key="article-id_pmc">5880638</infon><infon key="article-id_pmid">29183956</infon><infon key="fpage">173</infon><infon key="issue">2</infon><infon key="kwd">crowdsourcing generalizability G-formula HIV testing inverse probability weighting IPSW non-inferiority online RCT</infon><infon key="license">
          This file is available for text mining. It may also be used consistent with the principles of fair use under the copyright law.
        </infon><infon key="lpage">178</infon><infon key="name_0">surname:Wang;given-names:Cheng</infon><infon key="name_1">surname:Mollan;given-names:Katie R.</infon><infon key="name_2">surname:Hudgens;given-names:Michael G.</infon><infon key="name_3">surname:Tucker;given-names:Joseph D.</infon><infon key="name_4">surname:Zheng;given-names:Heping</infon><infon key="name_5">surname:Tang;given-names:Weiming</infon><infon key="name_6">surname:Ling;given-names:Li</infon><infon key="section_type">TITLE</infon><infon key="type">front</infon><infon key="volume">72</infon><infon key="year">2019</infon><offset>0</offset><text>Generalizability of an Online Randomized Controlled Trial: an Empirical Analysis</text></passage><passage><infon key="section_type">ABSTRACT</infon><infon key="type">abstract_title_1</infon><offset>81</offset><text>Background</text></passage><passage><infon key="section_type">ABSTRACT</infon><infon key="type">abstract</infon><offset>92</offset><text>Investigators increasingly use online methods to recruit participants for randomized controlled trials (RCTs). However, the extent to which participants recruited online represent populations of interest is unknown. We evaluated how generalizable an online RCT sample is to men who have sex with men (MSM) in China.</text></passage><passage><infon key="section_type">ABSTRACT</infon><infon key="type">abstract_title_1</infon><offset>408</offset><text>Methods</text></passage><passage><infon key="section_type">ABSTRACT</infon><infon key="type">abstract</infon><offset>416</offset><text>Inverse probability of sampling weights (IPSW) and the G-formula were used to examine the generalizability of an online RCT using model-based approaches. Online RCT data and national cross-sectional study data from China were analyzed to illustrate the process of quantitatively assessing generalizability. The RCT (identifier NCT02248558) randomly assigned participants to a crowdsourced or health marketing video for promotion of HIV testing. The primary outcome was self-reported HIV testing within 4 weeks, with a non-inferiority margin of −3%.</text></passage><passage><infon key="section_type">ABSTRACT</infon><infon key="type">abstract_title_1</infon><offset>967</offset><text>Results</text></passage><passage><infon key="section_type">ABSTRACT</infon><infon key="type">abstract</infon><offset>975</offset><text>In the original online RCT analysis, the estimated difference in proportions HIV tested between the two arms (crowdsourcing - health marketing) was 2.1% (95% confidence interval (CI): −5.4% to 9.7%). The hypothesis that the crowdsourced video was not inferior to the health marketing video to promote HIV testing was not demonstrated. The IPSW and G-formula estimated differences were −2.6% (95%CI: −14.2 to 8.9) and 2.7% (95%CI: −10.7 to 16.2), with both approaches also not establishing non-inferiority.</text></passage><passage><infon key="section_type">ABSTRACT</infon><infon key="type">abstract_title_1</infon><offset>1489</offset><text>Conclusions</text></passage><passage><infon key="section_type">ABSTRACT</infon><infon key="type">abstract</infon><offset>1501</offset><text>Conducting generalizability analysis of an online RCT is feasible. Examining the generalizability of online RCTs is an important step before an intervention is scaled-up.</text></passage><passage><infon key="section_type">INTRO</infon><infon key="type">title_1</infon><offset>1672</offset><text>INTRODUCTION</text></passage><passage><infon key="section_type">INTRO</infon><infon key="type">paragraph</infon><offset>1685</offset><text>Investigators increasingly use online methods to recruit participants for randomized controlled trials (RCTs). Online RCTs recruit participants, allocate interventions, measure outcomes, or collect data partly or fully using the Internet. Online RCTs are increasingly used because they can efficiently recruit large samples (especially from groups that are small), make studies easier to replicate and have some automation processes which facilitate study implementation compared to offline RCTs. However, such RCTs may have poor generalizability. For instance, online studies often have lower retention rates than offline research. Online research is also more likely to recruit educated, Internet-using populations who may not be representative of the larger population of interest.</text></passage><passage><infon key="section_type">INTRO</infon><infon key="type">paragraph</infon><offset>2470</offset><text>Statistical methods have been developed which provide formal, quantitative, theoretically justified inferential approaches for generalizing RCT findings to populations of interest. These approaches include nonparametric direct standardization and model-based methods. To date, these types of methods have not been employed to generalize results of online RCTs, which is critical for practitioners and policy makers considering scaling up the results based on online trials.</text></passage><passage><infon key="section_type">INTRO</infon><infon key="type">paragraph</infon><offset>2944</offset><text>Herein we examine the generalizability of an online RCT using inverse probability of sampling weights (IPSW) and the G-formula. In particular, we use online RCT data and national cross-sectional study data from China to illustrate the process of quantitatively assessing generalizability of results from an online RCT.</text></passage><passage><infon key="section_type">METHODS</infon><infon key="type">title_1</infon><offset>3263</offset><text>METHODS</text></passage><passage><infon key="section_type">METHODS</infon><infon key="type">title_2</infon><offset>3271</offset><text>Study population</text></passage><passage><infon key="section_type">METHODS</infon><infon key="type">paragraph</infon><offset>3288</offset><text>The crowdsourced online RCT in China analyzed here has been described in detail elsewhere. Briefly, in 2014, our study team applied the crowdsourcing method to generate a one-minute video for promoting HIV testing among Chinese men who have sex with men (MSM). Crowdsourcing is the process of shifting an individual task to a large group in the form of a contest or open call. Our research team conducted a non-inferiority online RCT to compare the effect of the crowdsourced video to a health marketing video to promote HIV testing.</text></passage><passage><infon key="section_type">METHODS</infon><infon key="type">paragraph</infon><offset>3822</offset><text>In this online RCT, the participants were recruited from popular MSM websites in three regions of China: northern (www.danlan.com), southern (www.yztz.net), and eastern (www.jstz.org). Participants entered the survey by clicking on a banner advertisement or an announcement sent to registered users, which directed them to eligibility screening and consent. Inclusion criteria were:1) being born biologically male; 2) having had anal sex with a man at least once; 3) 16 years or older; 4) never tested for HIV; 5) able to provide a cell phone number for follow up. In total, 721 participants were recruited from 31 provinces in 217 cities in China. Of those 721 individuals, 352 were randomly assigned to the crowdsourced intervention arm and 369 to the health marketing intervention arm. The study protocol was approved by the participating institutional review boards and the study was registered with ClinicalTrials.gov (identifier NCT02248558) prior to trial enrollment.</text></passage><passage><infon key="section_type">METHODS</infon><infon key="type">paragraph</infon><offset>4797</offset><text>A text message was sent to participants three weeks after survey completion, asking about HIV test uptake and test results after the intervention. An identical second follow-up text message was sent to non-responders in the fourth week. Of the 721 participants, 624 (87%) replied to the text message. Response (i.e., retention) rates were similar between the crowdsourced group (87%) and health marketing group (86%).</text></passage><passage><infon key="section_type">METHODS</infon><infon key="type">title_2</infon><offset>5215</offset><text>The larger population of interest</text></passage><passage><infon key="section_type">METHODS</infon><infon key="type">paragraph</infon><offset>5249</offset><text>The larger population of interest was generated by the following steps. First, we used a national, large-scale, cross-sectional survey dataset on MSM in China collected in 2013 (sentinel surveillance data) as a representative sample of the measurable Chinese MSM population. The data were collected by the Chinese Center for Disease Control and Prevention (C-CDC) aiming to determine the burden of HIV among MSM. A multistage mixed method sampling strategy including snowballing, venue- and Internet-based sampling was used to recruit participants. Although the C-CDC study was not a theoretically random sample of MSM, we consider it representative of the population of interest for the following reasons: 1) consistency between the C-CDC data set and extensive HIV systematic review data; 2) large sample size (42680 MSM) recruited; 3) wide geographic reach with sampling from 107 cities within 30 of 31 provinces or similar administrative structures in China. Individuals in the C-CDC data were included in our study if they met the crowdsourcing RCT inclusion criteria (as described above, excluding the cell phone number criteria). Among the C-CDC sample, 20 428 participants met the RCT inclusion criteria and were included for analysis. We could not acquire information on what proportion of these 20 428 MSM from the C-CDC data use the Internet, but several studies have shown that, in China, 79.1% of MSM seek male sexual partners by Internet, and 93.6% of MSM own a smart phone.</text></passage><passage><infon key="section_type">METHODS</infon><infon key="type">paragraph</infon><offset>6738</offset><text>Second, to implement the IPSW approach, we estimated that the larger MSM population of interest was in the range of 980 000 to 4 880 000 individuals. This range was determined by multiplying the following estimates: (i) the estimated whole Chinese MSM population size was 2 000 000 to 10 000 000 in 2009, which is the latest available estimated MSM population size in China; (ii) the percentage of Chinese MSM of more than 16 years of age and without HIV testing history in 2009 was 48.8% (95% confidence interval (CI): 36.6 to 61.0%). Therefore, we up-weighted the included C-CDC observations by 980 000 / 20 428 and 4 880 000 / 20 428 to get a low and high approximation of the size of the larger population of interest.</text></passage><passage><infon key="section_type">METHODS</infon><infon key="type">title_2</infon><offset>7461</offset><text>Statistical Methods</text></passage><passage><infon key="section_type">METHODS</infon><infon key="type">title_3</infon><offset>7481</offset><text>IPSW</text></passage><passage><infon key="section_type">METHODS</infon><infon key="type">paragraph</infon><offset>7486</offset><text>We start with a description of notation to specify the IPSW estimator. Let N denote the size of the population of interest. Let Si = 1 denote selection of the ith individual from the population of interest into the RCT, and let Si = 0 otherwise. For Si = 1, let Xi = 1 denote random assignment to the crowdsourcing arm and Xi = 0 to the health marketing arm. Let Zi denote a vector of k covariates for individual i. The IPSW was defined as where P̂(Si = 1|Zi) is an estimate of the probability of being selected into the RCT conditional upon the measured covariates Zi. The estimated marginal probability of being selected into the RCT was used in the numerator of the IPSW in order to ensure that the weighted sample remains the same size as the original sample and to check that the mean of Ŵi is near 1.0. The weights Ŵi are inversely proportional to an estimate of the conditional probability of being selected in the trial. A logistic regression model was used to obtain P̂(Si = 1|Zi)with main effects and all 2-way interactions of covariates Zi included in the model.</text></passage><passage><infon key="section_type">METHODS</infon><infon key="type">paragraph</infon><offset>8564</offset><text>After estimating the weights, the RCT data were analyzed with an IPSW linear probability model Yi = β0 + β1Xi where Yi denotes the outcome of interest, defined as Yi=1 if the ith individual reported getting HIV tested within four weeks following the video intervention, and Yi=0 otherwise. The estimate of the regression coefficient β1 was interpreted as an estimate of the difference in the probability of getting HIV tested (crowdsourced – health marketing) in the population of interest. A robust variance estimator was used to construct a Wald confidence interval (CI).</text></passage><passage><infon key="section_type">METHODS</infon><infon key="type">title_3</infon><offset>9147</offset><text>G-formula</text></passage><passage><infon key="section_type">METHODS</infon><infon key="type">paragraph</infon><offset>9157</offset><text>The G-formula for generalizability accounts for non-random RCT participant selection (Si) by integrating over the covariate distribution Zi from the population of interest. Specifically, the G-formula estimator of the difference in the probability of getting HIV tested in the population of interest is where the estimated conditional expectations Ê[Yi]Xi = x, Zi = z, Si = 1] for x = 0,1 are based on data from the RCT and dF̂(z) is the empirical distribution of Z in the C-CDC data. A general linear model was used to estimate the mean HIV testing outcome conditional on random intervention assignment Xi and covariates Zi among the RCT participants. Main effects and all 2-way interactions between covariates Zi and the intervention assignment Xi were included in the model. A Wald CI was computed using a bootstrap standard error estimate obtained by resampling with replacement from both the RCT sample and C-CDC sample separately (1000 resamples).</text></passage><passage><infon key="section_type">METHODS</infon><infon key="type">title_3</infon><offset>10113</offset><text>Assumptions</text></passage><passage><infon key="section_type">METHODS</infon><infon key="type">paragraph</infon><offset>10125</offset><text>The IPSW and generalizability G-formula methods rely on the following assumptions: (i) no measurement error; (ii) conditional on measured covariates, the participants selected to the RCT are exchangeable with those who were not selected (i.e., conditional exchangeability); (iii) non-zero probability of being selected into the RCT sample in each strata of covariates; (iv) no interference in both the study population and the larger population of interest; (v) correct model specification. If conditional exchangeability is met, effect measure modification observed in the RCT sample is representative of that in the larger population of interest</text></passage><passage><infon key="section_type">METHODS</infon><infon key="type">title_3</infon><offset>10773</offset><text>Covariate selection</text></passage><passage><infon key="section_type">METHODS</infon><infon key="type">paragraph</infon><offset>10793</offset><text>The following three criteria were used to select covariates Zi for adjustment: 1) the covariates were associated with RCT participation and were potential modifiers of the effect of the intervention; 2) the covariates were available in both the RCT data and the target sample C-CDC data, and 3) the covariates were deemed of scientific relevance for potential to impact the HIV testing outcome. The variables age, marital status, education, and condom use during last anal sex in the past six months met these criteria. However, the condom use variable was missing for 13.2% and 36.8% of MSM in the RCT and C-CDC data, respectively. Due to this substantial missingness, we only included age, marital status and education in the main analyses. Results including the variable condom use are provided in the supplemental tables. All available covariates were measured by C-CDC using categories (e.g., age bins) and were fit as categories in the analyses.</text></passage><passage><infon key="section_type">METHODS</infon><infon key="type">paragraph</infon><offset>11745</offset><text>All analyses were conducted in SAS version 9.2 (Cary, NC) and code is provided in the online supplement (See Supplementary SAS Code).</text></passage><passage><infon key="section_type">RESULTS</infon><infon key="type">title_1</infon><offset>11879</offset><text>RESULTS</text></passage><passage><infon key="section_type">RESULTS</infon><infon key="type">paragraph</infon><offset>11887</offset><text>Compared to the larger population of interest, online RCT participants were more likely to be age 20 or under (32.5% versus 9.8%), well educated (70.5% versus 40.8%), and never married (85.3% versus 67.7%). After weighting the crowdsourced RCT using IPSW, the distribution of covariates of the weighted RCT was close to the larger population of interest (Table 1 and S1).</text></passage><passage><infon key="section_type">RESULTS</infon><infon key="type">paragraph</infon><offset>12259</offset><text>In our analysis, first we replicated the main results of the crowdsourced RCT. The estimated difference in proportions of self-reported HIV testing within 4 weeks after watching the assigned video between two arms (crowdsourced – health marketing) was 2.1% (Wald 95% CI, −5.4% to 9.7%). The hypothesis that the crowdsourced video was not inferior to the health marketing video to promote HIV testing was not demonstrated; the CI included values below the non-inferiority margin of −3% (Table 2).</text></passage><passage><infon key="section_type">RESULTS</infon><infon key="type">paragraph</infon><offset>12761</offset><text>Additionally, we assessed effect measure modification of the difference in proportions tested between the two arms (Table 2 and S2). There was variability in the subgroup effect estimates, particularly for the youngest and oldest groups and by marital status (Figure 1). However, these analyses of marginal effect measure modification (one covariate at a time) do not assess potential higher-order, joint effect measure modification.</text></passage><passage><infon key="section_type">RESULTS</infon><infon key="type">paragraph</infon><offset>13195</offset><text>In the IPSW analysis (including the covariates in Table 1 and all their 2-way interactions), non-inferiority was also not demonstrated. The estimated difference in proportions was on the opposite side of the zero null effect as compared to the original RCT result (difference in proportions: −2.6%; 95% CI: −14.2 to 8.9%) (Table 3). As anticipated, the IPSW robust CI was wider than the RCT original CI (CI widths of 23.1% and 15.1%, respectively). IPSW results were almost the same under the two approximations of population size. The mean of weights Wi was 0.996 (SD=1.4). In the G-formula analysis, the estimated difference in proportions was 2.7 (95% CI: −10.7 to 16.2), again showing that non-inferiority was not demonstrated (Table 3). The G-formula bootstrap CI was slightly wider (width 26.9%) than the IPSW robust CI.</text></passage><passage><infon key="section_type">RESULTS</infon><infon key="type">paragraph</infon><offset>14028</offset><text>In the supplement, we provide IPSW and G-formula results with the condomless sex variable included in the covariate set Zi. Missing data were excluded, thus we make a strong assumption that report of condomless sex was missing completely at random. The IPSW estimated effect was nearly unchanged by inclusion of the condomless sex variable (Table S3) but the standard error was considerably larger due to loss of data (i.e., smaller evaluable RCT sample size). The G-formula result appeared somewhat sensitive to inclusion of the condomless sex variable. In the supplemental analysis that incorporates the condomless sex variable, the IPSW and G-formula results were in close agreement with one another and were both on the opposite size of the zero null effect as compared to the original RCT result. Non-inferiority was not demonstrated in any of our analyses.</text></passage><passage><infon key="section_type">DISCUSS</infon><infon key="type">title_1</infon><offset>14891</offset><text>DISCUSSION</text></passage><passage><infon key="section_type">DISCUSS</infon><infon key="type">paragraph</infon><offset>14902</offset><text>In our study, we applied IPSW and G-formula methods to generalize inferences from a crowdsourced online RCT to a specified population of interest. Both methods supported the original online RCT conclusion when the crowdsourced RCT was quantitatively generalized to a specified larger population of interest. These two different approaches have different model assumptions, so we have a greater degree of confidence in the results when the two estimates are similar. This study adds to the current literature by using two different model-based methods to examine the generalizability of an online, crowdsourced RCT.</text></passage><passage><infon key="section_type">DISCUSS</infon><infon key="type">paragraph</infon><offset>15517</offset><text>Our study suggests that properly planned and conducted online RCT results can be generalizable to a specific larger population of interest. Both IPSW and G-formula generalizability methods showed that non-inferiority was not demonstrated; conditional on several key analysis assumptions, these results may be generalized to the larger China MSM population of interest. The estimated difference from the G-formula analysis was quite close to the original RCT result. The estimated difference from IPSW analysis was not drastically different from the original RCT result, but was on the opposite side of the zero null effect. The disagreement between the G-formula and the IPSW could be due to one or both of the assumed parametric models being incorrectly specified.</text></passage><passage><infon key="section_type">DISCUSS</infon><infon key="type">paragraph</infon><offset>16283</offset><text>For both the IPSW and G-formula estimates, the estimated standard error was larger than in the original RCT analysis, indicating a loss in precision when the RCT results were generalized to a larger population. In general, loss of precision is expected with increasing differences between participant characteristics in the RCT sample compared to the population of interest.</text></passage><passage><infon key="section_type">DISCUSS</infon><infon key="type">paragraph</infon><offset>16658</offset><text>Our study has several limitations. First, for the assumption of no measurement error, we acknowledge that self-reported data, like data for HIV testing and condomless anal sex, are susceptible to reporting bias. Secondly, we only had a small number of measured covariates that could be compared between the online RCT survey and CDC survey data sets, and thus conditional exchangeability may be violated. Other possible effect measure modifiers, which mean potential for unmeasured covariates meeting the covariate selection criteria (as described above, excluding the second criteria), may have been missed such as annual income and disclosure of sexual orientation. However, the C-CDC data was thus far the most comprehensive, largest and only national data available to us. Thirdly, we could not acquire information on Internet access for the C-CDC data. Nonetheless, the IPSW and G-formula generalizability results do adjust for age, which may potentially mitigate bias due to Internet access not being included among the observed covariates since different age groups are known to have different Internet usage rates. Collecting information on Internet access from the population of interest is recommended in general to facilitate generalizability of online RCTs. Lastly, the variable of condom use during last anal sex in last six months was excluded in our primary analysis due to substantial missing data. Sensitive behavioral data such as this can be difficult to measure.</text></passage><passage><infon key="section_type">DISCUSS</infon><infon key="type">paragraph</infon><offset>18141</offset><text>In conclusion, we used a crowdsourced online RCT and C-CDC data as an example to examine the generalizability of an online RCT with two different methods. We demonstrate the feasibility of a generalizability analysis in this context and provide example SAS code. Considering the advantage of efficiently recruiting a large, high-risk population, our results support that a properly planned and conducted online RCT is an effective design for estimating the effects of intervention or treatment. Examining the generalizability of online RCTs is an important step before the interventions or treatments are scaled up to the population of interest. Future generalizability analyses can be facilitated by harmonizing covariate data collected in RCTs and in large samples of the population of interest (e.g., surveillance or cohort studies).</text></passage><passage><infon key="section_type">SUPPL</infon><infon key="type">title_1</infon><offset>18978</offset><text>Supplementary Material</text></passage><passage><infon key="section_type">SUPPL</infon><infon key="type">footnote</infon><offset>19001</offset><text>           Supplementary Data         </text></passage><passage><infon key="section_type">SUPPL</infon><infon key="type">footnote</infon><offset>19040</offset><text>Supplementary data are available online</text></passage><passage><infon key="section_type">SUPPL</infon><infon key="type">footnote</infon><offset>19080</offset><text>           Licence for Publication         </text></passage><passage><infon key="section_type">SUPPL</infon><infon key="type">footnote</infon><offset>19124</offset><text>The Corresponding Author has the right to grant on behalf of all authors and does grant on behalf of all authors, an exclusive license on a worldwide basis to the BMJ Publishing Group Ltd to permit this article (if accepted) to be published in JECH and any other BMJPGL products and sublicences such use and exploit all subsidiary rights, as set out in our licence.</text></passage><passage><infon key="section_type">SUPPL</infon><infon key="type">footnote</infon><offset>19490</offset><text>           Contributorship Statement         </text></passage><passage><infon key="section_type">SUPPL</infon><infon key="type">footnote</infon><offset>19536</offset><text>1) Conception and design of study: Michael G. Hudgens, Joseph D. Tucker, Katie R. Mollan, Cheng Wang, and Ling Li; 2) Acquisition of data: Joseph D. Tucker, Weiming Tang, Cheng Wang, and Heping Zheng; 3) Analysis and/or interpretation of data: Cheng Wang, Katie R. Mollan, Michael G. Hudgens; 4) Drafting the manuscript: Cheng Wang. 5) Revising the manuscript: Katie R. Mollan, Joseph D. Tucker, Michael G. Hudgens, Weiming Tang, Ling Li, and Heping Zheng.</text></passage><passage><infon key="section_type">SUPPL</infon><infon key="type">footnote</infon><offset>19993</offset><text>Competing Interests: None declared</text></passage><passage><infon key="fpage">63</infon><infon key="lpage">72</infon><infon key="name_0">surname:Mathieu;given-names:E</infon><infon key="name_1">surname:Barratt;given-names:AL</infon><infon key="name_2">surname:McGeechan;given-names:K</infon><infon key="name_3">surname:Davey;given-names:HM</infon><infon key="name_4">surname:Howard;given-names:K</infon><infon key="name_5">surname:Houssami;given-names:N</infon><infon key="pub-id_pmid">20149953</infon><infon key="section_type">REF</infon><infon key="source">Patient education and counseling</infon><infon key="type">ref</infon><infon key="volume">81</infon><infon key="year">2010</infon><offset>20028</offset><text>Helping women make choices about mammography screening: an online randomized trial of a decision aid for 40-year-old women</text></passage><passage><infon key="fpage">77</infon><infon key="lpage">88</infon><infon key="name_0">surname:Naslund;given-names:JA</infon><infon key="name_1">surname:Aschbrenner;given-names:KA</infon><infon key="name_2">surname:Marsch;given-names:LA</infon><infon key="name_3">surname:McHugo;given-names:GJ</infon><infon key="name_4">surname:Bartels;given-names:SJ</infon><infon key="pub-id_pmid">26188164</infon><infon key="section_type">REF</infon><infon key="source">Contemp Clin Trials</infon><infon key="type">ref</infon><infon key="volume">44</infon><infon key="year">2015</infon><offset>20151</offset><text>Crowdsourcing for conducting randomized trials of internet delivered interventions in people with serious mental illness: A systematic review</text></passage><passage><infon key="fpage">568</infon><infon key="lpage">76</infon><infon key="name_0">surname:Mathieu;given-names:E</infon><infon key="name_1">surname:McGeechan;given-names:K</infon><infon key="name_2">surname:Barratt;given-names:A</infon><infon key="name_3">surname:Herbert;given-names:R</infon><infon key="pub-id_pmid">23065196</infon><infon key="section_type">REF</infon><infon key="source">J Am Med Inform Assoc</infon><infon key="type">ref</infon><infon key="volume">20</infon><infon key="year">2013</infon><offset>20293</offset><text>Internet-based randomized controlled trials: a systematic review</text></passage><passage><infon key="fpage">505</infon><infon key="lpage">21</infon><infon key="name_0">surname:Pequegnat;given-names:W</infon><infon key="name_1">surname:Rosser;given-names:BS</infon><infon key="name_2">surname:Bowen;given-names:AM</infon><infon key="pub-id_pmid">17053853</infon><infon key="section_type">REF</infon><infon key="source">AIDS and Behavior</infon><infon key="type">ref</infon><infon key="volume">11</infon><infon key="year">2007</infon><offset>20358</offset><text>Conducting Internet-based HIV/STD prevention survey research: considerations in design and evaluation</text></passage><passage><infon key="fpage">212</infon><infon key="lpage">28</infon><infon key="name_0">surname:Shin;given-names:E</infon><infon key="name_1">surname:Johnson;given-names:TP</infon><infon key="name_2">surname:Rao;given-names:K</infon><infon key="section_type">REF</infon><infon key="source">Social Science Computer Review</infon><infon key="type">ref</infon><infon key="volume">30</infon><infon key="year">2012</infon><offset>20460</offset><text>Survey mode effects on data quality: Comparison of web and mail modes in a US national panel survey</text></passage><passage><infon key="name_0">surname:Bech;given-names:M</infon><infon key="name_1">surname:Kristensen;given-names:MB</infon><infon key="section_type">REF</infon><infon key="source">Survey Research Methods</infon><infon key="type">ref</infon><infon key="year">2009</infon><offset>20560</offset><text>Differential response rates in postal and web-based surveys among older respondents</text></passage><passage><infon key="fpage">281</infon><infon key="lpage">91</infon><infon key="name_0">surname:Denscombe;given-names:M</infon><infon key="section_type">REF</infon><infon key="source">International Journal of Social Research Methodology</infon><infon key="type">ref</infon><infon key="volume">12</infon><infon key="year">2009</infon><offset>20644</offset><text>Item non-response rates: a comparison of online and paper questionnaires</text></passage><passage><infon key="fpage">257</infon><infon key="name_0">surname:Kwak;given-names:N</infon><infon key="name_1">surname:Radler;given-names:B</infon><infon key="section_type">REF</infon><infon key="source">Journal of official statistics</infon><infon key="type">ref</infon><infon key="volume">18</infon><infon key="year">2002</infon><offset>20717</offset><text>A comparison between mail and web surveys: Response pattern, respondent profile, and data quality</text></passage><passage><infon key="fpage">e10448</infon><infon key="name_0">surname:Blas;given-names:MM</infon><infon key="name_1">surname:Alva;given-names:IE</infon><infon key="name_2">surname:Carcamo;given-names:CP</infon><infon key="pub-id_pmid">20454667</infon><infon key="section_type">REF</infon><infon key="source">PLoS One</infon><infon key="type">ref</infon><infon key="volume">5</infon><infon key="year">2010</infon><offset>20815</offset><text>Effect of an online video-based intervention to increase HIV testing in men who have sex with men in Peru</text></passage><passage><infon key="fpage">1042</infon><infon key="name_0">surname:Côté;given-names:J</infon><infon key="name_1">surname:Cossette;given-names:S</infon><infon key="name_2">surname:Ramirez-Garcia;given-names:P</infon><infon key="pub-id_pmid">26458508</infon><infon key="section_type">REF</infon><infon key="source">BMC Public Health</infon><infon key="type">ref</infon><infon key="volume">15</infon><infon key="year">2015</infon><offset>20921</offset><text>Evaluation of a Web-based tailored intervention (TAVIE en santé) to support people living with HIV in the adoption of health promoting behaviours: an online randomized controlled trial protocol</text></passage><passage><infon key="fpage">803</infon><infon key="lpage">32</infon><infon key="name_0">surname:Birnbaum;given-names:MH</infon><infon key="pub-id_pmid">14744235</infon><infon key="section_type">REF</infon><infon key="source">Annu Rev Psychol</infon><infon key="type">ref</infon><infon key="volume">55</infon><infon key="year">2004</infon><offset>21116</offset><text>Human research and data collection via the internet</text></passage><passage><infon key="fpage">58</infon><infon key="lpage">70</infon><infon key="name_0">surname:Göritz;given-names:AS</infon><infon key="section_type">REF</infon><infon key="source">International Journal of Internet Science</infon><infon key="type">ref</infon><infon key="volume">1</infon><infon key="year">2006</infon><offset>21168</offset><text>Incentives in web studies: Methodological issues and a review</text></passage><passage><infon key="fpage">e46252</infon><infon key="name_0">surname:Hirshfield;given-names:S</infon><infon key="name_1">surname:Chiasson;given-names:MA</infon><infon key="name_2">surname:Joseph;given-names:H</infon><infon key="pub-id_pmid">23071551</infon><infon key="section_type">REF</infon><infon key="source">PLoS One</infon><infon key="type">ref</infon><infon key="volume">7</infon><infon key="year">2012</infon><offset>21230</offset><text>An online randomized controlled trial evaluating HIV prevention digital media interventions for men who have sex with men</text></passage><passage><infon key="fpage">383</infon><infon key="lpage">8</infon><infon key="name_0">surname:MIETTINEN;given-names:OS</infon><infon key="pub-id_pmid">4643670</infon><infon key="section_type">REF</infon><infon key="source">American Journal of Epidemiology</infon><infon key="type">ref</infon><infon key="volume">96</infon><infon key="year">1972</infon><offset>21352</offset><text>Standardization of risk ratios</text></passage><passage><infon key="name_0">surname:Rothman;given-names:KJ</infon><infon key="name_1">surname:Greenland;given-names:S</infon><infon key="name_2">surname:Lash;given-names:TL</infon><infon key="section_type">REF</infon><infon key="source">Modern epidemiology</infon><infon key="type">ref</infon><infon key="year">2008</infon><offset>21383</offset></passage><passage><infon key="name_0">surname:Buchanan;given-names:AL</infon><infon key="name_1">surname:Hudgens;given-names:MG</infon><infon key="name_2">surname:Cole;given-names:SR</infon><infon key="section_type">REF</infon><infon key="source">Generalizing Evidence from Randomized Trials using Inverse Probability of Sampling Weights</infon><infon key="type">ref</infon><infon key="year">2015</infon><offset>21384</offset></passage><passage><infon key="fpage">107</infon><infon key="lpage">15</infon><infon key="name_0">surname:Cole;given-names:SR</infon><infon key="name_1">surname:Stuart;given-names:EA</infon><infon key="pub-id_pmid">20547574</infon><infon key="section_type">REF</infon><infon key="source">American journal of epidemiology</infon><infon key="type">ref</infon><infon key="volume">172</infon><infon key="year">2010</infon><offset>21385</offset><text>Generalizing evidence from randomized clinical trials to target populations the actg 320 trial</text></passage><passage><infon key="fpage">482</infon><infon key="lpage">8</infon><infon key="name_0">surname:Bengtson;given-names:AM</infon><infon key="name_1">surname:Pence;given-names:BW</infon><infon key="name_2">surname:Gaynes;given-names:BN</infon><infon key="pub-id_pmid">27668804</infon><infon key="section_type">REF</infon><infon key="source">J Acquir Immune Defic Syndr</infon><infon key="type">ref</infon><infon key="volume">73</infon><infon key="year">2016</infon><offset>21480</offset><text>Improving Depression Among HIV-Infected Adults: Transporting the Effect of a Depression Treatment Intervention to Routine Care</text></passage><passage><infon key="fpage">1801</infon><infon key="lpage">13</infon><infon key="name_0">surname:Greenhouse;given-names:JB</infon><infon key="name_1">surname:Kaizar;given-names:EE</infon><infon key="name_2">surname:Kelleher;given-names:K</infon><infon key="name_3">surname:Seltman;given-names:H</infon><infon key="name_4">surname:Gardner;given-names:W</infon><infon key="pub-id_pmid">18381709</infon><infon key="section_type">REF</infon><infon key="source">Stat Med</infon><infon key="type">ref</infon><infon key="volume">27</infon><infon key="year">2008</infon><offset>21607</offset><text>Generalizing from clinical trial data: a case study. The risk of suicidality among pediatric antidepressant users</text></passage><passage><infon key="fpage">1393</infon><infon key="lpage">512</infon><infon key="name_0">surname:Robins;given-names:J</infon><infon key="section_type">REF</infon><infon key="source">Mathematical Modelling</infon><infon key="type">ref</infon><infon key="volume">7</infon><infon key="year">1986</infon><offset>21721</offset><text>A new approach to causal inference in mortality studies with a sustained exposure period—application to control of the healthy worker survivor effect</text></passage><passage><infon key="name_0">surname:Pearl;given-names:J</infon><infon key="section_type">REF</infon><infon key="source">Causality: models, reasoning, and inference</infon><infon key="type">ref</infon><infon key="year">2009</infon><offset>21873</offset></passage><passage><infon key="fpage">2000</infon><infon key="lpage">9</infon><infon key="name_0">surname:Westreich;given-names:D</infon><infon key="name_1">surname:Cole;given-names:SR</infon><infon key="name_2">surname:Young;given-names:JG</infon><infon key="pub-id_pmid">22495733</infon><infon key="section_type">REF</infon><infon key="source">Stat Med</infon><infon key="type">ref</infon><infon key="volume">31</infon><infon key="year">2012</infon><offset>21874</offset><text>The parametric g-formula to estimate the effect of highly active antiretroviral therapy on incident AIDS or death</text></passage><passage><infon key="name_0">surname:MA;given-names:HJMR</infon><infon key="section_type">REF</infon><infon key="source">Causal Inference</infon><infon key="type">ref</infon><infon key="year">2017</infon><offset>21988</offset></passage><passage><infon key="name_0">surname:Qin;given-names:Q</infon><infon key="name_1">surname:Tang;given-names:W</infon><infon key="name_2">surname:Ge;given-names:L</infon><infon key="section_type">REF</infon><infon key="source">Scientific Reports</infon><infon key="type">ref</infon><infon key="volume">6</infon><infon key="year">2016</infon><offset>21989</offset><text>Changing trend of HIV, Syphilis and Hepatitis C among Men Who Have Sex with Men in China</text></passage><passage><infon key="fpage">1</infon><infon key="lpage">10</infon><infon key="name_0">surname:Qin;given-names:Q</infon><infon key="name_1">surname:Tang;given-names:W</infon><infon key="name_2">surname:Ge;given-names:L</infon><infon key="pub-id_pmid">28442746</infon><infon key="section_type">REF</infon><infon key="source">Sci Rep</infon><infon key="type">ref</infon><infon key="volume">6</infon><infon key="year">2016</infon><offset>22078</offset><text>Changing trend of HIV Syphilis and Hepatitis C among Men Who Have Sex with Men in China</text></passage><passage><infon key="fpage">625</infon><infon key="lpage">8</infon><infon key="name_0">surname:Zhang;given-names:Y</infon><infon key="name_1">surname:Kim;given-names:JA</infon><infon key="name_2">surname:Liu;given-names:F</infon><infon key="pub-id_pmid">26462186</infon><infon key="section_type">REF</infon><infon key="source">Sex Transm Dis</infon><infon key="type">ref</infon><infon key="volume">42</infon><infon key="year">2015</infon><offset>22166</offset><text>Creative contributory contests to spur innovation in sexual health: 2 cases and a guide for implementation</text></passage><passage><infon key="fpage">1</infon><infon key="lpage">4</infon><infon key="name_0">surname:Howe;given-names:J</infon><infon key="section_type">REF</infon><infon key="source">Wired magazine</infon><infon key="type">ref</infon><infon key="volume">14</infon><infon key="year">2006</infon><offset>22273</offset><text>The rise of crowdsourcing</text></passage><passage><infon key="fpage">955</infon><infon key="lpage">63</infon><infon key="name_0">surname:Zhang;given-names:L</infon><infon key="name_1">surname:Chow;given-names:EP</infon><infon key="name_2">surname:Jing;given-names:J</infon><infon key="pub-id_pmid">24107261</infon><infon key="section_type">REF</infon><infon key="source">The Lancet infectious diseases</infon><infon key="type">ref</infon><infon key="volume">13</infon><infon key="year">2013</infon><offset>22299</offset><text>HIV prevalence in China: integration of surveillance data and a systematic review</text></passage><passage><infon key="fpage">2222</infon><infon key="name_0">surname:Liu;given-names:Y</infon><infon key="name_1">surname:Wang;given-names:J</infon><infon key="name_2">surname:Qian;given-names:HZ</infon><infon key="pub-id_pmid">27000143</infon><infon key="section_type">REF</infon><infon key="source">Aids &amp; Behavior</infon><infon key="type">ref</infon><infon key="volume">20</infon><infon key="year">2016</infon><offset>22381</offset><text>Seeking Male Sexual Partners via Internet and Traditional Venues among Chinese Men Who Have Sex with Men: Implications for HIV Risk Reduction Interventions</text></passage><passage><infon key="fpage">941</infon><infon key="lpage">6</infon><infon key="name_0">surname:Bien;given-names:CH</infon><infon key="name_1">surname:Best;given-names:JM</infon><infon key="name_2">surname:Muessig;given-names:KE</infon><infon key="name_3">surname:Wei;given-names:C</infon><infon key="name_4">surname:Han;given-names:L</infon><infon key="name_5">surname:Tucker;given-names:JD</infon><infon key="pub-id_pmid">25572834</infon><infon key="section_type">REF</infon><infon key="source">Aids &amp; Behavior</infon><infon key="type">ref</infon><infon key="volume">19</infon><infon key="year">2015</infon><offset>22537</offset><text>Gay Apps for Seeking Sex Partners in China: Implications for MSM Sexual Health</text></passage><passage><infon key="fpage">588</infon><infon key="name_0">surname:Tang;given-names:S</infon><infon key="name_1">surname:Tang;given-names:W</infon><infon key="name_2">surname:Meyers;given-names:K</infon><infon key="name_3">surname:Chan;given-names:P</infon><infon key="name_4">surname:Chen;given-names:Z</infon><infon key="name_5">surname:Tucker;given-names:JD</infon><infon key="pub-id_pmid">27765021</infon><infon key="section_type">REF</infon><infon key="source">BMC Infect Dis</infon><infon key="type">ref</infon><infon key="volume">16</infon><infon key="year">2016</infon><offset>22616</offset><text>HIV epidemiology and responses among men who have sex with men and transgender individuals in China: a scoping review</text></passage><passage><infon key="fpage">255</infon><infon key="lpage">63</infon><infon key="name_0">surname:Chow;given-names:E</infon><infon key="name_1">surname:Wilson;given-names:D</infon><infon key="name_2">surname:Zhang;given-names:L</infon><infon key="pub-id_pmid">22252151</infon><infon key="section_type">REF</infon><infon key="source">HIV medicine</infon><infon key="type">ref</infon><infon key="volume">13</infon><infon key="year">2012</infon><offset>22734</offset><text>The rate of HIV testing is increasing among men who have sex with men in China</text></passage><passage><infon key="fpage">206</infon><infon key="lpage">8</infon><infon key="name_0">surname:Agresti;given-names:A</infon><infon key="name_1">surname:Kateri;given-names:M</infon><infon key="section_type">REF</infon><infon key="source">International encyclopedia of statistical science</infon><infon key="type">ref</infon><infon key="year">2011</infon><offset>22813</offset><text>Categorical data analysis</text></passage><passage><infon key="fpage">656</infon><infon key="lpage">64</infon><infon key="name_0">surname:Cole;given-names:SR</infon><infon key="name_1">surname:Hernán;given-names:MA</infon><infon key="pub-id_pmid">18682488</infon><infon key="section_type">REF</infon><infon key="source">Am J Epidemiol</infon><infon key="type">ref</infon><infon key="volume">168</infon><infon key="year">2008</infon><offset>22839</offset><text>Constructing inverse probability weights for marginal structural models</text></passage><passage><infon key="name_0">surname:Bareinboim;given-names:E</infon><infon key="name_1">surname:Pearl;given-names:J</infon><infon key="section_type">REF</infon><infon key="source">Transportability of casual effects: Completeness results</infon><infon key="type">ref</infon><offset>22911</offset></passage><passage><infon key="fpage">553</infon><infon key="issue">4</infon><infon key="lpage">561</infon><infon key="name_0">surname:Lesko;given-names:CR</infon><infon key="name_1">surname:Buchanan;given-names:AL</infon><infon key="name_2">surname:Westreich;given-names:D</infon><infon key="name_3">surname:Edwards;given-names:JK</infon><infon key="name_4">surname:Hudgens;given-names:MG</infon><infon key="name_5">surname:Cole;given-names:SR</infon><infon key="section_type">REF</infon><infon key="source">Epidemiology</infon><infon key="type">ref</infon><infon key="volume">28</infon><offset>22912</offset><text>Generalizing study results: a potential outcomes perspective</text></passage><passage><infon key="fpage">1406</infon><infon key="lpage">13</infon><infon key="name_0">surname:VanderWeele;given-names:TJ</infon><infon key="name_1">surname:Shpitser;given-names:I</infon><infon key="pub-id_pmid">21627630</infon><infon key="section_type">REF</infon><infon key="source">Biometrics</infon><infon key="type">ref</infon><infon key="volume">67</infon><infon key="year">2011</infon><offset>22973</offset><text>A new criterion for confounder selection</text></passage><passage><infon key="file">nihms952409f1.jpg</infon><infon key="id">F1</infon><infon key="section_type">FIG</infon><infon key="type">fig_caption</infon><offset>23014</offset><text>The results of original RCT, IPSW, G-formula and sub-analyses</text></passage><passage><infon key="file">T1.xml</infon><infon key="id">T1</infon><infon key="section_type">TABLE</infon><infon key="type">table_caption</infon><offset>23076</offset><text>Characteristics of Covariates in RCT in China in 2014, Up-weighted C-CDC Study in China in 2013 and Inverse Probability of Sampling Weighted RCT Populationa</text></passage><passage><infon key="file">T1.xml</infon><infon key="id">T1</infon><infon key="section_type">TABLE</infon><infon key="type">table</infon><infon key="xml">&lt;?xml version=&quot;1.0&quot; encoding=&quot;UTF-8&quot;?&gt;
&lt;table frame=&quot;hsides&quot; rules=&quot;groups&quot;&gt;
        &lt;thead&gt;
          &lt;tr&gt;
            &lt;th align=&quot;left&quot; rowspan=&quot;1&quot; colspan=&quot;1&quot;/&gt;
            &lt;th align=&quot;left&quot; colspan=&quot;2&quot; rowspan=&quot;1&quot;&gt;RCT&lt;break/&gt;(n=721)&lt;/th&gt;
            &lt;th align=&quot;left&quot; colspan=&quot;2&quot; rowspan=&quot;1&quot;&gt;Up-weighted C-CDC&lt;break/&gt;(N&lt;sub&gt;total&lt;/sub&gt;=980000)&lt;/th&gt;
            &lt;th align=&quot;left&quot; colspan=&quot;2&quot; rowspan=&quot;1&quot;&gt;weighted RCT&lt;/th&gt;
          &lt;/tr&gt;
          &lt;tr&gt;
            &lt;th align=&quot;left&quot; rowspan=&quot;1&quot; colspan=&quot;1&quot;/&gt;
            &lt;th align=&quot;center&quot; colspan=&quot;6&quot; valign=&quot;bottom&quot; rowspan=&quot;1&quot;&gt;
&lt;hr/&gt;&lt;/th&gt;
          &lt;/tr&gt;
          &lt;tr&gt;
            &lt;th align=&quot;left&quot; rowspan=&quot;1&quot; colspan=&quot;1&quot;/&gt;
            &lt;th align=&quot;left&quot; rowspan=&quot;1&quot; colspan=&quot;1&quot;&gt;Freq&lt;/th&gt;
            &lt;th align=&quot;left&quot; rowspan=&quot;1&quot; colspan=&quot;1&quot;&gt;%&lt;/th&gt;
            &lt;th align=&quot;left&quot; rowspan=&quot;1&quot; colspan=&quot;1&quot;&gt;Freq&lt;/th&gt;
            &lt;th align=&quot;left&quot; rowspan=&quot;1&quot; colspan=&quot;1&quot;&gt;%&lt;/th&gt;
            &lt;th align=&quot;left&quot; rowspan=&quot;1&quot; colspan=&quot;1&quot;&gt;Freq&lt;/th&gt;
            &lt;th align=&quot;left&quot; rowspan=&quot;1&quot; colspan=&quot;1&quot;&gt;%&lt;/th&gt;
          &lt;/tr&gt;
        &lt;/thead&gt;
        &lt;tbody&gt;
          &lt;tr&gt;
            &lt;td align=&quot;left&quot; colspan=&quot;7&quot; rowspan=&quot;1&quot;&gt;
              &lt;bold&gt;Age&lt;/bold&gt;
            &lt;/td&gt;
          &lt;/tr&gt;
          &lt;tr&gt;
            &lt;td align=&quot;left&quot; rowspan=&quot;1&quot; colspan=&quot;1&quot;&gt;16–20&lt;/td&gt;
            &lt;td align=&quot;left&quot; rowspan=&quot;1&quot; colspan=&quot;1&quot;&gt;234&lt;/td&gt;
            &lt;td align=&quot;left&quot; rowspan=&quot;1&quot; colspan=&quot;1&quot;&gt;32.5&lt;/td&gt;
            &lt;td align=&quot;left&quot; rowspan=&quot;1&quot; colspan=&quot;1&quot;&gt;96135.8&lt;/td&gt;
            &lt;td align=&quot;left&quot; rowspan=&quot;1&quot; colspan=&quot;1&quot;&gt;9.8&lt;/td&gt;
            &lt;td align=&quot;left&quot; rowspan=&quot;1&quot; colspan=&quot;1&quot;&gt;70.9&lt;/td&gt;
            &lt;td align=&quot;left&quot; rowspan=&quot;1&quot; colspan=&quot;1&quot;&gt;9.9&lt;/td&gt;
          &lt;/tr&gt;
          &lt;tr&gt;
            &lt;td align=&quot;left&quot; rowspan=&quot;1&quot; colspan=&quot;1&quot;&gt;21–25&lt;/td&gt;
            &lt;td align=&quot;left&quot; rowspan=&quot;1&quot; colspan=&quot;1&quot;&gt;266&lt;/td&gt;
            &lt;td align=&quot;left&quot; rowspan=&quot;1&quot; colspan=&quot;1&quot;&gt;36.9&lt;/td&gt;
            &lt;td align=&quot;left&quot; rowspan=&quot;1&quot; colspan=&quot;1&quot;&gt;293966.5&lt;/td&gt;
            &lt;td align=&quot;left&quot; rowspan=&quot;1&quot; colspan=&quot;1&quot;&gt;30.0&lt;/td&gt;
            &lt;td align=&quot;left&quot; rowspan=&quot;1&quot; colspan=&quot;1&quot;&gt;214.3&lt;/td&gt;
            &lt;td align=&quot;left&quot; rowspan=&quot;1&quot; colspan=&quot;1&quot;&gt;29.8&lt;/td&gt;
          &lt;/tr&gt;
          &lt;tr&gt;
            &lt;td align=&quot;left&quot; rowspan=&quot;1&quot; colspan=&quot;1&quot;&gt;26–30&lt;/td&gt;
            &lt;td align=&quot;left&quot; rowspan=&quot;1&quot; colspan=&quot;1&quot;&gt;112&lt;/td&gt;
            &lt;td align=&quot;left&quot; rowspan=&quot;1&quot; colspan=&quot;1&quot;&gt;15.5&lt;/td&gt;
            &lt;td align=&quot;left&quot; rowspan=&quot;1&quot; colspan=&quot;1&quot;&gt;232048.5&lt;/td&gt;
            &lt;td align=&quot;left&quot; rowspan=&quot;1&quot; colspan=&quot;1&quot;&gt;23.7&lt;/td&gt;
            &lt;td align=&quot;left&quot; rowspan=&quot;1&quot; colspan=&quot;1&quot;&gt;174.1&lt;/td&gt;
            &lt;td align=&quot;left&quot; rowspan=&quot;1&quot; colspan=&quot;1&quot;&gt;24.2&lt;/td&gt;
          &lt;/tr&gt;
          &lt;tr&gt;
            &lt;td align=&quot;left&quot; rowspan=&quot;1&quot; colspan=&quot;1&quot;&gt;31–35&lt;/td&gt;
            &lt;td align=&quot;left&quot; rowspan=&quot;1&quot; colspan=&quot;1&quot;&gt;64&lt;/td&gt;
            &lt;td align=&quot;left&quot; rowspan=&quot;1&quot; colspan=&quot;1&quot;&gt;8.9&lt;/td&gt;
            &lt;td align=&quot;left&quot; rowspan=&quot;1&quot; colspan=&quot;1&quot;&gt;141999.1&lt;/td&gt;
            &lt;td align=&quot;left&quot; rowspan=&quot;1&quot; colspan=&quot;1&quot;&gt;14.5&lt;/td&gt;
            &lt;td align=&quot;left&quot; rowspan=&quot;1&quot; colspan=&quot;1&quot;&gt;104.6&lt;/td&gt;
            &lt;td align=&quot;left&quot; rowspan=&quot;1&quot; colspan=&quot;1&quot;&gt;14.6&lt;/td&gt;
          &lt;/tr&gt;
          &lt;tr&gt;
            &lt;td align=&quot;left&quot; rowspan=&quot;1&quot; colspan=&quot;1&quot;&gt;&amp;gt;=36&lt;/td&gt;
            &lt;td align=&quot;left&quot; rowspan=&quot;1&quot; colspan=&quot;1&quot;&gt;45&lt;/td&gt;
            &lt;td align=&quot;left&quot; rowspan=&quot;1&quot; colspan=&quot;1&quot;&gt;6.2&lt;/td&gt;
            &lt;td align=&quot;left&quot; rowspan=&quot;1&quot; colspan=&quot;1&quot;&gt;215850.2&lt;/td&gt;
            &lt;td align=&quot;left&quot; rowspan=&quot;1&quot; colspan=&quot;1&quot;&gt;22.0&lt;/td&gt;
            &lt;td align=&quot;left&quot; rowspan=&quot;1&quot; colspan=&quot;1&quot;&gt;154.6&lt;/td&gt;
            &lt;td align=&quot;left&quot; rowspan=&quot;1&quot; colspan=&quot;1&quot;&gt;21.5&lt;/td&gt;
          &lt;/tr&gt;
          &lt;tr&gt;
            &lt;td align=&quot;left&quot; rowspan=&quot;1&quot; colspan=&quot;1&quot;&gt;
              &lt;italic&gt;missing&lt;/italic&gt;
            &lt;/td&gt;
            &lt;td align=&quot;left&quot; rowspan=&quot;1&quot; colspan=&quot;1&quot;&gt;-&lt;/td&gt;
            &lt;td align=&quot;left&quot; rowspan=&quot;1&quot; colspan=&quot;1&quot;&gt;-&lt;/td&gt;
            &lt;td align=&quot;left&quot; rowspan=&quot;1&quot; colspan=&quot;1&quot;&gt;-&lt;/td&gt;
            &lt;td align=&quot;left&quot; rowspan=&quot;1&quot; colspan=&quot;1&quot;&gt;-&lt;/td&gt;
            &lt;td align=&quot;left&quot; rowspan=&quot;1&quot; colspan=&quot;1&quot;&gt;-&lt;/td&gt;
            &lt;td align=&quot;left&quot; rowspan=&quot;1&quot; colspan=&quot;1&quot;&gt;-&lt;/td&gt;
          &lt;/tr&gt;
          &lt;tr&gt;
            &lt;td align=&quot;left&quot; colspan=&quot;7&quot; valign=&quot;bottom&quot; rowspan=&quot;1&quot;&gt;
&lt;hr/&gt;&lt;/td&gt;
          &lt;/tr&gt;
          &lt;tr&gt;
            &lt;td align=&quot;left&quot; colspan=&quot;7&quot; rowspan=&quot;1&quot;&gt;
              &lt;bold&gt;Highest education&lt;/bold&gt;
            &lt;/td&gt;
          &lt;/tr&gt;
          &lt;tr&gt;
            &lt;td align=&quot;left&quot; rowspan=&quot;1&quot; colspan=&quot;1&quot;&gt;High school or below&lt;/td&gt;
            &lt;td align=&quot;left&quot; rowspan=&quot;1&quot; colspan=&quot;1&quot;&gt;213&lt;/td&gt;
            &lt;td align=&quot;left&quot; rowspan=&quot;1&quot; colspan=&quot;1&quot;&gt;29.5&lt;/td&gt;
            &lt;td align=&quot;left&quot; rowspan=&quot;1&quot; colspan=&quot;1&quot;&gt;579594.1&lt;/td&gt;
            &lt;td align=&quot;left&quot; rowspan=&quot;1&quot; colspan=&quot;1&quot;&gt;59.2&lt;/td&gt;
            &lt;td align=&quot;left&quot; rowspan=&quot;1&quot; colspan=&quot;1&quot;&gt;423.8&lt;/td&gt;
            &lt;td align=&quot;left&quot; rowspan=&quot;1&quot; colspan=&quot;1&quot;&gt;59.0&lt;/td&gt;
          &lt;/tr&gt;
          &lt;tr&gt;
            &lt;td align=&quot;left&quot; rowspan=&quot;1&quot; colspan=&quot;1&quot;&gt;College or above&lt;/td&gt;
            &lt;td align=&quot;left&quot; rowspan=&quot;1&quot; colspan=&quot;1&quot;&gt;508&lt;/td&gt;
            &lt;td align=&quot;left&quot; rowspan=&quot;1&quot; colspan=&quot;1&quot;&gt;70.5&lt;/td&gt;
            &lt;td align=&quot;left&quot; rowspan=&quot;1&quot; colspan=&quot;1&quot;&gt;399830.8&lt;/td&gt;
            &lt;td align=&quot;left&quot; rowspan=&quot;1&quot; colspan=&quot;1&quot;&gt;40.8&lt;/td&gt;
            &lt;td align=&quot;left&quot; rowspan=&quot;1&quot; colspan=&quot;1&quot;&gt;294.6&lt;/td&gt;
            &lt;td align=&quot;left&quot; rowspan=&quot;1&quot; colspan=&quot;1&quot;&gt;41.0&lt;/td&gt;
          &lt;/tr&gt;
          &lt;tr&gt;
            &lt;td align=&quot;left&quot; rowspan=&quot;1&quot; colspan=&quot;1&quot;&gt;
              &lt;italic&gt;missing&lt;/italic&gt;
            &lt;/td&gt;
            &lt;td align=&quot;left&quot; rowspan=&quot;1&quot; colspan=&quot;1&quot;&gt;-&lt;/td&gt;
            &lt;td align=&quot;left&quot; rowspan=&quot;1&quot; colspan=&quot;1&quot;&gt;-&lt;/td&gt;
            &lt;td align=&quot;left&quot; rowspan=&quot;1&quot; colspan=&quot;1&quot;&gt;
              &lt;italic&gt;575.1&lt;/italic&gt;
            &lt;/td&gt;
            &lt;td align=&quot;left&quot; rowspan=&quot;1&quot; colspan=&quot;1&quot;&gt;
              &lt;italic&gt;0.06&lt;/italic&gt;
            &lt;/td&gt;
            &lt;td align=&quot;left&quot; rowspan=&quot;1&quot; colspan=&quot;1&quot;&gt;-&lt;/td&gt;
            &lt;td align=&quot;left&quot; rowspan=&quot;1&quot; colspan=&quot;1&quot;&gt;-&lt;/td&gt;
          &lt;/tr&gt;
          &lt;tr&gt;
            &lt;td align=&quot;left&quot; colspan=&quot;7&quot; valign=&quot;bottom&quot; rowspan=&quot;1&quot;&gt;
&lt;hr/&gt;&lt;/td&gt;
          &lt;/tr&gt;
          &lt;tr&gt;
            &lt;td align=&quot;left&quot; colspan=&quot;7&quot; rowspan=&quot;1&quot;&gt;
              &lt;bold&gt;
                &lt;italic&gt;Marital Status&lt;/italic&gt;
              &lt;/bold&gt;
            &lt;/td&gt;
          &lt;/tr&gt;
          &lt;tr&gt;
            &lt;td align=&quot;left&quot; rowspan=&quot;1&quot; colspan=&quot;1&quot;&gt;never married&lt;/td&gt;
            &lt;td align=&quot;left&quot; rowspan=&quot;1&quot; colspan=&quot;1&quot;&gt;615&lt;/td&gt;
            &lt;td align=&quot;left&quot; rowspan=&quot;1&quot; colspan=&quot;1&quot;&gt;85.3&lt;/td&gt;
            &lt;td align=&quot;left&quot; rowspan=&quot;1&quot; colspan=&quot;1&quot;&gt;662694.5&lt;/td&gt;
            &lt;td align=&quot;left&quot; rowspan=&quot;1&quot; colspan=&quot;1&quot;&gt;67.7&lt;/td&gt;
            &lt;td align=&quot;left&quot; rowspan=&quot;1&quot; colspan=&quot;1&quot;&gt;487.2&lt;/td&gt;
            &lt;td align=&quot;left&quot; rowspan=&quot;1&quot; colspan=&quot;1&quot;&gt;67.8&lt;/td&gt;
          &lt;/tr&gt;
          &lt;tr&gt;
            &lt;td align=&quot;left&quot; rowspan=&quot;1&quot; colspan=&quot;1&quot;&gt;married/engaged&lt;/td&gt;
            &lt;td align=&quot;left&quot; rowspan=&quot;1&quot; colspan=&quot;1&quot;&gt;81&lt;/td&gt;
            &lt;td align=&quot;left&quot; rowspan=&quot;1&quot; colspan=&quot;1&quot;&gt;11.2&lt;/td&gt;
            &lt;td align=&quot;left&quot; rowspan=&quot;1&quot; colspan=&quot;1&quot;&gt;256681.5&lt;/td&gt;
            &lt;td align=&quot;left&quot; rowspan=&quot;1&quot; colspan=&quot;1&quot;&gt;26.2&lt;/td&gt;
            &lt;td align=&quot;left&quot; rowspan=&quot;1&quot; colspan=&quot;1&quot;&gt;190.3&lt;/td&gt;
            &lt;td align=&quot;left&quot; rowspan=&quot;1&quot; colspan=&quot;1&quot;&gt;26.5&lt;/td&gt;
          &lt;/tr&gt;
          &lt;tr&gt;
            &lt;td align=&quot;left&quot; rowspan=&quot;1&quot; colspan=&quot;1&quot;&gt;separated/divorced/widowed&lt;/td&gt;
            &lt;td align=&quot;left&quot; rowspan=&quot;1&quot; colspan=&quot;1&quot;&gt;25&lt;/td&gt;
            &lt;td align=&quot;left&quot; rowspan=&quot;1&quot; colspan=&quot;1&quot;&gt;3.5&lt;/td&gt;
            &lt;td align=&quot;left&quot; rowspan=&quot;1&quot; colspan=&quot;1&quot;&gt;60192.7&lt;/td&gt;
            &lt;td align=&quot;left&quot; rowspan=&quot;1&quot; colspan=&quot;1&quot;&gt;6.1&lt;/td&gt;
            &lt;td align=&quot;left&quot; rowspan=&quot;1&quot; colspan=&quot;1&quot;&gt;40.9&lt;/td&gt;
            &lt;td align=&quot;left&quot; rowspan=&quot;1&quot; colspan=&quot;1&quot;&gt;5.7&lt;/td&gt;
          &lt;/tr&gt;
          &lt;tr&gt;
            &lt;td align=&quot;left&quot; rowspan=&quot;1&quot; colspan=&quot;1&quot;&gt;
              &lt;italic&gt;missing&lt;/italic&gt;
            &lt;/td&gt;
            &lt;td align=&quot;left&quot; rowspan=&quot;1&quot; colspan=&quot;1&quot;&gt;-&lt;/td&gt;
            &lt;td align=&quot;left&quot; rowspan=&quot;1&quot; colspan=&quot;1&quot;&gt;-&lt;/td&gt;
            &lt;td align=&quot;left&quot; rowspan=&quot;1&quot; colspan=&quot;1&quot;&gt;
              &lt;italic&gt;343.3&lt;/italic&gt;
            &lt;/td&gt;
            &lt;td align=&quot;left&quot; rowspan=&quot;1&quot; colspan=&quot;1&quot;&gt;
              &lt;italic&gt;0.04&lt;/italic&gt;
            &lt;/td&gt;
            &lt;td align=&quot;left&quot; rowspan=&quot;1&quot; colspan=&quot;1&quot;&gt;-&lt;/td&gt;
            &lt;td align=&quot;left&quot; rowspan=&quot;1&quot; colspan=&quot;1&quot;&gt;-&lt;/td&gt;
          &lt;/tr&gt;
        &lt;/tbody&gt;
      &lt;/table&gt;
</infon><offset>23233</offset><text>	RCT(n=721)	Up-weighted C-CDC(Ntotal=980000)	weighted RCT	 			 		Freq	%	Freq	%	Freq	%	 	Age	 	16–20	234	32.5	96135.8	9.8	70.9	9.9	 	21–25	266	36.9	293966.5	30.0	214.3	29.8	 	26–30	112	15.5	232048.5	23.7	174.1	24.2	 	31–35	64	8.9	141999.1	14.5	104.6	14.6	 	&gt;=36	45	6.2	215850.2	22.0	154.6	21.5	 	missing	-	-	-	-	-	-	 		 	Highest education	 	High school or below	213	29.5	579594.1	59.2	423.8	59.0	 	College or above	508	70.5	399830.8	40.8	294.6	41.0	 	missing	-	-	575.1	0.06	-	-	 		 	Marital Status	 	never married	615	85.3	662694.5	67.7	487.2	67.8	 	married/engaged	81	11.2	256681.5	26.2	190.3	26.5	 	separated/divorced/widowed	25	3.5	60192.7	6.1	40.9	5.7	 	missing	-	-	343.3	0.04	-	-	 	</text></passage><passage><infon key="file">T1.xml</infon><infon key="id">T1</infon><infon key="section_type">TABLE</infon><infon key="type">table_footnote</infon><offset>23928</offset><text>Percentages were calculated among non-missing observations, and percent missing among total n is also shown in italics.</text></passage><passage><infon key="file">T2.xml</infon><infon key="id">T2</infon><infon key="section_type">TABLE</infon><infon key="type">table_caption</infon><offset>24048</offset><text>The Original RCT Complete-case HIV Testing Results and Sub-analyses in China in 2014 (n=624)</text></passage><passage><infon key="file">T2.xml</infon><infon key="id">T2</infon><infon key="section_type">TABLE</infon><infon key="type">table</infon><infon key="xml">&lt;?xml version=&quot;1.0&quot; encoding=&quot;UTF-8&quot;?&gt;
&lt;table frame=&quot;hsides&quot; rules=&quot;groups&quot;&gt;
        &lt;thead&gt;
          &lt;tr&gt;
            &lt;th align=&quot;left&quot; rowspan=&quot;3&quot; valign=&quot;middle&quot; colspan=&quot;1&quot;&gt;Subgroup&lt;/th&gt;
            &lt;th align=&quot;center&quot; rowspan=&quot;3&quot; valign=&quot;middle&quot; colspan=&quot;1&quot;&gt;N&lt;/th&gt;
            &lt;th align=&quot;center&quot; colspan=&quot;2&quot; rowspan=&quot;1&quot;&gt;Tested/n(%)&lt;/th&gt;
            &lt;th align=&quot;center&quot; rowspan=&quot;3&quot; valign=&quot;middle&quot; colspan=&quot;1&quot;&gt;Estimated&lt;break/&gt;Difference(%)&lt;/th&gt;
            &lt;th align=&quot;center&quot; rowspan=&quot;3&quot; valign=&quot;middle&quot; colspan=&quot;1&quot;&gt;S.E.(%)&lt;/th&gt;
            &lt;th align=&quot;center&quot; rowspan=&quot;3&quot; valign=&quot;middle&quot; colspan=&quot;1&quot;&gt;95%CI(%)&lt;/th&gt;
            &lt;th align=&quot;center&quot; rowspan=&quot;3&quot; valign=&quot;middle&quot; colspan=&quot;1&quot;&gt;P&lt;break/&gt;value&lt;/th&gt;
          &lt;/tr&gt;
          &lt;tr&gt;
            &lt;th align=&quot;center&quot; colspan=&quot;2&quot; valign=&quot;bottom&quot; rowspan=&quot;1&quot;&gt;
&lt;hr/&gt;&lt;/th&gt;
          &lt;/tr&gt;
          &lt;tr&gt;
            &lt;th align=&quot;center&quot; rowspan=&quot;1&quot; colspan=&quot;1&quot;&gt;crowdsourced&lt;/th&gt;
            &lt;th align=&quot;center&quot; rowspan=&quot;1&quot; colspan=&quot;1&quot;&gt;health&lt;break/&gt;marketing&lt;/th&gt;
          &lt;/tr&gt;
        &lt;/thead&gt;
        &lt;tbody&gt;
          &lt;tr&gt;
            &lt;td align=&quot;left&quot; rowspan=&quot;1&quot; colspan=&quot;1&quot;&gt;
              &lt;bold&gt;overall&lt;/bold&gt;
            &lt;/td&gt;
            &lt;td align=&quot;center&quot; rowspan=&quot;1&quot; colspan=&quot;1&quot;&gt;624&lt;/td&gt;
            &lt;td align=&quot;center&quot; rowspan=&quot;1&quot; colspan=&quot;1&quot;&gt;114/307(37.1)&lt;/td&gt;
            &lt;td align=&quot;center&quot; rowspan=&quot;1&quot; colspan=&quot;1&quot;&gt;111/317(35.0)&lt;/td&gt;
            &lt;td align=&quot;center&quot; rowspan=&quot;1&quot; colspan=&quot;1&quot;&gt;2.1&lt;/td&gt;
            &lt;td align=&quot;center&quot; rowspan=&quot;1&quot; colspan=&quot;1&quot;&gt;3.8&lt;/td&gt;
            &lt;td align=&quot;center&quot; rowspan=&quot;1&quot; colspan=&quot;1&quot;&gt;−5.4 to 9.7&lt;/td&gt;
            &lt;td align=&quot;center&quot; rowspan=&quot;1&quot; colspan=&quot;1&quot;&gt;0.58&lt;/td&gt;
          &lt;/tr&gt;
          &lt;tr&gt;
            &lt;td align=&quot;left&quot; rowspan=&quot;1&quot; colspan=&quot;1&quot;&gt;
              &lt;bold&gt;age&lt;/bold&gt;
            &lt;/td&gt;
            &lt;td align=&quot;center&quot; rowspan=&quot;1&quot; colspan=&quot;1&quot;/&gt;
            &lt;td align=&quot;center&quot; rowspan=&quot;1&quot; colspan=&quot;1&quot;/&gt;
            &lt;td align=&quot;center&quot; rowspan=&quot;1&quot; colspan=&quot;1&quot;/&gt;
            &lt;td align=&quot;center&quot; rowspan=&quot;1&quot; colspan=&quot;1&quot;/&gt;
            &lt;td align=&quot;center&quot; rowspan=&quot;1&quot; colspan=&quot;1&quot;/&gt;
            &lt;td align=&quot;center&quot; rowspan=&quot;1&quot; colspan=&quot;1&quot;/&gt;
            &lt;td align=&quot;center&quot; rowspan=&quot;1&quot; colspan=&quot;1&quot;&gt;0.75&lt;/td&gt;
          &lt;/tr&gt;
          &lt;tr&gt;
            &lt;td align=&quot;left&quot; rowspan=&quot;1&quot; colspan=&quot;1&quot;&gt;16–20&lt;/td&gt;
            &lt;td align=&quot;center&quot; rowspan=&quot;1&quot; colspan=&quot;1&quot;&gt;205&lt;/td&gt;
            &lt;td align=&quot;center&quot; rowspan=&quot;1&quot; colspan=&quot;1&quot;&gt;42/106(39.6)&lt;/td&gt;
            &lt;td align=&quot;center&quot; rowspan=&quot;1&quot; colspan=&quot;1&quot;&gt;31/99(31.3)&lt;/td&gt;
            &lt;td align=&quot;center&quot; rowspan=&quot;1&quot; colspan=&quot;1&quot;&gt;8.3&lt;/td&gt;
            &lt;td align=&quot;center&quot; rowspan=&quot;1&quot; colspan=&quot;1&quot;&gt;6.7&lt;/td&gt;
            &lt;td align=&quot;center&quot; rowspan=&quot;1&quot; colspan=&quot;1&quot;&gt;−4.7 to 21.4&lt;/td&gt;
            &lt;td align=&quot;center&quot; rowspan=&quot;1&quot; colspan=&quot;1&quot;/&gt;
          &lt;/tr&gt;
          &lt;tr&gt;
            &lt;td align=&quot;left&quot; rowspan=&quot;1&quot; colspan=&quot;1&quot;&gt;21–25&lt;/td&gt;
            &lt;td align=&quot;center&quot; rowspan=&quot;1&quot; colspan=&quot;1&quot;&gt;238&lt;/td&gt;
            &lt;td align=&quot;center&quot; rowspan=&quot;1&quot; colspan=&quot;1&quot;&gt;43/121(35.5)&lt;/td&gt;
            &lt;td align=&quot;center&quot; rowspan=&quot;1&quot; colspan=&quot;1&quot;&gt;41/117(35.0)&lt;/td&gt;
            &lt;td align=&quot;center&quot; rowspan=&quot;1&quot; colspan=&quot;1&quot;&gt;0.5&lt;/td&gt;
            &lt;td align=&quot;center&quot; rowspan=&quot;1&quot; colspan=&quot;1&quot;&gt;6.2&lt;/td&gt;
            &lt;td align=&quot;center&quot; rowspan=&quot;1&quot; colspan=&quot;1&quot;&gt;−11.7 to 12.6&lt;/td&gt;
            &lt;td align=&quot;center&quot; rowspan=&quot;1&quot; colspan=&quot;1&quot;/&gt;
          &lt;/tr&gt;
          &lt;tr&gt;
            &lt;td align=&quot;left&quot; rowspan=&quot;1&quot; colspan=&quot;1&quot;&gt;26–30&lt;/td&gt;
            &lt;td align=&quot;center&quot; rowspan=&quot;1&quot; colspan=&quot;1&quot;&gt;95&lt;/td&gt;
            &lt;td align=&quot;center&quot; rowspan=&quot;1&quot; colspan=&quot;1&quot;&gt;16/41(39.0)&lt;/td&gt;
            &lt;td align=&quot;center&quot; rowspan=&quot;1&quot; colspan=&quot;1&quot;&gt;21/54(38.9)&lt;/td&gt;
            &lt;td align=&quot;center&quot; rowspan=&quot;1&quot; colspan=&quot;1&quot;&gt;0.1&lt;/td&gt;
            &lt;td align=&quot;center&quot; rowspan=&quot;1&quot; colspan=&quot;1&quot;&gt;10.1&lt;/td&gt;
            &lt;td align=&quot;center&quot; rowspan=&quot;1&quot; colspan=&quot;1&quot;&gt;−19.7 to 19.9&lt;/td&gt;
            &lt;td align=&quot;center&quot; rowspan=&quot;1&quot; colspan=&quot;1&quot;/&gt;
          &lt;/tr&gt;
          &lt;tr&gt;
            &lt;td align=&quot;left&quot; rowspan=&quot;1&quot; colspan=&quot;1&quot;&gt;31–35&lt;/td&gt;
            &lt;td align=&quot;center&quot; rowspan=&quot;1&quot; colspan=&quot;1&quot;&gt;54&lt;/td&gt;
            &lt;td align=&quot;center&quot; rowspan=&quot;1&quot; colspan=&quot;1&quot;&gt;10/26(38.5)&lt;/td&gt;
            &lt;td align=&quot;center&quot; rowspan=&quot;1&quot; colspan=&quot;1&quot;&gt;11/28(39.3)&lt;/td&gt;
            &lt;td align=&quot;center&quot; rowspan=&quot;1&quot; colspan=&quot;1&quot;&gt;−0.8&lt;/td&gt;
            &lt;td align=&quot;center&quot; rowspan=&quot;1&quot; colspan=&quot;1&quot;&gt;13.3&lt;/td&gt;
            &lt;td align=&quot;center&quot; rowspan=&quot;1&quot; colspan=&quot;1&quot;&gt;−26.8 to 25.2&lt;/td&gt;
            &lt;td align=&quot;center&quot; rowspan=&quot;1&quot; colspan=&quot;1&quot;/&gt;
          &lt;/tr&gt;
          &lt;tr&gt;
            &lt;td align=&quot;left&quot; rowspan=&quot;1&quot; colspan=&quot;1&quot;&gt;&amp;gt;=36&lt;/td&gt;
            &lt;td align=&quot;center&quot; rowspan=&quot;1&quot; colspan=&quot;1&quot;&gt;32&lt;/td&gt;
            &lt;td align=&quot;center&quot; rowspan=&quot;1&quot; colspan=&quot;1&quot;&gt;3/13(23.1)&lt;/td&gt;
            &lt;td align=&quot;center&quot; rowspan=&quot;1&quot; colspan=&quot;1&quot;&gt;7/19(36.8)&lt;/td&gt;
            &lt;td align=&quot;center&quot; rowspan=&quot;1&quot; colspan=&quot;1&quot;&gt;−13.8&lt;/td&gt;
            &lt;td align=&quot;center&quot; rowspan=&quot;1&quot; colspan=&quot;1&quot;&gt;16.1&lt;/td&gt;
            &lt;td align=&quot;center&quot; rowspan=&quot;1&quot; colspan=&quot;1&quot;&gt;−45.3 to 17.8&lt;/td&gt;
            &lt;td align=&quot;center&quot; rowspan=&quot;1&quot; colspan=&quot;1&quot;/&gt;
          &lt;/tr&gt;
          &lt;tr&gt;
            &lt;td align=&quot;left&quot; rowspan=&quot;1&quot; colspan=&quot;1&quot;&gt;
              &lt;bold&gt;Highest education&lt;/bold&gt;
            &lt;/td&gt;
            &lt;td align=&quot;center&quot; rowspan=&quot;1&quot; colspan=&quot;1&quot;/&gt;
            &lt;td align=&quot;center&quot; rowspan=&quot;1&quot; colspan=&quot;1&quot;/&gt;
            &lt;td align=&quot;center&quot; rowspan=&quot;1&quot; colspan=&quot;1&quot;/&gt;
            &lt;td align=&quot;center&quot; rowspan=&quot;1&quot; colspan=&quot;1&quot;/&gt;
            &lt;td align=&quot;center&quot; rowspan=&quot;1&quot; colspan=&quot;1&quot;/&gt;
            &lt;td align=&quot;center&quot; rowspan=&quot;1&quot; colspan=&quot;1&quot;/&gt;
            &lt;td align=&quot;center&quot; rowspan=&quot;1&quot; colspan=&quot;1&quot;&gt;0.71&lt;/td&gt;
          &lt;/tr&gt;
          &lt;tr&gt;
            &lt;td align=&quot;left&quot; rowspan=&quot;1&quot; colspan=&quot;1&quot;&gt;High school or below&lt;/td&gt;
            &lt;td align=&quot;center&quot; rowspan=&quot;1&quot; colspan=&quot;1&quot;&gt;175&lt;/td&gt;
            &lt;td align=&quot;center&quot; rowspan=&quot;1&quot; colspan=&quot;1&quot;&gt;37/89(41.6)&lt;/td&gt;
            &lt;td align=&quot;center&quot; rowspan=&quot;1&quot; colspan=&quot;1&quot;&gt;32/86(37.2)&lt;/td&gt;
            &lt;td align=&quot;center&quot; rowspan=&quot;1&quot; colspan=&quot;1&quot;&gt;4.4&lt;/td&gt;
            &lt;td align=&quot;center&quot; rowspan=&quot;1&quot; colspan=&quot;1&quot;&gt;7.4&lt;/td&gt;
            &lt;td align=&quot;center&quot; rowspan=&quot;1&quot; colspan=&quot;1&quot;&gt;−10.1 to 18.8&lt;/td&gt;
            &lt;td align=&quot;center&quot; rowspan=&quot;1&quot; colspan=&quot;1&quot;/&gt;
          &lt;/tr&gt;
          &lt;tr&gt;
            &lt;td align=&quot;left&quot; rowspan=&quot;1&quot; colspan=&quot;1&quot;&gt;college or above&lt;/td&gt;
            &lt;td align=&quot;center&quot; rowspan=&quot;1&quot; colspan=&quot;1&quot;&gt;449&lt;/td&gt;
            &lt;td align=&quot;center&quot; rowspan=&quot;1&quot; colspan=&quot;1&quot;&gt;77/218(35.3)&lt;/td&gt;
            &lt;td align=&quot;center&quot; rowspan=&quot;1&quot; colspan=&quot;1&quot;&gt;79/231(34.2)&lt;/td&gt;
            &lt;td align=&quot;center&quot; rowspan=&quot;1&quot; colspan=&quot;1&quot;&gt;1.1&lt;/td&gt;
            &lt;td align=&quot;center&quot; rowspan=&quot;1&quot; colspan=&quot;1&quot;&gt;4.5&lt;/td&gt;
            &lt;td align=&quot;center&quot; rowspan=&quot;1&quot; colspan=&quot;1&quot;&gt;−7.7 to 9.9&lt;/td&gt;
            &lt;td align=&quot;center&quot; rowspan=&quot;1&quot; colspan=&quot;1&quot;/&gt;
          &lt;/tr&gt;
          &lt;tr&gt;
            &lt;td align=&quot;left&quot; rowspan=&quot;1&quot; colspan=&quot;1&quot;&gt;
              &lt;bold&gt;Marital Status&lt;/bold&gt;
            &lt;/td&gt;
            &lt;td align=&quot;center&quot; rowspan=&quot;1&quot; colspan=&quot;1&quot;/&gt;
            &lt;td align=&quot;center&quot; rowspan=&quot;1&quot; colspan=&quot;1&quot;/&gt;
            &lt;td align=&quot;center&quot; rowspan=&quot;1&quot; colspan=&quot;1&quot;/&gt;
            &lt;td align=&quot;center&quot; rowspan=&quot;1&quot; colspan=&quot;1&quot;/&gt;
            &lt;td align=&quot;center&quot; rowspan=&quot;1&quot; colspan=&quot;1&quot;/&gt;
            &lt;td align=&quot;center&quot; rowspan=&quot;1&quot; colspan=&quot;1&quot;/&gt;
            &lt;td align=&quot;center&quot; rowspan=&quot;1&quot; colspan=&quot;1&quot;&gt;0.93&lt;/td&gt;
          &lt;/tr&gt;
          &lt;tr&gt;
            &lt;td align=&quot;left&quot; rowspan=&quot;1&quot; colspan=&quot;1&quot;&gt;never married&lt;/td&gt;
            &lt;td align=&quot;center&quot; rowspan=&quot;1&quot; colspan=&quot;1&quot;&gt;536&lt;/td&gt;
            &lt;td align=&quot;center&quot; rowspan=&quot;1&quot; colspan=&quot;1&quot;&gt;98/271(36.2)&lt;/td&gt;
            &lt;td align=&quot;center&quot; rowspan=&quot;1&quot; colspan=&quot;1&quot;&gt;89/265(33.6)&lt;/td&gt;
            &lt;td align=&quot;center&quot; rowspan=&quot;1&quot; colspan=&quot;1&quot;&gt;2.6&lt;/td&gt;
            &lt;td align=&quot;center&quot; rowspan=&quot;1&quot; colspan=&quot;1&quot;&gt;4.1&lt;/td&gt;
            &lt;td align=&quot;center&quot; rowspan=&quot;1&quot; colspan=&quot;1&quot;&gt;−5.5 to 10.6&lt;/td&gt;
            &lt;td align=&quot;center&quot; rowspan=&quot;1&quot; colspan=&quot;1&quot;/&gt;
          &lt;/tr&gt;
          &lt;tr&gt;
            &lt;td align=&quot;left&quot; rowspan=&quot;1&quot; colspan=&quot;1&quot;&gt;married or engaged&lt;/td&gt;
            &lt;td align=&quot;center&quot; rowspan=&quot;1&quot; colspan=&quot;1&quot;&gt;65&lt;/td&gt;
            &lt;td align=&quot;center&quot; rowspan=&quot;1&quot; colspan=&quot;1&quot;&gt;12/27(44.4)&lt;/td&gt;
            &lt;td align=&quot;center&quot; rowspan=&quot;1&quot; colspan=&quot;1&quot;&gt;17/38(44.7)&lt;/td&gt;
            &lt;td align=&quot;center&quot; rowspan=&quot;1&quot; colspan=&quot;1&quot;&gt;−0.3&lt;/td&gt;
            &lt;td align=&quot;center&quot; rowspan=&quot;1&quot; colspan=&quot;1&quot;&gt;12.5&lt;/td&gt;
            &lt;td align=&quot;center&quot; rowspan=&quot;1&quot; colspan=&quot;1&quot;&gt;−24.8 to 24.2&lt;/td&gt;
            &lt;td align=&quot;center&quot; rowspan=&quot;1&quot; colspan=&quot;1&quot;/&gt;
          &lt;/tr&gt;
          &lt;tr&gt;
            &lt;td align=&quot;left&quot; rowspan=&quot;1&quot; colspan=&quot;1&quot;&gt;separated, divorced or widowed&lt;/td&gt;
            &lt;td align=&quot;center&quot; rowspan=&quot;1&quot; colspan=&quot;1&quot;&gt;23&lt;/td&gt;
            &lt;td align=&quot;center&quot; rowspan=&quot;1&quot; colspan=&quot;1&quot;&gt;4/9(44.4)&lt;/td&gt;
            &lt;td align=&quot;center&quot; rowspan=&quot;1&quot; colspan=&quot;1&quot;&gt;5/14(35.7)&lt;/td&gt;
            &lt;td align=&quot;center&quot; rowspan=&quot;1&quot; colspan=&quot;1&quot;&gt;8.7&lt;/td&gt;
            &lt;td align=&quot;center&quot; rowspan=&quot;1&quot; colspan=&quot;1&quot;&gt;20.9&lt;/td&gt;
            &lt;td align=&quot;center&quot; rowspan=&quot;1&quot; colspan=&quot;1&quot;&gt;−32.3 to 49.8&lt;/td&gt;
            &lt;td align=&quot;center&quot; rowspan=&quot;1&quot; colspan=&quot;1&quot;/&gt;
          &lt;/tr&gt;
        &lt;/tbody&gt;
      &lt;/table&gt;
</infon><offset>24141</offset><text>Subgroup	N	Tested/n(%)	EstimatedDifference(%)	S.E.(%)	95%CI(%)	Pvalue	 		 	crowdsourced	healthmarketing	 	overall	624	114/307(37.1)	111/317(35.0)	2.1	3.8	−5.4 to 9.7	0.58	 	age							0.75	 	16–20	205	42/106(39.6)	31/99(31.3)	8.3	6.7	−4.7 to 21.4		 	21–25	238	43/121(35.5)	41/117(35.0)	0.5	6.2	−11.7 to 12.6		 	26–30	95	16/41(39.0)	21/54(38.9)	0.1	10.1	−19.7 to 19.9		 	31–35	54	10/26(38.5)	11/28(39.3)	−0.8	13.3	−26.8 to 25.2		 	&gt;=36	32	3/13(23.1)	7/19(36.8)	−13.8	16.1	−45.3 to 17.8		 	Highest education							0.71	 	High school or below	175	37/89(41.6)	32/86(37.2)	4.4	7.4	−10.1 to 18.8		 	college or above	449	77/218(35.3)	79/231(34.2)	1.1	4.5	−7.7 to 9.9		 	Marital Status							0.93	 	never married	536	98/271(36.2)	89/265(33.6)	2.6	4.1	−5.5 to 10.6		 	married or engaged	65	12/27(44.4)	17/38(44.7)	−0.3	12.5	−24.8 to 24.2		 	separated, divorced or widowed	23	4/9(44.4)	5/14(35.7)	8.7	20.9	−32.3 to 49.8		 	</text></passage><passage><infon key="file">T3.xml</infon><infon key="id">T3</infon><infon key="section_type">TABLE</infon><infon key="type">table_caption</infon><offset>25090</offset><text>The Generalized Effect of Crowdsourced Versus Health Marketing Video Upon HIV Testinga</text></passage><passage><infon key="file">T3.xml</infon><infon key="id">T3</infon><infon key="section_type">TABLE</infon><infon key="type">table</infon><infon key="xml">&lt;?xml version=&quot;1.0&quot; encoding=&quot;UTF-8&quot;?&gt;
&lt;table frame=&quot;hsides&quot; rules=&quot;groups&quot;&gt;
        &lt;thead&gt;
          &lt;tr&gt;
            &lt;th align=&quot;left&quot; rowspan=&quot;1&quot; colspan=&quot;1&quot;&gt;Method&lt;/th&gt;
            &lt;th align=&quot;center&quot; rowspan=&quot;1&quot; colspan=&quot;1&quot;&gt;Difference in proportions,%&lt;/th&gt;
            &lt;th align=&quot;left&quot; rowspan=&quot;1&quot; colspan=&quot;1&quot;&gt;Standard Error, %&lt;/th&gt;
            &lt;th align=&quot;left&quot; rowspan=&quot;1&quot; colspan=&quot;1&quot;&gt;95% CI,%&lt;/th&gt;
          &lt;/tr&gt;
        &lt;/thead&gt;
        &lt;tbody&gt;
          &lt;tr&gt;
            &lt;td align=&quot;left&quot; rowspan=&quot;1&quot; colspan=&quot;1&quot;&gt;
              &lt;bold&gt;IPSW&lt;/bold&gt;
              &lt;xref ref-type=&quot;table-fn&quot; rid=&quot;TFN3&quot;&gt;b&lt;/xref&gt;
            &lt;/td&gt;
            &lt;td align=&quot;center&quot; rowspan=&quot;1&quot; colspan=&quot;1&quot;&gt;−2.6&lt;/td&gt;
            &lt;td align=&quot;left&quot; rowspan=&quot;1&quot; colspan=&quot;1&quot;&gt;5.9&lt;/td&gt;
            &lt;td align=&quot;left&quot; rowspan=&quot;1&quot; colspan=&quot;1&quot;&gt;−14.2 to 8.9&lt;/td&gt;
          &lt;/tr&gt;
          &lt;tr&gt;
            &lt;td align=&quot;left&quot; rowspan=&quot;1&quot; colspan=&quot;1&quot;&gt;
              &lt;bold&gt;G-formula&lt;/bold&gt;
            &lt;/td&gt;
            &lt;td align=&quot;center&quot; rowspan=&quot;1&quot; colspan=&quot;1&quot;&gt;2.7&lt;/td&gt;
            &lt;td align=&quot;left&quot; rowspan=&quot;1&quot; colspan=&quot;1&quot;&gt;6.9&lt;/td&gt;
            &lt;td align=&quot;left&quot; rowspan=&quot;1&quot; colspan=&quot;1&quot;&gt;−10.7 to 16.2&lt;/td&gt;
          &lt;/tr&gt;
        &lt;/tbody&gt;
      &lt;/table&gt;
</infon><offset>25177</offset><text>Method	Difference in proportions,%	Standard Error, %	95% CI,%	 	IPSWb	−2.6	5.9	−14.2 to 8.9	 	G-formula	2.7	6.9	−10.7 to 16.2	 	</text></passage><passage><infon key="file">T3.xml</infon><infon key="id">T3</infon><infon key="section_type">TABLE</infon><infon key="type">table_footnote</infon><offset>25312</offset><text>The covariates included in this analysis were age category, health education, and marital status.</text></passage><passage><infon key="file">T3.xml</infon><infon key="id">T3</infon><infon key="section_type">TABLE</infon><infon key="type">table_footnote</infon><offset>25410</offset><text>IPSW=inverse probability of sampling weight</text></passage><passage><infon key="section_type">SUPPL</infon><infon key="type">title_1</infon><offset>25454</offset><text>What is already known on this subject?</text></passage><passage><infon key="section_type">SUPPL</infon><infon key="type">paragraph</infon><offset>25493</offset><text>Investigators increasingly use online methods to recruit participants for randomized controlled trials (RCTs). The extent to which participants recruited online represent populations of interest is unknown. Statistical methods have been developed for generalizing RCT findings to populations of interest. However, to date, these types of methods have not been employed to generalize results of online RCTs.</text></passage><passage><infon key="section_type">SUPPL</infon><infon key="type">title_1</infon><offset>25900</offset><text>What does this study add?</text></passage><passage><infon key="section_type">SUPPL</infon><infon key="type">paragraph</infon><offset>25926</offset><text>Globally, this is one of very few studies evaluating the generalizability of an online RCT.</text></passage><passage><infon key="section_type">SUPPL</infon><infon key="type">paragraph</infon><offset>26018</offset><text>Our study was the first, or one of the first, applications of the G formula to examine the generalizability to RCT data.</text></passage><passage><infon key="section_type">SUPPL</infon><infon key="type">paragraph</infon><offset>26139</offset><text>Conducting generalizability analysis of an online RCT is feasible.</text></passage><passage><infon key="section_type">SUPPL</infon><infon key="type">paragraph</infon><offset>26206</offset><text>Examining the generalizability of online RCTs is an important step before an intervention is scaled-up to a population of interest.</text></passage></document></collection>
