<?xml version="1.0" encoding="UTF-8"?>
<!DOCTYPE collection SYSTEM "BioC.dtd">
<collection><source>PMC</source><date>20201223</date><key>pmc.key</key><document><id>5784735</id><infon key="license">CC BY-NC</infon><passage><infon key="alt-title">Crowdsourced Asparagus Urinary Odor Population Kinetics Ramamoorthy et al.</infon><infon key="article-id_doi">10.1002/psp4.12264</infon><infon key="article-id_pmc">5784735</infon><infon key="article-id_pmid">29239147</infon><infon key="article-id_publisher-id">PSP412264</infon><infon key="fn">A preliminary report of this work was published in abstract form in the American Society for Clinical Pharmacology and Therapeutics 2016 Annual Meeting, and the Population Approach Group in Europe (PAGE) 2016 Annual Meeting titled “The Proof is in the Pee: What Have We Learned About Population Asparagus Urinary Odor Kinetics?” and “The Proof is in the Pee: Population Asparagus Urinary Odor Kinetics,” respectively.</infon><infon key="fpage">34</infon><infon key="issue">1</infon><infon key="license">This is an open access article under the terms of the Creative Commons Attribution‐NonCommercial License, which permits use, distribution and reproduction in any medium, provided the original work is properly cited and is not used for commercial purposes.</infon><infon key="lpage">41</infon><infon key="name_0">surname:Ramamoorthy;given-names:Anuradha</infon><infon key="name_1">surname:Sadler;given-names:Brian M.</infon><infon key="name_2">surname:van Hasselt;given-names:J.G. Coen</infon><infon key="name_3">surname:Elassaiss‐Schaap;given-names:Jeroen</infon><infon key="name_4">surname:Kasichayanula;given-names:Sreeneeranj</infon><infon key="name_5">surname:Edwards;given-names:Alena Y.</infon><infon key="name_6">surname:van der Graaf;given-names:Piet H.</infon><infon key="name_7">surname:Zhang;given-names:Lei</infon><infon key="name_8">surname:Wagner;given-names:John A.</infon><infon key="section_type">TITLE</infon><infon key="type">front</infon><infon key="volume">7</infon><infon key="year">2018</infon><offset>0</offset><text>Crowdsourced Asparagus Urinary Odor Population Kinetics</text></passage><passage><infon key="section_type">ABSTRACT</infon><infon key="type">abstract</infon><offset>56</offset><text>The consumption of asparagus is associated with the production of malodorous urine with considerable interindividual variability (IIV). To characterize the urinary odor kinetics after consumption of asparagus spears, we conducted a study with consenting attendees from two American Society for Clinical Pharmacology and Therapeutics (ASCPT) meetings. Subjects were randomized to eat a specific number of asparagus spears, and then asked to report their urinary odor perception. Eighty‐seven subjects were included in the final analysis. A mixed effect proportional odds model was developed that adequately characterized the dose‐response relationship. We estimated the half‐life of the asparagus effect on malodorous urine to be 4.7 hours (relative standard error (RSE) = 13.2%), and identified a dose‐response slope term with good precision (24.3%). Age was found as the predictor of IIV in slope estimates. This study design and tools can be used as a demonstration “crowdsourcing” project for studying population kinetics in organizational and educational settings.</text></passage><passage><infon key="section_type">INTRO</infon><infon key="type">title_caption</infon><offset>1141</offset><text>Study Highlights</text></passage><passage><infon key="section_type">INTRO</infon><infon key="type">paragraph</infon><offset>1158</offset><text> WHAT IS THE CURRENT KNOWLEDGE ON THE TOPIC? </text></passage><passage><infon key="section_type">INTRO</infon><infon key="type">paragraph</infon><offset>1204</offset><text>☑ The consumption of asparagus is associated with the production and perception of malodorous urine with considerable variability. Perceived urinary odor kinetics after consumption of asparagus spears has not previously been characterized. In addition, there is a need to educate more broadly on clinical pharmacology, pharmacokinetics, and clinical trials.</text></passage><passage><infon key="section_type">INTRO</infon><infon key="type">paragraph</infon><offset>1564</offset><text> WHAT QUESTION DID THIS STUDY ADDRESS? </text></passage><passage><infon key="section_type">INTRO</infon><infon key="type">paragraph</infon><offset>1604</offset><text>☑ This crowdsourced clinical study aimed to characterize asparagus urinary odor perception kinetics and associated variability in healthy subjects.</text></passage><passage><infon key="section_type">INTRO</infon><infon key="type">paragraph</infon><offset>1754</offset><text> WHAT THIS STUDY ADDS TO OUR KNOWLEDGE </text></passage><passage><infon key="section_type">INTRO</infon><infon key="type">paragraph</infon><offset>1794</offset><text>☑ A mixed effect proportional odds model was developed that adequately characterized the dose‐response relationship. The half‐life of the effect of the number of spears of asparagus consumed on the urinary odor scores was approximately 4.7 hours. Age was a predictor of variability in slope estimates.</text></passage><passage><infon key="section_type">INTRO</infon><infon key="type">paragraph</infon><offset>2102</offset><text> HOW MIGHT THIS CHANGE DRUG DISCOVERY, DEVELOPMENT, AND/OR THERAPEUTICS? </text></passage><passage><infon key="section_type">INTRO</infon><infon key="type">paragraph</infon><offset>2176</offset><text>☑ Asparagus consumption and quantitative measurement of malodorous urine perception provides a unique opportunity to study and educate on important topics related to pharmacokinetics and clinical trials. This study design and tools can be used as a demonstration “crowdsourcing” project for studying population kinetics in organizational and educational settings.</text></passage><passage><infon key="section_type">INTRO</infon><infon key="type">paragraph</infon><offset>2546</offset><text>Asparagus is a vegetable that has been eaten by humans for thousands of years. The production of odorous urine after consumption of asparagus is well‐known, and is associated with significant interindividual variability (IIV) in the ability to produce and/or detect the odor.1, 2, 3 The reported odor, described as the smell of rotten cabbage, is attributed to the production of volatile sulfurous metabolites.2 A number of sulfated asparagus metabolites, including methanethiol, dimethyl disulfide, dimethyl sulfide, dimethyl sulfone, and dimethyl trisulfide, have been found in the urine of individuals who consumed asparagus. However, there is no consensus on which compounds contribute to the distinct smell.4, 5 Additionally, not all individuals produce these sulfurous metabolites (i.e., they are “nonexcretors”) and not all individuals who produce malodorous urine may be able to perceive it (i.e., they are “nonperceivers”).1, 5, 6, 7 </text></passage><passage><infon key="section_type">INTRO</infon><infon key="type">paragraph</infon><offset>3500</offset><text>The cause(s) for variability in the production and perception of malodorous urine after consuming asparagus has not been clearly elucidated. Genetic variability is likely to contribute to the heterogeneity observed in the population. First, genetic variability in drug or xenobiotic metabolizing enzymes can be involved; however, no specific genes or enzymes involved in the production of these metabolites have been identified so far. Second, genetic variability in olfactory genes can be associated with the inability to detect certain urinary asparagus metabolites, also known as asparagus anosmia.5, 8 In fact, a recent genomewide association study involving 6,909 individuals identified 871 single nucleotide polymorphisms associated with asparagus anosmia.9 </text></passage><passage><infon key="section_type">INTRO</infon><infon key="type">paragraph</infon><offset>4265</offset><text>At present, there is a need to educate more broadly on the subjects of clinical pharmacology, pharmacokinetics, and clinical trials. On the one hand, clinical pharmacology training programs have declined and the public understanding of clinical trial conduct is poor, while on the other hand, quantitative approaches are increasingly being used in drug discovery and development.10, 11, 12, 13 Asparagus consumption and quantitative assessment of malodorous urine, as measured by perceived odor, provides a unique opportunity to study and educate on important topics related to pharmacokinetics and conduct of clinical trials.</text></passage><passage><infon key="section_type">INTRO</infon><infon key="type">paragraph</infon><offset>4892</offset><text>Here, we conducted, what we believe to be, the first ever crowdsourced clinical study aimed to characterize asparagus urinary odor kinetics and associated IIV in healthy subjects. The novel aspects of the current study include crowdsourcing of a population kinetic study, a semiquantitative asparagus urine odor perception assessment, resulting model‐based analysis, and the educational aspects. The study was conducted by involving attendees from two American Society for Clinical Pharmacology and Therapeutics (ASCPT) meetings in 2014–2015. The consenting study participants were randomized to eat prepared asparagus spears and report their perception of the odor in their urine over a period of time. Odor production as measured by the intensity of perceived odor was the pharmacodynamic end point. The intensity of perceived odor was measured using an analog scale that subjectively measured the magnitude of asparagus odor in urine. Data on demography, dose, olfactory function, time of urine void, and odor perceived were collected to understand the asparagus urinary odor kinetics. The specific aims of this study were to characterize the time course, dose‐response dynamics, and half‐life (t½) of urinary asparagus odor perception after receiving a single, specified dose of asparagus in a group of subjects. This study design and the associated data analysis can be used as a demonstration project for clinical trials and population kinetics in many settings, including schools, universities, and scientifically oriented organizations. In addition, there is a potential to link results through crowdsourcing by allowing other researchers to add their data to our dataset and build on the current analysis.</text></passage><passage><infon key="section_type">METHODS</infon><infon key="type">title_1</infon><offset>6616</offset><text>METHODS</text></passage><passage><infon key="section_type">METHODS</infon><infon key="type">title_2</infon><offset>6624</offset><text>Clinical studies</text></passage><passage><infon key="section_type">METHODS</infon><infon key="type">paragraph</infon><offset>6641</offset><text>Two clinical studies were conducted: (1) a pilot study conducted at an ASCPT subcommittee meeting (2014); and (2) a main study at the ASCPT 2015 Annual Meeting. An overview of these studies is provided in Supplementary Table S1. As both the pilot and the main studies involved participation of human subjects, the protocols, informed consent forms, and instruction documents for the participants were reviewed and approved by the Integ Review Institutional Review Board (IRB). The IRB approval was sponsored by ICON.</text></passage><passage><infon key="section_type">METHODS</infon><infon key="type">paragraph</infon><offset>7158</offset><text>The pilot study was conducted in October 2014 during an ASCPT subcommittee meeting. In this open‐label study, consenting participants were randomized into one of the four study groups to eat 0, 5, 10, or 15 spears of asparagus. In order to evaluate general olfactory function, participants were also required to smell the contents of bottles containing water (blank) and 2‐mercaptoethanol (diluted to 0.5, 0.25, and 0.125 ppm with water), and to report on their ability to smell the contents. The distinct odor of 2‐mercaptoethanol was detectable by most people at all three nonhazardous concentrations of 2‐mercaptoethanol.14 The goal of the pilot study was to aid in the development of the parameters and other logistics for the main study, including qualifying the questionnaire scale used for reporting the intensity of asparagus odor in urine. The differences between the pilot study and the main study are outlined in Supplementary Table S1. The supporting documents for the pilot study (informed consent, CRFs, etc.) are not included.</text></passage><passage><infon key="section_type">METHODS</infon><infon key="type">paragraph</infon><offset>8208</offset><text>The main study was conducted at the March 2015 ASCPT Annual Meeting. In this open‐label study, consenting participants were randomized into one of the four study groups to eat 0, 3, 6, or 9 spears of asparagus. The participants were asked to eat fewer asparagus spears based on the participant reports from the pilot study. The participants were instructed to eat the specified number of asparagus spears within ∼15 minutes, and to document the actual number of asparagus spears consumed in the demography case report form (CRF; see Supplementary Materials S2 and S3). In order to evaluate general olfactory function, participants were also required to smell the contents of two bottles containing water and a commercially available perfume, and to report on their ability to smell the contents. This switch was done in order to simplify the logistics for the main study. Of note, the original intent of the olfactory “challenge” was to distinguish perceivers from nonperceivers using a compound (mercaptoethanol) with a similar odor to the substance(s) responsible for malodorous urine after asparagus consumption. When perfume replaced mercaptoethanol in the main study, the olfactory “challenge” became a test for nasal congestion. In the analysis, the covariate for perfume/mercaptoethanol perception was uniformly positive in all study participants and the distinction between perceivers and nonperceivers was assessed using mixture modeling methods.</text></passage><passage><infon key="section_type">METHODS</infon><infon key="type">paragraph</infon><offset>9676</offset><text>The demography CRF was required to be submitted at the end of the opening reception after the participants were randomized and ate the asparagus spears. The sample CRFs were required to be completed after every micturition to subjectively describe the intensity of the asparagus odor on a scale of 0–6 (0 being no odor or not offensive and 6 being very intense or offensive odor). The participants had the option of turning in the CRFs either in the digital or paper format (Supplementary Material S3). To facilitate data handling and analyses, the study participants were encouraged to use digital CRFs. Digital submission required downloading the ASCPT Annual Meeting app on a smart device and registering it for use. A free t‐shirt was offered to the first 100 asparagus study participants.</text></passage><passage><infon key="section_type">METHODS</infon><infon key="type">paragraph</infon><offset>10474</offset><text>For data analysis, subjects were excluded from the analysis if they did not report the time for asparagus consumption or the number of spears consumed. Observation records were excluded when the time of urination or the odor perception score was missing.</text></passage><passage><infon key="section_type">METHODS</infon><infon key="type">paragraph</infon><offset>10729</offset><text>The final, approved protocol is included as Supplementary Material S4.</text></passage><passage><infon key="section_type">METHODS</infon><infon key="type">title_2</infon><offset>10800</offset><text>Model development</text></passage><passage><infon key="section_type">METHODS</infon><infon key="type">paragraph</infon><offset>10818</offset><text>Model development was conducted using NONMEM version 7.3.15 The first order conditional estimation method was used for parameter estimation. A mixed effect proportional odds kinetic‐pharmacodynamic model was used to associate dose with odor scores.16, 17 The relationship between the number of asparagus spears consumed (DoseAsparagus,i) for individual i and the associated effect half‐life (t½) was described as follows:  </text></passage><passage><infon key="section_type">METHODS</infon><infon key="type">paragraph</infon><offset>11247</offset><text>If yi,n represents the observed score for individual i and observation n, then the probability to observe a score ≥ j was defined as follows:  fi,j is defined as the sum of baseline coefficient β1 and additional coefficients βn for the remaining m score levels, as follows:  </text></passage><passage><infon key="section_type">METHODS</infon><infon key="type">paragraph</infon><offset>11531</offset><text>Here, SAsp is a dose‐response slope parameter relating the asparagus effect time course to the observed scores.</text></passage><passage><infon key="section_type">METHODS</infon><infon key="type">paragraph</infon><offset>11645</offset><text>To estimate the probability of being a urinary odor perceiver or nonperceiver, a mixture model was considered. Nonperceivers were defined as individuals who consumed asparagus but did not report a change in their urinary odor (i.e., with a flat response curve). Estimation of IIV was considered for the parameters t½, baseline β1, and SAsp according to log‐normal distributions, except for β1, which was modeled according to an additive relationship. Available participant demographics (age, sex, prior asparagus consumption, and reported history of odor after eating asparagus) were evaluated as predictors for IIV in parameter estimates. Model selection was based on the decrease in the objective function value (OFV), adequate parameter estimation precision, and adequate description of the data using visual predictive checks.18 The NONMEM model code and final dataset are included as Supplementary Materials S5 and S6, respectively.</text></passage><passage><infon key="section_type">RESULTS</infon><infon key="type">title_1</infon><offset>12591</offset><text>RESULTS</text></passage><passage><infon key="section_type">RESULTS</infon><infon key="type">title_2</infon><offset>12599</offset><text>Study participation and compliance</text></passage><passage><infon key="section_type">RESULTS</infon><infon key="type">paragraph</infon><offset>12634</offset><text>A total of 158 subjects signed the informed consent; however, only a total of 120 participants participated (14 and 106 in the pilot and main studies, respectively). After excluding participants who did not report sufficient data, a total of 87 participants had odor scores available, 79 of whom received a nonzero dose of asparagus. A total of 412 odor scores were available for the data analysis.</text></passage><passage><infon key="section_type">RESULTS</infon><infon key="type">paragraph</infon><offset>13033</offset><text>With respect to compliance in data entry, 31% of the subjects (43/137; note: 137 demography forms were submitted) reported neither the nominally randomized nor the actual number of spears consumed. With respect to compliance in following the dose per protocol (i.e., eating the number of spears a subject was randomized to), 12% of the subjects (11/94) reporting their randomized number of spears did not consume the assigned number of asparagus spears. Digital CRFs were available only for the main study, and about 99% of the data submission was done via this mechanism. The demographics of participants included in the analysis are provided in Table 1; about 57% of the subjects were women, and the age range was wide with a mean of 43 years (range, 24–64 years). The frequency of distribution of the reported odor scores after the time of asparagus administration are provided in Figure 1 a. The IIV for the duration and magnitude of reported odor scores was clearly present, as shown for representative individuals (Figure 1 b). Individual curves are included as Supplementary Material S7.</text></passage><passage><infon key="file">psp412264-tbl-0001.xml</infon><infon key="id">psp412264-tbl-0001</infon><infon key="section_type">TABLE</infon><infon key="type">table_caption</infon><offset>14130</offset><text>Characteristics of participants included for the data analysis</text></passage><passage><infon key="file">psp412264-tbl-0001.xml</infon><infon key="id">psp412264-tbl-0001</infon><infon key="section_type">TABLE</infon><infon key="type">table</infon><infon key="xml">&lt;?xml version=&quot;1.0&quot; encoding=&quot;UTF-8&quot;?&gt;
&lt;table frame=&quot;hsides&quot; rules=&quot;groups&quot;&gt;&lt;col style=&quot;border-bottom:solid 1px #000000border-right:solid 1px #000000&quot; width=&quot;80pt&quot; span=&quot;1&quot;/&gt;&lt;col style=&quot;border-bottom:solid 1px #000000border-right:solid 1px #000000&quot; width=&quot;80pt&quot; span=&quot;1&quot;/&gt;&lt;thead valign=&quot;bottom&quot;&gt;&lt;tr style=&quot;border-bottom:solid 1px #000000&quot;&gt;&lt;th align=&quot;left&quot; valign=&quot;bottom&quot; rowspan=&quot;1&quot; colspan=&quot;1&quot;&gt;No. of participants with evaluable data&lt;/th&gt;&lt;th align=&quot;center&quot; valign=&quot;bottom&quot; rowspan=&quot;1&quot; colspan=&quot;1&quot;&gt;87&lt;/th&gt;&lt;/tr&gt;&lt;/thead&gt;&lt;tbody valign=&quot;top&quot;&gt;&lt;tr&gt;&lt;td align=&quot;left&quot; valign=&quot;top&quot; rowspan=&quot;1&quot; colspan=&quot;1&quot;&gt;No. of men/women&lt;/td&gt;&lt;td align=&quot;center&quot; valign=&quot;top&quot; rowspan=&quot;1&quot; colspan=&quot;1&quot;&gt;51/34&lt;xref ref-type=&quot;fn&quot; rid=&quot;psp412264-note-0004&quot;&gt;a&lt;/xref&gt;
&lt;/td&gt;&lt;/tr&gt;&lt;tr&gt;&lt;td align=&quot;left&quot; valign=&quot;top&quot; rowspan=&quot;1&quot; colspan=&quot;1&quot;&gt;Age, years (median, range)&lt;/td&gt;&lt;td align=&quot;char&quot; char=&quot;–&quot; valign=&quot;top&quot; rowspan=&quot;1&quot; colspan=&quot;1&quot;&gt;41 (24–64)&lt;xref ref-type=&quot;fn&quot; rid=&quot;psp412264-note-0005&quot;&gt;b&lt;/xref&gt;
&lt;/td&gt;&lt;/tr&gt;&lt;tr&gt;&lt;td align=&quot;left&quot; valign=&quot;top&quot; rowspan=&quot;1&quot; colspan=&quot;1&quot;&gt;Known ability to smell odor after eating asparagus (no.)&lt;/td&gt;&lt;td align=&quot;left&quot; valign=&quot;top&quot; rowspan=&quot;1&quot; colspan=&quot;1&quot;&gt;No (30), yes (57)&lt;/td&gt;&lt;/tr&gt;&lt;tr&gt;&lt;td align=&quot;left&quot; valign=&quot;top&quot; rowspan=&quot;1&quot; colspan=&quot;1&quot;&gt;Consumed asparagus prior to study&lt;/td&gt;&lt;td align=&quot;left&quot; valign=&quot;top&quot; rowspan=&quot;1&quot; colspan=&quot;1&quot;&gt;No (83), yes (4)&lt;/td&gt;&lt;/tr&gt;&lt;/tbody&gt;&lt;/table&gt;
</infon><offset>14193</offset><text>No. of participants with evaluable data	87	 	No. of men/women	51/34a	 	Age, years (median, range)	41 (24–64)b	 	Known ability to smell odor after eating asparagus (no.)	No (30), yes (57)	 	Consumed asparagus prior to study	No (83), yes (4)	 	</text></passage><passage><infon key="file">psp412264-tbl-0001.xml</infon><infon key="id">psp412264-tbl-0001</infon><infon key="section_type">TABLE</infon><infon key="type">table_footnote</infon><offset>14438</offset><text>Sex was missing for 2 participants.</text></passage><passage><infon key="file">psp412264-tbl-0001.xml</infon><infon key="id">psp412264-tbl-0001</infon><infon key="section_type">TABLE</infon><infon key="type">table_footnote</infon><offset>14474</offset><text>Age was missing for 6 participants.</text></passage><passage><infon key="file">PSP4-7-34-g001.jpg</infon><infon key="id">psp412264-fig-0001</infon><infon key="section_type">FIG</infon><infon key="type">fig_caption</infon><offset>14510</offset><text>(a) Frequency counts of reported odor scores versus time after dose. (b) Representative selection of individual reported odor scores vs. time.</text></passage><passage><infon key="section_type">RESULTS</infon><infon key="type">title_2</infon><offset>14653</offset><text>Asparagus odor population kinetics</text></passage><passage><infon key="section_type">RESULTS</infon><infon key="type">paragraph</infon><offset>14688</offset><text>A six‐score odor scale was used in this study. However, for scores of four and five, we ultimately could only reliably estimate a single coefficient due to insufficient data. The parameter estimates of the final model are shown in Table 2. Because the majority of participants reported a change in odor perception, perceivers could not be reliably separated from nonperceivers. The half‐life of the asparagus effect was estimated at 4.7 hours, with good precision (relative standard error (RSE) = 13%). A dose‐response term (SAsp) could be identified with good precision (24.3%), and found to be equal for different score levels.</text></passage><passage><infon key="file">psp412264-tbl-0002.xml</infon><infon key="id">psp412264-tbl-0002</infon><infon key="section_type">TABLE</infon><infon key="type">table_caption</infon><offset>15328</offset><text>Parameter estimates of the final kinetic‐pharmacodynamic mixed effect proportional odds model</text></passage><passage><infon key="file">psp412264-tbl-0002.xml</infon><infon key="id">psp412264-tbl-0002</infon><infon key="section_type">TABLE</infon><infon key="type">table</infon><infon key="xml">&lt;?xml version=&quot;1.0&quot; encoding=&quot;UTF-8&quot;?&gt;
&lt;table frame=&quot;hsides&quot; rules=&quot;groups&quot;&gt;&lt;col style=&quot;border-bottom:solid 1px #000000border-right:solid 1px #000000&quot; width=&quot;80pt&quot; span=&quot;1&quot;/&gt;&lt;col style=&quot;border-bottom:solid 1px #000000border-right:solid 1px #000000&quot; width=&quot;80pt&quot; span=&quot;1&quot;/&gt;&lt;col style=&quot;border-bottom:solid 1px #000000border-right:solid 1px #000000&quot; width=&quot;80pt&quot; span=&quot;1&quot;/&gt;&lt;col style=&quot;border-bottom:solid 1px #000000border-right:solid 1px #000000&quot; width=&quot;80pt&quot; span=&quot;1&quot;/&gt;&lt;col style=&quot;border-bottom:solid 1px #000000border-right:solid 1px #000000&quot; width=&quot;80pt&quot; span=&quot;1&quot;/&gt;&lt;thead valign=&quot;bottom&quot;&gt;&lt;tr style=&quot;border-bottom:solid 1px #000000&quot;&gt;&lt;th align=&quot;left&quot; valign=&quot;bottom&quot; rowspan=&quot;1&quot; colspan=&quot;1&quot;&gt;Description&lt;/th&gt;&lt;th align=&quot;center&quot; valign=&quot;bottom&quot; rowspan=&quot;1&quot; colspan=&quot;1&quot;&gt;Parameter&lt;/th&gt;&lt;th align=&quot;center&quot; valign=&quot;bottom&quot; rowspan=&quot;1&quot; colspan=&quot;1&quot;&gt;Estimate&lt;/th&gt;&lt;th align=&quot;center&quot; valign=&quot;bottom&quot; rowspan=&quot;1&quot; colspan=&quot;1&quot;&gt;RSE (%)&lt;/th&gt;&lt;th align=&quot;center&quot; valign=&quot;bottom&quot; rowspan=&quot;1&quot; colspan=&quot;1&quot;&gt;IIV (CV%)&lt;xref ref-type=&quot;fn&quot; rid=&quot;psp412264-note-0007&quot;&gt;a&lt;/xref&gt;
&lt;/th&gt;&lt;/tr&gt;&lt;/thead&gt;&lt;tbody valign=&quot;top&quot;&gt;&lt;tr&gt;&lt;td align=&quot;left&quot; valign=&quot;top&quot; rowspan=&quot;1&quot; colspan=&quot;1&quot;&gt;Structural model&lt;/td&gt;&lt;td align=&quot;left&quot; valign=&quot;top&quot; rowspan=&quot;1&quot; colspan=&quot;1&quot;/&gt;&lt;td align=&quot;left&quot; valign=&quot;top&quot; rowspan=&quot;1&quot; colspan=&quot;1&quot;/&gt;&lt;td align=&quot;left&quot; valign=&quot;top&quot; rowspan=&quot;1&quot; colspan=&quot;1&quot;/&gt;&lt;td align=&quot;left&quot; valign=&quot;top&quot; rowspan=&quot;1&quot; colspan=&quot;1&quot;/&gt;&lt;/tr&gt;&lt;tr&gt;&lt;td align=&quot;left&quot; valign=&quot;top&quot; rowspan=&quot;1&quot; colspan=&quot;1&quot;&gt;Log, half‐life of asparagus effect (h)&lt;/td&gt;&lt;td align=&quot;left&quot; valign=&quot;top&quot; rowspan=&quot;1&quot; colspan=&quot;1&quot;&gt;
&lt;italic&gt;t&lt;sub&gt;&lt;italic&gt;½&lt;/italic&gt;&lt;/sub&gt;&lt;/italic&gt;
&lt;/td&gt;&lt;td align=&quot;char&quot; char=&quot;.&quot; valign=&quot;top&quot; rowspan=&quot;1&quot; colspan=&quot;1&quot;&gt;1.55 (ns 4.7 h)&lt;/td&gt;&lt;td align=&quot;char&quot; char=&quot;.&quot; valign=&quot;top&quot; rowspan=&quot;1&quot; colspan=&quot;1&quot;&gt;13.2&lt;/td&gt;&lt;td align=&quot;center&quot; valign=&quot;top&quot; rowspan=&quot;1&quot; colspan=&quot;1&quot;&gt;–&lt;/td&gt;&lt;/tr&gt;&lt;tr&gt;&lt;td align=&quot;left&quot; valign=&quot;top&quot; rowspan=&quot;1&quot; colspan=&quot;1&quot;&gt;Level ≥1, baseline&lt;/td&gt;&lt;td align=&quot;left&quot; valign=&quot;top&quot; rowspan=&quot;1&quot; colspan=&quot;1&quot;&gt;
&lt;italic&gt;β&lt;sub&gt;&lt;italic&gt;1&lt;/italic&gt;&lt;/sub&gt;&lt;/italic&gt;
&lt;/td&gt;&lt;td align=&quot;char&quot; char=&quot;.&quot; valign=&quot;top&quot; rowspan=&quot;1&quot; colspan=&quot;1&quot;&gt;−0.505&lt;/td&gt;&lt;td align=&quot;char&quot; char=&quot;.&quot; valign=&quot;top&quot; rowspan=&quot;1&quot; colspan=&quot;1&quot;&gt;46.1&lt;/td&gt;&lt;td align=&quot;char&quot; char=&quot;.&quot; valign=&quot;top&quot; rowspan=&quot;1&quot; colspan=&quot;1&quot;&gt;69.9&lt;xref ref-type=&quot;fn&quot; rid=&quot;psp412264-note-0008&quot;&gt;b&lt;/xref&gt;
&lt;/td&gt;&lt;/tr&gt;&lt;tr&gt;&lt;td align=&quot;left&quot; valign=&quot;top&quot; rowspan=&quot;1&quot; colspan=&quot;1&quot;&gt;Level ≥2&lt;/td&gt;&lt;td align=&quot;left&quot; valign=&quot;top&quot; rowspan=&quot;1&quot; colspan=&quot;1&quot;&gt;
&lt;italic&gt;β&lt;sub&gt;&lt;italic&gt;2&lt;/italic&gt;&lt;/sub&gt;&lt;/italic&gt;
&lt;/td&gt;&lt;td align=&quot;char&quot; char=&quot;.&quot; valign=&quot;top&quot; rowspan=&quot;1&quot; colspan=&quot;1&quot;&gt;−0.861&lt;/td&gt;&lt;td align=&quot;char&quot; char=&quot;.&quot; valign=&quot;top&quot; rowspan=&quot;1&quot; colspan=&quot;1&quot;&gt;13.8&lt;/td&gt;&lt;td align=&quot;center&quot; valign=&quot;top&quot; rowspan=&quot;1&quot; colspan=&quot;1&quot;&gt;–&lt;/td&gt;&lt;/tr&gt;&lt;tr&gt;&lt;td align=&quot;left&quot; valign=&quot;top&quot; rowspan=&quot;1&quot; colspan=&quot;1&quot;&gt;Level ≥3&lt;/td&gt;&lt;td align=&quot;left&quot; valign=&quot;top&quot; rowspan=&quot;1&quot; colspan=&quot;1&quot;&gt;
&lt;italic&gt;β&lt;sub&gt;&lt;italic&gt;3&lt;/italic&gt;&lt;/sub&gt;&lt;/italic&gt;
&lt;/td&gt;&lt;td align=&quot;char&quot; char=&quot;.&quot; valign=&quot;top&quot; rowspan=&quot;1&quot; colspan=&quot;1&quot;&gt;−0.889&lt;/td&gt;&lt;td align=&quot;char&quot; char=&quot;.&quot; valign=&quot;top&quot; rowspan=&quot;1&quot; colspan=&quot;1&quot;&gt;13.3&lt;/td&gt;&lt;td align=&quot;center&quot; valign=&quot;top&quot; rowspan=&quot;1&quot; colspan=&quot;1&quot;&gt;–&lt;/td&gt;&lt;/tr&gt;&lt;tr&gt;&lt;td align=&quot;left&quot; valign=&quot;top&quot; rowspan=&quot;1&quot; colspan=&quot;1&quot;&gt;Level ≥4&lt;/td&gt;&lt;td align=&quot;left&quot; valign=&quot;top&quot; rowspan=&quot;1&quot; colspan=&quot;1&quot;&gt;
&lt;italic&gt;β&lt;sub&gt;&lt;italic&gt;4&lt;/italic&gt;&lt;/sub&gt;&lt;/italic&gt;
&lt;/td&gt;&lt;td align=&quot;char&quot; char=&quot;.&quot; valign=&quot;top&quot; rowspan=&quot;1&quot; colspan=&quot;1&quot;&gt;−1.41&lt;/td&gt;&lt;td align=&quot;char&quot; char=&quot;.&quot; valign=&quot;top&quot; rowspan=&quot;1&quot; colspan=&quot;1&quot;&gt;15.5&lt;/td&gt;&lt;td align=&quot;center&quot; valign=&quot;top&quot; rowspan=&quot;1&quot; colspan=&quot;1&quot;&gt;–&lt;/td&gt;&lt;/tr&gt;&lt;tr&gt;&lt;td align=&quot;left&quot; valign=&quot;top&quot; rowspan=&quot;1&quot; colspan=&quot;1&quot;&gt;Log, slope of asparagus effect&lt;xref ref-type=&quot;fn&quot; rid=&quot;psp412264-note-0008&quot;&gt;b&lt;/xref&gt;
&lt;/td&gt;&lt;td align=&quot;left&quot; valign=&quot;top&quot; rowspan=&quot;1&quot; colspan=&quot;1&quot;&gt;
&lt;italic&gt;S&lt;sub&gt;&lt;italic&gt;Asp&lt;/italic&gt;&lt;/sub&gt;&lt;/italic&gt;
&lt;/td&gt;&lt;td align=&quot;char&quot; char=&quot;.&quot; valign=&quot;top&quot; rowspan=&quot;1&quot; colspan=&quot;1&quot;&gt;−0.879 (ns 0.42)&lt;/td&gt;&lt;td align=&quot;char&quot; char=&quot;.&quot; valign=&quot;top&quot; rowspan=&quot;1&quot; colspan=&quot;1&quot;&gt;24.3&lt;/td&gt;&lt;td align=&quot;char&quot; char=&quot;.&quot; valign=&quot;top&quot; rowspan=&quot;1&quot; colspan=&quot;1&quot;&gt;60.8&lt;xref ref-type=&quot;fn&quot; rid=&quot;psp412264-note-0009&quot;&gt;c&lt;/xref&gt;
&lt;/td&gt;&lt;/tr&gt;&lt;tr&gt;&lt;td align=&quot;left&quot; valign=&quot;top&quot; rowspan=&quot;1&quot; colspan=&quot;1&quot;&gt;Effect of age on slope&lt;xref ref-type=&quot;fn&quot; rid=&quot;psp412264-note-0009&quot;&gt;c&lt;/xref&gt;
&lt;/td&gt;&lt;td align=&quot;left&quot; valign=&quot;top&quot; rowspan=&quot;1&quot; colspan=&quot;1&quot;&gt;
&lt;italic&gt;AGE‐S&lt;sub&gt;&lt;italic&gt;Asp&lt;/italic&gt;&lt;/sub&gt;&lt;/italic&gt;
&lt;/td&gt;&lt;td align=&quot;char&quot; char=&quot;.&quot; valign=&quot;top&quot; rowspan=&quot;1&quot; colspan=&quot;1&quot;&gt;−1.5&lt;/td&gt;&lt;td align=&quot;center&quot; valign=&quot;top&quot; rowspan=&quot;1&quot; colspan=&quot;1&quot;&gt;45&lt;/td&gt;&lt;td align=&quot;center&quot; valign=&quot;top&quot; rowspan=&quot;1&quot; colspan=&quot;1&quot;&gt;–&lt;/td&gt;&lt;/tr&gt;&lt;/tbody&gt;&lt;/table&gt;
</infon><offset>15424</offset><text>Description	Parameter	Estimate	RSE (%)	IIV (CV%)a	 	Structural model					 	Log, half‐life of asparagus effect (h)	t½	1.55 (ns 4.7 h)	13.2	–	 	Level ≥1, baseline	β1	−0.505	46.1	69.9b	 	Level ≥2	β2	−0.861	13.8	–	 	Level ≥3	β3	−0.889	13.3	–	 	Level ≥4	β4	−1.41	15.5	–	 	Log, slope of asparagus effectb	SAsp	−0.879 (ns 0.42)	24.3	60.8c	 	Effect of age on slopec	AGE‐SAsp	−1.5	45	–	 	</text></passage><passage><infon key="file">psp412264-tbl-0002.xml</infon><infon key="id">psp412264-tbl-0002</infon><infon key="section_type">TABLE</infon><infon key="type">table_footnote</infon><offset>15843</offset><text>CV, coefficient of variation; IIV, interindividual variability; ns, normal (non‐log) scale; RSE, relative standard error; t½, half‐life.</text></passage><passage><infon key="file">psp412264-tbl-0002.xml</infon><infon key="id">psp412264-tbl-0002</infon><infon key="section_type">TABLE</infon><infon key="type">table_footnote</infon><offset>15985</offset><text>Calculated as sqrt(exp(OMEGA)‐1).</text></passage><passage><infon key="file">psp412264-tbl-0002.xml</infon><infon key="id">psp412264-tbl-0002</infon><infon key="section_type">TABLE</infon><infon key="type">table_footnote</infon><offset>16021</offset><text>
β1 for individual i given by β1,i = β1+ηβ1.</text></passage><passage><infon key="file">psp412264-tbl-0002.xml</infon><infon key="id">psp412264-tbl-0002</infon><infon key="section_type">TABLE</infon><infon key="type">table_footnote</infon><offset>16080</offset><text>Slope for individual i given by SLOPEi = exp(SAsp*(AGEi/41)AGE‐SASP+ηSASP).</text></passage><passage><infon key="section_type">RESULTS</infon><infon key="type">paragraph</infon><offset>16163</offset><text>The IIV could be estimated for SAsp and for the baseline variability of the score for responders (Table 2). The IIV estimates for SAsp and baseline parameters were large: 56.1 of coefficient of variation percentage (CV%) and 63.1 CV%, respectively. The IIV could not be estimated simultaneously for both t½ and SAsp; a large correlation between these parameters was present during estimation, as could be expected. Although estimation of IIV for t½ resulted in a 1 point drop in OFV, estimation of IIV for SAsp resulted in a 10 point drop in OFV, and IIV for SAsp was, therefore, retained.</text></passage><passage><infon key="section_type">RESULTS</infon><infon key="type">paragraph</infon><offset>16757</offset><text>We evaluated collected demographics as predictors for IIV in these parameters. Interestingly, a correlation between age and SAsp was identified, and retained as covariate in the model (Figure 2). The typical dose‐response relationship, as predicted by the model for different age groups, is illustrated in Figure 3. The visual predictive check (n = 2,000) indicated the model provided an adequate description of the data (Figure 4).</text></passage><passage><infon key="file">PSP4-7-34-g002.jpg</infon><infon key="id">psp412264-fig-0002</infon><infon key="section_type">FIG</infon><infon key="type">fig_caption</infon><offset>17196</offset><text>Relationship between individual predicted estimate for slope and associated age of participant. The blue solid line indicates the prediction for the effect of age on slope included in the final model.</text></passage><passage><infon key="file">PSP4-7-34-g003.jpg</infon><infon key="id">psp412264-fig-0003</infon><infon key="section_type">FIG</infon><infon key="type">fig_caption</infon><offset>17397</offset><text>Simulated median and interquartile range of dose‐response relationship between the number of consumed asparagus spears and the peak score (n = 2,000 individuals), for different age groups.</text></passage><passage><infon key="file">PSP4-7-34-g004.jpg</infon><infon key="id">psp412264-fig-0004</infon><infon key="section_type">FIG</infon><infon key="type">fig_caption</infon><offset>17592</offset><text>Visual predictive check showing the observed (solid circles) and 95% prediction intervals for each score (DV) interval.</text></passage><passage><infon key="section_type">DISCUSS</infon><infon key="type">title_1</infon><offset>17712</offset><text>DISCUSSION</text></passage><passage><infon key="section_type">DISCUSS</infon><infon key="type">paragraph</infon><offset>17723</offset><text>We successfully conducted, what we believe to be, the first ever crowdsourced population study to characterize the kinetics in perception of urinary odor, dose response, and IIV after asparagus consumption. The numbers of participants who were ultimately available for analysis were sufficient to develop a population kinetic model, which characterized a half‐life, dose‐response relationship, and associated IIV for asparagus odor scores. For 5.7% of the participants (5/87), a flat odor perception curve was observed, and these individuals could potentially be considered as nonperceivers. However, for several of these individuals, only two observations were available, and, therefore, we did not separately distinguish between these populations in the analysis. The percentage of subjects who both produce and perceive odorous urine after consuming asparagus was within the range of previous observations.1, 3, 7 </text></passage><passage><infon key="section_type">DISCUSS</infon><infon key="type">paragraph</infon><offset>18645</offset><text>In addition to the main model‐based analysis described, we conducted an initial preliminary analysis using a simple one‐compartment model and treating the odor‐rating scale as a continuous variable. The t½ estimated in the preliminary and final analyses had different meanings. In the preliminary analysis, the t½ directly represented the rate of decline in urine odor. In the present analysis, the t½ represented the decline in the effect of the amount of asparagus eaten on the logit of the probability of successive decreases in the odor score. The preliminary model also required the estimation of a “volume” term that served as a scalar between the number of spears of asparagus eaten and the reported odor score. The present model did not require a scalar term as the effect of the amount of asparagus eaten (declining over time with the reported t½) was incorporated as an element in the logit transduction function and used to compute the likelihoods of the odor scores in their (more appropriate) ordered categorical domain.</text></passage><passage><infon key="section_type">DISCUSS</infon><infon key="type">paragraph</infon><offset>19693</offset><text>This study was the first to quantify the t½ and the “dose”‐response for the effect of the number of consumed spears on the intensity of asparagus‐associated malodorous urine. The t½ of the asparagus effect on malodorous urine was 4.7 hours. Moreover, we identified age to be correlated with the individual estimate for the dose‐response slope term. It should be noted that IIV for t½ and the dose‐response slope were highly correlated. This age effect may be attributable to the decrease of renal function with age,19 resulting in odor time courses with increased intensity and duration of perceived odors, as was illustrated in Figure 3.</text></passage><passage><infon key="section_type">DISCUSS</infon><infon key="type">paragraph</infon><offset>20347</offset><text>Some of the parameter estimates were still associated with significant uncertainty (e.g., baseline β1 and age effect); more data could result in more precise estimates of these parameters. Moreover, increasing the number of participants could also provide additional insights in patient‐associated characteristics predictive of the kinetics of urinary odor profiles, and better separation of perceiver and nonperceiver subgroups. Finally, collection of additional data may ultimately allow explaining the IIV associated with the ability to perceive odorous urine.</text></passage><passage><infon key="section_type">DISCUSS</infon><infon key="type">paragraph</infon><offset>20914</offset><text>A pilot study with a small number of subjects helped with ironing out the logistics of the study details. For example, in the pilot study, the participants were randomized into one of the four study groups selected to eat 0, 5, 10, or 15 spears of asparagus. As the participants reported that eating 15 spears was a challenge, for the subsequent main study, the dose was modified to 0, 3, 6, or 9 spears of asparagus. The participants were asked to eat fewer asparagus spears based on the participant reports from the pilot study. Also in this study, to evaluate the olfactory function, participants were asked to take a whiff (exposure duration of about 5–10 seconds) from the control bottles and 2‐mercaptoethanol dilutions (pilot study) or commercially available perfume (main study). Ideally, the test of olfactory function should have used sulfurous odor similar to the expected odor in urine after consuming asparagus.</text></passage><passage><infon key="section_type">DISCUSS</infon><infon key="type">paragraph</infon><offset>21843</offset><text>One surprising observation from this study was that clinical pharmacologists were not particularly compliant study subjects. Usable data for this analysis was available from 72.5% of the subjects (n = 87/120) who participated in the study, and this represented 55% of the subjects (n = 87/158) who signed the informed consent to participate in the study. In many instances, subjects did not report the time of asparagus consumption, number of spears consumed, time of urination, or odor perception score. In defense of the subjects, free‐format text fields were used in the case report forms with no edit checks in place to prevent data entry errors. The study team was unable to resolve the resulting data queries as subjects departed for home after the meeting and were lost to follow‐up.</text></passage><passage><infon key="section_type">DISCUSS</infon><infon key="type">paragraph</infon><offset>22646</offset><text>There were a number of lessons learned from the practical execution of this study. First, as with many volunteer collaborations,20 focus, organization, and pace of the project was a challenge. Although ultimately successful, the overall project duration was lengthy from design to completion. Mitigations include robust project management with accountability, a clear and concise project plan with precise objectives is mandatory, and so are setting and adhering to deadlines. Second, despite advertising before and at the annual meeting as well as an incentive t‐shirt, the rate of participation was relatively low (about 10% of the annual meeting attendees) and noncompliance was relatively high, especially given that meeting participants were mostly scientists with keen interest in clinical pharmacology and clinical trials. Mitigations might also include increasing advertising, better explaining goals, and offering additional incentives, such as a lottery. Finally, the study itself was complicated and it may be possible to simplify different elements in the future studies. For example: (1) both digital and paper CRFs were offered, but the vast majority of subjects used the digital option. In the future, only the digital option would need to be offered; (2) the design of the CRF could be improved by text controlling most field entries to ensure uniformity of the entry data in order to expedite data assembly; and (3) simplifying the odor scale. In our analysis, we collapsed the upper two odor scores into a single score because model parameters could not be reliably estimated for these score levels separately. Therefore, for subsequent studies, a five‐point scale to quantify asparagus odor perception may be sufficient.</text></passage><passage><infon key="section_type">DISCUSS</infon><infon key="type">paragraph</infon><offset>24390</offset><text>This study and the associated data analysis could be considered as a demonstration project for population kinetics studies in many settings, including schools and a wide variety of organizations. We have provided supplementary materials as supportive documentation. Moreover, we also provide the raw data and the code of the final model developed (Supplementary Material S5). Unlike blood concentrations of a drug, the questions about consumption of asparagus and its associated malodorous urine are straightforward and the endpoint—perception of malodorous urine—is clear. Thus, the asparagus study can be utilized to teach principles of pharmacokinetics and population kinetics.</text></passage><passage><infon key="section_type">DISCUSS</infon><infon key="type">paragraph</infon><offset>25075</offset><text>A recent trend in clinical trials is the “crowdsourcing” different aspects of clinical studies, such as mining and analyzing clinical trial data and informing the design of a clinical trial.21, 22, 23 The hope is that crowdsourcing, by harnessing the wisdom of the researcher, clinician, patient, and advocate community, will lead to accelerated research and development. In our study, we used crowdsourcing to help with the logistics of the study, including running the study, ensuring that informed consent was executed, providing instructions to the participants, aiding in randomization, entering data from the paper CRFs, etc. Additionally, we also hope to use crowdsourcing to build on the current study. Our study design can be used as a demonstration project for clinical trials and population kinetics in many settings, including schools, universities, and scientifically oriented organizations. Consequently, there is a potential to link results through crowdsourcing by allowing other researchers to add their data and build on the current database.</text></passage><passage><infon key="section_type">COMP_INT</infon><infon key="type">title_1</infon><offset>26140</offset><text>Conflict of Interest</text></passage><passage><infon key="section_type">COMP_INT</infon><infon key="type">paragraph</infon><offset>26161</offset><text>The authors do not report any conflict of interest. As the Editor‐in‐Chief for Pharmacometrics &amp; Systems Pharmacology, Piet H. van der Graaf was not involved in the review or decision process for this article.</text></passage><passage><infon key="section_type">AUTH_CONT</infon><infon key="type">title_1</infon><offset>26375</offset><text>Author Contributions</text></passage><passage><infon key="section_type">AUTH_CONT</infon><infon key="type">paragraph</infon><offset>26396</offset><text>A.R., B.S., J.G.C.vH., and J.A.W. wrote the manuscript. A.R., L.Z., S.K., B.S., J.A.W., J.G.C.vH., and P.H.vdG. designed the research. A.R., S.K., L.Z., and J.A.W. performed the research. J.E.S., B.S., A.Y.E., and J.G.C.vH. analyzed the data.</text></passage><passage><infon key="section_type">SUPPL</infon><infon key="type">title_1</infon><offset>26639</offset><text>Supporting information</text></passage><passage><infon key="fpage">1676</infon><infon key="lpage">1678</infon><infon key="pub-id_pmid">7448566</infon><infon key="section_type">REF</infon><infon key="source">Br. Med. J.</infon><infon key="type">ref</infon><infon key="volume">281</infon><infon key="year">1980</infon><offset>26662</offset><text>A polymorphism of the ability to smell urinary metabolites of asparagus</text></passage><passage><infon key="fpage">539</infon><infon key="issue">4 Pt 2</infon><infon key="lpage">543</infon><infon key="pub-id_pmid">11259347</infon><infon key="section_type">REF</infon><infon key="source">Drug Metab. Dispos.</infon><infon key="type">ref</infon><infon key="volume">29</infon><infon key="year">2001</infon><offset>26734</offset><text>Food idiosyncrasies: beetroot and asparagus</text></passage><passage><infon key="fpage">640</infon><infon key="lpage">641</infon><infon key="pub-id_pmid">2757887</infon><infon key="section_type">REF</infon><infon key="source">Br. J. Clin. Pharmacol.</infon><infon key="type">ref</infon><infon key="volume">27</infon><infon key="year">1989</infon><offset>26778</offset><text>Odorous urine in man after asparagus</text></passage><passage><infon key="fpage">341</infon><infon key="lpage">351</infon><infon key="pub-id_pmid">24375116</infon><infon key="section_type">REF</infon><infon key="source">Perspect. Biol. Med.</infon><infon key="type">ref</infon><infon key="volume">56</infon><infon key="year">2013</infon><offset>26815</offset><text>Asparagus, urinary odor, and 1,2‐dithiolane‐4‐carboxylic acid</text></passage><passage><infon key="fpage">9</infon><infon key="lpage">17</infon><infon key="pub-id_pmid">20876394</infon><infon key="section_type">REF</infon><infon key="source">Chem. Senses</infon><infon key="type">ref</infon><infon key="volume">36</infon><infon key="year">2011</infon><offset>26883</offset><text>Excretion and perception of a characteristic odor in urine after asparagus ingestion: a psychophysical and genetic study</text></passage><passage><infon key="fpage">748</infon><infon key="lpage">749</infon><infon key="pub-id_pmid">13369530</infon><infon key="section_type">REF</infon><infon key="source">Nature</infon><infon key="type">ref</infon><infon key="volume">178</infon><infon key="year">1956</infon><offset>27004</offset><text>Two unifactorial characters for which man is polymorphic</text></passage><passage><infon key="fpage">382</infon><infon key="lpage">383</infon><infon key="pub-id_pmid">3569485</infon><infon key="section_type">REF</infon><infon key="source">Experientia</infon><infon key="type">ref</infon><infon key="volume">43</infon><infon key="year">1987</infon><offset>27061</offset><text>Odorous urine following asparagus ingestion in man</text></passage><passage><infon key="fpage">e1000993</infon><infon key="pub-id_pmid">20585627</infon><infon key="section_type">REF</infon><infon key="source">PLoS Genet.</infon><infon key="type">ref</infon><infon key="volume">6</infon><infon key="year">2010</infon><offset>27112</offset><text>Web‐based, participant‐driven studies yield novel genetic associations for common traits</text></passage><passage><infon key="fpage">i6071</infon><infon key="pub-id_pmid">27965198</infon><infon key="section_type">REF</infon><infon key="source">BMJ</infon><infon key="type">ref</infon><infon key="volume">355</infon><infon key="year">2016</infon><offset>27205</offset><text>Sniffing out significant “pee values”: genome wide association study of asparagus anosmia</text></passage><passage><infon key="fpage">379</infon><infon key="lpage">381</infon><infon key="pub-id_pmid">23598453</infon><infon key="section_type">REF</infon><infon key="source">Clin. Pharmacol. Ther.</infon><infon key="type">ref</infon><infon key="volume">93</infon><infon key="year">2013</infon><offset>27299</offset><text>Systems pharmacology for drug discovery and development: paradigm shift or flash in the pan?</text></passage><passage><infon key="fpage">e142</infon><infon key="pub-id_pmid">25338195</infon><infon key="section_type">REF</infon><infon key="source">CPT Pharmacometrics Syst. Pharmacol.</infon><infon key="type">ref</infon><infon key="volume">3</infon><infon key="year">2014</infon><offset>27392</offset><text>Implementation of quantitative and systems pharmacology in large pharma</text></passage><passage><infon key="fpage">526</infon><infon key="lpage">529</infon><infon key="section_type">REF</infon><infon key="source">Ther.</infon><infon key="type">ref</infon><infon key="volume">84</infon><infon key="year">2008</infon><offset>27464</offset><text>The Pharm.D. investigator in clinical pharmacology: supply and demand. Clin. Pharmacol </text></passage><passage><infon key="section_type">REF</infon><infon key="type">ref</infon><infon key="year">2010</infon><offset>27552</offset></passage><passage><infon key="section_type">REF</infon><infon key="type">ref</infon><infon key="year">1992</infon><offset>27553</offset></passage><passage><infon key="section_type">REF</infon><infon key="type">ref</infon><infon key="year">1988</infon><offset>27554</offset></passage><passage><infon key="fpage">57</infon><infon key="lpage">85</infon><infon key="pub-id_pmid">17051439</infon><infon key="section_type">REF</infon><infon key="source">J. Pharmacokinet. Pharmacodyn.</infon><infon key="type">ref</infon><infon key="volume">34</infon><infon key="year">2007</infon><offset>27555</offset><text>Modelling response time profiles in the absence of drug concentrations: definition and performance evaluation of the K‐PD model</text></passage><passage><infon key="fpage">173</infon><infon key="lpage">183</infon><infon key="pub-id_pmid">12895190</infon><infon key="section_type">REF</infon><infon key="source">Br. J. Clin. Pharmacol.</infon><infon key="type">ref</infon><infon key="volume">56</infon><infon key="year">2003</infon><offset>27685</offset><text>Population pharmacokinetics of clomethiazole and its effect on the natural course of sedation in acute stroke patients</text></passage><passage><infon key="fpage">87</infon><infon key="lpage">109</infon><infon key="pub-id_pmid">27884052</infon><infon key="section_type">REF</infon><infon key="source">CPT Pharmacometrics Syst. Pharmacol.</infon><infon key="type">ref</infon><infon key="volume">6</infon><infon key="year">2017</infon><offset>27804</offset><text>Model evaluation of continuous data pharmacometric models: metrics and graphics</text></passage><passage><infon key="fpage">278</infon><infon key="lpage">285</infon><infon key="pub-id_pmid">3989190</infon><infon key="section_type">REF</infon><infon key="source">J. Am. Geriatr. Soc.</infon><infon key="type">ref</infon><infon key="volume">33</infon><infon key="year">1985</infon><offset>27884</offset><text>Longitudinal studies on the rate of decline in renal function with age</text></passage><passage><infon key="fpage">539</infon><infon key="lpage">542</infon><infon key="pub-id_pmid">20407460</infon><infon key="section_type">REF</infon><infon key="source">Clin. Pharmacol. Ther.</infon><infon key="type">ref</infon><infon key="volume">87</infon><infon key="year">2010</infon><offset>27955</offset><text>The Biomarkers Consortium: practice and pitfalls of open‐source precompetitive collaboration</text></passage><passage><infon key="fpage">51</infon><infon key="lpage">57</infon><infon key="pub-id_pmid">25362243</infon><infon key="section_type">REF</infon><infon key="source">Nat. Biotechnol.</infon><infon key="type">ref</infon><infon key="volume">33</infon><infon key="year">2015</infon><offset>28050</offset><text>Crowdsourced analysis of clinical trial data to predict amyotrophic lateral sclerosis progression</text></passage><passage><infon key="section_type">REF</infon><infon key="source">J. Natl. Cancer Inst.</infon><infon key="type">ref</infon><infon key="volume">106</infon><infon key="year">2014</infon><offset>28148</offset><text>Use of crowdsourcing for cancer clinical trial development</text></passage><passage><infon key="fpage">12846</infon><infon key="pub-id_pmid">27667448</infon><infon key="section_type">REF</infon><infon key="source">Nat. Commun.</infon><infon key="type">ref</infon><infon key="volume">7</infon><infon key="year">2016</infon><offset>28207</offset><text>Extraction and analysis of signatures from the Gene Expression Omnibus by the crowd</text></passage></document></collection>
