<?xml version="1.0" encoding="UTF-8"?>
<!DOCTYPE collection SYSTEM "BioC.dtd">
<collection><source>PMC</source><date>20201218</date><key>pmc.key</key><document><id>5789591</id><infon key="license">CC BY</infon><passage><infon key="article-id_doi">10.1186/s12936-018-2194-8</infon><infon key="article-id_pmc">5789591</infon><infon key="article-id_pmid">29378588</infon><infon key="article-id_publisher-id">2194</infon><infon key="elocation-id">54</infon><infon key="kwd">Malaria species identification Crowdsourcing Remote diagnosis</infon><infon key="license">Open AccessThis article is distributed under the terms of the Creative Commons Attribution 4.0 International License (http://creativecommons.org/licenses/by/4.0/), which permits unrestricted use, distribution, and reproduction in any medium, provided you give appropriate credit to the original author(s) and the source, provide a link to the Creative Commons license, and indicate if changes were made. The Creative Commons Public Domain Dedication waiver (http://creativecommons.org/publicdomain/zero/1.0/) applies to the data made available in this article, unless otherwise stated.</infon><infon key="name_0">surname:Ortiz-Ruiz;given-names:Alejandra</infon><infon key="name_1">surname:Postigo;given-names:María</infon><infon key="name_10">surname:Luengo-Oroz;given-names:Miguel</infon><infon key="name_11">surname:Luengo-Oroz;given-names:Miguel</infon><infon key="name_2">surname:Gil-Casanova;given-names:Sara</infon><infon key="name_3">surname:Cuadrado;given-names:Daniel</infon><infon key="name_4">surname:Bautista;given-names:José M.</infon><infon key="name_5">surname:Rubio;given-names:José Miguel</infon><infon key="name_6">surname:Luengo-Oroz;given-names:Miguel</infon><infon key="name_7">surname:Linares;given-names:María</infon><infon key="name_8">surname:Bautista;given-names:José M.</infon><infon key="name_9">surname:Linares;given-names:María</infon><infon key="section_type">TITLE</infon><infon key="title">Keywords</infon><infon key="type">front</infon><infon key="volume">17</infon><infon key="year">2018</infon><offset>0</offset><text>Plasmodium species differentiation by non-expert on-line volunteers for remote malaria field diagnosis</text></passage><passage><infon key="section_type">ABSTRACT</infon><infon key="type">abstract_title_1</infon><offset>103</offset><text>Background</text></passage><passage><infon key="section_type">ABSTRACT</infon><infon key="type">abstract</infon><offset>114</offset><text>Routine field diagnosis of malaria is a considerable challenge in rural and low resources endemic areas mainly due to lack of personnel, training and sample processing capacity. In addition, differential diagnosis of Plasmodium species has a high level of misdiagnosis. Real time remote microscopical diagnosis through on-line crowdsourcing platforms could be converted into an agile network to support diagnosis-based treatment and malaria control in low resources areas. This study explores whether accurate Plasmodium species identification—a critical step during the diagnosis protocol in order to choose the appropriate medication—is possible through the information provided by non-trained on-line volunteers.</text></passage><passage><infon key="section_type">ABSTRACT</infon><infon key="type">abstract_title_1</infon><offset>834</offset><text>Methods</text></passage><passage><infon key="section_type">ABSTRACT</infon><infon key="type">abstract</infon><offset>842</offset><text>88 volunteers have performed a series of questionnaires over 110 images to differentiate species (Plasmodium falciparum, Plasmodium ovale, Plasmodium vivax, Plasmodium malariae, Plasmodium knowlesi) and parasite staging from thin blood smear images digitalized with a smartphone camera adapted to the ocular of a conventional light microscope. Visual cues evaluated in the surveys include texture and colour, parasite shape and red blood size.</text></passage><passage><infon key="section_type">ABSTRACT</infon><infon key="type">abstract_title_1</infon><offset>1286</offset><text>Results</text></passage><passage><infon key="section_type">ABSTRACT</infon><infon key="type">abstract</infon><offset>1294</offset><text>On-line volunteers are able to discriminate Plasmodium species (P. falciparum, P. malariae, P. vivax, P. ovale, P. knowlesi) and stages in thin-blood smears according to visual cues observed on digitalized images of parasitized red blood cells. Friendly textual descriptions of the visual cues and specialized malaria terminology is key for volunteers learning and efficiency.</text></passage><passage><infon key="section_type">ABSTRACT</infon><infon key="type">abstract_title_1</infon><offset>1671</offset><text>Conclusions</text></passage><passage><infon key="section_type">ABSTRACT</infon><infon key="type">abstract</infon><offset>1683</offset><text>On-line volunteers with short-training are able to differentiate malaria parasite species and parasite stages from digitalized thin smears based on simple visual cues (shape, size, texture and colour). While the accuracy of a single on-line expert is far from perfect, a single parasite classification obtained by combining the opinions of multiple on-line volunteers over the same smear, could improve accuracy and reliability of Plasmodium species identification in remote malaria diagnosis.</text></passage><passage><infon key="section_type">ABSTRACT</infon><infon key="type">abstract_title_1</infon><offset>2177</offset><text>Electronic supplementary material</text></passage><passage><infon key="section_type">ABSTRACT</infon><infon key="type">abstract</infon><offset>2211</offset><text>The online version of this article (10.1186/s12936-018-2194-8) contains supplementary material, which is available to authorized users.</text></passage><passage><infon key="section_type">INTRO</infon><infon key="type">title_1</infon><offset>2347</offset><text>Background</text></passage><passage><infon key="section_type">INTRO</infon><infon key="type">paragraph</infon><offset>2358</offset><text>Despite the efforts made in malaria control during the last years, malaria is still the most devastating parasitic disease in tropical and subtropical areas, that causes approximately 500,000 deaths as reported by the World Health Organization (WHO). Although most of deaths are caused by Plasmodium falciparum, it is important to highlight an increase of the relative contribution of the non-falciparum Plasmodium species to the global malaria burden as the incidence of P. falciparum falls. Two other species are also capable of causing severe disease: Plasmodium vivax, responsible for half of the world’s malaria cases outside Africa; and Plasmodium knowlesi, the most common cause of human malaria in Malaysia and increasing in other Southeast Asian countries. Plasmodium malariae is a slow-growing parasite with a wide geographic distribution. Although generally regarded as a benign cause of malaria, it has been associated with nephrotic syndrome, particularly in young children, and can persist in the host for years. Finally, Plasmodium ovale distribution is highest in sub-Saharan Africa, but its prevalence is deemed to be lower compared to P. malariae.</text></passage><passage><infon key="section_type">INTRO</infon><infon key="type">paragraph</infon><offset>3526</offset><text>An accurate classification of the species at the time of diagnosis is crucial for directing people to an appropriate treatment, preventing over-treatment and injudicious use of anti-malarials, especially in co-endemic areas. Malaria species identification is particularly important when different species have separate treatment policies, most commonly artemisinin-based combination therapy (ACT) for P. falciparum (and P. vivax at regions where chloroquine resistance is prevalent) and chloroquine for non-falciparum species. Moreover, diagnosis of P. vivax and P. ovale is still required to allow administration of anti-hypnozoite treatment to prevent relapses. In areas which are also endemic for P. knowlesi, an accurate diagnosis is important to reach an epidemiological surveillance of this potentially fatal emerging zoonotic infection.</text></passage><passage><infon key="section_type">INTRO</infon><infon key="type">paragraph</infon><offset>4370</offset><text>Since 2010, WHO has recommended that all persons with suspected malaria in all settings should undergo malaria diagnostic testing, by either microscopy or rapid diagnostic test (RDT). As RDT shows poor or very limited sensitivity for detecting some Plasmodium species, the examination of Giemsa-stained thick and thin films of blood by light microscopy from malaria patients, remains the gold standard for malaria diagnosis in most parts of the malaria-endemic world. This enables to obtain parameters such as parasite detection, estimation of parasite densities and identification of Plasmodium species. Accurate identification of the infecting Plasmodium species relies on detailed examination of parasite morphological characteristics such as size, shape, pigmentation, besides the size and shape of the parasitized red blood cells (RBC) and the inclusions therein. However, this process requires trained technicians to efficiently and accurately detect parasite and classify its species. With other factors such as some technical limitations and potential human inconsistency, the detection and classification can be further degraded. Previous research has shown that laboratory personnel involved in microscopic diagnosis of malaria might experience difficulties in differentiating Plasmodium infections, which suggest that personnel is not always well trained in non-falciparum infections in endemic areas where two or more species are present. Moreover, health facilities at high season might receive hundreds of people and become impossible to assist patients with a correct diagnosis, because of the time required for obtaining an accurate diagnosis even for the experts.</text></passage><passage><infon key="section_type">INTRO</infon><infon key="type">paragraph</infon><offset>6051</offset><text>In the last years, several methodologies based on crowdsourcing tools have been developed to solve big data challenges. Games with a specific purpose generate strategies to incentive people to solve problems, a minimum contribution translates in a huge impact. Systems based on crowdsourcing tools have been applied to solve challenges such as public health problems.</text></passage><passage><infon key="section_type">INTRO</infon><infon key="type">paragraph</infon><offset>6419</offset><text>The project MalariaSpot has used crowdsourcing to achieve a quantification of malaria parasites in thick blood smears. The results of the use of this platform showed that, on average, the combination of 22 gamers or more, regardless of the player’s experience, was enough to obtain almost perfect parasite counting (99%) in the tested images. Showing that the application of these new technologies in disease diagnosis could play a great role improving the correct treatment at low resource areas.</text></passage><passage><infon key="section_type">INTRO</infon><infon key="type">paragraph</infon><offset>6919</offset><text>The present report shows the potential of a digital platform based on crowdsourcing techniques to train non-experts in order to classify Plasmodium species causing malaria in humans. This low-cost tool could assist a quick diagnosis system providing correct and rapid identification of the malaria species. On this basis, the accuracy and effectiveness of gamers to diagnose Giemsa-stained malaria thin films was evaluated, referred to the five Plasmodium species and digitalized by a smartphone coupled to a conventional light microscopy. The results of this work showed that it is possible to obtain an accurate diagnosis of the species by aggregation of non-expert answers about simple visual cues: texture and colour patters, the shape and the size of the parasitized erythrocyte.</text></passage><passage><infon key="section_type">METHODS</infon><infon key="type">title_1</infon><offset>7704</offset><text>Methods</text></passage><passage><infon key="section_type">METHODS</infon><infon key="type">title_2</infon><offset>7712</offset><text>Digitalization of clinical samples</text></passage><passage><infon key="section_type">METHODS</infon><infon key="type">paragraph</infon><offset>7747</offset><text>The malaria slides used in this study were obtained from the Malaria and Emerging Parasitic Diseases Laboratory (Spanish National Biobanks Registry Nº: C.0001392). All slides were previously re-examined and verified by expert microscopists, as well as confirmed by PCR to give a species-specific diagnosis.</text></passage><passage><infon key="section_type">METHODS</infon><infon key="type">paragraph</infon><offset>8055</offset><text>Twenty Giemsa stained anonymous thin blood smears were digitalized using a mobile phone (Sony Xperia Z2) coupled to an adaptor (Universal Digiscoping, Cellscope). Images were acquired with the “Camera FV-5 Pro” mobile application, under microscope (Zeiss AX05COP2), using an oil immersion objective (1000× magnification). The images were captured in the PNG format, with a resolution of 3.1 Mpx. To achieve an optimum exposure in the images acquired, the steps recommended by the CDC were followed.</text></passage><passage><infon key="section_type">METHODS</infon><infon key="type">paragraph</infon><offset>8560</offset><text>A total of 110 images were chosen from this image repository, according to pre-established requirements like the proportion of appearance of the distinct stages in the different parasites as well as those images which represent with more confidence the species-specific parameters and taking out of consideration those samples with presence of mix infections, bad staining and or highly deteriorated.</text></passage><passage><infon key="section_type">METHODS</infon><infon key="type">title_2</infon><offset>8961</offset><text>Study design</text></passage><passage><infon key="file">12936_2018_2194_Fig1_HTML.jpg</infon><infon key="id">Fig1</infon><infon key="section_type">FIG</infon><infon key="type">fig_caption</infon><offset>8974</offset><text>Scheme showing the study design. First, thin blood smears were digitalized using a mobile coupled to an adaptor (Universal Digiscoping, Cellscope). In a qualitative survey, images were shown to volunteers in order to find an easier and colloquial way to designate the different stages and species of Plasmodium. Using the definitions suggested by non-experts, a quantitative form was designed to evaluate the ability of new participants to provide an accurate classification of Plasmodium species, by differentiating the three main parameters observed on parasitized red blood cells: parasite stage, parasite shape and infected red blood cell size</text></passage><passage><infon key="section_type">METHODS</infon><infon key="type">paragraph</infon><offset>9622</offset><text>In order to evaluate the accuracy and effectiveness of on-line volunteers to diagnose Giemsa-stained malaria thin films, a quantitative and qualitative approach were assessed through two types of questionnaires (Fig. 1). </text></passage><passage><infon key="section_type">METHODS</infon><infon key="type">title_3</infon><offset>9845</offset><text>Qualitative survey</text></passage><passage><infon key="section_type">METHODS</infon><infon key="type">paragraph</infon><offset>9864</offset><text>Due to the difficulty of the malaria terminology for a non-expert volunteer, this first “qualitative survey” was an oral interview to understand the type of terminology and visual cues that could be efficient non-expert learning. The set of 110 representative images of the five parasite species at the different stages was shown to six initial volunteers (not involved in the rest of the surveys and without any biomedical knowledge). Three groups of questions were established; the first group consisted of a set of 50 reduced images showing just the infected red blood cell (15 young rings, 10 trophozoites, 10 schizonts and 10 gametocytes) and the volunteers were asked about the differences among the stages and how they could define them in one word. The second group was composed of a set of forty images showing a microscopic field of view (two for each stage and species) asking for a representative short definition about the five species at each stage. Twenty additional images were shown to the volunteers in order to validate their ability to recognize the parasites.</text></passage><passage><infon key="section_type">METHODS</infon><infon key="type">title_3</infon><offset>10949</offset><text>Quantitative survey</text></passage><passage><infon key="section_type">METHODS</infon><infon key="type">paragraph</infon><offset>10969</offset><text>A main survey was elaborated to determine the ability on non-experts to recognize the different malaria parasites species and their stages with 53 non-expert volunteers. A follow up questionnaire was also designed to determine ability to differentiate changes in the RBC shape size among the five Plasmodium species in 29 volunteers.</text></passage><passage><infon key="section_type">METHODS</infon><infon key="type">paragraph</infon><offset>11303</offset><text>Prior to the main survey, the convenience of using a “supporting example image” that shows a visual example of the different species that the volunteers need to classify was assessed with a group of 32 volunteers. This survey was created using twelve images of the four different life-cycle stages: six, in which each image was shown with the supporting example image mentioned above and other six in which each image was shown alone to the same group of volunteers. For each image, the volunteer chose one of these four responses referred to the parasite: “baby” for young trophozoites, “child” for mature trophozoites, “teen” for schizonts and “adult” for gametocytes, according to the definitions obtained after the results of the qualitative study. After analysing the results, the supporting example image was included in the main survey (Additional file 1).</text></passage><passage><infon key="section_type">METHODS</infon><infon key="type">paragraph</infon><offset>12187</offset><text>A unique form was used in the main survey to study the ability of volunteers to differentiate the stages and the species. For stages, a set of twenty-two questions were presented, including a strip of images as a supporting media, which consisted in an example image from each parasite species at each parasite stage. Thus, each volunteer could choose one out four words (“baby”, “child”, “teen” and “adult”) corresponding with the life-cycle stage.</text></passage><passage><infon key="section_type">METHODS</infon><infon key="type">paragraph</infon><offset>12653</offset><text>The part of the survey referred to the species presented a set of forty-one questions. In this case, each volunteer chose one out five definitions corresponding to each malaria parasite. These definitions were formulated with the help of the “qualitative survey” mentioned above. The same proportion as the different stage-forms appear in real samples was maintained.</text></passage><passage><infon key="section_type">METHODS</infon><infon key="type">paragraph</infon><offset>13025</offset><text>Finally, as a follow up questionnaire and to assess whether non-experts were able to differentiate the size of RBC infected by the different species, a separately form was designed using a set of forty-one questions. For each infected RBC, volunteers chose between “higher”, “normal” or “lower” size.</text></passage><passage><infon key="section_type">METHODS</infon><infon key="type">paragraph</infon><offset>13338</offset><text>In order to assign a probability value of diagnosis to each image, the results which obtained the higher percentage of answers (and higher than the one expected randomly) for the questionnaires about species and size were combined.</text></passage><passage><infon key="section_type">METHODS</infon><infon key="type">title_2</infon><offset>13570</offset><text>Statistical analysis</text></passage><passage><infon key="section_type">METHODS</infon><infon key="type">paragraph</infon><offset>13591</offset><text>All statistical analyses were performed using the GraphPad Prism Software (version 6). The parametric T-Student test or the non-parametric test U-Mann–Whitney was used to compare between two groups and the parametric ANOVA Test or the non-parametric test Kruskal–Wallis was used when more of two groups were compared. Differences between means were considered significant when the P value was ≤ 0.05.</text></passage><passage><infon key="section_type">RESULTS</infon><infon key="type">title_1</infon><offset>14000</offset><text>Results</text></passage><passage><infon key="section_type">RESULTS</infon><infon key="type">title_2</infon><offset>14008</offset><text>Description of the different species and stages by non-expert observers</text></passage><passage><infon key="file">Tab1.xml</infon><infon key="id">Tab1</infon><infon key="section_type">TABLE</infon><infon key="type">table_caption</infon><offset>14080</offset><text>Characteristic definition of each of the stages of the malaria species</text></passage><passage><infon key="file">Tab1.xml</infon><infon key="id">Tab1</infon><infon key="section_type">TABLE</infon><infon key="type">table</infon><infon key="xml">&lt;?xml version=&quot;1.0&quot; encoding=&quot;UTF-8&quot;?&gt;
&lt;table frame=&quot;hsides&quot; rules=&quot;groups&quot;&gt;&lt;thead&gt;&lt;tr&gt;&lt;th align=&quot;left&quot;/&gt;&lt;th align=&quot;left&quot;&gt;
&lt;italic&gt;P. falciparum&lt;/italic&gt;
&lt;/th&gt;&lt;th align=&quot;left&quot;&gt;
&lt;italic&gt;P. vivax&lt;/italic&gt;
&lt;/th&gt;&lt;th align=&quot;left&quot;&gt;
&lt;italic&gt;P. ovale&lt;/italic&gt;
&lt;/th&gt;&lt;th align=&quot;left&quot;&gt;
&lt;italic&gt;P. malariae&lt;/italic&gt;
&lt;/th&gt;&lt;th align=&quot;left&quot;&gt;
&lt;italic&gt;P. knowlesi&lt;/italic&gt;
&lt;/th&gt;&lt;/tr&gt;&lt;/thead&gt;&lt;tbody&gt;&lt;tr&gt;&lt;td align=&quot;left&quot;&gt;Ring&lt;/td&gt;&lt;td align=&quot;left&quot;&gt;Purple spot with a thin ring&lt;/td&gt;&lt;td align=&quot;left&quot;&gt;Purple spot with deformed body&lt;/td&gt;&lt;td align=&quot;left&quot;&gt;Ring with a large purple spot&lt;/td&gt;&lt;td align=&quot;left&quot;&gt;Purple spot with a thick body&lt;/td&gt;&lt;td align=&quot;left&quot;&gt;Purple spot (or spots) with an amorphous thick ring&lt;/td&gt;&lt;/tr&gt;&lt;tr&gt;&lt;td align=&quot;left&quot;&gt;Trophozoite&lt;/td&gt;&lt;td align=&quot;left&quot;&gt;A bigger spot grows around a smaller spot&lt;/td&gt;&lt;td align=&quot;left&quot;&gt;A misshapen circle which contains an extended spot&lt;/td&gt;&lt;td align=&quot;left&quot;&gt;An oval circle (sometimes with small corners) which contains a purple spot with undefined shapes&lt;/td&gt;&lt;td align=&quot;left&quot;&gt;Basket or band shaped. There is no spot&lt;/td&gt;&lt;td align=&quot;left&quot;&gt;Purple branched spot (the branches are continuous or discontinuous)&lt;/td&gt;&lt;/tr&gt;&lt;tr&gt;&lt;td align=&quot;left&quot;&gt;Schizont&lt;/td&gt;&lt;td align=&quot;left&quot;&gt;Not stablished&lt;/td&gt;&lt;td align=&quot;left&quot;&gt;Not defined purple spots inside a circle&lt;/td&gt;&lt;td align=&quot;left&quot;&gt;More than one spot (occasionally they are not very clear) inside an oval circle (sometimes with small corners)&lt;/td&gt;&lt;td align=&quot;left&quot;&gt;Diffuse purple spots around a darker spot&lt;/td&gt;&lt;td align=&quot;left&quot;&gt;Defined purple spots easy to count&lt;/td&gt;&lt;/tr&gt;&lt;tr&gt;&lt;td align=&quot;left&quot;&gt;Gametocyte&lt;/td&gt;&lt;td align=&quot;left&quot;&gt;Banana/sausage shaped&lt;/td&gt;&lt;td align=&quot;left&quot;&gt;Extended, big spot&lt;/td&gt;&lt;td align=&quot;left&quot;&gt;Row of accumulated spots&lt;/td&gt;&lt;td align=&quot;left&quot;&gt;A big stained spot which almost fill the circle&lt;/td&gt;&lt;td align=&quot;left&quot;&gt;A big spot which contains small spots&lt;/td&gt;&lt;/tr&gt;&lt;/tbody&gt;&lt;/table&gt;
</infon><offset>14151</offset><text>	P. falciparum	P. vivax	P. ovale	P. malariae	P. knowlesi	 	Ring	Purple spot with a thin ring	Purple spot with deformed body	Ring with a large purple spot	Purple spot with a thick body	Purple spot (or spots) with an amorphous thick ring	 	Trophozoite	A bigger spot grows around a smaller spot	A misshapen circle which contains an extended spot	An oval circle (sometimes with small corners) which contains a purple spot with undefined shapes	Basket or band shaped. There is no spot	Purple branched spot (the branches are continuous or discontinuous)	 	Schizont	Not stablished	Not defined purple spots inside a circle	More than one spot (occasionally they are not very clear) inside an oval circle (sometimes with small corners)	Diffuse purple spots around a darker spot	Defined purple spots easy to count	 	Gametocyte	Banana/sausage shaped	Extended, big spot	Row of accumulated spots	A big stained spot which almost fill the circle	A big spot which contains small spots	 	</text></passage><passage><infon key="file">Tab1.xml</infon><infon key="id">Tab1</infon><infon key="section_type">TABLE</infon><infon key="type">table_foot</infon><offset>15122</offset><text>Definitions were elaborated based on the answers of a small group of volunteers (n = 6) not involved in the rest of the surveys</text></passage><passage><infon key="section_type">RESULTS</infon><infon key="type">paragraph</infon><offset>15252</offset><text>The analysis of the results regarding the qualitative survey suggests that an easier and colloquial way to designate the parasitic stages that make non-experts more comfortable and efficient is to establish a relationship between the stages of the parasite and the human ages: “baby” for young trophozoites, “child” for mature trophozoites, “teen” for schizonts and “adult” for gametocytes. The answers about the different species allowed to generate an easy, simple and characteristic definition of each of the stages of the malaria species (Table 1). </text></passage><passage><infon key="section_type">RESULTS</infon><infon key="type">title_2</infon><offset>15823</offset><text>Non-expert participants are able to differentiate parasite stages</text></passage><passage><infon key="file">12936_2018_2194_Fig2_HTML.jpg</infon><infon key="id">Fig2</infon><infon key="section_type">FIG</infon><infon key="type">fig_caption</infon><offset>15889</offset><text>Percentage of answers obtained for the different stages shown. Correct answer is marked within a rectangle. Values given are the mean ± SEM calculated for the different images shown in a total of 53 volunteers. Asterisk indicates a significant difference between the percentage of response of the correct answer and each other three possibilities. *P &lt; 0.05; **P &lt; 0.01; **P &lt; 0.005. Young trophozoites (young t.), mature trophozoites (mature t.)</text></passage><passage><infon key="section_type">RESULTS</infon><infon key="type">paragraph</infon><offset>16345</offset><text>Plasmodium identification frequently requires classifying the different morphological stages. The results obtained in the survey referred to the stages showed that most of the volunteers were able to identify the Plasmodium stage in the different images shown (Fig. 2). For all the stages, the percentage of answers for the correct form shown in the survey was higher than the expected randomly. Moreover, young and mature trophozoites, as well as schizonts, were significantly discriminated from all the other forms (young versus mature trophozoites, P &lt; 0.05; young versus schizonts and gametocytes, P &lt; 0.01; mature trophozoites versus schizonts, P &lt; 0.05; mature trophozoites versus gametocytes, P &lt; 0.01). Gametocytes were significantly differentiated from young trophozoites (P &lt; 0.01) but not from mature trophozoites and schizonts. </text></passage><passage><infon key="section_type">RESULTS</infon><infon key="type">title_2</infon><offset>17197</offset><text>Non-expert participants are able to differentiate parasite species</text></passage><passage><infon key="section_type">RESULTS</infon><infon key="type">paragraph</infon><offset>17264</offset><text>Then, the ability of non-expert participants to differentiate the five Plasmodium species that affect human (P. falciparum, P. vivax, P. ovale, P. malariae and P. knowlesi) was evaluated. For this, different images of the parasite species were shown to volunteers in the survey.</text></passage><passage><infon key="file">12936_2018_2194_Fig3_HTML.jpg</infon><infon key="id">Fig3</infon><infon key="section_type">FIG</infon><infon key="type">fig_caption</infon><offset>17543</offset><text>Percentage of answers obtained for the different species shown. Correct answer is marked within a rectangle. Values given are the mean ± SEM calculated for the different images shown in a total of 53 volunteers. Asterisk indicates a significant difference between the percentage of response of the correct answer and each of the other four possibilities. *P &lt; 0.05</text></passage><passage><infon key="section_type">RESULTS</infon><infon key="type">paragraph</infon><offset>17913</offset><text>The results showed that, for all queries, the correct species shown in the survey received the highest percentage of answers (Fig. 3). Plasmodium falciparum, P. ovale and P. knowlesi were statistically discriminated from all the other species (P &lt; 0.05). Plasmodium vivax was statistically differentiated from all the species with the exception of P. malariae (P. vivax versus P. falciparum, P. ovale and P. knowlesi, P &lt; 0.05). Plasmodium malariae was not distinguished significantly from P. vivax and P. ovale (P. malariae versus P. falciparum and P. knowlesi, P &lt; 0.05). </text></passage><passage><infon key="file">12936_2018_2194_Fig4_HTML.jpg</infon><infon key="id">Fig4</infon><infon key="section_type">FIG</infon><infon key="type">fig_caption</infon><offset>18495</offset><text>Percentage of answers obtained for the size of the different infected erythrocytes shown. Correct answer is marked within a rectangle. Values given are the mean ± SEM calculated for the different images shown in a total of 29 volunteers. Asterisk indicates a significant difference between the percentage of response of the correct answer and each of the other two possibilities. *P &lt; 0.05. RBC red blood cells</text></passage><passage><infon key="section_type">RESULTS</infon><infon key="type">paragraph</infon><offset>18911</offset><text>Interestingly, in P. malariae infections, RBC are normal or smaller than normal size. In contrast, in P. ovale and P. vivax infections, RBC are often larger than the normal ones. Then, these species could be differentiated by the red blood cell size, a parameter that was not included in the survey. Therefore, a new experiment with a different set of non-expert participants inquiring about to RBC size of different Plasmodium species was performed. Plasmodium ovale and P. vivax RBC were significantly identified as “larger” (P &lt; 0.05) and P. malariae, as well as P. falciparum and P. knowlesi were statistically identified as “same” size (P &lt; 0.05) (Fig. 4). </text></passage><passage><infon key="section_type">RESULTS</infon><infon key="type">paragraph</infon><offset>19587</offset><text>Combined with the previous results, these data demonstrate the potential ability of non-expert volunteers to statistically differentiate the five Plasmodium species which infect humans. When a probability value of diagnosis was assigned to each image, based on the answers obtained about species and size, sensitivity of 90% was reached for P. ovale, 80% for P. vivax and P. falciparum and 70% for P. malariae and P. knowlesi. When P. vivax versus P. falciparum was compared, sensitivity reach scores of 80–100%.</text></passage><passage><infon key="section_type">DISCUSS</infon><infon key="type">title_1</infon><offset>20102</offset><text>Discussion</text></passage><passage><infon key="section_type">DISCUSS</infon><infon key="type">paragraph</infon><offset>20113</offset><text>According to the WHO an ideal test would be inexpensive, consistent, highly sensitive, adequately specific, quantitative and species-differentiating. Microscopy is the golden standard diagnosis method for malaria, and at the same time the cheapest, but it has the disadvantage that a high level of training and experience is needed to make a correct diagnosis especially for species identification. The present study explored the possibility of use the power of non-expert on-line volunteers to differentiate the five human Plasmodium species from samples of thin blood film digitalized by a smartphone coupled to a conventional light microscopy by an inexpensive way using a combination of microscopy and social networks.</text></passage><passage><infon key="section_type">DISCUSS</infon><infon key="type">paragraph</infon><offset>20836</offset><text>Previously, the ability of non-expert volunteers to differentiate between infected or uninfected RBC has been analysed. Nevertheless, to our knowledge, this is the first study that addresses species identification of the five parasites at the same time using an on-line platform.</text></passage><passage><infon key="section_type">DISCUSS</infon><infon key="type">paragraph</infon><offset>21116</offset><text>Malaria species classification on thin blood films is very challenging, even for an experienced microscopist, and frequently requires to classify the different stages morphology. To this regard, our work demonstrated that non-experts are able to classify the distinct intraerythrocytic forms. Comparing the shape of the different Plasmodium stages, volunteers were able to improve their performance by associating the cycle of the parasite with the human ages terms- easy to remember given that the training was in the order of minutes (“baby”, “child”, “teen” and “adult”). Furthermore, volunteers were more accurate when supporting example images were included at the moment of making the decision. Non-expert volunteers were able to differentiate the four parasite stages, although they presented difficulties to discriminate gametocytes from the other two mature forms (mature trophozoites and schizonts) in line with what have been previously reported in the literature for expert microscopists. As gametocyte carriage substantially contributes to the human infective reservoir for onward transmission to mosquitoes, it is important to find methodologies to overcome this limitation.</text></passage><passage><infon key="section_type">DISCUSS</infon><infon key="type">paragraph</infon><offset>22321</offset><text>Non-experts were also able to discriminate Plasmodium species including P. knowlesi. It is well established that misdiagnosis of P. knowlesi with other species is frequent and, under the microscope, it is frequently misdiagnosed with P. malariae, as late trophozoites are very similar, or even it is confounded with P. falciparum, as the young ring forms are similar. It should be noted that for other species, high false negative and positive results frequently suggest non-familiarity with the non-falciparum infections, which is reduced after training assessments. The non-familiarity with the most recently introduced P. knowlesi, could also affects to the distinction, particularly between P. falciparum, P. vivax and P. malariae. Nevertheless, it is worthy to note that, although a better training in the endemic areas could improve classification, in the present study a high proportion of P. knowlesi rings were still confounded with P. falciparum, in the light with the previous reports.</text></passage><passage><infon key="section_type">DISCUSS</infon><infon key="type">paragraph</infon><offset>23318</offset><text>In this work, volunteers experienced difficulties to distinguish P. vivax versus P. malariae, and this latter versus P. ovale. It has been previously reported that it is very hard to differentiate the ring form of P. malariae and P. vivax by microscopy since they are very similar. In a separately study, microscopy gave an incorrect diagnosis in 1.5% of the positive cases, mistaking P. vivax with P. ovale and P. malariae.</text></passage><passage><infon key="section_type">DISCUSS</infon><infon key="type">paragraph</infon><offset>23743</offset><text>Interestingly, these species could be differentiated by the red blood cell size, and because of that, this variable was analyzed in a separately survey. As expected, P. ovale and P. vivax RBC were significantly identified as “larger” than P. malariae, P. falciparum and P. knowlesi. Combined with the previous results, data demonstrate the potential ability of non-expert volunteers to statistically differentiate all the five Plasmodium species.</text></passage><passage><infon key="section_type">DISCUSS</infon><infon key="type">paragraph</infon><offset>24194</offset><text>Generally, this proof of concept demonstrates that non-expert volunteers can learn the tasks for image recognition of the different species, producing a consistent and sensitive classification of the different species when opinions from multiple volunteers over the same sample are aggregated. This methodology paves the way to create tele-microscopy systems that combine remote image digitalization, human training and artificial intelligence. These methodological associations have a high potential for applicability in the field, being potentially a faster and economic way to achieve correct and rapid diagnosis of the malaria species, even when health facilities receive more patients than their processing capacities and thus, becoming difficult to assist patients with a correct diagnosis.</text></passage><passage><infon key="section_type">DISCUSS</infon><infon key="type">title_1</infon><offset>24991</offset><text>Limitations of the study</text></passage><passage><infon key="section_type">DISCUSS</infon><infon key="type">paragraph</infon><offset>25016</offset><text>Due to the limited format of the quantitative survey (41 questions), the number of images used was restricted, which has impacted the sensitivity values obtained in the study. A bigger survey with more images would be optimum but for this proof of concept addressed to non-expert people, more questions would have a negatively impact on the results. In order to obtain sufficient data, each species was represented by a 20%. As well, the limited number of stages showed for each species did not allow for a statistical analysis. This fact could have a high impact when some species forms are usually confounded with others (e.g. in P. knowlesi, 40% of the ring forms were confounded with P. falciparum rings). In order to reduce this impact and to achieve more realistic results, the proportion of the different stages was maintained as it appeared in the real samples. For P. falciparum and P. knowlesi, 80 and 50% of the images were rings respectively. In contrast, for P. vivax and P. ovale only 30% were rings and 40% were mature trophozoites. Finally, for P. malariae 50% of images were rings and 30% mature trophozoites. Thus, although some of these limitations should be resolved in the future, this work can be the used as the basis for designing a system and a protocol that allows for remote parasite classification in an operational context. Such system could use a mobile phone coupled to a regular microscope or directly a mobile microscope to digitalize the sample and transmit it to the internet over the mobile network. A specific app that is connected to a system could distribute the image samples to enough on-line examinators and produces an aggregate parasite classification that is sent back to the app in the field. The applications of such system could support directly in malaria diagnosis and quality control- but also could be used for training and educational purposes for students and field workers to improve the diagnosis performance.</text></passage><passage><infon key="section_type">CONCL</infon><infon key="type">title_1</infon><offset>26982</offset><text>Conclusions</text></passage><passage><infon key="section_type">CONCL</infon><infon key="type">paragraph</infon><offset>26994</offset><text>Using an on-line platform, it is possible to train on line non-expert volunteers to obtain an accurate diagnosis of Plasmodium species and stages, based on simple visual cues observed on parasitized red blood cells as texture, colour, shape and size. While the accuracy of a single on-line expert is far from perfect, a single parasite classification obtained by combining the opinions of multiple on-line volunteers over the same smear, could improve accuracy and reliability of Plasmodium species identification in remote malaria diagnosis.</text></passage><passage><infon key="section_type">CONCL</infon><infon key="type">title_1</infon><offset>27537</offset><text>Additional file</text></passage><passage><infon key="section_type">ABBR</infon><infon key="type">title</infon><offset>27553</offset><text>Abbreviations</text></passage><passage><infon key="section_type">ABBR</infon><infon key="type">paragraph</infon><offset>27567</offset><text>ACT</text></passage><passage><infon key="section_type">ABBR</infon><infon key="type">paragraph</infon><offset>27571</offset><text>artemisinin-based combination therapy</text></passage><passage><infon key="section_type">ABBR</infon><infon key="type">paragraph</infon><offset>27609</offset><text>ANOVA</text></passage><passage><infon key="section_type">ABBR</infon><infon key="type">paragraph</infon><offset>27615</offset><text>analysis of variance</text></passage><passage><infon key="section_type">ABBR</infon><infon key="type">paragraph</infon><offset>27636</offset><text>CDC</text></passage><passage><infon key="section_type">ABBR</infon><infon key="type">paragraph</infon><offset>27640</offset><text>Centers for Disease Control and Prevention</text></passage><passage><infon key="section_type">ABBR</infon><infon key="type">paragraph</infon><offset>27683</offset><text>PCR</text></passage><passage><infon key="section_type">ABBR</infon><infon key="type">paragraph</infon><offset>27687</offset><text>polymerase chain reaction</text></passage><passage><infon key="section_type">ABBR</infon><infon key="type">paragraph</infon><offset>27713</offset><text>RBC</text></passage><passage><infon key="section_type">ABBR</infon><infon key="type">paragraph</infon><offset>27717</offset><text>red blood cells</text></passage><passage><infon key="section_type">ABBR</infon><infon key="type">paragraph</infon><offset>27733</offset><text>RDT</text></passage><passage><infon key="section_type">ABBR</infon><infon key="type">paragraph</infon><offset>27737</offset><text>rapid diagnostic test</text></passage><passage><infon key="section_type">ABBR</infon><infon key="type">paragraph</infon><offset>27759</offset><text>WHO</text></passage><passage><infon key="section_type">ABBR</infon><infon key="type">paragraph</infon><offset>27763</offset><text>World Health Organization</text></passage><passage><infon key="section_type">ABBR</infon><infon key="type">footnote</infon><offset>27789</offset><text>Miguel Luengo-Oroz and María Linares contributed equally to this work</text></passage><passage><infon key="section_type">ABBR</infon><infon key="type">footnote</infon><offset>27860</offset><text>Electronic supplementary material</text></passage><passage><infon key="section_type">ABBR</infon><infon key="type">footnote</infon><offset>27894</offset><text>The online version of this article (10.1186/s12936-018-2194-8) contains supplementary material, which is available to authorized users.</text></passage><passage><infon key="section_type">REF</infon><infon key="type">title</infon><offset>28030</offset><text>References</text></passage><passage><infon key="section_type">REF</infon><infon key="type">ref</infon><offset>28041</offset><text>WHO. World malaria report. Geneva: World Health Organization; 2016. http://www.who.int/malaria/publications/world-malaria-report-2016/report/en/. Accessed 1 Jan 2017.</text></passage><passage><infon key="fpage">8</infon><infon key="name_0">surname:Barber;given-names:B</infon><infon key="name_1">surname:William;given-names:T</infon><infon key="name_2">surname:Grigg;given-names:M</infon><infon key="name_3">surname:Yeo;given-names:T</infon><infon key="name_4">surname:Anstey;given-names:N</infon><infon key="pub-id_doi">10.1186/1475-2875-12-8</infon><infon key="pub-id_pmid">23294844</infon><infon key="section_type">REF</infon><infon key="source">Malar J</infon><infon key="type">ref</infon><infon key="volume">12</infon><infon key="year">2013</infon><offset>28208</offset><text>Limitations of microscopy to differentiate Plasmodium species in a region co-endemic for Plasmodium falciparum, Plasmodium vivax and Plasmodium knowlesi</text></passage><passage><infon key="section_type">REF</infon><infon key="type">ref</infon><offset>28361</offset><text>WHO. World malaria report. Geneva: World Health Organization; 2015. http://www.who.int/malaria/publications/world-malaria-report-2015/en/. Accessed 6 Jun 2016.</text></passage><passage><infon key="fpage">3375</infon><infon key="lpage">3385</infon><infon key="name_0">surname:Ranjan;given-names:P</infon><infon key="name_1">surname:Ghoshal;given-names:U</infon><infon key="pub-id_doi">10.1007/s00436-016-5098-y</infon><infon key="pub-id_pmid">27147091</infon><infon key="section_type">REF</infon><infon key="source">Parasitol Res</infon><infon key="type">ref</infon><infon key="volume">115</infon><infon key="year">2016</infon><offset>28521</offset><text>Utility of nested polymerase chain reaction over the microscopy and immuno-chromatographic test in the detection of Plasmodium species and their clinical spectrum</text></passage><passage><infon key="fpage">e0004195</infon><infon key="name_0">surname:Langford;given-names:S</infon><infon key="name_1">surname:Douglas;given-names:NM</infon><infon key="name_2">surname:Lampah;given-names:DA</infon><infon key="name_3">surname:Simpson;given-names:JA</infon><infon key="name_4">surname:Kenangalem;given-names:E</infon><infon key="name_5">surname:Sugiarto;given-names:P</infon><infon key="pub-id_doi">10.1371/journal.pntd.0004195</infon><infon key="pub-id_pmid">26720002</infon><infon key="section_type">REF</infon><infon key="source">PLoS Negl Trop Dis</infon><infon key="type">ref</infon><infon key="volume">9</infon><infon key="year">2015</infon><offset>28684</offset><text>Plasmodium malariae infection associated with a high burden of anemia: a hospital-based surveillance study</text></passage><passage><infon key="fpage">113</infon><infon key="name_0">surname:Obare;given-names:P</infon><infon key="name_1">surname:Ogutu;given-names:B</infon><infon key="name_2">surname:Adams;given-names:M</infon><infon key="name_3">surname:Odera;given-names:JS</infon><infon key="name_4">surname:Lilley;given-names:K</infon><infon key="name_5">surname:Dosoo;given-names:D</infon><infon key="pub-id_doi">10.1186/1475-2875-12-113</infon><infon key="pub-id_pmid">23537145</infon><infon key="section_type">REF</infon><infon key="source">Malar J</infon><infon key="type">ref</infon><infon key="volume">12</infon><infon key="year">2013</infon><offset>28791</offset><text>Misclassification of Plasmodium infections by conventional microscopy and the impact of remedial training on the proficiency of laboratory technicians in species identification</text></passage><passage><infon key="section_type">REF</infon><infon key="type">ref</infon><offset>28968</offset><text>WHO. Methods for field trials of malaria rapid diagnostic tests. Geneva: World Health Organization; 2009. http://www.who.int/malaria/publications/atoz/9789290614166_field_trials/en/. Accessed 11 Jan 2017.</text></passage><passage><infon key="fpage">S18</infon><infon key="name_0">surname:Kaewkamnerd;given-names:S</infon><infon key="name_1">surname:Uthaipibull;given-names:C</infon><infon key="name_2">surname:Intarapanich;given-names:A</infon><infon key="name_3">surname:Pannarut;given-names:M</infon><infon key="name_4">surname:Chaotheing;given-names:S</infon><infon key="name_5">surname:Tongsima;given-names:S</infon><infon key="pub-id_doi">10.1186/1471-2105-13-S17-S18</infon><infon key="section_type">REF</infon><infon key="source">BMC Bioinform</infon><infon key="type">ref</infon><infon key="volume">13</infon><infon key="year">2012</infon><offset>29173</offset><text>An automatic device for detection and classification of malaria parasite species in thick blood film</text></passage><passage><infon key="section_type">REF</infon><infon key="type">ref</infon><offset>29274</offset><text>WHO. Guidelines for the treatment of malaria. Geneva: World Health Organization; 2015. http://www.who.int/malaria/publications/atoz/9789241549127/en/. Accessed 9 Jan 2017.</text></passage><passage><infon key="fpage">117</infon><infon key="name_0">surname:Andrade;given-names:BB</infon><infon key="name_1">surname:Reis-Filho;given-names:A</infon><infon key="name_2">surname:Barros;given-names:AM</infon><infon key="name_3">surname:Souza-Neto;given-names:SM</infon><infon key="name_4">surname:Nogueira;given-names:LL</infon><infon key="name_5">surname:Fukutani;given-names:KF</infon><infon key="pub-id_doi">10.1186/1475-2875-9-117</infon><infon key="pub-id_pmid">20459613</infon><infon key="section_type">REF</infon><infon key="source">Malar J</infon><infon key="type">ref</infon><infon key="volume">9</infon><infon key="year">2010</infon><offset>29446</offset><text>Towards a precise test for malaria diagnosis in the Brazilian Amazon: comparison among field microscopy, a rapid diagnostic test, nested PCR, and a computational expert system based on artificial neural networks</text></passage><passage><infon key="section_type">REF</infon><infon key="type">ref</infon><offset>29658</offset><text>Tek FB, Dempster AG, Kale I. Malaria parasite detection in peripheral blood images. In: Proceedings British Machine Vision Conference, Manchester. 2006. p. 47–56.</text></passage><passage><infon key="fpage">431</infon><infon key="name_0">surname:Schenkmans;given-names:L</infon><infon key="section_type">REF</infon><infon key="source">Science</infon><infon key="type">ref</infon><infon key="volume">330</infon><infon key="year">2010</infon><offset>29823</offset><text>All hands on deck</text></passage><passage><infon key="fpage">373</infon><infon key="lpage">376</infon><infon key="name_0">surname:Mavandadi;given-names:S</infon><infon key="name_1">surname:Feng;given-names:S</infon><infon key="name_2">surname:Yu;given-names:F</infon><infon key="name_3">surname:Dimitrov;given-names:S</infon><infon key="name_4">surname:Yu;given-names:R</infon><infon key="name_5">surname:Ozcan;given-names:A</infon><infon key="pub-id_doi">10.1089/g4h.2012.0054</infon><infon key="pub-id_pmid">23724363</infon><infon key="section_type">REF</infon><infon key="source">Games Health J</infon><infon key="type">ref</infon><infon key="volume">1</infon><infon key="year">2012</infon><offset>29841</offset><text>BioGames: a platform for crowd-sourced biomedical image analysis and telediagnosis</text></passage><passage><infon key="fpage">e46</infon><infon key="name_0">surname:Swan;given-names:M</infon><infon key="pub-id_doi">10.2196/jmir.1988</infon><infon key="pub-id_pmid">22397809</infon><infon key="section_type">REF</infon><infon key="source">J Med Internet Res</infon><infon key="type">ref</infon><infon key="volume">14</infon><infon key="year">2012</infon><offset>29924</offset><text>Crowdsourced health research studies: an important emerging complement to clinical trials in the public health research ecosystem</text></passage><passage><infon key="fpage">135</infon><infon key="name_0">surname:Good;given-names:B</infon><infon key="name_1">surname:Su;given-names:A</infon><infon key="pub-id_doi">10.1186/gb-2011-12-12-135</infon><infon key="pub-id_pmid">22204700</infon><infon key="section_type">REF</infon><infon key="source">Genome Biol</infon><infon key="type">ref</infon><infon key="volume">12</infon><infon key="year">2011</infon><offset>30054</offset><text>Games with a scientific purpose</text></passage><passage><infon key="fpage">187</infon><infon key="lpage">203</infon><infon key="name_0">surname:Ranard;given-names:BL</infon><infon key="name_1">surname:Ha;given-names:YP</infon><infon key="name_2">surname:Meisel;given-names:ZF</infon><infon key="name_3">surname:Asch;given-names:DA</infon><infon key="name_4">surname:Hill;given-names:SS</infon><infon key="name_5">surname:Becker;given-names:LB</infon><infon key="pub-id_doi">10.1007/s11606-013-2536-8</infon><infon key="pub-id_pmid">23843021</infon><infon key="section_type">REF</infon><infon key="source">J Gen Intern Med</infon><infon key="type">ref</infon><infon key="volume">29</infon><infon key="year">2014</infon><offset>30086</offset><text>Crowdsourcing—harnessing the masses to advance health and medicine, a systematic review</text></passage><passage><infon key="fpage">32</infon><infon key="lpage">33</infon><infon key="name_0">surname:Michelucci;given-names:P</infon><infon key="name_1">surname:Dickinson;given-names:JL</infon><infon key="pub-id_doi">10.1126/science.aad6499</infon><infon key="pub-id_pmid">26721991</infon><infon key="section_type">REF</infon><infon key="source">Science</infon><infon key="type">ref</infon><infon key="volume">351</infon><infon key="year">2016</infon><offset>30176</offset><text>Human computation. The power of crowds</text></passage><passage><infon key="fpage">256</infon><infon key="lpage">261</infon><infon key="name_0">surname:Wang;given-names:X</infon><infon key="name_1">surname:Mudie;given-names:L</infon><infon key="name_2">surname:Brady;given-names:CJ</infon><infon key="pub-id_doi">10.1097/ICU.0000000000000251</infon><infon key="pub-id_pmid">26761188</infon><infon key="section_type">REF</infon><infon key="source">Curr Opin Ophthalmol</infon><infon key="type">ref</infon><infon key="volume">27</infon><infon key="year">2016</infon><offset>30215</offset><text>Crowdsourcing: an overview and applications to ophthalmology</text></passage><passage><infon key="fpage">e167</infon><infon key="name_0">surname:Luengo-Oroz;given-names:MA</infon><infon key="name_1">surname:Arranz;given-names:A</infon><infon key="name_2">surname:Frean;given-names:J</infon><infon key="pub-id_doi">10.2196/jmir.2338</infon><infon key="pub-id_pmid">23196001</infon><infon key="section_type">REF</infon><infon key="source">J Med Internet Res</infon><infon key="type">ref</infon><infon key="volume">14</infon><infon key="year">2012</infon><offset>30276</offset><text>Crowdsourcing malaria parasite quantification: an online game for analyzing images of infected thick blood smears</text></passage><passage><infon key="fpage">418</infon><infon key="name_0">surname:Albers;given-names:L</infon><infon key="pub-id_doi">10.1016/S1473-3099(16)00136-5</infon><infon key="section_type">REF</infon><infon key="source">Lancet Infect Dis</infon><infon key="type">ref</infon><infon key="volume">16</infon><infon key="year">2016</infon><offset>30390</offset><text>Gamers join real-life fight against malaria and tuberculosis</text></passage><passage><infon key="fpage">427</infon><infon key="lpage">436</infon><infon key="name_0">surname:Ross;given-names:NE</infon><infon key="name_1">surname:Pritchard;given-names:CJ</infon><infon key="name_2">surname:Rubin;given-names:DM</infon><infon key="name_3">surname:Duse;given-names:AG</infon><infon key="pub-id_doi">10.1007/s11517-006-0044-2</infon><infon key="pub-id_pmid">16937184</infon><infon key="section_type">REF</infon><infon key="source">Med Biol Eng Comput</infon><infon key="type">ref</infon><infon key="volume">44</infon><infon key="year">2006</infon><offset>30451</offset><text>Automated image processing method for the diagnosis and classification of malaria on thin blood smears</text></passage><passage><infon key="fpage">59</infon><infon key="lpage">62</infon><infon key="name_0">surname:Mohapatra;given-names:S</infon><infon key="name_1">surname:Sharma;given-names:D</infon><infon key="name_2">surname:Gupta;given-names:K</infon><infon key="name_3">surname:Deb;given-names:M</infon><infon key="name_4">surname:Gaind;given-names:R</infon><infon key="pub-id_doi">10.4103/2229-5070.129190</infon><infon key="pub-id_pmid">24754033</infon><infon key="section_type">REF</infon><infon key="source">Trop Parasitol</infon><infon key="type">ref</infon><infon key="volume">4</infon><infon key="year">2014</infon><offset>30554</offset><text>A simple and rapid staining method for detection of hemozoin pigment by methylene blue stain</text></passage><passage><infon key="section_type">REF</infon><infon key="type">ref</infon><offset>30647</offset><text>Feng S, Woo M-J, Kim H, Kim E, Ki S, Shao L, Ozcan A. A game-based crowdsourcing platform for rapidly training middle and high school students to perform biomedical image analysis. In: Proc SPIE optics and biophotonics in low-resource settings II. 2016; 10.1117/12.2212310.</text></passage><passage><infon key="fpage">372</infon><infon key="lpage">376</infon><infon key="name_0">surname:McKenzie;given-names:FE</infon><infon key="name_1">surname:Sirichaisinthop;given-names:J</infon><infon key="name_2">surname:Miller;given-names:RS</infon><infon key="name_3">surname:Gasser;given-names:RA</infon><infon key="name_4">surname:Wongsrichanalai;given-names:C</infon><infon key="pub-id_pmid">14640495</infon><infon key="section_type">REF</infon><infon key="source">Am J Trop Med Hyg</infon><infon key="type">ref</infon><infon key="volume">69</infon><infon key="year">2003</infon><offset>30921</offset><text>Dependence of malaria detection and species diagnosis by microscopy on parasite density</text></passage><passage><infon key="fpage">433</infon><infon key="name_0">surname:Mwingira;given-names:F</infon><infon key="name_1">surname:Genton;given-names:B</infon><infon key="name_2">surname:Kabanywanyi;given-names:AN</infon><infon key="name_3">surname:Felger;given-names:I</infon><infon key="pub-id_doi">10.1186/1475-2875-13-433</infon><infon key="pub-id_pmid">25404207</infon><infon key="section_type">REF</infon><infon key="source">Malar J</infon><infon key="type">ref</infon><infon key="volume">13</infon><infon key="year">2014</infon><offset>31009</offset><text>Comparison of detection methods to estimate asexual Plasmodium falciparum parasite prevalence and gametocyte carriage in a community survey in Tanzania</text></passage><passage><infon key="fpage">547</infon><infon key="lpage">553</infon><infon key="name_0">surname:Shekalaghe;given-names:SA</infon><infon key="name_1">surname:Bousema;given-names:JT</infon><infon key="name_2">surname:Kunei;given-names:KK</infon><infon key="name_3">surname:Lushino;given-names:P</infon><infon key="name_4">surname:Masokoto;given-names:A</infon><infon key="name_5">surname:Wolters;given-names:LR</infon><infon key="pub-id_doi">10.1111/j.1365-3156.2007.01821.x</infon><infon key="pub-id_pmid">17445146</infon><infon key="section_type">REF</infon><infon key="source">Trop Med Int Health</infon><infon key="type">ref</infon><infon key="volume">12</infon><infon key="year">2007</infon><offset>31161</offset><text>Submicroscopic Plasmodium falciparum gametocyte carriage is common in an area of low and seasonal transmission in Tanzania</text></passage><passage><infon key="fpage">201</infon><infon key="lpage">208</infon><infon key="name_0">surname:Coleman;given-names:RE</infon><infon key="name_1">surname:Kumpitak;given-names:C</infon><infon key="name_2">surname:Ponlawat;given-names:A</infon><infon key="name_3">surname:Maneechai;given-names:N</infon><infon key="name_4">surname:Phunkitchar;given-names:V</infon><infon key="name_5">surname:Rachapaew;given-names:N</infon><infon key="pub-id_doi">10.1603/0022-2585-41.2.201</infon><infon key="pub-id_pmid">15061279</infon><infon key="section_type">REF</infon><infon key="source">J Med Entomol</infon><infon key="type">ref</infon><infon key="volume">41</infon><infon key="year">2004</infon><offset>31284</offset><text>Infectivity of asymptomatic Plasmodium-infected human populations to Anopheles dirus mosquitoes in western Thailand</text></passage><passage><infon key="fpage">417</infon><infon key="lpage">421</infon><infon key="name_0">surname:Servonnet;given-names:A</infon><infon key="name_1">surname:Rapp;given-names:C</infon><infon key="name_2">surname:Delacour;given-names:H</infon><infon key="name_3">surname:Bigaillon;given-names:C</infon><infon key="name_4">surname:Pilo;given-names:JE</infon><infon key="name_5">surname:Merens;given-names:A</infon><infon key="pub-id_pmid">23353028</infon><infon key="section_type">REF</infon><infon key="source">Médecine et Santé Tropicales</infon><infon key="type">ref</infon><infon key="volume">22</infon><infon key="year">2012</infon><offset>31400</offset><text>Plasmodium knowlesi: une espèce émergente chez l’homme?</text></passage><passage><infon key="fpage">73</infon><infon key="name_0">surname:Lee;given-names:KS</infon><infon key="name_1">surname:Cox-Singh;given-names:J</infon><infon key="name_2">surname:Singh;given-names:B</infon><infon key="pub-id_doi">10.1186/1475-2875-8-73</infon><infon key="pub-id_pmid">19383118</infon><infon key="section_type">REF</infon><infon key="source">Malar J</infon><infon key="type">ref</infon><infon key="volume">8</infon><infon key="year">2009</infon><offset>31460</offset><text>Morphological features and differential counts of Plasmodium knowlesi parasites in naturally acquired human infections</text></passage><passage><infon key="fpage">852</infon><infon key="lpage">860</infon><infon key="name_0">surname:Daneshvar;given-names:C</infon><infon key="name_1">surname:Davis;given-names:TME</infon><infon key="name_2">surname:Cox-Singh;given-names:J</infon><infon key="name_3">surname:Rafa’ee;given-names:MZ</infon><infon key="name_4">surname:Zakaria;given-names:SK</infon><infon key="name_5">surname:Divis;given-names:PCS</infon><infon key="pub-id_doi">10.1086/605439</infon><infon key="pub-id_pmid">19635025</infon><infon key="section_type">REF</infon><infon key="source">Clin Infect Dis</infon><infon key="type">ref</infon><infon key="volume">49</infon><infon key="year">2009</infon><offset>31579</offset><text>Clinical and laboratory features of human Plasmodium knowlesi infection</text></passage><passage><infon key="fpage">52</infon><infon key="lpage">56</infon><infon key="name_0">surname:Mohapatra;given-names:PK</infon><infon key="name_1">surname:Prakash;given-names:A</infon><infon key="name_2">surname:Bhattacharyya;given-names:DR</infon><infon key="name_3">surname:Goswami;given-names:BK</infon><infon key="name_4">surname:Ahmed;given-names:A</infon><infon key="name_5">surname:Sarmah;given-names:B</infon><infon key="pub-id_pmid">18820359</infon><infon key="section_type">REF</infon><infon key="source">Indian J Med Res</infon><infon key="type">ref</infon><infon key="volume">128</infon><infon key="year">2008</infon><offset>31651</offset><text>Detection &amp; molecular confirmation of a focus of Plasmodium malariae in Arunachal Pradesh, India</text></passage><passage><infon key="fpage">321</infon><infon key="name_0">surname:Calderaro;given-names:A</infon><infon key="name_1">surname:Piccolo;given-names:G</infon><infon key="name_2">surname:Gorrini;given-names:C</infon><infon key="name_3">surname:Rossi;given-names:S</infon><infon key="name_4">surname:Montecchini;given-names:S</infon><infon key="name_5">surname:Dell’Anna;given-names:ML</infon><infon key="pub-id_doi">10.1186/1475-2875-12-321</infon><infon key="pub-id_pmid">24034175</infon><infon key="section_type">REF</infon><infon key="source">Malar J</infon><infon key="type">ref</infon><infon key="volume">12</infon><infon key="year">2013</infon><offset>31748</offset><text>Accurate identification of the six human Plasmodium spp. causing imported malaria, including Plasmodium ovale wallikeri and Plasmodium knowlesi</text></passage><passage><infon key="section_type">REF</infon><infon key="type">ref</infon><offset>31892</offset><text>CDC. Comparison of Plasmodium species which cause malaria in humans. Centers for Disease Control and Prevention; 2013. https://www.cdc.gov/dpdx/malaria/dx.html. Accessed 1 May 2017.</text></passage></document></collection>
