<?xml version="1.0" encoding="UTF-8"?>
<!DOCTYPE collection SYSTEM "BioC.dtd">
<collection><source>PMC</source><date>20201221</date><key>pmc.key</key><document><id>6115243</id><infon key="license">CC BY-NC-ND</infon><passage><infon key="article-id_doi">10.1055/s-0038-1641197</infon><infon key="article-id_pmc">6115243</infon><infon key="article-id_pmid">29681040</infon><infon key="article-id_publisher-id">Househ</infon><infon key="fpage">29</infon><infon key="issue">1</infon><infon key="kwd">Participatory health social media privacy data sharing</infon><infon key="license">This is an open-access article distributed under the terms of the Creative Commons Attribution-NonCommercial-NoDerivatives License, which permits unrestricted reproduction and distribution, for non-commercial purposes only; and use and reproduction, but not distribution, of adapted material for non-commercial purposes only, provided the original work is properly cited.</infon><infon key="lpage">36</infon><infon key="name_0">surname:Househ;given-names:Mowafa</infon><infon key="name_1">surname:Grainger;given-names:Rebecca</infon><infon key="name_2">surname:Petersen;given-names:Carolyn</infon><infon key="name_3">surname:Bamidis;given-names:Panagiotis</infon><infon key="name_4">surname:Merolli;given-names:Mark</infon><infon key="section_type">TITLE</infon><infon key="title">Keywords</infon><infon key="type">front</infon><infon key="volume">27</infon><infon key="year">2018</infon><offset>0</offset><text>Balancing Between Privacy and Patient Needs for Health Information in the Age of Participatory Health and Social Media: A Scoping Review</text></passage><passage><infon key="section_type">ABSTRACT</infon><infon key="type">abstract_title_1</infon><offset>137</offset><text>Summary</text></passage><passage><infon key="section_type">ABSTRACT</infon><infon key="type">abstract</infon><offset>145</offset><text> Objectives:  With the increased use of participatory health enabling technologies, such as social media, balancing the need for health information with patient privacy and confidentiality has become a more complex and immediate concern. The purpose of this paper produced by the members of the IMIA Participatory Health and Social Media (PHSM) working group is to investigate patient needs for health information using participatory health enabling technologies, while balancing their needs for privacy and confidentiality. </text></passage><passage><infon key="section_type">ABSTRACT</infon><infon key="type">abstract</infon><offset>673</offset><text> Methods:  Six domain areas including media sharing platforms, patient portals, web-based platforms, crowdsourcing websites, medical avatars, and other mobile health technologies were identified by five members of the IMIA PHSM working group as relevant to participatory health and the balance between data sharing and patient needs for privacy and confidentiality. After identifying the relevant domain areas, our scoping review began by searching several databases such as PubMed, MEDLINE, Scopus, and Google Scholar using a variety of key search terms. </text></passage><passage><infon key="section_type">ABSTRACT</infon><infon key="type">abstract</infon><offset>1232</offset><text> Results:  A total of 1,973 studies were identified, of which 68 studies met our inclusion criteria and were included in the analysis. Results showed that challenges for balancing patient needs for information and privacy and confidentiality concerns included: cross-cultural understanding, clinician and patient awareness, de-identification of data, and commercialization of patient data. Some opportunities identified were patient empowerment, connecting participatory health enabling technologies with clinical records, open data sharing agreement, and e-consent. </text></passage><passage><infon key="section_type">ABSTRACT</infon><infon key="type">abstract</infon><offset>1802</offset><text> Conclusion:  Balancing between privacy and patient needs for health information in the age of participatory health and social media offers several opportunities and challenges. More people are engaging in actively managing health through participatory health enabling technologies. Such activity often includes sharing health information and with this comes a perennial tension between balancing individual needs and the desire to uphold privacy and confidentiality. We recommend that guidelines for both patients and clinicians, in terms of their use of participatory health-enabling technologies, are developed to ensure that patient privacy and confidentiality are protected, and a maximum benefit can be realized. </text></passage><passage><infon key="section_type">INTRO</infon><infon key="type">title_1</infon><offset>2524</offset><text>Introduction</text></passage><passage><infon key="section_type">INTRO</infon><infon key="type">paragraph</infon><offset>2537</offset><text> Social networking sites (SNS), blogs, mi-croblogs, media sharing platforms, wikis, and virtual worlds are regarded as mobile and web-based tools, and like social media, afford users the ability to communicate, share, participate, collaborate, and create user-generated content in an interactive fashion   . Since their utility as tools for health management was proposed  , they have become more widely accepted for their ability to engage and empower individuals to become active participants to their own health and well-being management. This forms the very foundations of participatory health   . Such platforms allow individuals to search for and crowdsource health information, connect with online health communities, find and communicate with health providers, share their experiences, and participate in research  . </text></passage><passage><infon key="section_type">INTRO</infon><infon key="type">paragraph</infon><offset>3363</offset><text> Recently, there has been an exponential rise in the peer-reviewed outputs related to social media use in health and healthcare  . Several areas and applications have featured in the health informatics research domain, commenting on potential benefits, i.e. delivery of health interventions, impact of using social media on patient-reported health outcomes (PROs) as part of health management, syndromic and disease surveillance, and the utility of these platforms for recruiting participants into research studies  . </text></passage><passage><infon key="section_type">INTRO</infon><infon key="type">paragraph</infon><offset>3882</offset><text> Whilst the collective intelligence surrounding the various uses and applications of social media and mobile technology in health is on the rise, the evidence-based research for social media's effectiveness to improve health outcomes remains relatively immature  . Several compelling arguments exist for why evidence needs to continue to grow, including the need to examine not only perceived positives, but also to unpack any potential negatives or unintended consequences of using social media   . This has been a core focus of the work of the members of the International Medical Informatics Association - Participatory Health and Social Media Working Group (IMIA PHSM), many of whom are authors of this manuscript. Of primary significance to this Yearbook theme, the working group's previous work has noted that ethical issues related to social media, such as privacy and confidentiality, are key areas warranting further research   . </text></passage><passage><infon key="section_type">INTRO</infon><infon key="type">paragraph</infon><offset>4822</offset><text> The very notion of participatory health through social media not only implies that individuals engage with these technologies for active self-management but also anticipates changes in the patient-provider relationship  . The greater access to health information and the formation of connected online communities have also been heralded as reasons that citizens are more able to approach the patient-provider relationship on a more equal footing. In doing so, the very nature of the relationship changes and shared-decision making about health ensues    . </text></passage><passage><infon key="section_type">INTRO</infon><infon key="type">paragraph</infon><offset>5380</offset><text> In light of social media's utility as tools for participatory health, interest surrounding the integration of such platforms as tools for communication and/or data inputs into a patient's clinical record continues to grow    . Suggested benefits of doing so may include: access to a diverse range of relevant health information, decreasing ambiguity by providing context to clinical health information, enabling personalized and tailored communication, as well as identifying novel research challenges   . Interestingly, the idea of including patient-reported information (PRI) as a legitimate and complementary addition to more traditional clinical health indicators and patient-reported outcome (PRO) measures is not new and has been discussed as part of the evidence-based practice rhetoric   . </text></passage><passage><infon key="section_type">INTRO</infon><infon key="type">paragraph</infon><offset>6180</offset><text> Perceptions about using personally-controlled electronic health records (PCEHRs) from the patient's perspective are generally positive    . However, in regard to social media's place in this discussion, challenges remain. For example, whilst there exist stringent guidelines for health practitioners about social media use in clinical healthcare, no such privacy or confidentiality legislation exists to regulate how and where an individual may distribute and post her/his own health information online  . Patients are concerned by the social and economic impacts of health information being misused by employers or insurance companies to discriminate against them  . The relative ease to post and/or access personal health information online continues to cause health organizations to revisit how they will approach integrating social media data into electronic health records (EHRs) and how social media data will thus influence the clinical management of patients  . Ethics, privacy, and confidentiality, all lie at the heart of this issue     . </text></passage><passage><infon key="section_type">INTRO</infon><infon key="type">paragraph</infon><offset>7231</offset><text>Hence, the primary objective of the IMIA PHSM Working Group's Yearbook contribution is to examine the question: “What is the balance between privacy and confidentiality, and patients’ needs regarding social media communication and information in clinical participatory health?”</text></passage><passage><infon key="section_type">METHODS</infon><infon key="type">title_1</infon><offset>7515</offset><text>Methods</text></passage><passage><infon key="section_type">METHODS</infon><infon key="type">paragraph</infon><offset>7523</offset><text> The authors used their knowledge and expertise of participatory health informatics and social media to define the priority areas to study. This included a brief consultation with the broader membership of the IMIA PHSM working group, which included the five authors of this work, to help identify opportunities and challenges for the balance between privacy and confidentiality of clinical and/or health information via participatory and social media platforms. In doing so, six topic areas were identified and selected for investigation: media sharing platforms, patient portals, web-based platforms, crowdsourcing websites, medical avatars, and other mobile health (mHealth) technologies. Secondly, each of the authors selected one or more priority topic areas relevant to their expertise to perform a narrative review of the literature. Each member selected keywords to search the literature using a variety of databases ( Table 1 ). Searches were conducted in October and November 2017. The authors included relevant literature and summarized the literature for each of the domain areas selected. </text></passage><passage><infon key="file">TBhouseh-1.xml</infon><infon key="id">TBhouseh-1</infon><infon key="section_type">TABLE</infon><infon key="type">table_title_caption</infon><offset>8626</offset><text>High-level summary of the literature review process</text></passage><passage><infon key="file">TBhouseh-1.xml</infon><infon key="id">TBhouseh-1</infon><infon key="section_type">TABLE</infon><infon key="type">table</infon><infon key="xml">&lt;?xml version=&quot;1.0&quot; encoding=&quot;UTF-8&quot;?&gt;
&lt;table rules=&quot;all&quot;&gt;&lt;colgroup align=&quot;left&quot; span=&quot;5&quot;&gt;&lt;col align=&quot;left&quot; width=&quot;134.7pt&quot;/&gt;&lt;col align=&quot;left&quot; width=&quot;318.4pt&quot;/&gt;&lt;col align=&quot;left&quot; width=&quot;134.7pt&quot;/&gt;&lt;col align=&quot;left&quot; width=&quot;318.4pt&quot;/&gt;&lt;col align=&quot;left&quot; width=&quot;134.7pt&quot;/&gt;&lt;/colgroup&gt;&lt;thead&gt;&lt;tr&gt;&lt;th align=&quot;left&quot; valign=&quot;bottom&quot;&gt;Topic Areas&lt;/th&gt;&lt;th align=&quot;left&quot; valign=&quot;bottom&quot;&gt;Keywords&lt;/th&gt;&lt;th align=&quot;left&quot; valign=&quot;bottom&quot;&gt;Databases&lt;/th&gt;&lt;th align=&quot;left&quot; valign=&quot;bottom&quot;&gt;Unfiltered Hits&lt;/th&gt;&lt;th align=&quot;left&quot; valign=&quot;bottom&quot;&gt;Final Results&lt;/th&gt;&lt;/tr&gt;&lt;/thead&gt;&lt;tbody&gt;&lt;tr&gt;&lt;td align=&quot;left&quot; valign=&quot;top&quot;&gt;Patient portals&lt;/td&gt;&lt;td align=&quot;left&quot; valign=&quot;top&quot;&gt;“privacy”, “patient-portal”&lt;/td&gt;&lt;td align=&quot;left&quot; valign=&quot;top&quot;&gt;PubMed, MEDLINE&lt;/td&gt;&lt;td align=&quot;left&quot; valign=&quot;top&quot;&gt;15 returns&lt;/td&gt;&lt;td align=&quot;left&quot; valign=&quot;top&quot;&gt;8 papers&lt;/td&gt;&lt;/tr&gt;&lt;tr&gt;&lt;td align=&quot;left&quot; valign=&quot;top&quot;&gt;Web-based platforms&lt;/td&gt;&lt;td align=&quot;left&quot; valign=&quot;top&quot;&gt;“privacy”, “website”&lt;/td&gt;&lt;td align=&quot;left&quot; valign=&quot;top&quot;&gt;PubMed, MEDLINE&lt;/td&gt;&lt;td align=&quot;left&quot; valign=&quot;top&quot;&gt;70 returns&lt;/td&gt;&lt;td align=&quot;left&quot; valign=&quot;top&quot;&gt;10 papers&lt;/td&gt;&lt;/tr&gt;&lt;tr&gt;&lt;td align=&quot;left&quot; valign=&quot;top&quot;&gt;mHealth&lt;/td&gt;&lt;td align=&quot;left&quot; valign=&quot;top&quot;&gt;“mHealth”, “privacy”, “confidentiality”&lt;/td&gt;&lt;td align=&quot;left&quot; valign=&quot;top&quot;&gt;PubMed, MEDLINE&lt;/td&gt;&lt;td align=&quot;left&quot; valign=&quot;top&quot;&gt;138 returns&lt;/td&gt;&lt;td align=&quot;left&quot; valign=&quot;top&quot;&gt;16 papers&lt;/td&gt;&lt;/tr&gt;&lt;tr&gt;&lt;td align=&quot;left&quot; valign=&quot;top&quot;&gt;Medical avatars&lt;/td&gt;&lt;td align=&quot;left&quot; valign=&quot;top&quot;&gt;“medical avatar”, “healthcare”, “privacy”, “confidentiality”&lt;/td&gt;&lt;td align=&quot;left&quot; valign=&quot;top&quot;&gt;PubMed, MEDLINE&lt;/td&gt;&lt;td align=&quot;left&quot; valign=&quot;top&quot;&gt;49 returns&lt;/td&gt;&lt;td align=&quot;left&quot; valign=&quot;top&quot;&gt;18 papers&lt;/td&gt;&lt;/tr&gt;&lt;tr&gt;&lt;td align=&quot;left&quot; valign=&quot;top&quot;&gt;Media sharing&lt;/td&gt;&lt;td align=&quot;left&quot; valign=&quot;top&quot;&gt;“picture”, “video”, “patient”, “privacy”, “sharing”&lt;/td&gt;&lt;td align=&quot;left&quot; valign=&quot;top&quot;&gt;PubMed, MEDLINE, Scopus, Google Scholar&lt;/td&gt;&lt;td align=&quot;left&quot; valign=&quot;top&quot;&gt;1,143 returns&lt;/td&gt;&lt;td align=&quot;left&quot; valign=&quot;top&quot;&gt;8 papers&lt;/td&gt;&lt;/tr&gt;&lt;tr&gt;&lt;td align=&quot;left&quot; valign=&quot;top&quot;&gt;Crowdsourcing&lt;/td&gt;&lt;td align=&quot;left&quot; valign=&quot;top&quot;&gt;“crowdsourcing”, “privacy”&lt;/td&gt;&lt;td align=&quot;left&quot; valign=&quot;top&quot;&gt;PubMed, MEDLINE, Scopus, Google Scholar&lt;/td&gt;&lt;td align=&quot;left&quot; valign=&quot;top&quot;&gt;558 returns&lt;/td&gt;&lt;td align=&quot;left&quot; valign=&quot;top&quot;&gt;8 papers&lt;/td&gt;&lt;/tr&gt;&lt;tr&gt;&lt;td align=&quot;left&quot; valign=&quot;top&quot;&gt;
&lt;bold&gt;Totals&lt;/bold&gt;
&lt;/td&gt;&lt;td align=&quot;left&quot; valign=&quot;top&quot;/&gt;&lt;td align=&quot;left&quot; valign=&quot;top&quot;/&gt;&lt;td align=&quot;left&quot; valign=&quot;top&quot;&gt;1,973 returns&lt;/td&gt;&lt;td align=&quot;left&quot; valign=&quot;top&quot;&gt;68 papers&lt;/td&gt;&lt;/tr&gt;&lt;/tbody&gt;&lt;/table&gt;
</infon><offset>8678</offset><text>Topic Areas	Keywords	Databases	Unfiltered Hits	Final Results	 	Patient portals	“privacy”, “patient-portal”	PubMed, MEDLINE	15 returns	8 papers	 	Web-based platforms	“privacy”, “website”	PubMed, MEDLINE	70 returns	10 papers	 	mHealth	“mHealth”, “privacy”, “confidentiality”	PubMed, MEDLINE	138 returns	16 papers	 	Medical avatars	“medical avatar”, “healthcare”, “privacy”, “confidentiality”	PubMed, MEDLINE	49 returns	18 papers	 	Media sharing	“picture”, “video”, “patient”, “privacy”, “sharing”	PubMed, MEDLINE, Scopus, Google Scholar	1,143 returns	8 papers	 	Crowdsourcing	“crowdsourcing”, “privacy”	PubMed, MEDLINE, Scopus, Google Scholar	558 returns	8 papers	 	Totals			1,973 returns	68 papers	 	</text></passage><passage><infon key="section_type">RESULTS</infon><infon key="type">title_1</infon><offset>9450</offset><text>Results</text></passage><passage><infon key="section_type">RESULTS</infon><infon key="type">paragraph</infon><offset>9458</offset><text> A total of 1,973 abstracts were retrieved among which 68 were included in the review. The range of papers retrieved was from 8 to 18 papers for each topic. A discussion of the results for each of the six topics is provided below. The summary of the search process and final number of papers included for each topic is provided in Table 1 . </text></passage><passage><infon key="section_type">RESULTS</infon><infon key="type">title_2</infon><offset>9800</offset><text>1 Patient Portals</text></passage><passage><infon key="section_type">RESULTS</infon><infon key="type">paragraph</infon><offset>9818</offset><text> The sharing of personal health information (PHI) via patient portals and linked personal health records has been an area of significant interest for providers and patients alike. In some places, governments mandate that individuals be able to securely access their medical information online. Although privacy within patient portals is by no means the main concern of many patients, it is one of the two most pressing issues for older users  . A number of issues emerged with regard to the storage and use of PHI in portals, including inappropriate PHI access and use by pharmaceutical companies, access to health records by insurance companies and governments without patients’ permission, and the fear that health record information could be used to evict individuals from independent living environments  . Among low-education and low-income patients, the fear that passwords will provide inadequate protection and that PHI could be stolen is a significant concern  . People who access the Internet through venues such as public libraries are concerned about others seeing their PHI, particularly when they have conditions that may result in discrimination, such as HIV infection  . </text></passage><passage><infon key="section_type">RESULTS</infon><infon key="type">paragraph</infon><offset>11008</offset><text> Even if patients express concerns about privacy and confidentiality when accessing information through patient portals, they remain open to using portals  . Despite limited resources, patients who received care at a urban safety-net clinic have reported regular use of the Internet and email, and have expressed interest in using a portal to manage their PHI and engage with providers  . Training about safe portal use would likely assuage privacy concerns, particularly in low-income and/or low-literacy populations. Having a way to find out who has accessed their medical record would make patient portals more attractive to patients of vulnerable groups  . A patient portal task force involving 71 members from 10 academic medical centers recently noted that innovative approaches to protect privacy and security while optimizing portal access, e.g., health record banking, should be evaluated  . </text></passage><passage><infon key="section_type">RESULTS</infon><infon key="type">paragraph</infon><offset>11910</offset><text> Despite concerns about privacy and security of data made accessible through patient portals, some factors do help patients overcome privacy concerns  . The ability to access and control PHI contained in portals and to check records for errors leads to feelings of empowerment and confidence, which can improve patients’ ability to manage their health. Patients also perceive that portals facilitate improved communication with their providers and they are more likely to use portals when providers encourage them to do so. In settings in which patients and caregivers have not perceived privacy to be an issue, such as in an inpatient rehabilitation hospital, patients and caregivers have reported finding value in patient portal use, indicating that efforts to overcome privacy and security concerns are merited  . </text></passage><passage><infon key="section_type">RESULTS</infon><infon key="type">title_2</infon><offset>12730</offset><text>2 Web-based Platforms</text></passage><passage><infon key="section_type">RESULTS</infon><infon key="type">paragraph</infon><offset>12752</offset><text> Privacy has been a primary concern for users of all types of information displayed or distributed via the Internet. Privacy concerns are particularly relevant as patients provide PHI or access their treatment via the Internet. Users of health-related Web sites and Web-based platforms have expressed concerns about the privacy of personal data transmitted or accessed via the Web, and the use of the Internet as a platform for interventions (e.g. mental health consultations) raises ethical as well as privacy questions  . Although users of mental health services have expressed a preference for face-to-face interventions  , acceptance of online engagement is evident and suggests improvements of online mental health services (e.g., brief modules, personalized content) may increase use. Users’ perceptions about PHI privacy within Web-based behavior modification programs are mixed; privacy concerns did reduce participation in an alcohol-reduction program  , but not in an interactive sexual risk reduction program targeted to teens  . </text></passage><passage><infon key="section_type">RESULTS</infon><infon key="type">paragraph</infon><offset>13796</offset><text> Recruitment of individuals for clinical trials via the Internet is another area in which privacy is of paramount interest, because determining eligibility for trials requires PHI. While developing a model for recruiting cancer patients and family caregivers, investigators noted that even the use of privacy-protecting measures in social media recruitment messages directing users to a hospital blog could not guarantee that PHI would remain private  . </text></passage><passage><infon key="section_type">RESULTS</infon><infon key="type">paragraph</infon><offset>14251</offset><text> In addition to the general concern about privacy, application trials offer additional insight. During the testing of a Website for heart failure symptom monitoring that was to be embedded into a patient portal, participants expressed concerns about what would be done with the data  . In a trial in which participants used a Web-based nutrition management program with the goal of preventing metabolic syndrome, users reported satisfaction with the privacy-preserving features of the tool, which included user authentication and SSL (Secure Sockets Layer) encryption  . </text></passage><passage><infon key="section_type">RESULTS</infon><infon key="type">paragraph</infon><offset>14823</offset><text> Technology-based approaches offer some potential for ensuring that Web users’ PHI is protected during Web-based activities. An approach that limits the ability of Web applications running in separate browser windows during the same Internet session to share user information (timing-based probing attacks) has demonstrated that such privacy violations can be reduced on interactive Alexa sites  . Software that generates random identifiers that conceal individuals’ true identities is another technical method reported to protect privacy in epidemiologic and clinical studies  . The Data Sphere Project, a data sharing platform launched to accelerate cancer research by making data from Phase III clinical trials available to a broad range of investigators, de-identifies patient-related data prior to making it available to project researchers to promote patient acceptance and confidence  . </text></passage><passage><infon key="section_type">RESULTS</infon><infon key="type">title_2</infon><offset>15722</offset><text>3 Mobile Health (mHealth)</text></passage><passage><infon key="section_type">RESULTS</infon><infon key="type">paragraph</infon><offset>15748</offset><text> The adoption of smartphones in healthcare is increasing  , as health professionals, patients, and the public are often using third-party applications (apps) ranging from medical references, to gaming applications, or to alternative add-ons to medical devices  . However, mHealth's growth has outpaced governmental regulations regarding apps. Privacy and security of user health data have been raised as a concern, along with regulation regarding access to user interaction data with installed apps. It is usual that apps and services are downloaded, distributed, and provided for free to individual users, but privacy is not always assured  . Smart services care for the collection of information about the individual use of apps, which can then be exploited for targeted marketing or syndicated product development  . Less experienced and first-time users are more prone to privacy breaches, as high usability can be accompanied by security risk of mobile systems. Thus, naive users can be misled to other apps containing malware or offering medical information of uncertain quality  and may, with increasing frequency, present to a clinic “armed with the questionable medical opinion of their digital iDoctor in hand”  . </text></passage><passage><infon key="section_type">RESULTS</infon><infon key="type">paragraph</infon><offset>16977</offset><text> A more serious concern is the non-compliance of medical apps with standards and regulations, such as the Health Insurance Portability and Accountability Act  . Adherence to medical devices/software certification and conformance with safety, security, and privacy issues should become standardized criteria for review of medical apps  . A recent study revealed that only a small minority (30.5%) of the used apps had privacy policies  . Losses of individuals’ data due to hacking is costly even when quantified-self apps are considered  , and developers must ensure their applications’ security is well-tested before released so as to minimize risks of vulnerabilities such as data storage, encryption, and authentication processes  . These problems are sometimes linked to K-anonymity, which is one of the identity challenges resulting from the use of information from an anonymous user to identify his/her personal identity without consent. An example of this situation occurs when someone's preferences (such as pictures, searches, or shopping habits) are used to obtain his/her identity, which may in turn be lost or stolen  . Such situations call for advanced encryption, such as efficient homomorphic encryption techniques. </text></passage><passage><infon key="section_type">RESULTS</infon><infon key="type">paragraph</infon><offset>18212</offset><text> Finally, external factors such as cultural, human, or country differences have been so far underresearched, but may also threaten privacy  . Human factors such as age, personality, literacy level, and cognitive ability perplexed with other cultural or societal norms may also threaten security. It is equally important that biomedical and behavioral researchers as well as institutional review boards suitably tackle the nuanced ethical issues raised by mHealth, such as anonymiza-tion, behavioral privacy, continuous and unintended sensing, and multiplexed sensor semantics   and contribute in developing those effective mechanisms to secure mHealth technology and protect users’ personal health information. </text></passage><passage><infon key="section_type">RESULTS</infon><infon key="type">title_2</infon><offset>18926</offset><text>4 Media Sharing Platforms</text></passage><passage><infon key="section_type">RESULTS</infon><infon key="type">paragraph</infon><offset>18952</offset><text> Media sharing of pictures and videos related to personal health or medical procedures is common on sites such as Instagram, Pinter-est, and YouTube   . The implications on individuals’ privacy and confidentiality of potentially sensitive health information held in visual media depend on who is sharing, for what purpose, the intended and actual audience, and the platform media sharing being used. </text></passage><passage><infon key="section_type">RESULTS</infon><infon key="type">paragraph</infon><offset>19355</offset><text> Individuals sharing media on social media platforms to seek a diagnosis, management advice, or support, have implicitly consented for these to be in the public domain. However, even when so-called ePatients continue to produce video content about personal health experiences to help others and support self-management, loss of privacy remains a concern  . Furthermore, visual media shared with one audience can be captured, manipulated, and shared with a different and potentially wider audience; individuals may feel this visibility is an invasion of their privacy. </text></passage><passage><infon key="section_type">RESULTS</infon><infon key="type">paragraph</infon><offset>19924</offset><text> Serious implications for privacy and confidentiality of health information of individuals may arise when health professionals, organizations, or third parties share images using social media. Tolerance of risk to privacy is likely to differ depending on the purpose of media posting and the consent obtained. The General Medical Council defines visual media posted on a website or social media as tertiary use, which requires special consideration of capacity to consent, specific consent, and the consideration of relevant legislation  . In addition to position statements from regulators, many practical guidelines have been published for health care professionals about how to post images on social media while maintaining patient confidentiality and reducing risk of privacy breaches     . While removing identifying content of images is included in these guidelines and is intuitive to most health professionals, removal of metadata from images is not always considered and poses significant risk of privacy breaches  . Furthermore, even highly esteemed medical journals can inadvertently share images with identifying details, which then have a wider reach due to reposting in social media  . Patients are likely to accept wide distribution of images for education of other health practitioners (e.g., under the hashtag of #FOAMed or “Free Open Access Medical education”)  , as long as consent is obtained. Health professionals do, however, need to disclose the current terms of service of social media providers in order to truly inform patients when obtaining consent  . </text></passage><passage><infon key="section_type">RESULTS</infon><infon key="type">paragraph</infon><offset>21509</offset><text> Some healthcare providers may post images or video on social media for promotion of services or fundraising, purposes for which tolerance for breaches of privacy are likely to be lower. Plastic surgeons are known to post extensively on social media such as Instagram and Snapchat live broadcasts of procedures where the line between education and marketing of services is blurred, which poses particular difficulties for obtain informed consent  . Another example is social media postings by Helicopter Emergency Medical Services (HEMS) in the United Kingdom in the purpose of public awareness to generate donations. HEMS have posted images and maps of incidents across multiple social media sites which, with cross referencing, often provided detailed information about the patient, location, and treatment, that would breach expected standards for patient privacy  . This is of particular concern as patients in emergency situations are unlikely to be able to provide consent in this context. Healthcare providers, professional organizations, and regulators will need to continue to develop guidelines for the use of images and videos in social media that balance professional needs for education and promotion with protection of privacy and confidentiality, with the balance of power remaining with patients. </text></passage><passage><infon key="section_type">RESULTS</infon><infon key="type">title_2</infon><offset>22823</offset><text>5 Crowdsourcing</text></passage><passage><infon key="section_type">RESULTS</infon><infon key="type">paragraph</infon><offset>22839</offset><text> Crowdsourcing is the practice of obtaining information, services, or resources from a large group of people to generate ideas or complete a task or a project, typically via the internet. In the health domain, crowdsourcing has been used by online patient communities to access lay-expertise or generate patient-led research  , by individuals to obtain possible diagnoses for unexplained illness  , as a research methodology  , particularly for genomic data  , for knowledge management or problem ideation in public health  , and even to fund healthcare  . Crowdsourcing as an approach falls between the traditional top-down hierarchical medical care or research and the bottom-up grassroot processes of patient groups as a shared top-down and bottom-up approach where the locus of data control and data use lies between organizations and the online community  . For this reason, crowdsourcing in all health situations requires a high-trust environment  . Organizations or crowds are expected to respect personal data that individuals offer to a data repository, often for altruistic reasons or for personal gain, while individuals offering data must be aware that their data could be used for other purposes which may impact them in a negative manner   . </text></passage><passage><infon key="section_type">RESULTS</infon><infon key="type">paragraph</infon><offset>24096</offset><text> For example, the Personal Genome Project (PGP) is a large, international, genomic, and biobanking project which aims to sequence the genomes of 100,000 volunteers and make their genetic, health, and trait information available in a public repository for research  . Although data are de-identified, data sets may be associated back with a participant's name, so-called re-identification, thus creating the risk of discrimination in employment insurance or for social stigma. This potential for breach of privacy is clearly explained in the consent process for the PGP. Participants in the PGP have expressed strong altruistic or personal motivations for participating; while the risks of re-identification are worrying, they would not prevent participation  . </text></passage><passage><infon key="section_type">RESULTS</infon><infon key="type">paragraph</infon><offset>24858</offset><text> Online patient communities enable individuals to crowdsource ideas for diagnosis, self-management, and treatment from lay experts and health professionals, members of the communities - in accordance with professional ethics -, or lay-crowdsourced expertise  . In these settings, individuals are offering their personal experience in as much detail as they wish, and they thus have control over the disclosure of personal health information or any identifying details. Theoretically, there is no privacy risk in this setting since participation indicates the information is not private. Many social media platforms have the ability for users to restrict access to content posted. For example, “closed” or even “secret” Facebook groups with administrators controlling access are extensively used for crowdsourcing health information and advice from lay-peers while maintaining some privacy. </text></passage><passage><infon key="section_type">RESULTS</infon><infon key="type">title_2</infon><offset>25757</offset><text>6 Medical Avatars</text></passage><passage><infon key="section_type">RESULTS</infon><infon key="type">paragraph</infon><offset>25775</offset><text> In computing, an avatar is “the graphical representation of the user or the user's alter ego or character”  or “a digital computerized stand-in for a live person or scripted character”  . This can be either a three-dimensional form representation, often in games or virtual worlds, or a two-dimensional form used in Web 2.0-like forums or online communities  . </text></passage><passage><infon key="section_type">RESULTS</infon><infon key="type">paragraph</infon><offset>26146</offset><text> Recently, avatars may also have the form of an Intelligent Virtual Agent  , a Virtual Care Assistant, an Embodied Conversational Agent  , or a Bot Assistant  , that can assist health care providers to better manage patients, boost engagement, improve treatment adherence rates and reduce costs, or promote and support self-management. </text></passage><passage><infon key="section_type">RESULTS</infon><infon key="type">paragraph</infon><offset>26483</offset><text> There is already literature regarding the rights a person ought to expect to retain when being represented by an avatar  , like informed consent in virtual worlds, as well as avatar bodily integrity. It has been argued that, as another manifestation of the individual, an avatar should also have rights similar to those of a biological creature; in fact, it is argued that avatars must have rights by proxy of the rights of their users. A study conducted in Second Life on post-traumatic stress disorder and traumatic brain injury  discusses the rights of an individual's avatar and the analysis of issues relating to the authentication of both providers and patients alongside the latter's informed consent. The study also links the concepts of patient confidentiality and well-being with those of clinician competence and training of providers. </text></passage><passage><infon key="section_type">RESULTS</infon><infon key="type">paragraph</infon><offset>27332</offset><text> Systems taking advantage of 3D virtual world avatars and visualization have potential benefits in healthcare services provided for older adults  . In pilot studies, where embodied conversational agents in the form of an avatar (termed “digital pet”) were used to enhance older adults’ social interaction, it was shown that despite participants’ enjoying the companionship, entertainment, reminders, and instant assistance from the avatar, privacy and dependence were two of the major concerns reported by the participants  . This is why Reamer  has suggested following standards from the National Association of Social Workers Code of Ethics in an effort to guide future practice. </text></passage><passage><infon key="section_type">RESULTS</infon><infon key="type">paragraph</infon><offset>28023</offset><text> Contemporary avatar-assisted therapy in substance abuse treatment and remotely set group counseling sessions was shown as potentially appealing to clients who are concerned about anonymity and coniden-tiality  . Furthermore, a recent trial has shown that it is feasible to use Embodied Conversational Agent technology to improve education on lifestyle and physical activity, healthy eating, and stress management for diverse, urban women, without being practically restricted by any ethical considerations  . </text></passage><passage><infon key="section_type">RESULTS</infon><infon key="type">paragraph</infon><offset>28534</offset><text> Moreover, medical practitioners could well overcome the aforementioned notions and use systems incorporating avatar-mediated training. For example, delivering bad news to patients or their relatives  including the palliative care setting in which avatars may be considered as effective and viable educational approaches. Certainly, future research could focus on expanding the discussion on the ethical considerations. Privacy and confidentiality are admittedly raised when applying virtual creatures to healthcare practice and training. Thus, immediate priority should be given to outline those elements of informed consent which are deemed necessary in virtual world scenarios. Likewise, technology should provide tools for encryption, transparent informed consenting, and means to adhere to user preferences and rights in a more comprehensive way. When avatar systems are eventually used in clinical practice, their creators should consider and follow medical software certification processes. </text></passage><passage><infon key="section_type">DISCUSS</infon><infon key="type">title_1</infon><offset>29533</offset><text>Discussion</text></passage><passage><infon key="section_type">DISCUSS</infon><infon key="type">paragraph</infon><offset>29544</offset><text>A number of challenges for the balance between privacy and confidentiality of health information and patient needs via participatory platforms have been identified and explored in this paper. One of the primary concerns concerns privacy of patients sharing their health information online. For example, it is difficult to ensure that health information shared online by patients can be de-identified. Also, media sharing platforms have different privacy terms and conditions and most users are unaware of how media sharing platforms are using health information collected and for what purposes, especially among vulnerable populations. Another point of note is that there is a risk of sensitive information being leaked online. Other concerns may relate to differences in cross-cultural understanding of healthcare privacy and its impacts on patient empowerment; clinician awareness and understanding of how to use social media platforms; and the threat of commercialization of patient clinical data. Other challenges identified in this paper, include:</text></passage><passage><infon key="section_type">DISCUSS</infon><infon key="type">paragraph</infon><offset>30597</offset><text>Inappropriate PHI access and use;</text></passage><passage><infon key="section_type">DISCUSS</infon><infon key="type">paragraph</infon><offset>30631</offset><text>Privacy of personal data transmitted or accessed via the Web;</text></passage><passage><infon key="section_type">DISCUSS</infon><infon key="type">paragraph</infon><offset>30693</offset><text>Non-compliance of medical apps and web-based platforms with standards and regulations that could result in breaches to privacy and confidentiality for patient users and confidentiality when healthcare professionals, healthcare organizations, or other third parties share patient information and images without their consent.</text></passage><passage><infon key="section_type">DISCUSS</infon><infon key="type">paragraph</infon><offset>31018</offset><text>Furthermore, there are few legal frameworks that protect patient confidentiality and privacy on the Internet. The issue becomes more complicated when patients are sharing their own health information online without realizing the impact it may have on their privacy, especially when patients unknowingly share their health information with unscrupulous individuals through online platforms. Even if legal frameworks were introduced, they cannot provide universal protection of patient confidentiality and privacy in the age of the Internet. We believe that increasing patient awareness about the harms of sharing personal health information online is needed and that patients should deal with credible participatory health and social media that protect patient privacy and confidentiality. Examples of such platforms are those certified by Health On the Net.</text></passage><passage><infon key="section_type">DISCUSS</infon><infon key="type">paragraph</infon><offset>31876</offset><text>This situation reminds us of the circus, and especially, the balancing act of walking the tightrope. In this stunt, the fearless clown walks on a tensioned wire that is suspended in the air using a long pole to balance him/herself while getting from one side to the other, astonishing the crowd in the process of performing the act. Depending on how experienced the clown is, the clown may fall to his demise or injury or get to the other side unscathed. Similarly, the patient is walking the tightrope trying to balance his/her need for privacy and confidentiality with the goal of obtaining the health information needed to get well or live well. The empowered patient can get across the tightrope and get the information needed without jeopardizing privacy and confidentiality. However, the untrained patient may share sensitive health information online via public platforms (e.g., Facebook or Twitter), thereby jeopardizing personal privacy and confidentiality. These unaware patients are most in need of help and support from healthcare and participatory health and social media communities.</text></passage><passage><infon key="section_type">DISCUSS</infon><infon key="type">paragraph</infon><offset>32974</offset><text>On the other hand, there are also several opportunities for balancing between privacy and confidentiality of health information via participatory and social media platforms. These focus on opportunities for empowering patients and enhancing their experiences by connecting social media data with clinical records which can be used for comparison and improved clinical-patient communication. As mHealth tools are becoming more credible and more useful, patients are becoming more educated about privacy and confidentiality of clinical and health information being shared online. There is also a need for open data sharing of information where patient use of mHealth, serious gaming, and other participatory healthcare platforms will be further enhanced with e-consent, thereby allowing for easier sharing of patient health information through participatory health and social media platforms.</text></passage><passage><infon key="section_type">DISCUSS</infon><infon key="type">title_1</infon><offset>33865</offset><text>Limitations</text></passage><passage><infon key="section_type">DISCUSS</infon><infon key="type">paragraph</infon><offset>33877</offset><text>The range of platforms examined in this paper represent only a subset of the full range of social media and participatory health enabling technologies considered under the topic's umbrella. Furthermore, the choice to examine this selection was aligned with the expertise areas of the authors. Hence, the findings and considerations discussed in this manuscript are not necessarily representative of the full landscape of privacy and confidentiality in participatory health informatics. The goal has been to provide a succinct overview of the topic and research landscape, and provide directions for future research using robust and detailed methods.</text></passage><passage><infon key="section_type">CONCL</infon><infon key="type">title_1</infon><offset>34527</offset><text>Conclusion</text></passage><passage><infon key="section_type">CONCL</infon><infon key="type">paragraph</infon><offset>34538</offset><text>As participatory health enabling technologies continue to evolve, the need to balance privacy, confidentiality, and patient needs for health information is a challenge. This is true for all stakeholders: patients, health professionals, researchers, policy makers, and healthcare organizations. There is much work that needs to be done in introducing regulations monitoring how participatory healthcare can handle patient information to ensure that patient confidentiality and privacy are protected, particularly, as we consider the increased push to consider social media data along with clinical records. We recommend future research in this area.</text></passage><passage><infon key="section_type">REF</infon><infon key="type">title</infon><offset>35187</offset><text>References</text></passage><passage><infon key="fpage">55</infon><infon key="lpage">62</infon><infon key="name_0">surname:Denecke;given-names:K</infon><infon key="pub-id_pmid">24825685</infon><infon key="section_type">REF</infon><infon key="source">Stud Health Technol Inform</infon><infon key="type">ref</infon><infon key="volume">198</infon><infon key="year">2014</infon><offset>35198</offset><text>Ethical aspects of using medical social media in healthcare applications</text></passage><passage><infon key="fpage">159</infon><infon key="lpage">61</infon><infon key="name_0">surname:Gibbons;given-names:M C</infon><infon key="pub-id_pmid">23974564</infon><infon key="section_type">REF</infon><infon key="source">Yearb Med Inform</infon><infon key="type">ref</infon><infon key="volume">8</infon><infon key="year">2013</infon><offset>35271</offset><text>Personal health and consumer informatics</text></passage><passage><infon key="fpage">e22</infon><infon key="issue">03</infon><infon key="name_0">surname:Eysenbach;given-names:G</infon><infon key="pub-id_pmid">18725354</infon><infon key="section_type">REF</infon><infon key="source">J Med Internet Res</infon><infon key="type">ref</infon><infon key="volume">10</infon><infon key="year">2008</infon><offset>35312</offset><text>Medicine 2.0: social networking, collaboration, participation, apomediation, and openness</text></passage><passage><infon key="fpage">h148</infon><infon key="name_0">surname:deBronkart;given-names:D</infon><infon key="pub-id_pmid">25670184</infon><infon key="section_type">REF</infon><infon key="source">BMJ</infon><infon key="type">ref</infon><infon key="volume">350</infon><infon key="year">2015</infon><offset>35402</offset><text>From patient centred to people powered: autonomy on the rise</text></passage><passage><infon key="fpage">93</infon><infon key="issue">03</infon><infon key="lpage">118</infon><infon key="name_0">surname:Swan;given-names:M</infon><infon key="pub-id_pmid">25562203</infon><infon key="section_type">REF</infon><infon key="source">J Pers Med</infon><infon key="type">ref</infon><infon key="volume">2</infon><infon key="year">2012</infon><offset>35463</offset><text>Health 2050: The Realization of Personalized Medicine through Crowdsourcing, the Quantified Self, and the Participatory Biocitizen</text></passage><passage><infon key="fpage">e13</infon><infon key="issue">02</infon><infon key="name_0">surname:Grajales;given-names:F J;suffix:3rd</infon><infon key="name_1">surname:Sheps;given-names:S</infon><infon key="name_2">surname:Ho;given-names:K</infon><infon key="name_3">surname:Novak-Lauscher;given-names:H</infon><infon key="name_4">surname:Eysenbach;given-names:G</infon><infon key="pub-id_pmid">24518354</infon><infon key="section_type">REF</infon><infon key="source">J Med Internet Res</infon><infon key="type">ref</infon><infon key="volume">16</infon><infon key="year">2014</infon><offset>35594</offset><text>Social media: a review and tutorial of applications in medicine and health care</text></passage><passage><infon key="fpage">47</infon><infon key="issue">01</infon><infon key="lpage">52</infon><infon key="name_0">surname:Hors-Fraile;given-names:S</infon><infon key="name_1">surname:Atique;given-names:S</infon><infon key="name_2">surname:Mayer;given-names:MA</infon><infon key="name_3">surname:Denecke;given-names:K</infon><infon key="name_4">surname:Merolli;given-names:M</infon><infon key="name_5">surname:Househ;given-names:M</infon><infon key="pub-id_pmid">27830230</infon><infon key="section_type">REF</infon><infon key="source">Yearb Med Inform</infon><infon key="type">ref</infon><infon key="year">2016</infon><offset>35674</offset><text>The Unintended Consequences of Social Media in Healthcare: New Problems and New Solutions</text></passage><passage><infon key="fpage">162</infon><infon key="lpage">8</infon><infon key="name_0">surname:Miron-Shatz;given-names:T</infon><infon key="name_1">surname:Hansen;given-names:M M</infon><infon key="name_2">surname:Grajales;given-names:F J;suffix:3rd</infon><infon key="name_3">surname:Martin-Sanchez;given-names:F</infon><infon key="name_4">surname:Bamidis;given-names:PD</infon><infon key="pub-id_pmid">23974565</infon><infon key="section_type">REF</infon><infon key="source">Yearb Med Inform</infon><infon key="type">ref</infon><infon key="volume">8</infon><infon key="year">2013</infon><offset>35764</offset><text>Social Media for the Promotion of Holistic Self-Participatory Care: An Evidence Based Approach. Contribution of the IMIA Social Media Working Group</text></passage><passage><infon key="fpage">371</infon><infon key="issue">05</infon><infon key="lpage">6</infon><infon key="name_0">surname:Kaye;given-names:J</infon><infon key="name_1">surname:Curren;given-names:L</infon><infon key="name_2">surname:Anderson;given-names:N</infon><infon key="name_3">surname:Edwards;given-names:K</infon><infon key="name_4">surname:Fullerton;given-names:S M</infon><infon key="name_5">surname:Kanellopoulou;given-names:N</infon><infon key="pub-id_pmid">22473380</infon><infon key="section_type">REF</infon><infon key="source">Nat Rev Genet</infon><infon key="type">ref</infon><infon key="volume">13</infon><infon key="year">2012</infon><offset>35912</offset><text>From patients to partners: participant-centric initiatives in biomedical research</text></passage><passage><infon key="fpage">452</infon><infon key="issue">05</infon><infon key="lpage">3</infon><infon key="name_0">surname:Shachak;given-names:A</infon><infon key="name_1">surname:Jadad;given-names:A R</infon><infon key="pub-id_pmid">20124543</infon><infon key="section_type">REF</infon><infon key="source">JAMA</infon><infon key="type">ref</infon><infon key="volume">303</infon><infon key="year">2010</infon><offset>35994</offset><text>Electronic health records in the age of social networks and global telecommunications</text></passage><passage><infon key="fpage">1351</infon><infon key="issue">13</infon><infon key="lpage">2</infon><infon key="name_0">surname:Murdoch;given-names:T B</infon><infon key="name_1">surname:Detsky;given-names:A S</infon><infon key="pub-id_pmid">23549579</infon><infon key="section_type">REF</infon><infon key="source">JAMA</infon><infon key="type">ref</infon><infon key="volume">309</infon><infon key="year">2013</infon><offset>36080</offset><text>The inevitable application of big data to health care</text></passage><passage><infon key="fpage">115</infon><infon key="issue">02</infon><infon key="lpage">23</infon><infon key="name_0">surname:Bloomrosen;given-names:M</infon><infon key="name_1">surname:Detmer;given-names:DE</infon><infon key="pub-id_pmid">20190052</infon><infon key="section_type">REF</infon><infon key="source">J Am Med Inform Assoc</infon><infon key="type">ref</infon><infon key="volume">17</infon><infon key="year">2010</infon><offset>36134</offset><text>Informatics, evidence-based care, and research; implications for national policy: a report of an American Medical Informatics Association health policy conference</text></passage><passage><infon key="fpage">11</infon><infon key="issue">01</infon><infon key="lpage">7</infon><infon key="name_0">surname:Baldwin;given-names:M</infon><infon key="name_1">surname:Spong;given-names:A</infon><infon key="name_2">surname:Doward;given-names:L</infon><infon key="name_3">surname:Gnanasakthy;given-names:A</infon><infon key="pub-id_pmid">21766890</infon><infon key="section_type">REF</infon><infon key="source">Patient</infon><infon key="type">ref</infon><infon key="volume">4</infon><infon key="year">2011</infon><offset>36297</offset><text>Patient-reported outcomes, patient-reported information: from randomized controlled trials to the social web and beyond</text></passage><passage><infon key="fpage">e168</infon><infon key="issue">08</infon><infon key="name_0">surname:Zarcadoolas;given-names:C</infon><infon key="name_1">surname:Vaughon;given-names:W L</infon><infon key="name_2">surname:Czaja;given-names:S J</infon><infon key="name_3">surname:Levy;given-names:J</infon><infon key="name_4">surname:Rockoff;given-names:M L</infon><infon key="pub-id_pmid">23978618</infon><infon key="section_type">REF</infon><infon key="source">J Med Internet Res</infon><infon key="type">ref</infon><infon key="volume">15</infon><infon key="year">2013</infon><offset>36417</offset><text>Consumers’ perceptions of patient-accessible electronic medical records</text></passage><passage><infon key="fpage">116</infon><infon key="issue">01</infon><infon key="lpage">20</infon><infon key="name_0">surname:Beard;given-names:L</infon><infon key="name_1">surname:Schein;given-names:R</infon><infon key="name_2">surname:Morra;given-names:D</infon><infon key="name_3">surname:Wilson;given-names:K</infon><infon key="name_4">surname:Keelan;given-names:J</infon><infon key="pub-id_pmid">22120207</infon><infon key="section_type">REF</infon><infon key="source">J Am Med Inform Assoc</infon><infon key="type">ref</infon><infon key="volume">19</infon><infon key="year">2012</infon><offset>36491</offset><text>The challenges in making electronic health records accessible to patients</text></passage><passage><infon key="fpage">138</infon><infon key="issue">02</infon><infon key="lpage">50</infon><infon key="name_0">surname:Bansal;given-names:G</infon><infon key="name_1">surname:Zahedi;given-names:FM</infon><infon key="name_2">surname:Gefen;given-names:D</infon><infon key="section_type">REF</infon><infon key="source">Decis Support Syst</infon><infon key="type">ref</infon><infon key="volume">49</infon><infon key="year">2010</infon><offset>36565</offset><text>The impact of personal dispositions on information sensitivity, privacy concern and trust in disclosing health information online</text></passage><passage><infon key="fpage">e38</infon><infon key="issue">04</infon><infon key="name_0">surname:Sakaguchi-Tang;given-names:D K</infon><infon key="name_1">surname:Bosold;given-names:A L</infon><infon key="name_2">surname:Choi;given-names:Y K</infon><infon key="name_3">surname:Turner;given-names:A M</infon><infon key="pub-id_pmid">29038093</infon><infon key="section_type">REF</infon><infon key="source">JMIR Med Inform</infon><infon key="type">ref</infon><infon key="volume">5</infon><infon key="year">2017</infon><offset>36695</offset><text>Patient Portal Use and Experience Among Older Adults: Systematic Review</text></passage><passage><infon key="fpage">724</infon><infon key="issue">05</infon><infon key="lpage">32</infon><infon key="name_0">surname:Dhanireddy;given-names:S</infon><infon key="name_1">surname:Walker;given-names:J</infon><infon key="name_2">surname:Reisch;given-names:L</infon><infon key="name_3">surname:Oster;given-names:N</infon><infon key="name_4">surname:Delbanco;given-names:T</infon><infon key="name_5">surname:Elmore;given-names:J G</infon><infon key="pub-id_pmid">22738155</infon><infon key="section_type">REF</infon><infon key="source">Health Expect</infon><infon key="type">ref</infon><infon key="volume">17</infon><infon key="year">2014</infon><offset>36767</offset><text>The urban underserved: attitudes towards gaining full access to electronic medical records</text></passage><passage><infon key="fpage">e275</infon><infon key="issue">12</infon><infon key="name_0">surname:Tieu;given-names:L</infon><infon key="name_1">surname:Sarkar;given-names:U</infon><infon key="name_2">surname:Schillinger;given-names:D</infon><infon key="name_3">surname:Ralston;given-names:J D</infon><infon key="name_4">surname:Ratanawongsa;given-names:N</infon><infon key="name_5">surname:Pasick;given-names:R</infon><infon key="pub-id_pmid">26681155</infon><infon key="section_type">REF</infon><infon key="source">J Med Internet Res</infon><infon key="type">ref</infon><infon key="volume">17</infon><infon key="year">2015</infon><offset>36858</offset><text>Barriers and Facilitators to Online Portal Use Among Patients and Caregivers in a Safety Net Health Care System: A Qualitative Study</text></passage><passage><infon key="fpage">914</infon><infon key="issue">07</infon><infon key="lpage">20</infon><infon key="name_0">surname:Schickedanz;given-names:A</infon><infon key="name_1">surname:Huang;given-names:D</infon><infon key="name_2">surname:Lopez;given-names:A</infon><infon key="name_3">surname:Cheung;given-names:E</infon><infon key="name_4">surname:Lyles;given-names:C R</infon><infon key="name_5">surname:Bodenheimer;given-names:T</infon><infon key="pub-id_pmid">23423453</infon><infon key="section_type">REF</infon><infon key="source">J Gen Intern Med</infon><infon key="type">ref</infon><infon key="volume">28</infon><infon key="year">2013</infon><offset>36991</offset><text>Access, interest, and attitudes toward electronic communication for health care among patients in the medical safety net</text></passage><passage><infon key="name_0">surname:Collins;given-names:S</infon><infon key="name_1">surname:Dykes;given-names:P</infon><infon key="name_2">surname:Bates;given-names:DW</infon><infon key="name_3">surname:Couture;given-names:B</infon><infon key="name_4">surname:Rozenblum;given-names:R</infon><infon key="name_5">surname:Prey;given-names:J</infon><infon key="section_type">REF</infon><infon key="type">ref</infon><infon key="year">2017</infon><offset>37112</offset><text>An informatics research agenda to support patient and family empowerment and engagement in care and recovery during and after hospitalization</text></passage><passage><infon key="fpage">606</infon><infon key="issue">11</infon><infon key="lpage">7</infon><infon key="pub-id_pmid">29112538</infon><infon key="section_type">REF</infon><infon key="source">Comput Inform Nurs</infon><infon key="type">ref</infon><infon key="volume">35</infon><infon key="year">2017</infon><offset>37254</offset><text>Patient-Perceived Facilitators of and Barriers to Electronic Portal Use: A Systematic Review</text></passage><passage><infon key="fpage">e97</infon><infon key="issue">04</infon><infon key="name_0">surname:King;given-names:G</infon><infon key="name_1">surname:Maxwell;given-names:J</infon><infon key="name_2">surname:Karmali;given-names:A</infon><infon key="name_3">surname:Hagens;given-names:S</infon><infon key="name_4">surname:Pinto;given-names:M</infon><infon key="name_5">surname:Williams;given-names:L</infon><infon key="pub-id_pmid">28385680</infon><infon key="section_type">REF</infon><infon key="source">J Med Internet Res</infon><infon key="type">ref</infon><infon key="volume">19</infon><infon key="year">2017</infon><offset>37347</offset><text>Connecting Families to Their Health Record and Care Team: The Use, Utility, and Impact of a Client/Family Health Portal at a Children's Rehabilitation Hospital</text></passage><passage><infon key="fpage">26</infon><infon key="issue">01</infon><infon key="name_0">surname:Cosgrove;given-names:V</infon><infon key="name_1">surname:Gliddon;given-names:E</infon><infon key="name_2">surname:Berk;given-names:L</infon><infon key="name_3">surname:Grimm;given-names:D</infon><infon key="name_4">surname:Lauder;given-names:S</infon><infon key="name_5">surname:Dodd;given-names:S</infon><infon key="pub-id_pmid">28480484</infon><infon key="section_type">REF</infon><infon key="source">Int J Bipolar Disord</infon><infon key="type">ref</infon><infon key="volume">5</infon><infon key="year">2017</infon><offset>37507</offset><text>Online ethics: where will the interface of mental health and the internet lead us?</text></passage><passage><infon key="fpage">e26</infon><infon key="issue">02</infon><infon key="name_0">surname:Batterham;given-names:P J</infon><infon key="name_1">surname:Calear;given-names:A L</infon><infon key="pub-id_pmid">28666976</infon><infon key="section_type">REF</infon><infon key="source">JMIR Ment Health</infon><infon key="type">ref</infon><infon key="volume">4</infon><infon key="year">2017</infon><offset>37590</offset><text>Preferences for Internet-Based Mental Health Interventions in an Adult Online Sample: Findings From an Online Community Survey</text></passage><passage><infon key="fpage">e36</infon><infon key="issue">01</infon><infon key="name_0">surname:Lygidakis;given-names:C</infon><infon key="name_1">surname:Wallace;given-names:P</infon><infon key="name_2">surname:Tersar;given-names:C</infon><infon key="name_3">surname:Marcatto;given-names:F</infon><infon key="name_4">surname:Ferrante;given-names:D</infon><infon key="name_5">surname:Della Vedova;given-names:R</infon><infon key="pub-id_pmid">26944482</infon><infon key="section_type">REF</infon><infon key="source">JMIR Res Protoc</infon><infon key="type">ref</infon><infon key="volume">5</infon><infon key="year">2016</infon><offset>37717</offset><text>Download Your Doctor: Implementation of a Digitally Mediated Personal Physician Presence to Enhance Patient Engagement With a Health-Promoting Internet Application</text></passage><passage><infon key="fpage">e106</infon><infon key="issue">03</infon><infon key="name_0">surname:Brady;given-names:S S</infon><infon key="name_1">surname:Sieving;given-names:R E</infon><infon key="name_2">surname:Terveen;given-names:L G</infon><infon key="name_3">surname:Rosser;given-names:BRS</infon><infon key="name_4">surname:Kodet;given-names:A J</infon><infon key="name_5">surname:Rothberg;given-names:V D</infon><infon key="pub-id_pmid">26336157</infon><infon key="section_type">REF</infon><infon key="source">JMIR Res Protoc</infon><infon key="type">ref</infon><infon key="volume">4</infon><infon key="year">2015</infon><offset>37881</offset><text>An Interactive Website to Reduce Sexual Risk Behavior: Process Evaluation of TeensTalkHealth</text></passage><passage><infon key="fpage">e104</infon><infon key="issue">04</infon><infon key="name_0">surname:Bender;given-names:J L</infon><infon key="name_1">surname:Cyr;given-names:A B</infon><infon key="name_2">surname:Arbuckle;given-names:L</infon><infon key="name_3">surname:Ferris;given-names:L E</infon><infon key="pub-id_pmid">28385682</infon><infon key="section_type">REF</infon><infon key="source">J Med Internet Res</infon><infon key="type">ref</infon><infon key="volume">19</infon><infon key="year">2017</infon><offset>37974</offset><text>Ethics and Privacy Implications of Using the Internet and Social Media to Recruit Participants for Health Research: A Privacy-by-Design Framework for Online Recruitment</text></passage><passage><infon key="fpage">248</infon><infon key="issue">05</infon><infon key="lpage">54</infon><infon key="name_0">surname:Wakefield;given-names:B J</infon><infon key="name_1">surname:Alexander;given-names:G</infon><infon key="name_2">surname:Dohrmann;given-names:M</infon><infon key="name_3">surname:Richardson;given-names:J</infon><infon key="pub-id_pmid">28045703</infon><infon key="section_type">REF</infon><infon key="source">Comput Inform Nurs</infon><infon key="type">ref</infon><infon key="volume">35</infon><infon key="year">2017</infon><offset>38143</offset><text>Design and Evaluation of a Web-Based Symptom Monitoring Tool for Heart Failure</text></passage><passage><infon key="fpage">232</infon><infon key="issue">05</infon><infon key="lpage">41</infon><infon key="name_0">surname:Choi;given-names:Y</infon><infon key="name_1">surname:Lee;given-names:M J</infon><infon key="name_2">surname:Kang;given-names:H C</infon><infon key="name_3">surname:Lee;given-names:M S</infon><infon key="name_4">surname:Yoon;given-names:S</infon><infon key="pub-id_pmid">24651253</infon><infon key="section_type">REF</infon><infon key="source">Comput Inform Nurs</infon><infon key="type">ref</infon><infon key="volume">32</infon><infon key="year">2014</infon><offset>38222</offset><text>Development and application of a web-based nutritional management program to improve dietary behaviors for the prevention ofmetabolic syndrome</text></passage><passage><infon key="name_0">surname:Mao;given-names:J</infon><infon key="name_1">surname:Chen;given-names:Y</infon><infon key="name_2">surname:Shi;given-names:F</infon><infon key="name_3">surname:Jia;given-names:Y</infon><infon key="name_4">surname:Liang;given-names:Z</infon><infon key="section_type">REF</infon><infon key="type">ref</infon><infon key="year">2017</infon><offset>38365</offset><text>Toward Exposing Timing-Based Probing Attacks in Web Applications</text></passage><passage><infon key="fpage">120</infon><infon key="name_0">surname:Olden;given-names:M</infon><infon key="name_1">surname:Holle;given-names:R</infon><infon key="name_2">surname:Heid;given-names:I M</infon><infon key="name_3">surname:Stark;given-names:K</infon><infon key="pub-id_pmid">27628043</infon><infon key="section_type">REF</infon><infon key="source">BMC Med Res Methodol</infon><infon key="type">ref</infon><infon key="volume">16</infon><infon key="year">2016</infon><offset>38430</offset><text>IDGenerator: unique identifier generator for epidemiologic or clinical studies</text></passage><passage><infon key="fpage">464</infon><infon key="issue">05</infon><infon key="lpage">e20</infon><infon key="name_0">surname:Green;given-names:A K</infon><infon key="name_1">surname:Reeder-Hayes;given-names:K E</infon><infon key="name_2">surname:Corty;given-names:R W</infon><infon key="name_3">surname:Basch;given-names:E</infon><infon key="name_4">surname:Milowsky;given-names:M I</infon><infon key="name_5">surname:Dusetzina;given-names:S B</infon><infon key="pub-id_pmid">25876994</infon><infon key="section_type">REF</infon><infon key="source">Oncologist</infon><infon key="type">ref</infon><infon key="volume">20</infon><infon key="year">2015</infon><offset>38509</offset><text>The project data sphere initiative: accelerating cancer research by sharing data</text></passage><passage><infon key="fpage">427</infon><infon key="issue">05</infon><infon key="lpage">36</infon><infon key="name_0">surname:Price;given-names:M</infon><infon key="name_1">surname:Yuen;given-names:E K</infon><infon key="name_2">surname:Goetter;given-names:E M</infon><infon key="name_3">surname:Herbert;given-names:J D</infon><infon key="name_4">surname:Forman;given-names:E M</infon><infon key="name_5">surname:Acierno;given-names:R</infon><infon key="pub-id_pmid">23918764</infon><infon key="section_type">REF</infon><infon key="source">Clin Psychol Psychother</infon><infon key="type">ref</infon><infon key="volume">21</infon><infon key="year">2014</infon><offset>38590</offset><text>mHealth: a mechanism to deliver more accessible, more effective mental health care</text></passage><passage><infon key="fpage">e87</infon><infon key="issue">06</infon><infon key="name_0">surname:Nebeker;given-names:C</infon><infon key="name_1">surname:Murray;given-names:K</infon><infon key="name_2">surname:Holub;given-names:C</infon><infon key="name_3">surname:Haughton;given-names:J</infon><infon key="name_4">surname:Arredondo;given-names:E M</infon><infon key="pub-id_pmid">28659258</infon><infon key="section_type">REF</infon><infon key="source">JMIR Mhealth Uhealth</infon><infon key="type">ref</infon><infon key="volume">5</infon><infon key="year">2017</infon><offset>38673</offset><text>Acceptance of Mobile Health in Communities Underrepresented in Biomedical Research: Barriers and Ethical Considerations for Scientists</text></passage><passage><infon key="fpage">181</infon><infon key="issue">01</infon><infon key="name_0">surname:Martínez-Pérez;given-names:B</infon><infon key="name_1">surname:de la;given-names:Torre-Díez I</infon><infon key="name_2">surname:López-Coro-nado;given-names:M</infon><infon key="pub-id_pmid">25486895</infon><infon key="section_type">REF</infon><infon key="source">J Med Syst</infon><infon key="type">ref</infon><infon key="volume">39</infon><infon key="year">2015</infon><offset>38808</offset><text>Privacy and security in mobile health apps: a review and recommendations</text></passage><passage><infon key="fpage">393</infon><infon key="issue">03</infon><infon key="lpage">408</infon><infon key="name_0">surname:Hussain;given-names:M</infon><infon key="name_1">surname:Al-Haiqi;given-names:A</infon><infon key="name_2">surname:Zaidan;given-names:A A</infon><infon key="name_3">surname:Zaidan;given-names:B B</infon><infon key="name_4">surname:Kiah;given-names:MLM</infon><infon key="name_5">surname:Anuar;given-names:N B</infon><infon key="pub-id_pmid">26412009</infon><infon key="section_type">REF</infon><infon key="source">Comput Methods Programs Biomed</infon><infon key="type">ref</infon><infon key="volume">122</infon><infon key="year">2015</infon><offset>38881</offset><text>The landscape of research on smartphone medical apps: Coherent taxonomy, motivations, open challenges and recommendations</text></passage><passage><infon key="fpage">229</infon><infon key="issue">03</infon><infon key="name_0">surname:Boulos;given-names:MN K</infon><infon key="name_1">surname:Brewer;given-names:A C</infon><infon key="name_2">surname:Karimkhani;given-names:C</infon><infon key="name_3">surname:Buller;given-names:D B</infon><infon key="name_4">surname:Dellavalle;given-names:R P</infon><infon key="pub-id_pmid">24683442</infon><infon key="section_type">REF</infon><infon key="source">Online J Public Health Inform</infon><infon key="type">ref</infon><infon key="volume">5</infon><infon key="year">2014</infon><offset>39003</offset><text>Mobile medical and health apps: state of the art, concerns, regulatory control and certification</text></passage><passage><infon key="fpage">360</infon><infon key="issue">02</infon><infon key="lpage">1</infon><infon key="name_0">surname:Hogan;given-names:N M</infon><infon key="name_1">surname:Kerin;given-names:M J</infon><infon key="pub-id_pmid">22897983</infon><infon key="section_type">REF</infon><infon key="source">Patient Educ Couns</infon><infon key="type">ref</infon><infon key="volume">89</infon><infon key="year">2012</infon><offset>39100</offset><text>Smart phone apps: smart patients, steer clear</text></passage><passage><infon key="fpage">42</infon><infon key="issue">04</infon><infon key="lpage">7</infon><infon key="name_0">surname:Elias;given-names:B L</infon><infon key="name_1">surname:Fogger;given-names:S A</infon><infon key="name_2">surname:McGuinness;given-names:T M</infon><infon key="name_3">surname:D' Alessandro;given-names:K R</infon><infon key="section_type">REF</infon><infon key="source">J Psychosoc Nurs Ment Health Serv</infon><infon key="type">ref</infon><infon key="volume">52</infon><infon key="year">2014</infon><offset>39146</offset><text>Mobile apps for psychiatric nurses</text></passage><passage><infon key="fpage">1051</infon><infon key="issue">06</infon><infon key="lpage">9</infon><infon key="name_0">surname:Grundy;given-names:Q H</infon><infon key="name_1">surname:Wang;given-names:Z</infon><infon key="name_2">surname:Bero;given-names:L A</infon><infon key="pub-id_pmid">27659122</infon><infon key="section_type">REF</infon><infon key="source">Am J Prev Med</infon><infon key="type">ref</infon><infon key="volume">51</infon><infon key="year">2016</infon><offset>39181</offset><text>Challenges in Assessing Mobile Health App Quality: A Systematic Review of Prevalent and Innovative Methods</text></passage><passage><infon key="fpage">e28</infon><infon key="lpage">33</infon><infon key="name_0">surname:Sunyaev;given-names:A</infon><infon key="name_1">surname:Dehling;given-names:T</infon><infon key="name_2">surname:Taylor;given-names:P L</infon><infon key="name_3">surname:Mandl;given-names:K D</infon><infon key="pub-id_pmid">25147247</infon><infon key="section_type">REF</infon><infon key="source">J Am Med Inform Assoc</infon><infon key="type">ref</infon><infon key="volume">22</infon><infon key="year">2015</infon><offset>39288</offset><text>Availability and quality of mobile health app privacy policies</text></passage><passage><infon key="fpage">S106</infon><infon key="lpage">15</infon><infon key="name_0">surname:Kao;given-names:C-K</infon><infon key="name_1">surname:Liebovitz;given-names:D M</infon><infon key="pub-id_pmid">28527495</infon><infon key="section_type">REF</infon><infon key="source">PM R</infon><infon key="type">ref</infon><infon key="volume">9</infon><infon key="year">2017</infon><offset>39351</offset><text>Consumer Mobile Health Apps: Current State, Barriers, and Future Directions</text></passage><passage><infon key="fpage">152</infon><infon key="issue">06</infon><infon key="name_0">surname:Morera;given-names:E P</infon><infon key="name_1">surname:de la Torre;given-names:Díez I</infon><infon key="name_2">surname:Garcia-Zapirain;given-names:B</infon><infon key="name_3">surname:López-Coronado;given-names:M</infon><infon key="name_4">surname:Arambarri;given-names:J</infon><infon key="pub-id_pmid">27147515</infon><infon key="section_type">REF</infon><infon key="source">J Med Syst</infon><infon key="type">ref</infon><infon key="volume">40</infon><infon key="year">2016</infon><offset>39427</offset><text>Security Recommendations for mHealth Apps: Elaboration of a Developer's Guide</text></passage><passage><infon key="name_0">surname:Katusiime;given-names:J</infon><infon key="name_1">surname:Pinkwart;given-names:N</infon><infon key="section_type">REF</infon><infon key="type">ref</infon><offset>39505</offset><text>A review of privacy and usability issues in mobile health systems: Role of external factors</text></passage><passage><infon key="fpage">188</infon><infon key="issue">01</infon><infon key="name_0">surname:Aranda-Jan;given-names:C B</infon><infon key="name_1">surname:Mohutsiwa-Dibe;given-names:N</infon><infon key="name_2">surname:Loukanova;given-names:S</infon><infon key="pub-id_pmid">24555733</infon><infon key="section_type">REF</infon><infon key="source">BMC Public Health</infon><infon key="type">ref</infon><infon key="volume">14</infon><infon key="year">2014</infon><offset>39597</offset><text>Systematic review on what works, what does not work and why of implementation of mobile health (mHealth) projects in Africa</text></passage><passage><infon key="fpage">22</infon><infon key="issue">06</infon><infon key="lpage">30</infon><infon key="name_0">surname:Kotz;given-names:D</infon><infon key="name_1">surname:Gunter;given-names:C A</infon><infon key="name_2">surname:Kumar;given-names:S</infon><infon key="pub-id_pmid">28344359</infon><infon key="section_type">REF</infon><infon key="source">Computer</infon><infon key="type">ref</infon><infon key="volume">49</infon><infon key="year">2016</infon><offset>39721</offset><text>Weiner JP Privacy and Security in Mobile Health: A Research Agenda</text></passage><passage><infon key="fpage">173</infon><infon key="issue">03</infon><infon key="lpage">94</infon><infon key="name_0">surname:Madathil;given-names:K C</infon><infon key="name_1">surname:Rivera-Rodriguez;given-names:A J</infon><infon key="name_2">surname:Greenstein;given-names:J S</infon><infon key="name_3">surname:Gramopadhye;given-names:A K</infon><infon key="pub-id_pmid">24670899</infon><infon key="section_type">REF</infon><infon key="source">Health Informatics J</infon><infon key="type">ref</infon><infon key="volume">21</infon><infon key="year">2014</infon><offset>39788</offset><text>Healthcare information on YouTube: A systematic review</text></passage><passage><infon key="fpage">825</infon><infon key="issue">04</infon><infon key="lpage">36</infon><infon key="name_0">surname:Dorfman;given-names:R G</infon><infon key="name_1">surname:Vaca;given-names:E E</infon><infon key="name_2">surname:Fine;given-names:N A</infon><infon key="name_3">surname:Schierle;given-names:C F</infon><infon key="pub-id_pmid">28953737</infon><infon key="section_type">REF</infon><infon key="source">Plast Reconstr Surg</infon><infon key="type">ref</infon><infon key="volume">140</infon><infon key="year">2017</infon><offset>39843</offset><text>The Ethics of Sharing Plastic Surgery Videos on Social Media</text></passage><passage><infon key="fpage">e1</infon><infon key="issue">01</infon><infon key="lpage">7</infon><infon key="name_0">surname:Gómez-Zúñiga;given-names:B</infon><infon key="name_1">surname:Fernandez-Luque;given-names:L</infon><infon key="name_2">surname:Pousada;given-names:M</infon><infon key="name_3">surname:Hernández-Encuentra;given-names:E</infon><infon key="name_4">surname:Armayones;given-names:M</infon><infon key="section_type">REF</infon><infon key="source">Med 20</infon><infon key="type">ref</infon><infon key="volume">1</infon><infon key="year">2012</infon><offset>39904</offset><text>ePa-tients on YouTube: Analysis of Four Experiences From the Patients’ Perspective</text></passage><passage><infon key="section_type">REF</infon><infon key="type">ref</infon><offset>39989</offset><text>Making and using visual and audio recordings of patients</text></passage><passage><infon key="fpage">817</infon><infon key="issue">08</infon><infon key="lpage">25</infon><infon key="name_0">surname:Crane;given-names:G M</infon><infon key="name_1">surname:Gardner;given-names:J M</infon><infon key="pub-id_pmid">27550566</infon><infon key="section_type">REF</infon><infon key="source">AMA J Ethics</infon><infon key="type">ref</infon><infon key="volume">18</infon><infon key="year">2016</infon><offset>40046</offset><text>Pathology Image-Sharing on Social Media: Recommendations for Protecting Privacy While Motivating Education</text></passage><passage><infon key="fpage">1</infon><infon key="lpage">12</infon><infon key="name_0">surname:Ranschaert;given-names:E R</infon><infon key="name_1">surname:Ooijen;given-names:PMA</infon><infon key="name_2">surname:Lee;given-names:S</infon><infon key="name_3">surname:Ratib;given-names:O</infon><infon key="name_4">surname:Parizel;given-names:P M</infon><infon key="section_type">REF</infon><infon key="source">Insights Imaging</infon><infon key="type">ref</infon><infon key="year">2015</infon><offset>40153</offset><text>Social media for radiologists: an introduction</text></passage><passage><infon key="fpage">57</infon><infon key="issue">01</infon><infon key="lpage">60</infon><infon key="name_0">surname:Steele;given-names:S</infon><infon key="name_1">surname:Adcock;given-names:C</infon><infon key="name_2">surname:Steel;given-names:A</infon><infon key="pub-id_pmid">25987594</infon><infon key="section_type">REF</infon><infon key="source">Emerg Med J</infon><infon key="type">ref</infon><infon key="volume">33</infon><infon key="year">2015</infon><offset>40200</offset><text>Ethical, legal and professional issues arising from social media coverage by UK Helicopter Emergency Medical Services</text></passage><passage><infon key="fpage">e76</infon><infon key="lpage">7</infon><infon key="name_0">surname:Cadogan;given-names:M</infon><infon key="name_1">surname:Thoma;given-names:B</infon><infon key="name_2">surname:Chan;given-names:T M</infon><infon key="name_3">surname:Lin;given-names:M</infon><infon key="pub-id_pmid">24554447</infon><infon key="section_type">REF</infon><infon key="source">Emerg Med J</infon><infon key="type">ref</infon><infon key="volume">31</infon><infon key="year">2014</infon><offset>40318</offset><text>Free Open Access Meducation (FOAM): the rise of emergency medicine and critical care blogs and podcasts (2002-2013)</text></passage><passage><infon key="fpage">43</infon><infon key="lpage">7</infon><infon key="name_0">surname:Lamas;given-names:E</infon><infon key="name_1">surname:Salinas;given-names:R</infon><infon key="name_2">surname:Coquedano;given-names:C</infon><infon key="name_3">surname:Simon;given-names:M-P</infon><infon key="name_4">surname:Bousquet;given-names:C</infon><infon key="name_5">surname:Ferrer;given-names:M</infon><infon key="pub-id_pmid">29039374</infon><infon key="section_type">REF</infon><infon key="source">Stud Health Technol Inform</infon><infon key="type">ref</infon><infon key="volume">244</infon><infon key="year">2017</infon><offset>40434</offset><text>The Meaning of Patient Empowerment in the Digital Age: The Role of Online Patient-Communities</text></passage><passage><infon key="fpage">e12</infon><infon key="issue">01</infon><infon key="name_0">surname:Meyer;given-names:AND</infon><infon key="name_1">surname:Longhurst;given-names:C A</infon><infon key="name_2">surname:Singh;given-names:H</infon><infon key="pub-id_pmid">26769236</infon><infon key="section_type">REF</infon><infon key="source">J Med Internet Res</infon><infon key="type">ref</infon><infon key="volume">18</infon><infon key="year">2016</infon><offset>40528</offset><text>Crowd-sourcing Diagnosis for Patients With Undiagnosed Illnesses: An Evaluation of CrowdMed</text></passage><passage><infon key="fpage">187</infon><infon key="issue">01</infon><infon key="lpage">203</infon><infon key="name_0">surname:Ranard;given-names:B L</infon><infon key="name_1">surname:Ha;given-names:Y P</infon><infon key="name_2">surname:Meisel;given-names:Z F</infon><infon key="name_3">surname:Asch;given-names:D A</infon><infon key="name_4">surname:Hill;given-names:S S</infon><infon key="name_5">surname:Becker;given-names:L B</infon><infon key="pub-id_pmid">23843021</infon><infon key="section_type">REF</infon><infon key="source">J Gen Intern Med</infon><infon key="type">ref</infon><infon key="volume">29</infon><infon key="year">2014</infon><offset>40620</offset><text>Crowdsourcing-harnessing the masses to advance health and medicine, a systematic review</text></passage><passage><infon key="fpage">357</infon><infon key="lpage">67</infon><infon key="name_0">surname:Aungst;given-names:H</infon><infon key="name_1">surname:Fishman;given-names:J R</infon><infon key="name_2">surname:McGowan;given-names:M L</infon><infon key="pub-id_pmid">28426284</infon><infon key="section_type">REF</infon><infon key="source">Annu Rev Genomics Hum Genet</infon><infon key="type">ref</infon><infon key="volume">18</infon><infon key="year">2017</infon><offset>40708</offset><text>Participatory Genomic Research: Ethical Issues from the Bottom Up to the Top Down</text></passage><passage><infon key="fpage">179</infon><infon key="issue">02</infon><infon key="lpage">87</infon><infon key="name_0">surname:Brabham;given-names:D C</infon><infon key="name_1">surname:Ribisl;given-names:K M</infon><infon key="name_2">surname:Kirchner;given-names:T R</infon><infon key="name_3">surname:Bernhardt;given-names:J M</infon><infon key="pub-id_pmid">24439353</infon><infon key="section_type">REF</infon><infon key="source">Am J Prev Med</infon><infon key="type">ref</infon><infon key="volume">46</infon><infon key="year">2014</infon><offset>40790</offset><text>Crowdsourcing applications for public health</text></passage><passage><infon key="fpage">1623</infon><infon key="issue">16</infon><infon key="lpage">4</infon><infon key="name_0">surname:Young;given-names:M J</infon><infon key="name_1">surname:Scheinberg;given-names:E</infon><infon key="pub-id_pmid">28334321</infon><infon key="section_type">REF</infon><infon key="source">JAMA</infon><infon key="type">ref</infon><infon key="volume">317</infon><infon key="year">2017</infon><offset>40835</offset><text>The Rise of Crowdfund-ing for Medical Care: Promises and Perils</text></passage><passage><infon key="fpage">36</infon><infon key="issue">01</infon><infon key="lpage">45</infon><infon key="name_0">surname:Zarate;given-names:O A</infon><infon key="name_1">surname:Brody;given-names:J G</infon><infon key="name_2">surname:Brown;given-names:P</infon><infon key="name_3">surname:Ramirez-Andreotta;given-names:M D</infon><infon key="name_4">surname:Perovich;given-names:L</infon><infon key="name_5">surname:Matz;given-names:J</infon><infon key="section_type">REF</infon><infon key="source">Hastings Cent Rep</infon><infon key="type">ref</infon><infon key="volume">46</infon><infon key="year">2016</infon><offset>40899</offset><text>Balancing Benefits and Risks of Immortal Data</text></passage><passage><infon key="section_type">REF</infon><infon key="type">ref</infon><offset>40945</offset><text>Personal Genome Projects: Global Network [Internet]</text></passage><passage><infon key="section_type">REF</infon><infon key="type">ref</infon><offset>40997</offset><text>Wikipedia contributors</text></passage><passage><infon key="fpage">1028</infon><infon key="name_0">surname:Wang;given-names:VC X</infon><infon key="section_type">REF</infon><infon key="type">ref</infon><infon key="year">2009</infon><offset>41020</offset><text>Handbook ofResearch on E-Learning Applications for Career and Technical Education: Technologies for Vocational Training: Technologies for Vocational Training</text></passage><passage><infon key="name_0">surname:Lawrence;given-names:L</infon><infon key="section_type">REF</infon><infon key="type">ref</infon><offset>41178</offset></passage><passage><infon key="section_type">REF</infon><infon key="type">ref</infon><offset>41179</offset><text>Intelligent Virtual Agents | SpringerLink [Internet][cited 2017 Nov 16]. Available from:</text></passage><passage><infon key="name_0">surname:Chi;given-names:N-C</infon><infon key="name_1">surname:Sparks;given-names:O</infon><infon key="name_2">surname:Lin;given-names:S-Y</infon><infon key="name_3">surname:Lazar;given-names:A</infon><infon key="name_4">surname:Thompson;given-names:H J</infon><infon key="name_5">surname:Demiris;given-names:G</infon><infon key="section_type">REF</infon><infon key="type">ref</infon><infon key="year">2017</infon><offset>41268</offset><text>Pilot testing a digital pet avatar for older adults</text></passage><passage><infon key="fpage">576</infon><infon key="lpage">81</infon><infon key="name_0">surname:Meropi;given-names:P</infon><infon key="name_1">surname:Billis;given-names:A S</infon><infon key="name_2">surname:Hasanagas;given-names:N D</infon><infon key="name_3">surname:Bratsas;given-names:C</infon><infon key="name_4">surname:Antoniou;given-names:I</infon><infon key="name_5">surname:Bamidis;given-names:P D</infon><infon key="section_type">REF</infon><infon key="type">ref</infon><infon key="year">2017</infon><offset>41320</offset><text>Conditional Entropy Based Retrieval Model in Patient-Carer Conversational Cases</text></passage><passage><infon key="fpage">e28</infon><infon key="issue">03</infon><infon key="name_0">surname:Graber;given-names:M A</infon><infon key="name_1">surname:Graber;given-names:A D</infon><infon key="pub-id_pmid">20627858</infon><infon key="section_type">REF</infon><infon key="source">J Med Internet Res</infon><infon key="type">ref</infon><infon key="volume">12</infon><infon key="year">2010</infon><offset>41400</offset><text>Get your paws off of my pixels: personal identity and avatars as self</text></passage><passage><infon key="fpage">558</infon><infon key="issue">07</infon><infon key="lpage">64</infon><infon key="name_0">surname:Yellowlees;given-names:P M</infon><infon key="name_1">surname:Holloway;given-names:K M</infon><infon key="name_2">surname:Parish;given-names:M B</infon><infon key="pub-id_pmid">22823138</infon><infon key="section_type">REF</infon><infon key="source">Telemed J E Health</infon><infon key="type">ref</infon><infon key="volume">18</infon><infon key="year">2012</infon><offset>41470</offset><text>Therapy in virtual environments-clinical and ethical issues.</text></passage><passage><infon key="fpage">7283</infon><infon key="issue">12</infon><infon key="lpage">98</infon><infon key="name_0">surname:Pouke;given-names:M</infon><infon key="name_1">surname:Hakkila;given-names:J</infon><infon key="pub-id_pmid">24351747</infon><infon key="section_type">REF</infon><infon key="source">Int J Environ Res Public Health</infon><infon key="type">ref</infon><infon key="volume">10</infon><infon key="year">2013</infon><offset>41531</offset><text>Elderly healthcare monitoring using an avatar-based 3D virtual environment</text></passage><passage><infon key="section_type">REF</infon><infon key="type">ref</infon><offset>41606</offset><text>Reamer - Social work FG, 2013</text></passage><passage><infon key="fpage">518</infon><infon key="issue">05</infon><infon key="lpage">24</infon><infon key="name_0">surname:Gordon;given-names:M S</infon><infon key="name_1">surname:Carswell;given-names:S B</infon><infon key="name_2">surname:Schadegg;given-names:M</infon><infon key="name_3">surname:Mangen;given-names:K</infon><infon key="name_4">surname:Merkel;given-names:K</infon><infon key="name_5">surname:Tangires;given-names:S</infon><infon key="pub-id_pmid">28635345</infon><infon key="section_type">REF</infon><infon key="source">Am J Drug Alcohol Abuse</infon><infon key="type">ref</infon><infon key="volume">43</infon><infon key="year">2017</infon><offset>41636</offset><text>Avatar-assisted therapy: a proof-of-concept pilot study of a novel technology-based intervention to treat substance use disorders</text></passage><passage><infon key="fpage">1720</infon><infon key="issue">09</infon><infon key="lpage">9</infon><infon key="name_0">surname:Gardiner;given-names:P M</infon><infon key="name_1">surname:McCue;given-names:K D</infon><infon key="name_2">surname:Negash;given-names:L M</infon><infon key="name_3">surname:Cheng;given-names:T</infon><infon key="name_4">surname:White;given-names:L F</infon><infon key="name_5">surname:Yinusa-Nyahkoon;given-names:L</infon><infon key="pub-id_pmid">28495391</infon><infon key="section_type">REF</infon><infon key="source">Patient Educ Couns</infon><infon key="type">ref</infon><infon key="volume">100</infon><infon key="year">2017</infon><offset>41766</offset><text>Engaging women with an embodied conversational agent to deliver mindfulness and lifestyle recommendations: A feasibility randomized control trial</text></passage><passage><infon key="fpage">1415</infon><infon key="issue">12</infon><infon key="lpage">9</infon><infon key="name_0">surname:Andrade;given-names:A D</infon><infon key="name_1">surname:Bagri;given-names:A</infon><infon key="name_2">surname:Zaw;given-names:K</infon><infon key="name_3">surname:Roos;given-names:B A</infon><infon key="name_4">surname:Ruiz;given-names:J G</infon><infon key="pub-id_pmid">21091407</infon><infon key="section_type">REF</infon><infon key="source">J Palliat Med</infon><infon key="type">ref</infon><infon key="volume">13</infon><infon key="year">2010</infon><offset>41912</offset><text>Avatar-mediated training in the delivery of bad news in a virtual world</text></passage></document></collection>
