<?xml version="1.0" encoding="UTF-8"?>
<!DOCTYPE collection SYSTEM "BioC.dtd">
<collection><source>PMC</source><date>20201214</date><key>pmc.key</key><document><id>5997358</id><infon key="license">CC BY</infon><passage><infon key="alt-title">Benchmarking spike rate inference for two-photon calcium imaging</infon><infon key="article-id_doi">10.1371/journal.pcbi.1006157</infon><infon key="article-id_pmc">5997358</infon><infon key="article-id_pmid">29782491</infon><infon key="article-id_publisher-id">PCOMPBIOL-D-17-01727</infon><infon key="elocation-id">e1006157</infon><infon key="issue">5</infon><infon key="license">This is an open access article distributed under the terms of the Creative Commons Attribution License, which permits unrestricted use, distribution, and reproduction in any medium, provided the original author and source are credited.</infon><infon key="name_0">surname:Berens;given-names:Philipp</infon><infon key="name_1">surname:Freeman;given-names:Jeremy</infon><infon key="name_10">surname:Gerhard;given-names:Stephan</infon><infon key="name_11">surname:Friedrich;given-names:Rainer W.</infon><infon key="name_12">surname:Friedrich;given-names:Johannes</infon><infon key="name_13">surname:Paninski;given-names:Liam</infon><infon key="name_14">surname:Pachitariu;given-names:Marius</infon><infon key="name_15">surname:Harris;given-names:Kenneth D.</infon><infon key="name_16">surname:Bolte;given-names:Ben</infon><infon key="name_17">surname:Machado;given-names:Timothy A.</infon><infon key="name_18">surname:Ringach;given-names:Dario</infon><infon key="name_19">surname:Stone;given-names:Jasmine</infon><infon key="name_2">surname:Deneux;given-names:Thomas</infon><infon key="name_20">surname:Rogerson;given-names:Luke E.</infon><infon key="name_21">surname:Sofroniew;given-names:Nicolas J.</infon><infon key="name_22">surname:Reimer;given-names:Jacob</infon><infon key="name_23">surname:Froudarakis;given-names:Emmanouil</infon><infon key="name_24">surname:Euler;given-names:Thomas</infon><infon key="name_25">surname:Román Rosón;given-names:Miroslav</infon><infon key="name_26">surname:Theis;given-names:Lucas</infon><infon key="name_27">surname:Tolias;given-names:Andreas S.</infon><infon key="name_28">surname:Bethge;given-names:Matthias</infon><infon key="name_29">surname:Bush;given-names:Daniel</infon><infon key="name_3">surname:Chenkov;given-names:Nikolay</infon><infon key="name_30">surname:Bethge;given-names:Matthias</infon><infon key="name_31">surname:Euler;given-names:Thomas</infon><infon key="name_32">surname:Berens;given-names:Philipp</infon><infon key="name_33">surname:Berens;given-names:Philipp</infon><infon key="name_34">surname:Bethge;given-names:Matthias</infon><infon key="name_35">surname:Macke;given-names:Jakob H.</infon><infon key="name_36">surname:Harris;given-names:Kenneth D.</infon><infon key="name_37">surname:Harris;given-names:Kenneth D.</infon><infon key="name_38">surname:Harris;given-names:Kenneth D.</infon><infon key="name_39">surname:Friedrich;given-names:Johannes</infon><infon key="name_4">surname:McColgan;given-names:Thomas</infon><infon key="name_40">surname:Rupprecht;given-names:Peter</infon><infon key="name_41">surname:Friedrich;given-names:Rainer W.</infon><infon key="name_42">surname:Paninski;given-names:Liam</infon><infon key="name_43">surname:Paninski;given-names:Liam</infon><infon key="name_44">surname:Paninski;given-names:Liam</infon><infon key="name_45">surname:Paninski;given-names:Liam</infon><infon key="name_46">surname:Tolias;given-names:Andreas S.</infon><infon key="name_47">surname:Tolias;given-names:Andreas S.</infon><infon key="name_48">surname:Berens;given-names:Philipp</infon><infon key="name_5">surname:Speiser;given-names:Artur</infon><infon key="name_6">surname:Macke;given-names:Jakob H.</infon><infon key="name_7">surname:Turaga;given-names:Srinivas C.</infon><infon key="name_8">surname:Mineault;given-names:Patrick</infon><infon key="name_9">surname:Rupprecht;given-names:Peter</infon><infon key="notes">All data and analysis code is available from https://github.com/berenslab/spikefinder_analysis.</infon><infon key="section_type">TITLE</infon><infon key="title">Data Availability</infon><infon key="type">front</infon><infon key="volume">14</infon><infon key="year">2018</infon><offset>0</offset><text>Community-based benchmarking improves spike rate inference from two-photon calcium imaging data</text></passage><passage><infon key="section_type">ABSTRACT</infon><infon key="type">abstract</infon><offset>96</offset><text>In recent years, two-photon calcium imaging has become a standard tool to probe the function of neural circuits and to study computations in neuronal populations. However, the acquired signal is only an indirect measurement of neural activity due to the comparatively slow dynamics of fluorescent calcium indicators. Different algorithms for estimating spike rates from noisy calcium measurements have been proposed in the past, but it is an open question how far performance can be improved. Here, we report the results of the spikefinder challenge, launched to catalyze the development of new spike rate inference algorithms through crowd-sourcing. We present ten of the submitted algorithms which show improved performance compared to previously evaluated methods. Interestingly, the top-performing algorithms are based on a wide range of principles from deep neural networks to generative models, yet provide highly correlated estimates of the neural activity. The competition shows that benchmark challenges can drive algorithmic developments in neuroscience.</text></passage><passage><infon key="section_type">ABSTRACT</infon><infon key="type">abstract_title_1</infon><offset>1161</offset><text>Author summary</text></passage><passage><infon key="section_type">ABSTRACT</infon><infon key="type">abstract</infon><offset>1176</offset><text>Two-photon calcium imaging is one of the major tools to study the activity of large populations of neurons in the brain. In this technique, a fluorescent calcium indicator changes its brightness when a neuron fires an action potential due to an associated increase in intracellular calcium. However, while a number of algorithms have been proposed for estimating spike rates from the measured signal, the problem is far from solved. We organized a public competition using a data set for which ground truth data was available. Participants were given a training set to develop new algorithms, and the performance of the algorithms was evaluated on a hidden test set. Here we report on the results of this competition and discuss the progress made towards better algorithms to infer spiking activity from imaging data.</text></passage><passage><infon key="section_type">INTRO</infon><infon key="type">title_1</infon><offset>1994</offset><text>Introduction</text></passage><passage><infon key="section_type">INTRO</infon><infon key="type">paragraph</infon><offset>2007</offset><text>Two-photon calcium imaging has become a standard tool to probe the function of neural circuits and to study computations in neuronal populations. Indeed, the latest advances in scanning technologies make it now possible to record neural activity from hundreds or even thousands of cells simultaneously. However, the resulting fluorescence signal is only an indirect measurement of the underlying spiking activity, as it reflects the comparatively slow cellular dynamics of cellular calcium and the fluorescent calcium indicators. Thus, to relate large-scale population recordings to the spiking activity of neural circuits we fundamentally require techniques to infer spike rates from the fluorescent traces.</text></passage><passage><infon key="section_type">INTRO</infon><infon key="type">paragraph</infon><offset>2716</offset><text>Over the past decade, a number of algorithms for solving this problem have been proposed. Many of them assume a forward generative model of the calcium signal and attempt to invert it to infer spike rates. Examples of this approach include deconvolution techniques, template-matching and approximate Bayesian inference. Such forward models incorporate a priori assumptions about how the measured signal is generated, e.g. about the shape of the calcium fluorescence signal induced by a single spike and the statistics of the noise. In contrast, comparatively few groups have attempted to solve the problem through supervised learning, where a machine learning algorithm is trained to infer the spike rate from calcium signal using simultaneously recorded spike and calcium data for training.</text></passage><passage><infon key="section_type">INTRO</infon><infon key="type">paragraph</infon><offset>3508</offset><text>Despite this progress, it is still an open question whether current algorithms already achieve the best possible performance for the task, or whether the observed performance can still be improved upon by algorithmic developments. To answer this question, we organized the spikefinder challenge. This challenge aimed at two goals: (1) provide a standardized framework to evaluate existing spike inference algorithms on identical data and (2) catalyze the development of new spike inference algorithms through crowd-sourcing. Such challenges have been used successfully in machine learning, computer vision or physics to drive algorithmic developments. We present ten of the submitted algorithms which show improved performance compared to previously evaluated methods. Interestingly, the top-performing algorithms are based on a range of principles from deep neural networks to generative models, yet provide highly correlated estimates of the neural activity.</text></passage><passage><infon key="section_type">RESULTS</infon><infon key="type">title_1</infon><offset>4469</offset><text>Results</text></passage><passage><infon key="section_type">RESULTS</infon><infon key="type">paragraph</infon><offset>4477</offset><text>For the spikefinder challenge, we used five benchmark data sets consisting in total of 92 recordings from 73 neurons, acquired in the primary visual cortex and the retina of mice (see Table 1). In brief, data sets I, II and IV were collected with OGB-1 as a calcium dye, while data sets III and V were collected with the genetically encoded indicator GCamp6s. Similarly, there were differences in scanning method and scan rate between the data sets: For example, data set I was recorded using 3D AOD scanners at very high scan rates, while data set II was recorded using conventional galvo-scanners at fairly low speed. For all data sets, calcium imaging had been performed simultaneously with electrophysiological recordings allowing to evaluate the performance of spike rate inference algorithms on ground truth data. Importantly, all data was acquired at a zoom factor typically used during population imaging experiments, ensuring that all benchmark results reflect performance under the typical use-case conditions.</text></passage><passage><infon key="file">pcbi.1006157.t001.xml</infon><infon key="id">pcbi.1006157.t001</infon><infon key="section_type">TABLE</infon><infon key="type">table_title_caption</infon><offset>5498</offset><text>Overview over datasets with training and test data used in the competition.</text></passage><passage><infon key="file">pcbi.1006157.t001.xml</infon><infon key="id">pcbi.1006157.t001</infon><infon key="section_type">TABLE</infon><infon key="type">table</infon><infon key="xml">&lt;?xml version=&quot;1.0&quot; encoding=&quot;UTF-8&quot;?&gt;
&lt;table frame=&quot;box&quot; rules=&quot;all&quot; border=&quot;0&quot;&gt;&lt;colgroup span=&quot;1&quot;&gt;&lt;col align=&quot;left&quot; valign=&quot;middle&quot; span=&quot;1&quot;/&gt;&lt;col align=&quot;left&quot; valign=&quot;middle&quot; span=&quot;1&quot;/&gt;&lt;col align=&quot;left&quot; valign=&quot;middle&quot; span=&quot;1&quot;/&gt;&lt;col align=&quot;left&quot; valign=&quot;middle&quot; span=&quot;1&quot;/&gt;&lt;col align=&quot;left&quot; valign=&quot;middle&quot; span=&quot;1&quot;/&gt;&lt;col align=&quot;left&quot; valign=&quot;middle&quot; span=&quot;1&quot;/&gt;&lt;/colgroup&gt;&lt;thead&gt;&lt;tr&gt;&lt;th align=&quot;center&quot; rowspan=&quot;1&quot; colspan=&quot;1&quot;&gt;Dataset&lt;/th&gt;&lt;th align=&quot;left&quot; rowspan=&quot;1&quot; colspan=&quot;1&quot;&gt;Scan method&lt;/th&gt;&lt;th align=&quot;left&quot; rowspan=&quot;1&quot; colspan=&quot;1&quot;&gt;Indicator&lt;/th&gt;&lt;th align=&quot;center&quot; rowspan=&quot;1&quot; colspan=&quot;1&quot;&gt;Avg. scan rate (Hz)&lt;/th&gt;&lt;th align=&quot;center&quot; rowspan=&quot;1&quot; colspan=&quot;1&quot;&gt;N in training set&lt;/th&gt;&lt;th align=&quot;center&quot; rowspan=&quot;1&quot; colspan=&quot;1&quot;&gt;N in test set&lt;/th&gt;&lt;/tr&gt;&lt;/thead&gt;&lt;tbody&gt;&lt;tr&gt;&lt;td align=&quot;center&quot; rowspan=&quot;1&quot; colspan=&quot;1&quot;&gt;I&lt;/td&gt;&lt;td align=&quot;left&quot; rowspan=&quot;1&quot; colspan=&quot;1&quot;&gt;3D AOD&lt;/td&gt;&lt;td align=&quot;left&quot; rowspan=&quot;1&quot; colspan=&quot;1&quot;&gt;OGB-1&lt;/td&gt;&lt;td align=&quot;char&quot; char=&quot;.&quot; rowspan=&quot;1&quot; colspan=&quot;1&quot;&gt;322.5&lt;/td&gt;&lt;td align=&quot;center&quot; rowspan=&quot;1&quot; colspan=&quot;1&quot;&gt;11&lt;/td&gt;&lt;td align=&quot;center&quot; rowspan=&quot;1&quot; colspan=&quot;1&quot;&gt;5&lt;/td&gt;&lt;/tr&gt;&lt;tr&gt;&lt;td align=&quot;center&quot; rowspan=&quot;1&quot; colspan=&quot;1&quot;&gt;II&lt;/td&gt;&lt;td align=&quot;left&quot; rowspan=&quot;1&quot; colspan=&quot;1&quot;&gt;galvo&lt;/td&gt;&lt;td align=&quot;left&quot; rowspan=&quot;1&quot; colspan=&quot;1&quot;&gt;OGB-1&lt;/td&gt;&lt;td align=&quot;char&quot; char=&quot;.&quot; rowspan=&quot;1&quot; colspan=&quot;1&quot;&gt;11.8&lt;/td&gt;&lt;td align=&quot;center&quot; rowspan=&quot;1&quot; colspan=&quot;1&quot;&gt;21&lt;/td&gt;&lt;td align=&quot;center&quot; rowspan=&quot;1&quot; colspan=&quot;1&quot;&gt;10&lt;/td&gt;&lt;/tr&gt;&lt;tr&gt;&lt;td align=&quot;center&quot; rowspan=&quot;1&quot; colspan=&quot;1&quot;&gt;III&lt;/td&gt;&lt;td align=&quot;left&quot; rowspan=&quot;1&quot; colspan=&quot;1&quot;&gt;resonant&lt;/td&gt;&lt;td align=&quot;left&quot; rowspan=&quot;1&quot; colspan=&quot;1&quot;&gt;GCamp6s&lt;/td&gt;&lt;td align=&quot;char&quot; char=&quot;.&quot; rowspan=&quot;1&quot; colspan=&quot;1&quot;&gt;59.1&lt;/td&gt;&lt;td align=&quot;center&quot; rowspan=&quot;1&quot; colspan=&quot;1&quot;&gt;13&lt;/td&gt;&lt;td align=&quot;center&quot; rowspan=&quot;1&quot; colspan=&quot;1&quot;&gt;6&lt;/td&gt;&lt;/tr&gt;&lt;tr&gt;&lt;td align=&quot;center&quot; rowspan=&quot;1&quot; colspan=&quot;1&quot;&gt;IV&lt;/td&gt;&lt;td align=&quot;left&quot; rowspan=&quot;1&quot; colspan=&quot;1&quot;&gt;galvo&lt;/td&gt;&lt;td align=&quot;left&quot; rowspan=&quot;1&quot; colspan=&quot;1&quot;&gt;OGB-1&lt;/td&gt;&lt;td align=&quot;char&quot; char=&quot;.&quot; rowspan=&quot;1&quot; colspan=&quot;1&quot;&gt;7.8&lt;/td&gt;&lt;td align=&quot;center&quot; rowspan=&quot;1&quot; colspan=&quot;1&quot;&gt;6&lt;/td&gt;&lt;td align=&quot;center&quot; rowspan=&quot;1&quot; colspan=&quot;1&quot;&gt;3&lt;/td&gt;&lt;/tr&gt;&lt;tr&gt;&lt;td align=&quot;center&quot; rowspan=&quot;1&quot; colspan=&quot;1&quot;&gt;V&lt;/td&gt;&lt;td align=&quot;left&quot; rowspan=&quot;1&quot; colspan=&quot;1&quot;&gt;resonant&lt;/td&gt;&lt;td align=&quot;left&quot; rowspan=&quot;1&quot; colspan=&quot;1&quot;&gt;GCamp6s&lt;/td&gt;&lt;td align=&quot;char&quot; char=&quot;.&quot; rowspan=&quot;1&quot; colspan=&quot;1&quot;&gt;59.1&lt;/td&gt;&lt;td align=&quot;center&quot; rowspan=&quot;1&quot; colspan=&quot;1&quot;&gt;9&lt;/td&gt;&lt;td align=&quot;center&quot; rowspan=&quot;1&quot; colspan=&quot;1&quot;&gt;8&lt;/td&gt;&lt;/tr&gt;&lt;/tbody&gt;&lt;/table&gt;
</infon><offset>5574</offset><text>Dataset	Scan method	Indicator	Avg. scan rate (Hz)	N in training set	N in test set	 	I	3D AOD	OGB-1	322.5	11	5	 	II	galvo	OGB-1	11.8	21	10	 	III	resonant	GCamp6s	59.1	13	6	 	IV	galvo	OGB-1	7.8	6	3	 	V	resonant	GCamp6s	59.1	9	8	 	</text></passage><passage><infon key="section_type">RESULTS</infon><infon key="type">paragraph</infon><offset>5803</offset><text>For the challenge, we split the data into a training and a test set, making sure that all recordings from a single neuron were either assigned to the training or the test set. For the training data, we made both the calcium and the spike traces publicly available, but kept the spike traces secret for the test data. Additionally, the publicly available data sets provided by the GENIE project were available as training data. This allowed participants to adjust their models on the training data set, while avoiding overfitting to the specific benchmark data set providing a realistic estimate of the generalization performance. Participants could upload predictions for the spike rate generated by their algorithm on a dedicated website (see Methods) and see their performance on the training set during the competition phase. Results on the test set were not accessible to the participants during the competition. The primary evaluation measure for the competition was the Pearson correlation coefficient between the true spike trace and the prediction sampled at 25 Hz (equivalent to 40 ms time bins) as previously described.</text></passage><passage><infon key="section_type">RESULTS</infon><infon key="type">paragraph</infon><offset>6933</offset><text>We obtained 37 submissions, from which we selected all algorithms performing better than the spike-triggered-mixture model algorithm (STM), which had previously been shown to outperform other published algorithms on this data. In addition, if there were multiple submissions from the same group, we used the one with the highest correlation on the test set. This resulted in a total of ten algorithms that we studied in greater detail and that are included in this paper. Notebooks and code showing how to run the individual algorithms are available at https://github.com/berenslab/spikefinder_analysis (see Table 2). While seven of these algorithms were designed specifically for the purpose of the challenge, three were heavily based on methods published previously (see Table 2 for overview).</text></passage><passage><infon key="file">pcbi.1006157.t002.xml</infon><infon key="id">pcbi.1006157.t002</infon><infon key="section_type">TABLE</infon><infon key="type">table_title_caption</infon><offset>7729</offset><text>Overview over submitted algorithms and key properties.</text></passage><passage><infon key="file">pcbi.1006157.t002.xml</infon><infon key="id">pcbi.1006157.t002</infon><infon key="section_type">TABLE</infon><infon key="type">table</infon><infon key="xml">&lt;?xml version=&quot;1.0&quot; encoding=&quot;UTF-8&quot;?&gt;
&lt;table frame=&quot;box&quot; rules=&quot;all&quot; border=&quot;0&quot;&gt;&lt;colgroup span=&quot;1&quot;&gt;&lt;col align=&quot;left&quot; valign=&quot;middle&quot; span=&quot;1&quot;/&gt;&lt;col align=&quot;left&quot; valign=&quot;middle&quot; span=&quot;1&quot;/&gt;&lt;col align=&quot;left&quot; valign=&quot;middle&quot; span=&quot;1&quot;/&gt;&lt;col align=&quot;left&quot; valign=&quot;middle&quot; span=&quot;1&quot;/&gt;&lt;col align=&quot;left&quot; valign=&quot;middle&quot; span=&quot;1&quot;/&gt;&lt;/colgroup&gt;&lt;thead&gt;&lt;tr&gt;&lt;th align=&quot;center&quot; rowspan=&quot;1&quot; colspan=&quot;1&quot;&gt;Team&lt;/th&gt;&lt;th align=&quot;left&quot; rowspan=&quot;1&quot; colspan=&quot;1&quot;&gt;Contributors&lt;/th&gt;&lt;th align=&quot;center&quot; rowspan=&quot;1&quot; colspan=&quot;1&quot;&gt;new?&lt;/th&gt;&lt;th align=&quot;left&quot; rowspan=&quot;1&quot; colspan=&quot;1&quot;&gt;Language&lt;/th&gt;&lt;th align=&quot;left&quot; rowspan=&quot;1&quot; colspan=&quot;1&quot;&gt;Type&lt;/th&gt;&lt;/tr&gt;&lt;/thead&gt;&lt;tbody&gt;&lt;tr&gt;&lt;td align=&quot;center&quot; rowspan=&quot;1&quot; colspan=&quot;1&quot;&gt;1&lt;/td&gt;&lt;td align=&quot;left&quot; rowspan=&quot;1&quot; colspan=&quot;1&quot;&gt;T. Deneux&lt;/td&gt;&lt;td align=&quot;center&quot; rowspan=&quot;1&quot; colspan=&quot;1&quot;&gt;-&lt;xref rid=&quot;pcbi.1006157.ref012&quot; ref-type=&quot;bibr&quot;&gt;12&lt;/xref&gt;&lt;/td&gt;&lt;td align=&quot;left&quot; rowspan=&quot;1&quot; colspan=&quot;1&quot;&gt;Matlab&lt;/td&gt;&lt;td align=&quot;left&quot; rowspan=&quot;1&quot; colspan=&quot;1&quot;&gt;generative&lt;/td&gt;&lt;/tr&gt;&lt;tr&gt;&lt;td align=&quot;center&quot; rowspan=&quot;1&quot; colspan=&quot;1&quot;&gt;2&lt;/td&gt;&lt;td align=&quot;left&quot; rowspan=&quot;1&quot; colspan=&quot;1&quot;&gt;N. Chenkov, T. McColgan&lt;/td&gt;&lt;td align=&quot;center&quot; rowspan=&quot;1&quot; colspan=&quot;1&quot;&gt;+&lt;/td&gt;&lt;td align=&quot;left&quot; rowspan=&quot;1&quot; colspan=&quot;1&quot;&gt;Python&lt;/td&gt;&lt;td align=&quot;left&quot; rowspan=&quot;1&quot; colspan=&quot;1&quot;&gt;supervised&lt;/td&gt;&lt;/tr&gt;&lt;tr&gt;&lt;td align=&quot;center&quot; rowspan=&quot;1&quot; colspan=&quot;1&quot;&gt;3&lt;/td&gt;&lt;td align=&quot;left&quot; rowspan=&quot;1&quot; colspan=&quot;1&quot;&gt;A. Speiser, J. Macke, S. Turaga&lt;/td&gt;&lt;td align=&quot;center&quot; rowspan=&quot;1&quot; colspan=&quot;1&quot;&gt;+&lt;/td&gt;&lt;td align=&quot;left&quot; rowspan=&quot;1&quot; colspan=&quot;1&quot;&gt;Python&lt;/td&gt;&lt;td align=&quot;left&quot; rowspan=&quot;1&quot; colspan=&quot;1&quot;&gt;supervised&lt;/td&gt;&lt;/tr&gt;&lt;tr&gt;&lt;td align=&quot;center&quot; rowspan=&quot;1&quot; colspan=&quot;1&quot;&gt;4&lt;/td&gt;&lt;td align=&quot;left&quot; rowspan=&quot;1&quot; colspan=&quot;1&quot;&gt;P. Mineault&lt;/td&gt;&lt;td align=&quot;center&quot; rowspan=&quot;1&quot; colspan=&quot;1&quot;&gt;+&lt;/td&gt;&lt;td align=&quot;left&quot; rowspan=&quot;1&quot; colspan=&quot;1&quot;&gt;Python&lt;/td&gt;&lt;td align=&quot;left&quot; rowspan=&quot;1&quot; colspan=&quot;1&quot;&gt;supervised&lt;/td&gt;&lt;/tr&gt;&lt;tr&gt;&lt;td align=&quot;center&quot; rowspan=&quot;1&quot; colspan=&quot;1&quot;&gt;5&lt;/td&gt;&lt;td align=&quot;left&quot; rowspan=&quot;1&quot; colspan=&quot;1&quot;&gt;P. Rupprecht, S. Gerhard, R. W. Friedrich&lt;/td&gt;&lt;td align=&quot;center&quot; rowspan=&quot;1&quot; colspan=&quot;1&quot;&gt;+&lt;/td&gt;&lt;td align=&quot;left&quot; rowspan=&quot;1&quot; colspan=&quot;1&quot;&gt;Python&lt;/td&gt;&lt;td align=&quot;left&quot; rowspan=&quot;1&quot; colspan=&quot;1&quot;&gt;supervised&lt;/td&gt;&lt;/tr&gt;&lt;tr&gt;&lt;td align=&quot;center&quot; rowspan=&quot;1&quot; colspan=&quot;1&quot;&gt;6&lt;/td&gt;&lt;td align=&quot;left&quot; rowspan=&quot;1&quot; colspan=&quot;1&quot;&gt;J. Friedrich, L. Paninski&lt;/td&gt;&lt;td align=&quot;center&quot; rowspan=&quot;1&quot; colspan=&quot;1&quot;&gt;-&lt;xref rid=&quot;pcbi.1006157.ref013&quot; ref-type=&quot;bibr&quot;&gt;13&lt;/xref&gt;&lt;/td&gt;&lt;td align=&quot;left&quot; rowspan=&quot;1&quot; colspan=&quot;1&quot;&gt;Python&lt;/td&gt;&lt;td align=&quot;left&quot; rowspan=&quot;1&quot; colspan=&quot;1&quot;&gt;generative&lt;/td&gt;&lt;/tr&gt;&lt;tr&gt;&lt;td align=&quot;center&quot; rowspan=&quot;1&quot; colspan=&quot;1&quot;&gt;7&lt;/td&gt;&lt;td align=&quot;left&quot; rowspan=&quot;1&quot; colspan=&quot;1&quot;&gt;M. Pachitariu&lt;/td&gt;&lt;td align=&quot;center&quot; rowspan=&quot;1&quot; colspan=&quot;1&quot;&gt;-&lt;xref rid=&quot;pcbi.1006157.ref028&quot; ref-type=&quot;bibr&quot;&gt;28&lt;/xref&gt;&lt;/td&gt;&lt;td align=&quot;left&quot; rowspan=&quot;1&quot; colspan=&quot;1&quot;&gt;Matlab&lt;/td&gt;&lt;td align=&quot;left&quot; rowspan=&quot;1&quot; colspan=&quot;1&quot;&gt;supervised&lt;/td&gt;&lt;/tr&gt;&lt;tr&gt;&lt;td align=&quot;center&quot; rowspan=&quot;1&quot; colspan=&quot;1&quot;&gt;8&lt;/td&gt;&lt;td align=&quot;left&quot; rowspan=&quot;1&quot; colspan=&quot;1&quot;&gt;B. Bolte&lt;/td&gt;&lt;td align=&quot;center&quot; rowspan=&quot;1&quot; colspan=&quot;1&quot;&gt;+&lt;/td&gt;&lt;td align=&quot;left&quot; rowspan=&quot;1&quot; colspan=&quot;1&quot;&gt;Python&lt;/td&gt;&lt;td align=&quot;left&quot; rowspan=&quot;1&quot; colspan=&quot;1&quot;&gt;supervised&lt;/td&gt;&lt;/tr&gt;&lt;tr&gt;&lt;td align=&quot;center&quot; rowspan=&quot;1&quot; colspan=&quot;1&quot;&gt;9&lt;/td&gt;&lt;td align=&quot;left&quot; rowspan=&quot;1&quot; colspan=&quot;1&quot;&gt;T. Machado, L. Paninski&lt;/td&gt;&lt;td align=&quot;center&quot; rowspan=&quot;1&quot; colspan=&quot;1&quot;&gt;+&lt;/td&gt;&lt;td align=&quot;left&quot; rowspan=&quot;1&quot; colspan=&quot;1&quot;&gt;Python&lt;/td&gt;&lt;td align=&quot;left&quot; rowspan=&quot;1&quot; colspan=&quot;1&quot;&gt;generative&lt;/td&gt;&lt;/tr&gt;&lt;tr&gt;&lt;td align=&quot;center&quot; rowspan=&quot;1&quot; colspan=&quot;1&quot;&gt;10&lt;/td&gt;&lt;td align=&quot;left&quot; rowspan=&quot;1&quot; colspan=&quot;1&quot;&gt;D. Ringach&lt;/td&gt;&lt;td align=&quot;center&quot; rowspan=&quot;1&quot; colspan=&quot;1&quot;&gt;+&lt;/td&gt;&lt;td align=&quot;left&quot; rowspan=&quot;1&quot; colspan=&quot;1&quot;&gt;Matlab&lt;/td&gt;&lt;td align=&quot;left&quot; rowspan=&quot;1&quot; colspan=&quot;1&quot;&gt;supervised&lt;/td&gt;&lt;/tr&gt;&lt;/tbody&gt;&lt;/table&gt;
</infon><offset>7784</offset><text>Team	Contributors	new?	Language	Type	 	1	T. Deneux	-	Matlab	generative	 	2	N. Chenkov, T. McColgan	+	Python	supervised	 	3	A. Speiser, J. Macke, S. Turaga	+	Python	supervised	 	4	P. Mineault	+	Python	supervised	 	5	P. Rupprecht, S. Gerhard, R. W. Friedrich	+	Python	supervised	 	6	J. Friedrich, L. Paninski	-	Python	generative	 	7	M. Pachitariu	-	Matlab	supervised	 	8	B. Bolte	+	Python	supervised	 	9	T. Machado, L. Paninski	+	Python	generative	 	10	D. Ringach	+	Matlab	supervised	 	</text></passage><passage><infon key="section_type">RESULTS</infon><infon key="type">paragraph</infon><offset>8269</offset><text>Interestingly, these submissions include algorithms based on very different principles: some of the algorithms built on the classical generative models of spike-induced calcium dynamics, while others relied on purely data-driven training of deep neural networks or pursued hybrid strategies. Algorithms based on generative models of the calcium fluorescence include the MLspike algorithm by Team 1, which performs efficient Bayesian inference in a biophysical model of measured fluorescence including a drifting baseline and nonlinear calcium to fluorescence conversion (for a detailed description of each algorithm, see S1 Text). Within the same group of algorithms, Team 6 took a decidedly different approach, approximating the calcium fluorescence by an autoregressive process and finding the spike trains by solving a non-negative sparse optimization problem. A similar approach was taken by Team 7, who used L0-deconvolution in a linear model of calcium fluorescence with exponential calcium filters.</text></passage><passage><infon key="section_type">RESULTS</infon><infon key="type">paragraph</infon><offset>9275</offset><text>In contrast, many other algorithms took a purely data-driven approach and trained different variants of deep neural networks to learn the relationship between measured spike and calcium traces. For example, the algorithm by Team 2 used a straightforward network architecture with eight convolutional layers with consecutively smaller convolutional filters and one intermediate recurrent LSTM layer. The filters learned in the first layer provide a rich basis set for different spike-calcium relationships (see S1 Text). Similarly, the algorithm by Team 5 used fairly standard components, consisting of convolutional and max-pooling layers. In contrast, the algorithms proposed by Teams 3, 4, and 8 combined more involved elements such as residual blocks or inception cells. The key features of the different DNN-based approaches are summarized in Table 3.</text></passage><passage><infon key="file">pcbi.1006157.t003.xml</infon><infon key="id">pcbi.1006157.t003</infon><infon key="section_type">TABLE</infon><infon key="type">table_title_caption</infon><offset>10131</offset><text>Overview over different strategies used by DNN-based algorithms.</text></passage><passage><infon key="file">pcbi.1006157.t003.xml</infon><infon key="id">pcbi.1006157.t003</infon><infon key="section_type">TABLE</infon><infon key="type">table_caption</infon><offset>10196</offset><text>Architecture briefly summarizes main components. conv: convolutional layers, typically with non-linearity; lstm: recurrent long-short-term memory unit; residual: residual blocks; max: max-pooling layers; inception: inception cells. For details, refer to the descriptions of the algorithms in the supplementary material.</text></passage><passage><infon key="file">pcbi.1006157.t003.xml</infon><infon key="id">pcbi.1006157.t003</infon><infon key="section_type">TABLE</infon><infon key="type">table</infon><infon key="xml">&lt;?xml version=&quot;1.0&quot; encoding=&quot;UTF-8&quot;?&gt;
&lt;table frame=&quot;box&quot; rules=&quot;all&quot; border=&quot;0&quot;&gt;&lt;colgroup span=&quot;1&quot;&gt;&lt;col align=&quot;left&quot; valign=&quot;middle&quot; span=&quot;1&quot;/&gt;&lt;col align=&quot;left&quot; valign=&quot;middle&quot; span=&quot;1&quot;/&gt;&lt;col align=&quot;left&quot; valign=&quot;middle&quot; span=&quot;1&quot;/&gt;&lt;col align=&quot;left&quot; valign=&quot;middle&quot; span=&quot;1&quot;/&gt;&lt;col align=&quot;left&quot; valign=&quot;middle&quot; span=&quot;1&quot;/&gt;&lt;col align=&quot;left&quot; valign=&quot;middle&quot; span=&quot;1&quot;/&gt;&lt;/colgroup&gt;&lt;thead&gt;&lt;tr&gt;&lt;th align=&quot;center&quot; rowspan=&quot;1&quot; colspan=&quot;1&quot;&gt;Team&lt;/th&gt;&lt;th align=&quot;center&quot; rowspan=&quot;1&quot; colspan=&quot;1&quot;&gt;Architecture&lt;/th&gt;&lt;th align=&quot;center&quot; rowspan=&quot;1&quot; colspan=&quot;1&quot;&gt;Optimizer&lt;/th&gt;&lt;th align=&quot;center&quot; rowspan=&quot;1&quot; colspan=&quot;1&quot;&gt;Dropout&lt;/th&gt;&lt;th align=&quot;center&quot; rowspan=&quot;1&quot; colspan=&quot;1&quot;&gt;Cost&lt;/th&gt;&lt;th align=&quot;center&quot; rowspan=&quot;1&quot; colspan=&quot;1&quot;&gt;dataset specific&lt;/th&gt;&lt;/tr&gt;&lt;/thead&gt;&lt;tbody&gt;&lt;tr&gt;&lt;td align=&quot;center&quot; rowspan=&quot;1&quot; colspan=&quot;1&quot;&gt;2&lt;/td&gt;&lt;td align=&quot;center&quot; rowspan=&quot;1&quot; colspan=&quot;1&quot;&gt;conv / lstm&lt;/td&gt;&lt;td align=&quot;center&quot; rowspan=&quot;1&quot; colspan=&quot;1&quot;&gt;Adam&lt;/td&gt;&lt;td align=&quot;center&quot; rowspan=&quot;1&quot; colspan=&quot;1&quot;&gt;yes&lt;/td&gt;&lt;td align=&quot;center&quot; rowspan=&quot;1&quot; colspan=&quot;1&quot;&gt;correlation&lt;/td&gt;&lt;td align=&quot;center&quot; rowspan=&quot;1&quot; colspan=&quot;1&quot;&gt;indicator&lt;/td&gt;&lt;/tr&gt;&lt;tr&gt;&lt;td align=&quot;center&quot; rowspan=&quot;1&quot; colspan=&quot;1&quot;&gt;3&lt;/td&gt;&lt;td align=&quot;center&quot; rowspan=&quot;1&quot; colspan=&quot;1&quot;&gt;RNN/CNN&lt;/td&gt;&lt;td align=&quot;center&quot; rowspan=&quot;1&quot; colspan=&quot;1&quot;&gt;Adam&lt;/td&gt;&lt;td align=&quot;center&quot; rowspan=&quot;1&quot; colspan=&quot;1&quot;/&gt;&lt;td align=&quot;center&quot; rowspan=&quot;1&quot; colspan=&quot;1&quot;&gt;cross-entropy&lt;/td&gt;&lt;td align=&quot;center&quot; rowspan=&quot;1&quot; colspan=&quot;1&quot;&gt;separate&lt;/td&gt;&lt;/tr&gt;&lt;tr&gt;&lt;td align=&quot;center&quot; rowspan=&quot;1&quot; colspan=&quot;1&quot;&gt;4&lt;/td&gt;&lt;td align=&quot;center&quot; rowspan=&quot;1&quot; colspan=&quot;1&quot;&gt;residual / lstm&lt;/td&gt;&lt;td align=&quot;center&quot; rowspan=&quot;1&quot; colspan=&quot;1&quot;&gt;Adam&lt;/td&gt;&lt;td align=&quot;center&quot; rowspan=&quot;1&quot; colspan=&quot;1&quot;&gt;yes&lt;/td&gt;&lt;td align=&quot;center&quot; rowspan=&quot;1&quot; colspan=&quot;1&quot;&gt;scaled SSE&lt;/td&gt;&lt;td align=&quot;center&quot; rowspan=&quot;1&quot; colspan=&quot;1&quot;&gt;transfer&lt;/td&gt;&lt;/tr&gt;&lt;tr&gt;&lt;td align=&quot;center&quot; rowspan=&quot;1&quot; colspan=&quot;1&quot;&gt;5&lt;/td&gt;&lt;td align=&quot;center&quot; rowspan=&quot;1&quot; colspan=&quot;1&quot;&gt;conv / max&lt;/td&gt;&lt;td align=&quot;center&quot; rowspan=&quot;1&quot; colspan=&quot;1&quot;&gt;Adagrad&lt;/td&gt;&lt;td align=&quot;center&quot; rowspan=&quot;1&quot; colspan=&quot;1&quot;&gt;no&lt;/td&gt;&lt;td align=&quot;center&quot; rowspan=&quot;1&quot; colspan=&quot;1&quot;&gt;MSE&lt;/td&gt;&lt;td align=&quot;center&quot; rowspan=&quot;1&quot; colspan=&quot;1&quot;&gt;embedding&lt;/td&gt;&lt;/tr&gt;&lt;tr&gt;&lt;td align=&quot;center&quot; rowspan=&quot;1&quot; colspan=&quot;1&quot;&gt;8&lt;/td&gt;&lt;td align=&quot;center&quot; rowspan=&quot;1&quot; colspan=&quot;1&quot;&gt;inception&lt;/td&gt;&lt;td align=&quot;center&quot; rowspan=&quot;1&quot; colspan=&quot;1&quot;&gt;Adam&lt;/td&gt;&lt;td align=&quot;center&quot; rowspan=&quot;1&quot; colspan=&quot;1&quot;&gt;yes&lt;/td&gt;&lt;td align=&quot;center&quot; rowspan=&quot;1&quot; colspan=&quot;1&quot;&gt;correlation&lt;/td&gt;&lt;td align=&quot;center&quot; rowspan=&quot;1&quot; colspan=&quot;1&quot;&gt;embedding&lt;/td&gt;&lt;/tr&gt;&lt;/tbody&gt;&lt;/table&gt;
</infon><offset>10516</offset><text>Team	Architecture	Optimizer	Dropout	Cost	dataset specific	 	2	conv / lstm	Adam	yes	correlation	indicator	 	3	RNN/CNN	Adam		cross-entropy	separate	 	4	residual / lstm	Adam	yes	scaled SSE	transfer	 	5	conv / max	Adagrad	no	MSE	embedding	 	8	inception	Adam	yes	correlation	embedding	 	</text></passage><passage><infon key="section_type">RESULTS</infon><infon key="type">paragraph</infon><offset>10799</offset><text>The best algorithm increased the average correlation on the test set from 0.36 by 0.08 to 0.44 compared to the STM (Fig 1A and 1B; Table 4). This corresponds to an increase of more than 40% in variance explained for the best algorithms, similar to the improvement seen between the STM algorithm and f-oopsi (see Table 4 and ref.). For all algorithms, performance varied substantially between data sets with the best results observed on data set I. Interestingly, performance gains were typically larger on GCaMP6 than on OGB-1 data sets (Fig 1B). Surprisingly, the top group of six algorithms performed equally well, despite using very different methodologies. Indeed, when we computed a repeated measures ANOVA, we were not able to distinguish the first six algorithms during post-hoc testing (Fig 1C). In addition, we evaluated to what extent the algorithms overfitted the training data. For example, it is possible that algorithms extracted peculiarities of the training data that did not transfer to the test data, resulting in artificially high correlation coefficients on the training data. We found that most algorithms showed similar performance for both the training and the test set, with evidence for overfitting in some of the DNN-based algorithms (Fig 1D).</text></passage><passage><infon key="file">pcbi.1006157.g001.jpg</infon><infon key="id">pcbi.1006157.g001</infon><infon key="section_type">FIG</infon><infon key="type">fig_title_caption</infon><offset>12069</offset><text>Contributed algorithms outperform state-of-the-art.</text></passage><passage><infon key="file">pcbi.1006157.g001.jpg</infon><infon key="id">pcbi.1006157.g001</infon><infon key="section_type">FIG</infon><infon key="type">fig_caption</infon><offset>12121</offset><text>A. Correlation coefficient of the spike rate predicted by the submitted algorithms (evaluated at 25 Hz, 40 ms bins) on the test set. Colors indicate different data sets (for details, see Table 1). Data sets I, II, and IV were recorded with OGB-1 as indicator, III and V with GCaMP6s. Black dots are mean correlation coefficients across all N = 32 cells in the test set. Colored dots are jittered for better visibility. STM: Spike-triggered mixture model; f-oopsi: fast non-negative deconvolution B. Difference in correlation coefficient on the test set to the STM, split by the calcium indicator used in the data set. C. P-values for difference in mean correlation coefficient on the test set for all pairs of algorithms (Repeated measured ANOVA, N = 32 cells, main effect of algorithm: P &lt; 0.001, shown are p-values for post-hoc pairwise comparisons, corrected using Holm-Bonferroni correction) D. Difference in correlation coefficient split by algorithm type on the training and test set, respectively, to the f-oopsi-result correcting for systematic differences between the training and the test set.</text></passage><passage><infon key="file">pcbi.1006157.t004.xml</infon><infon key="id">pcbi.1006157.t004</infon><infon key="section_type">TABLE</infon><infon key="type">table_title_caption</infon><offset>13225</offset><text>Summary of algorithm performance.</text></passage><passage><infon key="file">pcbi.1006157.t004.xml</infon><infon key="id">pcbi.1006157.t004</infon><infon key="section_type">TABLE</infon><infon key="type">table_caption</infon><offset>13259</offset><text>Δ correlation is computed as the mean difference in correlation coefficient compared to the STM algorithm. Δ var. exp. in % is computed as the mean relative improvement variance explained (r2). Note that since variance explained is a nonlinear function of correlation, algorithms can be ranked differently according to the two measures. All means are taken over N = 32 recordings in the test set, except for training correlation, which is computed over N = 60 recordings in the training set.</text></passage><passage><infon key="file">pcbi.1006157.t004.xml</infon><infon key="id">pcbi.1006157.t004</infon><infon key="section_type">TABLE</infon><infon key="type">table</infon><infon key="xml">&lt;?xml version=&quot;1.0&quot; encoding=&quot;UTF-8&quot;?&gt;
&lt;table frame=&quot;box&quot; rules=&quot;all&quot; border=&quot;0&quot;&gt;&lt;colgroup span=&quot;1&quot;&gt;&lt;col align=&quot;left&quot; valign=&quot;middle&quot; span=&quot;1&quot;/&gt;&lt;col align=&quot;left&quot; valign=&quot;middle&quot; span=&quot;1&quot;/&gt;&lt;col align=&quot;left&quot; valign=&quot;middle&quot; span=&quot;1&quot;/&gt;&lt;col align=&quot;left&quot; valign=&quot;middle&quot; span=&quot;1&quot;/&gt;&lt;col align=&quot;left&quot; valign=&quot;middle&quot; span=&quot;1&quot;/&gt;&lt;col align=&quot;left&quot; valign=&quot;middle&quot; span=&quot;1&quot;/&gt;&lt;col align=&quot;left&quot; valign=&quot;middle&quot; span=&quot;1&quot;/&gt;&lt;/colgroup&gt;&lt;thead&gt;&lt;tr&gt;&lt;th align=&quot;center&quot; rowspan=&quot;1&quot; colspan=&quot;1&quot;&gt;Team&lt;/th&gt;&lt;th align=&quot;center&quot; rowspan=&quot;1&quot; colspan=&quot;1&quot;&gt;train correlation&lt;/th&gt;&lt;th align=&quot;center&quot; rowspan=&quot;1&quot; colspan=&quot;1&quot;&gt;test correlation&lt;/th&gt;&lt;th align=&quot;center&quot; rowspan=&quot;1&quot; colspan=&quot;1&quot;&gt;Δ correlation&lt;/th&gt;&lt;th align=&quot;center&quot; rowspan=&quot;1&quot; colspan=&quot;1&quot;&gt;Δ var. exp. %&lt;/th&gt;&lt;th align=&quot;center&quot; rowspan=&quot;1&quot; colspan=&quot;1&quot;&gt;AUC&lt;/th&gt;&lt;th align=&quot;center&quot; rowspan=&quot;1&quot; colspan=&quot;1&quot;&gt;Info&lt;/th&gt;&lt;/tr&gt;&lt;/thead&gt;&lt;tbody&gt;&lt;tr&gt;&lt;td align=&quot;center&quot; rowspan=&quot;1&quot; colspan=&quot;1&quot;&gt;1&lt;/td&gt;&lt;td align=&quot;char&quot; char=&quot;.&quot; rowspan=&quot;1&quot; colspan=&quot;1&quot;&gt;0.4823&lt;/td&gt;&lt;td align=&quot;char&quot; char=&quot;.&quot; rowspan=&quot;1&quot; colspan=&quot;1&quot;&gt;0.4382&lt;/td&gt;&lt;td align=&quot;char&quot; char=&quot;.&quot; rowspan=&quot;1&quot; colspan=&quot;1&quot;&gt;0.0810&lt;/td&gt;&lt;td align=&quot;char&quot; char=&quot;.&quot; rowspan=&quot;1&quot; colspan=&quot;1&quot;&gt;44.1&lt;/td&gt;&lt;td align=&quot;char&quot; char=&quot;.&quot; rowspan=&quot;1&quot; colspan=&quot;1&quot;&gt;0.846&lt;/td&gt;&lt;td align=&quot;char&quot; char=&quot;.&quot; rowspan=&quot;1&quot; colspan=&quot;1&quot;&gt;2.922&lt;/td&gt;&lt;/tr&gt;&lt;tr&gt;&lt;td align=&quot;center&quot; rowspan=&quot;1&quot; colspan=&quot;1&quot;&gt;2&lt;/td&gt;&lt;td align=&quot;char&quot; char=&quot;.&quot; rowspan=&quot;1&quot; colspan=&quot;1&quot;&gt;0.4727&lt;/td&gt;&lt;td align=&quot;char&quot; char=&quot;.&quot; rowspan=&quot;1&quot; colspan=&quot;1&quot;&gt;0.4378&lt;/td&gt;&lt;td align=&quot;char&quot; char=&quot;.&quot; rowspan=&quot;1&quot; colspan=&quot;1&quot;&gt;0.0806&lt;/td&gt;&lt;td align=&quot;char&quot; char=&quot;.&quot; rowspan=&quot;1&quot; colspan=&quot;1&quot;&gt;42.0&lt;/td&gt;&lt;td align=&quot;char&quot; char=&quot;.&quot; rowspan=&quot;1&quot; colspan=&quot;1&quot;&gt;0.846&lt;/td&gt;&lt;td align=&quot;char&quot; char=&quot;.&quot; rowspan=&quot;1&quot; colspan=&quot;1&quot;&gt;3.118&lt;/td&gt;&lt;/tr&gt;&lt;tr&gt;&lt;td align=&quot;center&quot; rowspan=&quot;1&quot; colspan=&quot;1&quot;&gt;3&lt;/td&gt;&lt;td align=&quot;char&quot; char=&quot;.&quot; rowspan=&quot;1&quot; colspan=&quot;1&quot;&gt;0.4730&lt;/td&gt;&lt;td align=&quot;char&quot; char=&quot;.&quot; rowspan=&quot;1&quot; colspan=&quot;1&quot;&gt;0.4347&lt;/td&gt;&lt;td align=&quot;char&quot; char=&quot;.&quot; rowspan=&quot;1&quot; colspan=&quot;1&quot;&gt;0.0775&lt;/td&gt;&lt;td align=&quot;char&quot; char=&quot;.&quot; rowspan=&quot;1&quot; colspan=&quot;1&quot;&gt;41.8&lt;/td&gt;&lt;td align=&quot;char&quot; char=&quot;.&quot; rowspan=&quot;1&quot; colspan=&quot;1&quot;&gt;0.851&lt;/td&gt;&lt;td align=&quot;char&quot; char=&quot;.&quot; rowspan=&quot;1&quot; colspan=&quot;1&quot;&gt;3.085&lt;/td&gt;&lt;/tr&gt;&lt;tr&gt;&lt;td align=&quot;center&quot; rowspan=&quot;1&quot; colspan=&quot;1&quot;&gt;4&lt;/td&gt;&lt;td align=&quot;char&quot; char=&quot;.&quot; rowspan=&quot;1&quot; colspan=&quot;1&quot;&gt;0.5374&lt;/td&gt;&lt;td align=&quot;char&quot; char=&quot;.&quot; rowspan=&quot;1&quot; colspan=&quot;1&quot;&gt;0.4325&lt;/td&gt;&lt;td align=&quot;char&quot; char=&quot;.&quot; rowspan=&quot;1&quot; colspan=&quot;1&quot;&gt;0.0753&lt;/td&gt;&lt;td align=&quot;char&quot; char=&quot;.&quot; rowspan=&quot;1&quot; colspan=&quot;1&quot;&gt;42.9&lt;/td&gt;&lt;td align=&quot;char&quot; char=&quot;.&quot; rowspan=&quot;1&quot; colspan=&quot;1&quot;&gt;0.815&lt;/td&gt;&lt;td align=&quot;char&quot; char=&quot;.&quot; rowspan=&quot;1&quot; colspan=&quot;1&quot;&gt;2.816&lt;/td&gt;&lt;/tr&gt;&lt;tr&gt;&lt;td align=&quot;center&quot; rowspan=&quot;1&quot; colspan=&quot;1&quot;&gt;5&lt;/td&gt;&lt;td align=&quot;char&quot; char=&quot;.&quot; rowspan=&quot;1&quot; colspan=&quot;1&quot;&gt;0.4900&lt;/td&gt;&lt;td align=&quot;char&quot; char=&quot;.&quot; rowspan=&quot;1&quot; colspan=&quot;1&quot;&gt;0.4291&lt;/td&gt;&lt;td align=&quot;char&quot; char=&quot;.&quot; rowspan=&quot;1&quot; colspan=&quot;1&quot;&gt;0.0719&lt;/td&gt;&lt;td align=&quot;char&quot; char=&quot;.&quot; rowspan=&quot;1&quot; colspan=&quot;1&quot;&gt;40.5&lt;/td&gt;&lt;td align=&quot;char&quot; char=&quot;.&quot; rowspan=&quot;1&quot; colspan=&quot;1&quot;&gt;0.842&lt;/td&gt;&lt;td align=&quot;char&quot; char=&quot;.&quot; rowspan=&quot;1&quot; colspan=&quot;1&quot;&gt;2.725&lt;/td&gt;&lt;/tr&gt;&lt;tr&gt;&lt;td align=&quot;center&quot; rowspan=&quot;1&quot; colspan=&quot;1&quot;&gt;6&lt;/td&gt;&lt;td align=&quot;char&quot; char=&quot;.&quot; rowspan=&quot;1&quot; colspan=&quot;1&quot;&gt;0.4752&lt;/td&gt;&lt;td align=&quot;char&quot; char=&quot;.&quot; rowspan=&quot;1&quot; colspan=&quot;1&quot;&gt;0.4188&lt;/td&gt;&lt;td align=&quot;char&quot; char=&quot;.&quot; rowspan=&quot;1&quot; colspan=&quot;1&quot;&gt;0.0617&lt;/td&gt;&lt;td align=&quot;char&quot; char=&quot;.&quot; rowspan=&quot;1&quot; colspan=&quot;1&quot;&gt;36.5&lt;/td&gt;&lt;td align=&quot;char&quot; char=&quot;.&quot; rowspan=&quot;1&quot; colspan=&quot;1&quot;&gt;0.822&lt;/td&gt;&lt;td align=&quot;char&quot; char=&quot;.&quot; rowspan=&quot;1&quot; colspan=&quot;1&quot;&gt;2.778&lt;/td&gt;&lt;/tr&gt;&lt;tr&gt;&lt;td align=&quot;center&quot; rowspan=&quot;1&quot; colspan=&quot;1&quot;&gt;7&lt;/td&gt;&lt;td align=&quot;char&quot; char=&quot;.&quot; rowspan=&quot;1&quot; colspan=&quot;1&quot;&gt;0.4379&lt;/td&gt;&lt;td align=&quot;char&quot; char=&quot;.&quot; rowspan=&quot;1&quot; colspan=&quot;1&quot;&gt;0.3967&lt;/td&gt;&lt;td align=&quot;char&quot; char=&quot;.&quot; rowspan=&quot;1&quot; colspan=&quot;1&quot;&gt;0.0395&lt;/td&gt;&lt;td align=&quot;char&quot; char=&quot;.&quot; rowspan=&quot;1&quot; colspan=&quot;1&quot;&gt;22.2&lt;/td&gt;&lt;td align=&quot;char&quot; char=&quot;.&quot; rowspan=&quot;1&quot; colspan=&quot;1&quot;&gt;0.829&lt;/td&gt;&lt;td align=&quot;char&quot; char=&quot;.&quot; rowspan=&quot;1&quot; colspan=&quot;1&quot;&gt;2.797&lt;/td&gt;&lt;/tr&gt;&lt;tr&gt;&lt;td align=&quot;center&quot; rowspan=&quot;1&quot; colspan=&quot;1&quot;&gt;8&lt;/td&gt;&lt;td align=&quot;char&quot; char=&quot;.&quot; rowspan=&quot;1&quot; colspan=&quot;1&quot;&gt;0.5063&lt;/td&gt;&lt;td align=&quot;char&quot; char=&quot;.&quot; rowspan=&quot;1&quot; colspan=&quot;1&quot;&gt;0.3833&lt;/td&gt;&lt;td align=&quot;char&quot; char=&quot;.&quot; rowspan=&quot;1&quot; colspan=&quot;1&quot;&gt;0.0261&lt;/td&gt;&lt;td align=&quot;char&quot; char=&quot;.&quot; rowspan=&quot;1&quot; colspan=&quot;1&quot;&gt;13.1&lt;/td&gt;&lt;td align=&quot;char&quot; char=&quot;.&quot; rowspan=&quot;1&quot; colspan=&quot;1&quot;&gt;0.816&lt;/td&gt;&lt;td align=&quot;char&quot; char=&quot;.&quot; rowspan=&quot;1&quot; colspan=&quot;1&quot;&gt;2.415&lt;/td&gt;&lt;/tr&gt;&lt;tr&gt;&lt;td align=&quot;center&quot; rowspan=&quot;1&quot; colspan=&quot;1&quot;&gt;9&lt;/td&gt;&lt;td align=&quot;char&quot; char=&quot;.&quot; rowspan=&quot;1&quot; colspan=&quot;1&quot;&gt;0.4271&lt;/td&gt;&lt;td align=&quot;char&quot; char=&quot;.&quot; rowspan=&quot;1&quot; colspan=&quot;1&quot;&gt;0.3794&lt;/td&gt;&lt;td align=&quot;char&quot; char=&quot;.&quot; rowspan=&quot;1&quot; colspan=&quot;1&quot;&gt;0.0222&lt;/td&gt;&lt;td align=&quot;char&quot; char=&quot;.&quot; rowspan=&quot;1&quot; colspan=&quot;1&quot;&gt;13.5&lt;/td&gt;&lt;td align=&quot;char&quot; char=&quot;.&quot; rowspan=&quot;1&quot; colspan=&quot;1&quot;&gt;0.815&lt;/td&gt;&lt;td align=&quot;char&quot; char=&quot;.&quot; rowspan=&quot;1&quot; colspan=&quot;1&quot;&gt;2.816&lt;/td&gt;&lt;/tr&gt;&lt;tr&gt;&lt;td align=&quot;center&quot; rowspan=&quot;1&quot; colspan=&quot;1&quot;&gt;10&lt;/td&gt;&lt;td align=&quot;char&quot; char=&quot;.&quot; rowspan=&quot;1&quot; colspan=&quot;1&quot;&gt;0.3992&lt;/td&gt;&lt;td align=&quot;char&quot; char=&quot;.&quot; rowspan=&quot;1&quot; colspan=&quot;1&quot;&gt;0.3629&lt;/td&gt;&lt;td align=&quot;char&quot; char=&quot;.&quot; rowspan=&quot;1&quot; colspan=&quot;1&quot;&gt;0.0058&lt;/td&gt;&lt;td align=&quot;char&quot; char=&quot;.&quot; rowspan=&quot;1&quot; colspan=&quot;1&quot;&gt;11.0&lt;/td&gt;&lt;td align=&quot;char&quot; char=&quot;.&quot; rowspan=&quot;1&quot; colspan=&quot;1&quot;&gt;0.784&lt;/td&gt;&lt;td align=&quot;char&quot; char=&quot;.&quot; rowspan=&quot;1&quot; colspan=&quot;1&quot;&gt;2.253&lt;/td&gt;&lt;/tr&gt;&lt;tr&gt;&lt;td align=&quot;center&quot; rowspan=&quot;1&quot; colspan=&quot;1&quot;&gt;STM&lt;/td&gt;&lt;td align=&quot;char&quot; char=&quot;.&quot; rowspan=&quot;1&quot; colspan=&quot;1&quot;&gt;0.4024&lt;/td&gt;&lt;td align=&quot;char&quot; char=&quot;.&quot; rowspan=&quot;1&quot; colspan=&quot;1&quot;&gt;0.3572&lt;/td&gt;&lt;td align=&quot;center&quot; rowspan=&quot;1&quot; colspan=&quot;1&quot;/&gt;&lt;td align=&quot;center&quot; rowspan=&quot;1&quot; colspan=&quot;1&quot;/&gt;&lt;td align=&quot;char&quot; char=&quot;.&quot; rowspan=&quot;1&quot; colspan=&quot;1&quot;&gt;0.821&lt;/td&gt;&lt;td align=&quot;char&quot; char=&quot;.&quot; rowspan=&quot;1&quot; colspan=&quot;1&quot;&gt;2.468&lt;/td&gt;&lt;/tr&gt;&lt;tr&gt;&lt;td align=&quot;center&quot; rowspan=&quot;1&quot; colspan=&quot;1&quot;&gt;f-oopsi&lt;/td&gt;&lt;td align=&quot;char&quot; char=&quot;.&quot; rowspan=&quot;1&quot; colspan=&quot;1&quot;&gt;0.2964&lt;/td&gt;&lt;td align=&quot;char&quot; char=&quot;.&quot; rowspan=&quot;1&quot; colspan=&quot;1&quot;&gt;0.2538&lt;/td&gt;&lt;td align=&quot;char&quot; char=&quot;.&quot; rowspan=&quot;1&quot; colspan=&quot;1&quot;&gt;-0.1010&lt;/td&gt;&lt;td align=&quot;char&quot; char=&quot;.&quot; rowspan=&quot;1&quot; colspan=&quot;1&quot;&gt;-40.4&lt;/td&gt;&lt;td align=&quot;char&quot; char=&quot;.&quot; rowspan=&quot;1&quot; colspan=&quot;1&quot;&gt;0.658&lt;/td&gt;&lt;td align=&quot;char&quot; char=&quot;.&quot; rowspan=&quot;1&quot; colspan=&quot;1&quot;&gt;1.107&lt;/td&gt;&lt;/tr&gt;&lt;/tbody&gt;&lt;/table&gt;
</infon><offset>13759</offset><text>Team	train correlation	test correlation	Δ correlation	Δ var. exp. %	AUC	Info	 	1	0.4823	0.4382	0.0810	44.1	0.846	2.922	 	2	0.4727	0.4378	0.0806	42.0	0.846	3.118	 	3	0.4730	0.4347	0.0775	41.8	0.851	3.085	 	4	0.5374	0.4325	0.0753	42.9	0.815	2.816	 	5	0.4900	0.4291	0.0719	40.5	0.842	2.725	 	6	0.4752	0.4188	0.0617	36.5	0.822	2.778	 	7	0.4379	0.3967	0.0395	22.2	0.829	2.797	 	8	0.5063	0.3833	0.0261	13.1	0.816	2.415	 	9	0.4271	0.3794	0.0222	13.5	0.815	2.816	 	10	0.3992	0.3629	0.0058	11.0	0.784	2.253	 	STM	0.4024	0.3572			0.821	2.468	 	f-oopsi	0.2964	0.2538	-0.1010	-40.4	0.658	1.107	 	</text></passage><passage><infon key="section_type">RESULTS</infon><infon key="type">paragraph</infon><offset>14352</offset><text>To explore the generality of our findings, we additionally analyzed the performance of the algorithms at different temporal resolutions and using different evaluation measures. To this end, we computed the average correlation coefficient between the inferred and the true spike rates for bins of 40, 83, 167 and 333 ms, respectively (Fig 2). As expected, the average correlation increased with increasing bin width (e.g. for algorithm by team 1: 0.44 to 0.73). Interestingly, the rank of the algorithms was consistent across bin widths. In addition, we evaluated the performance of the algorithm using the AUC and information gain (Fig 3, Table 4, see Methods). The AUC measures the accuracy with which the presence of spiking in a given bin is detected, neglecting differences in the number of spikes. The information gain provides a model-based estimate of the amount of information about the spike rate extracted from the calcium trace. The ranking of the algorithms was broadly consistent with the ranking based on correlation, despite minor differences.</text></passage><passage><infon key="file">pcbi.1006157.g002.jpg</infon><infon key="id">pcbi.1006157.g002</infon><infon key="section_type">FIG</infon><infon key="type">fig_title_caption</infon><offset>15411</offset><text>Temporal resolution does not change the ranking of algorithms.</text></passage><passage><infon key="file">pcbi.1006157.g002.jpg</infon><infon key="id">pcbi.1006157.g002</infon><infon key="section_type">FIG</infon><infon key="type">fig_caption</infon><offset>15474</offset><text>Mean correlation between inferred and true spike rates evaluated at different temporal resolution/sampling rate on all N = 32 cells in the test set. Colors indicate different algorithms. Colored dots are offset and connected for better visibility. STM: Spike-triggered mixture model; f-oopsi: fast non-negative deconvolution.</text></passage><passage><infon key="file">pcbi.1006157.g003.jpg</infon><infon key="id">pcbi.1006157.g003</infon><infon key="section_type">FIG</infon><infon key="type">fig_title_caption</infon><offset>15800</offset><text>Different spike inference metrics reach similar conclusions.</text></passage><passage><infon key="file">pcbi.1006157.g003.jpg</infon><infon key="id">pcbi.1006157.g003</infon><infon key="section_type">FIG</infon><infon key="type">fig_caption</infon><offset>15861</offset><text>A. Area under the curve (AUC) of the inferred spike rate used as a binary predictor for the presence of spikes (evaluated at 25 Hz, 50 ms bins) on the test set. Colors indicate different datasets. Black dots are mean correlation coefficients across all N = 32 cells in the test set. Colored dots are jittered for better visibility. STM: Spike-triggered mixture model; f-oopsi: fast non-negative deconvolution B. Information gain of the inferred spike rate about the true spike rate on the test set (evaluated at 25 Hz, 40 ms bins).</text></passage><passage><infon key="section_type">RESULTS</infon><infon key="type">paragraph</infon><offset>16393</offset><text>As the algorithms in the top group used a range of algorithmic strategies, we wondered whether they also made different predictions, e.g., each capturing certain aspects of the spike-calcium relationship but not others. However, the predictions of the different algorithms were typically very similar with an average pairwise correlation coefficient among the first six algorithm of 0.82±.04 (mean ± SD, Fig 4). Also, averaging the top six predictions in an ensembling approach did not yield substantially better performance ( compared to  for Team 1). This indicates that despite their different algorithmic strategies, all algorithms captured similar aspects of the spike-fluorescence relationship.</text></passage><passage><infon key="file">pcbi.1006157.g004.jpg</infon><infon key="id">pcbi.1006157.g004</infon><infon key="section_type">FIG</infon><infon key="type">fig_title_caption</infon><offset>17096</offset><text>Top algorithms make highly correlated predictions.</text></passage><passage><infon key="file">pcbi.1006157.g004.jpg</infon><infon key="id">pcbi.1006157.g004</infon><infon key="section_type">FIG</infon><infon key="type">fig_caption</infon><offset>17147</offset><text>A.-B. Example cells from the test set for dataset 1 (OGB-1) and dataset 3 (GCaMP6s) show highly similar predictions between most algorithms. C. Average correlation coefficients between predictions of different algorithms across all cells in the test set at 25 Hz (40 ms bins).</text></passage><passage><infon key="section_type">DISCUSS</infon><infon key="type">title_1</infon><offset>17424</offset><text>Discussion</text></passage><passage><infon key="section_type">DISCUSS</infon><infon key="type">paragraph</infon><offset>17435</offset><text>In summary, the spikefinder challenge has shown that a community competition making use of suitable benchmark data can catalyze algorithmic developments in neuroscience. The challenge triggered a range of new and creative approaches towards solving the problem of spike rate inference from calcium data and improved the state-of-the-art substantially. The challenge did not distill the optimal strategy out of the different possible algorithmic approaches, something we had initially hoped for; rather, it showed that—given the current data—a range of approaches yield very similar outcomes.</text></passage><passage><infon key="section_type">DISCUSS</infon><infon key="type">title_2</infon><offset>18031</offset><text>Different algorithmic strategies for spike rate inference</text></passage><passage><infon key="section_type">DISCUSS</infon><infon key="type">paragraph</infon><offset>18089</offset><text>Interestingly, algorithms based on very different approaches yielded very similar performance. For example, algorithms based on generative models such as those by Team 1 and 6 perform on par with—in principle—more flexible deep learning-based approaches. Each algorithm comes with their own advantages and disadvantages regarding speed, interpretability, and incorporation of prior knowledge. For example, training the DNN-based models can be computationally quite costly and their efficient use may require specialized hardware such as GPUs. In practice, when a trained algorithm is applied to infer spike rates, we found all DNN-based method comparably efficient with a run time of less than a second per recording. With supervised methods, care has to be taken when using complex models to avoid overfitting the training set, as this could lead to false confidence about the prediction performance on new data. In fact, we observed quite heavy overfitting for two of the DNN-based approaches (Fig 1D). Nevertheless, supervised spike inference algorithms have been shown to generalize well to new data sets for which no data had been used during training, indicating that adapting supervised algorithms to new settings like indicators with different dynamics should be reasonably straightforward. In contrast, the algorithms based on generative models may be less easily adapted to novel settings as indicator dynamics, saturation or adaption effects and noise properties need to first be accurately assessed—simply swapping the measured calcium transient from isolated spikes may not be sufficient. In addition, inference in such models can be more time consuming as shown by the performance of the MLspike algorithm with an average of 15 seconds per recording. Hybrid approaches such as pursued here by Team 9 or more recently by may offer a way towards combining the respective strengths of both approaches.</text></passage><passage><infon key="section_type">DISCUSS</infon><infon key="type">title_2</infon><offset>20008</offset><text>Is spike rate inferences saturated?</text></passage><passage><infon key="section_type">DISCUSS</infon><infon key="type">paragraph</infon><offset>20044</offset><text>The spikefinder challenge raises the question of what the actual performance bound of an ideal decoder is. Model simulations can help to answer these questions, but their interpretation is limited by the accuracy of the model regarding indicator dynamics, noise structure, and other experimental factors. For example, in vitro recordings zooming in on individual neurons will have a different maximal performance than recordings in awake, behaving animals. Of course, the achievable upper bound on performance always depends on the desired temporal resolution (Fig 2) and experimental factors. For example, cells in data set I recorded at very high sampling rates using 3D AOD scanning yielded on average much higher correlation than neurons recorded using the same indicator in the same area with much lower scan rate (Fig 1A). It remains to be seen whether new and larger data sets of simultaneously recorded and imaged neurons will yield further improvements and distinguish more clearly between different algorithmic strategies. It will also be interesting to see whether new indicators will allow for more precise spike rate inference.</text></passage><passage><infon key="section_type">DISCUSS</infon><infon key="type">title_2</infon><offset>21185</offset><text>Evaluation of spike rate inference</text></passage><passage><infon key="section_type">DISCUSS</infon><infon key="type">paragraph</infon><offset>21220</offset><text>We also considered the AUC and information gain as alternatives to our primary evaluation measure, the correlation coefficient. While the latter is easy to interpret and more sensitive than the AUC, it is still invariant under global scaling of the predicted spike rate. Although information gain as a model based measured is considered a canonical model comparison criterion for probabilistic predictions, it can be more difficult to interpret than correlation coefficients or AUC.</text></passage><passage><infon key="section_type">DISCUSS</infon><infon key="type">paragraph</infon><offset>21703</offset><text>In general, all three measures yielded similar estimates of the ranking of the algorithms, with the AUC resolving the present differences least. In fact, different metrics can in principle lead to different conclusions about which algorithm is optimal since the metric contains part of the task specification. Metrics for spike rate inference are a matter of current debate in the literature—see for example refs. for recent proposals.</text></passage><passage><infon key="section_type">DISCUSS</infon><infon key="type">title_2</infon><offset>22141</offset><text>Design considerations for future challenges</text></passage><passage><infon key="section_type">DISCUSS</infon><infon key="type">paragraph</infon><offset>22185</offset><text>In addition to improving on the state-of-the-art, competitions such as the spikefinder challenge can boost standardization of algorithms, something that has been lacking from neuroscience analysis. For example, several of the processing choices made for this challenge triggered a debate among the submitting teams as to their utility and practicality. For example, we resampled all data to 100 Hz for ease of comparison, which induced problems for some of the submitted algorithms through the properties of the used filter. In addition, most participating teams found it necessary to introduce means of adapting the model parameters to the specific data set. These differences may have been introduced through different preprocessing procedures in the labs that contributed data and even between different scanning methods and speeds within the same lab (3D AOD vs. galvo scanning vs. resonant scanning). Even greater care should be taken to avoid such confounds in future competitions on this topic. In particular, a future challenge should explicitly address the potential of each algorithm to easily adapt to a data set not previously seen as part of the training set, testing for the transfer learning capabilities of each algorithm. It would also be interesting to explicitly evaluate algorithms for different recording conditions (e.g. in-vitro vs. awake), as the difference in recording conditions could even make different algorithmic strategies optimal.</text></passage><passage><infon key="section_type">DISCUSS</infon><infon key="type">paragraph</infon><offset>23649</offset><text>Finally, the challenge was performed on traces extracted from the raw imaging data by averaging all the pixels within manually placed regions-of-interest (ROIs). It is thus possible that the extracted signals contain contamination from the neuropil or were suboptimally placed, a problem tackled by methods that combine ROI placement and calcium-trace extraction in a single algorithm. However, at least for data with simultaneous imaging and electrophysiological recordings, it is not clear how methods integrating ROI placement and spike rate extraction should be evaluated and compared to regular data, since the recording electrode is always present in the picture, adding a confound to automated ROI extraction through the different image statistics.</text></passage><passage><infon key="section_type">DISCUSS</infon><infon key="type">title_2</infon><offset>24405</offset><text>Conclusion</text></passage><passage><infon key="section_type">DISCUSS</infon><infon key="type">paragraph</infon><offset>24416</offset><text>We believe that quantitative benchmarks are an essential ingredient for progress in the field, providing a reference point for future developments and a common standard with regards to how new algorithms should be evaluated. We strongly believe that many fields of computational neuroscience can benefit from community-based challenges to assess where the field stands and how it should move forward. As for the problem of spike rate inference from two-photon imaging, the spikefinder challenge should not be considered the last word in this matter: More comprehensive data sets and new functional indicators may require organizing another round of community-based development, further pushing the boundaries of what is attainable. Which algorithm to choose? The answer to that depends on a lot of factors, including performance, desired programming language, envisioned run time and not the least the simplicity of the method—certainly, an algorithm consisting of ten simple lines of code like that by team 10 is more intuitive than a highly nonlinear DNN. The algorithms submitted as part of this challenge offer a range of options regarding these criteria and will provide a solid basis to further advance the field.</text></passage><passage><infon key="section_type">METHODS</infon><infon key="type">title_1</infon><offset>25638</offset><text>Methods</text></passage><passage><infon key="section_type">METHODS</infon><infon key="type">title_2</infon><offset>25646</offset><text>Data</text></passage><passage><infon key="section_type">METHODS</infon><infon key="type">paragraph</infon><offset>25651</offset><text>The challenge was based on data sets collected for a previous benchmarking effort and the publicly available cai-1 data set from crcns.org. Details about the recording region, scan method, indicators, scan rate and cell numbers are summarized in Table 1 and described in detail in Theis et al. (2016). All data was resampled to 100 Hz independent of the original sampling rate. Upon request during the challenge, we made the data available at the native sampling rate.</text></passage><passage><infon key="section_type">METHODS</infon><infon key="type">title_2</infon><offset>26120</offset><text>Challenge organization</text></passage><passage><infon key="section_type">METHODS</infon><infon key="type">paragraph</infon><offset>26143</offset><text>For the challenge, we split the available data into training and test sets (see Table 1). The training set contained both calcium and spike data, while for the test set, only calcium data was available during the challenge period. We made sure that multiple recordings from individual neurons contained in some data sets were either assigned to the training or the test set. The GENIE datasets were only used as training data, since they are completely publicly available and consist of recordings from individual zoomed-in cells.</text></passage><passage><infon key="section_type">METHODS</infon><infon key="type">paragraph</infon><offset>26674</offset><text>The data and instructions were available on a dedicated website, based on an open-source web framework (https://github.com/codeneuro/spikefinder). There was a discussion board linked from the website to allow for questions and discussion among participants. Each team could make multiple submissions, but during the challenge period, only results on the training set were shown. The challenge ran from 30/11/2016 to 04/05/2017.</text></passage><passage><infon key="section_type">METHODS</infon><infon key="type">title_2</infon><offset>27102</offset><text>Algorithms</text></passage><passage><infon key="section_type">METHODS</infon><infon key="type">paragraph</infon><offset>27113</offset><text>The submitted algorithms are described in detail in the Appendix. For comparison, we used publicly available implementations of the STM algorithm and fast-oopsi. STM parameters were optimized on the entire training set.</text></passage><passage><infon key="section_type">METHODS</infon><infon key="type">title_2</infon><offset>27333</offset><text>Evaluation</text></passage><passage><infon key="section_type">METHODS</infon><infon key="type">paragraph</infon><offset>27344</offset><text>The evaluation of the submissions was done in Python using Jupyter notebooks. All evaluation functions and notebooks are available at https://github.com/berenslab/spikefinder_analysis.</text></passage><passage><infon key="section_type">METHODS</infon><infon key="type">paragraph</infon><offset>27529</offset><text>We used the correlation coefficient c between the inferred and the real traces resampled to 25 Hz (40 ms time bins) as primary quality measure. To make the observed increase in correlation more interpretable, we converted it to variance explained r2 and report the improvement in performance as the average increase in variance explained compared to the STM algorithm: </text></passage><passage><infon key="section_type">METHODS</infon><infon key="type">paragraph</infon><offset>27899</offset><text>Here, &lt;&gt; denotes an average over cells, omitting the dependence of c on cells for clarity. For completeness, we also computed the area under the ROC curve (AUC) and the information gain as in ref.. We used the roc_curve function from scikit-learn to compute the AUC for classifying whether or not a spike was present in a given bin. Assuming Poisson statistics, independence of spike counts in different bins, an average firing rate λ and a predicted firing rate of λt at time t, the expected information gain (in bits per bin) can be estimated as </text></passage><passage><infon key="section_type">METHODS</infon><infon key="type">paragraph</infon><offset>28458</offset><text>Since the different algorithms were not necessarily optimized for this model, we transformed the predicted firing rate λt using a piecewise linear monotonically increasing function f optimized to maximize the information gain across all cells.</text></passage><passage><infon key="section_type">METHODS</infon><infon key="type">paragraph</infon><offset>28707</offset><text>We used the R package afex to compute a repeated measures ANOVA on the correlation coefficients with within-subject factor algorithm and cells as subjects. Pairwise comparisons between algorithms were performed using the lsmeans package with Holm-Bonferroni correction for 66 tests.</text></passage><passage><infon key="section_type">SUPPL</infon><infon key="type">title_1</infon><offset>28990</offset><text>Supporting information</text></passage><passage><infon key="section_type">REF</infon><infon key="type">title</infon><offset>29013</offset><text>References</text></passage><passage><infon key="comment">doi: 10.1038/nrn2338</infon><infon key="fpage">195</infon><infon key="issue">3</infon><infon key="lpage">205</infon><infon key="name_0">surname:Kerr;given-names:JN</infon><infon key="name_1">surname:Denk;given-names:W</infon><infon key="pub-id_pmid">18270513</infon><infon key="section_type">REF</infon><infon key="source">Nature Reviews Neuroscience</infon><infon key="type">ref</infon><infon key="volume">9</infon><infon key="year">2008</infon><offset>29024</offset><text>Imaging in vivo: watching the brain in action</text></passage><passage><infon key="comment">doi: 10.1016/j.conb.2015.03.016</infon><infon key="fpage">115</infon><infon key="lpage">123</infon><infon key="name_0">surname:Peron;given-names:S</infon><infon key="name_1">surname:Chen;given-names:TW</infon><infon key="name_2">surname:Svoboda;given-names:K</infon><infon key="pub-id_pmid">25880117</infon><infon key="section_type">REF</infon><infon key="source">Current Opinion in Neurobiology</infon><infon key="type">ref</infon><infon key="volume">32</infon><infon key="year">2015</infon><offset>29070</offset><text>Comprehensive imaging of cortical networks</text></passage><passage><infon key="comment">doi: 10.3389/fncir.2013.00151</infon><infon key="fpage">151</infon><infon key="name_0">surname:Cotton;given-names:RJ</infon><infon key="name_1">surname:Froudarakis;given-names:E</infon><infon key="name_2">surname:Storer;given-names:P</infon><infon key="name_3">surname:Saggau;given-names:P</infon><infon key="name_4">surname:Tolias;given-names:AS</infon><infon key="pub-id_pmid">24133414</infon><infon key="section_type">REF</infon><infon key="source">Frontiers in neural circuits</infon><infon key="type">ref</infon><infon key="volume">7</infon><infon key="year">2013</infon><offset>29113</offset><text>Three-dimensional mapping of microcircuit correlation structure</text></passage><passage><infon key="comment">doi: 10.1038/nmeth.1453</infon><infon key="fpage">399</infon><infon key="issue">5</infon><infon key="name_0">surname:Grewe;given-names:BF</infon><infon key="name_1">surname:Langer;given-names:D</infon><infon key="name_2">surname:Kasper;given-names:H</infon><infon key="name_3">surname:Kampa;given-names:BM</infon><infon key="name_4">surname:Helmchen;given-names:F</infon><infon key="pub-id_pmid">20400966</infon><infon key="section_type">REF</infon><infon key="source">Nature methods</infon><infon key="type">ref</infon><infon key="volume">7</infon><infon key="year">2010</infon><offset>29177</offset><text>High-speed in vivo calcium imaging reveals neuronal network activity with near-millisecond precision</text></passage><passage><infon key="comment">doi: 10.1101/156786</infon><infon key="name_0">surname:Pachitariu;given-names:M</infon><infon key="name_1">surname:Stringer;given-names:C</infon><infon key="name_2">surname:Harris;given-names:KD</infon><infon key="section_type">REF</infon><infon key="source">bioRxiv</infon><infon key="type">ref</infon><infon key="year">2017</infon><offset>29278</offset><text>Robustness of spike deconvolution for calcium imaging of neural spiking</text></passage><passage><infon key="comment">doi: 10.1016/j.bpj.2008.08.005</infon><infon key="fpage">636</infon><infon key="issue">2</infon><infon key="lpage">55</infon><infon key="name_0">surname:Vogelstein;given-names:JT</infon><infon key="name_1">surname:Watson;given-names:BO</infon><infon key="name_2">surname:Packer;given-names:AM</infon><infon key="name_3">surname:Yuste;given-names:R</infon><infon key="name_4">surname:Jedynak;given-names:B</infon><infon key="name_5">surname:Paninski;given-names:L</infon><infon key="pub-id_pmid">19619479</infon><infon key="section_type">REF</infon><infon key="source">Biophysical journal</infon><infon key="type">ref</infon><infon key="volume">97</infon><infon key="year">2009</infon><offset>29350</offset><text>Spike inference from calcium imaging using sequential Monte Carlo methods</text></passage><passage><infon key="comment">doi: 10.1038/nature12354</infon><infon key="fpage">295</infon><infon key="issue">7458</infon><infon key="lpage">300</infon><infon key="name_0">surname:Chen;given-names:TW</infon><infon key="name_1">surname:Wardill;given-names:TJ</infon><infon key="name_2">surname:Sun;given-names:Y</infon><infon key="name_3">surname:Pulver;given-names:SR</infon><infon key="name_4">surname:Renninger;given-names:SL</infon><infon key="name_5">surname:Baohan;given-names:A</infon><infon key="pub-id_pmid">23868258</infon><infon key="section_type">REF</infon><infon key="source">Nature</infon><infon key="type">ref</infon><infon key="volume">499</infon><infon key="year">2013</infon><offset>29424</offset><text>Ultrasensitive fluorescent proteins for imaging neuronal activity</text></passage><passage><infon key="comment">doi: 10.1016/j.bpj.2012.07.058</infon><infon key="fpage">51</infon><infon key="issue">1</infon><infon key="lpage">62</infon><infon key="name_0">surname:Wilt;given-names:B</infon><infon key="name_1">surname:Fitzgerald;given-names:JE</infon><infon key="name_2">surname:Schnitzer;given-names:MJ</infon><infon key="pub-id_pmid">23332058</infon><infon key="section_type">REF</infon><infon key="source">Biophysical journal</infon><infon key="type">ref</infon><infon key="volume">104</infon><infon key="year">2013</infon><offset>29490</offset><text>Photon shot noise limits on optical detection of neuronal spikes and estimation of spike timing</text></passage><passage><infon key="comment">doi: 10.1152/jn.01073.2009</infon><infon key="fpage">3691</infon><infon key="issue">6</infon><infon key="lpage">704</infon><infon key="name_0">surname:Vogelstein;given-names:JT</infon><infon key="name_1">surname:Packer;given-names:AM</infon><infon key="name_2">surname:Machado;given-names:Ta</infon><infon key="name_3">surname:Sippy;given-names:T</infon><infon key="name_4">surname:Babadi;given-names:B</infon><infon key="name_5">surname:Yuste;given-names:R</infon><infon key="pub-id_pmid">20554834</infon><infon key="section_type">REF</infon><infon key="source">Journal of neurophysiology</infon><infon key="type">ref</infon><infon key="volume">104</infon><infon key="year">2010</infon><offset>29586</offset><text>Fast nonnegative deconvolution for spike train inference from population calcium imaging</text></passage><passage><infon key="comment">doi: 10.1038/nmeth874</infon><infon key="fpage">377</infon><infon key="issue">5</infon><infon key="name_0">surname:Yaksi;given-names:E</infon><infon key="name_1">surname:Friedrich;given-names:RW</infon><infon key="pub-id_pmid">16628208</infon><infon key="section_type">REF</infon><infon key="source">Nature methods</infon><infon key="type">ref</infon><infon key="volume">3</infon><infon key="year">2006</infon><offset>29675</offset><text>Reconstruction of firing rate changes across neuronal populations by temporally deconvolved Ca 2+ imaging</text></passage><passage><infon key="comment">doi: 10.1038/nn.2140</infon><infon key="fpage">749</infon><infon key="issue">7</infon><infon key="name_0">surname:Greenberg;given-names:DS</infon><infon key="name_1">surname:Houweling;given-names:AR</infon><infon key="name_2">surname:Kerr;given-names:JN</infon><infon key="pub-id_pmid">18552841</infon><infon key="section_type">REF</infon><infon key="source">Nature neuroscience</infon><infon key="type">ref</infon><infon key="volume">11</infon><infon key="year">2008</infon><offset>29781</offset><text>Population imaging of ongoing neuronal activity in the visual cortex of awake rats</text></passage><passage><infon key="comment">doi: 10.1038/ncomms12190</infon><infon key="fpage">12190</infon><infon key="name_0">surname:Deneux;given-names:T</infon><infon key="name_1">surname:Kaszas;given-names:A</infon><infon key="name_2">surname:Szalay;given-names:G</infon><infon key="name_3">surname:Katona;given-names:G</infon><infon key="name_4">surname:Lakner;given-names:T</infon><infon key="name_5">surname:Grinvald;given-names:A</infon><infon key="pub-id_pmid">27432255</infon><infon key="section_type">REF</infon><infon key="source">Nature Communications</infon><infon key="type">ref</infon><infon key="volume">7</infon><infon key="year">2016</infon><offset>29864</offset><text>Accurate spike estimation from noisy calcium signals for ultrafast three-dimensional imaging of large neuronal populations in vivo</text></passage><passage><infon key="comment">doi: 10.1371/journal.pcbi.1005423</infon><infon key="fpage">e1005423</infon><infon key="issue">3</infon><infon key="name_0">surname:Friedrich;given-names:J</infon><infon key="name_1">surname:Zhou;given-names:P</infon><infon key="name_2">surname:Paninski;given-names:L</infon><infon key="pub-id_pmid">28291787</infon><infon key="section_type">REF</infon><infon key="source">PLoS Comput Biol</infon><infon key="type">ref</infon><infon key="volume">13</infon><infon key="year">2017</infon><offset>29995</offset><text>Fast online deconvolution of calcium imaging data</text></passage><passage><infon key="comment">doi: 10.1152/jn.00084.2008</infon><infon key="fpage">1668</infon><infon key="issue">3</infon><infon key="lpage">1676</infon><infon key="name_0">surname:Sasaki;given-names:T</infon><infon key="name_1">surname:Takahashi;given-names:N</infon><infon key="name_2">surname:Matsuki;given-names:N</infon><infon key="name_3">surname:Ikegaya;given-names:Y</infon><infon key="pub-id_pmid">18596182</infon><infon key="section_type">REF</infon><infon key="source">Journal of neurophysiology</infon><infon key="type">ref</infon><infon key="volume">100</infon><infon key="year">2008</infon><offset>30045</offset><text>Fast and accurate detection of action potentials from somatic calcium fluctuations</text></passage><passage><infon key="comment">doi: 10.1016/j.neuron.2016.04.014</infon><infon key="fpage">471</infon><infon key="issue">3</infon><infon key="lpage">482</infon><infon key="name_0">surname:Theis;given-names:L</infon><infon key="name_1">surname:Berens;given-names:P</infon><infon key="name_2">surname:Froudarakis;given-names:E</infon><infon key="name_3">surname:Reimer;given-names:J</infon><infon key="name_4">surname:Román Rosón;given-names:M</infon><infon key="name_5">surname:Baden;given-names:T</infon><infon key="pub-id_pmid">27151639</infon><infon key="section_type">REF</infon><infon key="source">Neuron</infon><infon key="type">ref</infon><infon key="volume">90</infon><infon key="year">2016</infon><offset>30128</offset><text>Benchmarking Spike Rate Inference in Population Calcium Imaging</text></passage><passage><infon key="comment">doi: 10.1007/s11263-015-0816-y</infon><infon key="fpage">211</infon><infon key="issue">3</infon><infon key="lpage">252</infon><infon key="name_0">surname:Russakovsky;given-names:O</infon><infon key="name_1">surname:Deng;given-names:J</infon><infon key="name_2">surname:Su;given-names:H</infon><infon key="name_3">surname:Krause;given-names:J</infon><infon key="name_4">surname:Satheesh;given-names:S</infon><infon key="name_5">surname:Ma;given-names:S</infon><infon key="section_type">REF</infon><infon key="source">International Journal of Computer Vision</infon><infon key="type">ref</infon><infon key="volume">115</infon><infon key="year">2015</infon><offset>30192</offset><text>Imagenet large scale visual recognition challenge</text></passage><passage><infon key="section_type">REF</infon><infon key="type">ref</infon><offset>30242</offset><text>Adam-Bourdarios C, Cowan G, Germain C, Guyon I, Kégl B, Rousseau D. The Higgs boson machine learning challenge. In: NIPS 2014 Workshop on High-energy Physics and Machine Learning; 2015. p. 19–55.</text></passage><passage><infon key="section_type">REF</infon><infon key="type">ref</infon><offset>30441</offset><text>Svoboda K, Project G. Simultaneous imaging and loose-seal cell-attached electrical recordings from neurons expressing a variety of genetically encoded calcium indicators; 2015. Available from: http://dx.doi.org/10.6080/K02R3PMN.</text></passage><passage><infon key="section_type">REF</infon><infon key="type">ref</infon><offset>30670</offset><text>Friedrich J, Paninski L. Fast active set methods for online spike inference from calcium imaging. In: Advances In Neural Information Processing Systems; 2016. p. 1984–1992.</text></passage><passage><infon key="section_type">REF</infon><infon key="type">ref</infon><offset>30845</offset><text>He K, Zhang X, Ren S, Sun J. Deep residual learning for image recognition. In: Proceedings of the IEEE conference on computer vision and pattern recognition; 2016. p. 770–778.</text></passage><passage><infon key="section_type">REF</infon><infon key="type">ref</infon><offset>31023</offset><text>Szegedy C, Liu W, Jia Y, Sermanet P, Reed S, Anguelov D, et al. Going deeper with convolutions. CVPR; 2015.</text></passage><passage><infon key="section_type">REF</infon><infon key="type">ref</infon><offset>31131</offset><text>Speiser A, Yan J, Archer E, Buesing L, Turaga SC, Macke JH. Fast amortized inference of neural activity from calcium imaging data with variational autoencoders. In: Advances in Neural Information Processing Systems. vol. 30; 2017.</text></passage><passage><infon key="comment">doi: 10.1073/pnas.1510393112</infon><infon key="fpage">16054</infon><infon key="issue">52</infon><infon key="lpage">16059</infon><infon key="name_0">surname:Kuemmerer;given-names:M</infon><infon key="name_1">surname:Wallis;given-names:T</infon><infon key="name_2">surname:Bethge;given-names:M</infon><infon key="section_type">REF</infon><infon key="source">Proceedings of the National Academy of Science</infon><infon key="type">ref</infon><infon key="volume">112</infon><infon key="year">2015</infon><offset>31362</offset><text>Information-theoretic model comparison unifies saliency metrics</text></passage><passage><infon key="section_type">REF</infon><infon key="type">ref</infon><offset>31426</offset><text>Kümmerer M, Wallis TS, Bethge M. Saliency Benchmarking: Separating Models, Maps and Metrics. arXiv preprint arXiv:1704.08615. 2017.</text></passage><passage><infon key="comment">doi: 10.1101/238592</infon><infon key="name_0">surname:Reynolds;given-names:S</infon><infon key="name_1">surname:Schultz;given-names:SR</infon><infon key="name_2">surname:Dragotti;given-names:PL</infon><infon key="section_type">REF</infon><infon key="source">bioRxiv</infon><infon key="type">ref</infon><infon key="year">2017</infon><offset>31559</offset><text>CosMIC: A Consistent Metric for Spike Inference from Calcium Imaging</text></passage><passage><infon key="comment">doi: 10.1016/j.conb.2015.04.002</infon><infon key="fpage">156</infon><infon key="lpage">163</infon><infon key="name_0">surname:Freeman;given-names:J</infon><infon key="pub-id_pmid">25982977</infon><infon key="section_type">REF</infon><infon key="source">Current Opinion in Neurobiology</infon><infon key="type">ref</infon><infon key="volume">32</infon><infon key="year">2015</infon><offset>31628</offset><text>Open source tools for large-scale neuroscience</text></passage><passage><infon key="comment">doi: 10.1016/j.neuron.2015.11.037</infon><infon key="fpage">285</infon><infon key="issue">2</infon><infon key="lpage">299</infon><infon key="name_0">surname:Pnevmatikakis;given-names:EA</infon><infon key="name_1">surname:Soudry;given-names:D</infon><infon key="name_2">surname:Gao;given-names:Y</infon><infon key="name_3">surname:Machado;given-names:TA</infon><infon key="name_4">surname:Merel;given-names:J</infon><infon key="name_5">surname:Pfau;given-names:D</infon><infon key="pub-id_pmid">26774160</infon><infon key="section_type">REF</infon><infon key="source">Neuron</infon><infon key="type">ref</infon><infon key="volume">89</infon><infon key="year">2016</infon><offset>31675</offset><text>Simultaneous Denoising, Deconvolution, and Demixing of Calcium Imaging Data</text></passage><passage><infon key="comment">doi: 10.1101/061507</infon><infon key="name_0">surname:Pachitariu;given-names:M</infon><infon key="name_1">surname:Stringer;given-names:C</infon><infon key="name_2">surname:Schröder;given-names:S</infon><infon key="name_3">surname:Dipoppa;given-names:M</infon><infon key="name_4">surname:Rossi;given-names:LF</infon><infon key="name_5">surname:Carandini;given-names:M</infon><infon key="section_type">REF</infon><infon key="source">bioRxiv</infon><infon key="type">ref</infon><infon key="year">2016</infon><offset>31751</offset><text>Suite2p: beyond 10,000 neurons with standard two-photon microscopy</text></passage><passage><infon key="fpage">2825</infon><infon key="lpage">2830</infon><infon key="name_0">surname:Pedregosa;given-names:F</infon><infon key="name_1">surname:Varoquaux;given-names:G</infon><infon key="name_2">surname:Gramfort;given-names:A</infon><infon key="name_3">surname:Michel;given-names:V</infon><infon key="name_4">surname:Thirion;given-names:B</infon><infon key="name_5">surname:Grisel;given-names:O</infon><infon key="section_type">REF</infon><infon key="source">Journal of Machine Learning Research</infon><infon key="type">ref</infon><infon key="volume">12</infon><infon key="year">2011</infon><offset>31818</offset><text>Scikit-learn: Machine Learning in Python</text></passage></document></collection>
