<?xml version="1.0" encoding="UTF-8"?>
<!DOCTYPE collection SYSTEM "BioC.dtd">
<collection><source>PMC</source><date>20201221</date><key>pmc.key</key><document><id>6292617</id><infon key="license">CC BY</infon><passage><infon key="alt-title">Acceptable medication non-adherence according to physicians</infon><infon key="article-id_doi">10.1371/journal.pone.0209023</infon><infon key="article-id_pmc">6292617</infon><infon key="article-id_pmid">30543701</infon><infon key="article-id_publisher-id">PONE-D-18-21628</infon><infon key="elocation-id">e0209023</infon><infon key="issue">12</infon><infon key="license">This is an open access article distributed under the terms of the Creative Commons Attribution License, which permits unrestricted use, distribution, and reproduction in any medium, provided the original author and source are credited.</infon><infon key="name_0">surname:Sidorkiewicz;given-names:Stéphanie</infon><infon key="name_1">surname:Tran;given-names:Viet-Thi</infon><infon key="name_2">surname:Ravaud;given-names:Philippe</infon><infon key="name_3">surname:Manzoli;given-names:Lamberto</infon><infon key="notes">All relevant data are within the paper and its Supporting Information files.</infon><infon key="section_type">TITLE</infon><infon key="title">Data Availability</infon><infon key="type">front</infon><infon key="volume">13</infon><infon key="year">2018</infon><offset>0</offset><text>Acceptable medication non-adherence: A crowdsourcing study among French physicians for commonly prescribed medications</text></passage><passage><infon key="section_type">ABSTRACT</infon><infon key="type">abstract_title_1</infon><offset>119</offset><text>Background</text></passage><passage><infon key="section_type">ABSTRACT</infon><infon key="type">abstract</infon><offset>130</offset><text>Achieving good medication adherence is a major challenge for patients with chronic conditions. Our study aimed to assess the Threshold for Unacceptable Risk of Non-adherence (TURN), defined as the threshold at which physicians consider the health risks incurred by patients due to medication non-adherence unacceptable, for the most commonly prescribed drugs in France.</text></passage><passage><infon key="section_type">ABSTRACT</infon><infon key="type">abstract_title_1</infon><offset>500</offset><text>Methods</text></passage><passage><infon key="section_type">ABSTRACT</infon><infon key="type">abstract</infon><offset>508</offset><text>We conducted an online study using a crowdsourcing approach among French general practitioners and specialists from September 2016 to August 2017. Physicians assessed the TURN for various levels of missed doses by evaluating a series of randomly presented clinical vignettes, each presenting a given medication with a given therapeutic indication. For each “drug-indication group” (i.e., all drugs from the same pharmacological class with a similar therapeutic indication): 1) we described the distribution of physicians’ assessments, 2) we provided a summary estimate of the TURN, defined as the frequency of missed doses above which 75% of the physicians’ assessments were located; 3) we computed the number of pill boxes reimbursed in France in 2016 to put our results into context.</text></passage><passage><infon key="section_type">ABSTRACT</infon><infon key="type">abstract_title_1</infon><offset>1302</offset><text>Results</text></passage><passage><infon key="section_type">ABSTRACT</infon><infon key="type">abstract</infon><offset>1310</offset><text>We collected a total of 5365 assessments from 544 physicians, each of whom evaluated a random sample among 528 distinct clinical vignettes. Estimates of the TURN varied widely across drug-indication groups, ranging from risk considered unacceptable with 1 daily dose missed per month (e.g., insulin for diabetes) to risk always considered acceptable (e.g., anti-dementia drugs). Drugs with an estimated TURN of over one missing daily dose per week represented 44.9% of the prescription volume of the medications assessed in our study.</text></passage><passage><infon key="section_type">ABSTRACT</infon><infon key="type">abstract_title_1</infon><offset>1845</offset><text>Conclusions</text></passage><passage><infon key="section_type">ABSTRACT</infon><infon key="type">abstract</infon><offset>1857</offset><text>According to physicians, the impact of non-adherence may vary greatly. Patient-physician discussions on the variable consequences of non-adherence could lead to a paradigm shift by seeking to reach “optimal adherence” depending on drugs rather than unrealistic “perfect adherence” to all drugs.</text></passage><passage><infon key="section_type">INTRO</infon><infon key="type">title_1</infon><offset>2160</offset><text>Introduction</text></passage><passage><infon key="section_type">INTRO</infon><infon key="type">paragraph</infon><offset>2173</offset><text>Medication adherence is defined as the extent to which a person’s behavior coincides with medical advice and is often reported as a percentage of the prescribed doses of the medication actually taken by the patient over a specified period. The association between medication non-adherence and clinical outcomes is well described in the literature. Adverse events caused by imperfect medication adherence may range from minor symptoms to suboptimal clinical benefit, poor control of the illness, emergence of treatment resistance or life-threatening events. The seriousness of these adverse events depends on the drug and the disease being treated and the magnitude of poor adherence. For example, in the transplantation field, even a minor deviation of optimal adherence to immunosuppressive treatment can lead to severe consequences. For patients with chronic conditions, a large number of studies have found that only 50% to 60% of patients take their medications as prescribed despite numerous interventions available to improve medication-taking. This finding suggests that for patients taking multiple medications, perfect drug adherence (all doses taken at the correct time, during the whole life) may be unrealistic. Therefore, in clinical practice, physicians seeing patients with various medication-taking behaviors must assess the degree to which non-adherence is acceptable to achieve desired therapeutic effects, without unnecessarily increasing the burden of treatment on patients.</text></passage><passage><infon key="section_type">INTRO</infon><infon key="type">paragraph</infon><offset>3670</offset><text>Assessing a threshold of acceptable non-adherence for a large range of medications may have direct implications on clinical practice. Indeed, it may help physicians prioritize their interventions and assess at what point and for which medication they should strongly encourage the patient to change their medication-taking behavior. However, accurately defining a theoretical threshold may be difficult because it must account for the likelihood, clinical consequences and time course of treatment failure. It may also depend on the drug of interest and the medicine-taking behaviors of patients: periodically missing single doses, drug holidays (sequentially multiple missed doses), schedule errors (variability in time of drug intake) or extra doses. To the best of our knowledge, the effect of medication non-adherence behaviors is only known in very specific therapeutic fields. In the literature, the threshold usually used to define “good adherence” is a patient taking more than 80% of all prescribed doses, but this arbitrary cut-off is commonly applied with no clinical rationale and likely corresponds more to a theoretical threshold for describing populations than to a practical rule used by physicians in clinical practice.</text></passage><passage><infon key="section_type">INTRO</infon><infon key="type">paragraph</infon><offset>4911</offset><text>An approach to explore this issue could be to consider the concept of drug “forgiveness”, that is, the property of a drug, given as a repeated treatment, to forgive the omission of one dose, or several doses in a row, without a loss of efficacy. However, forgiveness estimated by pharmacokinetic models only allows to evaluate the short-term risk of adverse events due to poor implementation of a given drug and does not take into account the severity of the adverse event, or the long-term consequences (e.g., poor control of the illness or development of treatment resistance).</text></passage><passage><infon key="section_type">INTRO</infon><infon key="type">paragraph</infon><offset>5495</offset><text>In this study, we focused on physicians’ perspectives, who are at the front-line in caring for patients with chronic treatments. They frequently face non-adherence situations, in which they have to use their clinical experience to integrate the different factors involved (the risk of an adverse event, the seriousness of the potential adverse event, the time course of treatment failure, the disease being treated) to make clinical decisions. We therefore decided to describe the threshold in terms of frequency of missed doses at which physicians consider the health risks incurred by patients due to medication non-adherence unacceptable for a large range of medications. Although medication adherence should not be reduced to an adherence rate, we considered that this approach would be a first feasible and useful step to explore this complex issue. We hypothesized that physicians’ estimates would not be in line with the 80% threshold usually used in the literature but that on the contrary, they would vary widely among the medications and the diseases.</text></passage><passage><infon key="section_type">METHODS</infon><infon key="type">title_1</infon><offset>6561</offset><text>Methods</text></passage><passage><infon key="section_type">METHODS</infon><infon key="type">paragraph</infon><offset>6569</offset><text>Our study used a crowdsourcing approach by inviting physicians to assess, via the Internet, the Threshold for Unacceptable Risk of Non-adherence (TURN) for the most commonly prescribed medications in France. Physicians determined this threshold for various levels of missed doses by evaluating a series of clinical vignettes, each presenting a given medication in a given chronic indication.</text></passage><passage><infon key="section_type">METHODS</infon><infon key="type">title_2</infon><offset>6961</offset><text>Definition of the TURN</text></passage><passage><infon key="section_type">METHODS</infon><infon key="type">paragraph</infon><offset>6984</offset><text>In this study, we proposed to focus on the new concept of TURN that we defined as the threshold at which physicians consider the health risk incurred by patients due to medication non-adherence unacceptable. For example, for a given medication assessed by a given physician, an estimated threshold of 2 days per month would mean that the physician considered the risk incurred due to non-adherence acceptable as long as patients missed 1 daily dose or less per month. However, 2 daily doses missed per month or more would be unacceptable. Thus, the lower the TURN for a given medication, the more unacceptable physicians consider the health risk due to non-adherence.</text></passage><passage><infon key="section_type">METHODS</infon><infon key="type">title_2</infon><offset>7652</offset><text>Development of clinical vignettes to assess the TURN</text></passage><passage><infon key="section_type">METHODS</infon><infon key="type">paragraph</infon><offset>7705</offset><text>We asked physicians to estimate the TURN for the most commonly prescribed medications in France by using randomly presented clinical vignettes. Each vignette presented one medication (selected according to the number of pill boxes reimbursed by the French national health insurance system during the first 6 months of 2015) in one of its recommended therapeutic chronic indications. The complete procedure of medication selection is described in S1 Fig. For each vignette, physicians estimated the TURN by answering a question inspired from studies describing the consequences of medication non-adherence and methods of risk communication and assessment: “The patient tells you that he/she skips a daily dose of this medication periodically. In your opinion, at what frequency of missing doses is the risk to his/her health unacceptable?” Seven answers were proposed, ranging from 1 to 3 days per month (i.e., risk considered unacceptable by physicians with 1 to 3 daily doses missed per month), 1 to 3 days per week, and always acceptable regardless of the frequency. Two other possible responses were “I do not know” and “Other response”. Respondents were also allowed to write a free comment for each medication assessed. Most of the medications we selected had once-daily dosing regimens, but we adapted the wording of the question to fit the medications with other daily dosing regimens (e.g., 2 or 3 times daily).</text></passage><passage><infon key="section_type">METHODS</infon><infon key="type">paragraph</infon><offset>9137</offset><text>A preliminary version of the clinical vignettes was pilot-tested with 4 physicians by using a double interview method. The final question and answers are detailed in S1 Table.</text></passage><passage><infon key="section_type">METHODS</infon><infon key="type">title_2</infon><offset>9313</offset><text>Data collection</text></passage><passage><infon key="section_type">METHODS</infon><infon key="type">title_3</infon><offset>9329</offset><text>Participants</text></passage><passage><infon key="section_type">METHODS</infon><infon key="type">paragraph</infon><offset>9342</offset><text>Participants were physicians (general physicians or specialists). We excluded specialists not seeing patients, pediatricians, medical students, residents, and pharmacists. Participants were approached through university or hospital networks (in particular the Société de Formation Thérapeutique du Généraliste–Recherche), congresses (French National Congress of General Medicine and French National Congress of General Medicine Teachers), and social media. Physicians who participated were encouraged to invite their colleagues by a snowball sampling method.</text></passage><passage><infon key="section_type">METHODS</infon><infon key="type">paragraph</infon><offset>9908</offset><text>Physicians were informed that the data analysis would respect confidentiality. This study was not reviewed by an institutional review board (IRB) because, as a non-interventional study with physicians about their expertise, it did not fall within the scope of French ethics committees. The study has been declared to the French Data Protection Authority (Commission Nationale Informatique et Libertés, CNIL, identification no. 1980063), as required in France. No formal consent was required for this type of study according to French law. Physicians were invited to participate after receiving information about the study on the home page of the study website, and were able to download the study protocol via a dedicated link. Participation by logging into the platform was voluntary and anonymous.</text></passage><passage><infon key="section_type">METHODS</infon><infon key="type">title_3</infon><offset>10709</offset><text>Crowdsourcing procedure</text></passage><passage><infon key="section_type">METHODS</infon><infon key="type">paragraph</infon><offset>10733</offset><text>Eligible physicians were invited to log into an Internet platform (http://clinicalepidemio.fr/mapp/), where they provided basic demographic information (age and sex) and professional information (medical specialty, ambulatory or hospital practice setting). Then, they assessed as many clinical vignettes as they wanted (they were allowed to skip clinical vignettes for which they did not feel comfortable to assess the TURN). We used algorithms to 1) prevent physicians from assessing only medications from the same pharmacological drug class, and 2) increase the chance that physicians would be evaluating medications from their own specialty first.</text></passage><passage><infon key="section_type">METHODS</infon><infon key="type">title_2</infon><offset>11384</offset><text>Statistical analysis</text></passage><passage><infon key="section_type">METHODS</infon><infon key="type">paragraph</infon><offset>11405</offset><text>Data are presented with numbers (%) for categorical variables and means (SD) for continuous variables. We used complete-case analysis to deal with missing data. All statistical analyses involved the use of R v3.2.2 (http://www.r-project.org).</text></passage><passage><infon key="section_type">METHODS</infon><infon key="type">title_3</infon><offset>11648</offset><text>Drug-indication groups</text></passage><passage><infon key="section_type">METHODS</infon><infon key="type">paragraph</infon><offset>11671</offset><text>To present our results at an aggregate level, we grouped all drugs from the same pharmacological class in a similar therapeutic indication under a “drug-indication group” according to the 3rd level of the WHO Anatomical Therapeutic Chemical (ATC) classification. Two authors (SS and VT-T) grouped therapeutic indications with the help of specialists in case of uncertainty.</text></passage><passage><infon key="section_type">METHODS</infon><infon key="type">title_3</infon><offset>12049</offset><text>Estimation of the TURN for each drug-indication group</text></passage><passage><infon key="section_type">METHODS</infon><infon key="type">paragraph</infon><offset>12103</offset><text>For each drug-indication group: 1) we plotted the distribution of all physicians’ estimates (Fig 1); 2) we provided a summary estimate of the TURN, that we defined as the frequency of missed doses above which 75% of physicians considered that the health risk incurred by the patients would become unacceptable. For example, if 75% or more physicians considered that missing 2 daily doses or more per month for a given drug-indication group was unacceptable risk, the resulting summary TURN for this drug-indication group was “2 days per month”. No previous data were available about which summary statistic would be clinically relevant to describe the TURN for each drug-indication group. We therefore decided to present our results using a 75% cut-off, based on previous studies assessing Patient Acceptable Symptom States and by adopting a conservative approach for health risk assessment. We performed sensitivity analyses with other cutoffs (more permissive cutoffs: 50%, 60%; and more conservative cutoffs: 80% and 90%).</text></passage><passage><infon key="file">pone.0209023.g001.jpg</infon><infon key="id">pone.0209023.g001</infon><infon key="section_type">FIG</infon><infon key="type">fig_title_caption</infon><offset>13135</offset><text>Distribution of physicians’ estimates: Threshold for Unacceptable Risk of Non-Adherence for 70 drug-indication groups.</text></passage><passage><infon key="file">pone.0209023.g001.jpg</infon><infon key="id">pone.0209023.g001</infon><infon key="section_type">FIG</infon><infon key="type">fig_caption</infon><offset>13256</offset><text>Each horizontal bar represents the distribution (in percentage) of physicians’ estimates for a given drug-indication group. TURN* corresponds to the frequency of missing doses above which 75% of physicians’ estimates were located (vertical dashed line). n* corresponds to the number of physicians’ assessments for each drug-indication group. For sake of clarity, we plotted 70 drug-indication groups corresponding to 90% of total prescription volume of the medications assessed in the study. All the 112 drug-indication groups are plotted in S2 Fig. Abbreviations: ACE: angiotensin-converting enzyme, ARBs: angiotensin receptor blockers, CCBs: calcium channel blockers; COPD: Chronic Obstructive Pulmonary Disease; GORD: gastro-oesophageal reflux diseases; HBP: high blood pressure; NSAIDs: non-steroidal anti-inflammatory drugs, MI: myocardial infarction.</text></passage><passage><infon key="section_type">METHODS</infon><infon key="type">title_3</infon><offset>14119</offset><text>Estimation of the proportion of prescription volume for each drug-indication group</text></passage><passage><infon key="section_type">METHODS</infon><infon key="type">paragraph</infon><offset>14202</offset><text>For each drug-indication group, we computed the number of pill boxes reimbursed in 2016 according to the French national health insurance medication database by summing the number of pill boxes for all medications belonging to the given group. We presented our results in a figure that allowed for comparing prescription volumes among the different drug-indication groups and their respective summary TURN: each drug-indication group was presented as a rectangle with color and area size by TURN and prescription volume, respectively (Fig 2).</text></passage><passage><infon key="file">pone.0209023.g002.jpg</infon><infon key="id">pone.0209023.g002</infon><infon key="section_type">FIG</infon><infon key="type">fig_title_caption</infon><offset>14745</offset><text>Threshold for Unacceptable Risk of Non-Adherence (TURN) and prescription volume for 112 drug-indication groups.</text></passage><passage><infon key="file">pone.0209023.g002.jpg</infon><infon key="id">pone.0209023.g002</infon><infon key="section_type">FIG</infon><infon key="type">fig_caption</infon><offset>14857</offset><text>TURN* corresponds to the frequency of missing doses above which 75% of physicians’ estimates were located for each drug-indication group. Results with alternative cut-offs are detailed in S2 Table. Each drug-indication group is plotted as a rectangle: 1) rectangle color corresponds to the TURN*; 2) rectangle area size is proportional to the number of pill boxes reimbursed in 2016 in France (according to the French national health insurance database). We summed the number of pill boxes for the medications belonging to each group. In case of several therapeutic indications for a same medication, we divided the number of pill boxes by the number of indications. Abbreviations: ACE: angiotensin-converting enzyme, ARBs: angiotensin receptor blockers, CCBs: calcium channel blockers; COPD: Chronic Obstructive Pulmonary Disease; GORD: gastro-oesophageal reflux diseases; HBP: high blood pressure; NSAIDs: non-steroidal anti-inflammatory drugs, MI: myocardial infarction.</text></passage><passage><infon key="section_type">RESULTS</infon><infon key="type">title_1</infon><offset>15833</offset><text>Results</text></passage><passage><infon key="section_type">RESULTS</infon><infon key="type">title_2</infon><offset>15841</offset><text>Participants</text></passage><passage><infon key="section_type">RESULTS</infon><infon key="type">paragraph</infon><offset>15854</offset><text>A total of 544 physicians participated in the study from September 2016 to August 2017. Their mean age was 39.8 years (SD 12.5) and 198 (36.4%) were male. The participants were mainly general physicians (433, 79.6%); 373 (68.6%) worked in ambulatory care and 115 (21.1%) in hospitals. Other characteristics are detailed in Table 1.</text></passage><passage><infon key="file">pone.0209023.t001.xml</infon><infon key="id">pone.0209023.t001</infon><infon key="section_type">TABLE</infon><infon key="type">table_title_caption</infon><offset>16186</offset><text>Characteristics of physicians.</text></passage><passage><infon key="file">pone.0209023.t001.xml</infon><infon key="id">pone.0209023.t001</infon><infon key="section_type">TABLE</infon><infon key="type">table</infon><infon key="xml">&lt;?xml version=&quot;1.0&quot; encoding=&quot;UTF-8&quot;?&gt;
&lt;table frame=&quot;hsides&quot; rules=&quot;groups&quot;&gt;&lt;colgroup span=&quot;1&quot;&gt;&lt;col align=&quot;left&quot; valign=&quot;middle&quot; span=&quot;1&quot;/&gt;&lt;col align=&quot;left&quot; valign=&quot;middle&quot; span=&quot;1&quot;/&gt;&lt;/colgroup&gt;&lt;thead&gt;&lt;tr&gt;&lt;th align=&quot;left&quot; rowspan=&quot;1&quot; colspan=&quot;1&quot;&gt;Characteristic&lt;/th&gt;&lt;th align=&quot;left&quot; rowspan=&quot;1&quot; colspan=&quot;1&quot;&gt;Value&lt;break/&gt;(N = 544)&lt;/th&gt;&lt;/tr&gt;&lt;/thead&gt;&lt;tbody&gt;&lt;tr&gt;&lt;td align=&quot;left&quot; rowspan=&quot;1&quot; colspan=&quot;1&quot;&gt;Age–mean (SD), years&lt;/td&gt;&lt;td align=&quot;left&quot; rowspan=&quot;1&quot; colspan=&quot;1&quot;&gt;39.8 (12.5)&lt;/td&gt;&lt;/tr&gt;&lt;tr&gt;&lt;td align=&quot;left&quot; rowspan=&quot;1&quot; colspan=&quot;1&quot;&gt;Male sex–No. (%)&lt;/td&gt;&lt;td align=&quot;left&quot; rowspan=&quot;1&quot; colspan=&quot;1&quot;&gt;198 (36.4)&lt;/td&gt;&lt;/tr&gt;&lt;tr&gt;&lt;td align=&quot;left&quot; rowspan=&quot;1&quot; colspan=&quot;1&quot;&gt;Specialty–No. (%)&lt;/td&gt;&lt;td align=&quot;left&quot; rowspan=&quot;1&quot; colspan=&quot;1&quot;/&gt;&lt;/tr&gt;&lt;tr&gt;&lt;td align=&quot;left&quot; rowspan=&quot;1&quot; colspan=&quot;1&quot;&gt;   General practitioner&lt;/td&gt;&lt;td align=&quot;left&quot; rowspan=&quot;1&quot; colspan=&quot;1&quot;&gt;433 (79.6)&lt;/td&gt;&lt;/tr&gt;&lt;tr&gt;&lt;td align=&quot;left&quot; rowspan=&quot;1&quot; colspan=&quot;1&quot;&gt;   Other specialists &lt;xref ref-type=&quot;table-fn&quot; rid=&quot;t001fn001&quot;&gt;&lt;sup&gt;a&lt;/sup&gt;&lt;/xref&gt;&lt;/td&gt;&lt;td align=&quot;left&quot; rowspan=&quot;1&quot; colspan=&quot;1&quot;&gt;111 (20.4)&lt;/td&gt;&lt;/tr&gt;&lt;tr&gt;&lt;td align=&quot;left&quot; rowspan=&quot;1&quot; colspan=&quot;1&quot;&gt;Practice setting–No. (%)&lt;/td&gt;&lt;td align=&quot;left&quot; rowspan=&quot;1&quot; colspan=&quot;1&quot;/&gt;&lt;/tr&gt;&lt;tr&gt;&lt;td align=&quot;left&quot; rowspan=&quot;1&quot; colspan=&quot;1&quot;&gt;   Ambulatory care&lt;/td&gt;&lt;td align=&quot;left&quot; rowspan=&quot;1&quot; colspan=&quot;1&quot;&gt;373 (68.6)&lt;/td&gt;&lt;/tr&gt;&lt;tr&gt;&lt;td align=&quot;left&quot; rowspan=&quot;1&quot; colspan=&quot;1&quot;&gt;   Hospital&lt;/td&gt;&lt;td align=&quot;left&quot; rowspan=&quot;1&quot; colspan=&quot;1&quot;&gt;115 (21.1)&lt;/td&gt;&lt;/tr&gt;&lt;tr&gt;&lt;td align=&quot;left&quot; rowspan=&quot;1&quot; colspan=&quot;1&quot;&gt;   Both&lt;/td&gt;&lt;td align=&quot;left&quot; rowspan=&quot;1&quot; colspan=&quot;1&quot;&gt;37 (6.8)&lt;/td&gt;&lt;/tr&gt;&lt;tr&gt;&lt;td align=&quot;left&quot; rowspan=&quot;1&quot; colspan=&quot;1&quot;&gt;   Other &lt;xref ref-type=&quot;table-fn&quot; rid=&quot;t001fn002&quot;&gt;&lt;sup&gt;b&lt;/sup&gt;&lt;/xref&gt;&lt;/td&gt;&lt;td align=&quot;left&quot; rowspan=&quot;1&quot; colspan=&quot;1&quot;&gt;19 (3.5)&lt;/td&gt;&lt;/tr&gt;&lt;/tbody&gt;&lt;/table&gt;
</infon><offset>16217</offset><text>Characteristic	Value(N = 544)	 	Age–mean (SD), years	39.8 (12.5)	 	Male sex–No. (%)	198 (36.4)	 	Specialty–No. (%)		 	   General practitioner	433 (79.6)	 	   Other specialists a	111 (20.4)	 	Practice setting–No. (%)		 	   Ambulatory care	373 (68.6)	 	   Hospital	115 (21.1)	 	   Both	37 (6.8)	 	   Other b	19 (3.5)	 	</text></passage><passage><infon key="file">pone.0209023.t001.xml</infon><infon key="id">pone.0209023.t001</infon><infon key="section_type">TABLE</infon><infon key="type">table_footnote</infon><offset>16561</offset><text>a other specialists included emergency physicians, rheumatologists, internal medicine specialists, geriatrists, cardiologists, pneumologists, gastroenterologists, psychiatrics, gynecologists, nephrologists, dermatologists, anesthetists, diabetologists.</text></passage><passage><infon key="file">pone.0209023.t001.xml</infon><infon key="id">pone.0209023.t001</infon><infon key="section_type">TABLE</infon><infon key="type">table_footnote</infon><offset>16814</offset><text>b not specified.</text></passage><passage><infon key="section_type">RESULTS</infon><infon key="type">title_2</infon><offset>16831</offset><text>Drug-indication groups</text></passage><passage><infon key="section_type">RESULTS</infon><infon key="type">paragraph</infon><offset>16854</offset><text>A total of 5558 vignettes were submitted to physicians for evaluation, corresponding to 528 distinct clinical vignettes (that is, 528 medications for a given therapeutic indication selected during the process of drug selection detailed in S1 Fig). We collected a total of 5365 assessments (response rate 96.5%) from the 544 physicians, each of whom evaluated a random sample among the 528 vignettes. We grouped all the medications in 124 drug-indication groups. We excluded from the analysis 12 drug-indication groups for which we collected fewer than 10 answers. As a result, we analyzed a total of 112 drug-indication groups. For each of these 112 groups, the mean number of physicians’ assessments was 47.2 (SD 31.5). We also collected 825 free comments from physicians.</text></passage><passage><infon key="section_type">RESULTS</infon><infon key="type">title_2</infon><offset>17630</offset><text>Estimation of the TURN by physicians</text></passage><passage><infon key="section_type">RESULTS</infon><infon key="type">paragraph</infon><offset>17667</offset><text>We found that the TURN, as assessed by physicians, varied widely across the different drug-indication groups (see Figs 1 and S2). Summary estimates of the TURN ranged from “1 daily dose missed per month” unacceptable for 22 (19.6%) drug-indication groups, to “always acceptable” for 10 (8.9%) groups. The results for other cut-offs are detailed in S2 Table. The three drug-indication groups with the highest TURNs were progestogens and estrogens in combination for menopause, anti-rheumatic products for osteoarthrosis, and anti-dementia drugs (S2 Fig). The three drug-indication groups with the lowest TURNs were immunosuppressants for preventing graft rejection, hormonal contraceptives for systemic use and corticosteroids for preventing graft rejection (S2 Fig).</text></passage><passage><infon key="section_type">RESULTS</infon><infon key="type">title_2</infon><offset>18442</offset><text>Estimating the proportion of prescription volume for each drug-indication group</text></passage><passage><infon key="section_type">RESULTS</infon><infon key="type">paragraph</infon><offset>18522</offset><text>Fig 2 plots all drug-indication groups with their corresponding summary TURN (rectangle color) and prescription volume (rectangle area size). Overall, 21.0% (in proportion of reimbursed pill boxes) of the medications assessed corresponded to drugs with the lowest TURN (i.e., risk of non-adherence considered unacceptable with 1 daily dose missed per month). Similarly, 44.9% of the medications assessed corresponded to drugs with moderate or high TURN (i.e., risk of non-adherence considered unacceptable with more than 1 missed daily dose per week).</text></passage><passage><infon key="section_type">DISCUSS</infon><infon key="type">title_1</infon><offset>19074</offset><text>Discussion</text></passage><passage><infon key="section_type">DISCUSS</infon><infon key="type">title_2</infon><offset>19085</offset><text>Principal findings</text></passage><passage><infon key="section_type">DISCUSS</infon><infon key="type">paragraph</infon><offset>19104</offset><text>In this study, we developed the new concept of “Threshold for Unacceptable Risk of Non-adherence” and crowdsourced it from 544 physicians who provided a total 5365 assessments for different drugs in different indications. We found great heterogeneity among physicians in estimating the TURN among the drug classes, with medications for which the estimated TURN was high, such as anti-dementia drugs or dermatological drugs, as compared with medications for which the estimated TURN was low, such as drugs for graft rejection or antiretroviral therapy for HIV infection. The drugs with higher TURNs were mainly those that physicians considered had symptomatic therapeutic indication or poor perceived efficacy. For some of these drugs, physicians stressed the importance of the patient’s decision: “the patient’s discomfort will guide medication-taking” (anti-acne preparation); “the patient is empowered to make his own decision about how to take this medication according to his symptoms” (drug used for benign prostatic hypertrophy). Some physicians even suggested stopping certain drugs with poor perceived benefit-risk ratio: “I never initiate this treatment, which seems little efficient and with a bad safety profile. I advise the patient to stop it” (anti-dementia drug). In contrast, the drugs with lower TURNs were mainly those with harmful consequences of non-adherence or drugs for which physicians showed accurate knowledge of pharmacokinetics: “a 12-hour delay exposes the patient to an unwanted pregnancy” (hormonal contraceptive) and “the half-life of this drug is short and puts the patient at risk of seizure” (antiepileptic).</text></passage><passage><infon key="section_type">DISCUSS</infon><infon key="type">title_2</infon><offset>20776</offset><text>Strengths and limitations of the study</text></passage><passage><infon key="section_type">DISCUSS</infon><infon key="type">paragraph</infon><offset>20815</offset><text>To the best of our knowledge, this is the first study conducted among physicians about the TURN at a nation-wide level. Crowdsourcing methods allowed us to involve physicians in estimating the TURN for a large amount of different medications among most commonly prescribed medications in France. However, our study has some limitations. First, the physicians were not representative of all French physicians. Second, we presented our results at an aggregate level by pooling medications in drug-indication groups, however, within some groups, the TURN may differ depending on the molecule (e.g., the pharmacokinetic profiles of different vitamin K antagonists are not equivalent). Third, our clinical vignettes were theoretical and did not take into account the patient clinical context, the severity of patients’ conditions or concomitant prescribed drugs, which may explain the variability we found among physicians’ answers for some drug-indication groups (e.g., cardiovascular or antihypertensive drugs). However, for some drug-indication groups, physicians agreed on a TURN with a good consistency across their answers (e.g., drugs against graft rejection). Fourth, our approach was descriptive and does not allow to use the data we collected for future TURN calculation or definition. But the purpose of our study was to explore the physicians’ perspectives about the new concept of the TURN rather than to provide guidelines. Potential gaps with other perspectives (especially patients’) could be interesting to explore in future studies.</text></passage><passage><infon key="section_type">DISCUSS</infon><infon key="type">title_2</infon><offset>22369</offset><text>Strengths and limitations in relation to other studies</text></passage><passage><infon key="section_type">DISCUSS</infon><infon key="type">paragraph</infon><offset>22424</offset><text>In the literature, adherence is often described as a ratio of doses taken to the total number of prescribed doses. However, the usual 80% threshold used to define “good adherence” may differ for specific treatments such as antiretroviral therapies. In line with studies describing the possible heterogeneity across drugs, we considered that medication adherence could not simply be summarized as a unique and identical rate of drug intake for all drugs. However, we did not explore all medication-taking behaviors described in the literature (e.g., drug holidays or extra doses) nor all possible complex adherence patterns, which could be further explored in future studies.</text></passage><passage><infon key="section_type">DISCUSS</infon><infon key="type">paragraph</infon><offset>23103</offset><text>Our findings suggest that for 11.4% (in proportion of reimbursed pill boxes) of the medications assessed, the estimated TURN was more than 2 daily missed doses per week. Some physicians even suggested considering non-adherence as a trigger for de-prescribing some medications with poor benefit-risk ratio. These findings are consistent with a recent survey conducted in the United States in which 2106 physicians reported that 20.6% of overall medical care was unnecessary, including 22.0% of prescription medications.</text></passage><passage><infon key="section_type">CONCL</infon><infon key="type">title_1</infon><offset>23622</offset><text>Conclusions</text></passage><passage><infon key="section_type">CONCL</infon><infon key="type">paragraph</infon><offset>23634</offset><text>Physicians who are dealing with poor medication adherence in their patients need to decide whether they should intervene to change patients’ behaviors. Considering the TURN may lead to a conceptual shift by changing the definition of “good adherence” and by modifying the care goals for patients taking multiple medications. The care goals for patients taking long-term treatments should no longer be necessarily to achieve “perfect adherence”, without regard to the drug of interest, but rather to seek “optimal adherence.” However, the TURN is only one of the components of decision-making: other aspects may affect the threshold for physicians’ intervention such as the drug’s expected benefit, therapeutic outcomes, patients’ treatment experiences and preferences.</text></passage><passage><infon key="section_type">CONCL</infon><infon key="type">paragraph</infon><offset>24423</offset><text>Our study provides a first answer to the question “how much drug non-adherence is acceptable?” However, future research on “how much adherence is enough?” is still needed to help physicians accurately inform their patients, discuss about differential consequences of drug non-adherence, better prioritize interventions, and achieve the desired therapeutic outcomes without putting the patient at risk and without unnecessarily increasing the burden of treatment on patients.</text></passage><passage><infon key="section_type">SUPPL</infon><infon key="type">title_1</infon><offset>24906</offset><text>Supporting information</text></passage><passage><infon key="section_type">REF</infon><infon key="type">title</infon><offset>24929</offset><text>References</text></passage><passage><infon key="fpage">487</infon><infon key="lpage">97</infon><infon key="name_0">surname:Osterberg;given-names:L</infon><infon key="name_1">surname:Blaschke;given-names:T</infon><infon key="pub-id_pmid">16079372</infon><infon key="section_type">REF</infon><infon key="source">N Engl J Med</infon><infon key="type">ref</infon><infon key="volume">353</infon><infon key="year">2005</infon><offset>24940</offset><text>Adherence to medication</text></passage><passage><infon key="fpage">S57</infon><infon key="issue">Suppl 1</infon><infon key="lpage">60</infon><infon key="name_0">surname:Dunbar-Jacob;given-names:J</infon><infon key="name_1">surname:Mortimer-Stephens;given-names:MK</infon><infon key="pub-id_pmid">11750211</infon><infon key="section_type">REF</infon><infon key="source">J Clin Epidemiol</infon><infon key="type">ref</infon><infon key="volume">54</infon><infon key="year">2001</infon><offset>24964</offset><text>Treatment adherence in chronic disease</text></passage><passage><infon key="fpage">15</infon><infon key="name_0">surname:Simpson;given-names:SH</infon><infon key="name_1">surname:Eurich;given-names:DT</infon><infon key="name_2">surname:Majumdar;given-names:SR</infon><infon key="name_3">surname:Padwal;given-names:RS</infon><infon key="name_4">surname:Tsuyuki;given-names:RT</infon><infon key="name_5">surname:Varney;given-names:J</infon><infon key="pub-id_pmid">16790458</infon><infon key="section_type">REF</infon><infon key="source">BMJ</infon><infon key="type">ref</infon><infon key="volume">333</infon><infon key="year">2006</infon><offset>25003</offset><text>A meta-analysis of the association between adherence to drug therapy and mortality</text></passage><passage><infon key="fpage">177</infon><infon key="lpage">86</infon><infon key="name_0">surname:Rasmussen;given-names:JN</infon><infon key="name_1">surname:Chong;given-names:A</infon><infon key="name_2">surname:Alter;given-names:DA</infon><infon key="pub-id_pmid">17213401</infon><infon key="section_type">REF</infon><infon key="source">JAMA</infon><infon key="type">ref</infon><infon key="volume">297</infon><infon key="year">2007</infon><offset>25086</offset><text>Relationship between adherence to evidence-based pharmacotherapy and long-term mortality after acute myocardial infarction</text></passage><passage><infon key="fpage">1836</infon><infon key="lpage">1841</infon><infon key="name_0">surname:Ho;given-names:PM</infon><infon key="name_1">surname:Rumsfeld;given-names:JS</infon><infon key="name_2">surname:Masoudi;given-names:FA</infon><infon key="name_3">surname:McClure;given-names:DL</infon><infon key="name_4">surname:Plomondon;given-names:ME</infon><infon key="name_5">surname:Steiner;given-names:JF</infon><infon key="pub-id_pmid">17000939</infon><infon key="section_type">REF</infon><infon key="source">Arch Intern Med</infon><infon key="type">ref</infon><infon key="volume">166</infon><infon key="year">2006</infon><offset>25209</offset><text>Effect of medication nonadherence on hospitalization and mortality among patients with diabetes mellitus</text></passage><passage><infon key="comment">doi: 10.18553/jmcp.2006.12.3.239</infon><infon key="fpage">239</infon><infon key="lpage">45</infon><infon key="name_0">surname:Bramley;given-names:TJ</infon><infon key="name_1">surname:Gerbino;given-names:PP</infon><infon key="name_2">surname:Nightengale;given-names:BS</infon><infon key="name_3">surname:Frech-Tamas;given-names:F</infon><infon key="pub-id_pmid">16623608</infon><infon key="section_type">REF</infon><infon key="source">J Manag Care Pharm</infon><infon key="type">ref</infon><infon key="volume">12</infon><infon key="year">2006</infon><offset>25314</offset><text>Relationship of blood pressure control to adherence with antihypertensive monotherapy in 13 managed care organizations</text></passage><passage><infon key="fpage">1955</infon><infon key="lpage">6</infon><infon key="name_0">surname:Vanhove;given-names:GF</infon><infon key="name_1">surname:Schapiro;given-names:JM</infon><infon key="name_2">surname:Winters;given-names:MA</infon><infon key="name_3">surname:Merigan;given-names:TC</infon><infon key="name_4">surname:Blaschke;given-names:TF</infon><infon key="pub-id_pmid">8971062</infon><infon key="section_type">REF</infon><infon key="source">JAMA</infon><infon key="type">ref</infon><infon key="volume">276</infon><infon key="year">1996</infon><offset>25433</offset><text>Patient compliance and drug failure in protease inhibitor monotherapy</text></passage><passage><infon key="fpage">617</infon><infon key="lpage">24</infon><infon key="name_0">surname:Smith;given-names:RJ</infon><infon key="pub-id_pmid">16537134</infon><infon key="section_type">REF</infon><infon key="source">Proc Biol Sci</infon><infon key="type">ref</infon><infon key="volume">273</infon><infon key="year">2006</infon><offset>25503</offset><text>Adherence to antiretroviral HIV drugs: how many doses can you miss before resistance emerges?</text></passage><passage><infon key="name_0">surname:Yao;given-names:X</infon><infon key="name_1">surname:Abraham;given-names:NS</infon><infon key="name_2">surname:Alexander;given-names:GC</infon><infon key="name_3">surname:Crown;given-names:W</infon><infon key="name_4">surname:Montori;given-names:VM</infon><infon key="name_5">surname:Sangaralingham;given-names:LR</infon><infon key="pub-id_pmid">26908412</infon><infon key="section_type">REF</infon><infon key="source">J Am Heart Assoc</infon><infon key="type">ref</infon><infon key="volume">5</infon><infon key="year">2016</infon><offset>25597</offset><text>Effect of Adherence to Oral Anticoagulants on Risk of Stroke and Major Bleeding Among Patients With Atrial Fibrillation</text></passage><passage><infon key="fpage">711</infon><infon key="lpage">8</infon><infon key="name_0">surname:Nevins;given-names:TE</infon><infon key="name_1">surname:Thomas;given-names:W</infon><infon key="pub-id_pmid">19295316</infon><infon key="section_type">REF</infon><infon key="source">Transplantation</infon><infon key="type">ref</infon><infon key="volume">87</infon><infon key="year">2009</infon><offset>25717</offset><text>Quantitative patterns of azathioprine adherence after renal transplantation</text></passage><passage><infon key="fpage">1114</infon><infon key="lpage">7</infon><infon key="name_0">surname:Vrijens;given-names:B</infon><infon key="name_1">surname:Vincze;given-names:G</infon><infon key="name_2">surname:Kristanto;given-names:P</infon><infon key="name_3">surname:Urquhart;given-names:J</infon><infon key="name_4">surname:Burnier;given-names:M</infon><infon key="pub-id_pmid">18480115</infon><infon key="section_type">REF</infon><infon key="source">Bmj</infon><infon key="type">ref</infon><infon key="volume">336</infon><infon key="year">2008</infon><offset>25793</offset><text>Adherence to prescribed antihypertensive drug treatments: longitudinal study of electronically compiled dosing histories</text></passage><passage><infon key="fpage">CD000011</infon><infon key="name_0">surname:Nieuwlaat;given-names:R</infon><infon key="name_1">surname:Wilczynski;given-names:N</infon><infon key="name_2">surname:Navarro;given-names:T</infon><infon key="name_3">surname:Hobson;given-names:N</infon><infon key="name_4">surname:Jeffery;given-names:R</infon><infon key="name_5">surname:Keepanasseril;given-names:A</infon><infon key="pub-id_pmid">25412402</infon><infon key="section_type">REF</infon><infon key="source">Cochrane Database Syst Rev</infon><infon key="type">ref</infon><infon key="year">2014</infon><offset>25914</offset><text>Interventions for enhancing medication adherence</text></passage><passage><infon key="fpage">926</infon><infon key="lpage">30</infon><infon key="name_0">surname:Steiner;given-names:JF</infon><infon key="name_1">surname:Earnest;given-names:MA</infon><infon key="pub-id_pmid">10836931</infon><infon key="section_type">REF</infon><infon key="source">Ann Intern Med</infon><infon key="type">ref</infon><infon key="volume">132</infon><infon key="year">2000</infon><offset>25963</offset><text>The language of medication-taking</text></passage><passage><infon key="fpage">942</infon><infon key="lpage">4</infon><infon key="name_0">surname:Gulick;given-names:RM</infon><infon key="pub-id_pmid">16941381</infon><infon key="section_type">REF</infon><infon key="source">Clin Infect Dis</infon><infon key="type">ref</infon><infon key="volume">43</infon><infon key="year">2006</infon><offset>25997</offset><text>Adherence to antiretroviral therapy: how much is enough?</text></passage><passage><infon key="fpage">68</infon><infon key="name_0">surname:Tran;given-names:VT</infon><infon key="name_1">surname:Montori;given-names:VM</infon><infon key="name_2">surname:Eton;given-names:DT</infon><infon key="name_3">surname:Baruch;given-names:D</infon><infon key="name_4">surname:Falissard;given-names:B</infon><infon key="name_5">surname:Ravaud;given-names:P</infon><infon key="pub-id_pmid">22762722</infon><infon key="section_type">REF</infon><infon key="source">BMC Med</infon><infon key="type">ref</infon><infon key="volume">10</infon><infon key="year">2012</infon><offset>26054</offset><text>Development and description of measurement properties of an instrument to assess treatment burden among patients with multiple chronic conditions</text></passage><passage><infon key="fpage">457</infon><infon key="lpage">9</infon><infon key="name_0">surname:Osterberg;given-names:LG</infon><infon key="name_1">surname:Urquhart;given-names:J</infon><infon key="name_2">surname:Blaschke;given-names:TF</infon><infon key="pub-id_pmid">20856243</infon><infon key="section_type">REF</infon><infon key="source">Clin Pharmacol Ther</infon><infon key="type">ref</infon><infon key="volume">88</infon><infon key="year">2010</infon><offset>26200</offset><text>Understanding forgiveness: minding and mining the gaps between pharmacokinetics and therapeutics</text></passage><passage><infon key="fpage">e010510</infon><infon key="name_0">surname:Sidorkiewicz;given-names:S</infon><infon key="name_1">surname:Tran;given-names:VT</infon><infon key="name_2">surname:Cousyn;given-names:C</infon><infon key="name_3">surname:Perrodeau;given-names:E</infon><infon key="name_4">surname:Ravaud;given-names:P</infon><infon key="pub-id_pmid">27165645</infon><infon key="section_type">REF</infon><infon key="source">BMJ Open</infon><infon key="type">ref</infon><infon key="volume">6</infon><infon key="year">2016</infon><offset>26297</offset><text>Development and validation of an instrument to assess treatment adherence for each individual drug taken by a patient</text></passage><passage><infon key="fpage">10</infon><infon key="lpage">1</infon><infon key="name_0">surname:Urquhart;given-names:J</infon><infon key="pub-id_pmid">8668655</infon><infon key="section_type">REF</infon><infon key="source">Pharm Res</infon><infon key="type">ref</infon><infon key="volume">13</infon><infon key="year">1996</infon><offset>26415</offset><text>How much compliance is enough?</text></passage><passage><infon key="fpage">149</infon><infon key="lpage">56</infon><infon key="name_0">surname:Maclean;given-names:JR</infon><infon key="name_1">surname:Pfister;given-names:M</infon><infon key="name_2">surname:Zhou;given-names:Z</infon><infon key="name_3">surname:Roy;given-names:A</infon><infon key="name_4">surname:Tuomari;given-names:VA</infon><infon key="name_5">surname:Heifets;given-names:M</infon><infon key="pub-id_pmid">21691585</infon><infon key="section_type">REF</infon><infon key="source">Ther Clin Risk Manag</infon><infon key="type">ref</infon><infon key="volume">7</infon><infon key="year">2011</infon><offset>26446</offset><text>Quantifying the impact of nonadherence patterns on exposure to oral immunosuppressants</text></passage><passage><infon key="fpage">2</infon><infon key="lpage">3</infon><infon key="name_0">surname:Schroeder;given-names:K</infon><infon key="name_1">surname:Fahey;given-names:T</infon><infon key="name_2">surname:Ebrahim;given-names:S</infon><infon key="name_3">surname:Peters;given-names:TJ</infon><infon key="pub-id_pmid">15019004</infon><infon key="section_type">REF</infon><infon key="source">J Clin Epidemiol</infon><infon key="type">ref</infon><infon key="volume">57</infon><infon key="year">2004</infon><offset>26533</offset><text>Adherence to long-term therapies: recent WHO report provides some answers but poses even more questions</text></passage><passage><infon key="fpage">645</infon><infon key="lpage">653</infon><infon key="name_0">surname:Stauffer;given-names:ME</infon><infon key="name_1">surname:Hutson;given-names:P</infon><infon key="name_2">surname:Kaufman;given-names:AS</infon><infon key="name_3">surname:Morrison;given-names:A</infon><infon key="pub-id_pmid">29076037</infon><infon key="section_type">REF</infon><infon key="source">Drugs R D</infon><infon key="type">ref</infon><infon key="volume">17</infon><infon key="year">2017</infon><offset>26637</offset><text>The Adherence Rate Threshold is Drug Specific</text></passage><passage><infon key="name_0">surname:Morrison;given-names:A</infon><infon key="name_1">surname:Stauffer;given-names:ME</infon><infon key="name_2">surname:Kaufman;given-names:AS</infon><infon key="pub-id_pmid">28470545</infon><infon key="section_type">REF</infon><infon key="source">Clin Pharmacokinet</infon><infon key="type">ref</infon><infon key="year">2017</infon><offset>26683</offset><text>Relationship Between Adherence Rate Threshold and Drug “Forgiveness</text></passage><passage><infon key="fpage">e00004</infon><infon key="name_0">surname:Assawasuwannakit;given-names:P</infon><infon key="name_1">surname:Braund;given-names:R</infon><infon key="name_2">surname:Duffull;given-names:SB</infon><infon key="pub-id_pmid">26225235</infon><infon key="section_type">REF</infon><infon key="source">CPT Pharmacometrics Syst Pharmacol</infon><infon key="type">ref</infon><infon key="volume">4</infon><infon key="year">2015</infon><offset>26753</offset><text>Quantification of the Forgiveness of Drugs to Imperfect Adherence</text></passage><passage><infon key="fpage">1</infon><infon key="lpage">6</infon><infon key="name_0">surname:Boissel;given-names:JP</infon><infon key="name_1">surname:Nony;given-names:P</infon><infon key="pub-id_pmid">11825093</infon><infon key="section_type">REF</infon><infon key="source">Clin Pharmacokinet</infon><infon key="type">ref</infon><infon key="volume">41</infon><infon key="year">2002</infon><offset>26819</offset><text>Using pharmacokinetic-pharmacodynamic relationships to predict the effect of poor compliance</text></passage><passage><infon key="fpage">441</infon><infon key="lpage">6</infon><infon key="name_0">surname:Denhaerynck;given-names:K</infon><infon key="name_1">surname:Burkhalter;given-names:F</infon><infon key="name_2">surname:Schäfer-Keller;given-names:P</infon><infon key="name_3">surname:Steiger;given-names:J</infon><infon key="name_4">surname:Bock;given-names:A</infon><infon key="name_5">surname:De Geest;given-names:S</infon><infon key="pub-id_pmid">19144090</infon><infon key="section_type">REF</infon><infon key="source">Transpl Int</infon><infon key="type">ref</infon><infon key="volume">22</infon><infon key="year">2009</infon><offset>26912</offset><text>Clinical consequences of non adherence to immunosuppressive medication in kidney transplant patients</text></passage><passage><infon key="fpage">2871</infon><infon key="lpage">83</infon><infon key="name_0">surname:Prihodova;given-names:L</infon><infon key="name_1">surname:Nagyova;given-names:I</infon><infon key="name_2">surname:Rosenberger;given-names:J</infon><infon key="name_3">surname:Majernikova;given-names:M</infon><infon key="name_4">surname:Roland;given-names:R</infon><infon key="name_5">surname:Groothoff;given-names:JW</infon><infon key="pub-id_pmid">24853863</infon><infon key="section_type">REF</infon><infon key="source">J Adv Nurs</infon><infon key="type">ref</infon><infon key="volume">70</infon><infon key="year">2014</infon><offset>27013</offset><text>Adherence in patients in the first year after kidney transplantation and its impact on graft loss and mortality: a cross-sectional and prospective study</text></passage><passage><infon key="fpage">234</infon><infon key="lpage">5</infon><infon key="name_0">surname:Emsley;given-names:R</infon><infon key="pub-id_pmid">24096786</infon><infon key="section_type">REF</infon><infon key="source">World Psychiatry</infon><infon key="type">ref</infon><infon key="volume">12</infon><infon key="year">2013</infon><offset>27166</offset><text>Non-adherence and its consequences: understanding the nature of relapse</text></passage><passage><infon key="fpage">3028</infon><infon key="lpage">35</infon><infon key="name_0">surname:Ho;given-names:PM</infon><infon key="name_1">surname:Bryson;given-names:CL</infon><infon key="name_2">surname:Rumsfeld;given-names:JS</infon><infon key="pub-id_pmid">19528344</infon><infon key="section_type">REF</infon><infon key="source">Circulation</infon><infon key="type">ref</infon><infon key="volume">119</infon><infon key="year">2009</infon><offset>27238</offset><text>Medication adherence: its importance in cardiovascular outcomes</text></passage><passage><infon key="fpage">87</infon><infon key="lpage">91</infon><infon key="name_0">surname:Opel;given-names:DJ</infon><infon key="name_1">surname:Taylor;given-names:JA</infon><infon key="name_2">surname:Phillipi;given-names:CA</infon><infon key="name_3">surname:Diekema;given-names:DS</infon><infon key="pub-id_pmid">24340407</infon><infon key="section_type">REF</infon><infon key="source">Hosp Pediatr</infon><infon key="type">ref</infon><infon key="volume">3</infon><infon key="year">2013</infon><offset>27302</offset><text>The intersection of evidence and values in clinical guidelines: who decides what constitutes acceptable risk in the care of children?</text></passage><passage><infon key="fpage">1218</infon><infon key="lpage">22</infon><infon key="name_0">surname:Devereaux;given-names:PJ</infon><infon key="name_1">surname:Anderson;given-names:DR</infon><infon key="name_2">surname:Gardner;given-names:MJ</infon><infon key="name_3">surname:Putnam;given-names:W</infon><infon key="name_4">surname:Flowerdew;given-names:GJ</infon><infon key="name_5">surname:Brownell;given-names:BF</infon><infon key="pub-id_pmid">11719412</infon><infon key="section_type">REF</infon><infon key="source">Bmj</infon><infon key="type">ref</infon><infon key="volume">323</infon><infon key="year">2001</infon><offset>27436</offset><text>Differences between perspectives of physicians and patients on anticoagulation in patients with atrial fibrillation: observational study</text></passage><passage><infon key="fpage">127</infon><infon key="lpage">152</infon><infon key="name_0">surname:Fischhoff;given-names:B</infon><infon key="name_1">surname:Slovic;given-names:P</infon><infon key="name_2">surname:Lichtenstein;given-names:S</infon><infon key="name_3">surname:Read;given-names:S</infon><infon key="name_4">surname:Combs;given-names:B</infon><infon key="section_type">REF</infon><infon key="source">Policy Sciences</infon><infon key="type">ref</infon><infon key="volume">9</infon><infon key="year">1978</infon><offset>27573</offset><text>How safe is safe enough? A psychometric study of attitudes towards technological risks and benefits</text></passage><passage><infon key="fpage">148</infon><infon key="lpage">170</infon><infon key="name_0">surname:Goodman Lea;given-names:A</infon><infon key="section_type">REF</infon><infon key="source">Annals of Mathematical Statistics</infon><infon key="type">ref</infon><infon key="volume">32</infon><infon key="year">1961</infon><offset>27673</offset><text>Snowball Sampling</text></passage><passage><infon key="section_type">REF</infon><infon key="type">ref</infon><offset>27691</offset><text>WHO Collaborating Centre for Drug Statistics Methodology. ATC/DDD Index 2017 [Internet]. 2017. Available: https://www.whocc.no/atc_ddd_index/</text></passage><passage><infon key="fpage">34</infon><infon key="lpage">7</infon><infon key="name_0">surname:Tubach;given-names:F</infon><infon key="name_1">surname:Ravaud;given-names:P</infon><infon key="name_2">surname:Baron;given-names:G</infon><infon key="name_3">surname:Falissard;given-names:B</infon><infon key="name_4">surname:Logeart;given-names:I</infon><infon key="name_5">surname:Bellamy;given-names:N</infon><infon key="pub-id_pmid">15130902</infon><infon key="section_type">REF</infon><infon key="source">Ann Rheum Dis</infon><infon key="type">ref</infon><infon key="volume">64</infon><infon key="year">2005</infon><offset>27833</offset><text>Evaluation of clinically relevant states in patient reported outcomes in knee and hip osteoarthritis: the patient acceptable symptom state</text></passage><passage><infon key="fpage">21</infon><infon key="lpage">30</infon><infon key="name_0">surname:Paterson;given-names:DL</infon><infon key="name_1">surname:Swindells;given-names:S</infon><infon key="name_2">surname:Mohr;given-names:J</infon><infon key="name_3">surname:Brester;given-names:M</infon><infon key="name_4">surname:Vergis;given-names:EN</infon><infon key="name_5">surname:Squier;given-names:C</infon><infon key="pub-id_pmid">10877736</infon><infon key="section_type">REF</infon><infon key="source">Ann Intern Med</infon><infon key="type">ref</infon><infon key="volume">133</infon><infon key="year">2000</infon><offset>27972</offset><text>Adherence to protease inhibitor therapy and outcomes in patients with HIV infection</text></passage><passage><infon key="fpage">285</infon><infon key="lpage">91</infon><infon key="name_0">surname:Wu;given-names:JR</infon><infon key="name_1">surname:Moser;given-names:DK</infon><infon key="name_2">surname:De Jong;given-names:MJ</infon><infon key="name_3">surname:Rayens;given-names:MK</infon><infon key="name_4">surname:Chung;given-names:ML</infon><infon key="name_5">surname:Riegel;given-names:B</infon><infon key="pub-id_pmid">19185635</infon><infon key="section_type">REF</infon><infon key="source">Am Heart J</infon><infon key="type">ref</infon><infon key="volume">157</infon><infon key="year">2009</infon><offset>28056</offset><text>Defining an evidence-based cutpoint for medication adherence in heart failure</text></passage><passage><infon key="fpage">e0181970</infon><infon key="name_0">surname:Lyu;given-names:H</infon><infon key="name_1">surname:Xu;given-names:T</infon><infon key="name_2">surname:Brotman;given-names:D</infon><infon key="name_3">surname:Mayer-Blackwell;given-names:B</infon><infon key="name_4">surname:Cooper;given-names:M</infon><infon key="name_5">surname:Daniel;given-names:M</infon><infon key="pub-id_pmid">28877170</infon><infon key="section_type">REF</infon><infon key="source">PLoS One</infon><infon key="type">ref</infon><infon key="volume">12</infon><infon key="year">2017</infon><offset>28134</offset><text>Overtreatment in the United States</text></passage></document></collection>
