<?xml version="1.0" encoding="UTF-8"?>
<!DOCTYPE collection SYSTEM "BioC.dtd">
<collection><source>PMC</source><date>20201216</date><key>pmc.key</key><document><id>6874023</id><infon key="license">CC BY</infon><passage><infon key="alt-title">Predicting Short-Term Discontinuation of Docetaxel in mCRPC</infon><infon key="article-id_doi">10.1200/CCI.17.00018</infon><infon key="article-id_pmc">6874023</infon><infon key="article-id_pmid">30657384</infon><infon key="article-id_publisher-id">1700018</infon><infon key="elocation-id">CCI.17.00018</infon><infon key="license">Licensed under the Creative Commons Attribution 4.0 License: http://creativecommons.org/licenses/by/4.0/</infon><infon key="name_0">surname:Seyednasrollah;given-names:Fatemeh</infon><infon key="name_1">surname:Koestler;given-names:Devin C.</infon><infon key="name_10">surname:Kanigel Winner;given-names:Kimberly</infon><infon key="name_11">surname:Bare;given-names:Chris</infon><infon key="name_12">surname:Neto;given-names:Elias Chaibub</infon><infon key="name_13">surname:Yu;given-names:Thomas</infon><infon key="name_14">surname:Shen;given-names:Liji</infon><infon key="name_15">surname:Abdallah;given-names:Kald</infon><infon key="name_16">surname:Norman;given-names:Thea</infon><infon key="name_17">surname:Stolovitzky;given-names:Gustavo</infon><infon key="name_18">surname:Soule;given-names:Howard R.</infon><infon key="name_19">surname:Sweeney;given-names:Christopher J.</infon><infon key="name_2">surname:Wang;given-names:Tao</infon><infon key="name_20">surname:Ryan;given-names:Charles J.</infon><infon key="name_21">surname:Scher;given-names:Howard I.</infon><infon key="name_22">surname:Sartor;given-names:Oliver</infon><infon key="name_23">surname:Elo;given-names:Laura L.</infon><infon key="name_24">surname:Zhou;given-names:Fang Liz</infon><infon key="name_25">surname:Guinney;given-names:Justin</infon><infon key="name_26">surname:Costello;given-names:James C.</infon><infon key="name_3">surname:Piccolo;given-names:Stephen R.</infon><infon key="name_4">surname:Vega;given-names:Roberto</infon><infon key="name_5">surname:Greiner;given-names:Russell</infon><infon key="name_6">surname:Fuchs;given-names:Christiane</infon><infon key="name_7">surname:Gofer;given-names:Eyal</infon><infon key="name_8">surname:Kumar;given-names:Luke</infon><infon key="name_9">surname:Wolfinger;given-names:Russell D.</infon><infon key="section_type">TITLE</infon><infon key="type">front</infon><infon key="volume">1</infon><infon key="year">2017</infon><offset>0</offset><text>A DREAM Challenge to Build Prediction Models for Short-Term Discontinuation of Docetaxel in Metastatic Castration-Resistant Prostate Cancer</text></passage><passage><infon key="section_type">ABSTRACT</infon><infon key="type">abstract_title_1</infon><offset>140</offset><text>Purpose</text></passage><passage><infon key="section_type">ABSTRACT</infon><infon key="type">abstract</infon><offset>148</offset><text>Docetaxel has a demonstrated survival benefit for patients with metastatic castration-resistant prostate cancer (mCRPC); however, 10% to 20% of patients discontinue docetaxel prematurely because of toxicity-induced adverse events, and the management of risk factors for toxicity remains a challenge.</text></passage><passage><infon key="section_type">ABSTRACT</infon><infon key="type">abstract_title_1</infon><offset>448</offset><text>Patients and Methods</text></passage><passage><infon key="section_type">ABSTRACT</infon><infon key="type">abstract</infon><offset>469</offset><text>The comparator arms of four phase III clinical trials in first-line mCRPC were collected, annotated, and compiled, with a total of 2,070 patients. Early discontinuation was defined as treatment stoppage within 3 months as a result of adverse treatment effects; 10% of patients discontinued treatment. We designed an open-data, crowd-sourced DREAM Challenge for developing models with which to predict early discontinuation of docetaxel treatment. Clinical features for all four trials and outcomes for three of the four trials were made publicly available, with the outcomes of the fourth trial held back for unbiased model evaluation. Challenge participants from around the world trained models and submitted their predictions. Area under the precision-recall curve was the primary metric used for performance assessment.</text></passage><passage><infon key="section_type">ABSTRACT</infon><infon key="type">abstract_title_1</infon><offset>1292</offset><text>Results</text></passage><passage><infon key="section_type">ABSTRACT</infon><infon key="type">abstract</infon><offset>1300</offset><text>In total, 34 separate teams submitted predictions. Seven models with statistically similar area under precision-recall curves (Bayes factor ≤ 3) outperformed all other models. A postchallenge analysis of risk prediction using these seven models revealed three patient subgroups: high risk, low risk, or discordant risk. Early discontinuation events were two times higher in the high-risk subgroup compared with the low-risk subgroup. Simulation studies demonstrated that use of patient discontinuation prediction models could reduce patient enrollment in clinical trials without the loss of statistical power.</text></passage><passage><infon key="section_type">ABSTRACT</infon><infon key="type">abstract_title_1</infon><offset>1912</offset><text>Conclusion</text></passage><passage><infon key="section_type">ABSTRACT</infon><infon key="type">abstract</infon><offset>1923</offset><text>This work represents a successful collaboration between 34 international teams that leveraged open clinical trial data. Our results demonstrate that routinely collected clinical features can be used to identify patients with mCRPC who are likely to discontinue treatment because of adverse events and establishes a robust benchmark with implications for clinical trial design.</text></passage><passage><infon key="section_type">INTRO</infon><infon key="type">title_1</infon><offset>2300</offset><text>INTRODUCTION</text></passage><passage><infon key="section_type">INTRO</infon><infon key="type">paragraph</infon><offset>2313</offset><text>Despite decades of research and advances in treatment, the long-term prognosis of metastatic castration-resistant prostate cancer (mCRPC) remains poor. Docetaxel was the first cytotoxic drug to improve survival and quality of life in patients with mCRPC and has remained a standard first-line chemotherapy for the treatment of mCRPC. Although several clinical trials have confirmed the population-level survival and palliative benefits of docetaxel, a significant fraction of patients do not respond to docetaxel, and within approximately 8 months, nearly all patients become resistant to treatment or stop therapy. Of patients who initially experience a response to docetaxel, 10% to 20% prematurely discontinue as a result of toxicity-induced adverse events (AEs) that include anemia, (febrile) neutropenia, fatigue, GI complications, and neuropathies. Managing the risk factors for toxicity is a major challenge, as they may diminish a patient’s quality of life without extending it.</text></passage><passage><infon key="section_type">INTRO</infon><infon key="type">paragraph</infon><offset>3302</offset><text>As docetaxel-based chemotherapy continues to play an important role in the treatment of mCRPC and, more recently, hormone-sensitive metastatic prostate cancer, it is important to prospectively identify patients for whom a docetaxel-based regimen is likely to be poorly tolerated and to result in AE and potentially early treatment failure. In particular, such knowledge could be used to identify patients for pre-emptive clinical interventions and/or supportive care before chemotherapy or to direct patients to alternative treatment regimens. In addition, establishing quantitative benchmarks for identifying patients who are at high risk for early treatment discontinuation can be used to facilitate more efficient clinical trial design. Prognostic models to predict overall patient survival in mCRPC have been previously described; however, whether early treatment discontinuation as a result of adverse events can be predicted on the basis of a patient’s baseline clinical characteristics remains an unanswered question. Within the clinical trial data used in this study, approximately 10% of patients with mCRPC discontinued treatment within 3 months of starting docetaxel. Given this low percentage of patients, access to a sufficiently powered data set is a major factor in being able to address the question of whether treatment discontinuation can be predicted.</text></passage><passage><infon key="section_type">INTRO</infon><infon key="type">paragraph</infon><offset>4675</offset><text>Here, we report the results from the Prostate Cancer DREAM (Dialogue for Reverse Engineering Assessment and Methodology) Challenge, the first crowd-sourced competition in mCRPC. The aim of this challenge was to determine whether baseline clinical characteristics can be used to predict patients who will discontinue their docetaxel-based treatment because of adverse events. This challenge builds on the open clinical trial data initiative of Project Data Sphere, LLC, a nonprofit initiative of the CEO Roundtable on Cancer’s Life Consortium. The comparator arms of four phase III clinical trials with a total of 2,070 patients were collected, cleaned, annotated, and made public, removing the privacy and legal barriers for open data access. During a 5-month period, 34 teams from around the world worked independently to address the challenge, which resulted in novel models for the prediction of discontinuation and identification of clinical variables that are associated with treatment discontinuation. We also demonstrate how clinical trial design can be optimized through the use of these models. Finally, we present a new paradigm for addressing challenges in biomedical clinical informatics through a postchallenge, community-based collaboration between challenge organizers and participating teams to evaluate and refine risk prediction models.</text></passage><passage><infon key="section_type">METHODS</infon><infon key="type">title_1</infon><offset>6032</offset><text>PATIENTS AND METHODS</text></passage><passage><infon key="section_type">METHODS</infon><infon key="type">title_2</infon><offset>6053</offset><text>Trial Selection, Patient Population, and Data Processing</text></passage><passage><infon key="section_type">METHODS</infon><infon key="type">paragraph</infon><offset>6110</offset><text>Data used in this challenge were compiled on the basis of provider-deidentified comparator arms of four phase III prostate cancer clinical trials (ASCENT2: n = 476, 105 patients discontinued docetaxel within 3 months as a result of AE or possible AE; VENICE: n = 598, 51 discontinued patients; MAILSAIL: n = 526, 41 discontinued patients; and ENTHUSE 33: n = 470, 49 discontinued patients). All trials were randomized and shared similar inclusion and exclusion criteria. Eligible patients included those with progressive mCRPC, no previous chemotherapy, and an Eastern Cooperative Oncology Group (ECOG) performance status of 0 to 2. Detailed inclusion and exclusion criteria of each trial can be found in Guinney et al and the Data Supplement. In total, data used in this challenge consisted of 2,070 patients with first-line mCRPC who were treated with a docetaxel-based treatment regimen. A total of 129 baseline clinical variables were compiled for each trial with details of data curation provided in the Data Supplement.</text></passage><passage><infon key="section_type">METHODS</infon><infon key="type">title_2</infon><offset>7136</offset><text>Patient Discontinuation</text></passage><passage><infon key="section_type">METHODS</infon><infon key="type">paragraph</infon><offset>7160</offset><text>The outcome variable—treatment discontinuation—was derived from two factors: reason for treatment discontinuation (Data Supplement) and the time from treatment initiation to discontinuation. Discontinuation of treatment was evaluated for the first 3 months of treatment or the first four cycles (12 weeks) of treatment in a 10-cycle regimen (3 weeks per cycle). Patients were labeled as discontinued if, and only if, they discontinued treatment as a result of AE or possible AE within 3 months (91.5 days) after beginning treatment. The number and percentage of patients who were assigned to a detailed list of categories are provided in the Data Supplement.</text></passage><passage><infon key="section_type">METHODS</infon><infon key="type">title_2</infon><offset>7823</offset><text>Challenge Design, Scoring, and Evaluation</text></passage><passage><infon key="section_type">METHODS</infon><infon key="type">paragraph</infon><offset>7865</offset><text>The challenge was hosted and managed on the free, cloud-based Synapse platform.</text></passage><passage><infon key="section_type">METHODS</infon><infon key="type">paragraph</infon><offset>7945</offset><text>ASCENT2, VENICE, and MAINSAIL data sets—clinical features and outcome—were combined to create the training data set (n = 1,600). The outcome variable for the ENTHUSE 33 data (n = 470) was withheld and used as an independent validation set to evaluate model prediction performance. Teams were tasked with developing models to predict early discontinuation of docetaxel as a result of AE or possible AE (Data Supplement). A team’s prediction was a ranked list of risk scores for all patients in the ENTHUSE 33 data; teams were allowed two submissions. Risk scores that were submitted by each team were evaluated and ranked by using the area under the precision-recall curve (AUPRC). (NOTE. Precision = positive predictive value and recall = sensitivity.) AUPRC was selected over the area under the receiver operating characteristic curve (AUROC) to take into account the highly skewed distribution of classes (10% to 20% of patients discontinuing treatment). AUPRC, unlike AUROC, emphasizes the ability of a model to predict patients who discontinue treatment (true positives) and is recommended for imbalanced data.</text></passage><passage><infon key="section_type">METHODS</infon><infon key="type">paragraph</infon><offset>9066</offset><text>The following criteria were used to determine the top teams and models: prediction performance was significantly better than a random prediction model, and performance was statistically indistinguishable compared with the model that achieved the highest AUPRC score. One-sided P values were computed as the probability of observing an AUPRC under the null distribution that was at least as large as the AUPRC obtained for a given team, then corrected for multiple hypothesis testing. To assess whether consecutively ranked models were distinguishable in terms of their AUPRC score, the Bayes factor was computed between each model and the top-ranked model. Submissions with a Bayes factor of &lt; 3 were determined to be statistically indistinguishable as suggested by Kass and Raftery. The Bayes factor method generates a bootstrapped performance distribution between two models, where a Bayes factor of 3, for example, means that the first method outperformed the second method at a 3-to-1 ratio. Additional details can be found in the Data Supplement.</text></passage><passage><infon key="section_type">METHODS</infon><infon key="type">paragraph</infon><offset>10118</offset><text>Risk scores submitted by each team were also subjected to a cumulative lift chart analysis (Data Supplement). For each team and model, we summarized the results by computing the area under the lift ratio curve and the lift ratio among patients with the highest predicted risk of early treatment discontinuation (top 5%, 10%, and 20%).</text></passage><passage><infon key="section_type">METHODS</infon><infon key="type">title_2</infon><offset>10453</offset><text>Postchallenge Community Collaboration to Improve Patient Risk Predictions</text></passage><passage><infon key="section_type">METHODS</infon><infon key="type">paragraph</infon><offset>10527</offset><text>After the completion of the challenge, hierarchical clustering was performed over the ranked patient risk scores to find a consensus pattern among the top-performing teams to identify patients who were at high or low risk of developing AEs. Unsupervised hierarchical clustering was performed by using the Manhattan distance and Ward agglomerative clustering. In addition to concordant high- and low-risk patients, we found a group of patients without any consensus risk stratification across the models, which is referred to as the discordant group. The elbow method was used to determine the number of clusters for patients; we calculated the within-group variation for different numbers of clusters, ranging from 1 to 10. The optimal number of clusters was determined at the point where the variation begins to flatten, arriving at three clusters.</text></passage><passage><infon key="section_type">METHODS</infon><infon key="type">paragraph</infon><offset>11377</offset><text>To improve patient risk predictions, an ensemble-based prediction model was generated as the weighted average of the top seven models (Data Supplement). To calculate a team’s weight, each team trained their models on 70% of randomly sampled patients from the ASCENT2, VENICE, and MAINSAIL trials, then predicted risk scores for the remaining 30% of patients. This team performance established team weights. Finally, this ensemble approach was applied to the ENTHUSE 33 data and compared with individual model performances.</text></passage><passage><infon key="section_type">METHODS</infon><infon key="type">title_2</infon><offset>11902</offset><text>Clinical Trial Model Simulations</text></passage><passage><infon key="section_type">METHODS</infon><infon key="type">paragraph</infon><offset>11935</offset><text>A simulation study was conducted to quantify the benefit of incorporating patient risk for early treatment discontinuation into patient selection in terms of the sample size requirements for clinical trials (Data Supplement). We assumed a balanced two-arm randomized controlled trial—1-to-1 random assignment between treatment and control arms—and survival time as the end point. We used data from the ENTHUSE 33 trial to inform simulation parameters, then simulated 100 independent data sets in 10,000 patients using the survsim package in R. These data were used to estimate the sample size that was required to detect a survival difference (hazard ratio [HR], 1.3, 1.4, …, 2.0) between the groups at 80% statistical power and a false positive rate of 5%. Patients who were identified as being at risk for early discontinuation were excluded from random assignment, assuming different accuracies (0%, 25%, 50%, 75%, and 100%) of the baseline prediction models at identifying true cases of early discontinuation.</text></passage><passage><infon key="section_type">METHODS</infon><infon key="type">title_2</infon><offset>12955</offset><text>Data and Method Availability</text></passage><passage><infon key="section_type">METHODS</infon><infon key="type">paragraph</infon><offset>12984</offset><text>Clinical trial data can be accessed at Project Data Sphere, LLC. Method write-ups, code, and predictions for all teams are reported in the Data Supplement. Challenge documentation, overall results, scoring scripts, and data dictionary can be found at Synapse.</text></passage><passage><infon key="section_type">RESULTS</infon><infon key="type">title_1</infon><offset>13244</offset><text>RESULTS</text></passage><passage><infon key="section_type">RESULTS</infon><infon key="type">paragraph</infon><offset>13252</offset><text>The overall challenge design is illustrated in Fig 1. Across all trials, a total of 129 baseline clinical variables were made available. Although the majority of baseline clinical variables were consistent across the four trials, notable differences in the distribution of binary clinical features—primarily lesion sites—were observed (Table 1 and Data Supplement). The frequency of early discontinuation events was similar between training and validation sets (12% v 10% of patients, respectively), but varied across individual trials (Fig 2).</text></passage><passage><infon key="file">CCI.17.00018f1.jpg</infon><infon key="id">F1</infon><infon key="section_type">FIG</infon><infon key="type">fig_caption</infon><offset>13801</offset><text>Study design. Data were acquired from Project Data Sphere Cancer Research Platform and centrally curated by the organizing team to create a standardized data set across the four studies. Three of the studies (ASCENT2, VENICE, and MAINSAIL) were selected as training sets, and a fourth data set (ENTHUSE 33) was withheld as a validation set. Teams submitted risk scores for evaluation in the validation set, which were scored and ranked by using the area under the precision-recall curve (AUPRC). The vertical dashed line in the rightmost panel represents the bootstrap estimate of the fraction of discontinuation events in the ENTHUSE33 dataset. (NOTE. Precision = positive predictive value, recall = sensitivity.) ALB, albumin; ALP, alkaline phosphatase; BMI, body mass index; HB, hemoglobin; mCRPC, metastatic castration-resistant prostate cancer; MI, myocardial infarction; TURP, transurethral resection of the prostate.</text></passage><passage><infon key="file"></infon><infon key="id">T1</infon><infon key="section_type">TABLE</infon><infon key="type">table_caption</infon><offset>14725</offset><text>Summary of Selected Baseline Clinical Characteristics Across Trials</text></passage><passage><infon key="file">CCI.17.00018f2.jpg</infon><infon key="id">F2</infon><infon key="section_type">FIG</infon><infon key="type">fig_caption</infon><offset>14793</offset><text>Rate and frequency of treatment discontinuation across trials. (A) Trial-specific cumulative incidence functions for treatment discontinuation as a result of adverse events or possible adverse events (solid lines) and death (dotted lines). (B) Fraction of patients with metastatic castration-resistant prostate cancer who discontinued treatment ≤ 3 months after initiation because of adverse events or possible adverse events.</text></passage><passage><infon key="section_type">RESULTS</infon><infon key="type">paragraph</infon><offset>15222</offset><text>A total of 34 independent, international teams made 61 submissions to the challenge. A summary of each team’s approach is provided in the Data Supplement. Among teams that responded to a postchallenge survey, the five most common clinical features used in prediction models were hemoglobin (HB), alkaline phosphatase (ALP), AST, prostate-specific antigen (PSA), and ECOG performance status (Fig 3).</text></passage><passage><infon key="file">CCI.17.00018f3.jpg</infon><infon key="id">F3</infon><infon key="section_type">FIG</infon><infon key="type">fig_caption</infon><offset>15623</offset><text>Most frequent clinical features used across all prediction models. Abbreviated terms are provided in the Data Supplement.</text></passage><passage><infon key="section_type">RESULTS</infon><infon key="type">paragraph</infon><offset>15745</offset><text>For evaluating team performance on the task of predicting patient discontinuation using imbalanced data (10% to 20% discontinue rate), we chose AUPRC (additional details provided in Patients and Methods and the Data Supplement). Across all submissions, AUPRC ranged between 0.088 and 0.178 (AUROC ranged between 0.55 and 0.60), with 0.104 representing the expected AUPRC for a random prediction model, which is reflective of the 10% rate of discontinuation observed in the ENTHUSE 33 trial (Fig 2 and Data Supplement). Of the 34 teams, 30 performed better than random, with seven teams performing significantly better than a random model (adjusted P &lt; .10). In rank order, teams Yuanfang Guan, TYTDreamChallenge, PC LEARN, JayHawks, Brigham Young University, jls, and A Bavarian Dream achieved AUPRCs that were within a Bayes factor of 3 (Data Supplement); thus, these seven teams were identified as the challenge top performers.</text></passage><passage><infon key="section_type">RESULTS</infon><infon key="type">paragraph</infon><offset>16675</offset><text>A cumulative lift chart analysis was performed on each submission to provide context for their associated risk predictions. Across the top seven models, the average measure of 1.34 represents a 34% improvement in predicting short-term discontinuation compared with no risk predictions being made (Data Supplement). Restricting the above analysis to the top 10% of patients with the highest predicted risk revealed that models improved the identification of early discontinuation events by a factor of two, on average, when compared with no risk predictions being made (Data Supplement).</text></passage><passage><infon key="section_type">RESULTS</infon><infon key="type">paragraph</infon><offset>17262</offset><text>To compare the risk predictions generated by the top seven performers, we hierarchically clustered the ranked patient risk scores, which resulted in three groups of patients: patients who were consistently predicted to be at high risk of early discontinuation (concordant high risk; n = 50), patients with a consistent low risk of early discontinuation (concordant low risk; n = 170), and patients with discordant risk scores (discordant risk; n = 234 patients; Fig 4A). A nearly two-fold increase in cumulative incidence of early discontinuation was observed when the high-risk group was compared with the low-risk and discordant groups (Fig 4B). At 3 months post-treatment, 26% of patients in the concordant high-risk group discontinued docetaxel compared with only 9% in the low-risk and discordant groups. The competing risk—that is, death—was considerably elevated in the concordant high-risk group compared with the low-risk and discordant groups.</text></passage><passage><infon key="file">CCI.17.00018f4.jpg</infon><infon key="id">F4</infon><infon key="section_type">FIG</infon><infon key="type">fig_caption</infon><offset>18220</offset><text>Meta-analysis of risk scores computed by the seven top-performing teams. (A) Hierarchical clustering heatmap of patients in the ENTHUSE 33 validation data set (n = 470) on the basis of their normalized ranked risk score, computed across the seven top-performing teams. (B) Kaplan-Meier curves, stratified by event type—that is, death or treatment discontinuation—across the three identified patient subgroups. (C) Distribution of baseline laboratory variables found to be significantly different between the three patient subgroups. (D) Distribution of baseline prior medical and medication variables found to be significantly different between the three patient subgroups. ACE, angiotensin-converting enzyme; ALB, albumin; ALP, alkaline phosphatase; Ca, calcium; CREACL, creatinine clearance; HB, hemoglobin; LDH, lactate dehydrogenase; MHGEN, medical history: general disorders and administration site conditions; Na, sodium; PSA, prostate-specific antigen; TPRO, total protein.</text></passage><passage><infon key="section_type">RESULTS</infon><infon key="type">paragraph</infon><offset>19205</offset><text>A comparison of baseline characteristics across the three groups revealed 11 statistically significant laboratory values (adjusted P &lt; .05), including albumin, HB, lactate dehydrogenase, PSA, sodium, RBC, ALP, calcium, AST, creatinine clearance, and total protein (Fig 4C). In addition, ECOG performance status and metastatic liver lesions differed significantly between the concordant high-risk and low-risk groups (adjusted P &lt; .05). Use of analgesics and angiotensin-converting enzyme inhibitors was significantly elevated among patients in the high-risk group (48% and 30%, respectively) compared with those in the low-risk group (15% and 5%, respectively; Fig 4D). A similar trend was observed in the frequency of patients with liver metastasis; liver lesions were reported for only 8% of patients in the concordant low-risk group compared with 32% in the high-risk group.</text></passage><passage><infon key="section_type">RESULTS</infon><infon key="type">paragraph</infon><offset>20083</offset><text>Results from previous DREAM Challenges have demonstrated that integrating predictions from multiple top-performing teams produces robust and often better results than the top individual teams. Motivated by these previous results and the modest correlation of risk scores across the top performers (Data Supplement), we developed a weighted average ensemble prediction model using the top seven models, with weights empirically determined (Data Supplement). Application of the ensemble-based model to the ENTHUSE 33 trial resulted in an AUPRC of 0.230 (AUROC, 0.599; Fig 5A). The ensemble-based model outperformed the top individual performers the majority of times (73% to 95% across the top seven models), and achieved a Bayes factor &gt; 3 compared with all but one challenge submission (team Yuanfang Guan, Bayes factor, 2.75; Data Supplement). A cumulative lift chart analysis of risk predictions that were computed from the ensemble-based model demonstrated a 14% improvement over the top challenge submission (Fig 5B). Additional analysis revealed a statistically significant increase in the area under the lift ratio curve at 20% (P &lt; .01; Fig 5C).</text></passage><passage><infon key="file">CCI.17.00018f5.jpg</infon><infon key="id">F5</infon><infon key="section_type">FIG</infon><infon key="type">fig_caption</infon><offset>21236</offset><text>Performance of the postchallenge ensemble-based prediction model. (A) Area under the precision-recall curve (AUPRC) computed within the ENTHUSE 33 data set for the ensemble-based prediction model, along with the models developed by the seven top-performing teams. Diamonds represent the observed AUPRCs, and horizontal boxplots reflect the empirical distribution of a model’s AUPRC on the basis of 5,000 bootstrap samples generated from each models’ predictions. The vertical dotted line represents the mean AUPRC computed from 5,000 bootstrap samples generated from a random prediction model. (B) Lift ratio (LR) curve for the ensemble-based prediction model, with gray lines representing the LR curves generated for 100 random prediction models. (C) Distribution of the area under the LR curve at 20% on the basis of random prediction models (gold), all challenge submissions teams (blue), the top-performing teams (gray points), and the postchallenge ensemble-based classifier (red).</text></passage><passage><infon key="section_type">RESULTS</infon><infon key="type">paragraph</infon><offset>22227</offset><text>To evaluate our ensemble-based prediction model within the broader context of clinical trial design, we conducted a simulation study to compare the sample size requirements of trials that incorporate risk estimates for early treatment discontinuation as a patient inclusion criterion for the treatment arm across a range of risk prediction accuracies (Data Supplement). Results demonstrated that when patient selection considered the risk of early treatment discontinuation, fewer patients were required for the trial without a loss of statistical power. For example, if patient discontinuation was not considered, an average of 1,548 patients was needed to detect an HR of 1.30 at 80% statistical power and a false-positive rate of 5%; however, when selection into the trial was based on the ensemble-based model, the estimated sample size that was required for detecting an HR of 1.30 was reduced to 1,306 patients (Data Supplement).</text></passage><passage><infon key="section_type">DISCUSS</infon><infon key="type">title_1</infon><offset>23163</offset><text>DISCUSSION</text></passage><passage><infon key="section_type">DISCUSS</infon><infon key="type">paragraph</infon><offset>23174</offset><text>A growing number of studies support the clinical value of prediction models for early treatment discontinuation on the basis of a patient’s clinical characteristics. Our results show that clinical features can be used to identify patients with mCRPC who may respond adversely to docetaxel treatment. Previous prognostic models have focused on overall survival and identified important risk factors, including ALP, HB, albumin, PSA, lactate dehydrogenase, ECOG performance status, lesion site, and use of analgesics. By using the results from the top seven teams in this study, we confirmed that these variables are predictive of poor prognosis and also discovered several predictive variables that are related to early discontinuation of docetaxel treatment, including PSA, RBC, calcium, AST, creatinine clearance, and total protein (Fig 4). Of interest, AST was used in many of the top-performing models and was found to be significantly elevated in the high-risk versus low-risk groups for discontinuation, which is concordant with previous observations in patients who were treated with first-line chemotherapeutics in non–small-cell lung cancer. Whereas additional investigations are needed to understand the clinical and biologic implications of risk factors in predicting docetaxel-related AEs, our results present the first findings, to our knowledge, focused on toxicity-induced treatment discontinuation as a result of docetaxel in the treatment of mCRPC.</text></passage><passage><infon key="section_type">DISCUSS</infon><infon key="type">paragraph</infon><offset>24643</offset><text>Although the performance of the challenge and postchallenge models remained modest and lacked the accuracy needed for immediate clinical application, this study is nevertheless a critical first step in the development of viable clinical tools. In particular, the challenge served to initiate the postchallenge community effort, which led to an ensemble-based prediction model that recorded performances greater than any individual model, demonstrating the power of collaborative communities as a paradigm for clinical informatics research. The results presented here are the product of 34 independent, international teams that were focused on addressing a common, well-defined question within a short period of time.</text></passage><passage><infon key="section_type">DISCUSS</infon><infon key="type">paragraph</infon><offset>25360</offset><text>Of importance, this challenge is the first to establish a performance benchmark for evaluating models that predict early failure of docetaxel treatment in patients with mCRPC, which will serve as a basis for developing future prediction models. Our results are encouraging and in line with a growing emphasis on the need for innovative approaches for clinical trial design. Indeed, we demonstrated through a simulation study that identifying patients who discontinue treatment could reduce patient enrollment in clinical trials by significant numbers, especially when the desired effect size between controls and treatment is small.</text></passage><passage><infon key="section_type">DISCUSS</infon><infon key="type">paragraph</infon><offset>25993</offset><text>We recognize that since the completion of the four trials used here, several promising therapies have emerged that have reshaped the treatment of mCRPC. The predictive models were trained on AEs that resulted from docetaxel treatment and would need to be evaluated against additional trials and additional treatments to determine if they are generalizable. A second limitation of this study is that there were no restrictions imposed on the number of clinical features that were used to develop prediction models. We chose to impose few restrictions on the model developers with the goal of determining whether the provided baseline clinical features could be used in any manner to build predictive models of treatment discontinuation. As a result, the models that were submitted to the challenge were not necessarily optimized for clinical translatability, but focused on addressing the proposed question.</text></passage><passage><infon key="section_type">DISCUSS</infon><infon key="type">paragraph</infon><offset>26900</offset><text>The DREAM Challenge described here exemplifies how open clinical trial data can be used to explore new questions and highlights the role of open challenges as a tool for the development and objective evaluation of clinical models. We also demonstrated the willingness of the research community to work together. It should be noted that the group of researchers who performed the postchallenge analysis, developed the ensemble predictor, and wrote this manuscript had never worked together before. The challenges we face in biomedical science are too great for siloed research to be the status quo moving forward. Fostering research in this manner is additional evidence that the biomedical research of tomorrow can and will be a team effort.</text></passage><passage><infon key="section_type">DISCUSS</infon><infon key="type">footnote</infon><offset>27642</offset><text>This work is supported in part by the following: in-kind contribution from Sanofi US Services Inc., Project Data Sphere LLC, National Institutes of Health, National Library of Medicine (2T15-LM009451), Boettcher Foundation, Doctoral Programme in Mathematics and Computer Sciences at the University of Turku, European Union's Horizon 2020 research and innovation program, Academy of Finland, the European Research Council, Juvenile Diabetes Research Foundation, and Sigrid Juselius Foundation</text></passage><passage><infon key="section_type">DISCUSS</infon><infon key="type">footnote</infon><offset>28134</offset><text>F.S., D.C.K., and T.W. share first authorship; L.L.E., F.L.Z., J.G., and J.C.C. share senior authorship.</text></passage><passage><infon key="section_type">DISCUSS</infon><infon key="type">footnote</infon><offset>28239</offset><text>This publication is based on research using information obtained from http://www.projectdatasphere.org/, which is maintained by Project Data Sphere, LLC (PDS). Neither PDS, nor the owner(s) of any information from the Web site, have contributed to, approved, or are in any way responsible for the contents of this publication.</text></passage><passage><infon key="section_type">AUTH_CONT</infon><infon key="type">title_1</infon><offset>28566</offset><text>AUTHOR CONTRIBUTIONS</text></passage><passage><infon key="section_type">AUTH_CONT</infon><infon key="type">paragraph</infon><offset>28587</offset><text>Conception and design: Tao Wang, Chris Bare, Kald Abdallah, Thea Norman, Gustavo Stolovitzky, Howard R. Soule, Christopher J. Sweeney, Charles J. Ryan, Howard I. Scher, Oliver Sartor, Fang Liz Zhou, Justin Guinney, James C. Costello</text></passage><passage><infon key="section_type">AUTH_CONT</infon><infon key="type">paragraph</infon><offset>28820</offset><text>Financial support: James C. Costello</text></passage><passage><infon key="section_type">AUTH_CONT</infon><infon key="type">paragraph</infon><offset>28857</offset><text>Administrative support: James C. Costello</text></passage><passage><infon key="section_type">AUTH_CONT</infon><infon key="type">paragraph</infon><offset>28899</offset><text>Provision of study materials or patients: Kald Abdallah, Fang Liz Zhou</text></passage><passage><infon key="section_type">AUTH_CONT</infon><infon key="type">paragraph</infon><offset>28970</offset><text>Collection and assembly of data: Tao Wang, Chris Bare, Liji Shen, Kald Abdallah, Fang Liz Zhou, Justin Guinney, James C. Costello</text></passage><passage><infon key="section_type">AUTH_CONT</infon><infon key="type">paragraph</infon><offset>29100</offset><text>Data analysis and interpretation: Fatemeh Seyednasrollah, Devin C. Koestler, Tao Wang, Stephen R. Piccolo, Roberto Vega, Russell Greiner, Christiane Fuchs, Eyal Gofer, Luke Kumar, Russell D. Wolfinger, Kimberly Kanigel Winner, Chris Bare, Elias Chaibub Neto, Thomas Yu, Kald Abdallah, Howard R. Soule, Christopher J. Sweeney, Charles J. Ryan, Howard I. Scher, Oliver Sartor, Laura L. Elo, Fang Liz Zhou, Justin Guinney, James C. Costello</text></passage><passage><infon key="section_type">AUTH_CONT</infon><infon key="type">paragraph</infon><offset>29538</offset><text>Manuscript writing: All authors</text></passage><passage><infon key="section_type">AUTH_CONT</infon><infon key="type">paragraph</infon><offset>29570</offset><text>Final approval of manuscript: All authors</text></passage><passage><infon key="section_type">AUTH_CONT</infon><infon key="type">paragraph</infon><offset>29612</offset><text>Accountable for all aspects of the work: All authors</text></passage><passage><infon key="section_type">COMP_INT</infon><infon key="type">title_1</infon><offset>29665</offset><text>AUTHORS' DISCLOSURES OF POTENTIAL CONFLICTS OF INTEREST</text></passage><passage><infon key="section_type">COMP_INT</infon><infon key="type">paragraph</infon><offset>29721</offset><text>The following represents disclosure information provided by authors of this manuscript. All relationships are considered compensated. Relationships are self-held unless noted. I = Immediate Family Member, Inst = My Institution. Relationships may not relate to the subject matter of this manuscript. For more information about ASCO's conflict of interest policy, please refer to www.asco.org/rwc or ascopubs.org/jco/site/ifc.</text></passage><passage><infon key="section_type">COMP_INT</infon><infon key="type">title_2</infon><offset>30146</offset><text>Fatemeh Seyednasrollah</text></passage><passage><infon key="section_type">COMP_INT</infon><infon key="type">paragraph</infon><offset>30169</offset><text>No relationship to disclose</text></passage><passage><infon key="section_type">COMP_INT</infon><infon key="type">title_2</infon><offset>30197</offset><text>Devin C. Koestler</text></passage><passage><infon key="section_type">COMP_INT</infon><infon key="type">paragraph</infon><offset>30215</offset><text>No relationship to disclose</text></passage><passage><infon key="section_type">COMP_INT</infon><infon key="type">title_2</infon><offset>30243</offset><text>Tao Wang</text></passage><passage><infon key="section_type">COMP_INT</infon><infon key="type">paragraph</infon><offset>30252</offset><text>Employment: Medpace (I)</text></passage><passage><infon key="section_type">COMP_INT</infon><infon key="type">title_2</infon><offset>30276</offset><text>Stephen R. Piccolo</text></passage><passage><infon key="section_type">COMP_INT</infon><infon key="type">paragraph</infon><offset>30295</offset><text>No relationship to disclose</text></passage><passage><infon key="section_type">COMP_INT</infon><infon key="type">title_2</infon><offset>30323</offset><text>Roberto Vega</text></passage><passage><infon key="section_type">COMP_INT</infon><infon key="type">paragraph</infon><offset>30336</offset><text>No relationship to disclose</text></passage><passage><infon key="section_type">COMP_INT</infon><infon key="type">title_2</infon><offset>30364</offset><text>Russell Greiner</text></passage><passage><infon key="section_type">COMP_INT</infon><infon key="type">paragraph</infon><offset>30380</offset><text>No relationship to disclose</text></passage><passage><infon key="section_type">COMP_INT</infon><infon key="type">title_2</infon><offset>30408</offset><text>Christiane Fuchs</text></passage><passage><infon key="section_type">COMP_INT</infon><infon key="type">paragraph</infon><offset>30425</offset><text>No relationship to disclose</text></passage><passage><infon key="section_type">COMP_INT</infon><infon key="type">title_2</infon><offset>30453</offset><text>Eyal Gofer</text></passage><passage><infon key="section_type">COMP_INT</infon><infon key="type">paragraph</infon><offset>30464</offset><text>Employment: Medial Research</text></passage><passage><infon key="section_type">COMP_INT</infon><infon key="type">title_2</infon><offset>30492</offset><text>Luke Kumar</text></passage><passage><infon key="section_type">COMP_INT</infon><infon key="type">paragraph</infon><offset>30503</offset><text>No relationship to disclose</text></passage><passage><infon key="section_type">COMP_INT</infon><infon key="type">title_2</infon><offset>30531</offset><text>Russell D. Wolfinger</text></passage><passage><infon key="section_type">COMP_INT</infon><infon key="type">paragraph</infon><offset>30552</offset><text>No relationship to disclose</text></passage><passage><infon key="section_type">COMP_INT</infon><infon key="type">title_2</infon><offset>30580</offset><text>Kimberly Kanigel Winner</text></passage><passage><infon key="section_type">COMP_INT</infon><infon key="type">paragraph</infon><offset>30604</offset><text>No relationship to disclose</text></passage><passage><infon key="section_type">COMP_INT</infon><infon key="type">title_2</infon><offset>30632</offset><text>Chris Bare</text></passage><passage><infon key="section_type">COMP_INT</infon><infon key="type">paragraph</infon><offset>30643</offset><text>Employment: Arivale</text></passage><passage><infon key="section_type">COMP_INT</infon><infon key="type">paragraph</infon><offset>30663</offset><text>Stock and Other Ownership Interests: Johnson &amp; Johnson</text></passage><passage><infon key="section_type">COMP_INT</infon><infon key="type">title_2</infon><offset>30718</offset><text>Elias Chaibub Neto</text></passage><passage><infon key="section_type">COMP_INT</infon><infon key="type">paragraph</infon><offset>30737</offset><text>No relationship to disclose</text></passage><passage><infon key="section_type">COMP_INT</infon><infon key="type">title_2</infon><offset>30765</offset><text>Thomas Yu</text></passage><passage><infon key="section_type">COMP_INT</infon><infon key="type">paragraph</infon><offset>30775</offset><text>No relationship to disclose</text></passage><passage><infon key="section_type">COMP_INT</infon><infon key="type">title_2</infon><offset>30803</offset><text>Liji Shen</text></passage><passage><infon key="section_type">COMP_INT</infon><infon key="type">paragraph</infon><offset>30813</offset><text>Employment: Sanofi, Merck Sharp &amp; Dohme, Janssen Oncology (I)</text></passage><passage><infon key="section_type">COMP_INT</infon><infon key="type">paragraph</infon><offset>30875</offset><text>Stock and Other Ownership Interests: Sanofi</text></passage><passage><infon key="section_type">COMP_INT</infon><infon key="type">title_2</infon><offset>30919</offset><text>Kald Abdallah</text></passage><passage><infon key="section_type">COMP_INT</infon><infon key="type">paragraph</infon><offset>30933</offset><text>Employment: AstraZeneca</text></passage><passage><infon key="section_type">COMP_INT</infon><infon key="type">paragraph</infon><offset>30957</offset><text>Stock and Other Ownership Interests: AstraZeneca, Sanofi</text></passage><passage><infon key="section_type">COMP_INT</infon><infon key="type">title_2</infon><offset>31014</offset><text>Thea Norman</text></passage><passage><infon key="section_type">COMP_INT</infon><infon key="type">paragraph</infon><offset>31026</offset><text>No relationship to disclose</text></passage><passage><infon key="section_type">COMP_INT</infon><infon key="type">title_2</infon><offset>31054</offset><text>Gustavo Stolovitzky</text></passage><passage><infon key="section_type">COMP_INT</infon><infon key="type">paragraph</infon><offset>31074</offset><text>No relationship to disclose</text></passage><passage><infon key="section_type">COMP_INT</infon><infon key="type">title_2</infon><offset>31102</offset><text>Howard R. Soule</text></passage><passage><infon key="section_type">COMP_INT</infon><infon key="type">paragraph</infon><offset>31118</offset><text>Leadership: WindMIL</text></passage><passage><infon key="section_type">COMP_INT</infon><infon key="type">paragraph</infon><offset>31138</offset><text>Consulting or Advisory Role: Compugen</text></passage><passage><infon key="section_type">COMP_INT</infon><infon key="type">paragraph</infon><offset>31176</offset><text>Travel, Accommodations, Expenses: Compugen, Sanofi</text></passage><passage><infon key="section_type">COMP_INT</infon><infon key="type">title_2</infon><offset>31227</offset><text>Christopher J. Sweeney</text></passage><passage><infon key="section_type">COMP_INT</infon><infon key="type">paragraph</infon><offset>31250</offset><text>Stock and Other Ownership Interests: Leuchemix</text></passage><passage><infon key="section_type">COMP_INT</infon><infon key="type">paragraph</infon><offset>31297</offset><text>Consulting or Advisory Role: Sanofi, Janssen Biotech, Astellas Pharma, Bayer, Genentech, AstraZeneca, Pfizer</text></passage><passage><infon key="section_type">COMP_INT</infon><infon key="type">paragraph</infon><offset>31406</offset><text>Research Funding: Janssen Biotech (Inst), Astellas Pharma (Inst), Sanofi (Inst), Bayer (Inst), Sotio (Inst)</text></passage><passage><infon key="section_type">COMP_INT</infon><infon key="type">paragraph</infon><offset>31514</offset><text>Patents, Royalties, Other Intellectual Property: Leuchemix, parthenolide, dimethylaminoparthenolide. Exelixis: Abiraterone plus cabozantinib combination</text></passage><passage><infon key="section_type">COMP_INT</infon><infon key="type">title_2</infon><offset>31667</offset><text>Charles J. Ryan</text></passage><passage><infon key="section_type">COMP_INT</infon><infon key="type">paragraph</infon><offset>31683</offset><text>Honoraria: Janssen Oncology, Astellas Pharma</text></passage><passage><infon key="section_type">COMP_INT</infon><infon key="type">paragraph</infon><offset>31728</offset><text>Consulting or Advisory Role: Bayer, Millennium Pharmaceuticals</text></passage><passage><infon key="section_type">COMP_INT</infon><infon key="type">paragraph</infon><offset>31791</offset><text>Research Funding: BIND Biosciences, Karyopharm Therapeutics, Novartis</text></passage><passage><infon key="section_type">COMP_INT</infon><infon key="type">title_2</infon><offset>31861</offset><text>Howard I. Scher</text></passage><passage><infon key="section_type">COMP_INT</infon><infon key="type">paragraph</infon><offset>31877</offset><text>Leadership: Asterias Biotherapeutics</text></passage><passage><infon key="section_type">COMP_INT</infon><infon key="type">paragraph</infon><offset>31914</offset><text>Consulting or Advisory Role: Ferring, WIRB-Copernicus Group, Medivation, Blue Earth Diagnostics, Med IQ, Roche, Elsevier, Merck, Clovis Oncology, Janssen Research &amp; Development, Astellas Pharma, Sanofi</text></passage><passage><infon key="section_type">COMP_INT</infon><infon key="type">paragraph</infon><offset>32116</offset><text>Research Funding: Janssen (Inst), Medivation (Inst), Innocrin Pharma (Inst), Illumina (Inst)</text></passage><passage><infon key="section_type">COMP_INT</infon><infon key="type">paragraph</infon><offset>32209</offset><text>Travel, Accommodations, Expenses: Ferring, WIRB-Copernicus Group, Astellas Pharma, Medivation, Roche</text></passage><passage><infon key="section_type">COMP_INT</infon><infon key="type">title_2</infon><offset>32310</offset><text>Oliver Sartor</text></passage><passage><infon key="section_type">COMP_INT</infon><infon key="type">paragraph</infon><offset>32324</offset><text>Consulting or Advisory Role: Bayer, Bellicum Pharmaceuticals, Johnson &amp; Johnson, Medivation, Oncogenex, Sanofi, Tokai Pharmaceuticals, AstraZeneca (Inst), Progenics (Inst), Dendreon</text></passage><passage><infon key="section_type">COMP_INT</infon><infon key="type">paragraph</infon><offset>32506</offset><text>Research Funding: Bayer (Inst), Johnson &amp; Johnson (Inst), Sanofi (Inst), Dendreon (Inst), Endocyte (Inst), Innocrin Pharma (Inst), Progenics (Inst)</text></passage><passage><infon key="section_type">COMP_INT</infon><infon key="type">paragraph</infon><offset>32654</offset><text>Travel, Accommodations, Expenses: Bayer, Bellicum Pharmaceuticals, Johnson &amp; Johnson, Medivation, Oncogenex, Sanofi, Tokai Pharmaceuticals, AstraZeneca, Progenics</text></passage><passage><infon key="section_type">COMP_INT</infon><infon key="type">title_2</infon><offset>32817</offset><text>Laura L. Elo</text></passage><passage><infon key="section_type">COMP_INT</infon><infon key="type">paragraph</infon><offset>32830</offset><text>Patents, Royalties, Other Intellectual Property: United States Patent Application 20160145687, Method of Predicting Risk for Type 1 Diabetes (Inst)</text></passage><passage><infon key="section_type">COMP_INT</infon><infon key="type">title_2</infon><offset>32978</offset><text>Fang Liz Zhou</text></passage><passage><infon key="section_type">COMP_INT</infon><infon key="type">paragraph</infon><offset>32992</offset><text>Employment: Sanofi, Lexicon (I)</text></passage><passage><infon key="section_type">COMP_INT</infon><infon key="type">paragraph</infon><offset>33024</offset><text>Stock and Other Ownership Interests: Sanofi, Lexicon (I)</text></passage><passage><infon key="section_type">COMP_INT</infon><infon key="type">paragraph</infon><offset>33081</offset><text>Travel, Accommodations, Expenses: Sanofi, Lexicon (I)</text></passage><passage><infon key="section_type">COMP_INT</infon><infon key="type">title_2</infon><offset>33135</offset><text>Justin Guinney</text></passage><passage><infon key="section_type">COMP_INT</infon><infon key="type">paragraph</infon><offset>33150</offset><text>Research Funding: Celgene (Inst)</text></passage><passage><infon key="section_type">COMP_INT</infon><infon key="type">title_2</infon><offset>33183</offset><text>James C. Costello</text></passage><passage><infon key="section_type">COMP_INT</infon><infon key="type">paragraph</infon><offset>33201</offset><text>No relationship to disclose</text></passage><passage><infon key="section_type">REF</infon><infon key="type">title</infon><offset>33229</offset><text>REFERENCES</text></passage><passage><infon key="fpage">3</infon><infon key="lpage">6</infon><infon key="name_0">surname:Pond;given-names:GR</infon><infon key="name_1">surname:Sonpavde;given-names:G</infon><infon key="name_2">surname:de Wit;given-names:R</infon><infon key="pub-id_pmid">24120464</infon><infon key="section_type">REF</infon><infon key="source">Eur Urol</infon><infon key="type">ref</infon><infon key="volume">65</infon><infon key="year">2014</infon><offset>33240</offset><text>The prognostic importance of metastatic site in men with metastatic castration-resistant prostate cancer</text></passage><passage><infon key="fpage">1513</infon><infon key="lpage">1520</infon><infon key="name_0">surname:Petrylak;given-names:DP</infon><infon key="name_1">surname:Tangen;given-names:CM</infon><infon key="name_2">surname:Hussain;given-names:MH</infon><infon key="pub-id_pmid">15470214</infon><infon key="section_type">REF</infon><infon key="source">N Engl J Med</infon><infon key="type">ref</infon><infon key="volume">351</infon><infon key="year">2004</infon><offset>33345</offset><text>Docetaxel and estramustine compared with mitoxantrone and prednisone for advanced refractory prostate cancer</text></passage><passage><infon key="fpage">1502</infon><infon key="lpage">1512</infon><infon key="name_0">surname:Tannock;given-names:IF</infon><infon key="name_1">surname:de Wit;given-names:R</infon><infon key="name_2">surname:Berry;given-names:WR</infon><infon key="pub-id_pmid">15470213</infon><infon key="section_type">REF</infon><infon key="source">N Engl J Med</infon><infon key="type">ref</infon><infon key="volume">351</infon><infon key="year">2004</infon><offset>33454</offset><text>Docetaxel plus prednisone or mitoxantrone plus prednisone for advanced prostate cancer</text></passage><passage><infon key="fpage">242</infon><infon key="lpage">245</infon><infon key="name_0">surname:Berthold;given-names:DR</infon><infon key="name_1">surname:Pond;given-names:GR</infon><infon key="name_2">surname:Soban;given-names:F</infon><infon key="pub-id_pmid">18182665</infon><infon key="section_type">REF</infon><infon key="source">J Clin Oncol</infon><infon key="type">ref</infon><infon key="volume">26</infon><infon key="year">2008</infon><offset>33541</offset><text>Docetaxel plus prednisone or mitoxantrone plus prednisone for advanced prostate cancer: Updated survival in the TAX 327 study</text></passage><passage><infon key="fpage">5261</infon><infon key="lpage">5268</infon><infon key="name_0">surname:Machiels;given-names:JP</infon><infon key="name_1">surname:Mazzeo;given-names:F</infon><infon key="name_2">surname:Clausse;given-names:M</infon><infon key="pub-id_pmid">18794543</infon><infon key="section_type">REF</infon><infon key="source">J Clin Oncol</infon><infon key="type">ref</infon><infon key="volume">26</infon><infon key="year">2008</infon><offset>33667</offset><text>Prospective randomized study comparing docetaxel, estramustine, and prednisone with docetaxel and prednisone in metastatic hormone-refractory prostate cancer</text></passage><passage><infon key="fpage">2972</infon><infon key="lpage">2977</infon><infon key="name_0">surname:Templeton;given-names:AJ</infon><infon key="name_1">surname:Vera-Badillo;given-names:FE</infon><infon key="name_2">surname:Wang;given-names:L</infon><infon key="pub-id_pmid">24126362</infon><infon key="section_type">REF</infon><infon key="source">Ann Oncol</infon><infon key="type">ref</infon><infon key="volume">24</infon><infon key="year">2013</infon><offset>33825</offset><text>Translating clinical trials to clinical practice: Outcomes of men with metastatic castration resistant prostate cancer treated with docetaxel and prednisone in and out of clinical trials</text></passage><passage><infon key="fpage">633</infon><infon key="lpage">641</infon><infon key="name_0">surname:Schallier;given-names:D</infon><infon key="name_1">surname:Decoster;given-names:L</infon><infon key="name_2">surname:Braeckman;given-names:J</infon><infon key="pub-id_pmid">22287756</infon><infon key="section_type">REF</infon><infon key="source">Anticancer Res</infon><infon key="type">ref</infon><infon key="volume">32</infon><infon key="year">2012</infon><offset>34012</offset><text>Docetaxel in the treatment of metastatic castration-resistant prostate cancer (mCRPC): An observational study in a single institution</text></passage><passage><infon key="fpage">1368</infon><infon key="lpage">1375</infon><infon key="name_0">surname:Italiano;given-names:A</infon><infon key="name_1">surname:Ortholan;given-names:C</infon><infon key="name_2">surname:Oudard;given-names:S</infon><infon key="pub-id_pmid">18706755</infon><infon key="section_type">REF</infon><infon key="source">Eur Urol</infon><infon key="type">ref</infon><infon key="volume">55</infon><infon key="year">2009</infon><offset>34146</offset><text>Docetaxel-based chemotherapy in elderly patients (age 75 and older) with castration-resistant prostate cancer</text></passage><passage><infon key="fpage">737</infon><infon key="lpage">746</infon><infon key="name_0">surname:Sweeney;given-names:CJ</infon><infon key="name_1">surname:Chen;given-names:YH</infon><infon key="name_2">surname:Carducci;given-names:M</infon><infon key="pub-id_pmid">26244877</infon><infon key="section_type">REF</infon><infon key="source">N Engl J Med</infon><infon key="type">ref</infon><infon key="volume">373</infon><infon key="year">2015</infon><offset>34256</offset><text>Chemohormonal therapy in metastatic hormone-sensitive prostate cancer</text></passage><passage><infon key="fpage">132</infon><infon key="lpage">142</infon><infon key="name_0">surname:Guinney;given-names:J</infon><infon key="name_1">surname:Wang;given-names:T</infon><infon key="name_2">surname:Laajala;given-names:TD</infon><infon key="pub-id_pmid">27864015</infon><infon key="section_type">REF</infon><infon key="source">Lancet Oncol</infon><infon key="type">ref</infon><infon key="volume">18</infon><infon key="year">2017</infon><offset>34326</offset><text>Prediction of overall survival for patients with metastatic castration-resistant prostate cancer: Development of a prognostic model through a crowdsourced challenge with open clinical trial data</text></passage><passage><infon key="fpage">671</infon><infon key="lpage">677</infon><infon key="name_0">surname:Halabi;given-names:S</infon><infon key="name_1">surname:Lin;given-names:CY</infon><infon key="name_2">surname:Kelly;given-names:WK</infon><infon key="pub-id_pmid">24449231</infon><infon key="section_type">REF</infon><infon key="source">J Clin Oncol</infon><infon key="type">ref</infon><infon key="volume">32</infon><infon key="year">2014</infon><offset>34521</offset><text>Updated prognostic model for predicting overall survival in first-line chemotherapy for patients with metastatic castration-resistant prostate cancer</text></passage><passage><infon key="fpage">6396</infon><infon key="lpage">6403</infon><infon key="name_0">surname:Armstrong;given-names:AJ</infon><infon key="name_1">surname:Garrett-Mayer;given-names:ES</infon><infon key="name_2">surname:Yang;given-names:YC</infon><infon key="pub-id_pmid">17975152</infon><infon key="section_type">REF</infon><infon key="source">Clin Cancer Res</infon><infon key="type">ref</infon><infon key="volume">13</infon><infon key="year">2007</infon><offset>34671</offset><text>A contemporary prognostic nomogram for men with hormone-refractory metastatic prostate cancer: A TAX327 study analysis</text></passage><passage><infon key="fpage">1232</infon><infon key="lpage">1237</infon><infon key="name_0">surname:Halabi;given-names:S</infon><infon key="name_1">surname:Small;given-names:EJ</infon><infon key="name_2">surname:Kantoff;given-names:PW</infon><infon key="pub-id_pmid">12663709</infon><infon key="section_type">REF</infon><infon key="source">J Clin Oncol</infon><infon key="type">ref</infon><infon key="volume">21</infon><infon key="year">2003</infon><offset>34790</offset><text>Prognostic model for predicting survival in men with hormone-refractory metastatic prostate cancer</text></passage><passage><infon key="fpage">3972</infon><infon key="lpage">3982</infon><infon key="name_0">surname:Smaletz;given-names:O</infon><infon key="name_1">surname:Scher;given-names:HI</infon><infon key="name_2">surname:Small;given-names:EJ</infon><infon key="pub-id_pmid">12351594</infon><infon key="section_type">REF</infon><infon key="source">J Clin Oncol</infon><infon key="type">ref</infon><infon key="volume">20</infon><infon key="year">2002</infon><offset>34889</offset><text>Nomogram for overall survival of patients with progressive metastatic prostate cancer after castration</text></passage><passage><infon key="fpage">2191</infon><infon key="lpage">2198</infon><infon key="name_0">surname:Scher;given-names:HI</infon><infon key="name_1">surname:Jia;given-names:X</infon><infon key="name_2">surname:Chi;given-names:K</infon><infon key="pub-id_pmid">21483004</infon><infon key="section_type">REF</infon><infon key="source">J Clin Oncol</infon><infon key="type">ref</infon><infon key="volume">29</infon><infon key="year">2011</infon><offset>34992</offset><text>Randomized, open-label phase III trial of docetaxel plus high-dose calcitriol versus docetaxel plus prednisone for patients with castration-resistant prostate cancer</text></passage><passage><infon key="fpage">760</infon><infon key="lpage">768</infon><infon key="name_0">surname:Tannock;given-names:IF</infon><infon key="name_1">surname:Fizazi;given-names:K</infon><infon key="name_2">surname:Ivanov;given-names:S</infon><infon key="pub-id_pmid">23742877</infon><infon key="section_type">REF</infon><infon key="source">Lancet Oncol</infon><infon key="type">ref</infon><infon key="volume">14</infon><infon key="year">2013</infon><offset>35158</offset><text>Aflibercept versus placebo in combination with docetaxel and prednisone for treatment of men with metastatic castration-resistant prostate cancer (VENICE): A phase 3, double-blind randomised trial</text></passage><passage><infon key="fpage">417</infon><infon key="lpage">425</infon><infon key="name_0">surname:Petrylak;given-names:DP</infon><infon key="name_1">surname:Vogelzang;given-names:NJ</infon><infon key="name_2">surname:Budnik;given-names:N</infon><infon key="pub-id_pmid">25743937</infon><infon key="section_type">REF</infon><infon key="source">Lancet Oncol</infon><infon key="type">ref</infon><infon key="volume">16</infon><infon key="year">2015</infon><offset>35355</offset><text>Docetaxel and prednisone with or without lenalidomide in chemotherapy-naive patients with metastatic castration-resistant prostate cancer (MAINSAIL): A randomised, double-blind, placebo-controlled phase 3 trial</text></passage><passage><infon key="fpage">1740 3461</infon><infon key="lpage">1747</infon><infon key="name_0">surname:Fizazi;given-names:K</infon><infon key="name_1">surname:Higano;given-names:CS</infon><infon key="name_2">surname:Nelson;given-names:JB</infon><infon key="pub-id_pmid">23569308</infon><infon key="section_type">REF</infon><infon key="source">J Clin Oncol</infon><infon key="type">ref</infon><infon key="volume">31 32</infon><infon key="year">2014</infon><offset>35566</offset><text>Phase III, randomized, placebo-controlled study of docetaxel in combination with zibotentan in patients with metastatic castration-resistant prostate cancer</text></passage><passage><infon key="section_type">REF</infon><infon key="source">Synapse</infon><infon key="type">ref</infon><offset>35723</offset></passage><passage><infon key="name_0">surname:Davis;given-names:J</infon><infon key="name_1">surname:Goadrich;given-names:M</infon><infon key="section_type">REF</infon><infon key="source">Proceedings of the 23rd International Conference on Machine Learning</infon><infon key="type">ref</infon><offset>35724</offset><text>The relationship between precision-recall and ROC curves</text></passage><passage><infon key="fpage">e0118432</infon><infon key="name_0">surname:Saito;given-names:T</infon><infon key="name_1">surname:Rehmsmeier;given-names:M</infon><infon key="pub-id_pmid">25738806</infon><infon key="section_type">REF</infon><infon key="source">PLoS One</infon><infon key="type">ref</infon><infon key="volume">10</infon><infon key="year">2015</infon><offset>35781</offset><text>The precision-recall plot is more informative than the ROC plot when evaluating binary classifiers on imbalanced datasets</text></passage><passage><infon key="fpage">603</infon><infon key="lpage">604</infon><infon key="name_0">surname:Lever;given-names:J</infon><infon key="name_1">surname:Krzywinski;given-names:M</infon><infon key="name_2">surname:Altman;given-names:N</infon><infon key="section_type">REF</infon><infon key="source">Nat Methods</infon><infon key="type">ref</infon><infon key="volume">13</infon><infon key="year">2016</infon><offset>35903</offset><text>Classification evaluation</text></passage><passage><infon key="fpage">e92209</infon><infon key="name_0">surname:Keilwagen;given-names:J</infon><infon key="name_1">surname:Grosse;given-names:I</infon><infon key="name_2">surname:Grau;given-names:J</infon><infon key="pub-id_pmid">24651729</infon><infon key="section_type">REF</infon><infon key="source">PLoS One</infon><infon key="type">ref</infon><infon key="volume">9</infon><infon key="year">2014</infon><offset>35929</offset><text>Area under precision-recall curves for weighted and unweighted data</text></passage><passage><infon key="fpage">289</infon><infon key="lpage">300</infon><infon key="name_0">surname:Benjamini;given-names:Y</infon><infon key="name_1">surname:Hochberg;given-names:Y</infon><infon key="section_type">REF</infon><infon key="source">J R Stat Soc B</infon><infon key="type">ref</infon><infon key="volume">57</infon><infon key="year">1995</infon><offset>35997</offset><text>Controlling the false discovery rate—A practical and powerful approach to multiple testing</text></passage><passage><infon key="fpage">1</infon><infon key="lpage">14</infon><infon key="name_0">surname:Berger;given-names:JO</infon><infon key="name_1">surname:Pericchi;given-names:L</infon><infon key="section_type">REF</infon><infon key="source">Wiley StatsRef</infon><infon key="type">ref</infon><infon key="volume">2015</infon><infon key="year">2015</infon><offset>36090</offset><text>Bayes factors</text></passage><passage><infon key="fpage">773</infon><infon key="lpage">795</infon><infon key="name_0">surname:Kass;given-names:RE</infon><infon key="name_1">surname:Raftery;given-names:AE</infon><infon key="section_type">REF</infon><infon key="source">J Am Stat Assoc</infon><infon key="type">ref</infon><infon key="volume">90</infon><infon key="year">1995</infon><offset>36104</offset><text>Bayes factors</text></passage><passage><infon key="fpage">1</infon><infon key="lpage">39</infon><infon key="name_0">surname:Rokach;given-names:L</infon><infon key="section_type">REF</infon><infon key="source">Artif Intell Rev</infon><infon key="type">ref</infon><infon key="volume">33</infon><infon key="year">2010</infon><offset>36118</offset><text>Ensemble-based classifiers</text></passage><passage><infon key="fpage">1713</infon><infon key="lpage">1723</infon><infon key="name_0">surname:Bender;given-names:R</infon><infon key="name_1">surname:Augustin;given-names:T</infon><infon key="name_2">surname:Blettner;given-names:M</infon><infon key="pub-id_pmid">15724232</infon><infon key="section_type">REF</infon><infon key="source">Stat Med</infon><infon key="type">ref</infon><infon key="volume">24</infon><infon key="year">2005</infon><offset>36145</offset><text>Generating survival times to simulate Cox proportional hazards models</text></passage><passage><infon key="section_type">REF</infon><infon key="source">Prostate Cancer DREAM Challenge</infon><infon key="type">ref</infon><offset>36215</offset></passage><passage><infon key="section_type">REF</infon><infon key="source">Synapse: DREAM9.5—Prostate Cancer DREAM Challenge</infon><infon key="type">ref</infon><offset>36216</offset></passage><passage><infon key="fpage">1213</infon><infon key="lpage">1222</infon><infon key="name_0">surname:Bansal;given-names:M</infon><infon key="name_1">surname:Yang;given-names:J</infon><infon key="name_2">surname:Karan;given-names:C</infon><infon key="pub-id_pmid">25419740</infon><infon key="section_type">REF</infon><infon key="source">Nat Biotechnol</infon><infon key="type">ref</infon><infon key="volume">32</infon><infon key="year">2014</infon><offset>36217</offset><text>A community computational challenge to predict the activity of pairs of compounds</text></passage><passage><infon key="fpage">933 1109</infon><infon key="lpage">940</infon><infon key="name_0">surname:Eduati;given-names:F</infon><infon key="name_1">surname:Mangravite;given-names:LM</infon><infon key="name_2">surname:Wang;given-names:T</infon><infon key="pub-id_pmid">26258538</infon><infon key="section_type">REF</infon><infon key="source">Nat Biotechnol</infon><infon key="type">ref</infon><infon key="volume">33</infon><infon key="year">2015</infon><offset>36299</offset><text>Prediction of human population responses to toxic compounds by a collaborative competition</text></passage><passage><infon key="fpage">796</infon><infon key="lpage">804</infon><infon key="name_0">surname:Marbach;given-names:D</infon><infon key="name_1">surname:Costello;given-names:JC</infon><infon key="name_2">surname:Küffner;given-names:R</infon><infon key="pub-id_pmid">22796662</infon><infon key="section_type">REF</infon><infon key="source">Nat Methods</infon><infon key="type">ref</infon><infon key="volume">9</infon><infon key="year">2012</infon><offset>36390</offset><text>Wisdom of crowds for robust gene network inference</text></passage><passage><infon key="fpage">2262</infon><infon key="lpage">2269</infon><infon key="name_0">surname:He;given-names:W</infon><infon key="name_1">surname:Fang;given-names:F</infon><infon key="name_2">surname:Varnum;given-names:C</infon><infon key="pub-id_pmid">26033800</infon><infon key="section_type">REF</infon><infon key="source">J Clin Oncol</infon><infon key="type">ref</infon><infon key="volume">33</infon><infon key="year">2015</infon><offset>36441</offset><text>Predictors of discontinuation of adjuvant hormone therapy in patients with breast cancer</text></passage><passage><infon key="fpage">19316</infon><infon key="lpage">19327</infon><infon key="name_0">surname:Hyman;given-names:DM</infon><infon key="name_1">surname:Eaton;given-names:AA</infon><infon key="name_2">surname:Gounder;given-names:MM</infon><infon key="pub-id_pmid">25682870</infon><infon key="section_type">REF</infon><infon key="source">Oncotarget</infon><infon key="type">ref</infon><infon key="volume">6</infon><infon key="year">2015</infon><offset>36530</offset><text>Predictors of early treatment discontinuation in patients enrolled on phase I oncology trials</text></passage><passage><infon key="fpage">259</infon><infon key="lpage">265</infon><infon key="name_0">surname:van der Veldt;given-names:AA</infon><infon key="name_1">surname:Boven;given-names:E</infon><infon key="name_2">surname:Helgason;given-names:HH</infon><infon key="pub-id_pmid">18594533</infon><infon key="section_type">REF</infon><infon key="source">Br J Cancer</infon><infon key="type">ref</infon><infon key="volume">99</infon><infon key="year">2008</infon><offset>36624</offset><text>Predictive factors for severe toxicity of sunitinib in unselected patients with advanced renal cell cancer</text></passage><passage><infon key="fpage">556</infon><infon key="lpage">563</infon><infon key="name_0">surname:Mandrekar;given-names:SJ</infon><infon key="name_1">surname:Northfelt;given-names:DW</infon><infon key="name_2">surname:Schild;given-names:SE</infon><infon key="pub-id_pmid">17409917</infon><infon key="section_type">REF</infon><infon key="source">J Thorac Oncol</infon><infon key="type">ref</infon><infon key="volume">1</infon><infon key="year">2006</infon><offset>36731</offset><text>Impact of pretreatment factors on adverse events: A pooled analysis of North Central Cancer Treatment Group advanced stage non-small cell lung cancer trials</text></passage><passage><infon key="fpage">1636</infon><infon key="lpage">1643</infon><infon key="name_0">surname:Bossuyt;given-names:PM</infon><infon key="name_1">surname:Reitsma;given-names:JB</infon><infon key="name_2">surname:Linnet;given-names:K</infon><infon key="pub-id_pmid">22730450</infon><infon key="section_type">REF</infon><infon key="source">Clin Chem</infon><infon key="type">ref</infon><infon key="volume">58</infon><infon key="year">2012</infon><offset>36888</offset><text>Beyond diagnostic accuracy: The clinical utility of diagnostic tests</text></passage><passage><infon key="fpage">S62</infon><infon key="lpage">S64</infon><infon key="name_0">surname:Bender;given-names:E</infon><infon key="pub-id_pmid">27167394</infon><infon key="section_type">REF</infon><infon key="source">Nature</infon><infon key="type">ref</infon><infon key="volume">533</infon><infon key="year">2016</infon><offset>36957</offset><text>Challenges: Crowdsourced solutions</text></passage><passage><infon key="fpage">396</infon><infon key="lpage">398</infon><infon key="name_0">surname:Costello;given-names:JC</infon><infon key="name_1">surname:Stolovitzky;given-names:G</infon><infon key="pub-id_pmid">23549146</infon><infon key="section_type">REF</infon><infon key="source">Clin Pharmacol Ther</infon><infon key="type">ref</infon><infon key="volume">93</infon><infon key="year">2013</infon><offset>36992</offset><text>Seeking the wisdom of crowds through challenge-based competitions in biomedical research</text></passage><passage><infon key="fpage">103</infon><infon key="name_0">surname:Boessen;given-names:R</infon><infon key="name_1">surname:Heerspink;given-names:HJ</infon><infon key="name_2">surname:De Zeeuw;given-names:D</infon><infon key="pub-id_pmid">24690215</infon><infon key="section_type">REF</infon><infon key="source">Trials</infon><infon key="type">ref</infon><infon key="volume">15</infon><infon key="year">2014</infon><offset>37081</offset><text>Improving clinical trial efficiency by biomarker-guided patient selection</text></passage><passage><infon key="fpage">7</infon><infon key="issue">supp 1</infon><infon key="lpage">13</infon><infon key="name_0">surname:Tilki;given-names:D</infon><infon key="name_1">surname:Evans;given-names:CP</infon><infon key="pub-id_pmid">24775718</infon><infon key="section_type">REF</infon><infon key="source">Can J Urol</infon><infon key="type">ref</infon><infon key="volume">21</infon><infon key="year">2014</infon><offset>37155</offset><text>The changing landscape of advanced and castration resistant prostate cancer: Latest science and revised definitions</text></passage><passage><infon key="section_type">APPENDIX</infon><infon key="type">title</infon><offset>37271</offset><text>Appendix</text></passage><passage><infon key="section_type">APPENDIX</infon><infon key="type">title_1</infon><offset>37280</offset><text>Prostate Cancer DREAM Challenge Community Members</text></passage><passage><infon key="section_type">APPENDIX</infon><infon key="type">paragraph</infon><offset>37330</offset><text>Kald Abdallah, AstraZeneca, Gaithersburg, MD; Antti Airola, Department of Information Technology, University of Turku, Turku, Finland; Tero Aittokallio, Department of Mathematics and Statistics, University of Turku, Turku; Institute for Molecular Medicine Finland, University of Helsinki, Helsinki, Finland; Catalina Anghel, Informatics and Biocomputing Program, Ontario Institute for Cancer Research, Toronto, Canada; Donna P. Ankerst, Department of Mathematics, Technische Universität München, Munich, Germany; Helia Azima, Electrical and Computer Engineering Department, Ryerson University, Toronto, Canada; Robert Baertsch, Department of Biomolecular Engineering and Center for Biomolecular Science and Engineering, University of California, Santa Cruz, CA; Pedro J. Ballester, Cancer Research Centre of Marseille, Marseille, France; Sage Bionetworks, Seattle, WA; Chris Bare, Sage Bionetworks, Seattle, WA; Vinayak Bhandari, Ontario Institute for Cancer Research, Toronto, Canada; Brian M. Bot, Sage Bionetworks, Seattle, WA; Ann-Sophie Buchardt, University of Copenhagen, Copenhagen, Denmark; Ljubomir Buturovic, Clinical Persona, East Palo Alto, CA; Da Cao, University of Pennsylvania, Philadelphia, PA; Prabhakar Chalise, Department of Biostatistics, University of Kansas Medical Center, Kansas City, KS; Billy H.W. Chang, Division of Biostatistics, Jockey Club School of Public Health and Primary Care, The Chinese University of Hong Kong; Junwoo Cho, Department of Statistics, Kyungpook National University, Daegu, South Korea; Tzu-Ming Chu, JMP Life Sciences Division, SAS Institute, Cary, NC; R. Yates Coley, Department of Biostatistics, Johns Hopkins University, Baltimore, MD; Sailesh Conjeti, Computer Aided Medical Procedures, Technische Universität München, Munich, Germany; Sara Correia, Department of Informatics, Centre of Biological Engineering, University of Minho, Minho, Portugal; James C. Costello, Department of Pharmacology &amp; Computational Biosciences Program, University of Colorado Comprehensive Cancer Center, University of Colorado, Anschutz Medical Campus, Aurora, CO; Ziwei Dai, Center for Quantitative Biology, Peking University, Beijing, China; Junqiang Dai, Department of Biostatistics, University of Kansas Medical Center, Kansas City, KS; Cuong C. Dang, Cancer Research Centre of Marseille, Marseille, France; Sage Bionetworks, Seattle, WA; Philip Dargatz, Johannes Wesling Klinikum Minden, Minden, Germany; Sam Delavarkhan, Electrical and Computer Engineering Department, Ryerson University, Toronto, Canada; Detian Deng, Department of Biostatistics, Johns Hopkins University, Baltimore, MD; Ankur Dhanik, Regeneron Pharmaceuticals, Tarrytown, NY; Yu Du, Department of Biostatistics, Johns Hopkins University, Baltimore, MD; University of Copenhagen, Copenhagen, Denmark; Aparna Elangovan, Computer Science Department, University of Melbourne, Melbourne, Australia; Shellie Ellis, Department of Health Policy and Management, University of Kansas Medical Center, Kansas City, KS; Laura L. Elo, Turku Centre for Biotechnology, University of Turku and Åbo Akademi University; Department of Mathematics and Statistics, University of Turku, Turku, Finland; Shadrielle M. Espiritu, Fan Fan, Ontario Institute for Cancer Research, Toronto, Canada; Ashkan B. Farshi, Electrical and Computer Engineering Department, Ryerson University, Toronto, Canada; Ana Freitas, Centre of Biological Engineering, University of Minho, Minho, Portugal; Brooke Fridley, Department of Biostatistics, University of Kansas Medical Center, Kansas City, KS; Christiane Fuchs, Institute of Computational Biology, Helmholtz Zentrum München; Department of Mathematics, Technische Universität München, Munich, Germany; Eyal Gofer, The Rachel and Selim Benin School of Computer Science and Engineering, The Hebrew University, Jerusalem, Israel; Agnieszka K. Golińska, Faculty of Mathematics and Informatics, University of Bialystok, Bialystok, Poland; Stefan Graw, Department of Biostatistics, University of Kansas Medical Center, Kansas City, KS; Russ Greiner, Department of Computing Science, University of Alberta; Alberta Innovates Centre for Machine Learning, Edmonton, Alberta, Canada; Justin Guinney, Sage Bionetworks, Seattle, WA; Jing Guo, Cancer Science Institute of Singapore, National University of Singapore, Singapore; Research and Development Department, Annoroad Gene Technology Co Ltd, Beijing, China; Pankaj Gupta, Computer Aided Medical Procedures, Technische Universität München, Munich, Germany; Anna I. Guyer, Department of Biology, Brigham Young University, Provo, UT; Jiawei Han, Department of Computer Science, The University of Illinois at Urbana-Champaign, IL; Niels R. Hansen, University of Copenhagen, Copenhagen, Denmark; Outi Hirvonen, Department of Oncology and Radiotherapy, Turku University Central Hospital, Turku, Finland; Barbara Huang, Ontario Institute for Cancer Research, Toronto, Canada; Chao Huang, Biostatistics and Imaging Analysis Lab, University of North Carolina at Chapel Hill, NC; Jinseub Hwang, Department of Computer Science and Statistics, Daegu University Daegu, South Korea; Joseph G. Ibrahim, Biostatistics and Imaging Analysis Lab, University of North Carolina at Chapel Hill, NC; Vivek Jayaswal, Biocon Bristol-Myers Squibb Research Centre, Bangalore, India; Jouhyun Jeon, Informatics and Biocomputing Program, Ontario Institute for Cancer Research, Toronto, Canada; Zhicheng Ji, Department of Biostatistics, Johns Hopkins University, Baltimore, MD; Deekshith Juvvadi, Jeevomics Pvt Ltd, New Delhi, India; Sirkku Jyrkkiö, Department of Oncology and Radiotherapy, Turku University Central Hospital, Turku, Finland; Kimberly Kanigel-Winner, University of Colorado, Anschutz Medical Campus, Aurora, CO; Amin Katouzian, Computer Aided Medical Procedures, Technische Universität München, Munich, Germany; Marat D. Kazanov, Research and Training Center on Bioinformatics, Institute for Information Transmission Problems, Russian Academy of Sciences, Moscow, Russia; Suleiman A. Khan, Institute for Molecular Medicine Finland, University of Helsinki, Helsinki, Finland; Shahin Khayyer, Electrical and Computer Engineering Department, Ryerson University, Toronto, Canada; Dalho Kim, Department of Statistics, Kyungpook National University, Daegu, South Korea; Devin Koestler, Department of Biostatistics, University of Kansas Medical Center, Kansas City, KS; Fernanda Kokowicz, Plant Morphogenesis and Biochemistry Laboratory, Federal University of Santa Catarina, Florianopolis, Brazil; Ivan Kondofersky, Norbert Krautenbacher, Institute of Computational Biology, Helmholtz Zentrum München; Department of Mathematics, Technische Universität München, Munich, Germany; Damjan Krstajic, Research Centre for Cheminformatics, Beograd, Serbia; Clinical Persona, East Palo Alto, CA; Luke Kumar, Department of Computing Science, University of Alberta, Edmonton, Alberta, Canada; Christoph Kurz, Institute of Health Economics and Health Care Management, Helmholtz Zentrum München, Munich, Germany; Matthew Kyan, Electrical Engineering and Computer Science Department, York University, Toronto, Canada; Teemu D. Laajala, Department of Mathematics and Statistics, University of Turku, Turku; Institute for Molecular Medicine Finland, University of Helsinki, Helsinki, Finland; Michael Laimighofer, Institute of Computational Biology, Helmholtz Zentrum München; Department of Mathematics, Technische Universität München, Munich, Germany; Eunjee Lee, Biostatistics and Imaging Analysis Lab, University of North Carolina at Chapel Hill, NC; Wojciech Lesiński, Faculty of Mathematics and Informatics, University of Bialystok, Bialystok, Poland; Miaozhu Li, Biodemography of Aging Research Unit, Center for Population Health and Aging, Social Science Research Institute, Duke University, Durham, NC; Ye Li, School of Computer Science, Shanghai Key Lab of Data Science, Fudan University, Shanghai, China; Qiuyu Lian, Tsinghua University, Beijing, China; Xiaotao Liang, School of Computer Science, Shanghai Key Lab of Intelligent Information Processing, Fudan University, Shanghai, China; Minseong Lim, Department of Statistics, Kyungpook National University, Daegu, South Korea; Henry Lin, Department of Computer Science, The University of Illinois at Urbana-Champaign, IL; Xihui Lin, Informatics and Biocomputing Program, Ontario Institute for Cancer Research, Toronto, Canada; Jing Lu, Department of Computational Medicine and Bioinformatics, University of Michigan, Ann Arbor, MI; Mehrad Mahmoudian, Turku Centre for Biotechnology, University of Turku and Åbo Akademi University, Turku, Finland; Roozbeh Manshaei, Electrical and Computer Engineering Department, Ryerson University, Toronto, Canada; Richard Meier, Department of Biostatistics, University of Kansas Medical Center, Kansas City, KS; Dejan Miljkovic, Computer Aided Medical Procedures, Technische Universität München, Munich, Germany; Tuomas Mirtti, Institute for Molecular Medicine Finland, University of Helsinki; Department of Pathology, Helsinki University Hospital, Helsinki, Finland; Krzysztof Mnich, Computational Centre, University of Bialystok, Bialystok, Poland; Nassir Navab, Computer Aided Medical Procedures, Technische Universität München, Munich, Germany; Elias C. Neto, Sage Bionetworks, Seattle, WA; Yulia Newton, Department of Biomolecular Engineering and Center for Biomolecular Science and Engineering, University of California, Santa Cruz, CA; Thea Norman, Sage Bionetworks, Seattle, WA; Tapio Pahikkala, Department of Information Technology, University of Turku, Finland; Subhabrata Pal, Centre for Cellular and Molecular Platforms, Bangalore, India; Byeongju Park, Department of Statistics, Kyungpook National University, Daegu, South Korea; Jaykumar Patel, Department of Computing Science, University of Alberta, Edmonton, Canada; Swetabh Pathak, Jeevomics Pvt Ltd, New Delhi, India; Alejandrin Pattin, Computer Aided Medical Procedures, Technische Universität München, Munich, Germany; Gopal Peddinti, Institute for Molecular Medicine Finland, University of Helsinki, Finland; Jian Peng, Department of Computer Science, The University of Illinois at Urbana-Champaign, IL; Anne H. Petersen, University of Copenhagen, Copenhagen, Denmark; Robin Philip, Jeevomics Pvt Ltd, New Delhi, India; Stephen R. Piccolo, Department of Biology, Brigham Young University, Provo, UT; Sebastian Pölsterl, Computer Aided Medical Procedures, Technische Universität München, Munich, Germany; Aneta Polewko-Klim, Faculty of Mathematics and Informatics, University of Bialystok, Bialystok, Poland; Karthik Rao, School of Medicine, Johns Hopkins University, Baltimore, MD; Xiang Ren, Department of Computer Science, The University of Illinois at Urbana-Champaign, IL; Miguel Rocha, Department of Informatics, Centre of Biological Engineering, University of Minho, Minho, Portugal; Witold R. Rudnicki, Faculty of Mathematics and Informatics, Computational Centre, University of Bialystok, Bialystok; Interdisciplinary Centre for Mathematical and Computational Modelling, University of Warsaw, Warsaw, Poland; Charles J. Ryan, Genitourinary Medical Oncology Program, Division of Hematology &amp; Oncology, University of California, San Francisco, CA; Hyunnam Ryu, Department of Statistics, Kyungpook National University, Daegu, South Korea; Oliver Sartor, Tulane Cancer Center, Tulane University, New Orleans, LA; Hagen Scherb, Institute of Computational Biology, Helmholtz Zentrum München, Munich, Germany; Raghav Sehgal, Jeevomics Pvt Ltd, New Delhi, India; Fatemeh Seyednasrollah, Turku Centre for Biotechnology, University of Turku and Åbo Akademi University; Department of Mathematics and Statistics, University of Turku, Turku, Finland; Jingbo Shang, Department of Computer Science, The University of Illinois at Urbana-Champaign, IL; Bin Shao, Center for Quantitative Biology, Peking University, Beijing, China; Liji Shen, Sanofi, Bridgewater, NJ; Howard Sher, Sidney Kimmel Center for Prostate and Urologic Cancers, Memorial Sloan-Kettering Cancer Center and Weill Cornell Medical College, New York, NY; Motoki Shiga, Department of Electrical, Electronic and Computer Engineering, Gifu University, Gifu, Japan; Artem Sokolov, Department of Biomolecular Engineering and Center for Biomolecular Science and Engineering, University of California, Santa Cruz, CA; Julia F. Söllner, Institute of Computational Biology, Helmholtz Zentrum München, Munich, Germany; Lei Song, National Cancer Institute, National Institutes of Health, Rockville, MD; Howard Soule, Prostate Cancer Foundation, Santa Monica, CA; Gustavo Stolovitzky, IBM T.J. Watson Research Center, IBM, Yorktown Heights, NY; Josh Stuart, Department of Biomolecular Engineering and Center for Biomolecular Science and Engineering, University of California, Santa Cruz, CA; Ren Sun, Informatics and Biocomputing Program, Ontario Institute for Cancer Research; Department of Pharmacology and Toxicology, University of Toronto, Toronto, Canada; Christopher J. Sweeney, Department of Medical Oncology, Dana-Farber Cancer Institute and Brigham and Women’s Hospital, Harvard Medical School, Boston, MA; Nazanin Tahmasebi, Department of Computing Science, University of Alberta, Edmonton, Canada; Kar-Tong Tan, Cancer Science Institute of Singapore, National University of Singapore, Singapore; Lisbeth Tomaziu, University of Copenhagen, Copenhagen, Denmark; Joseph Usset, Department of Biostatistics, University of Kansas Medical Center, Kansas City, KS; Yeeleng S. Vang, Department of Computer Science, University of California Irvine, Irvine, CA; Roberto Vega, Department of Computing Science, University of Alberta, Edmonton, Canada; Vitor Vieira, Centre of Biological Engineering, University of Minho, Minho, Portugal; David Wang, Ontario Institute for Cancer Research, Toronto, Canada; Difei Wang, Department of Biochemistry and Molecular and Cellular Biology, Georgetown University Medical Center, Washington, DC; Junmei Wang, University of Texas Southwestern, Dallas, TX; Lichao Wang, Computer Aided Medical Procedures, Technische Universität München, Munich, Germany; Sheng Wang, Department of Computer Science, The University of Illinois at Urbana-Champaign, IL; Tao Wang, Quantitative Biomedical Research Center, Department of Clinical Sciences; Center for the Genetics of Host Defense, University of Texas Southwestern Medical Center, Dallas, TX; Yue Wang, Biostatistics and Imaging Analysis Lab, University of North Carolina at Chapel Hill, NC; Russ Wolfinger, JMP Life Sciences Division, SAS Institute, Cary, NC; Chris Wong, Department of Biomolecular Engineering and Center for Biomolecular Science and Engineering, University of California, Santa Cruz, CA; Zhenke Wu, Department of Biostatistics, Johns Hopkins University, Baltimore, MD; Jinfeng Xiao, Center for Biophysics and Quantitative Biology, The University of Illinois at Urbana-Champaign, IL; Xiaohui Xie, Department of Computer Science, University of California Irvine, Irvine, CA; Doris Xin, Department of Computer Science, The University of Illinois at Urbana-Champaign, IL; Hojin Yang, Biostatistics and Imaging Analysis Lab, University of North Carolina at Chapel Hill, NC; Nancy Yu, Informatics and Biocomputing Program, Ontario Institute for Cancer Research, Toronto, Canada; Thomas Yu, Sage Bionetworks, Seattle, WA; Xiang Yu, University of Pennsylvania, Philadelphia, PA; Sulmaz Zahedi, The Institute of Biomaterials and Biomedical Engineering, University of Toronto; iBEST-Li Ka Shing Institute of Knowledge, St Michael’s Hospital, Toronto, Canada; Massimiliano Zanin, INNAXIS Foundation &amp; Research Institute, Madrid, Spain; Chihao Zhang, National Center for Mathematics and Interdisciplinary Sciences, Academy of Mathematics and Systems Science, Chinese Academy of Sciences, Beijing, China; Jingwen Zhang, Biostatistics and Imaging Analysis Lab, University of North Carolina at Chapel Hill, NC; Shihua Zhang, National Center for Mathematics and Interdisciplinary Sciences, Academy of Mathematics and Systems Science, Chinese Academy of Sciences, Beijing, China; Yanchun Zhang, School of Computer Science, Shanghai Key Lab of Data Science, Fudan University, Shanghai, China; Fang Liz Zhou, Sanofi, Bridgewater, NJ; Hongtu Zhu, Biostatistics and Imaging Analysis Lab, University of North Carolina at Chapel Hill, NC; Shanfeng Zhu, School of Computer Science, Shanghai Key Lab of Intelligent Information Processing, Centre for Computational Systems Biology, Fudan University, Shanghai, China; and Yuxin Zhu, Department of Biostatistics, Johns Hopkins University, Baltimore, MD.</text></passage></document></collection>
