<?xml version="1.0" encoding="UTF-8"?>
<!DOCTYPE collection SYSTEM "BioC.dtd">
<collection><source>PMC</source><date>20201223</date><key>pmc.key</key><document><id>6345056</id><infon key="license">CC BY</infon><passage><infon key="article-id_doi">10.1186/s12936-019-2662-9</infon><infon key="article-id_pmc">6345056</infon><infon key="article-id_pmid">30678733</infon><infon key="article-id_publisher-id">2662</infon><infon key="elocation-id">21</infon><infon key="kwd">Crowdsourcing Malaria classification Image analysis Games for health Telepathology</infon><infon key="license">Open AccessThis article is distributed under the terms of the Creative Commons Attribution 4.0 International License (http://creativecommons.org/licenses/by/4.0/), which permits unrestricted use, distribution, and reproduction in any medium, provided you give appropriate credit to the original author(s) and the source, provide a link to the Creative Commons license, and indicate if changes were made. The Creative Commons Public Domain Dedication waiver (http://creativecommons.org/publicdomain/zero/1.0/) applies to the data made available in this article, unless otherwise stated.</infon><infon key="name_0">surname:Linares;given-names:María</infon><infon key="name_1">surname:Postigo;given-names:María</infon><infon key="name_10">surname:Ledesma-Carbayo;given-names:María Jesús</infon><infon key="name_11">surname:Santos;given-names:Andrés</infon><infon key="name_12">surname:Bassat;given-names:Quique</infon><infon key="name_13">surname:Luengo-Oroz;given-names:Miguel</infon><infon key="name_14">surname:Linares;given-names:María</infon><infon key="name_2">surname:Cuadrado;given-names:Daniel</infon><infon key="name_3">surname:Ortiz-Ruiz;given-names:Alejandra</infon><infon key="name_4">surname:Gil-Casanova;given-names:Sara</infon><infon key="name_5">surname:Vladimirov;given-names:Alexander</infon><infon key="name_6">surname:García-Villena;given-names:Jaime</infon><infon key="name_7">surname:Nuñez-Escobedo;given-names:José María</infon><infon key="name_8">surname:Martínez-López;given-names:Joaquín</infon><infon key="name_9">surname:Rubio;given-names:José Miguel</infon><infon key="section_type">TITLE</infon><infon key="title">Keywords</infon><infon key="type">front</infon><infon key="volume">18</infon><infon key="year">2019</infon><offset>0</offset><text>Collaborative intelligence and gamification for on-line malaria species differentiation</text></passage><passage><infon key="section_type">ABSTRACT</infon><infon key="type">abstract_title_1</infon><offset>88</offset><text>Background</text></passage><passage><infon key="section_type">ABSTRACT</infon><infon key="type">abstract</infon><offset>99</offset><text>Current World Health Organization recommendations for the management of malaria include the need for a parasitological confirmation prior to triggering appropriate treatment. The use of rapid diagnostic tests (RDTs) for malaria has contributed to a better infection recognition and a more targeted treatment. Nevertheless, low-density infections and parasites that fail to produce HRP2 can cause false-negative RDT results. Microscopy has traditionally been the methodology most commonly used to quantify malaria and characterize the infecting species, but the wider use of this technique remains challenging, as it requires trained personnel and processing capacity.</text></passage><passage><infon key="section_type">ABSTRACT</infon><infon key="type">abstract_title_1</infon><offset>767</offset><text>Objective</text></passage><passage><infon key="section_type">ABSTRACT</infon><infon key="type">abstract</infon><offset>777</offset><text>In this study, the feasibility of an on-line system for remote malaria species identification and differentiation has been investigated by crowdsourcing the analysis of digitalized infected thin blood smears by non-expert observers using a mobile app.</text></passage><passage><infon key="section_type">ABSTRACT</infon><infon key="type">abstract_title_1</infon><offset>1029</offset><text>Methods</text></passage><passage><infon key="section_type">ABSTRACT</infon><infon key="type">abstract</infon><offset>1037</offset><text>An on-line videogame in which players learned how to differentiate the young trophozoite stage of the five Plasmodium species has been designed. Images were digitalized with a smartphone camera adapted to the ocular of a conventional light microscope. Images from infected red blood cells were cropped and puzzled into an on-line game. During the game, players had to decide the malaria species (Plasmodium falciparum, Plasmodium malariae, Plasmodium vivax, Plasmodium ovale, Plasmodium knowlesi) of the infected cells that were shown in the screen. After 2 months, each player’s decisions were analysed individually and collectively.</text></passage><passage><infon key="section_type">ABSTRACT</infon><infon key="type">abstract_title_1</infon><offset>1675</offset><text>Results</text></passage><passage><infon key="section_type">ABSTRACT</infon><infon key="type">abstract</infon><offset>1683</offset><text>On-line volunteers playing the game made more than 500,000 assessments for species differentiation. Statistically, when the choice of several players was combined (n &gt; 25), they were able to significantly discriminate Plasmodium species, reaching a level of accuracy of 99% for all species combinations, except for P. knowlesi (80%). Non-expert decisions on which Plasmodium species was shown in the screen were made in less than 3 s.</text></passage><passage><infon key="section_type">ABSTRACT</infon><infon key="type">abstract_title_1</infon><offset>2123</offset><text>Conclusion</text></passage><passage><infon key="section_type">ABSTRACT</infon><infon key="type">abstract</infon><offset>2134</offset><text>These findings show that it is possible to train malaria-naïve non-experts to identify and differentiate malaria species in digitalized thin blood samples. Although the accuracy of a single player is not perfect, the combination of the responses of multiple casual gamers can achieve an accuracy that is within the range of the diagnostic accuracy made by a trained microscopist.</text></passage><passage><infon key="section_type">ABSTRACT</infon><infon key="type">abstract_title_1</infon><offset>2515</offset><text>Electronic supplementary material</text></passage><passage><infon key="section_type">ABSTRACT</infon><infon key="type">abstract</infon><offset>2549</offset><text>The online version of this article (10.1186/s12936-019-2662-9) contains supplementary material, which is available to authorized users.</text></passage><passage><infon key="section_type">INTRO</infon><infon key="type">title_1</infon><offset>2685</offset><text>Background</text></passage><passage><infon key="section_type">INTRO</infon><infon key="type">paragraph</infon><offset>2696</offset><text>In 2016, an estimated 216 million cases of malaria occurred worldwide, leading to 445,000 deaths. Plasmodium falciparum remains the most prevalent malaria parasite in sub-Saharan Africa, accounting for 99% of estimated malaria cases. Outside of Africa, P. vivax is the predominant parasite in America, representing 64% of malaria cases, accounting for over 30% and 40% of the cases in the South East Asia and Eastern Mediterranean regions, respectively. Plasmodium malariae is widely distributed and it can be responsible for a significant proportion of malaria cases in some American regions. The Plasmodium ovale distribution is highest in Western Africa, potentially accounting for up to 10% of the cases. Finally, Plasmodium knowlesi is cause of human malaria in Malaysia and is increasing in other Southeast Asian countries. Due its similarities with P. falciparum, misidentification is common.</text></passage><passage><infon key="section_type">INTRO</infon><infon key="type">paragraph</infon><offset>3596</offset><text>Prompt diagnosis and treatment of malaria patients is the most effective intervention to avoid severe disease and reduce malaria transmission. World Health Organization recommends that every suspected malaria case be confirmed by microscopy or a rapid diagnostic test (RDT) before treatment. Nevertheless, low densities and parasites that fail to produce histidine-rich protein 2 (HRP2), one of the common antigens detected by RDT, can cause false-negative RDT results. Giemsa-stained thick and thin films of blood examined by light microscopy not only enables to confirm infection and estimate the parasitaemia levels, but also, identify the Plasmodium species.</text></passage><passage><infon key="section_type">INTRO</infon><infon key="type">paragraph</infon><offset>4259</offset><text>The correct classification of the species at the time of diagnosis is important for adequately tailoring the malaria treatment, as different species may require different therapeutic approaches. Most commonly, artemisinin-based combination treatment (ACT) is used for P. falciparum and P. vivax in regions where chloroquine resistance is prevalent whereas chloroquine is still used in most settings for non-falciparum species. Moreover, Plasmodium vivax and P. ovale require the addition of an anti-hypnozoite treatment (primaquine or tafenoquine) to prevent relapses.</text></passage><passage><infon key="section_type">INTRO</infon><infon key="type">paragraph</infon><offset>4828</offset><text>Previous reports have highlighted the challenges of correctly identifying the different malaria species. In a context where the relative contribution of the non-falciparum Plasmodium species to the global malaria burden seems to be growing, and where severe malaria cases are increasingly associated to P. vivax or even P. knowlesi, it is important to improve their differentiation. Malaria classification by light microscopy requires trained microscopy technicians, capable of detecting and identifying parasites with precision, using parasite and red blood cells morphological characteristics such as size, shape and pigmentation, a process that is time consuming, labor intensive and moderately complex. This time and expertise required could delay the correct diagnosis of hundreds of people during the high season.</text></passage><passage><infon key="section_type">INTRO</infon><infon key="type">paragraph</infon><offset>5648</offset><text>Crowdsourcing methodologies using the power of citizen connected via the Internet have been recently developed to solve scientific challenges involving “big data” analyses that cannot be entirely automated, improving the quality, cost, and speed of certain complex procedures. These contributions can be achieved with different motivation strategies, such as the gamification approach which intends, not only to entertain users, but also to train or educate them. Systems based on crowdsourcing strategies have been applied to solve public problems, including health challenges providing a promising complement to traditional methods. For instance, 165,000 citizen scientists have used the EyeWire platform to map the three-dimensional structure of retinal neurons. This mapping provides the first glimpse of how the structure and organization of neurons function to detect motion.</text></passage><passage><infon key="section_type">INTRO</infon><infon key="type">paragraph</infon><offset>6534</offset><text>In 2012 two research groups independently developed two on-line crowdsourcing platforms Biogames and MalariaSpot to diagnose malaria infected red blood cells using Giemsa-stained blood smears imaged under light microscopes. ‘‘BioGames’’ is a web-based training environment that teaches players to identify malaria-infected red blood cells in digitalized thin blood smears. The evaluation of an untrained crowd of gamers showed a similar diagnostic accuracy of trained diagnosticians. The MalariaSpot game showed that the combination of the parasite counts made by 20 on-line volunteers playing over the digitalized thick blood smear could achieve a parasite counting accuracy that is within that of the diagnostics decisions made by a trained microscopist too.</text></passage><passage><infon key="section_type">INTRO</infon><infon key="type">paragraph</infon><offset>7303</offset><text>In this study, the previous approach has been adapted and a system for remote malaria image analysis has been developed in order to discover if non-experts can make a correct identification of five different parasite species from digitalized thin blood smears. Moreover, this study proposes a methodology to combine multiple opinions from different on-line observers into one single collaborative decision and the time that is taken to reach these decisions has been measured.</text></passage><passage><infon key="section_type">METHODS</infon><infon key="type">title_1</infon><offset>7780</offset><text>Methods</text></passage><passage><infon key="section_type">METHODS</infon><infon key="type">paragraph</infon><offset>7788</offset><text>A videogame (“MalariaSpot Bubbles”) with embedded puzzles in which the gamers have to learn how to classify the five species of parasites (Plasmodium species: P. falciparum, P. malariae, P. vivax, P. ovale, P. knowlesi) has been developed using cropped images digitalized from thin blood films. The game had 4 levels of increasing difficulty, with players having to differentiate between two species on the first level, and up to five species in the last difficulty level (level 4). All the players’ decisions were registered in a database. After 2 months, all the collected data were processed in order to analyse the accuracy of the players to differentiate among species.</text></passage><passage><infon key="section_type">METHODS</infon><infon key="type">title_2</infon><offset>8470</offset><text>Digitalization of clinical samples</text></passage><passage><infon key="section_type">METHODS</infon><infon key="type">paragraph</infon><offset>8505</offset><text>The malaria slides used in this study were obtained from the Malaria and Emerging Parasitic Diseases Laboratory (Spanish National Biobanks Registry No: C.0001392). All slides were previously re-examined and verified by expert in the field, as well as confirmed by polymerase chain reaction (PCR) to give a species-specific diagnosis.</text></passage><passage><infon key="section_type">METHODS</infon><infon key="type">paragraph</infon><offset>8839</offset><text>Twenty Giemsa-stained anonymous thin blood smears were digitalized using a mobile phone (Sony Xperia Z2) coupled to an adaptor (Universal Digiscoping, Cellscope) as previously described by Ortiz et al.. Images were acquired with the “Camera FV-5 Pro” mobile application, under the oil immersion objective of the microscope Zeiss AX05COP2) in PNG format with resolution of 3.1 Mpx. Camera FV-5 Pro is a camera application for android mobile devices that allowed to define a standardized acquisition protocol by selecting stable parameters for exposure compensation, ISO, light metering mode, focus and white balance based on the qualitative assessment of ten experts on malaria microscopy. A total of 114 images of young trophozoites which represented with more confidence the species-specific parameters were chosen from this image repository, excluding those samples with presence of mixed infections, bad staining or those highly deteriorated. To build the set of images used in the game, each individual parasite was cropped to fixed dimensions of 190 × 190 pixels.</text></passage><passage><infon key="section_type">METHODS</infon><infon key="type">title_2</infon><offset>9917</offset><text>Game architecture</text></passage><passage><infon key="file">12936_2019_2662_Fig1_HTML.jpg</infon><infon key="id">Fig1</infon><infon key="section_type">FIG</infon><infon key="type">fig_caption</infon><offset>9935</offset><text>a Representative scheme of the process. b Instructions briefly explained in the tutorial shown at the beginning of the game. c Screen with unlocked bubbles to shoot and bubbles with padlocks to unlock. d Example of puzzle in level 1, 2, 3 and 4, respectively</text></passage><passage><infon key="section_type">METHODS</infon><infon key="type">paragraph</infon><offset>10194</offset><text>The objective of MalariaSpot Bubbles was to “shoot” colour bubbles and solve puzzles that required identifying the malaria species of an infected red blood cell to score points and pass levels. The game could be played on-line or be downloaded as an app for iOS or Android smartphones. To make the game more entertaining, the user was presented with a quest: to save mankind from malaria hunting the five malaria species in different countries of the world. A representative scheme of the process is seen in Fig. 1a. </text></passage><passage><infon key="section_type">METHODS</infon><infon key="type">paragraph</infon><offset>10717</offset><text>The instructions were briefly explained in the tutorial option at the beginning (Fig. 1b). During the game (Fig. 1c) players were confronted to puzzles that consisted of a screen in which the image of the parasite to diagnose was shown. Then, gamers had to choose the right parasite species using prototypical reference images (chosen randomly each time) as support (Fig. 1d). Once gamers had solved enough puzzles and scored enough points, they could progress to the next level. In the first level, they had to discriminate between P. falciparum and P. vivax and solve 10 puzzles. At level two, P. ovale was introduced and gamers had to learn to differentiate among the three species. In this level they had to solve 15 puzzles. For the third level the new species was P. malariae and there was a minimum of 20 puzzles to solve. In the fourth and last level gamers were introduced to P. knowlesi and 25 puzzles had to be solved to differentiate among the 5 species. Before starting each level, the users were presented with a screen showing the Plasmodium species presented at this level, highlighting differences in shape and size (Additional file 1: Figure S1a–e). Players were given continuous feedback: after every success or mistake they were shown the right solution (Additional file 1: Figure S1f–g). At the end of the game, scores were shown (Additional file 1: Figure S1h) and players were invited to register in the high scores table.</text></passage><passage><infon key="section_type">METHODS</infon><infon key="type">title_2</infon><offset>12170</offset><text>Data collection and preprocessing</text></passage><passage><infon key="section_type">METHODS</infon><infon key="type">paragraph</infon><offset>12204</offset><text>All the player´s decisions from each puzzle or species classification were transmitted in real time by the videogame to the cloud and stored in a custom-made database using the backend as a service Parse and the open-standard JSON format. Data contained the image identification number, puzzle identification number, if the response was true or false, response chosen by the gamer, correct solution, level, time to response, platform (android, ios, webgl) and nickname of the player.</text></passage><passage><infon key="section_type">METHODS</infon><infon key="type">title_2</infon><offset>12689</offset><text>Statistical analysis</text></passage><passage><infon key="section_type">METHODS</infon><infon key="type">paragraph</infon><offset>12710</offset><text>All statistical analyses were performed using SPSS (version 23) and the GraphPad Prism Software (version 6). Contingency tables were used to analyse associations between categorical variables, considering Fisher exact test or Chi square test for statistical significance. The parametric T-Student test or the non-parametric test U-Mann–Whitney were used to compare averages of continuous variables between two groups and the parametric analysis of variance (ANOVA) Test or the non-parametric test Kruskal–Wallis were used when more of two groups were compared. Chi Square test was used for categorical variables. P values ≤ 0.05 were considered statistically significant.</text></passage><passage><infon key="section_type">METHODS</infon><infon key="type">title_2</infon><offset>13392</offset><text>Collaborative species classification</text></passage><passage><infon key="section_type">METHODS</infon><infon key="type">paragraph</infon><offset>13429</offset><text>A simulation environment using Matlab was created in order to assess the performance of a potential real-time system that could use the analysis made by multiple players over the same image. In particular, for each image sample and for different sizes of the group of players analysing the same image, the decisions made by players were recreated and provided a collective decision based on the parasite species which was selected more times by the players conforming the group. The simulation environment allowed to replicate the experiment multiple times with different groups for each sample.</text></passage><passage><infon key="section_type">METHODS</infon><infon key="type">title_2</infon><offset>14025</offset><text>Ethics</text></passage><passage><infon key="section_type">METHODS</infon><infon key="type">paragraph</infon><offset>14032</offset><text>No ethical review board approval was required since the images used in our work were not linked to any patient data or diagnosis and the samples belong to the Spanish National Biobanks (Registry No: C.0001392). Data analysed in this research were anonymously produced by on-line volunteers who agreed to play an on-line internet game. Participants were informed of the research purposes of the game.</text></passage><passage><infon key="section_type">RESULTS</infon><infon key="type">title_1</infon><offset>14432</offset><text>Results</text></passage><passage><infon key="section_type">RESULTS</infon><infon key="type">title_2</infon><offset>14440</offset><text>Videogame and crowdsourcing architecture</text></passage><passage><infon key="section_type">RESULTS</infon><infon key="type">paragraph</infon><offset>14481</offset><text>A videogame and a backend architecture with servers and databases on the cloud that allowed to run the experiments in real time was developed, showing new image samples to the players and collecting all the information that they produced in real time. After multiple in-house tests, MalariaSpot Bubbles was made available to the public on April 25, 2016 (World Malaria Day). In July 2016, more than 25,000 people from 121 different countries around the world had played MalariaSpot Bubbles. In this period, gamers played a total of 596,235 puzzles over the 114 images samples tested in the game and generating a database of more than half a million species classification decisions.</text></passage><passage><infon key="section_type">RESULTS</infon><infon key="type">title_2</infon><offset>15164</offset><text>Players’ behaviour</text></passage><passage><infon key="file">12936_2019_2662_Fig2_HTML.jpg</infon><infon key="id">Fig2</infon><infon key="section_type">FIG</infon><infon key="type">fig_caption</infon><offset>15185</offset><text>a Percentage of correct (true, green) or incorrect (false, red) answers of players when all the levels were analysed together. b Percentage of correct answers of gamers in the different levels of difficulty. c Time to answer when gamers hit the response (true, green) or not (false, red) in global (all levels) and in the 4 different levels of difficulty. d Time to answer in the four levels of difficulty. Values given represents the mean ± SEM. ***P ≤ 0.0001</text></passage><passage><infon key="section_type">RESULTS</infon><infon key="type">paragraph</infon><offset>15657</offset><text>Out of a total of 596,235 decisions, 447,176 (75%) tagged the correct species. Gamers were able to identify the species correctly most of the times in all the levels, but performance decreased with the number of options (level) as expected (Fig. 2a, b). The digital nature of the classification task allowed to quantify the time from the moment that the image of the infected blood sample is shown to the moment when the decision is taken. The mean time to decide the malaria species shown in the image was 2.09 s and depended on the level of difficulty itself, ranging from 1.96 s for 2 species to 2.33 s if the decision was between 5 possible species (Fig. 2d). Interestingly, gamers spent less time when they choose the correct species in all the levels analysed (Fig. 2c). The percentage of correct classifications increased as players performed more classifications (Additional file 2: Figure S2a) and they spent less time (Additional file 2: Figure S2b). The percentage of success also increased when players have beaten the four levels of difficulty (Additional file 2: Figure S2c). </text></passage><passage><infon key="section_type">RESULTS</infon><infon key="type">title_2</infon><offset>16754</offset><text>Species differentiation</text></passage><passage><infon key="file">12936_2019_2662_Fig3_HTML.jpg</infon><infon key="id">Fig3</infon><infon key="section_type">FIG</infon><infon key="type">fig_caption</infon><offset>16778</offset><text>Percentage of answers for each species shown at level 1 (a), 2 (b), 3 (c) and 4 (d). The correct solution is represented in green and false answers in red. Values given represents the mean ± SEM. ***P ≤ 0.0001</text></passage><passage><infon key="section_type">RESULTS</infon><infon key="type">paragraph</infon><offset>16999</offset><text>Gamers accurately differentiated the five malaria species (P ≤ 0.0001). It is important to note that the probability of success was higher at level 1 (when only P. falciparum and P. vivax were shown) than at level 4 (when all the species were shown at the same time). Results were analysed independently for every level (Fig. 3). </text></passage><passage><infon key="section_type">RESULTS</infon><infon key="type">paragraph</infon><offset>17337</offset><text>At level 1, 116,080 decisions were obtained for questions related to P. falciparum and 116,080 answers for P. vivax. Both species were significantly differentiated by gamers (P ≤ 0.0001). The percentages of correct answers were 79% and 83% for P. falciparum and P. vivax, respectively. The specificity of this level was 99.9% for both species.</text></passage><passage><infon key="section_type">RESULTS</infon><infon key="type">paragraph</infon><offset>17687</offset><text>At level 2, the percentage of success for the new introduced species, P. ovale, reached 79%. Nevertheless, the number of hits for P. vivax decreased to 66% (which was mistaken with P. ovale in 23% of the cases). The successful identification of P. falciparum was similar to level 1 (82% of correct answers). In this level, 163,661 decisions were registered: 54,358 for P. falciparum images, 54,542 for P. vivax and 54,761 for P. ovale. Again, the three species were correctly differentiated by gamers (P ≤ 0.0001) and a specificity of diagnosis of 99.9% was obtained.</text></passage><passage><infon key="section_type">RESULTS</infon><infon key="type">paragraph</infon><offset>18261</offset><text>At level 3, users were still capable of significantly distinguishing the four species shown (P ≤ 0.0001). A specificity of diagnosis of 99.9% for P. falciparum, P. vivax and P. ovale and of 90% for P. malariae was achieved. The level of success for the three species which had been already introduced was similar to the observed at level 2 (80% of hits for P. falciparum with a total of 29,185 clicks, 71% for P. vivax with a total of 29,392 decisions and 62% for P. ovale with a total of 29,596 clicks). For the new species, P. malariae, a total of 29,920 answers were registered, with a 62% success rate.</text></passage><passage><infon key="section_type">RESULTS</infon><infon key="type">paragraph</infon><offset>18874</offset><text>At the last and most difficult level, gamers continued differentiating the five species shown (P ≤ 0.0001). The same level of hits was obtained for P. falciparum (81% for a total of 16,344 decisions); P. ovale (69% for a total of 16,689); P. vivax (61% for a total of 16,612) and P. malariae (57% for a total of 16,562). The most challenging species to differentiate at level 4 was P. knowlesi, with a 45% of hits over 16,490 decisions. This newly introduced species was mostly mistaken with P. malariae (in a 29% of the cases), although both species were significantly differentiated (P ≤ 0.0001). The level of specificity of this level was 99.9% for P. falciparum, P. vivax and P. ovale, 90% for P. malariae and 81% for P. knowlesi.</text></passage><passage><infon key="section_type">RESULTS</infon><infon key="type">title_2</infon><offset>19621</offset><text>Collaborative species classification</text></passage><passage><infon key="file">12936_2019_2662_Fig4_HTML.jpg</infon><infon key="id">Fig4</infon><infon key="section_type">FIG</infon><infon key="type">fig_caption</infon><offset>19658</offset><text>Model of the collective identification of malaria species. Curve fitting of the mean accuracy rate for all group sizes (1–40) and training levels. Each point represents the average ± SEM from 30 measures</text></passage><passage><infon key="section_type">RESULTS</infon><infon key="type">paragraph</infon><offset>19869</offset><text>Finally, the minimum number of on-line analysts over the same sample that would be needed to obtain an accurate diagnosis in a hypothetical real time system was evaluated. For this, 30 simulations of the analysis of each of the images samples for group sizes from 2 to 40 gamers in each of the levels were performed. In each simulation, the individual decisions of a random group of players of a certain size are combined into a collective decision by a voting algorithm that chooses the species which obtains more votes (Fig. 4). For level 1 (P. falciparum and P. vivax), the probability of correct species classification reached 99.9% when the answers of a minimum of 14 gamers were combined. For level 2 (P. falciparum, P. vivax and P. ovale), it reached 99.9% when the group of gamers had a minimum size of 15. When 4 species where compared (level 3: P. falciparum, P. vivax, P. ovale and P. malariae), the maximum probability reached was 99%. This probability was obtained when the size of the group was composed of at least of 25 gamers. For the most difficult level (level 4: P. falciparum, P. vivax, P. ovale, P. malariae and P. knowlesi), the maximum probability reached was 80%, obtained when combining the answers of at least 17 gamers. </text></passage><passage><infon key="section_type">DISCUSS</infon><infon key="type">title_1</infon><offset>21119</offset><text>Discussion</text></passage><passage><infon key="section_type">DISCUSS</infon><infon key="type">paragraph</infon><offset>21130</offset><text>This study reports results of an innovative on-line game platform for classifying malaria parasites from images of thin blood smears digitalized by a smartphone coupled to a conventional light microscope. Results extracted from more than half a million malaria species classifications attempts using an on-line app made by on-line volunteers showed that combining the answers from different players, the diagnosis obtained can be as accurate as the one obtained by an expert, especially for P. falciparum, P. vivax and P. ovale. Volunteers experienced more difficulties when they had to distinguish between P. malariae and P. knowlesi classification, a finding also experienced among expert microscopists in real life, as trophozoites of both species are very similar under the microscope. Previous works report the difficulty for differentiating these latter two species from one to another and from the others. An earlier introduction of the species or a different training strategy could facilitate the learning process, as it has been reported in areas non-familiarized with the non-falciparum infections. In this line, the applications of such system could be also used for training and educational purposes for students and field workers to improve the diagnosis performance. It is also worth noting the strong impact of the projects in terms of sensitization since in only a few months, more than 25,000 people were exposed to information regarding malaria and its diagnosis. In this study, in order to simplify the complexity of the game, only the early trophozoite forms of the five malaria species have been evaluated. Nevertheless, as demonstrated in a previous work, non-expert volunteers are able to differentiate the four parasite stages, although they presented more difficulties to discriminate gametocytes. Further studies are necessary to include late stage trophozoites, schizonts and gametocytes.</text></passage><passage><infon key="section_type">DISCUSS</infon><infon key="type">paragraph</infon><offset>23047</offset><text>In addition to capacity building and advocacy applications, the proposed approach could offer an alternative or complementary approach to classify malaria species using remote digital analysis. This system could use a mobile phone coupled to a regular microscope or directly a mobile microscope to digitalize the sample and transmit it to the internet over the mobile network which distributes the images to enough on-line examiners and produces an aggregate parasite classification and quantification that is sent back to the app in the field. Such platform will require a digitalization system with demonstrated optical resolution and robustness to be deployed in the field, mobile connectivity and enough bandwidth to upload the compressed images, and enough on-line examiners to provide a fast analysis. Although the proposed system needs some level of expertise to prepare and acquire the images, once the slide is prepared, the process of image digitalization and transmission over the mobile network can be done with a specific app that is easy to use and does not require specific training for the user. Image regions with red blood cells can be cropped manually after the digitalization process in the same app or could be automatically detected by a machine learning algorithm. In a field test done by our team in Mozambique, the complete process of digitalizing a sample (in this case thick smears), uploading them to the internet, volunteers making the on-line analysis and sending back the results to the field took 15 min.</text></passage><passage><infon key="section_type">DISCUSS</infon><infon key="type">paragraph</infon><offset>24585</offset><text>A complete digital diagnosis protocol could be divided in two steps, each one corresponding to a different game. First determine parasitaemia in a thick smear and then perform the species differentiation and also evaluate the possibility of a mixed infection.</text></passage><passage><infon key="section_type">DISCUSS</infon><infon key="type">paragraph</infon><offset>24845</offset><text>These results are in line with previous works that required other visual tasks over medical images. As a by-product of our experimental setting, it was measured the time that takes to decide which is the species, which is in the order of 2–3 s. Such a short time reinforces the idea that it is possible and easy to train non-experts in specific tasks around visual interpretation of biomedical images.</text></passage><passage><infon key="section_type">DISCUSS</infon><infon key="type">paragraph</infon><offset>25250</offset><text>Other approaches, as automatic image processing pipelines and more recently artificial intelligence systems based on neural network models have provided high levels of sensitivity and specificity in malaria image analysis which could allow to detect sub-clinic malaria in microscopic samples. However, one of the main challenges for these type of methods is the need for a massive database with tagged images to train the algorithms for each acquisition environment. A hybrid system that combines on-line volunteers tagging images in a particular acquisition environment and artificial intelligence models that adapt based on collaborative decisions will increase the performance of any of the existing approaches individually.</text></passage><passage><infon key="section_type">CONCL</infon><infon key="type">title_1</infon><offset>25978</offset><text>Conclusions</text></passage><passage><infon key="section_type">CONCL</infon><infon key="type">paragraph</infon><offset>25990</offset><text>In conclusion, this work demonstrates that non-expert gamers can easily and rapidly learn the process of malaria classification, producing an accurate collective species classification when results from different players are aggregated. While more work needs to be done to deploy an operational solution, this method could offer a universally available solution to achieve a rapid diagnosis of the malaria species for those areas with mobile connectivity and without microscopy expertise.</text></passage><passage><infon key="section_type">CONCL</infon><infon key="type">title_1</infon><offset>26479</offset><text>Additional files</text></passage><passage><infon key="section_type">ABBR</infon><infon key="type">title</infon><offset>26496</offset><text>Abbreviations</text></passage><passage><infon key="section_type">ABBR</infon><infon key="type">paragraph</infon><offset>26510</offset><text>ACT</text></passage><passage><infon key="section_type">ABBR</infon><infon key="type">paragraph</infon><offset>26514</offset><text>artemisinin-based combination treatment</text></passage><passage><infon key="section_type">ABBR</infon><infon key="type">paragraph</infon><offset>26554</offset><text>ANOVA</text></passage><passage><infon key="section_type">ABBR</infon><infon key="type">paragraph</infon><offset>26560</offset><text>analysis of variance</text></passage><passage><infon key="section_type">ABBR</infon><infon key="type">paragraph</infon><offset>26581</offset><text>HRP2</text></passage><passage><infon key="section_type">ABBR</infon><infon key="type">paragraph</infon><offset>26586</offset><text>histidine-rich protein 2</text></passage><passage><infon key="section_type">ABBR</infon><infon key="type">paragraph</infon><offset>26611</offset><text>PCR</text></passage><passage><infon key="section_type">ABBR</infon><infon key="type">paragraph</infon><offset>26615</offset><text>polymerase chain reaction</text></passage><passage><infon key="section_type">REF</infon><infon key="type">title</infon><offset>26641</offset><text>References</text></passage><passage><infon key="section_type">REF</infon><infon key="type">ref</infon><offset>26652</offset><text>WHO. World Malaria report 2017. Geneva: World Health Organization. 2017. http://www.who.int/malaria/publications/world-malaria-report-2017/en/. Accessed 3 Feb 2018.</text></passage><passage><infon key="fpage">5543</infon><infon key="name_0">surname:Camargo;given-names:M</infon><infon key="name_1">surname:Soto-De León;given-names:SC</infon><infon key="name_2">surname:Del Río-Ospina;given-names:L</infon><infon key="name_3">surname:Páez;given-names:AC</infon><infon key="name_4">surname:González;given-names:Z</infon><infon key="name_5">surname:González;given-names:E</infon><infon key="pub-id_doi">10.1038/s41598-018-23801-9</infon><infon key="pub-id_pmid">29615693</infon><infon key="section_type">REF</infon><infon key="source">Sci Rep.</infon><infon key="type">ref</infon><infon key="volume">8</infon><infon key="year">2018</infon><offset>26817</offset><text>Micro-epidemiology of mixed-species malaria infections in a rural population living in the Colombian Amazon region</text></passage><passage><infon key="fpage">113</infon><infon key="name_0">surname:Obare;given-names:P</infon><infon key="name_1">surname:Ogutu;given-names:B</infon><infon key="name_2">surname:Adams;given-names:M</infon><infon key="name_3">surname:Odera;given-names:JS</infon><infon key="name_4">surname:Lilley;given-names:K</infon><infon key="name_5">surname:Dosoo;given-names:D</infon><infon key="pub-id_doi">10.1186/1475-2875-12-113</infon><infon key="pub-id_pmid">23537145</infon><infon key="section_type">REF</infon><infon key="source">Malar J.</infon><infon key="type">ref</infon><infon key="volume">12</infon><infon key="year">2013</infon><offset>26932</offset><text>Misclassification of Plasmodium infections by conventional microscopy and the impact of remedial training on the proficiency of laboratory technicians in species identification</text></passage><passage><infon key="fpage">411</infon><infon key="name_0">surname:Tajebe;given-names:A</infon><infon key="name_1">surname:Magoma;given-names:G</infon><infon key="name_2">surname:Aemero;given-names:M</infon><infon key="name_3">surname:Kimani;given-names:F</infon><infon key="pub-id_doi">10.1186/1475-2875-13-411</infon><infon key="pub-id_pmid">25326079</infon><infon key="section_type">REF</infon><infon key="source">Malar J.</infon><infon key="type">ref</infon><infon key="volume">13</infon><infon key="year">2014</infon><offset>27109</offset><text>Detection of mixed infection level of Plasmodium falciparum and Plasmodium vivax by SYBR Green I-based real-time PCR in North Gondar, North-West Ethiopia</text></passage><passage><infon key="fpage">8</infon><infon key="name_0">surname:Barber;given-names:B</infon><infon key="name_1">surname:William;given-names:T</infon><infon key="name_2">surname:Grigg;given-names:M</infon><infon key="name_3">surname:Yeo;given-names:T</infon><infon key="name_4">surname:Anstey;given-names:N</infon><infon key="pub-id_doi">10.1186/1475-2875-12-8</infon><infon key="pub-id_pmid">23294844</infon><infon key="section_type">REF</infon><infon key="source">Malar J.</infon><infon key="type">ref</infon><infon key="volume">12</infon><infon key="year">2013</infon><offset>27263</offset><text>Limitations of microscopy to differentiate Plasmodium species in a region co-endemic for Plasmodium falciparum, Plasmodium vivax and Plasmodium knowlesi</text></passage><passage><infon key="fpage">29</infon><infon key="name_0">surname:Piera;given-names:KA</infon><infon key="name_1">surname:Aziz;given-names:A</infon><infon key="name_2">surname:William;given-names:T</infon><infon key="name_3">surname:Bell;given-names:D</infon><infon key="name_4">surname:González;given-names:IJ</infon><infon key="name_5">surname:Barber;given-names:BE</infon><infon key="pub-id_doi">10.1186/s12936-016-1676-9</infon><infon key="pub-id_pmid">28086789</infon><infon key="section_type">REF</infon><infon key="source">Malar J.</infon><infon key="type">ref</infon><infon key="volume">16</infon><infon key="year">2017</infon><offset>27416</offset><text>Detection of Plasmodium knowlesi, Plasmodium falciparum and Plasmodium vivax using loop-mediated isothermal amplification (LAMP) in a co-endemic area in Malaysia</text></passage><passage><infon key="fpage">194</infon><infon key="lpage">198</infon><infon key="name_0">surname:Koita;given-names:OA</infon><infon key="name_1">surname:Doumbo;given-names:OK</infon><infon key="name_2">surname:Ouattara;given-names:A</infon><infon key="name_3">surname:Tall;given-names:LK</infon><infon key="name_4">surname:Konaré;given-names:A</infon><infon key="name_5">surname:Diakité;given-names:M</infon><infon key="pub-id_doi">10.4269/ajtmh.2012.10-0665</infon><infon key="pub-id_pmid">22302847</infon><infon key="section_type">REF</infon><infon key="source">Am J Trop Med Hyg</infon><infon key="type">ref</infon><infon key="volume">86</infon><infon key="year">2012</infon><offset>27578</offset><text>False-negative rapid diagnostic tests for malaria and deletion of the histidine-rich repeat region of the hrp2 gene</text></passage><passage><infon key="fpage">S18</infon><infon key="name_0">surname:Kaewkamnerd;given-names:S</infon><infon key="name_1">surname:Uthaipibull;given-names:C</infon><infon key="name_2">surname:Intarapanich;given-names:A</infon><infon key="name_3">surname:Pannarut;given-names:M</infon><infon key="name_4">surname:Chaotheing;given-names:S</infon><infon key="name_5">surname:Tongsima;given-names:S</infon><infon key="pub-id_doi">10.1186/1471-2105-13-S17-S18</infon><infon key="section_type">REF</infon><infon key="source">BMC Bioinformatics</infon><infon key="type">ref</infon><infon key="volume">13</infon><infon key="year">2012</infon><offset>27694</offset><text>An automatic device for detection and classification of malaria parasite species in thick blood film</text></passage><passage><infon key="fpage">117</infon><infon key="name_0">surname:Andrade;given-names:BB</infon><infon key="name_1">surname:Reis-Filho;given-names:A</infon><infon key="name_2">surname:Barros;given-names:AM</infon><infon key="name_3">surname:Souza-Neto;given-names:SM</infon><infon key="name_4">surname:Nogueira;given-names:LL</infon><infon key="name_5">surname:Fukutani;given-names:KF</infon><infon key="pub-id_doi">10.1186/1475-2875-9-117</infon><infon key="pub-id_pmid">20459613</infon><infon key="section_type">REF</infon><infon key="source">Malar J.</infon><infon key="type">ref</infon><infon key="volume">9</infon><infon key="year">2010</infon><offset>27795</offset><text>Towards a precise test for malaria diagnosis in the Brazilian Amazon: comparison among field microscopy, a rapid diagnostic test, nested PCR, and a computational expert system based on artificial neural networks</text></passage><passage><infon key="section_type">REF</infon><infon key="type">ref</infon><offset>28007</offset><text>WHO. Methods for field trials of malaria rapid diagnostic tests. Geneva: World Health Organization. 2009. http://www.who.int/malaria/publications/atoz/9789290614166_field_trials/en/. Accessed 26 Feb 2018.</text></passage><passage><infon key="fpage">e0004195</infon><infon key="name_0">surname:Langford;given-names:S</infon><infon key="name_1">surname:Douglas;given-names:NM</infon><infon key="name_2">surname:Lampah;given-names:DA</infon><infon key="name_3">surname:Simpson;given-names:JA</infon><infon key="name_4">surname:Kenangalem;given-names:E</infon><infon key="name_5">surname:Sugiarto;given-names:P</infon><infon key="pub-id_doi">10.1371/journal.pntd.0004195</infon><infon key="pub-id_pmid">26720002</infon><infon key="section_type">REF</infon><infon key="source">PLoS Negl Trop Dis.</infon><infon key="type">ref</infon><infon key="volume">9</infon><infon key="year">2015</infon><offset>28212</offset><text>Plasmodium malariae infection associated with a high burden of anemia: a hospital-based surveillance study</text></passage><passage><infon key="section_type">REF</infon><infon key="type">ref</infon><offset>28319</offset><text>WHO. Guidelines for the treatment of malaria. Geneva, World Health Organization. 2015. http://www.who.int/malaria/publications/atoz/9789241549127/en/. Accessed 10 Jan 2018.</text></passage><passage><infon key="fpage">e0006440</infon><infon key="name_0">surname:Watson;given-names:J</infon><infon key="name_1">surname:Taylor;given-names:WRJ</infon><infon key="name_2">surname:Bancone;given-names:G</infon><infon key="name_3">surname:Chu;given-names:CS</infon><infon key="name_4">surname:Jittamala;given-names:P</infon><infon key="name_5">surname:White;given-names:NJ</infon><infon key="pub-id_doi">10.1371/journal.pntd.0006440</infon><infon key="pub-id_pmid">29677199</infon><infon key="section_type">REF</infon><infon key="source">PLoS Negl Trop Dis.</infon><infon key="type">ref</infon><infon key="volume">12</infon><infon key="year">2018</infon><offset>28492</offset><text>Implications of current therapeutic restrictions for primaquine and tafenoquine in the radical cure of vivax malaria</text></passage><passage><infon key="fpage">e00711</infon><infon key="lpage">e00718</infon><infon key="name_0">surname:Thakkar;given-names:N</infon><infon key="name_1">surname:Green;given-names:JA</infon><infon key="name_2">surname:Koh;given-names:GCKW</infon><infon key="name_3">surname:Duparc;given-names:S</infon><infon key="name_4">surname:Tenero;given-names:D</infon><infon key="name_5">surname:Goyal;given-names:N</infon><infon key="pub-id_doi">10.1128/AAC.00711-18</infon><infon key="pub-id_pmid">30201820</infon><infon key="section_type">REF</infon><infon key="source">Antimicrob Agents Chemother</infon><infon key="type">ref</infon><infon key="volume">62</infon><infon key="year">2018</infon><offset>28609</offset><text>Population pharmacokinetics of tafenoquine, a novel anti-malarial</text></passage><passage><infon key="fpage">54</infon><infon key="name_0">surname:Ortiz-Ruiz;given-names:A</infon><infon key="name_1">surname:Postigo;given-names:M</infon><infon key="name_2">surname:Gil-Casanova;given-names:S</infon><infon key="name_3">surname:Cuadrado;given-names:D</infon><infon key="name_4">surname:Bautista;given-names:JM</infon><infon key="name_5">surname:Rubio;given-names:JM</infon><infon key="pub-id_doi">10.1186/s12936-018-2194-8</infon><infon key="pub-id_pmid">29378588</infon><infon key="section_type">REF</infon><infon key="source">Malar J.</infon><infon key="type">ref</infon><infon key="volume">17</infon><infon key="year">2018</infon><offset>28675</offset><text>Plasmodium species differentiation by non-expert on-line volunteers for remote malaria field diagnosis</text></passage><passage><infon key="fpage">e0005558</infon><infon key="name_0">surname:Krishna;given-names:S</infon><infon key="name_1">surname:Bhandari;given-names:S</infon><infon key="name_2">surname:Bharti;given-names:PK</infon><infon key="name_3">surname:Basak;given-names:S</infon><infon key="name_4">surname:Singh;given-names:N</infon><infon key="pub-id_doi">10.1371/journal.pntd.0005558</infon><infon key="pub-id_pmid">28683087</infon><infon key="section_type">REF</infon><infon key="source">PLoS Negl Trop Dis.</infon><infon key="type">ref</infon><infon key="volume">11</infon><infon key="year">2017</infon><offset>28778</offset><text>A rare case of quadruple malaria infection from the highly malaria-endemic area of Bastar, Chhattisgarh, India</text></passage><passage><infon key="section_type">REF</infon><infon key="type">ref</infon><offset>28889</offset><text>WHO. World Malaria Report 2015. Geneva: World Health Organization. 2015. http://www.who.int/malaria/publications/world-malaria-report-2015/en/. Accessed 7 Sept 2017.</text></passage><passage><infon key="fpage">3375</infon><infon key="lpage">3385</infon><infon key="name_0">surname:Ranjan;given-names:P</infon><infon key="name_1">surname:Ghoshal;given-names:U</infon><infon key="pub-id_doi">10.1007/s00436-016-5098-y</infon><infon key="pub-id_pmid">27147091</infon><infon key="section_type">REF</infon><infon key="source">Parasitol Res</infon><infon key="type">ref</infon><infon key="volume">115</infon><infon key="year">2016</infon><offset>29055</offset><text>Utility of nested polymerase chain reaction over the microscopy and immuno-chromatographic test in the detection of Plasmodium species and their clinical spectrum</text></passage><passage><infon key="fpage">e3071</infon><infon key="name_0">surname:Naing;given-names:C</infon><infon key="name_1">surname:Whittaker;given-names:MA</infon><infon key="name_2">surname:Nyunt Wai;given-names:V</infon><infon key="name_3">surname:Mak;given-names:JW</infon><infon key="pub-id_doi">10.1371/journal.pntd.0003071</infon><infon key="pub-id_pmid">25121491</infon><infon key="section_type">REF</infon><infon key="source">PLoS Negl Trop Dis.</infon><infon key="type">ref</infon><infon key="volume">8</infon><infon key="year">2014</infon><offset>29218</offset><text>Is Plasmodium vivax malaria a severe malaria?: a systematic review and meta-analysis</text></passage><passage><infon key="section_type">REF</infon><infon key="type">ref</infon><offset>29303</offset><text>Tek FB, Dempster AG, Kale I. Malaria parasite detection in peripheral blood images. In: Proc. Med. Imaging Understand. Anal. Conf., Manchester, UK; 2006. pp. 347–56.</text></passage><passage><infon key="fpage">431</infon><infon key="name_0">surname:Schenkmans;given-names:L</infon><infon key="section_type">REF</infon><infon key="source">Science</infon><infon key="type">ref</infon><infon key="volume">330</infon><infon key="year">2010</infon><offset>29471</offset><text>All hands on deck</text></passage><passage><infon key="fpage">373</infon><infon key="lpage">376</infon><infon key="name_0">surname:Mavandadi;given-names:S</infon><infon key="name_1">surname:Feng;given-names:S</infon><infon key="name_2">surname:Yu;given-names:F</infon><infon key="name_3">surname:Dimitrov;given-names:S</infon><infon key="name_4">surname:Yu;given-names:R</infon><infon key="name_5">surname:Ozcan;given-names:A</infon><infon key="pub-id_doi">10.1089/g4h.2012.0054</infon><infon key="pub-id_pmid">23724363</infon><infon key="section_type">REF</infon><infon key="source">Games Health J.</infon><infon key="type">ref</infon><infon key="volume">1</infon><infon key="year">2012</infon><offset>29489</offset><text>BioGames: a platform for crowd-sourced biomedical image analysis and telediagnosis</text></passage><passage><infon key="fpage">e46</infon><infon key="name_0">surname:Swan;given-names:M</infon><infon key="pub-id_doi">10.2196/jmir.1988</infon><infon key="pub-id_pmid">22397809</infon><infon key="section_type">REF</infon><infon key="source">J Med Internet Res.</infon><infon key="type">ref</infon><infon key="volume">14</infon><infon key="year">2012</infon><offset>29572</offset><text>Crowdsourced health research studies: an important emerging complement to clinical trials in the public health research ecosystem</text></passage><passage><infon key="fpage">135</infon><infon key="name_0">surname:Good;given-names:B</infon><infon key="name_1">surname:Su;given-names:A</infon><infon key="pub-id_doi">10.1186/gb-2011-12-12-135</infon><infon key="pub-id_pmid">22204700</infon><infon key="section_type">REF</infon><infon key="source">Genome Biol</infon><infon key="type">ref</infon><infon key="volume">12</infon><infon key="year">2011</infon><offset>29702</offset><text>Games with a scientific purpose</text></passage><passage><infon key="fpage">187</infon><infon key="lpage">203</infon><infon key="name_0">surname:Ranard;given-names:BL</infon><infon key="name_1">surname:Ha;given-names:YP</infon><infon key="name_2">surname:Meisel;given-names:ZF</infon><infon key="name_3">surname:Asch;given-names:DA</infon><infon key="name_4">surname:Hill;given-names:SS</infon><infon key="name_5">surname:Becker;given-names:LB</infon><infon key="pub-id_doi">10.1007/s11606-013-2536-8</infon><infon key="pub-id_pmid">23843021</infon><infon key="section_type">REF</infon><infon key="source">J Gen Intern Med</infon><infon key="type">ref</infon><infon key="volume">29</infon><infon key="year">2014</infon><offset>29734</offset><text>Crowdsourcing—harnessing the masses to advance health and medicine, a systematic review</text></passage><passage><infon key="fpage">32</infon><infon key="lpage">33</infon><infon key="name_0">surname:Michelucci;given-names:P</infon><infon key="name_1">surname:Dickinson;given-names:JL</infon><infon key="pub-id_doi">10.1126/science.aad6499</infon><infon key="pub-id_pmid">26721991</infon><infon key="section_type">REF</infon><infon key="source">Science.</infon><infon key="type">ref</infon><infon key="volume">351</infon><infon key="year">2016</infon><offset>29824</offset><text>Human computation. The power of crowds</text></passage><passage><infon key="fpage">256</infon><infon key="lpage">261</infon><infon key="name_0">surname:Wang;given-names:X</infon><infon key="name_1">surname:Mudie;given-names:L</infon><infon key="name_2">surname:Brady;given-names:CJ</infon><infon key="pub-id_doi">10.1097/ICU.0000000000000251</infon><infon key="pub-id_pmid">26761188</infon><infon key="section_type">REF</infon><infon key="source">Curr Opin Ophthalmol</infon><infon key="type">ref</infon><infon key="volume">27</infon><infon key="year">2016</infon><offset>29863</offset><text>Crowdsourcing: an overview and applications to ophthalmology</text></passage><passage><infon key="fpage">331</infon><infon key="lpage">336</infon><infon key="name_0">surname:Kim;given-names:JS</infon><infon key="name_1">surname:Greene;given-names:MJ</infon><infon key="name_2">surname:Zlateski;given-names:A</infon><infon key="name_3">surname:Lee;given-names:K</infon><infon key="name_4">surname:Richardson;given-names:M</infon><infon key="name_5">surname:Turaga;given-names:SC</infon><infon key="pub-id_doi">10.1038/nature13240</infon><infon key="pub-id_pmid">24805243</infon><infon key="section_type">REF</infon><infon key="source">Nature</infon><infon key="type">ref</infon><infon key="volume">509</infon><infon key="year">2014</infon><offset>29924</offset><text>Space-time wiring specificity supports direction selectivity in the retina</text></passage><passage><infon key="fpage">e167</infon><infon key="name_0">surname:Luengo-Oroz;given-names:MA</infon><infon key="name_1">surname:Arranz;given-names:A</infon><infon key="name_2">surname:Frean;given-names:J</infon><infon key="pub-id_doi">10.2196/jmir.2338</infon><infon key="pub-id_pmid">23196001</infon><infon key="section_type">REF</infon><infon key="source">J Med Internet Res.</infon><infon key="type">ref</infon><infon key="volume">14</infon><infon key="year">2012</infon><offset>29999</offset><text>Crowdsourcing malaria parasite quantification: an online game for analyzing images of infected thick blood smears</text></passage><passage><infon key="fpage">418</infon><infon key="name_0">surname:Albers;given-names:L</infon><infon key="pub-id_doi">10.1016/S1473-3099(16)00136-5</infon><infon key="section_type">REF</infon><infon key="source">Lancet Infect Dis.</infon><infon key="type">ref</infon><infon key="volume">16</infon><infon key="year">2016</infon><offset>30113</offset><text>Gamers join real-life fight against malaria and tuberculosis</text></passage><passage><infon key="fpage">417</infon><infon key="lpage">421</infon><infon key="name_0">surname:Servonnet;given-names:A</infon><infon key="name_1">surname:Rapp;given-names:C</infon><infon key="name_2">surname:Delacour;given-names:H</infon><infon key="name_3">surname:Bigaillon;given-names:C</infon><infon key="name_4">surname:Pilo;given-names:JE</infon><infon key="name_5">surname:Merens;given-names:A</infon><infon key="section_type">REF</infon><infon key="source">Med Sante Trop.</infon><infon key="type">ref</infon><infon key="volume">2</infon><infon key="year">2012</infon><offset>30174</offset><text>Plasmodium knowlesi: une espèce émergente chez l’homme?</text></passage><passage><infon key="fpage">52</infon><infon key="lpage">56</infon><infon key="name_0">surname:Mohapatra;given-names:PK</infon><infon key="name_1">surname:Prakash;given-names:A</infon><infon key="name_2">surname:Bhattacharyya;given-names:DR</infon><infon key="name_3">surname:Goswami;given-names:BK</infon><infon key="name_4">surname:Ahmed;given-names:A</infon><infon key="name_5">surname:Sarmah;given-names:B</infon><infon key="name_6">surname:Mahanta;given-names:J</infon><infon key="pub-id_pmid">18820359</infon><infon key="section_type">REF</infon><infon key="source">Indian J Med Res.</infon><infon key="type">ref</infon><infon key="volume">128</infon><infon key="year">2008</infon><offset>30234</offset><text>Detection &amp; molecular confirmation of a focus of Plasmodium malariae in Arunachal Pradesh, India</text></passage><passage><infon key="fpage">321</infon><infon key="name_0">surname:Calderaro;given-names:A</infon><infon key="name_1">surname:Piccolo;given-names:G</infon><infon key="name_2">surname:Gorrini;given-names:C</infon><infon key="name_3">surname:Rossi;given-names:S</infon><infon key="name_4">surname:Montecchini;given-names:S</infon><infon key="name_5">surname:Dell’Anna;given-names:ML</infon><infon key="pub-id_doi">10.1186/1475-2875-12-321</infon><infon key="pub-id_pmid">24034175</infon><infon key="section_type">REF</infon><infon key="source">Malar J.</infon><infon key="type">ref</infon><infon key="volume">12</infon><infon key="year">2013</infon><offset>30331</offset><text>Accurate identification of the six human Plasmodium spp. causing imported malaria, including Plasmodium ovale wallikeri and Plasmodium knowlesi</text></passage><passage><infon key="fpage">427</infon><infon key="lpage">436</infon><infon key="name_0">surname:Ross;given-names:NE</infon><infon key="name_1">surname:Pritchard;given-names:CJ</infon><infon key="name_2">surname:Rubin;given-names:DM</infon><infon key="name_3">surname:Duse;given-names:AG</infon><infon key="pub-id_doi">10.1007/s11517-006-0044-2</infon><infon key="pub-id_pmid">16937184</infon><infon key="section_type">REF</infon><infon key="source">Med Biol Eng Comput.</infon><infon key="type">ref</infon><infon key="volume">44</infon><infon key="year">2006</infon><offset>30475</offset><text>Automated image processing method for the diagnosis and classification of malaria on thin blood smears</text></passage><passage><infon key="fpage">567</infon><infon key="lpage">570</infon><infon key="name_0">surname:Cunha;given-names:GB</infon><infon key="name_1">surname:Luitgards-Moura;given-names:JF</infon><infon key="name_2">surname:Naves;given-names:EL</infon><infon key="name_3">surname:Andrade;given-names:AO</infon><infon key="name_4">surname:Pereira;given-names:AA</infon><infon key="name_5">surname:Milagre;given-names:ST</infon><infon key="pub-id_doi">10.1590/S0037-86822010000500019</infon><infon key="pub-id_pmid">21085871</infon><infon key="section_type">REF</infon><infon key="source">Rev Soc Bras Med Trop</infon><infon key="type">ref</infon><infon key="volume">43</infon><infon key="year">2010</infon><offset>30578</offset><text>Use of an artificial neural network to predict the incidence of malaria in the city of Cantá, state of Roraima</text></passage></document></collection>
