<?xml version="1.0" encoding="UTF-8"?>
<!DOCTYPE collection SYSTEM "BioC.dtd">
<collection><source>PMC</source><date>20201223</date><key>pmc.key</key><document><id>6364485</id><infon key="license">CC BY</infon><passage><infon key="article-id_doi">10.1186/s13063-018-3167-5</infon><infon key="article-id_pmc">6364485</infon><infon key="article-id_pmid">30728064</infon><infon key="article-id_publisher-id">3167</infon><infon key="elocation-id">102</infon><infon key="kwd">Dating applications Young adults Sexual health risks Cluster randomized controlled trial Chinese</infon><infon key="license">Open AccessThis article is distributed under the terms of the Creative Commons Attribution 4.0 International License (http://creativecommons.org/licenses/by/4.0/), which permits unrestricted use, distribution, and reproduction in any medium, provided you give appropriate credit to the original author(s) and the source, provide a link to the Creative Commons license, and indicate if changes were made. The Creative Commons Public Domain Dedication waiver (http://creativecommons.org/publicdomain/zero/1.0/) applies to the data made available in this article, unless otherwise stated.</infon><infon key="name_0">surname:Lau;given-names:Stephanie Tsz Hei</infon><infon key="name_1">surname:Choi;given-names:Kitty Wai Ying</infon><infon key="name_2">surname:Chen;given-names:Julie</infon><infon key="name_3">surname:Mak;given-names:William Pak-hing</infon><infon key="name_4">surname:Yeung;given-names:Ho Kong Christopher Au</infon><infon key="name_5">surname:Tucker;given-names:Joseph</infon><infon key="name_6">surname:Wong;given-names:William Chi-Wai</infon><infon key="name_7">surname:Wong;given-names:William Chi-Wai</infon><infon key="section_type">TITLE</infon><infon key="title">Keywords</infon><infon key="type">front</infon><infon key="volume">20</infon><infon key="year">2019</infon><offset>0</offset><text>Study protocol for a peer-led web-based intervention to promote safe usage of dating applications among young adults: a cluster randomized controlled trial</text></passage><passage><infon key="section_type">ABSTRACT</infon><infon key="type">abstract_title_1</infon><offset>156</offset><text>Background</text></passage><passage><infon key="section_type">ABSTRACT</infon><infon key="type">abstract</infon><offset>167</offset><text>Dating applications are a popular platform to meet new people. At the same time, they have been associated with risks such as unsafe sexual behavior and privacy concerns in young adults. This paper presents a study protocol of a cluster randomized controlled trial (RCT) to evaluate the effectiveness of a peer-led web-based intervention to promote its safe usage in young adults.</text></passage><passage><infon key="section_type">ABSTRACT</infon><infon key="type">abstract_title_1</infon><offset>548</offset><text>Methods</text></passage><passage><infon key="section_type">ABSTRACT</infon><infon key="type">abstract</infon><offset>556</offset><text>The study design is an open-labeled cluster RCT with an intervention and a placebo control arm. The intervention group will receive a web-based intervention developed through focus group discussions, a crowdsourcing contest, and a Peer-Vetted Creative Production (PVCP) workshop. The control group will receive a web-based resource on health and exercise.</text></passage><passage><infon key="section_type">ABSTRACT</infon><infon key="type">abstract</infon><offset>913</offset><text>We aim to recruit approximately 338 young adults aged 17–27 years from three tertiary educational institutions in Hong Kong with the class as the cluster unit. Based on the Information, Motivation, and Behavioral Skills (IMB) model, the primary outcome of this study is self-efficacy in using dating applications measured by the General Self Efficacy Scale. Secondary outcomes include change in risk perception measured by the Risk Propensity Scale and a Risk Assessment Tool. Questionnaires will be administered before the intervention, after the intervention, and at one-month follow-up. Intention-to-treat analysis and multilevel regression modeling will be used to evaluate differences in outcomes between groups and the factors affecting these outcomes, respectively.</text></passage><passage><infon key="section_type">ABSTRACT</infon><infon key="type">abstract_title_1</infon><offset>1688</offset><text>Discussion</text></passage><passage><infon key="section_type">ABSTRACT</infon><infon key="type">abstract</infon><offset>1699</offset><text>Dating application usage presents opportunities as well as challenges to young adults meeting new friends. Innovative and relatable interventions are needed to promote the safe usage of dating applications to this population. Practical knowledge gained from the development process may be helpful for future intervention utilizing the peer-led approach. If effective, the intervention will be disseminated to non-governmental organizations and educational institutions to be used as a teaching resource.</text></passage><passage><infon key="section_type">ABSTRACT</infon><infon key="type">abstract_title_1</infon><offset>2203</offset><text>Trial Registration</text></passage><passage><infon key="section_type">ABSTRACT</infon><infon key="type">abstract</infon><offset>2222</offset><text>ClinicalTrials.gov, NCT03685643. Registered on 26 September 2018. University of Hong Kong Clinical Trials Registry, HKUCTR-2512.</text></passage><passage><infon key="section_type">ABSTRACT</infon><infon key="type">abstract_title_1</infon><offset>2351</offset><text>Electronic supplementary material</text></passage><passage><infon key="section_type">ABSTRACT</infon><infon key="type">abstract</infon><offset>2385</offset><text>The online version of this article (10.1186/s13063-018-3167-5) contains supplementary material, which is available to authorized users.</text></passage><passage><infon key="section_type">INTRO</infon><infon key="type">title_1</infon><offset>2521</offset><text>Background</text></passage><passage><infon key="section_type">INTRO</infon><infon key="type">paragraph</infon><offset>2532</offset><text>With the improvement of mobile technology and reliance on smartphones, the use of dating applications for seeking and initiating relationships has become increasingly prevalent. Dating application users are able to access a wide pool of potential partners who are geographically nearby. Users can meet with mutually interested partners in cyberspace and access a vast network of users at any time of the day. However, many of these applications are free and lack stringent joining criteria, resulting in a diverse range of users and potential dangers. Ultimately, the minimal pre-screening of users combined with low attention to safety considerations can result in users engaging in risky behaviors that could have adverse impacts on health.</text></passage><passage><infon key="section_type">INTRO</infon><infon key="type">paragraph</infon><offset>3275</offset><text>Previous studies focusing on the general population and specific subgroups have found associations between dating application usage and adverse health outcomes. A study found that dating application users were significantly more likely to have at least one prior diagnosis of sexually transmitted infection compared to non-users and also had more sexual partners. Homosexual men using dating applications were more likely to have unprotected sexual intercourse. A meta-analysis found that the odds for seroconcordant and serodiscordant unprotected anal intercourse were higher in online-initiated encounters as compared to offline encounters among men-who-have-sex-with-men (MSM). A study on HIV risk among MSM in East and South-East Asia suggested that online partner-finding websites did not facilitate greater risk-taking but provided more avenues for MSM to engage in risky HIV behavior facilitating the spread of the infection.</text></passage><passage><infon key="section_type">INTRO</infon><infon key="type">paragraph</infon><offset>4208</offset><text>Several studies have focused particularly on the adverse impact dating applications had on young adults. In a study conducted in Hong Kong college students, dating application use was significantly associated with unprotected sexual intercourse with more lifetime partners, less consistent condom usage, and the likelihood of not using a condom in the last sexual encounter. It is also associated with recreational drug use in conjunction with sexual activities in college students. Another study conducted in university students revealed that dating application users were more likely to have experienced sexual abuse in the past year compared to non-users and at a higher risk for lifetime sexual abuse. The contents presented to adolescents on dating application profiles are also a source of concern. A study analyzing content on a teen-dating site found a variety of risk-related contents such as sex, alcohol and drug use, and violence. Concerns regarding personal information and monetary scams are also prevalent. These studies reveal a strong association between using dating applications and detrimental behavior among young adults, indicating the need for the development of interventions to encourage the safe usage of dating applications in this population.</text></passage><passage><infon key="section_type">INTRO</infon><infon key="type">paragraph</infon><offset>5479</offset><text>As adolescents and young adults spend a significant amount of time online, health interventions through the Internet are a promising avenue to reach this population. A systematic review found that interactive computer-based interventions were effective tools for sexual health learning with positive effects on self-efficacy, intention, and sexual behavior. Other advantages of Internet-based interventions is the level of accessibility, confidentially, and availability of tailored messages or content.</text></passage><passage><infon key="section_type">INTRO</infon><infon key="type">paragraph</infon><offset>5983</offset><text>The peer-led approach as characterized by the “interaction between individuals with shared characteristics such as behavior, experience, status or social and cultural backgrounds”, has been shown to be appealing towards health promotion for adolescents and young adults, as individuals in this age group tend to seek advice and information from their peers instead of adults or other figures of authority. Crowdsourcing conducted by a large group of people working together to solve a problem is a form of peer-led approach. Ideas, concepts, designs, and other elements collected from the group are synthesized into a final product that is presented to the community. It may present some advantages over traditional methods of public health intervention development. First, it is a bottom-up approach involving community members and peers instead of experts or academics that may lead to novel and relatable ideas regarding the topic at hand. Second, crowdsourcing increases community involvement and awareness of a specific issue or public health topic. A systematic review found that crowdsourcing improved the quality, cost, and efficiency of research projects while engaging a large part of the public to create innovative materials. Crowdsourcing is a popular approach in developing HIV interventions and has been shown to be feasible in engaging community members and in gathering culturally and locally relevant material.</text></passage><passage><infon key="section_type">INTRO</infon><infon key="type">paragraph</infon><offset>7416</offset><text>While the intervention will be developed for young adults in general, we are interested in examining whether its effectiveness will differ between young adults enrolled in different types of tertiary educational institutions, which may vary in academic level and socioeconomic status. Open Online Courses were previously shown to be favorable towards higher educated (university educated) individuals. However, the study by Goldberg et al. revealed that participants without a university degree were just as likely to complete the course and engage in online discussions. Significant improvements in outcomes were also found in lower educated participants as compared to higher educated participants in patient centered care or school-based interventions. A review showed that the effectiveness of health interventions varied between educational levels due to differences in the target focus: lower-educated individuals focused on knowledge acquisition while higher-educated individuals focused on behavioral change techniques. Hence, it is possible that our intervention is more effective and acceptable to those who are highly educated, but it is also possible that the material and teaching method has a higher impact for those who are less academic.</text></passage><passage><infon key="section_type">INTRO</infon><infon key="type">paragraph</infon><offset>8670</offset><text>The main aim of this study is to promote the safe usage of dating applications among young adults in Hong Kong. We will conduct a cluster randomized controlled trial (RCT) to evaluate the effectiveness of a peer-led web-based intervention among young adults enrolled in three tertiary educational institutions. The specific objectives of the intervention are to: (1) provide appropriate and reliable information about dating applications; (2) increase the awareness of dating application associated risks and benefits; (3) improve the attitudes towards risk perception and the safe usage of dating applications; and (4) promote behavioral skills related to the safe usage of dating, specifically in preventing and handling negative experiences associated with dating applications. A post-hoc analysis will be conducted to identify factors that may affect the effectiveness of the intervention, which will then provide valuable insights to how interventions can be tailored for these young adults.</text></passage><passage><infon key="section_type">METHODS</infon><infon key="type">title_1</infon><offset>9667</offset><text>Methods</text></passage><passage><infon key="section_type">METHODS</infon><infon key="type">title_2</infon><offset>9675</offset><text>Study design</text></passage><passage><infon key="file">13063_2018_3167_Fig1_HTML.jpg</infon><infon key="id">Fig1</infon><infon key="section_type">FIG</infon><infon key="type">fig_caption</infon><offset>9688</offset><text>Study flow chart</text></passage><passage><infon key="file">13063_2018_3167_Fig2_HTML.jpg</infon><infon key="id">Fig2</infon><infon key="section_type">FIG</infon><infon key="type">fig_caption</infon><offset>9705</offset><text>Spirit figure of study timeline</text></passage><passage><infon key="section_type">METHODS</infon><infon key="type">paragraph</infon><offset>9737</offset><text>The study will use an open-labeled parallel cluster RCT design with one intervention arm and one placebo control arm with an allocation ratio of 1:1. The cluster unit will be by class. Individuals in both arms will complete the study instruments immediately before (pre-questionnaire) and after the intervention (post-questionnaire) and again one month after the intervention (follow-up questionnaire) (Figs. 1 and 2). There will not be any blinding as this is an open-labeled study, but class clusters will be randomly assigned to the intervention or control arm using randomization software and allocation concealment will be done utilizing the sealed envelope method. An independent researcher will be in charge of generating the random allocation sequence and assigning the subject clusters to the intervention or control arms while the school will be responsible for enrolling the students into the study.</text></passage><passage><infon key="section_type">METHODS</infon><infon key="type">title_2</infon><offset>10649</offset><text>Participants and eligibility criteria</text></passage><passage><infon key="section_type">METHODS</infon><infon key="type">paragraph</infon><offset>10687</offset><text>Our target population is young adults aged 17–27 years recruited from three tertiary educational institutions in Hong Kong. This age range is selected as it is a critical period in the development and formatting of sexual attitudes and behaviors. In order to be eligible to participate, the participants must also able to read and understand Chinese. Those with a physical impediment (e.g. blindness) preventing them from accessing the content will be excluded. Our research team will collaborate with school staff to ensure that these participants are excluded in an appropriate and sensitive manner.</text></passage><passage><infon key="section_type">METHODS</infon><infon key="type">title_2</infon><offset>11291</offset><text>Study setting and recruitment</text></passage><passage><infon key="section_type">METHODS</infon><infon key="type">paragraph</infon><offset>11321</offset><text>The Yijin Program is offered at seven educational institutions providing an alternative pathway for individuals who have completed high school or adult learners aged ≥ 21 years. In this one-year program, students would gain generic skills and knowledge including language, information technology, mathematical, interpersonal, and communication skills. The Yijin qualification is accepted by government agencies as meeting the academic entry requirement for civil service posts such as customs officer, fireman, tax inspector, or police officer. However, the Yijin Diploma may not be used to apply directly to universities as it is not regarded as equivalent to the Hong Kong Examinations and Assessment Authority Examination.</text></passage><passage><infon key="section_type">METHODS</infon><infon key="type">paragraph</infon><offset>12053</offset><text>Hang Seng Management College (HSMC) is a non-profit and self-financed private university institution offering both undergraduate and taught postgraduate degree programs. HSMC has five schools in the disciplines of Business, Communication, Decision Sciences, Humanities and Social Science, and Translation. HSMC utilizes a “liberal and professional” education model aimed to be a leading private liberal arts university in Asia. For 2017, its acceptance rate to Year 1 programs was 21% with the average Hong Kong Examinations and Assessment Authority score of 17 out of a total score of 49.</text></passage><passage><infon key="section_type">METHODS</infon><infon key="type">paragraph</infon><offset>12647</offset><text>The University of Hong Kong (HKU) is a public research university and is the oldest tertiary educational institution in Hong Kong. The university is organized into 10 academic faculties covering a diverse range of subjects and offers Bachelor degrees, Master degrees, and Doctorate degrees. HKU is regarded as one of the most prestigious universities in Asia, with five out of six applicants admitted being in the top 10% achievement ranking in the Hong Kong Examinations and Assessment Authority public examination.</text></passage><passage><infon key="section_type">METHODS</infon><infon key="type">paragraph</infon><offset>13164</offset><text>The three tertiary educational institutions are described below:</text></passage><passage><infon key="section_type">METHODS</infon><infon key="type">paragraph</infon><offset>13229</offset><text>The colleges and the teachers will recruit students to participate in the study and the intervention delivery will be carried out in one of the common core curriculum or soft skill classes.</text></passage><passage><infon key="section_type">METHODS</infon><infon key="type">title_2</infon><offset>13419</offset><text>Sample size calculation</text></passage><passage><infon key="section_type">METHODS</infon><infon key="type">paragraph</infon><offset>13443</offset><text>The sample size calculation is calculated for the primary outcome of self-efficacy. A cluster RCT regarding a school-delivered rights-based sexuality education for adolescents revealed a standard deviation of 0.56 and effect size of 0.20 for the outcome of protective self-efficacy. With a minimal cluster size of 10 students, a 0.05 level of significance, power of 0.8, and intracluster correlation coefficient of 0.007, 260 participants and, with a 30% attribution rate, 338 students were estimated.</text></passage><passage><infon key="section_type">METHODS</infon><infon key="type">title_2</infon><offset>13945</offset><text>Intervention development</text></passage><passage><infon key="section_type">METHODS</infon><infon key="type">paragraph</infon><offset>13970</offset><text>The web-based intervention was developed with content and themes generated from focus group discussions (FGDs), followed by a crowdsourcing contest and further design workshop run by peer educators trained by StickyRiceLove, a local non-governmental organization (NGO) providing safe sex information to adolescents. Four FGDs of 25 young adults were first conducted to acquire issues related to dating applications. Results from FGDs were analyzed using the Grounded Theory with an open coding approach to generate themes and subthemes. Further intervention content materials were generated by a crowdsourcing contest entitled “Hi, Stranger! Dating Apps Education Design Contest” and elicited submissions of multimedia material such as videos, texts, images, and games to address the risks and benefits of dating application usage. The contest was promoted to a network of local NGOs focusing on sexual education and adolescent health and to students enrolled in a common core course on sexuality and culture at HKU. A total of 24 submissions were evaluated on the four elements of: content, interactivity, creativity, and credibility Four major domains were identified: sexual health; security of personal privacy; sexual harassment; and monetary scams. In the final development stage, a full-day workshop was held where StickyRiceLove peer educators synthesized the results from FGDs and crowdsourcing contest and used a Peer-Vetted Creative Production (PVCP) approach to develop the content and modes of delivery of the intervention.</text></passage><passage><infon key="section_type">METHODS</infon><infon key="type">title_2</infon><offset>15511</offset><text>Intervention</text></passage><passage><infon key="section_type">METHODS</infon><infon key="type">paragraph</infon><offset>15524</offset><text>The final intervention consists of four short videos with points of discussion, a scenario game, and a risk assessment tool. The short videos of 2–4 min in duration aimed to address the risks and benefits of using dating applications and encourage the viewers to reflect on their perception of dating application use in contrast with real-life scenarios. The videos cover the following in Additional files 1, 2, 3 and 4.</text></passage><passage><infon key="section_type">METHODS</infon><infon key="type">title_3</infon><offset>15949</offset><text>Scenario game</text></passage><passage><infon key="section_type">METHODS</infon><infon key="type">paragraph</infon><offset>15963</offset><text>The scenario game is a first-person simulation game where the players are presented with multiple choices when faced with different scenarios. Players first create a profile for themselves with characteristics such as sexual orientation, gender, and type of relationship one is looking for. The players’ choices will generate a dating application profile and a chat bubble will pop up with a message from a virtual matched partner. Players are then presented with 3–4 response choices below the chat box. The scenario game was designed with various algorithms dependent on the player’s choices to result in both positive and adverse outcomes. The final page will display a brief of why the cumulation of choices resulted in this outcome. The scenario game raises awareness on the potential consequences of dating application usage and promotes risk perception among players.</text></passage><passage><infon key="section_type">METHODS</infon><infon key="type">title_2</infon><offset>16844</offset><text>Risk assessment tool</text></passage><passage><infon key="section_type">METHODS</infon><infon key="type">paragraph</infon><offset>16865</offset><text>The risk assessment tool consists of 14 questions and will give the participant a score to infer on their risk level for adverse events (AEs) when using dating applications. The risk assessment tool addresses the five domains of sexual harassment, privacy concerns, monetary concerns, legal issues, and mental wellbeing.</text></passage><passage><infon key="section_type">METHODS</infon><infon key="type">title_2</infon><offset>17186</offset><text>Control</text></passage><passage><infon key="section_type">METHODS</infon><infon key="type">paragraph</infon><offset>17194</offset><text>The control will be an online activity that provides generic health advice using similar modalities (videos and interactive games). The control group will be asked to use the “Health exercise for all” campaign website by the Hong Kong Government. It provides information for exercises suitable for all ages and at different settings in the form of informational pamphlets, instructional videos, and interactive games. The campaign includes nine virtual classes with points of note and exercise guide and a set of videos of exercise demonstrations in the range of 20 s to 10 min. The website provides eight different interactive games such as “Calorie Restaurant,” “Do I have a big tummy,” and “I want to be more active.” The “Energy Expenditure Virtual Classroom” game will be utilized for the control group. The interactive game allows players to input personal statistics regarding their weight, gender, sports preference, and time allocated to each sport. The game will then produce a personalized training diary and offer exercise tips and other training recommendations.</text></passage><passage><infon key="section_type">METHODS</infon><infon key="type">title_2</infon><offset>18294</offset><text>Delivery procedure</text></passage><passage><infon key="section_type">METHODS</infon><infon key="type">paragraph</infon><offset>18313</offset><text>An investigative team member will attend a class to introduce the study and obtain written consent. Participants will be notified that participation is voluntary and that their refusal to participate will not affect their grades. Participants are allowed to withdraw from the study at any point in time without any reason. Participants are given a $50 HKD Coffee Coupon upon completion of the study.</text></passage><passage><infon key="section_type">METHODS</infon><infon key="type">paragraph</infon><offset>18713</offset><text>Immediately before commencing the intervention, participants will complete an online pre-questionnaire and the risk assessment tool on their mobile device of choice such as smart phones, computers, or tablet. Four short videos will then be shown followed by a brief discussion on the issue presented in each video. There will be 15 min designated to play the scenario game or the control game before a post-questionnaire and the follow-up questionnaire at one month after the intervention. Students who do not complete the follow-up questionnaire after one week will be sent a reminder email. The follow-up questionnaire will be closed after two weeks of delivery and students who do not complete it will be taken into account at data analysis according to the intention-to-treat principle.</text></passage><passage><infon key="section_type">METHODS</infon><infon key="type">title_2</infon><offset>19506</offset><text>Data management</text></passage><passage><infon key="section_type">METHODS</infon><infon key="type">paragraph</infon><offset>19522</offset><text>The questionnaires will be constructed and administered using a password-secured survey tool called Survey Gizmo. The questionnaire responses will be automatically saved and exported to SPSS. All data from the study will be stored in a password-encrypted computer only accessible to members of the investigative team. The Patient Information and Consent Form (Additional file 5) will contain information for the participants regarding their rights to their private information and its collection, custody, retention, management, and use under Hong Kong Law. Participants are given contact information in the case of any AEs. All AEs will be recorded and the issues will be discussed with the investigative members on how it should be handled.</text></passage><passage><infon key="section_type">METHODS</infon><infon key="type">title_1</infon><offset>20267</offset><text>Evaluation</text></passage><passage><infon key="section_type">METHODS</infon><infon key="type">title_2</infon><offset>20278</offset><text>Theoretical framework</text></passage><passage><infon key="section_type">METHODS</infon><infon key="type">paragraph</infon><offset>20300</offset><text>The Information, Motivation, and Behavioral Skills (IMB) model will be used to guide the evaluation of the intervention. This theoretical framework was used to guide the development of the pre-questionnaire and follow-up questionnaire. The IMB model states that behavioral change occurs as a result of information consisting of facts, heuristics, and implicit theories, motivations consisting of personal and social motivations, and behavioral skills consisting of self-efficacy and objective skills.</text></passage><passage><infon key="section_type">METHODS</infon><infon key="type">title_2</infon><offset>20801</offset><text>Measurement variables</text></passage><passage><infon key="section_type">METHODS</infon><infon key="type">paragraph</infon><offset>20823</offset><text>The pre-questionnaire contains baseline demographics and questions concerning dating application usage (Additional file 6). Demographic characteristics include participant’s age, gender, sexual orientation, relationship status, and housing situation. Dating application characteristics include purpose of dating application usage, types of applications used, and any AEs. Immediately after the intervention delivery, participants will fill out a post-questionnaire regarding the usability and appeal of the intervention (Additional file 7). Participants will be asked questions such as whether the intervention was interesting, if the content was appropriate, and if they would recommend the intervention to their peers. The follow-up questionnaire delivered one month after the intervention delivery will have matched questions with the pre-questionnaire and additional questions regarding dating application usage (Additional file 8).</text></passage><passage><infon key="section_type">METHODS</infon><infon key="type">paragraph</infon><offset>21768</offset><text>The primary outcome will be the self-efficacy on the safe usage of dating applications among young adults in Hong Kong. This will be measured by the General Self Efficacy Scale. Secondary outcomes include change of awareness in dating application associated risks and benefits, behavioral skills, attitudes towards risk perception, and outcomes from the validated scales of the Risk Propensity Scale and the Patient Health Questionnaire-2 (PHQ-2). The Risk Propensity Scale is a nine-item scale measuring general risk-taking tendencies. Each item is rated on a 9-point Likert scale with a higher score indicating higher risk-taking tendencies. The General Self Efficacy Scale is a 10-item scale measuring one’s self-belief in completing certain tasks or overcoming difficulties. Responses are marked on a 4-point Likert scale with a final score in the range of 10–40 points. The PHQ-2 is a two-item scale used to evaluate depression symptoms.</text></passage><passage><infon key="section_type">METHODS</infon><infon key="type">title_2</infon><offset>22715</offset><text>Statistical analysis</text></passage><passage><infon key="section_type">METHODS</infon><infon key="type">paragraph</infon><offset>22736</offset><text>Data will be entered, cleaned, and analyzed using SPSS (Version 25). Target population demographics will be analyzed with descriptive statistics; comparison of baseline demographic characteristics between the intervention and control group will be conducted using chi-squared tests or t-tests. For outcome evaluation, paired t-tests will be used to examine within group outcome changes for continuous variables. McNemar’s test will be used to evaluate categorical outcomes. For the primary outcome, linear regression will be used to evaluate the factors between the intervention and control groups. Multilevel linear regression will be used to evaluate the differences in outcome between the intervention and control group and to account for interdependence of results due to the clustering effect. Non-conditional logistic regression will be used to identify factors that may affect the effectiveness of the intervention.</text></passage><passage><infon key="section_type">DISCUSS</infon><infon key="type">title_1</infon><offset>23661</offset><text>Discussion</text></passage><passage><infon key="section_type">DISCUSS</infon><infon key="type">paragraph</infon><offset>23672</offset><text>It is expected that this study will generate a breadth of information from both the development and evaluation of the intervention. The development process integrated methods that were shown to be effective in other health promotion initiatives and this study will determine whether it is effective for the promotion of safe dating application usage. Successful aspects of the intervention can act as areas of further development for the investigative team and other NGOs. For example, favorable responses to the short videos can spur the development of content with similar style and length. Furthermore, the usage of the intervention can inform health researchers on the acceptability of online-based health interventions in young adults and can provide guidance on the development of similar peer-led interventions in the future.</text></passage><passage><infon key="section_type">DISCUSS</infon><infon key="type">paragraph</infon><offset>24505</offset><text>There are several limitations that should be considered in this study. In the focus groups, promotion was done through the research team’s network of NGOs. While this allows the research team to target a group of people who may have an interest in this topic, it may overlook other individuals who belong to other NGOs or are not involved with NGOs at all. Promotions for the crowdsourcing contest were done to a common core course in The University of Hong Kong and the network of partner NGOs, once again resulting in a selective group of individuals. Since this cluster RCT is performed in a specific population, its results may not be generalizable to the public or in other countries.</text></passage><passage><infon key="section_type">DISCUSS</infon><infon key="type">paragraph</infon><offset>25197</offset><text>In planning the evaluation of the intervention, we were concerned about several issues that could affect the validity of the study results. First, there is the possibility of contamination whereby individuals from the control and intervention groups could potentially interact with one another. The researchers will take great care to emphasize to participants during the introductory session that that participants should not discuss the content with other students until the end of the study. Participants will also be asked whether they have been exposed to other relevant content in the last month in the follow-up questionnaire. The cluster RCT design, with the class as clustering units, will also mitigate this potential problem by limiting the discussion of the intervention between study participants. Second, there is the potential of social desirability bias because all measures in the questionnaires are self-reported. We hope to minimize this bias by using an official secure survey tool and assuring participants that all their information is kept strictly confidential.</text></passage><passage><infon key="section_type">DISCUSS</infon><infon key="type">paragraph</infon><offset>26284</offset><text>It is our hope that the intervention will reduce the risks associated with dating application usage and will be an interesting and well-rounded resource for young adults in Hong Kong. While this intervention is delivered in a classroom setting in this study, the entirety of the intervention content is web-based and can be accessed for free at the convenience of the public. This gives the intervention great potential to be widely disseminated and shared by the public. We hope that NGOs and other educational institutions will utilize this program as a resource for young adults seeking to learn more about safe and positive dating application usage. The usage of dating applications has been seen as a taboo in Hong Kong society and may have discouraged people from openly speaking about their experience or to share helpful tips in staying safe. However, the popularity of dating applications cannot be ignored; the creation and dissemination of this intervention could raise awareness of the risks and benefits of using dating applications and encourage discussion around this topic.</text></passage><passage><infon key="section_type">DISCUSS</infon><infon key="type">title_1</infon><offset>27374</offset><text>Trial status</text></passage><passage><infon key="section_type">DISCUSS</infon><infon key="type">paragraph</infon><offset>27387</offset><text>The study was approved by the Institutional Review Board of The University of Hong Kong/Hospital Authority Hong Kong West Cluster with IRB reference number UW 18–369. This protocol was registered in ClinicalTrials.gov with ID NCT03685643 (retrospectively registered) and also prospectively registered in the University of Hong Kong Clinical Trials Registry with ID HKUCTR-2512.</text></passage><passage><infon key="section_type">DISCUSS</infon><infon key="type">title_1</infon><offset>27767</offset><text>Additional files</text></passage><passage><infon key="section_type">ABBR</infon><infon key="type">title</infon><offset>27784</offset><text>Abbreviations</text></passage><passage><infon key="section_type">ABBR</infon><infon key="type">paragraph</infon><offset>27798</offset><text>AEs</text></passage><passage><infon key="section_type">ABBR</infon><infon key="type">paragraph</infon><offset>27802</offset><text>Adverse Events</text></passage><passage><infon key="section_type">ABBR</infon><infon key="type">paragraph</infon><offset>27817</offset><text>FGS</text></passage><passage><infon key="section_type">ABBR</infon><infon key="type">paragraph</infon><offset>27821</offset><text>Focus Group Discussions</text></passage><passage><infon key="section_type">ABBR</infon><infon key="type">paragraph</infon><offset>27845</offset><text>HKU</text></passage><passage><infon key="section_type">ABBR</infon><infon key="type">paragraph</infon><offset>27849</offset><text>The University of Hong Kong</text></passage><passage><infon key="section_type">ABBR</infon><infon key="type">paragraph</infon><offset>27877</offset><text>HSMC</text></passage><passage><infon key="section_type">ABBR</infon><infon key="type">paragraph</infon><offset>27882</offset><text>Hang Seng Management College</text></passage><passage><infon key="section_type">ABBR</infon><infon key="type">paragraph</infon><offset>27911</offset><text>IMB</text></passage><passage><infon key="section_type">ABBR</infon><infon key="type">paragraph</infon><offset>27915</offset><text>Information Motivation Behavior model</text></passage><passage><infon key="section_type">ABBR</infon><infon key="type">paragraph</infon><offset>27953</offset><text>IRB</text></passage><passage><infon key="section_type">ABBR</infon><infon key="type">paragraph</infon><offset>27957</offset><text>Institutional Review Board</text></passage><passage><infon key="section_type">ABBR</infon><infon key="type">paragraph</infon><offset>27984</offset><text>MSM</text></passage><passage><infon key="section_type">ABBR</infon><infon key="type">paragraph</infon><offset>27988</offset><text>Men-who-have-sex-with-men</text></passage><passage><infon key="section_type">ABBR</infon><infon key="type">paragraph</infon><offset>28014</offset><text>NGO</text></passage><passage><infon key="section_type">ABBR</infon><infon key="type">paragraph</infon><offset>28018</offset><text>Non-governmental organization</text></passage><passage><infon key="section_type">ABBR</infon><infon key="type">paragraph</infon><offset>28048</offset><text>PHQ-2</text></passage><passage><infon key="section_type">ABBR</infon><infon key="type">paragraph</infon><offset>28054</offset><text>Patient Health Questionnaire-2</text></passage><passage><infon key="section_type">ABBR</infon><infon key="type">paragraph</infon><offset>28085</offset><text>PVCP</text></passage><passage><infon key="section_type">ABBR</infon><infon key="type">paragraph</infon><offset>28090</offset><text>Peer-Vetted Creative Production</text></passage><passage><infon key="section_type">AUTH_CONT</infon><infon key="type">title</infon><offset>28122</offset><text>Authors’ contributions</text></passage><passage><infon key="section_type">AUTH_CONT</infon><infon key="type">paragraph</infon><offset>28147</offset><text>SL drafted the protocol and was involved in all aspects of intervention development and study design. KC and SL developed the intervention content. KC also provided expertise on NGO involvement for the development of the intervention. JC was involved in the study development and supervised the revision of the protocol. AY and WM provided logistical support and input in the intervention delivery to the participants. JT provided expertise on crowdsourcing for the intervention development. WW conceived the study, provided guidance on study development and the intervention, and provided revisions for the protocol draft. All authors read and approved the final manuscript.</text></passage><passage><infon key="section_type">AUTH_CONT</infon><infon key="type">title_1</infon><offset>28823</offset><text>Ethics approval and consent to participate</text></passage><passage><infon key="section_type">AUTH_CONT</infon><infon key="type">paragraph</infon><offset>28866</offset><text>This protocol has been developed in accordance to the SPIRIT Checklist (Additional file 9). The CONSORT 2010 Statement will be used in the reporting of the final manuscript for the study. This study has been approved by the Institutional Review Board of the University of Hong Kong (IRB) with reference number UW 18-369. Any protocol modifications will be reported to the IRB and a resubmission of the application will be done if deemed necessary. The study does not involve any additional clinical interventions to the participants; however, participants may feel uncomfortable discussing sensitive information such as sexual behavior, user privacy, and legal issues. The investigative team will ensure participants that their information is kept strictly confidential. One issue is that participants may be under the legal age of 18 years. Our investigative team will work closely with the educational institutions to ensure that the school approves of the content. Informed consent will not be obtained from the parents or legal guardians of students who are aged &lt; 18 years, as the school will provide consent for the students in loco parentis. The content of the intervention was developed and approved by sexual health experts, NGO workers, and university staff to ensure that it is appropriate for the target population. Study data will be handled and stored in a password encrypted computer and only accessed by members of the investigative team. Investigative team member SL will obtain written consent from the participants and be available to answer any questions throughout the duration of the study. Patients are given ample time to read the subject information and consent form and can ask questions before signing. Participants will continue to have access to the web-based resources and may contact the investigative team if they have any other issues or questions after the study ends.</text></passage><passage><infon key="section_type">AUTH_CONT</infon><infon key="type">title_1</infon><offset>30775</offset><text>Consent for publication</text></passage><passage><infon key="section_type">AUTH_CONT</infon><infon key="type">paragraph</infon><offset>30799</offset><text>Not applicable.</text></passage><passage><infon key="section_type">COMP_INT</infon><infon key="type">title_1</infon><offset>30815</offset><text>Competing interests</text></passage><passage><infon key="section_type">COMP_INT</infon><infon key="type">paragraph</infon><offset>30835</offset><text>The authors declare that they have no competing interests.</text></passage><passage><infon key="section_type">COMP_INT</infon><infon key="type">title_1</infon><offset>30894</offset><text>Publisher’s Note</text></passage><passage><infon key="section_type">COMP_INT</infon><infon key="type">paragraph</infon><offset>30913</offset><text>Springer Nature remains neutral with regard to jurisdictional claims in published maps and institutional affiliations.</text></passage><passage><infon key="section_type">REF</infon><infon key="type">title</infon><offset>31032</offset><text>References</text></passage><passage><infon key="fpage">38</infon><infon key="lpage">41</infon><infon key="name_0">surname:Choi;given-names:EP</infon><infon key="name_1">surname:Wong;given-names:JY</infon><infon key="name_2">surname:Lo;given-names:HH</infon><infon key="name_3">surname:Wong;given-names:W</infon><infon key="name_4">surname:Chio;given-names:JH</infon><infon key="name_5">surname:Fong;given-names:DY</infon><infon key="pub-id_doi">10.1016/j.srhc.2016.07.001</infon><infon key="pub-id_pmid">27634663</infon><infon key="section_type">REF</infon><infon key="source">Sex Reprod Healthc</infon><infon key="type">ref</infon><infon key="volume">9</infon><infon key="year">2016</infon><offset>31043</offset><text>The association between smartphone dating applications and college students’ casual sex encounters and condom use</text></passage><passage><infon key="fpage">e0165394</infon><infon key="issue">11</infon><infon key="name_0">surname:Choi;given-names:EP</infon><infon key="name_1">surname:Wong;given-names:JY</infon><infon key="name_2">surname:Lo;given-names:HH</infon><infon key="name_3">surname:Wong;given-names:W</infon><infon key="name_4">surname:Chio;given-names:JH</infon><infon key="name_5">surname:Fong;given-names:DY</infon><infon key="pub-id_doi">10.1371/journal.pone.0165394</infon><infon key="pub-id_pmid">27828997</infon><infon key="section_type">REF</infon><infon key="source">PLoS One</infon><infon key="type">ref</infon><infon key="volume">11</infon><infon key="year">2016</infon><offset>31159</offset><text>The impacts of using smartphone dating applications on sexual risk behaviours in college students in Hong Kong</text></passage><passage><infon key="fpage">e86603</infon><infon key="issue">1</infon><infon key="name_0">surname:Lehmiller;given-names:JJ</infon><infon key="name_1">surname:Ioerger;given-names:M</infon><infon key="pub-id_doi">10.1371/journal.pone.0086603</infon><infon key="pub-id_pmid">24466166</infon><infon key="section_type">REF</infon><infon key="source">PLoS One</infon><infon key="type">ref</infon><infon key="volume">9</infon><infon key="year">2014</infon><offset>31270</offset><text>Social networking smartphone applications and sexual health outcomes among men who have sex with men</text></passage><passage><infon key="section_type">REF</infon><infon key="type">ref</infon><offset>31371</offset><text>Cherry A, Dillon M. International Handbook of Adolescent Pregnancy: Medical, Psychosocial, and Public Health Responses: Springer US; 2014. eBook ISBN: 978-1-4899-8026-7 10.1007/978-1-4899-8026-7</text></passage><passage><infon key="fpage">290</infon><infon key="issue">4</infon><infon key="lpage">296</infon><infon key="name_0">surname:Lewnard;given-names:JA</infon><infon key="name_1">surname:Berrange-Ford;given-names:L</infon><infon key="pub-id_doi">10.1136/sextrans-2013-051332</infon><infon key="section_type">REF</infon><infon key="source">Sex Transm Dis</infon><infon key="type">ref</infon><infon key="volume">90</infon><infon key="year">2014</infon><offset>31566</offset><text>Internet-based partner selection and risk for unprotected anal intercourse in sexual encounters among men who have sex with men: a meta-analysis of observational studies</text></passage><passage><infon key="fpage">1428</infon><infon key="issue">8</infon><infon key="lpage">1435</infon><infon key="name_0">surname:Wei;given-names:C</infon><infon key="name_1">surname:Lim;given-names:SH</infon><infon key="name_2">surname:Guadamuz;given-names:TE</infon><infon key="name_3">surname:Koe;given-names:S</infon><infon key="pub-id_doi">10.1007/s10461-013-0628-4</infon><infon key="pub-id_pmid">24077974</infon><infon key="section_type">REF</infon><infon key="source">AIDS Behav</infon><infon key="type">ref</infon><infon key="volume">18</infon><infon key="year">2014</infon><offset>31736</offset><text>Virtual versus physical spaces: which facilitates greater HIV risk taking among men who have sex with men in East and South-East Asia?</text></passage><passage><infon key="fpage">422</infon><infon key="issue">4</infon><infon key="lpage">428</infon><infon key="name_0">surname:Choi;given-names:EP</infon><infon key="name_1">surname:Wong;given-names:JY</infon><infon key="name_2">surname:Lo;given-names:HH</infon><infon key="name_3">surname:Wong;given-names:W</infon><infon key="name_4">surname:Chio;given-names:JH</infon><infon key="name_5">surname:Fong;given-names:DY</infon><infon key="pub-id_doi">10.1080/10826084.2016.1233566</infon><infon key="pub-id_pmid">27849418</infon><infon key="section_type">REF</infon><infon key="source">Subst Use Misuse</infon><infon key="type">ref</infon><infon key="volume">52</infon><infon key="year">2017</infon><offset>31871</offset><text>Association between using smartphone dating applications and alcohol and recreational drug use in conjunction with sexual activities in college students</text></passage><passage><infon key="fpage">343</infon><infon key="issue">4</infon><infon key="lpage">366</infon><infon key="name_0">surname:Choi;given-names:EP</infon><infon key="name_1">surname:Wong;given-names:JY</infon><infon key="name_2">surname:Fong;given-names:DY</infon><infon key="pub-id_pmid">27698090</infon><infon key="section_type">REF</infon><infon key="source">Sex Abuse</infon><infon key="type">ref</infon><infon key="volume">30</infon><infon key="year">2018</infon><offset>32024</offset><text>An emerging risk factor of sexual abuse: the use of smartphone dating applications</text></passage><passage><infon key="fpage">517</infon><infon key="issue">5</infon><infon key="lpage">520</infon><infon key="name_0">surname:Pujazon-Zazik;given-names:MA</infon><infon key="name_1">surname:Manasse;given-names:SM</infon><infon key="name_2">surname:Orrell-Valente;given-names:JK</infon><infon key="pub-id_doi">10.1016/j.jadohealth.2011.11.015</infon><infon key="pub-id_pmid">22525117</infon><infon key="section_type">REF</infon><infon key="source">J Adolesc Health</infon><infon key="type">ref</infon><infon key="volume">50</infon><infon key="year">2012</infon><offset>32107</offset><text>Adolescents’ self-presentation on a teen dating web site: a risk-content analysis</text></passage><passage><infon key="fpage">CD006483</infon><infon key="issue">9</infon><infon key="name_0">surname:Bailey;given-names:JV</infon><infon key="name_1">surname:Murray;given-names:E</infon><infon key="name_2">surname:Rait;given-names:G</infon><infon key="name_3">surname:Mercer;given-names:CH</infon><infon key="name_4">surname:Morris;given-names:RW</infon><infon key="name_5">surname:Peacock;given-names:R</infon><infon key="section_type">REF</infon><infon key="source">Cochrane Database Syst Rev</infon><infon key="type">ref</infon><infon key="volume">8</infon><infon key="year">2010</infon><offset>32191</offset><text>Interactive computer-based interventions for sexual health promotion</text></passage><passage><infon key="name_0">surname:Charleston;given-names:S</infon><infon key="name_1">surname:Oakley;given-names:A</infon><infon key="name_2">surname:Johnson;given-names:A</infon><infon key="name_3">surname:Stephenson;given-names:J</infon><infon key="name_4">surname:Brodala;given-names:A</infon><infon key="name_5">surname:Fenton;given-names:K</infon><infon key="section_type">REF</infon><infon key="source">Report on a Pilot Study for a Randomised Controlled Trial of Peer-led Sex Education in Schools</infon><infon key="type">ref</infon><infon key="year">1996</infon><offset>32260</offset></passage><passage><infon key="name_0">surname:Bandura;given-names:A</infon><infon key="section_type">REF</infon><infon key="source">Social Learning Theory</infon><infon key="type">ref</infon><infon key="year">1977</infon><offset>32261</offset></passage><passage><infon key="fpage">163</infon><infon key="issue">2</infon><infon key="lpage">167</infon><infon key="name_0">surname:Parvanta;given-names:C</infon><infon key="name_1">surname:Roth;given-names:Y</infon><infon key="name_2">surname:Keller;given-names:H</infon><infon key="pub-id_doi">10.1177/1524839912470654</infon><infon key="pub-id_pmid">23299912</infon><infon key="section_type">REF</infon><infon key="source">Health Promot Pract</infon><infon key="type">ref</infon><infon key="volume">14</infon><infon key="year">2013</infon><offset>32262</offset><text>Crowdsourcing 101: a few basics to make you the leader of the pack</text></passage><passage><infon key="fpage">625</infon><infon key="issue">11</infon><infon key="lpage">628</infon><infon key="name_0">surname:Zhang;given-names:Y</infon><infon key="name_1">surname:Kim;given-names:JA</infon><infon key="name_2">surname:Liu;given-names:F</infon><infon key="name_3">surname:Tso;given-names:LS</infon><infon key="name_4">surname:Tang;given-names:W</infon><infon key="name_5">surname:Wei;given-names:C</infon><infon key="pub-id_doi">10.1097/OLQ.0000000000000349</infon><infon key="pub-id_pmid">26462186</infon><infon key="section_type">REF</infon><infon key="source">Sex Transm Dis</infon><infon key="type">ref</infon><infon key="volume">42</infon><infon key="year">2015</infon><offset>32329</offset><text>Creative contributory contests to spur innovation in sexual health: 2 cases and a guide for implementation</text></passage><passage><infon key="fpage">187</infon><infon key="issue">1</infon><infon key="lpage">203</infon><infon key="name_0">surname:Ranard;given-names:BL</infon><infon key="name_1">surname:Ha;given-names:YP</infon><infon key="name_2">surname:Meisel;given-names:ZF</infon><infon key="name_3">surname:Asch;given-names:DA</infon><infon key="name_4">surname:Hill;given-names:SS</infon><infon key="name_5">surname:Becker;given-names:LB</infon><infon key="pub-id_doi">10.1007/s11606-013-2536-8</infon><infon key="pub-id_pmid">23843021</infon><infon key="section_type">REF</infon><infon key="source">J Gen Intern Med</infon><infon key="type">ref</infon><infon key="volume">29</infon><infon key="year">2014</infon><offset>32436</offset><text>Crowdsourcing--harnessing the masses to advance health and medicine, a systematic review</text></passage><passage><infon key="fpage">223</infon><infon key="issue">4</infon><infon key="lpage">228</infon><infon key="name_0">surname:Mathews;given-names:A</infon><infon key="name_1">surname:Farley;given-names:S</infon><infon key="name_2">surname:Blumberg;given-names:M</infon><infon key="name_3">surname:Knight;given-names:K</infon><infon key="name_4">surname:Hightow-Weidman;given-names:L</infon><infon key="name_5">surname:Muessig;given-names:K</infon><infon key="pub-id_pmid">29057087</infon><infon key="section_type">REF</infon><infon key="source">J Virus Erad</infon><infon key="type">ref</infon><infon key="volume">3</infon><infon key="year">2017</infon><offset>32525</offset><text>HIV cure research community engagement in North Carolina: a mixed-methods evaluation of a crowdsourcing contest</text></passage><passage><infon key="section_type">REF</infon><infon key="type">ref</infon><offset>32637</offset><text>Christensen G, Alcorn B, Emanuel EJ. MOOCs won’t replace business schools – they’ll diversify them: Harvard Business Review Blog Network. http://blogs.hbr.org/2014/06/moocs-wont-replace-business-schools-theyll-diversify-them. Accessed 12 Oct 2018.</text></passage><passage><infon key="fpage">342</infon><infon key="name_0">surname:Emanuel;given-names:EJ</infon><infon key="pub-id_doi">10.1038/503342a</infon><infon key="section_type">REF</infon><infon key="source">Nature</infon><infon key="type">ref</infon><infon key="volume">503</infon><infon key="year">2013</infon><offset>32891</offset><text>MOOCs taken by educated few</text></passage><passage><infon key="fpage">60</infon><infon key="name_0">surname:Goldberg;given-names:LR</infon><infon key="name_1">surname:Bell;given-names:E</infon><infon key="name_2">surname:King;given-names:C</infon><infon key="name_3">surname:O’Mara;given-names:C</infon><infon key="name_4">surname:McInerney;given-names:F</infon><infon key="name_5">surname:Robinson;given-names:A</infon><infon key="pub-id_doi">10.1186/s12909-015-0344-z</infon><infon key="pub-id_pmid">25889490</infon><infon key="section_type">REF</infon><infon key="source">BMC Med Educ</infon><infon key="type">ref</infon><infon key="volume">15</infon><infon key="year">2015</infon><offset>32919</offset><text>Relationship between participants’ level of education and engagement in their completion of the Understanding Dementia Massive Open Online Course</text></passage><passage><infon key="fpage">957</infon><infon key="lpage">962</infon><infon key="name_0">surname:Fors;given-names:A</infon><infon key="name_1">surname:Gyllensten;given-names:H</infon><infon key="name_2">surname:Swedberg;given-names:K</infon><infon key="name_3">surname:Ekman;given-names:I</infon><infon key="pub-id_doi">10.1016/j.ijcard.2016.07.060</infon><infon key="pub-id_pmid">27441475</infon><infon key="section_type">REF</infon><infon key="source">Int J Cardiol</infon><infon key="type">ref</infon><infon key="volume">221</infon><infon key="year">2016</infon><offset>33067</offset><text>Effectiveness of person-centred care after acute coronary syndrome in relation to educational level: Subgroup analysis of a two-armed randomised controlled trial</text></passage><passage><infon key="fpage">e44881</infon><infon key="issue">9</infon><infon key="name_0">surname:Gao;given-names:X</infon><infon key="name_1">surname:Wu;given-names:Y</infon><infon key="name_2">surname:Zhang;given-names:Y</infon><infon key="name_3">surname:Zhang;given-names:N</infon><infon key="name_4">surname:Tang;given-names:J</infon><infon key="name_5">surname:Qiu;given-names:J</infon><infon key="pub-id_doi">10.1371/journal.pone.0044881</infon><infon key="pub-id_pmid">22970322</infon><infon key="section_type">REF</infon><infon key="source">PLoS One</infon><infon key="type">ref</infon><infon key="volume">7</infon><infon key="year">2012</infon><offset>33229</offset><text>et a. Effectiveness of school-based education on HIV/AIDS knowledge, attitude, and behavior among secondary school students in Wuhan, China</text></passage><passage><infon key="fpage">7</infon><infon key="issue">3</infon><infon key="lpage">9</infon><infon key="name_0">surname:Dettori;given-names:J</infon><infon key="pub-id_doi">10.1055/s-0030-1267062</infon><infon key="section_type">REF</infon><infon key="source">Evid Based Spine Care J</infon><infon key="type">ref</infon><infon key="volume">1</infon><infon key="year">2010</infon><offset>33369</offset><text>The random allocation process: two things you need to know</text></passage><passage><infon key="fpage">37</infon><infon key="issue">1</infon><infon key="lpage">52</infon><infon key="name_0">surname:Moore;given-names:JN</infon><infon key="name_1">surname:Raymond;given-names:MA</infon><infon key="name_2">surname:Mittelstaedt;given-names:JD</infon><infon key="name_3">surname:Tanner;given-names:JF</infon><infon key="pub-id_doi">10.1509/jppm.21.1.37.17612</infon><infon key="section_type">REF</infon><infon key="source">J Public Policy Mark</infon><infon key="type">ref</infon><infon key="volume">21</infon><infon key="year">2002</infon><offset>33428</offset><text>Age and consumer socialization agent influences on adolescents’ sexual knowledge, attitudes, and behavior: Implications for social marketing initiatives and public policy</text></passage><passage><infon key="section_type">REF</infon><infon key="type">ref</infon><offset>33601</offset><text>Hong Kong Education Bureau. Yi Jin. https://www.yijin.edu.hk/. Accessed 20 June 2018.</text></passage><passage><infon key="section_type">REF</infon><infon key="type">ref</infon><offset>33687</offset><text>Hang Seng Management College. About HSMC. https://www.hsmc.edu.hk/en/about-hsmc/. Accessed 10 Oct 2018.</text></passage><passage><infon key="section_type">REF</infon><infon key="type">ref</infon><offset>33791</offset><text>The University of Hong Kong, About HKU. https://www.hku.hk/about/. Accessed 10 Oct 2018.</text></passage><passage><infon key="fpage">399</infon><infon key="issue">4</infon><infon key="lpage">406</infon><infon key="name_0">surname:Rohrbach;given-names:LA</infon><infon key="name_1">surname:Berglas;given-names:NF</infon><infon key="name_2">surname:Jerman;given-names:P</infon><infon key="name_3">surname:Angulo-Olaiz;given-names:F</infon><infon key="name_4">surname:Chou;given-names:C-P</infon><infon key="name_5">surname:Constantine;given-names:NA</infon><infon key="pub-id_doi">10.1016/j.jadohealth.2015.07.004</infon><infon key="pub-id_pmid">26403840</infon><infon key="section_type">REF</infon><infon key="source">J Adolesc Health</infon><infon key="type">ref</infon><infon key="volume">57</infon><infon key="year">2015</infon><offset>33880</offset><text>A rights-based sexuality education curriculum for adolescents: 1-year outcomes from a cluster-randomized trial</text></passage><passage><infon key="fpage">179</infon><infon key="issue">2</infon><infon key="lpage">187</infon><infon key="name_0">surname:Brabham;given-names:DC</infon><infon key="name_1">surname:Ribisi;given-names:K</infon><infon key="name_2">surname:Kirchner;given-names:TR</infon><infon key="name_3">surname:Bernhardt;given-names:JM</infon><infon key="pub-id_doi">10.1016/j.amepre.2013.10.016</infon><infon key="pub-id_pmid">24439353</infon><infon key="section_type">REF</infon><infon key="source">Am J Prev Med</infon><infon key="type">ref</infon><infon key="volume">46</infon><infon key="year">2014</infon><offset>33991</offset><text>Crowdsourcing applications for public health</text></passage><passage><infon key="section_type">REF</infon><infon key="type">ref</infon><offset>34036</offset><text>Hong Kong Government Leisure and Cultural Services Department. Healthy Exercise for All Campaign. https://www.lcsd.gov.hk/en/healthy/index.html. Accessed 20 June 2018.</text></passage><passage><infon key="fpage">455</infon><infon key="issue">3</infon><infon key="lpage">474</infon><infon key="name_0">surname:Fisher;given-names:JD</infon><infon key="name_1">surname:Fisher;given-names:W</infon><infon key="pub-id_doi">10.1037/0033-2909.111.3.455</infon><infon key="pub-id_pmid">1594721</infon><infon key="section_type">REF</infon><infon key="source">Psychol Bull</infon><infon key="type">ref</infon><infon key="volume">111</infon><infon key="year">1992</infon><offset>34204</offset><text>Changing AIDS-risk behavior</text></passage><passage><infon key="section_type">REF</infon><infon key="type">ref</infon><offset>34232</offset><text>Schwarzer R, Jerusalem M. Generalized self-efficacy scale. In: Weinman J, Wright S, Johnson M, editors. Measures in health psychology: A user’s portfolio. Windsor: NFER-NELSON; 1995. p. 35–7.</text></passage><passage><infon key="fpage">1506</infon><infon key="issue">6</infon><infon key="lpage">1520</infon><infon key="name_0">surname:Meertens;given-names:RM</infon><infon key="name_1">surname:Lion;given-names:R</infon><infon key="pub-id_doi">10.1111/j.1559-1816.2008.00357.x</infon><infon key="section_type">REF</infon><infon key="source">J Appl Soc Psychol</infon><infon key="type">ref</infon><infon key="volume">38</infon><infon key="year">2008</infon><offset>34428</offset><text>Measuring an individual’s tendency to take risks: the risk propensity scale</text></passage><passage><infon key="fpage">1284</infon><infon key="lpage">1294</infon><infon key="name_0">surname:Kroenke;given-names:K</infon><infon key="name_1">surname:Spitzer;given-names:RL</infon><infon key="name_2">surname:Williams;given-names:JB</infon><infon key="pub-id_doi">10.1097/01.MLR.0000093487.78664.3C</infon><infon key="pub-id_pmid">14583691</infon><infon key="section_type">REF</infon><infon key="source">Med Care</infon><infon key="type">ref</infon><infon key="volume">41</infon><infon key="year">2003</infon><offset>34506</offset><text>The Patient Health Questionnaire-2: validity of a two-item depression screener</text></passage><passage><infon key="fpage">57</infon><infon key="issue">41</infon><infon key="lpage">68</infon><infon key="name_0">surname:Hildebrand;given-names:M</infon><infon key="name_1">surname:Ahumada;given-names:C</infon><infon key="name_2">surname:Watson;given-names:S</infon><infon key="pub-id_doi">10.1016/S0968-8080(13)41687-7</infon><infon key="pub-id_pmid">23684188</infon><infon key="section_type">REF</infon><infon key="source">Reprod Health Matters</infon><infon key="type">ref</infon><infon key="volume">21</infon><infon key="year">2013</infon><offset>34585</offset><text>CrowdOutAIDS: crowdsourcing youth perspectives for action</text></passage><passage><infon key="fpage">e46</infon><infon key="issue">2</infon><infon key="name_0">surname:Swan;given-names:M</infon><infon key="pub-id_doi">10.2196/jmir.1988</infon><infon key="pub-id_pmid">22397809</infon><infon key="section_type">REF</infon><infon key="source">J Med Internet Res</infon><infon key="type">ref</infon><infon key="volume">14</infon><infon key="year">2012</infon><offset>34643</offset><text>Crowdsourced health research studies: an important emerging complement to clinical trials in the public health research ecosystem</text></passage><passage><infon key="fpage">200</infon><infon key="lpage">207</infon><infon key="name_0">surname:Chan;given-names:AW</infon><infon key="name_1">surname:Tetzlaff;given-names:J</infon><infon key="name_2">surname:Altman;given-names:DG</infon><infon key="name_3">surname:Laupacis;given-names:A</infon><infon key="name_4">surname:Gøtzsche;given-names:PC</infon><infon key="name_5">surname:Krleža-Jerić;given-names:K</infon><infon key="pub-id_doi">10.7326/0003-4819-158-3-201302050-00583</infon><infon key="pub-id_pmid">23295957</infon><infon key="section_type">REF</infon><infon key="source">Ann Intern Med</infon><infon key="type">ref</infon><infon key="volume">158</infon><infon key="year">2013</infon><offset>34773</offset><text>SPIRIT 2013 Statement: Defining standard protocol items for clinical trials</text></passage><passage><infon key="fpage">c332</infon><infon key="name_0">surname:Schulz;given-names:KF</infon><infon key="name_1">surname:Altman;given-names:DG</infon><infon key="name_2">surname:Moher;given-names:D</infon><infon key="pub-id_doi">10.1136/bmj.c332</infon><infon key="pub-id_pmid">20332509</infon><infon key="section_type">REF</infon><infon key="source">BMJ</infon><infon key="type">ref</infon><infon key="volume">340</infon><infon key="year">2010</infon><offset>34849</offset><text>CONSORT 2010 Statement: updated guidelines for reporting parallel group randomised trials</text></passage></document></collection>
