<?xml version="1.0" encoding="UTF-8"?>
<!DOCTYPE collection SYSTEM "BioC.dtd">
<collection><source>PMC</source><date>20201219</date><key>pmc.key</key><document><id>6410884</id><infon key="license">CC BY-NC-ND</infon><passage><infon key="article-id_doi">10.1073/pnas.1813720116</infon><infon key="article-id_pmc">6410884</infon><infon key="article-id_pmid">30782795</infon><infon key="article-id_publisher-id">201813720</infon><infon key="fpage">4194</infon><infon key="issue">10</infon><infon key="kwd">climate adaptation genotype × environment interactions crop variety evaluation citizen science crowdsourcing</infon><infon key="license">This open access article is distributed under Creative Commons Attribution-NonCommercial-NoDerivatives License 4.0 (CC BY-NC-ND).</infon><infon key="lpage">4199</infon><infon key="name_0">surname:van Etten;given-names:Jacob</infon><infon key="name_1">surname:de Sousa;given-names:Kauê</infon><infon key="name_10">surname:Kiros;given-names:Afewerki Y.</infon><infon key="name_11">surname:Madriz;given-names:Brandon</infon><infon key="name_12">surname:Mathur;given-names:Prem</infon><infon key="name_13">surname:Mengistu;given-names:Dejene K.</infon><infon key="name_14">surname:Mercado;given-names:Leida</infon><infon key="name_15">surname:Nurhisen Mohammed;given-names:Jemal</infon><infon key="name_16">surname:Paliwal;given-names:Ambica</infon><infon key="name_17">surname:Pè;given-names:Mario Enrico</infon><infon key="name_18">surname:Quirós;given-names:Carlos F.</infon><infon key="name_19">surname:Rosas;given-names:Juan Carlos</infon><infon key="name_2">surname:Aguilar;given-names:Amílcar</infon><infon key="name_20">surname:Sharma;given-names:Neeraj</infon><infon key="name_21">surname:Singh;given-names:S. S.</infon><infon key="name_22">surname:Solanki;given-names:Iswhar S.</infon><infon key="name_23">surname:Steinke;given-names:Jonathan</infon><infon key="name_3">surname:Barrios;given-names:Mirna</infon><infon key="name_4">surname:Coto;given-names:Allan</infon><infon key="name_5">surname:Dell’Acqua;given-names:Matteo</infon><infon key="name_6">surname:Fadda;given-names:Carlo</infon><infon key="name_7">surname:Gebrehawaryat;given-names:Yosef</infon><infon key="name_8">surname:van de Gevel;given-names:Jeske</infon><infon key="name_9">surname:Gupta;given-names:Arnab</infon><infon key="section_type">TITLE</infon><infon key="type">front</infon><infon key="volume">116</infon><infon key="year">2019</infon><offset>0</offset><text>Crop variety management for climate adaptation supported by citizen science</text></passage><passage><infon key="section_type">ABSTRACT</infon><infon key="type">abstract_title_1</infon><offset>76</offset><text>Significance</text></passage><passage><infon key="section_type">ABSTRACT</infon><infon key="type">abstract</infon><offset>89</offset><text>Climate adaptation requires farmers to adjust their crop varieties over time and use the right varieties to minimize climate risk. Generating variety recommendations for farmers working in marginal, heterogeneous environments requires variety evaluation under farm conditions. On-farm evaluation is difficult to scale with conventional methods. We used a scalable approach to on-farm participatory variety evaluation using crowdsourced citizen science, assigning small experimental tasks to many volunteering farmers. We generated a unique dataset from 12,409 trial plots in Nicaragua, Ethiopia, and India, a participatory variety evaluation dataset of large size and scope. We show the potential of crowdsourced citizen science to generate insights into variety adaptation, recommend adapted varieties, and help smallholder farmers respond to climate change.</text></passage><passage><infon key="section_type">ABSTRACT</infon><infon key="type">abstract</infon><offset>949</offset><text>Crop adaptation to climate change requires accelerated crop variety introduction accompanied by recommendations to help farmers match the best variety with their field contexts. Existing approaches to generate these recommendations lack scalability and predictivity in marginal production environments. We tested if crowdsourced citizen science can address this challenge, producing empirical data across geographic space that, in aggregate, can characterize varietal climatic responses. We present the results of 12,409 farmer-managed experimental plots of common bean (Phaseolus vulgaris L.) in Nicaragua, durum wheat (Triticum durum Desf.) in Ethiopia, and bread wheat (Triticum aestivum L.) in India. Farmers collaborated as citizen scientists, each ranking the performance of three varieties randomly assigned from a larger set. We show that the approach can register known specific effects of climate variation on varietal performance. The prediction of variety performance from seasonal climatic variables was generalizable across growing seasons. We show that these analyses can improve variety recommendations in four aspects: reduction of climate bias, incorporation of seasonal climate forecasts, risk analysis, and geographic extrapolation. Variety recommendations derived from the citizen science trials led to important differences with previous recommendations.</text></passage><passage><infon key="section_type">INTRO</infon><infon key="type">paragraph</infon><offset>2326</offset><text>Crop improvement is important to increase agricultural productivity and to contribute to food and nutrition security. The need for new crop varieties is exacerbated by climate change. Farmers need to replace crop varieties with better-adapted ones to match rapidly evolving climate conditions. Where suitable modern varieties do not exist, suitable farmer varieties are needed instead (“variety” is applied to all cultivated materials here). The variety replacement challenge has yet to be effectively addressed. One proposed solution is to increase variety supply by accelerating crop breeding, removing older varieties from the seed supply chain, and assiduously promoting new varieties for farmers. Supply-driven variety replacement requires that new varieties are locally adapted and acceptable, but varieties are often recommended without prior geographic analysis to determine recommendation domains on the basis of trials that do not adequately represent local production conditions. Therefore, a supply-driven approach may introduce varieties that perform worse than locally grown varieties. Demand-oriented approaches address this issue but also fall short of a solution. They involve farmers directly in the selection of crop varieties in on-farm experiments. Farmer-participatory selection stimulates local interest in new varieties and produces information on variety performance that is immediately relevant to local climate adaptation. This local focus is a strength as well as a limitation. Scaling is constrained by the resource-intensive nature of current participatory experimental methods and the incompatibility of datasets across different efforts. The resulting paucity of data is a problem, because variety trials need to capture spatiotemporal environmental variation to characterize climatic responses.</text></passage><passage><infon key="section_type">INTRO</infon><infon key="type">paragraph</infon><offset>4158</offset><text>A solution could come from a more scalable type of participatory research: citizen science using digital “crowdsourcing” approaches. This has already shown its potential to engage large numbers of volunteering citizen scientists who jointly generate sizable datasets that allow for geospatial analysis of climate change impact (for example, on cross-continental bird migration). In a similar way, farmer citizen scientists could provide information about crop variety performance, which would feed into a demand-driven, scalable solution to varietal climate adaptation.</text></passage><passage><infon key="section_type">INTRO</infon><infon key="type">paragraph</infon><offset>4732</offset><text>To test this idea, we applied a recently developed citizen science approach tricot—triadic comparisons of technologies. In tricot variety evaluation, each farmer plants seeds from a personal test package of three varieties, which are randomly assigned from a larger pool of tested varieties. Farmers’ independent on-farm observations are compiled and analyzed centrally. A simple ranking-based feedback format allows even farmers with low literacy skills to contribute their evaluation data through various channels, including mobile telephones. Pilots with the tricot approach have established its potential to produce accurate data and to engage motivated farmers as citizen scientists.</text></passage><passage><infon key="section_type">INTRO</infon><infon key="type">paragraph</infon><offset>5425</offset><text>The question that we address is if tricot trials can provide robust, actionable information on varietal climate adaptation. We organized tricot trials to obtain a dataset covering 842 plots of common bean in Nicaragua, 1,090 plots of durum wheat in Ethiopia, and 10,477 plots of bread wheat in India (Fig. 1). The trials captured environmental variation through broad sampling both spatially (many fields distributed across the landscape) and temporally (different seasons and planting dates). We linked farmers’ observations via their geographic coordinates and planting dates to agroclimatic and soil variables. We modeled the influence of the environmental variables on the probability that varieties outperform the other varieties in the trials. We evaluated whether seasonal climate adequately predicts variety performance in the tricot trials. Then, we explored if climatic analysis of tricot trial data improves variety recommendations.</text></passage><passage><infon key="file">pnas.1813720116fig01.jpg</infon><infon key="id">fig01</infon><infon key="section_type">FIG</infon><infon key="type">fig_caption</infon><offset>6371</offset><text>Research sites: (A) overview, (B) India, (C) Nicaragua, and (D) Ethiopia. Farms included in the trials are indicated as dots.</text></passage><passage><infon key="section_type">INTRO</infon><infon key="type">title_1</infon><offset>6497</offset><text>Characterizing Variety Performance</text></passage><passage><infon key="section_type">INTRO</infon><infon key="type">paragraph</infon><offset>6532</offset><text>Cross-validation showed that the tricot trials uncovered statistically robust differences in variety performance (Table 1). From a previous pilot study, we expected consistently positive, but low to moderate, pseudo- values. In this study, model fit was comparatively low for bread wheat in India (0.04–0.09), moderate for common bean in Nicaragua (0.15–0.20), and high for durum wheat in Ethiopia (0.39–0.48). The three case studies each provide independent confirmation of the predictive value of the tricot trials. Various factors influenced model fit, including farmers’ observation skills and environmental variation. The largest differences were between countries, which were probably due to the different levels of diversity within the sets of varieties. Indian and Nicaraguan farmers evaluated a small, carefully selected group of modern varieties with relatively homogeneous performance. In Ethiopia, farmers tested a diverse set of modern and farmer varieties drawn from a wide area and evidently found easily observable differences in performance between varieties.</text></passage><passage><infon key="file">t01.xml</infon><infon key="id">t01</infon><infon key="section_type">TABLE</infon><infon key="type">table_caption</infon><offset>7617</offset><text>Goodness of fit (pseudo-) of PLTs determined with 10-fold cross-validation</text></passage><passage><infon key="file">t01.xml</infon><infon key="id">t01</infon><infon key="section_type">TABLE</infon><infon key="type">table</infon><infon key="xml">&lt;?xml version=&quot;1.0&quot; encoding=&quot;UTF-8&quot;?&gt;
&lt;table frame=&quot;hsides&quot; rules=&quot;groups&quot;&gt;&lt;thead&gt;&lt;tr&gt;&lt;td rowspan=&quot;1&quot; colspan=&quot;1&quot;&gt;PLT model&lt;/td&gt;&lt;td align=&quot;center&quot; rowspan=&quot;1&quot; colspan=&quot;1&quot;&gt;Nicaragua&lt;/td&gt;&lt;td align=&quot;center&quot; rowspan=&quot;1&quot; colspan=&quot;1&quot;&gt;Ethiopia&lt;/td&gt;&lt;td align=&quot;center&quot; rowspan=&quot;1&quot; colspan=&quot;1&quot;&gt;India&lt;/td&gt;&lt;/tr&gt;&lt;/thead&gt;&lt;tbody&gt;&lt;tr&gt;&lt;td rowspan=&quot;1&quot; colspan=&quot;1&quot;&gt;No covariates&lt;/td&gt;&lt;td align=&quot;center&quot; rowspan=&quot;1&quot; colspan=&quot;1&quot;&gt;0.1484&lt;/td&gt;&lt;td align=&quot;center&quot; rowspan=&quot;1&quot; colspan=&quot;1&quot;&gt;0.3947&lt;/td&gt;&lt;td align=&quot;center&quot; rowspan=&quot;1&quot; colspan=&quot;1&quot;&gt;0.0381&lt;/td&gt;&lt;/tr&gt;&lt;tr&gt;&lt;td rowspan=&quot;1&quot; colspan=&quot;1&quot;&gt;Design&lt;/td&gt;&lt;td align=&quot;center&quot; rowspan=&quot;1&quot; colspan=&quot;1&quot;&gt;0.1869&lt;/td&gt;&lt;td align=&quot;center&quot; rowspan=&quot;1&quot; colspan=&quot;1&quot;&gt;0.4709&lt;/td&gt;&lt;td align=&quot;center&quot; rowspan=&quot;1&quot; colspan=&quot;1&quot;&gt;0.0721&lt;/td&gt;&lt;/tr&gt;&lt;tr&gt;&lt;td rowspan=&quot;1&quot; colspan=&quot;1&quot;&gt;Climate&lt;/td&gt;&lt;td align=&quot;center&quot; rowspan=&quot;1&quot; colspan=&quot;1&quot;&gt;&lt;bold&gt;0.1978&lt;/bold&gt;&lt;/td&gt;&lt;td align=&quot;center&quot; rowspan=&quot;1&quot; colspan=&quot;1&quot;&gt;&lt;bold&gt;0.4870&lt;/bold&gt;&lt;/td&gt;&lt;td align=&quot;center&quot; rowspan=&quot;1&quot; colspan=&quot;1&quot;&gt;&lt;bold&gt;0.0882&lt;/bold&gt;&lt;/td&gt;&lt;/tr&gt;&lt;tr&gt;&lt;td rowspan=&quot;1&quot; colspan=&quot;1&quot;&gt;Climate + geolocation&lt;/td&gt;&lt;td align=&quot;center&quot; rowspan=&quot;1&quot; colspan=&quot;1&quot;&gt;0.1977&lt;/td&gt;&lt;td align=&quot;center&quot; rowspan=&quot;1&quot; colspan=&quot;1&quot;&gt;0.4720&lt;/td&gt;&lt;td align=&quot;center&quot; rowspan=&quot;1&quot; colspan=&quot;1&quot;&gt;0.0872&lt;/td&gt;&lt;/tr&gt;&lt;/tbody&gt;&lt;/table&gt;
</infon><offset>7692</offset><text>PLT model	Nicaragua	Ethiopia	India	 	No covariates	0.1484	0.3947	0.0381	 	Design	0.1869	0.4709	0.0721	 	Climate	0.1978	0.4870	0.0882	 	Climate + geolocation	0.1977	0.4720	0.0872	 	</text></passage><passage><infon key="file">t01.xml</infon><infon key="id">t01</infon><infon key="section_type">TABLE</infon><infon key="type">table_footnote</infon><offset>7873</offset><text>The model with only climate covariates has the best fit in all cases (indicated in bold).</text></passage><passage><infon key="section_type">INTRO</infon><infon key="type">paragraph</infon><offset>7963</offset><text>For each country, we modeled the environmental influence on variety performance. We were specifically interested in models with covariates derived from seasonal climatic conditions (climate in Table 1), because these covariates can potentially enhance extrapolation of variety performance predictions across time and space. In all cases, these models had indeed a better fit than the respective model without environmental covariates (no covariates in Table 1). The next question that we addressed was if the models with climatic variables captured the main environmental factors or missed important aspects. Therefore, we compared these models with two other types of models. One type of model includes covariates that represent the experimental design and are known in advance: geolocation, season, planting dates, and soil categories (design in Table 1). These models reflect how multilocation trials are often analyzed and capture variation in terms of the trial structure but not in terms of the underlying climatic causal factors, hence limiting the potential of extrapolation beyond the trial. In all cases, the models with climatic covariates slightly outperformed the models with trial design covariates. This means that the climatic covariates contain unique and substantial information explaining varietal performance. A second comparison was with models that include the climatic covariates together with additional covariates that represent geographic structure (climate + geolocation in Table 1). This comparison tested if important local factors are being overlooked that are not covered by the climatic covariates. Adding these geolocational variables did not improve the models, however, and even slightly degraded them. This implies that no large-scale geographical structure remained after accounting for seasonal climate. From this analysis, it is clear that the models with climatic covariates captured a large part of the environmental variation in variety performance. Therefore, in subsequent analyses, we focused on models with climatic covariates only.</text></passage><passage><infon key="section_type">INTRO</infon><infon key="type">paragraph</infon><offset>10042</offset><text>We generated generalizable models that afford extrapolation across seasons of variety performance predictions by selecting those climatic variables that contribute to predictivity across seasons. The variable selection procedure retained one climatic variable in each case (Fig. 2 and SI Appendix, Fig. S1). We discuss the results for each case study.</text></passage><passage><infon key="file">pnas.1813720116fig02.jpg</infon><infon key="id">fig02</infon><infon key="section_type">FIG</infon><infon key="type">fig_caption</infon><offset>10394</offset><text>Plackett–Luce trees of tricot trial data and associated climatic data for common bean in Nicaragua. The horizontal axis of each panel is the probability of winning of varieties. Error bars show quasi-SEs. The gray vertical lines indicate the average probability of winning (1/number of varieties). In this case, the model selected maxNT, the maximum night temperature (degrees Celsius) during the vegetative and flowering periods, as the covariate. Equivalent figures for the trials in Ethiopia and India are shown in SI Appendix, Figs. S2 and S3.</text></passage><passage><infon key="section_type">INTRO</infon><infon key="type">paragraph</infon><offset>10944</offset><text>For Nicaragua, Fig. 2 shows the Plackett–Luce tree (PLT) with the retained variable of the generalizable model for common bean. We found that bean variety performance changed when the maximum night temperature exceeded 18.7 °C. This finding corresponds to the threshold temperature for heat stress reported in the literature of 20 °C at night. Our estimate is slightly lower than the reported threshold but refers to land surface temperature rather than air temperature. Three bean varieties, INTA Fuerte Sequía, BRT 103–182, and INTA Centro Sur, performed better than the local variety above the heat stress threshold. These three varieties are known to be heat tolerant. Contrary to our expectations, another heat-tolerant variety, SJC 730–79, did not show a performance advantage above 18.7 °C. Above higher-heat stress thresholds, however, this variety did outperform heat-sensitive varieties. The group of local varieties has a small quasi-SE, despite the diverse nature of this group, which contains all varieties that farmers currently grow. This gives a reference on farmers’ overall appreciation of the tested varieties in comparison with their own varieties. The local varieties were outperformed under heat stress but not under cool conditions.</text></passage><passage><infon key="section_type">INTRO</infon><infon key="type">paragraph</infon><offset>12212</offset><text>For durum wheat in Ethiopia, varietal differences in performance were related to the lowest night temperature during the vegetative period (SI Appendix, Fig. S2). Performance patterns changed when at least one 8-day period had average night temperatures under 8.4 °C. This temperature corresponds to the threshold temperatures for vernalization and cold acclimation induction. Under warm conditions, vernalization-requiring varieties will delay flowering. Under cold conditions, cold-sensitive varieties will reduce their yield due to chilling or frost damage. Most of the varieties tested in Ethiopia were farmer varieties and likely adapted to their original environments, which may have led to differences in adaptiveness between varieties. To test the effect of local adaptation, we compared cold-adapted varieties with cold-sensitive farmer varieties as detected by the tricot trials (Materials and Methods). Cold-adapted varieties came from higher elevations (2,483  113 meters above sea level) than cold-sensitive ones (2,101  485 meters), a significant difference [, ]. Our results indicate that cold tolerance is a main geographic adaptation factor for durum wheat in the Ethiopian highlands.</text></passage><passage><infon key="section_type">INTRO</infon><infon key="type">paragraph</infon><offset>13415</offset><text>For bread wheat in India, varietal performance patterns changed with the diurnal temperature range (DTR) during the vegetative period, which is the difference between minimum and maximum daily temperatures (SI Appendix, Fig. S3). Splits occurred at DTR values of 14.5 °C and 15.7 °C. Between these two values, the varieties showed very similar performance. Many varieties that performed above average under high DTR performed below average under low DTR and vice versa. Some varieties performed well under both high and low DTR, especially HD 2967. Our interpretation is that low and high ranges of DTR are related to different sets of stresses, while the middle range has relatively low stress. DTR has an impact on crop yield through several mechanisms: high DTR is associated with increased heat or cold stress, and low DTR is associated with high cloud coverage, low solar radiation, and high rainfall. Consistent with our results, a study has shown that DTR explains a substantial share of wheat yield variation in India. This same study found that DTR has a negative correlation with wheat yields in some areas and a positive correlation in other areas, in line with high and low DTRs having an association with different types of crop stress.</text></passage><passage><infon key="section_type">CONCL</infon><infon key="type">title_1</infon><offset>14667</offset><text>Improving Variety Recommendations</text></passage><passage><infon key="section_type">CONCL</infon><infon key="type">paragraph</infon><offset>14701</offset><text>We examined four ways in which climatic analysis afforded by tricot trials can improve variety recommendations. First, a potential improvement is that climatic analysis corrects the climatic sampling bias, a bias that occurs when trials are performed under unrepresentative seasonal climate conditions, thereby degrading variety recommendations. To assess the importance of climatic sampling bias, we followed the cross-validation procedure used to generate the generalizable models but did not use the seasonal climate data for predictions. Instead, we predicted variety performance for a representative 15-y base period of seasonal climate data and averaged the results (average season in Table 2). The averaged prediction had slightly higher pseudo- values than the “no covariates” model in all cases. This analysis shows that, even when climatic sampling bias is low, correction can help to further improve predictions.</text></passage><passage><infon key="file">t02.xml</infon><infon key="id">t02</infon><infon key="section_type">TABLE</infon><infon key="type">table_caption</infon><offset>15629</offset><text>Goodness of fit (pseudo-) of generalizable PLT models</text></passage><passage><infon key="file">t02.xml</infon><infon key="id">t02</infon><infon key="section_type">TABLE</infon><infon key="type">table</infon><infon key="xml">&lt;?xml version=&quot;1.0&quot; encoding=&quot;UTF-8&quot;?&gt;
&lt;table frame=&quot;hsides&quot; rules=&quot;groups&quot;&gt;&lt;thead&gt;&lt;tr&gt;&lt;td rowspan=&quot;1&quot; colspan=&quot;1&quot;&gt;Model&lt;/td&gt;&lt;td align=&quot;center&quot; rowspan=&quot;1&quot; colspan=&quot;1&quot;&gt;Nicaragua&lt;/td&gt;&lt;td align=&quot;center&quot; rowspan=&quot;1&quot; colspan=&quot;1&quot;&gt;Ethiopia&lt;/td&gt;&lt;td align=&quot;center&quot; rowspan=&quot;1&quot; colspan=&quot;1&quot;&gt;India&lt;/td&gt;&lt;/tr&gt;&lt;/thead&gt;&lt;tbody&gt;&lt;tr&gt;&lt;td rowspan=&quot;1&quot; colspan=&quot;1&quot;&gt;No covariates&lt;/td&gt;&lt;td align=&quot;center&quot; rowspan=&quot;1&quot; colspan=&quot;1&quot;&gt;0.1533&lt;/td&gt;&lt;td align=&quot;center&quot; rowspan=&quot;1&quot; colspan=&quot;1&quot;&gt;0.4280&lt;/td&gt;&lt;td align=&quot;center&quot; rowspan=&quot;1&quot; colspan=&quot;1&quot;&gt;0.0611&lt;/td&gt;&lt;/tr&gt;&lt;tr&gt;&lt;td rowspan=&quot;1&quot; colspan=&quot;1&quot;&gt;Average season&lt;/td&gt;&lt;td align=&quot;center&quot; rowspan=&quot;1&quot; colspan=&quot;1&quot;&gt;0.1536&lt;/td&gt;&lt;td align=&quot;center&quot; rowspan=&quot;1&quot; colspan=&quot;1&quot;&gt;0.4290&lt;/td&gt;&lt;td align=&quot;center&quot; rowspan=&quot;1&quot; colspan=&quot;1&quot;&gt;0.0694&lt;/td&gt;&lt;/tr&gt;&lt;tr&gt;&lt;td rowspan=&quot;1&quot; colspan=&quot;1&quot;&gt;Perfect forecast&lt;/td&gt;&lt;td align=&quot;center&quot; rowspan=&quot;1&quot; colspan=&quot;1&quot;&gt;0.1749&lt;/td&gt;&lt;td align=&quot;center&quot; rowspan=&quot;1&quot; colspan=&quot;1&quot;&gt;0.4442&lt;/td&gt;&lt;td align=&quot;center&quot; rowspan=&quot;1&quot; colspan=&quot;1&quot;&gt;0.1065&lt;/td&gt;&lt;/tr&gt;&lt;/tbody&gt;&lt;/table&gt;
</infon><offset>15683</offset><text>Model	Nicaragua	Ethiopia	India	 	No covariates	0.1533	0.4280	0.0611	 	Average season	0.1536	0.4290	0.0694	 	Perfect forecast	0.1749	0.4442	0.1065	 	</text></passage><passage><infon key="file">t02.xml</infon><infon key="id">t02</infon><infon key="section_type">TABLE</infon><infon key="type">table_footnote</infon><offset>15832</offset><text>Model average season corrects for climatic sampling bias by averaging predictions over a base period of seasonal climate data. Model perfect forecast uses observed climatic covariates in the predicted seasons. Values represent cross-validated pseudo-R2 values averaged across blocks and weighted with the square root of the sample size of each block.</text></passage><passage><infon key="section_type">CONCL</infon><infon key="type">paragraph</infon><offset>16183</offset><text>Second, climatic analysis can improve variety recommendations by incorporating seasonal forecasts. Perfect forecast in Table 2 shows that the pseudo- values increase further when observed climate information is available for prediction. The improvement gained from a perfect forecast was substantially larger than the improvement from sampling bias correction. It requires additional work to quantify the improvement of variety recommendations with a realistic climate forecast skill. It is clear, however, that variety recommendations derived from tricot trials can benefit from seasonal forecasts.</text></passage><passage><infon key="section_type">CONCL</infon><infon key="type">paragraph</infon><offset>16783</offset><text>Third, climatic analysis can support risk analysis. Table 3 shows the expected probability of outperforming all other varieties, which is a metric of average performance, and a risk metric, worst regret —the largest underperformance of the recommended variety relative to the best variety. These two metrics produced divergent variety recommendations in all three cases (indicated in bold in Table 3). In principle, risk analysis for variety choice is also possible without explicit climatic analysis, but this produces results that are difficult to interpret in terms of climatic causality and requires trials during a large number of seasons to avoid sampling bias and to characterize probability distributions accurately.</text></passage><passage><infon key="file">t03.xml</infon><infon key="id">t03</infon><infon key="section_type">TABLE</infon><infon key="type">table_caption</infon><offset>17510</offset><text>Expected probability of winning (average of all farms over the base period) and worst regret measures of a subset of the varieties</text></passage><passage><infon key="file">t03.xml</infon><infon key="id">t03</infon><infon key="section_type">TABLE</infon><infon key="type">table</infon><infon key="xml">&lt;?xml version=&quot;1.0&quot; encoding=&quot;UTF-8&quot;?&gt;
&lt;table frame=&quot;hsides&quot; rules=&quot;groups&quot;&gt;&lt;thead&gt;&lt;tr&gt;&lt;td rowspan=&quot;1&quot; colspan=&quot;1&quot;&gt;Case study and variety&lt;/td&gt;&lt;td align=&quot;center&quot; rowspan=&quot;1&quot; colspan=&quot;1&quot;&gt;Probability of winning&lt;/td&gt;&lt;td align=&quot;center&quot; rowspan=&quot;1&quot; colspan=&quot;1&quot;&gt;Worst regret&lt;/td&gt;&lt;/tr&gt;&lt;/thead&gt;&lt;tbody&gt;&lt;tr&gt;&lt;td rowspan=&quot;1&quot; colspan=&quot;1&quot;&gt;Common bean (Nicaragua)&lt;/td&gt;&lt;td rowspan=&quot;1&quot; colspan=&quot;1&quot;/&gt;&lt;td rowspan=&quot;1&quot; colspan=&quot;1&quot;/&gt;&lt;/tr&gt;&lt;tr&gt;&lt;td rowspan=&quot;1&quot; colspan=&quot;1&quot;&gt;Local variety&lt;/td&gt;&lt;td align=&quot;center&quot; rowspan=&quot;1&quot; colspan=&quot;1&quot;&gt;&lt;bold&gt;0.130&lt;/bold&gt;&lt;/td&gt;&lt;td align=&quot;center&quot; rowspan=&quot;1&quot; colspan=&quot;1&quot;&gt;0.023&lt;/td&gt;&lt;/tr&gt;&lt;tr&gt;&lt;td rowspan=&quot;1&quot; colspan=&quot;1&quot;&gt;INTA Fuerte Sequía&lt;/td&gt;&lt;td align=&quot;center&quot; rowspan=&quot;1&quot; colspan=&quot;1&quot;&gt;0.125&lt;/td&gt;&lt;td align=&quot;center&quot; rowspan=&quot;1&quot; colspan=&quot;1&quot;&gt;&lt;bold&gt;0.021&lt;/bold&gt;&lt;/td&gt;&lt;/tr&gt;&lt;tr&gt;&lt;td rowspan=&quot;1&quot; colspan=&quot;1&quot;&gt;INTA Centro Sur&lt;/td&gt;&lt;td align=&quot;center&quot; rowspan=&quot;1&quot; colspan=&quot;1&quot;&gt;0.098&lt;/td&gt;&lt;td align=&quot;center&quot; rowspan=&quot;1&quot; colspan=&quot;1&quot;&gt;0.057&lt;/td&gt;&lt;/tr&gt;&lt;tr&gt;&lt;td rowspan=&quot;1&quot; colspan=&quot;1&quot;&gt;BRT 103-182&lt;/td&gt;&lt;td align=&quot;center&quot; rowspan=&quot;1&quot; colspan=&quot;1&quot;&gt;0.092&lt;/td&gt;&lt;td align=&quot;center&quot; rowspan=&quot;1&quot; colspan=&quot;1&quot;&gt;0.068&lt;/td&gt;&lt;/tr&gt;&lt;tr&gt;&lt;td rowspan=&quot;1&quot; colspan=&quot;1&quot;&gt;INTA Rojo&lt;/td&gt;&lt;td align=&quot;center&quot; rowspan=&quot;1&quot; colspan=&quot;1&quot;&gt;0.088&lt;/td&gt;&lt;td align=&quot;center&quot; rowspan=&quot;1&quot; colspan=&quot;1&quot;&gt;0.082&lt;/td&gt;&lt;/tr&gt;&lt;tr&gt;&lt;td rowspan=&quot;1&quot; colspan=&quot;1&quot;&gt;INTA Matagalpa&lt;/td&gt;&lt;td align=&quot;center&quot; rowspan=&quot;1&quot; colspan=&quot;1&quot;&gt;0.087&lt;/td&gt;&lt;td align=&quot;center&quot; rowspan=&quot;1&quot; colspan=&quot;1&quot;&gt;0.057&lt;/td&gt;&lt;/tr&gt;&lt;tr&gt;&lt;td rowspan=&quot;1&quot; colspan=&quot;1&quot;/&gt;&lt;td rowspan=&quot;1&quot; colspan=&quot;1&quot;/&gt;&lt;td rowspan=&quot;1&quot; colspan=&quot;1&quot;/&gt;&lt;/tr&gt;&lt;tr&gt;&lt;td rowspan=&quot;1&quot; colspan=&quot;1&quot;&gt;Durum wheat (Ethiopia)&lt;/td&gt;&lt;td rowspan=&quot;1&quot; colspan=&quot;1&quot;/&gt;&lt;td rowspan=&quot;1&quot; colspan=&quot;1&quot;/&gt;&lt;/tr&gt;&lt;tr&gt;&lt;td rowspan=&quot;1&quot; colspan=&quot;1&quot;&gt;208279&lt;/td&gt;&lt;td align=&quot;center&quot; rowspan=&quot;1&quot; colspan=&quot;1&quot;&gt;&lt;bold&gt;0.059&lt;/bold&gt;&lt;/td&gt;&lt;td align=&quot;center&quot; rowspan=&quot;1&quot; colspan=&quot;1&quot;&gt;0.062&lt;/td&gt;&lt;/tr&gt;&lt;tr&gt;&lt;td rowspan=&quot;1&quot; colspan=&quot;1&quot;&gt;Hitosa&lt;/td&gt;&lt;td align=&quot;center&quot; rowspan=&quot;1&quot; colspan=&quot;1&quot;&gt;0.049&lt;/td&gt;&lt;td align=&quot;center&quot; rowspan=&quot;1&quot; colspan=&quot;1&quot;&gt;&lt;bold&gt;0.035&lt;/bold&gt;&lt;/td&gt;&lt;/tr&gt;&lt;tr&gt;&lt;td rowspan=&quot;1&quot; colspan=&quot;1&quot;&gt;208304&lt;/td&gt;&lt;td align=&quot;center&quot; rowspan=&quot;1&quot; colspan=&quot;1&quot;&gt;0.041&lt;/td&gt;&lt;td align=&quot;center&quot; rowspan=&quot;1&quot; colspan=&quot;1&quot;&gt;0.048&lt;/td&gt;&lt;/tr&gt;&lt;tr&gt;&lt;td rowspan=&quot;1&quot; colspan=&quot;1&quot;&gt;8034&lt;/td&gt;&lt;td align=&quot;center&quot; rowspan=&quot;1&quot; colspan=&quot;1&quot;&gt;0.030&lt;/td&gt;&lt;td align=&quot;center&quot; rowspan=&quot;1&quot; colspan=&quot;1&quot;&gt;0.053&lt;/td&gt;&lt;/tr&gt;&lt;tr&gt;&lt;td rowspan=&quot;1&quot; colspan=&quot;1&quot;&gt;Ude&lt;/td&gt;&lt;td align=&quot;center&quot; rowspan=&quot;1&quot; colspan=&quot;1&quot;&gt;0.025&lt;/td&gt;&lt;td align=&quot;center&quot; rowspan=&quot;1&quot; colspan=&quot;1&quot;&gt;0.063&lt;/td&gt;&lt;/tr&gt;&lt;tr&gt;&lt;td rowspan=&quot;1&quot; colspan=&quot;1&quot;&gt;222360&lt;/td&gt;&lt;td align=&quot;center&quot; rowspan=&quot;1&quot; colspan=&quot;1&quot;&gt;0.023&lt;/td&gt;&lt;td align=&quot;center&quot; rowspan=&quot;1&quot; colspan=&quot;1&quot;&gt;0.061&lt;/td&gt;&lt;/tr&gt;&lt;tr&gt;&lt;td rowspan=&quot;1&quot; colspan=&quot;1&quot;/&gt;&lt;td rowspan=&quot;1&quot; colspan=&quot;1&quot;/&gt;&lt;td rowspan=&quot;1&quot; colspan=&quot;1&quot;/&gt;&lt;/tr&gt;&lt;tr&gt;&lt;td rowspan=&quot;1&quot; colspan=&quot;1&quot;&gt;Bread wheat (India)&lt;/td&gt;&lt;td rowspan=&quot;1&quot; colspan=&quot;1&quot;/&gt;&lt;td rowspan=&quot;1&quot; colspan=&quot;1&quot;/&gt;&lt;/tr&gt;&lt;tr&gt;&lt;td rowspan=&quot;1&quot; colspan=&quot;1&quot;&gt;K 9107 (Deva)&lt;/td&gt;&lt;td align=&quot;center&quot; rowspan=&quot;1&quot; colspan=&quot;1&quot;&gt;&lt;bold&gt;0.077&lt;/bold&gt;&lt;/td&gt;&lt;td align=&quot;center&quot; rowspan=&quot;1&quot; colspan=&quot;1&quot;&gt;0.051&lt;/td&gt;&lt;/tr&gt;&lt;tr&gt;&lt;td rowspan=&quot;1&quot; colspan=&quot;1&quot;&gt;HD 2967&lt;/td&gt;&lt;td align=&quot;center&quot; rowspan=&quot;1&quot; colspan=&quot;1&quot;&gt;0.068&lt;/td&gt;&lt;td align=&quot;center&quot; rowspan=&quot;1&quot; colspan=&quot;1&quot;&gt;0.047&lt;/td&gt;&lt;/tr&gt;&lt;tr&gt;&lt;td rowspan=&quot;1&quot; colspan=&quot;1&quot;&gt;HD 2733&lt;/td&gt;&lt;td align=&quot;center&quot; rowspan=&quot;1&quot; colspan=&quot;1&quot;&gt;0.066&lt;/td&gt;&lt;td align=&quot;center&quot; rowspan=&quot;1&quot; colspan=&quot;1&quot;&gt;&lt;bold&gt;0.036&lt;/bold&gt;&lt;/td&gt;&lt;/tr&gt;&lt;tr&gt;&lt;td rowspan=&quot;1&quot; colspan=&quot;1&quot;&gt;K 0307 (Shatabadi)&lt;/td&gt;&lt;td align=&quot;center&quot; rowspan=&quot;1&quot; colspan=&quot;1&quot;&gt;0.063&lt;/td&gt;&lt;td align=&quot;center&quot; rowspan=&quot;1&quot; colspan=&quot;1&quot;&gt;0.095&lt;/td&gt;&lt;/tr&gt;&lt;tr&gt;&lt;td rowspan=&quot;1&quot; colspan=&quot;1&quot;&gt;CSW 18&lt;/td&gt;&lt;td align=&quot;center&quot; rowspan=&quot;1&quot; colspan=&quot;1&quot;&gt;0.042&lt;/td&gt;&lt;td align=&quot;center&quot; rowspan=&quot;1&quot; colspan=&quot;1&quot;&gt;0.073&lt;/td&gt;&lt;/tr&gt;&lt;tr&gt;&lt;td rowspan=&quot;1&quot; colspan=&quot;1&quot;&gt;HI 1563 (Pusa Prachi)&lt;/td&gt;&lt;td align=&quot;center&quot; rowspan=&quot;1&quot; colspan=&quot;1&quot;&gt;0.041&lt;/td&gt;&lt;td align=&quot;center&quot; rowspan=&quot;1&quot; colspan=&quot;1&quot;&gt;0.093&lt;/td&gt;&lt;/tr&gt;&lt;/tbody&gt;&lt;/table&gt;
</infon><offset>17641</offset><text>Case study and variety	Probability of winning	Worst regret	 	Common bean (Nicaragua)			 	Local variety	0.130	0.023	 	INTA Fuerte Sequía	0.125	0.021	 	INTA Centro Sur	0.098	0.057	 	BRT 103-182	0.092	0.068	 	INTA Rojo	0.088	0.082	 	INTA Matagalpa	0.087	0.057	 				 	Durum wheat (Ethiopia)			 	208279	0.059	0.062	 	Hitosa	0.049	0.035	 	208304	0.041	0.048	 	8034	0.030	0.053	 	Ude	0.025	0.063	 	222360	0.023	0.061	 				 	Bread wheat (India)			 	K 9107 (Deva)	0.077	0.051	 	HD 2967	0.068	0.047	 	HD 2733	0.066	0.036	 	K 0307 (Shatabadi)	0.063	0.095	 	CSW 18	0.042	0.073	 	HI 1563 (Pusa Prachi)	0.041	0.093	 	</text></passage><passage><infon key="file">t03.xml</infon><infon key="id">t03</infon><infon key="section_type">TABLE</infon><infon key="type">table_footnote</infon><offset>18246</offset><text>The results show how different criteria of variety selection can lead to different recommendations (best value according to each criterion is indicated in bold). Using the probability of winning as a criterion maximizes the average performance but ignores risk. Minimizing worst regret (the loss under the worst possible outcome) is a criterion that takes a conservative approach to risk.</text></passage><passage><infon key="section_type">CONCL</infon><infon key="type">paragraph</infon><offset>18635</offset><text>Fourth, climatic analysis of tricot trial data can generate variety recommendations for wider areas through geospatial extrapolation. To illustrate this, we generated maps of varieties recommendations based on “average season” model predictions (Fig. 3). In all three cases, geographical patterns of variety adaptation have no relationship to administrative boundaries or agroecological zones, which are commonly used to delineate recommendation domains.</text></passage><passage><infon key="file">pnas.1813720116fig03.jpg</infon><infon key="id">fig03</infon><infon key="section_type">FIG</infon><infon key="type">fig_caption</infon><offset>19094</offset><text>Variety recommendations based on average season predictions from PLTs using climatic variables for (A) common bean in Nicaragua (Apante season), (B) durum wheat in Ethiopia (Meher season), and (C) bread wheat in India (Rabi season). Map categories show the top two varieties for each area according to their probability of winning over a base period (2002–2016).</text></passage><passage><infon key="section_type">CONCL</infon><infon key="type">paragraph</infon><offset>19459</offset><text>To assess what the tricot trial results mean in practice, we contrast our results with existing recommendations. For Nicaragua, we compare the results of the tricot trials with the recommendations of a recent national variety catalog. The catalog recommends INTA Rojo and INTA Matagalpa for the study area, but these varieties performed worse than the local varieties in the tricot trials (Fig. 3A). However, the tricot trials identified INTA Fuerte Sequía and INTA Centro Sur as top varieties (Table 3), but the variety catalog recommends them for warm areas outside our study area. In the tricot trials, INTA Fuerte Sequía and INTA Centro Sur outperformed other varieties, especially under heat stress, which apparently occurs with more frequency in our study area than assumed by current variety recommendations. In Nicaragua, then, the tricot trial results show that official variety recommendations fail to identify superior bean varieties that are sufficiently heat tolerant for the study area.</text></passage><passage><infon key="section_type">CONCL</infon><infon key="type">paragraph</infon><offset>20462</offset><text>For Ethiopia, the Wheat Atlas of the International Maize and Wheat Improvement Center (CIMMYT) recommends modern varieties Hitosa, Ude, and Assassa for all of the Ethiopian highlands, which it classifies as a single “mega-environment”. The tricot approach produced geographically more specific recommendations (Fig. 3B). With this, we confirm the results of a previous analysis based on multilocational trial data that showed the benefits of location-specific recommendation domains for durum wheat in Algeria, and we show that such an analysis can also be done with tricot data. The tricot results confirmed the superiority of farmer varieties 8208 and 208304 (Table 3), which were approved for official variety release in March 2017 (on the basis of other field trials). Farmer variety 208279 also has a high probability of winning, but it has a high value of worst regret (Table 3). Our analysis suggests that 208279 could be considered for the coldest areas as shown in Fig. 3B. In Ethiopia, the tricot trial findings improve variety recommendations for durum wheat by uncovering the importance of cold adaptation.</text></passage><passage><infon key="section_type">CONCL</infon><infon key="type">paragraph</infon><offset>21585</offset><text>For India, we compare our findings with the front-line demonstrations of the Indian Institute for Wheat and Barley Research (IIWBR); the 1-ha plots demonstrate new varieties by comparing them with a check variety. IIWBR promoted the variety HD 2967 for the North-Eastern Plain Zone during 2016–2017. HD 2967 was indeed the top variety in the tricot trial among the varieties considered by the IIWBR (Table 3). In the tricot trials, however, K 9107 (a variety released in 1996) outperformed HD 2967 (released in 2011), with a comparable level of worst regret (Table 3). The tricot trials also showed that another variety, HD 2733, outperformed HD 2967 in a large part of the study area (Table 3). In the IIWBR front-line demonstrations, HD 2733 was included as a check variety in four areas and was outyielded by HD 2967 in only one of four areas, while in the other three, the yield difference was not significant. Our analysis shows that HD 2733 generally does better than HD 2967 in areas with a low average DTR during the growing season (Fig. 3C). In India, the analysis of the tricot trial data adds geographic specificity to the existing variety recommendations and suggests that a broader set of wheat varieties should be promoted to take into account the climatic differences across the study area.</text></passage><passage><infon key="section_type">CONCL</infon><infon key="type">paragraph</infon><offset>22893</offset><text>We quantified how much farmers can benefit from tricot-based variety recommendations by calculating variety reliability, the probability of outperforming a check variety (Eq. 2 in Materials and Methods). For each location, we compared the tricot-recommended variety (Fig. 3) with the best-performing variety from the previous recommendations as the check. Reliabilities ranged from 0.59 to 0.65 in Ethiopia, from 0.58 to 0.60 in Nicaragua, and from 0.51 to 0.62 in India (SI Appendix, Fig. S4), indicating substantial benefits for large areas.</text></passage><passage><infon key="section_type">CONCL</infon><infon key="type">title_1</infon><offset>23437</offset><text>Conclusions</text></passage><passage><infon key="section_type">CONCL</infon><infon key="type">paragraph</infon><offset>23449</offset><text>The main question that we addressed is whether on-farm participatory crop trials, scaled through a farmer citizen science approach, can generate insights into climate adaptation of varieties. Citizen science data revealed generalizable relations between seasonal climate variables and crop variety performance that corresponded to known yield-determining factors. Climatic analyses of these data were shown to improve variety recommendations. Our study demonstrates that, in vulnerable, low-income areas, climatic analysis of variety performance is possible with trial data generated directly by farmer citizen scientists on farms. Arguably, similar results could be achieved by a combination of existing approaches (target environment characterization, multilocation trials, participatory variety selection, variety dissemination). The unique contribution of the tricot approach is that it integrates aspects of these approaches into a simple trial format that addresses the challenge of variety replacement for climate adaptation in a way that is, at the same time, scalable and demand led. Tricot trials can track climate trends as they manifest themselves on farms, adjust variety recommendations and recommendation domains, and contribute to understanding how climate affects on-farm varietal performance. Trial analysis combines insights in climatic adaptation mechanisms with a comprehensive evaluation of variety performance from the perspective of farmers, the end users of the seeds. Results can, therefore, be directly translated into actionable information for climate adaptation on the ground. The findings can serve to create variety portfolios that diminish climate risk, can feed into climate information services in combination with seasonal forecasts, and can become part of decentralized plant breeding strategies for climate adaptation. Combining the tricot trial data with other data could generate additional insights into variety performance and acceptability as influenced by environmental, socioeconomic, and genomic factors.</text></passage><passage><infon key="section_type">CONCL</infon><infon key="type">paragraph</infon><offset>25500</offset><text>The tricot approach facilitates engaging large numbers of farmers in citizen science trials with large sets of varieties. Scaling does not only involve an expansion in terms of numbers and scope, however, but also, it implies new institutional arrangements. Carefully designed strategies should foster communication between providers and users of information. Wide-ranging collaborations are needed for climate adaptation in crop variety management, involving farmers, extension agents, seed retailers, seed producers, plant breeders, and climate information providers. The tricot approach can help to cut across these different domains, because it is able to link climatic and varietal information directly to farmer decision making. With appropriate institutional support and investment, citizen science can potentially make an important contribution to farmers’ adaptive capacity and to the mobilization of crop genetic diversity for climate adaptation.</text></passage><passage><infon key="section_type">METHODS</infon><infon key="type">title_1</infon><offset>26459</offset><text>Materials and Methods</text></passage><passage><infon key="section_type">METHODS</infon><infon key="type">title_2</infon><offset>26481</offset><text>Crop Trials.</text></passage><passage><infon key="section_type">METHODS</infon><infon key="type">paragraph</infon><offset>26494</offset><text>Trials were performed between 2012 and 2016 during three cropping seasons in Ethiopia, five cropping seasons in Nicaragua, and four cropping seasons in India (SI Appendix, Table S1). Trial design followed the tricot citizen science approach. Sets of varieties were allocated randomly to farms as incomplete blocks, maintaining spatial balance by assigning roughly equal frequencies of the varieties to each area. In Nicaragua and India, incomplete blocks contained three varieties. In Ethiopia, we used a modified approach that included four varieties per farm. Plots were small to facilitate farmer participation but in all cases, large enough to avoid strong edge effects. Farmers indicated the relative performance of varieties through ranking. Ranking is a robust data collection approach that avoids observer drift and allows for aggregation across disparate datasets.</text></passage><passage><infon key="section_type">METHODS</infon><infon key="type">paragraph</infon><offset>27368</offset><text>The trials required three moments of contact with the farmers: (i) explaining the experiment and distributing the seeds, (ii) collecting evaluation data, and (iii) returning the results. Data were initially collected using paper forms and in subsequent seasons, through electronic formats linked to a purpose-built digital platform, https://climmob.net. In the trials presented here, field agents collected the data through visits (phone calls are also feasible).</text></passage><passage><infon key="section_type">METHODS</infon><infon key="type">title_2</infon><offset>27832</offset><text>Data Analysis.</text></passage><passage><infon key="section_type">METHODS</infon><infon key="type">paragraph</infon><offset>27847</offset><text>All analyses were done in R. For the analysis of the variety-ranking data generated by farmers, we used the Plackett–Luce model. The Plackett–Luce model estimates for each variety the probability that it wins, beating all other varieties in the set. The model determines the values of positive-valued parameters  (worth) associated with each variety . These parameters  are related to the probability that variety  wins against all other  varieties in the following way:The probability that variety  beats another variety  is calculated in a similar way.Eq. 2 also serves to calculate the reliability of a variety—its probability of beating a check variety. These equations follow from Luce’s Choice Axiom, which states that the probability that one item beats another is independent from the presence or absence of any other items in the set. We report worth values that sum to one. This makes each worth value  equal to the probability of variety  outperforming all other varieties:In the trials, we used rankings of three varieties (), which have the following probability of occurring according to the Plackett–Luce model:The log likelihood for a ranking  follows from Eqs. 1, 2, and 4 and takes the following form:The log likelihood is then the sum of the log-likelihood  values across all rankings. Using an iterative algorithm, the log likelihood is maximized to identify the  values that make the observed rankings most probable. We also generated quasi-SEs for . To take into account covariates, we created PLTs through recursive partitioning. Additional details are given in SI Appendix.</text></passage><passage><infon key="section_type">METHODS</infon><infon key="type">title_2</infon><offset>29455</offset><text>Data and Code Availability.</text></passage><passage><infon key="section_type">METHODS</infon><infon key="type">paragraph</infon><offset>29483</offset><text>Full data are available through Dataverse. Code is available in SI Appendix.</text></passage><passage><infon key="section_type">SUPPL</infon><infon key="type">title_1</infon><offset>29560</offset><text>Supplementary Material</text></passage><passage><infon key="section_type">SUPPL</infon><infon key="type">footnote</infon><offset>29583</offset><text>The authors declare no conflict of interest.</text></passage><passage><infon key="section_type">SUPPL</infon><infon key="type">footnote</infon><offset>29628</offset><text>This article is a PNAS Direct Submission.</text></passage><passage><infon key="section_type">SUPPL</infon><infon key="type">footnote</infon><offset>29670</offset><text>Data deposition: The data reported in this paper have been deposited in the Dataverse database, https://dataverse.harvard.edu/dataset.xhtml?persistentId=doi:10.7910/DVN/4ICF6W.</text></passage><passage><infon key="section_type">SUPPL</infon><infon key="type">footnote</infon><offset>29847</offset><text>This article contains supporting information online at www.pnas.org/lookup/suppl/doi:10.1073/pnas.1813720116/-/DCSupplemental.</text></passage><passage><infon key="fpage">485</infon><infon key="lpage">533</infon><infon key="name_0">surname:Porter;given-names:JR</infon><infon key="name_1">surname:Field;given-names:CB</infon><infon key="section_type">REF</infon><infon key="source">Contribution of Working Group II to the Fifth Assessment Report of the Intergovernmental Panel on Climate Change</infon><infon key="type">ref</infon><infon key="year">2014</infon><offset>29974</offset><text>Food security and food production systems in climate change 2014: Impacts, adaptation, and vulnerability</text></passage><passage><infon key="fpage">31</infon><infon key="lpage">37</infon><infon key="name_0">surname:Atlin;given-names:GN</infon><infon key="name_1">surname:Cairns;given-names:JE</infon><infon key="name_2">surname:Das;given-names:B</infon><infon key="section_type">REF</infon><infon key="source">Glob Food Secur</infon><infon key="type">ref</infon><infon key="volume">12</infon><infon key="year">2017</infon><offset>30079</offset><text>Rapid breeding and varietal replacement are critical to adaptation of cropping systems in the developing world to climate change</text></passage><passage><infon key="fpage">954</infon><infon key="lpage">958</infon><infon key="name_0">surname:Challinor;given-names:AJ</infon><infon key="name_1">surname:Koehler;given-names:AK</infon><infon key="name_2">surname:Ramirez-Villegas;given-names:J</infon><infon key="name_3">surname:Whitfield;given-names:S</infon><infon key="name_4">surname:Das;given-names:B</infon><infon key="section_type">REF</infon><infon key="source">Nat Clim Change</infon><infon key="type">ref</infon><infon key="volume">6</infon><infon key="year">2016</infon><offset>30208</offset><text>Current warming will reduce yields unless maize breeding and seed systems adapt immediately</text></passage><passage><infon key="fpage">13432</infon><infon key="lpage">13437</infon><infon key="name_0">surname:Bellon;given-names:MR</infon><infon key="name_1">surname:Hodson;given-names:D</infon><infon key="name_2">surname:Hellin;given-names:J</infon><infon key="pub-id_pmid">21825131</infon><infon key="section_type">REF</infon><infon key="source">Proc Natl Acad Sci USA</infon><infon key="type">ref</infon><infon key="volume">108</infon><infon key="year">2011</infon><offset>30300</offset><text>Assessing the vulnerability of traditional maize seed systems in Mexico to climate change</text></passage><passage><infon key="name_0">surname:Annicchiarico;given-names:P</infon><infon key="section_type">REF</infon><infon key="source">Genotype x Environment Interactions: Challenges and Opportunities for Plant Breeding and Cultivar Recommendations</infon><infon key="type">ref</infon><infon key="year">2002</infon><offset>30390</offset></passage><passage><infon key="fpage">143</infon><infon key="lpage">154</infon><infon key="name_0">surname:Dawson;given-names:JC</infon><infon key="name_1">surname:Murphy;given-names:KM</infon><infon key="name_2">surname:Jones;given-names:SS</infon><infon key="section_type">REF</infon><infon key="source">Euphytica</infon><infon key="type">ref</infon><infon key="volume">160</infon><infon key="year">2008</infon><offset>30391</offset><text>Decentralized selection and participatory approaches in plant breeding for low-input systems</text></passage><passage><infon key="fpage">463</infon><infon key="lpage">475</infon><infon key="name_0">surname:Atlin;given-names:G</infon><infon key="name_1">surname:Cooper;given-names:M</infon><infon key="name_2">surname:Bjørnstad;given-names:Å</infon><infon key="section_type">REF</infon><infon key="source">Euphytica</infon><infon key="type">ref</infon><infon key="volume">122</infon><infon key="year">2001</infon><offset>30484</offset><text>A comparison of formal and participatory breeding approaches using selection theory</text></passage><passage><infon key="fpage">87</infon><infon key="lpage">97</infon><infon key="name_0">surname:Ceccarelli;given-names:S</infon><infon key="section_type">REF</infon><infon key="source">Crop Sci</infon><infon key="type">ref</infon><infon key="volume">55</infon><infon key="year">2015</infon><offset>30568</offset><text>Efficiency of plant breeding</text></passage><passage><infon key="name_0">surname:Nelson;given-names:R</infon><infon key="name_1">surname:Coe;given-names:R</infon><infon key="name_2">surname:Haussmann;given-names:BI</infon><infon key="pub-id_doi">10.1017/S0014479716000454</infon><infon key="section_type">REF</infon><infon key="source">Exp Agric</infon><infon key="type">ref</infon><infon key="year">2016</infon><offset>30597</offset><text>Farmer research networks as a strategy for matching diverse options and contexts in smallholder agriculture</text></passage><passage><infon key="fpage">977</infon><infon key="lpage">984</infon><infon key="name_0">surname:Bonney;given-names:R</infon><infon key="section_type">REF</infon><infon key="source">BioScience</infon><infon key="type">ref</infon><infon key="volume">59</infon><infon key="year">2009</infon><offset>30705</offset><text>Citizen science: A developing tool for expanding science knowledge and scientific literacy</text></passage><passage><infon key="fpage">126</infon><infon key="lpage">138</infon><infon key="name_0">surname:Minet;given-names:J</infon><infon key="section_type">REF</infon><infon key="source">Comput Electronics Agric</infon><infon key="type">ref</infon><infon key="volume">142</infon><infon key="year">2017</infon><offset>30796</offset><text>Crowdsourcing for agricultural applications: A review of uses and opportunities for a farmsourcing approach</text></passage><passage><infon key="fpage">20181977</infon><infon key="name_0">surname:Ryan;given-names:S</infon><infon key="section_type">REF</infon><infon key="source">Proc R Soc B</infon><infon key="type">ref</infon><infon key="volume">285</infon><infon key="year">2018</infon><offset>30904</offset><text>The role of citizen science in addressing grand challenges in food and agriculture research</text></passage><passage><infon key="fpage">e106508</infon><infon key="name_0">surname:Cooper;given-names:CB</infon><infon key="name_1">surname:Shirk;given-names:J</infon><infon key="name_2">surname:Zuckerberg;given-names:B</infon><infon key="pub-id_pmid">25184755</infon><infon key="section_type">REF</infon><infon key="source">PLoS One</infon><infon key="type">ref</infon><infon key="volume">9</infon><infon key="year">2014</infon><offset>30996</offset><text>The invisible prevalence of citizen science in global research: Migratory birds and climate change</text></passage><passage><infon key="fpage">102</infon><infon key="lpage">110</infon><infon key="name_0">surname:van Etten;given-names:J</infon><infon key="section_type">REF</infon><infon key="source">IDS Bull</infon><infon key="type">ref</infon><infon key="volume">42</infon><infon key="year">2011</infon><offset>31095</offset><text>Crowdsourcing crop improvement in sub-saharan Africa: A proposal for a scalable and inclusive approach to food security</text></passage><passage><infon key="name_0">surname:van Etten;given-names:J</infon><infon key="pub-id_doi">10.1017/S0014479716000739</infon><infon key="section_type">REF</infon><infon key="source">Exp Agric</infon><infon key="type">ref</infon><infon key="year">October 17, 2016</infon><offset>31215</offset><text>First experiences with a novel farmer citizen science approach: Crowdsourcing participatory variety selection through on-farm triadic comparisons of technologies (tricot)</text></passage><passage><infon key="fpage">32</infon><infon key="name_0">surname:Steinke;given-names:J</infon><infon key="name_1">surname:van Etten;given-names:J</infon><infon key="name_2">surname:Zelan;given-names:PM</infon><infon key="section_type">REF</infon><infon key="source">Agron Sustainable Dev</infon><infon key="type">ref</infon><infon key="volume">37</infon><infon key="year">2017</infon><offset>31386</offset><text>The accuracy of farmer-generated data in an agricultural citizen science methodology</text></passage><passage><infon key="fpage">e0175700</infon><infon key="name_0">surname:Beza;given-names:E</infon><infon key="pub-id_pmid">28472823</infon><infon key="section_type">REF</infon><infon key="source">PLoS One</infon><infon key="type">ref</infon><infon key="volume">12</infon><infon key="year">2017</infon><offset>31471</offset><text>What are the prospects for citizen science in agriculture? Evidence from three continents on motivation and mobile telephone use of resource-poor farmers</text></passage><passage><infon key="fpage">700</infon><infon key="lpage">706</infon><infon key="name_0">surname:Rainey;given-names:KM</infon><infon key="name_1">surname:Griffiths;given-names:PD</infon><infon key="section_type">REF</infon><infon key="source">J Am Soc Hortic Sci</infon><infon key="type">ref</infon><infon key="volume">130</infon><infon key="year">2005</infon><offset>31625</offset><text>Inheritance of heat tolerance during reproductive development in snap bean (Phaseolus vulgaris L.)</text></passage><passage><infon key="fpage">1147</infon><infon key="lpage">1154</infon><infon key="name_0">surname:Fowler;given-names:DB</infon><infon key="section_type">REF</infon><infon key="source">Crop Sci</infon><infon key="type">ref</infon><infon key="volume">48</infon><infon key="year">2008</infon><offset>31724</offset><text>Cold acclimation threshold induction temperatures in cereals</text></passage><passage><infon key="fpage">192</infon><infon key="lpage">202</infon><infon key="name_0">surname:Rao;given-names:BB</infon><infon key="name_1">surname:Chowdary;given-names:PS</infon><infon key="name_2">surname:Sandeep;given-names:V</infon><infon key="name_3">surname:Pramod;given-names:V</infon><infon key="name_4">surname:Rao;given-names:V</infon><infon key="section_type">REF</infon><infon key="source">Agric For Meteorol</infon><infon key="type">ref</infon><infon key="volume">200</infon><infon key="year">2015</infon><offset>31785</offset><text>Spatial analysis of the sensitivity of wheat yields to temperature in India</text></passage><passage><infon key="fpage">55</infon><infon key="lpage">67</infon><infon key="name_0">surname:Savage;given-names:LJ</infon><infon key="section_type">REF</infon><infon key="source">J Am Stat Assoc</infon><infon key="type">ref</infon><infon key="volume">46</infon><infon key="year">1951</infon><offset>31861</offset><text>The theory of statistical decision</text></passage><passage><infon key="fpage">148</infon><infon key="lpage">172</infon><infon key="name_0">surname:Sukcharoen;given-names:K</infon><infon key="name_1">surname:Leatham;given-names:D</infon><infon key="section_type">REF</infon><infon key="source">J Agric Appl Econ</infon><infon key="type">ref</infon><infon key="volume">48</infon><infon key="year">2016</infon><offset>31896</offset><text>Mean-variance versus mean-expected shortfall models: An application to wheat variety selection</text></passage><passage><infon key="name_0">surname:López Silva;given-names:E</infon><infon key="name_1">surname:Munguía Sandoval;given-names:J</infon><infon key="section_type">REF</infon><infon key="source">Catálogo de cultivares de granos básicos registrados y autorizados para la producción y comercialización</infon><infon key="type">ref</infon><infon key="year">2014</infon><offset>31991</offset></passage><passage><infon key="comment">Wheat Atlas. Available at beta.wheatatlas.org. Accessed July 15, 2018</infon><infon key="section_type">REF</infon><infon key="type">ref</infon><offset>31992</offset></passage><passage><infon key="fpage">70</infon><infon key="lpage">81</infon><infon key="name_0">surname:Annicchiarico;given-names:P</infon><infon key="name_1">surname:Bellah;given-names:F</infon><infon key="name_2">surname:Chiari;given-names:T</infon><infon key="section_type">REF</infon><infon key="source">Eur J Agron</infon><infon key="type">ref</infon><infon key="volume">24</infon><infon key="year">2006</infon><offset>31993</offset><text>Repeatable genotype  location interaction and its exploitation by conventional and GIS-based cultivar recommendation for durum wheat in Algeria</text></passage><passage><infon key="fpage">39</infon><infon key="lpage">49</infon><infon key="name_0">surname:Mengistu;given-names:DK</infon><infon key="name_1">surname:Kidane;given-names:YG</infon><infon key="name_2">surname:Fadda;given-names:C</infon><infon key="name_3">surname:Pè;given-names:ME</infon><infon key="section_type">REF</infon><infon key="source">Plant Genet Resour</infon><infon key="type">ref</infon><infon key="volume">16</infon><infon key="year">2018</infon><offset>32137</offset><text>Genetic diversity in Ethiopian durum wheat (Triticum turgidum var durum) inferred from phenotypic variations</text></passage><passage><infon key="section_type">REF</infon><infon key="source">Progress Report of AICRP on Wheat and Barley 2016–17, Social Sciences</infon><infon key="type">ref</infon><infon key="year">2017</infon><offset>32246</offset></passage><passage><infon key="fpage">384</infon><infon key="lpage">399</infon><infon key="name_0">surname:Klemm;given-names:T</infon><infon key="name_1">surname:McPherson;given-names:RA</infon><infon key="section_type">REF</infon><infon key="source">Agric For Meteorol</infon><infon key="type">ref</infon><infon key="volume">232</infon><infon key="year">2017</infon><offset>32247</offset><text>The development of seasonal climate forecasting for agricultural producers</text></passage><passage><infon key="fpage">225</infon><infon key="lpage">233</infon><infon key="name_0">surname:Hammond;given-names:J</infon><infon key="section_type">REF</infon><infon key="source">Agric Syst</infon><infon key="type">ref</infon><infon key="volume">151</infon><infon key="year">2017</infon><offset>32322</offset><text>The Rural Household Multi-Indicator Survey (RHoMIS) for rapid characterisation of households to inform climate smart agriculture interventions: Description and applications in East Africa and Central America</text></passage><passage><infon key="fpage">1230</infon><infon key="name_0">surname:Kidane;given-names:YG</infon><infon key="pub-id_pmid">28769945</infon><infon key="section_type">REF</infon><infon key="source">Front Plant Sci</infon><infon key="type">ref</infon><infon key="volume">8</infon><infon key="year">2017</infon><offset>32530</offset><text>Genome wide association study to identify the genetic base of smallholder farmer preferences of durum wheat traits</text></passage><passage><infon key="fpage">614</infon><infon key="lpage">616</infon><infon key="name_0">surname:Hewitt;given-names:CD</infon><infon key="name_1">surname:Stone;given-names:RC</infon><infon key="name_2">surname:Tait;given-names:AB</infon><infon key="section_type">REF</infon><infon key="source">Nat Clim Change</infon><infon key="type">ref</infon><infon key="volume">7</infon><infon key="year">2017</infon><offset>32645</offset><text>Improving the use of climate information in decision-making</text></passage><passage><infon key="fpage">471</infon><infon key="lpage">481</infon><infon key="name_0">surname:Halekoh;given-names:U</infon><infon key="name_1">surname:Kristensen;given-names:K</infon><infon key="section_type">REF</infon><infon key="source">J Agric Sci</infon><infon key="type">ref</infon><infon key="volume">146</infon><infon key="year">2008</infon><offset>32705</offset><text>Evaluation of treatment effects by ranking</text></passage><passage><infon key="fpage">235</infon><infon key="lpage">237</infon><infon key="name_0">surname:Simko;given-names:I</infon><infon key="name_1">surname:Piepho;given-names:HP</infon><infon key="pub-id_pmid">21367649</infon><infon key="section_type">REF</infon><infon key="source">Trends Plant Sci</infon><infon key="type">ref</infon><infon key="volume">16</infon><infon key="year">2011</infon><offset>32748</offset><text>Combining phenotypic data from ordinal rating scales in multiple plant experiments</text></passage><passage><infon key="comment">R: A Language and Environment for Statistical Computing (R Foundation for Statistical Computing, Vienna), Version 3.4.3</infon><infon key="section_type">REF</infon><infon key="type">ref</infon><infon key="year">2017</infon><offset>32831</offset></passage><passage><infon key="fpage">193</infon><infon key="lpage">202</infon><infon key="name_0">surname:Plackett;given-names:RL</infon><infon key="section_type">REF</infon><infon key="source">J R Stat Soc Ser C Appl Stat</infon><infon key="type">ref</infon><infon key="volume">24</infon><infon key="year">1975</infon><offset>32832</offset><text>The analysis of permutations</text></passage><passage><infon key="name_0">surname:Luce;given-names:RD</infon><infon key="section_type">REF</infon><infon key="source">Individual Choice Behavior: A Theoretical Analysis</infon><infon key="type">ref</infon><infon key="year">1959</infon><offset>32861</offset></passage><passage><infon key="fpage">494</infon><infon key="lpage">500</infon><infon key="name_0">surname:Eskridge;given-names:K</infon><infon key="name_1">surname:Mumm;given-names:R</infon><infon key="pub-id_pmid">24203213</infon><infon key="section_type">REF</infon><infon key="source">Theor Appl Genet</infon><infon key="type">ref</infon><infon key="volume">84</infon><infon key="year">1992</infon><offset>32862</offset><text>Choosing plant cultivars based on the probability of outperforming a check</text></passage><passage><infon key="fpage">384</infon><infon key="lpage">406</infon><infon key="name_0">surname:Hunter;given-names:DR</infon><infon key="section_type">REF</infon><infon key="source">Ann Stat</infon><infon key="type">ref</infon><infon key="volume">32</infon><infon key="year">2004</infon><offset>32937</offset><text>MM algorithms for generalized Bradley-Terry models</text></passage><passage><infon key="comment">Modelling rankings in R: The PlackettLuce package. arXiv:1810.12068</infon><infon key="name_0">surname:Turner;given-names:HL</infon><infon key="name_1">surname:van Etten;given-names:J</infon><infon key="name_2">surname:Firth;given-names:D</infon><infon key="name_3">surname:Kosmidis;given-names:I</infon><infon key="section_type">REF</infon><infon key="type">ref</infon><infon key="year">2018</infon><offset>32988</offset></passage><passage><infon key="fpage">135</infon><infon key="lpage">153</infon><infon key="name_0">surname:Strobl;given-names:C</infon><infon key="name_1">surname:Wickelmaier;given-names:F</infon><infon key="name_2">surname:Zeileis;given-names:A</infon><infon key="section_type">REF</infon><infon key="source">J Educ Behav Stat</infon><infon key="type">ref</infon><infon key="volume">36</infon><infon key="year">2011</infon><offset>32989</offset><text>Accounting for individual differences in Bradley-Terry models by means of recursive partitioning</text></passage><passage><infon key="comment">Replication data for “Crop variety management for climate adaptation supported by citizen science.” Harvard Dataverse. Available at  . Deposited July 27, 2018</infon><infon key="name_0">surname:van Etten;given-names:J</infon><infon key="pub-id_doi">10.7910/DVN/4ICF6W</infon><infon key="section_type">REF</infon><infon key="type">ref</infon><infon key="year">2018</infon><offset>33086</offset></passage></document></collection>
