<?xml version="1.0" encoding="UTF-8"?>
<!DOCTYPE collection SYSTEM "BioC.dtd">
<collection><source>PMC</source><date>20201222</date><key>pmc.key</key><document><id>6392254</id><infon key="license">CC BY</infon><passage><infon key="alt-title">Enhancing data quality through an “I don’t know” option in citizen science</infon><infon key="article-id_doi">10.1371/journal.pone.0211907</infon><infon key="article-id_pmc">6392254</infon><infon key="article-id_pmid">30811452</infon><infon key="article-id_publisher-id">PONE-D-18-26000</infon><infon key="elocation-id">e0211907</infon><infon key="issue">2</infon><infon key="license">This is an open access article distributed under the terms of the Creative Commons Attribution License, which permits unrestricted use, distribution, and reproduction in any medium, provided the original author and source are credited.</infon><infon key="name_0">surname:Torre;given-names:Marina</infon><infon key="name_1">surname:Nakayama;given-names:Shinnosuke</infon><infon key="name_2">surname:Tolbert;given-names:Tyrone J.</infon><infon key="name_3">surname:Porfiri;given-names:Maurizio</infon><infon key="name_4">surname:Kestler;given-names:Hans A.</infon><infon key="name_5">surname:Porfiri;given-names:Maurizio</infon><infon key="name_6">surname:Porfiri;given-names:Maurizio</infon><infon key="notes">All relevant data are within the manuscript and its Supporting Information files.</infon><infon key="section_type">TITLE</infon><infon key="title">Data Availability</infon><infon key="type">front</infon><infon key="volume">14</infon><infon key="year">2019</infon><offset>0</offset><text>Producing knowledge by admitting ignorance: Enhancing data quality through an “I don’t know” option in citizen science</text></passage><passage><infon key="section_type">ABSTRACT</infon><infon key="type">abstract</infon><offset>125</offset><text>The “noisy labeler problem” in crowdsourced data has attracted great attention in recent years, with important ramifications in citizen science, where non-experts must produce high-quality data. Particularly relevant to citizen science is dynamic task allocation, in which the level of agreement among labelers can be progressively updated through the information-theoretic notion of entropy. Under dynamic task allocation, we hypothesized that providing volunteers with an “I don’t know” option would contribute to enhancing data quality, by introducing further, useful information about the level of agreement among volunteers. We investigated the influence of an “I don’t know” option on the data quality in a citizen science project that entailed classifying the image of a highly polluted canal into “threat” or “no threat” to the environment. Our results show that an “I don’t know” option can enhance accuracy, compared to the case without the option; such an improvement mostly affects the true negative rather than the true positive rate. In an information-theoretic sense, these seemingly meaningless blank votes constitute a meaningful piece of information to help enhance accuracy of data in citizen science.</text></passage><passage><infon key="section_type">INTRO</infon><infon key="type">title_1</infon><offset>1376</offset><text>Introduction</text></passage><passage><infon key="section_type">INTRO</infon><infon key="type">paragraph</infon><offset>1389</offset><text>Participation of non-trained people in scientific research projects, often called “citizen science”, has been continuously gaining popularity. Since the first massive citizen participation in bird counting in 1900, the number of projects has considerably increased, covering many research disciplines, from ecology to biology, astronomy, and geography. Popularity of citizen science has further expanded with the accessibility to computers and mobile devices. Through online platforms, volunteers can remotely contribute to various disciplines by performing tasks such as classifying galaxies, DNA sequences alignment, analyzing and modeling protein structures, and identifying cancer cells. However, one of the major challenges in citizen science is guaranteeing a satisfactory level of data quality, considering that most of the participants are not professionally trained in the specific field of research.</text></passage><passage><infon key="section_type">INTRO</infon><infon key="type">paragraph</infon><offset>2303</offset><text>A powerful method to deal with the so-called “noisy labeler problem” is the estimation-maximization algorithm. Using the data on labelers’ responses on multiple tasks, the algorithm infers posterior distributions of correct answers and labelers’ error rates through maximum likelihood estimation. The algorithm has been extended to include the estimation of task difficulties and the possibility of correcting labelers’ biases, toward improved prediction of correct answers. However, these methods often require a large sampling pool to attain high accuracy, and, therefore, are not practical for several citizen science projects where the number and effort of volunteers are limited. Further, these methods are designed for static data, which demand redundancy in labeling efforts when the task difficulty is not known in advance. Considering that volunteers’ effort is a valuable and constrained resource for the researchers, an economical solution would be to re-direct the participants to tasks that would benefit from more responses.</text></passage><passage><infon key="section_type">INTRO</infon><infon key="type">paragraph</infon><offset>3354</offset><text>Dealing with the problem of limited effort by participants in citizen science is similar to optimal task allocation among crowdsourcing workers under a limited budget, where practitioners aim to reduce the total cost while maintaining a desired accuracy. Intensive research has been focused on the design of algorithms that dynamically allocate instances when crowdsourcing workers sequentially enter the system. Agreement on each instance is quantified through the information-theoretic notion of entropy. Entropy is a measure of the uncertainty of a random variable, where high entropy relates to a highly stochastic state, and low entropy represents a predictable, nearly deterministic one. In the context of labeling, the entropy of a specific instance measures the level of agreement among labelers, which is related to the accuracy of the responses when the labels are aggregated. Based on entropy and its derivative metrics, the framework of sequential task allocation attempts to dynamically select instances that maximize a utility function under a Markov decision process.</text></passage><passage><infon key="section_type">INTRO</infon><infon key="type">paragraph</infon><offset>4437</offset><text>Dynamic task allocation presumes that workers label each instance without the possibility to avoid labeling and report an answer like “I don’t know”. In the estimation-maximization algorithm, it is necessary that labelers select a response, rather than choosing a hypothetical “I don’t know” option, whereby knowledge about a wrong selection is useful information for estimating individual error rates. Just as dynamic task allocation in crowdsourcing projects has stayed away from an “I don't know” option, so did citizen science, although for a different reason. In citizen science, an “I don’t know” option has been proposed to be detrimental, because it might reduce the output of volunteers who could overuse it. However, it is presently unknown whether the same rationale applies to dynamic task allocation that involves a fewer number of volunteers per instance. In this situation, an “I don’t know” option might increase accuracy by providing further information about the confidence of the aggregated responses when entropy is used to determine the level of agreement among volunteers. For example, volunteers might frequently choose an “I don’t know” option when an image is difficult to classify, whereas they might select correct labels when an image is simple to classify. Thus, an “I don’t know” option could provide additional information about the difficulty of the task, but research to address this hypothesis is presently lacking.</text></passage><passage><infon key="section_type">INTRO</infon><infon key="type">paragraph</infon><offset>5927</offset><text>Toward illuminating the influence of an “I don’t know” option on data quality within entropy-based dynamic task allocation, we conducted a citizen science project in which volunteers performed binary classification tasks with an “I don’t know” option. The study was carried out within the Brooklyn Atlantis Project, which entails monitoring the environment of the Gowanus Canal (Brooklyn, NY), a highly polluted body of water in the U.S. Volunteers were presented with images of the Canal and asked to classify the objects in the images, by assessing whether they could pose a threat to the environment. Using this dataset, we apply the notion of entropy to measure the level of agreement among volunteers with respect to their responses in a specific image. Entropy is computed in three different ways, which contrast in how the “I don’t know” is treated. Specifically, entropy is computed by (1) using only binary labels, (2) including “I don’t know” as a third class, and (3) randomly reassigning “I don’t know” into either label, mimicking the situation where volunteers are forced to choose one when they do not know. We adopt a simplified task allocation procedure where tasks are randomly allocated to volunteers until the entropy falls below a chosen threshold. The entropy of each task is progressively updated to determine whether the task should require more responses from additional volunteers. We compare accuracy as a measure of data quality across the cases in which “I don’t know” is treated differently.</text></passage><passage><infon key="section_type">METHODS</infon><infon key="type">title_1</infon><offset>7485</offset><text>Methods</text></passage><passage><infon key="section_type">METHODS</infon><infon key="type">title_2</infon><offset>7493</offset><text>Dynamic task allocation procedure</text></passage><passage><infon key="section_type">METHODS</infon><infon key="type">paragraph</infon><offset>7527</offset><text>We used the information-theoretic notion of entropy to determine whether an instance requires more labels from additional volunteers. Entropy (H) is a measure of uncertainty of a random variable, quantified as  where pi is the probability of observing the category i among n possible categories. When applied to an image classification task, images with high entropy indicate a large uncertainty in classification among volunteers, whereas those with zero entropy identify consensus among volunteers.</text></passage><passage><infon key="section_type">METHODS</infon><infon key="type">paragraph</infon><offset>8028</offset><text>In our procedure, volunteers sequentially enter the system and classify images randomly taken from an image repository into pre-defined categories. As a new volunteer classifies the images, the entropy of each image is progressively updated. The system assesses whether the image requires further analysis by new volunteers, by comparing the current entropy of the image with a certain threshold. When the entropy lowers below the threshold, the image is deemed processed and removed from the repository, and no further labeling is conducted by new volunteers. If the entropy is above the threshold, then the image stays in the repository, subjected to further labeling by new volunteers. Although there exist more sophisticated algorithms to intelligently allocate items to classifiers based on the transient entropy and similar metrics, we chose random task allocation to focus on our research question, which is to illuminate the influence of an “I don’t know” option on data quality.</text></passage><passage><infon key="section_type">METHODS</infon><infon key="type">title_2</infon><offset>9022</offset><text>Data collection</text></passage><passage><infon key="section_type">METHODS</infon><infon key="type">paragraph</infon><offset>9038</offset><text>The experiment was framed in the context of a citizen science project for monitoring the environmental health of the Gowanus Canal (Brooklyn, NY, USA). To obtain information about the status of the environmental health of the canal, volunteers were asked to analyze the images of the canal and identify the presence of objects that could constitute a threat for the environment. The images were taken by the aquatic robot designed by our team as part of the Brooklyn Atlantis Project, which, over the years, was used by our group to address a number of important areas in citizen science, including face-to-face interactions between volunteers and researchers, the effect of individual curiosity on contribution, motivations, and the potential of integrating rehabilitation tasks into citizen science.</text></passage><passage><infon key="section_type">METHODS</infon><infon key="type">paragraph</infon><offset>9840</offset><text>The robot is able to navigate on the water surface of the Canal and collect water quality data (pH, conductivity, salinity, temperature, and oxygen concentration) and images, through onboard sensors and a camera above the water surface. The images taken by the robot are uploaded on a temporary website built for this experiment, where volunteers can access them from their computers and mobile devices. The website was built using HTML and CSS for the design and JavaScript for functionalities such as sending data to the server. The web server was written in JavaScript using the Node.js runtime. The data are sent to and stored in a MySQL database, which is administrated using phpMyAdmin.</text></passage><passage><infon key="section_type">METHODS</infon><infon key="type">paragraph</infon><offset>10533</offset><text>Before taking part in the project, participants were required to log in through either a Facebook profile or an email account. This login system allowed a one-time access with a personal account to guarantee that each participant performed the task only once. Upon accessing the website, participants were first presented with a short movie explaining the current pollution problems of the Canal and the objective of the project (S1 Video). To ensure that all participants received the same information, they were not allowed to take part in the project until the movie ended.</text></passage><passage><infon key="section_type">METHODS</infon><infon key="type">paragraph</infon><offset>11110</offset><text>After the movie, participants proceeded to a practice session of image classification. The images contained objects (such as garbage, a bird, or a factory), which could give visual information of the environmental health of the Canal. In the practice session, participants were instructed to classify whether the object in the image would pose a threat to the water quality or wildlife by clicking either a “threat”, “no threat”, or “I don’t know” button below the image. Once the task was performed, the correct answer was displayed, along with a short description of the explanation.</text></passage><passage><infon key="section_type">METHODS</infon><infon key="type">paragraph</infon><offset>11710</offset><text>Upon classifying two objects in the practice session, participants proceeded to the main task in which the screen displayed 31 images consecutively for 5 seconds each (Fig 1). The time limit was fixed to grant that all participants would have the same amount of time to classify an image. Participants were asked to classify the highlighted object in each image into “threat”, “no threat”, or “I don’t know”, but this time, the correct answer was not displayed. When the participant did not select any answer in 5 seconds, it was recorded as “no answer”. The images were displayed in a random order for each participant to eliminate the influence of the display order on performance. For each participant, we recorded the anonymous user identification number generated from the website and the selected answer for each image. When a participant changed her/his opinion by clicking a different button within 5 seconds, we recorded only the last selection.</text></passage><passage><infon key="file">pone.0211907.g001.jpg</infon><infon key="id">pone.0211907.g001</infon><infon key="section_type">FIG</infon><infon key="type">fig_title_caption</infon><offset>12683</offset><text>Screenshot of the image classification task.</text></passage><passage><infon key="file">pone.0211907.g001.jpg</infon><infon key="id">pone.0211907.g001</infon><infon key="section_type">FIG</infon><infon key="type">fig_caption</infon><offset>12728</offset><text>The object to be classified is highlighted by a rectangular frame. The number on the right (“2”) denotes the time remaining to answer the question in seconds. The bottom bar indicates the progress toward completing the classification of all images. The correct answer of this image is “no threat” (art installation).</text></passage><passage><infon key="section_type">METHODS</infon><infon key="type">paragraph</infon><offset>13053</offset><text>Before the experiment, all authors identified the correct answer of each image through careful examination and discussion. For example, we classified garbage, a factory with discharged water, or an oil spill on the water surface as “threat” to the environment, whereas a bird or an anthropic object within the human control, such as an art installation or a buoy, as “no threat” to the environment. We only used images that received unanimous consent within our research team to ensure that each of them could be properly associated with the correct answer (S1 File).</text></passage><passage><infon key="section_type">METHODS</infon><infon key="type">paragraph</infon><offset>13629</offset><text>The data collection was carried out between February and June 2017. Participants were recruited through social media of New York University and the Gowanus Canal Conservancy (a local community), and by distributing flyers to passers-by in the neighborhood of the Gowanus Canal. In total, 94 volunteers were recruited in the project. All participants were over 18 years old and anonymous. The data collection was approved by the institutional review board of New York University (IRB-FY2016-184).</text></passage><passage><infon key="section_type">METHODS</infon><infon key="type">title_2</infon><offset>14125</offset><text>Application to the citizen science data</text></passage><passage><infon key="section_type">METHODS</infon><infon key="type">paragraph</infon><offset>14165</offset><text>We investigated the influence of an “I don’t know” option on data quality by assessing the performance of the system using the data collected from volunteers in our citizen science project. Specifically, we compared three cases that encompass hypothetical simulations: (1) volunteers were provided with three classes (“threat”, “no threat”, and “I don’t know”) but only “threat” and “no threat” were used to compute entropy, (2) all classes were used to compute entropy, and (3) each “I don’t know” choice was randomly reassigned to either “threat” or “no threat” when computing entropy. The latter case was intended to simulate the typical citizen science setting, in which a participant does not have access to the “I don't know” option.</text></passage><passage><infon key="section_type">METHODS</infon><infon key="type">paragraph</infon><offset>14951</offset><text>In all the cases, we started by selecting a volunteer from the data set in a random order and allocating five images randomly drawn from the image repository, which initially contained 31 images. Collection of labels on each image was updated each time a new volunteer labeled the image. In the third case where volunteers were not provided with the “I don’t know” option, we reassigned it to either “threat” or “no threat” with an equal probability. In this way, we mimicked the situation where volunteers randomly chose either “threat” or “no threat” when they did not know which to choose. The entropy on each image was normalized between 0 and 1 for all three cases by dividing it by log2N, where N is the number of classes (N = 2 for cases 1 and 3, and N = 3 for case 2). An image was deemed processed and removed from the repository when the entropy fell below a certain threshold and it received at least three labels of “threat” or “no threat” combined. The latter condition was imposed to avoid the situation in which a first few votes on an image could lead to zero entropy by chance, while attempting to minimize the number of votes to process an image based on entropy. The procedure was continued until we exhausted either volunteers or images in the repository.</text></passage><passage><infon key="section_type">METHODS</infon><infon key="type">paragraph</infon><offset>16257</offset><text>We assessed the performance of the three cases by varying the normalized entropy threshold from 0 to 1, with an interval of 0.1. Entropy threshold 0 means that an image was labeled unanimously, and 1 means that an image was removed from the repository when it received three “threat” and “no threat” combined, regardless of the level of agreement among volunteers. To test the situation where a smaller number of volunteers was available, we randomly sampled volunteers from 10 to 90, with an interval of 10. We performed 1,000 simulations each using R 3.4.0.</text></passage><passage><infon key="section_type">METHODS</infon><infon key="type">title_2</infon><offset>16825</offset><text>Evaluation of the system performance</text></passage><passage><infon key="section_type">METHODS</infon><infon key="type">paragraph</infon><offset>16862</offset><text>We compared the system performance as a function of the entropy threshold for the three cases. To assess the quality of the system output, we aggregated the collection of labels into a single label for each processed image using simple majority voting on “threat” and “no threat”, due to its interpretability and robustness. The votes for “I don’t know” were not included in the majority voting because our objective was to classify the images into either “threat” or “no threat”. Then, we quantified the accuracy of the system as the proportion of the number of images correctly classified over the total number of processed images, by comparing the aggregated label with the correct answer for each processed image. The quantity of the system output was scored as the total number of images processed.</text></passage><passage><infon key="section_type">METHODS</infon><infon key="type">paragraph</infon><offset>17688</offset><text>To further examine the system performance, we compared the true positive rate (sensitivity) and the true negative rate (specificity) as a function of the entropy threshold for the three cases. To that end, first we classified each label of “threat” as a true or false positive and “no threat” as a true or false negative, by comparing it with the correct answer. Then, we tallied each occurrence on all processed images and calculated the true positive rate as the proportion of true positives over the sum of true positives and false negatives, and the true negative rate as the proportion of true negatives over the sum of true negatives and false positives.</text></passage><passage><infon key="section_type">METHODS</infon><infon key="type">paragraph</infon><offset>18357</offset><text>To identify when volunteers opted for “I don’t know”, we documented the correct answers of the images that received “I don’t know” from volunteers. We counted the numbers of “threat” and “no threat” on such instances, and the frequency was compared with the one when volunteers actually labeled “threat” and “no threat” on the images, using a  test.</text></passage><passage><infon key="section_type">RESULTS</infon><infon key="type">title_1</infon><offset>18735</offset><text>Results</text></passage><passage><infon key="section_type">RESULTS</infon><infon key="type">title_2</infon><offset>18743</offset><text>Summary of the citizen science data</text></passage><passage><infon key="section_type">RESULTS</infon><infon key="type">paragraph</infon><offset>18779</offset><text>In total, 94 volunteers contributed to the classification of the 31 images consisting of 11 “threat” and 20 “no threat” images. On average, volunteers selected 45.9% of the images as “threat” and 29.9% as “no threat”. They opted for “I don’t know” in 10.6% of the images and did not answer 13.6% of the images.</text></passage><passage><infon key="section_type">RESULTS</infon><infon key="type">paragraph</infon><offset>19112</offset><text>Reflecting the variation in classification difficulty among the images, each image received 1.1–90.4% of the 94 votes as “threat”, 1.1–92.6% as “no threat”, and 0–35.1% as “I don’t know”. Of the images, 5.3–26.6% were left without any choice. Among the images that contained “threat” objects, 71.8% of the votes correctly identified them as threat, ranging from 47.9 to 90.4% among the images, whereas 13.7% of the votes incorrectly identified them as no threat, ranging from 1.1 to 40.4% among the images. By contrast, among the images that contained “no threat” objects, 38.7% of the votes correctly identified them as no threat, ranging from 8.5 to 92.6% among the images, whereas 31.6% of the votes incorrectly identified them as threat, ranging from 1.1 to 69.1% among the images.</text></passage><passage><infon key="section_type">RESULTS</infon><infon key="type">title_2</infon><offset>19928</offset><text>Influence of “I don’t know” under entropy-based task allocation</text></passage><passage><infon key="section_type">RESULTS</infon><infon key="type">paragraph</infon><offset>19998</offset><text>Sequential binary labeling with entropy-based task allocation increased data quality at the expense of data quantity, compared to the case in which no entropy threshold was implemented in task processing (Fig 2). In all the cases examined, a higher accuracy was attained with a smaller threshold, which corresponds to a higher level of agreement among volunteers. In case 2, where the “I don’t know” was used to compute entropy, the system was able to attain higher accuracy when the entropy threshold was below 0.5, compared to case 1, where the entropy was computed only with “threat” and “no threat”. However, the reverse trend was observed when the entropy threshold was above 0.5. By contrast, in case 3, where the “I don’t know” was randomly reassigned to either a “threat” or a “no threat” label in the entropy computation, the accuracy was virtually the same as in case 1, where only the original “threat” and “no threat” labels were used. Mirroring the improvement in accuracy, the number of images processed showed the opposite trend over entropy threshold. In addition, when “no answer” was included in “I don’t know”, or “no answer” was treated as an additional class, we observed the same trend as in case 2, where higher accuracy was attained at smaller entropy, compared to the cases where the entropy was computed only with “threat” and “no threat”.</text></passage><passage><infon key="file">pone.0211907.g002.jpg</infon><infon key="id">pone.0211907.g002</infon><infon key="section_type">FIG</infon><infon key="type">fig_title_caption</infon><offset>21422</offset><text>Performance of image classification as a function of the entropy threshold.</text></passage><passage><infon key="file">pone.0211907.g002.jpg</infon><infon key="id">pone.0211907.g002</infon><infon key="section_type">FIG</infon><infon key="type">fig_caption</infon><offset>21498</offset><text>(a) Accuracy and (b) number of image processed. Square: case 1, where image entropy is computed from two labels (“threat” and “no threat”), filled circle: case 2, where image entropy is computed from three labels (“threat”, “no threat”, and “I don't know”), triangle: case 3, where image entropy is computed from two labels (“threat” and “no threat”) after reassigning “I don’t know” to either class proportional to “threat” and “no threat” by all participants. Points and vertical lines are means and standard errors of 1,000 runs. Dotted lines correspond to the case, where no entropy threshold was applied (that is, the image is retired from the repository when it receives three labels of “threat” and “no threat” combined).</text></passage><passage><infon key="section_type">RESULTS</infon><infon key="type">paragraph</infon><offset>22277</offset><text>The number of volunteers did not change the trend in accuracy (Fig 3). When a smaller number of volunteers performed image labeling, inclusion of an “I don’t know” option resulted in a higher accuracy with a smaller entropy threshold and in a lower accuracy with a larger entropy threshold. In all cases, accuracy increased when fewer volunteers were involved in image labeling.</text></passage><passage><infon key="file">pone.0211907.g003.jpg</infon><infon key="id">pone.0211907.g003</infon><infon key="section_type">FIG</infon><infon key="type">fig_title_caption</infon><offset>22662</offset><text>Performance of image classification over different numbers of volunteers.</text></passage><passage><infon key="file">pone.0211907.g003.jpg</infon><infon key="id">pone.0211907.g003</infon><infon key="section_type">FIG</infon><infon key="type">fig_caption</infon><offset>22736</offset><text>(a) Accuracy at entropy threshold 0.2, (b) at 0.5, and (c) at 0.8. (d) The number of processed images at entropy threshold 0.2, (e) at 0.5, and (f) at 0.8. Colors correspond to Fig 2 (square: case 1, filled circle: case 2, triangle: case 3, open circle: no entropy threshold).</text></passage><passage><infon key="section_type">RESULTS</infon><infon key="type">paragraph</infon><offset>23013</offset><text>The “I don’t know” option influenced the true positive rate and the true negative rate differently, as a function of the entropy threshold (Fig 4). When the entropy threshold was greater, the “I don’t know” option led to a lower true positive rate compared to the other cases in which the image entropy was computed using only two classes of “threat” and “no threat”. However, it achieved a similarly high true positive rate when the entropy threshold was below 0.5. By contrast, the “I don’t know” option led to greater improvement of the true negative rate with a decreasing entropy threshold, compared to the other two cases.</text></passage><passage><infon key="file">pone.0211907.g004.jpg</infon><infon key="id">pone.0211907.g004</infon><infon key="section_type">FIG</infon><infon key="type">fig_caption</infon><offset>23668</offset><text>(a) True positive rates and (b) true negative rates over entropy threshold. Colors correspond to Fig 2 (square: case 1, filled circle: case 2, triangle: case 3).</text></passage><passage><infon key="section_type">RESULTS</infon><infon key="type">paragraph</infon><offset>23830</offset><text>When volunteers labeled either “threat” or “no threat”, they were more likely to label “threat” over “no threat” (60.6% for “threat”), which significantly deviated from the distribution of the correct answers (35.5% for “threat”;  = 7.02, p = 0.008). When they opted for “I don’t know”, the correct answer of those instances was significantly biased toward “no threat” (14.8% for “threat”;  = 227.89, p &lt; 0.001), compared to when they actually selected either “threat” or “no threat” (Fig 5).</text></passage><passage><infon key="file">pone.0211907.g005.jpg</infon><infon key="id">pone.0211907.g005</infon><infon key="section_type">FIG</infon><infon key="type">fig_title_caption</infon><offset>24369</offset><text>Proportion of the labels.</text></passage><passage><infon key="file">pone.0211907.g005.jpg</infon><infon key="id">pone.0211907.g005</infon><infon key="section_type">FIG</infon><infon key="type">fig_caption</infon><offset>24395</offset><text>Gray bars are observed proportions when participants labeled positive (threat) and negative (no threat). Black bars are the proportion of true answers when participants opted for “I don’t know”.</text></passage><passage><infon key="section_type">DISCUSS</infon><infon key="type">title_1</infon><offset>24596</offset><text>Discussion</text></passage><passage><infon key="section_type">DISCUSS</infon><infon key="type">paragraph</infon><offset>24607</offset><text>In this study, we investigated the influence of an “I don’t know” option on data quality within a sequential task processing that utilizes the information-theoretic notion of entropy to dynamically allocate tasks among a limited number of volunteers. Confirming previous studies, we demonstrated that entropy is a useful tool to balance between accuracy of classification and the number of tasks completed. Without knowing the task difficulty or the volunteer reliability in advance, entropy can help improve classification performance, not at the expense of the workload of the volunteers. Within an entropy-based dynamic task allocation, our results show that providing volunteers with an “I don’t know” option is a useful means to further enhance accuracy. Compared to the case without such an option, the system was able to attain greater accuracy with the same number of volunteers. Thus, an “I don’t know” option allows for capitalizing on limited workload, by providing additional information that moderates accuracy of the classification, thereby offering an efficient and effective way to support data classification in citizen science.</text></passage><passage><infon key="section_type">DISCUSS</infon><infon key="type">paragraph</infon><offset>25771</offset><text>The entropy of a task, scored based on volunteers’ responses, encapsulates information about the level of agreement among volunteers. In our citizen science project, images with high entropy indicate conflicting opinions among volunteers, leading to considerable uncertainty about the classification. On the other hand, images with low entropy indicate consensus among volunteers, suggesting clear classification of the images. By comparing volunteers’ responses with the correct answers, we found that when a lower entropy threshold is selected, the classification of the processed images is more accurate. The higher level of accuracy and the stronger agreement among participants reflect the difficulty of the images, confirming our intuition that entropy can be used as a proxy of task difficulty. In line with our observations, similar results were reported in the Snapshot Serengeti Project, where participants were asked to identify species through image classification. In that study, the correctly identified species through majority voting had lower standardized entropy, whereas incorrectly identified images had higher one. Thus, the entropy of a task, scored based on participants’ responses, is a useful tool to determine whether the image requires further information from volunteers to be classified correctly, without knowing the true answer in advance. Entropy provides an indication of the reliability of the contributions, allowing researchers to selectively determine when data validation from experts is required. Considering that the accuracy of entropy measures increases with the number of observations, it is possible to further improve the entropy-based task allocation by dynamically adjusting the entropy threshold proportional to the number of votes, such that entropy computed from a smaller number of votes would require a stricter threshold.</text></passage><passage><infon key="section_type">DISCUSS</infon><infon key="type">paragraph</infon><offset>27652</offset><text>An “I don’t know” option affords volunteers with an opportunity to avoid random choice when they are not certain about the classification. Some citizen science platforms intentionally omit the possibility of these blank votes to avoid their overuse, and volunteers are forced to select one of the pre-defined classes to complete the task. However, when entropy is applied to the image classification tasks, these blank votes that are seemingly not meaningful constitute a meaningful piece of information about the task. Specifically, when an image is difficult to classify, one would observe high entropy because of the large proportion of blank votes, in addition to splitting opinions between “threat” and “no threat” among volunteers. On the other hand, if the object in the image is simple to classify, volunteers may tend to answer correctly, thereby less likely cast blank votes. Additionally, the blank votes provide a beneficial piece of information about general knowledge of a specific question among citizen scientists. For example, questions with a high percentage of blank votes could offer a direction on which aspect should be emphasized in the training session in future citizen science projects.</text></passage><passage><infon key="section_type">DISCUSS</infon><infon key="type">paragraph</infon><offset>28879</offset><text>Our results show that an “I don’t know” option moderates the tradeoff between the accuracy of the data analysis and the number of image processed. Compared to the hypothetical cases that do not use the “I don't know” option, the experimental configuration with such an option led to a higher accuracy with a smaller entropy threshold. At the same time, it led to a lower accuracy with a larger entropy threshold. The number of images processed mirrored the accuracy, with fewer images processed with a smaller entropy threshold. The same trends were observed when the analysis was conducted by fewer volunteers, demonstrating the generality of the result. The positive effect of an “I don’t know” option arises from the fact that it abates erroneous decision of the task by increasing the entropy through additional knowledge, thereby requiring stronger agreement among volunteers for the same entropy threshold. However, we observed the adverse effect of the “I don’t know” option on accuracy when the entropy thresholds were set high. This is because higher entropy thresholds are more likely to falsely detect agreement among volunteers on the task that received more “I don’t know” than “threat” or “no threat”. Such a false detection lead to lower accuracy by outweighing the positive effect brought about by the inclusion of the “I don’t know” answer. The adverse effect can easily be avoided by setting the entropy threshold smaller, or by simply adding an additional criterion to ensure that the entropy reflects the level of agreement between the labels of interest. Therefore, an “I don’t know” option can provide useful information toward enhancing data quality in citizen science projects when combined with entropy-based dynamic task allocation.</text></passage><passage><infon key="section_type">DISCUSS</infon><infon key="type">paragraph</infon><offset>30686</offset><text>A multilabeling problem often ignores the asymmetry in the importance of labels, but researchers may want to place more emphasis on some labels over others, depending on their objectives. For example, spam email detection would be impractical with high false positive rates, whereas medical diagnostics would be dangerous with high false negative rates. Our results show that an “I don’t know” option can influence true positive rate and the true negative rate differently. Specifically, it led to greater improvement of the true negative rate compared to the true positive rate. This is because volunteers were more likely to opt for “I don’t know” when the correct answer was negative (“no threat”) than positive (“threat”). Consequently, the images received fewer erroneous negatives with the “I don’t know” option, thereby decreasing the false negative rate. Had we asked volunteers instead whether the objects in the images were beneficial to the environment, we should have observed a reverse result.</text></passage><passage><infon key="section_type">DISCUSS</infon><infon key="type">paragraph</infon><offset>31719</offset><text>Although we demonstrated the benefit of an “I don’t know” option toward enhancing data quality, we cannot dismiss the possibility that forcing volunteers to choose binary answers could change their behavior. That is, if they did not have the “I don’t know” option, they might have exerted more effort to contribute to science, thereby influencing data quality. However, it is likely that accuracy would decrease further than a random choice, because the distribution of the observed labels submitted by volunteers was biased more toward “threat” than “no threat”, while the distribution of the true answers was the opposite. In such a case, it is possible to compensate the bias by applying a weight function during label classification if one knows the degree of bias in advance. Further research is required to understand how an “I don’t know” option would change motivations and effort in citizen science.</text></passage><passage><infon key="section_type">DISCUSS</infon><infon key="type">paragraph</infon><offset>32654</offset><text>One of the most compelling challenges in citizen science projects is obtaining accurate information from citizens with no formal training. A common practice to guarantee an adequate accuracy involves the engagement of a large number of volunteers performing the same task and aggregate their answers. In this study, we demonstrated that providing volunteers with an “I don’t know” option could enhance accuracy under entropy-based dynamic task allocation. The advantage could further be augmented by implementing more sophisticated task allocation algorithms. The proposed framework does not require any assessment of volunteer reliability or task difficulty in advance, thereby laying the foundations for a powerful and efficient system that is easily customizable by researchers and applicable to different platforms.</text></passage><passage><infon key="section_type">SUPPL</infon><infon key="type">title_1</infon><offset>33480</offset><text>Supporting information</text></passage><passage><infon key="section_type">REF</infon><infon key="type">title</infon><offset>33503</offset><text>References</text></passage><passage><infon key="fpage">977</infon><infon key="lpage">984</infon><infon key="name_0">surname:Bonney;given-names:R</infon><infon key="name_1">surname:Cooper;given-names:CB</infon><infon key="name_2">surname:Dickinson;given-names:J</infon><infon key="name_3">surname:Kelling;given-names:S</infon><infon key="name_4">surname:Phillips;given-names:T</infon><infon key="name_5">surname:Rosenberg K;given-names:V</infon><infon key="section_type">REF</infon><infon key="source">Bioscience. Oxford University Press</infon><infon key="type">ref</infon><infon key="volume">59</infon><infon key="year">2009</infon><offset>33514</offset><text>Citizen science: a developing tool for expanding science knowledge and scientific literacy</text></passage><passage><infon key="fpage">149</infon><infon key="lpage">172</infon><infon key="name_0">surname:Dickinson;given-names:JL</infon><infon key="name_1">surname:Zuckerberg;given-names:B</infon><infon key="name_2">surname:Bonter;given-names:DN</infon><infon key="section_type">REF</infon><infon key="source">Annu Rev Ecol Evol Syst. Annual Reviews</infon><infon key="type">ref</infon><infon key="volume">41</infon><infon key="year">2010</infon><offset>33605</offset><text>Citizen science as an ecological research tool: challenges and benefits</text></passage><passage><infon key="fpage">1237</infon><infon key="lpage">1249</infon><infon key="name_0">surname:Donnelly;given-names:A</infon><infon key="name_1">surname:Crowe;given-names:O</infon><infon key="name_2">surname:Regan;given-names:E</infon><infon key="name_3">surname:Begley;given-names:S</infon><infon key="name_4">surname:Caffarra;given-names:A</infon><infon key="pub-id_doi">10.1007/s00484-013-0717-0</infon><infon key="pub-id_pmid">23975107</infon><infon key="section_type">REF</infon><infon key="source">Int J Biometeorol</infon><infon key="type">ref</infon><infon key="volume">58</infon><infon key="year">2014</infon><offset>33677</offset><text>The role of citizen science in monitoring biodiversity in Ireland</text></passage><passage><infon key="fpage">172</infon><infon key="lpage">175</infon><infon key="name_0">surname:Mayer;given-names:A</infon><infon key="section_type">REF</infon><infon key="source">Bioscience</infon><infon key="type">ref</infon><infon key="volume">60</infon><infon key="year">2010</infon><offset>33743</offset><text>Phenology and citizen science: volunteers have documented seasonal events for more than a century, and scientific studies are benefiting from the data</text></passage><passage><infon key="fpage">129</infon><infon key="lpage">134</infon><infon key="name_0">surname:Butcher;given-names:GS</infon><infon key="name_1">surname:Fuller;given-names:MR</infon><infon key="name_2">surname:McAllister;given-names:LS</infon><infon key="name_3">surname:Geissler;given-names:PH</infon><infon key="section_type">REF</infon><infon key="source">Wildl Soc Bull</infon><infon key="type">ref</infon><infon key="volume">18</infon><infon key="year">1990</infon><offset>33894</offset><text>An Evaluation of the Christmas Bird Count for monitoring population trends of selected species</text></passage><passage><infon key="fpage">467</infon><infon key="lpage">471</infon><infon key="name_0">surname:Silvertown;given-names:J</infon><infon key="pub-id_doi">10.1016/j.tree.2009.03.017</infon><infon key="pub-id_pmid">19586682</infon><infon key="section_type">REF</infon><infon key="source">Trends Ecol Evol</infon><infon key="type">ref</infon><infon key="volume">24</infon><infon key="year">2009</infon><offset>33989</offset><text>A new dawn for citizen science</text></passage><passage><infon key="fpage">1429</infon><infon key="lpage">1437</infon><infon key="name_0">surname:Francis;given-names:RA</infon><infon key="name_1">surname:Lorimer;given-names:J</infon><infon key="pub-id_doi">10.1016/j.jenvman.2011.01.012</infon><infon key="pub-id_pmid">21306818</infon><infon key="section_type">REF</infon><infon key="source">J Environ Manage</infon><infon key="type">ref</infon><infon key="volume">92</infon><infon key="year">2011</infon><offset>34020</offset><text>Urban reconciliation ecology: the potential of living roofs and walls</text></passage><passage><infon key="fpage">147</infon><infon key="lpage">64</infon><infon key="name_0">surname:Prainsack;given-names:B</infon><infon key="section_type">REF</infon><infon key="source">Genetics as social practice: transdisciplinary views on science and culture</infon><infon key="type">ref</infon><infon key="year">2014</infon><offset>34090</offset></passage><passage><infon key="fpage">1179</infon><infon key="lpage">1189</infon><infon key="name_0">surname:Lintott;given-names:CJ</infon><infon key="name_1">surname:Schawinski;given-names:K</infon><infon key="name_2">surname:Slosar;given-names:A</infon><infon key="name_3">surname:Land;given-names:K</infon><infon key="name_4">surname:Bamford;given-names:S</infon><infon key="name_5">surname:Thomas;given-names:D</infon><infon key="section_type">REF</infon><infon key="source">Mon Not R Astron Soc</infon><infon key="type">ref</infon><infon key="volume">389</infon><infon key="year">2008</infon><offset>34091</offset><text>Galaxy Zoo: morphologies derived from visual inspection of galaxies from the Sloan Digital Sky Survey</text></passage><passage><infon key="fpage">1</infon><infon key="lpage">15</infon><infon key="name_0">surname:Goodchild;given-names:MF</infon><infon key="section_type">REF</infon><infon key="source">GeoJournal</infon><infon key="type">ref</infon><infon key="volume">69</infon><infon key="year">2007</infon><offset>34193</offset><text>Citizens as sensors: the world of volunteered geography</text></passage><passage><infon key="fpage">1963</infon><infon key="lpage">1965</infon><infon key="name_0">surname:Balram;given-names:S</infon><infon key="name_1">surname:Dragicevic;given-names:S</infon><infon key="name_2">surname:Feick;given-names:R</infon><infon key="pub-id_doi">10.1016/j.jenvman.2008.07.014</infon><infon key="pub-id_pmid">18804325</infon><infon key="section_type">REF</infon><infon key="source">J Environ Manage</infon><infon key="type">ref</infon><infon key="volume">90</infon><infon key="year">2009</infon><offset>34249</offset><text>Collaborative GIS for spatial decision support and visualization</text></passage><passage><infon key="fpage">298</infon><infon key="lpage">304</infon><infon key="name_0">surname:Newman;given-names:G</infon><infon key="name_1">surname:Wiggins;given-names:A</infon><infon key="name_2">surname:Crall;given-names:A</infon><infon key="name_3">surname:Graham;given-names:E</infon><infon key="name_4">surname:Newman;given-names:S</infon><infon key="name_5">surname:Crowston;given-names:K</infon><infon key="section_type">REF</infon><infon key="source">Front Ecol Environ</infon><infon key="type">ref</infon><infon key="volume">10</infon><infon key="year">2012</infon><offset>34314</offset><text>The future of citizen science: emerging technologies and shifting paradigms</text></passage><passage><infon key="fpage">313</infon><infon key="lpage">315</infon><infon key="name_0">surname:Graham;given-names:EA</infon><infon key="name_1">surname:Henderson;given-names:S</infon><infon key="name_2">surname:Schloss;given-names:A</infon><infon key="section_type">REF</infon><infon key="source">Eos, Trans Am Geophys Union</infon><infon key="type">ref</infon><infon key="volume">92</infon><infon key="year">2011</infon><offset>34390</offset><text>Using mobile phones to engage citizen scientists in research</text></passage><passage><infon key="fpage">414</infon><infon key="lpage">436</infon><infon key="name_0">surname:Paulos;given-names:E</infon><infon key="name_1">surname:Honicky;given-names:R</infon><infon key="name_2">surname:Hooker;given-names:B</infon><infon key="name_3">surname:Foth;given-names:M</infon><infon key="section_type">REF</infon><infon key="source">Handbook of research on urban informatics: the practice and promises of the real-time city</infon><infon key="type">ref</infon><infon key="year">2009</infon><offset>34451</offset></passage><passage><infon key="fpage">1049</infon><infon key="lpage">1054</infon><infon key="name_0">surname:Simpson;given-names:R</infon><infon key="name_1">surname:Page;given-names:KR</infon><infon key="name_2">surname:De Roure;given-names:D</infon><infon key="section_type">REF</infon><infon key="source">Proc 23rd Int Conf World Wide Web</infon><infon key="type">ref</infon><infon key="year">2014</infon><offset>34452</offset><text>Zooniverse: observing the world’s largest citizen science platform</text></passage><passage><infon key="fpage">166</infon><infon key="lpage">178</infon><infon key="name_0">surname:Lintott;given-names:C</infon><infon key="name_1">surname:Schawinski;given-names:K</infon><infon key="name_2">surname:Bamford;given-names:S</infon><infon key="name_3">surname:Slosar;given-names:A</infon><infon key="name_4">surname:Land;given-names:K</infon><infon key="name_5">surname:Thomas;given-names:D</infon><infon key="section_type">REF</infon><infon key="source">Mon Not R Astron Soc</infon><infon key="type">ref</infon><infon key="volume">410</infon><infon key="year">2011</infon><offset>34521</offset><text>Galaxy Zoo 1: data release of morphological classifications for nearly 900 000 galaxies</text></passage><passage><infon key="fpage">e31362</infon><infon key="name_0">surname:Kawrykow;given-names:A</infon><infon key="name_1">surname:Roumanis;given-names:G</infon><infon key="name_2">surname:Kam;given-names:A</infon><infon key="name_3">surname:Kwak;given-names:D</infon><infon key="name_4">surname:Leung;given-names:C</infon><infon key="name_5">surname:Wu;given-names:C</infon><infon key="pub-id_doi">10.1371/journal.pone.0031362</infon><infon key="pub-id_pmid">22412834</infon><infon key="section_type">REF</infon><infon key="source">PLoS One</infon><infon key="type">ref</infon><infon key="volume">7</infon><infon key="year">2012</infon><offset>34609</offset><text>Phylo: a citizen science approach for improving multiple sequence alignment</text></passage><passage><infon key="fpage">18949</infon><infon key="lpage">18953</infon><infon key="name_0">surname:Khatib;given-names:F</infon><infon key="name_1">surname:Cooper;given-names:S</infon><infon key="name_2">surname:Tyka;given-names:MD</infon><infon key="name_3">surname:Xu;given-names:K</infon><infon key="name_4">surname:Makedon;given-names:I</infon><infon key="name_5">surname:Popovic;given-names:Z</infon><infon key="pub-id_doi">10.1073/pnas.1115898108</infon><infon key="pub-id_pmid">22065763</infon><infon key="section_type">REF</infon><infon key="source">Proc Natl Acad Sci</infon><infon key="type">ref</infon><infon key="volume">108</infon><infon key="year">2011</infon><offset>34685</offset><text>Algorithm discovery by protein folding game players</text></passage><passage><infon key="fpage">681</infon><infon key="lpage">689</infon><infon key="name_0">surname:dos Reis;given-names:FJC</infon><infon key="name_1">surname:Lynn;given-names:S</infon><infon key="name_2">surname:Ali;given-names:HR</infon><infon key="name_3">surname:Eccles;given-names:D</infon><infon key="name_4">surname:Hanby;given-names:A</infon><infon key="name_5">surname:Provenzano;given-names:E</infon><infon key="pub-id_doi">10.1016/j.ebiom.2015.05.009</infon><infon key="pub-id_pmid">26288840</infon><infon key="section_type">REF</infon><infon key="source">EBioMedicine</infon><infon key="type">ref</infon><infon key="volume">2</infon><infon key="year">2015</infon><offset>34737</offset><text>Crowdsourcing the general public for large scale molecular pathology studies in cancer</text></passage><passage><infon key="fpage">305</infon><infon key="lpage">307</infon><infon key="name_0">surname:Bonter;given-names:DN</infon><infon key="name_1">surname:Cooper;given-names:CB</infon><infon key="section_type">REF</infon><infon key="source">Front Ecol Environ</infon><infon key="type">ref</infon><infon key="volume">10</infon><infon key="year">2012</infon><offset>34824</offset><text>Data validation in citizen science: a case study from Project FeederWatch</text></passage><passage><infon key="fpage">551</infon><infon key="lpage">560</infon><infon key="name_0">surname:Kosmala;given-names:M</infon><infon key="name_1">surname:Wiggins;given-names:A</infon><infon key="name_2">surname:Swanson;given-names:A</infon><infon key="name_3">surname:Simmons;given-names:B</infon><infon key="section_type">REF</infon><infon key="source">Front Ecol Environ</infon><infon key="type">ref</infon><infon key="volume">14</infon><infon key="year">2016</infon><offset>34898</offset><text>Assessing data quality in citizen science</text></passage><passage><infon key="fpage">1</infon><infon key="lpage">11</infon><infon key="name_0">surname:See;given-names:L</infon><infon key="name_1">surname:Comber;given-names:A</infon><infon key="name_2">surname:Salk;given-names:C</infon><infon key="name_3">surname:Fritz;given-names:S</infon><infon key="name_4">surname:van der Velde;given-names:M</infon><infon key="name_5">surname:Perger;given-names:C</infon><infon key="section_type">REF</infon><infon key="source">PLoS One</infon><infon key="type">ref</infon><infon key="volume">8</infon><infon key="year">2013</infon><offset>34940</offset><text>Comparing the quality of crowdsourced data contributed by expert and non-experts</text></passage><passage><infon key="fpage">20</infon><infon key="name_0">surname:Dawid;given-names:AP</infon><infon key="name_1">surname:Skene;given-names:AM</infon><infon key="section_type">REF</infon><infon key="source">Appl Stat</infon><infon key="type">ref</infon><infon key="volume">28</infon><infon key="year">1979</infon><offset>35021</offset><text>Maximum likelihood estimation of observer error-rates using the EM algorithm</text></passage><passage><infon key="fpage">2195</infon><infon key="lpage">2203</infon><infon key="name_0">surname:Zhou;given-names:D</infon><infon key="name_1">surname:Basu;given-names:S</infon><infon key="name_2">surname:Mao;given-names:Y</infon><infon key="name_3">surname:Platt;given-names:JC</infon><infon key="section_type">REF</infon><infon key="source">Advances in Neural Information Processing Systems</infon><infon key="type">ref</infon><infon key="year">2012</infon><offset>35098</offset><text>Learning from the wisdom of crowds by minimax entropy</text></passage><passage><infon key="fpage">1</infon><infon key="lpage">9</infon><infon key="name_0">surname:Whitehill;given-names:J</infon><infon key="name_1">surname:Ruvolo;given-names:P</infon><infon key="name_2">surname:Wu;given-names:T</infon><infon key="name_3">surname:Bergsma;given-names:J</infon><infon key="name_4">surname:Movellan;given-names:J</infon><infon key="section_type">REF</infon><infon key="source">Adv Neural Inf Process Syst</infon><infon key="type">ref</infon><infon key="volume">22</infon><infon key="year">2009</infon><offset>35152</offset><text>Whose vote should count more: optimal integration of labels from labelers of unknown expertise</text></passage><passage><infon key="fpage">64</infon><infon key="name_0">surname:Ipeirotis;given-names:PG</infon><infon key="name_1">surname:Provost;given-names:F</infon><infon key="name_2">surname:Wang;given-names:J</infon><infon key="section_type">REF</infon><infon key="source">Proceedings of the ACM SIGKDD Workshop on Human Computation—HCOMP ‘10</infon><infon key="type">ref</infon><infon key="year">2010</infon><offset>35247</offset></passage><passage><infon key="fpage">1</infon><infon key="lpage">15</infon><infon key="name_0">surname:Hung;given-names:NQV</infon><infon key="name_1">surname:Tam;given-names:NT</infon><infon key="name_2">surname:Tran;given-names:LN</infon><infon key="name_3">surname:Aberer;given-names:K</infon><infon key="section_type">REF</infon><infon key="source">Lect Notes Comput Sci (including Subser Lect Notes Artif Intell Lect Notes Bioinformatics)</infon><infon key="type">ref</infon><infon key="volume">2</infon><infon key="year">2013</infon><offset>35248</offset><text>An evaluation of aggregation techniques in crowdsourcing</text></passage><passage><infon key="fpage">614</infon><infon key="name_0">surname:Sheng;given-names:VS</infon><infon key="name_1">surname:Provost;given-names:F</infon><infon key="name_2">surname:Ipeirotis;given-names:PG</infon><infon key="section_type">REF</infon><infon key="source">Proceeding of the 14th ACM SIGKDD international conference on Knowledge discovery and data mining—KDD 08</infon><infon key="type">ref</infon><infon key="year">2008</infon><offset>35305</offset></passage><passage><infon key="fpage">237</infon><infon key="lpage">246</infon><infon key="name_0">surname:Li;given-names:Q</infon><infon key="name_1">surname:Ma;given-names:F</infon><infon key="name_2">surname:Gao;given-names:J</infon><infon key="name_3">surname:Su;given-names:L</infon><infon key="name_4">surname:Quinn;given-names:CJ</infon><infon key="section_type">REF</infon><infon key="source">Proceedings of the Ninth ACM International Conference on Web Search and Data Mining—WSDM ‘16</infon><infon key="type">ref</infon><infon key="year">2016</infon><offset>35306</offset></passage><passage><infon key="fpage">1466</infon><infon key="name_0">surname:Tran-Thanh;given-names:L</infon><infon key="name_1">surname:Venanzi;given-names:M</infon><infon key="name_2">surname:Rogers;given-names:A</infon><infon key="name_3">surname:Jennings;given-names:NR</infon><infon key="section_type">REF</infon><infon key="source">Proceedings of the 2013 international conference on Autonomous agents and multi-agent systems</infon><infon key="type">ref</infon><infon key="year">2013</infon><offset>35307</offset></passage><passage><infon key="fpage">1</infon><infon key="lpage">24</infon><infon key="name_0">surname:Karger;given-names:DR</infon><infon key="name_1">surname:Oh;given-names:S</infon><infon key="name_2">surname:Shah;given-names:D</infon><infon key="section_type">REF</infon><infon key="source">Oper Res. INFORMS</infon><infon key="type">ref</infon><infon key="volume">62</infon><infon key="year">2014</infon><offset>35308</offset><text>Budget-optimal task allocation for reliable crowdsourcing systems</text></passage><passage><infon key="fpage">832</infon><infon key="lpage">840</infon><infon key="name_0">surname:Raykar;given-names:V</infon><infon key="name_1">surname:Agrawal;given-names:P</infon><infon key="section_type">REF</infon><infon key="source">Proceedings of Machine Learning Research</infon><infon key="type">ref</infon><infon key="year">2014</infon><offset>35374</offset><text>Sequential crowdsourced labeling as an epsilon-greedy exploration in a Markov Decision Process</text></passage><passage><infon key="fpage">64</infon><infon key="lpage">72</infon><infon key="name_0">surname:Chen;given-names:X</infon><infon key="name_1">surname:Lin;given-names:Q</infon><infon key="name_2">surname:Zhou;given-names:D</infon><infon key="section_type">REF</infon><infon key="source">Proceedings of Machine Learning Research</infon><infon key="type">ref</infon><infon key="year">2013</infon><offset>35469</offset><text>Optimistic knowledge gradient policy for optimal budget allocation in crowdsourcing</text></passage><passage><infon key="name_0">surname:Cover;given-names:TM</infon><infon key="name_1">surname:Thomas;given-names:JA</infon><infon key="section_type">REF</infon><infon key="source">Elements of Information Theory</infon><infon key="type">ref</infon><infon key="year">2012</infon><offset>35553</offset></passage><passage><infon key="fpage">217</infon><infon key="lpage">228</infon><infon key="name_0">surname:Park;given-names:LAF</infon><infon key="name_1">surname:Simoff;given-names:S</infon><infon key="name_2">surname:Fromont;given-names:E</infon><infon key="name_3">surname:De Bie;given-names:T</infon><infon key="name_4">surname:van Leeuwen;given-names:M</infon><infon key="section_type">REF</infon><infon key="source">Advances in Intelligent Data Analaysis XIV</infon><infon key="type">ref</infon><infon key="year">2015</infon><offset>35554</offset></passage><passage><infon key="section_type">REF</infon><infon key="type">ref</infon><offset>35555</offset><text>Waterhouse TP. Pay by the bit: an information-theoretic metric for collective human judgment. Proceedings of the 2013 ACM Conference on Computer Supported Cooperative Work. 2013. pp. 623–637.</text></passage><passage><infon key="fpage">520</infon><infon key="lpage">531</infon><infon key="name_0">surname:Swanson;given-names:A</infon><infon key="name_1">surname:Kosmala;given-names:M</infon><infon key="name_2">surname:Lintott;given-names:C</infon><infon key="name_3">surname:Packer;given-names:C</infon><infon key="pub-id_doi">10.1111/cobi.12695</infon><infon key="pub-id_pmid">27111678</infon><infon key="section_type">REF</infon><infon key="source">Conserv Biol</infon><infon key="type">ref</infon><infon key="volume">30</infon><infon key="year">2016</infon><offset>35749</offset><text>A generalized approach for producing, quantifying, and validating citizen science data from wildlife images</text></passage><passage><infon key="fpage">1541</infon><infon key="lpage">1551</infon><infon key="name_0">surname:Laut;given-names:J</infon><infon key="name_1">surname:Henry;given-names:E</infon><infon key="name_2">surname:Nov;given-names:O</infon><infon key="name_3">surname:Porfiri;given-names:M</infon><infon key="section_type">REF</infon><infon key="source">IEEE/ASME Trans Mechatronics</infon><infon key="type">ref</infon><infon key="volume">19</infon><infon key="year">2014</infon><offset>35857</offset><text>Development of a mechatronics-based citizen science platform for aquatic environmental monitoring</text></passage><passage><infon key="fpage">374</infon><infon key="lpage">384</infon><infon key="name_0">surname:Cappa;given-names:F</infon><infon key="name_1">surname:Laut;given-names:J</infon><infon key="name_2">surname:Nov;given-names:O</infon><infon key="name_3">surname:Giustiniano;given-names:L</infon><infon key="name_4">surname:Porfiri;given-names:M</infon><infon key="pub-id_doi">10.1016/j.jenvman.2016.07.092</infon><infon key="pub-id_pmid">27498272</infon><infon key="section_type">REF</infon><infon key="source">J Environ Manage</infon><infon key="type">ref</infon><infon key="volume">182</infon><infon key="year">2016</infon><offset>35955</offset><text>Activating social strategies: face-to-face interaction in technology-mediated citizen science</text></passage><passage><infon key="fpage">483</infon><infon key="lpage">489</infon><infon key="name_0">surname:Nov;given-names:O</infon><infon key="name_1">surname:Laut;given-names:J</infon><infon key="name_2">surname:Porfiri;given-names:M</infon><infon key="section_type">REF</infon><infon key="source">J Assoc Inf Sci Technol</infon><infon key="type">ref</infon><infon key="volume">67</infon><infon key="year">2016</infon><offset>36049</offset><text>Using targeted design interventions to encourage extra-role crowdsourcing behavior</text></passage><passage><infon key="fpage">583</infon><infon key="lpage">593</infon><infon key="name_0">surname:Laut;given-names:J</infon><infon key="name_1">surname:Cappa;given-names:F</infon><infon key="name_2">surname:Nov;given-names:O</infon><infon key="name_3">surname:Porfiri;given-names:M</infon><infon key="section_type">REF</infon><infon key="source">J Assoc Inf Sci Technol</infon><infon key="type">ref</infon><infon key="volume">68</infon><infon key="year">2017</infon><offset>36132</offset><text>Increasing citizen science contribution using a virtual peer</text></passage><passage><infon key="fpage">594</infon><infon key="lpage">611</infon><infon key="name_0">surname:Diner;given-names:D</infon><infon key="name_1">surname:Nakayama;given-names:S</infon><infon key="name_2">surname:Nov;given-names:O</infon><infon key="name_3">surname:Porfiri;given-names:M</infon><infon key="section_type">REF</infon><infon key="source">Information, Commun Soc</infon><infon key="type">ref</infon><infon key="volume">21</infon><infon key="year">2018</infon><offset>36193</offset><text>Social signals as design interventions for enhancing citizen science contributions</text></passage><passage><infon key="fpage">246</infon><infon key="lpage">257</infon><infon key="name_0">surname:Cappa;given-names:F</infon><infon key="name_1">surname:Laut;given-names:J</infon><infon key="name_2">surname:Porfiri;given-names:M</infon><infon key="name_3">surname:Giustiniano;given-names:L</infon><infon key="section_type">REF</infon><infon key="source">Comput Human Behav</infon><infon key="type">ref</infon><infon key="volume">89</infon><infon key="year">2018</infon><offset>36276</offset><text>Bring them aboard: rewarding participation in technology-mediated citizen science projects</text></passage><passage><infon key="fpage">e0117013</infon><infon key="name_0">surname:Laut;given-names:J</infon><infon key="name_1">surname:Cappa;given-names:F</infon><infon key="name_2">surname:Nov;given-names:O</infon><infon key="name_3">surname:Porfiri;given-names:M</infon><infon key="pub-id_doi">10.1371/journal.pone.0117013</infon><infon key="pub-id_pmid">25793867</infon><infon key="section_type">REF</infon><infon key="source">PLoS One</infon><infon key="type">ref</infon><infon key="volume">10</infon><infon key="year">2015</infon><offset>36367</offset><text>Increasing patient engagement in rehabilitation exercises using computer-based citizen science</text></passage><passage><infon key="fpage">38</infon><infon key="lpage">46</infon><infon key="name_0">surname:Palermo;given-names:E</infon><infon key="name_1">surname:Laut;given-names:J</infon><infon key="name_2">surname:Nov;given-names:O</infon><infon key="name_3">surname:Cappa;given-names:P</infon><infon key="name_4">surname:Porfiri;given-names:M</infon><infon key="section_type">REF</infon><infon key="source">Comput Human Behav</infon><infon key="type">ref</infon><infon key="volume">73</infon><infon key="year">2017</infon><offset>36462</offset><text>Spatial memory training in a citizen science context</text></passage><passage><infon key="fpage">e0172587</infon><infon key="name_0">surname:Palermo;given-names:E</infon><infon key="name_1">surname:Laut;given-names:J</infon><infon key="name_2">surname:Nov;given-names:O</infon><infon key="name_3">surname:Cappa;given-names:P</infon><infon key="name_4">surname:Porfiri;given-names:M</infon><infon key="pub-id_doi">10.1371/journal.pone.0172587</infon><infon key="pub-id_pmid">28231261</infon><infon key="section_type">REF</infon><infon key="source">PLoS One</infon><infon key="type">ref</infon><infon key="volume">12</infon><infon key="year">2017</infon><offset>36515</offset><text>A natural user interface to integrate citizen science and physical exercise</text></passage><passage><infon key="name_0">surname:Nakayama;given-names:S</infon><infon key="name_1">surname:Tolbert;given-names:TJ</infon><infon key="name_2">surname:Nov;given-names:O</infon><infon key="name_3">surname:Porfiri;given-names:M</infon><infon key="section_type">REF</infon><infon key="source">J Assoc Inf Sci Technol</infon><infon key="type">ref</infon><offset>36591</offset><text>Social information as a means to enhance engagement in citizen science-based telerehabilitation</text></passage><passage><infon key="section_type">REF</infon><infon key="type">ref</infon><offset>36687</offset><text>R Core Team. R: A language and environment for statistical computing. 2014;</text></passage><passage><infon key="fpage">321</infon><infon key="lpage">340</infon><infon key="name_0">surname:Kestler;given-names:HA</infon><infon key="name_1">surname:Lausser;given-names:L</infon><infon key="name_2">surname:Lindner;given-names:W</infon><infon key="name_3">surname:Palm;given-names:G</infon><infon key="section_type">REF</infon><infon key="source">Comput Stat</infon><infon key="type">ref</infon><infon key="volume">26</infon><infon key="year">2011</infon><offset>36763</offset><text>On the fusion of threshold classifiers for categorization and dimensionality reduction</text></passage><passage><infon key="fpage">14</infon><infon key="lpage">19</infon><infon key="name_0">surname:Wiggins;given-names:A</infon><infon key="name_1">surname:Newman;given-names:G</infon><infon key="name_2">surname:Stevenson;given-names:RD</infon><infon key="name_3">surname:Crowston;given-names:K</infon><infon key="section_type">REF</infon><infon key="source">2011 IEEE Seventh Int Conf e-Science Work</infon><infon key="type">ref</infon><infon key="year">2011</infon><offset>36850</offset><text>Mechanisms for data quality and validation in citizen science</text></passage><passage><infon key="fpage">e90375</infon><infon key="name_0">surname:Nov;given-names:O</infon><infon key="name_1">surname:Arazy;given-names:O</infon><infon key="name_2">surname:Anderson;given-names:D</infon><infon key="pub-id_doi">10.1371/journal.pone.0090375</infon><infon key="pub-id_pmid">24690612</infon><infon key="section_type">REF</infon><infon key="source">PLoS One</infon><infon key="type">ref</infon><infon key="volume">9</infon><infon key="year">2014</infon><offset>36912</offset><text>Scientists@home: what drives the quantity and quality of online citizen science participation?</text></passage><passage><infon key="fpage">4420</infon><infon key="lpage">4447</infon><infon key="name_0">surname:Simmons;given-names:BD</infon><infon key="name_1">surname:Lintott;given-names:C</infon><infon key="name_2">surname:Willett;given-names:KW</infon><infon key="name_3">surname:Masters;given-names:KL</infon><infon key="name_4">surname:Kartaltepe;given-names:JS</infon><infon key="name_5">surname:Häußler;given-names:B</infon><infon key="section_type">REF</infon><infon key="source">Mon Not R Astron Soc</infon><infon key="type">ref</infon><infon key="volume">464</infon><infon key="year">2017</infon><offset>37007</offset><text>Galaxy Zoo: quantitative visual morphological classifications for 48,000 galaxies from CANDELS</text></passage></document></collection>
