<?xml version="1.0" encoding="UTF-8"?>
<!DOCTYPE collection SYSTEM "BioC.dtd">
<collection><source>PMC</source><date>20201216</date><key>pmc.key</key><document><id>6449911</id><infon key="license">CC BY</infon><passage><infon key="article-id_doi">10.1186/s40359-019-0285-0</infon><infon key="article-id_pmc">6449911</infon><infon key="article-id_pmid">30953545</infon><infon key="article-id_publisher-id">285</infon><infon key="elocation-id">20</infon><infon key="kwd">Loneliness Short-form scale Japanese version Item response theory</infon><infon key="license">Open AccessThis article is distributed under the terms of the Creative Commons Attribution 4.0 International License (http://creativecommons.org/licenses/by/4.0/), which permits unrestricted use, distribution, and reproduction in any medium, provided you give appropriate credit to the original author(s) and the source, provide a link to the Creative Commons license, and indicate if changes were made. The Creative Commons Public Domain Dedication waiver (http://creativecommons.org/publicdomain/zero/1.0/) applies to the data made available in this article, unless otherwise stated.</infon><infon key="name_0">surname:Igarashi;given-names:Tasuku</infon><infon key="name_1">surname:Igarashi;given-names:Tasuku</infon><infon key="name_2">surname:Igarashi;given-names:Tasuku</infon><infon key="section_type">TITLE</infon><infon key="title">Keywords</infon><infon key="type">front</infon><infon key="volume">7</infon><infon key="year">2019</infon><offset>0</offset><text>Development of the Japanese version of the three-item loneliness scale</text></passage><passage><infon key="section_type">ABSTRACT</infon><infon key="type">abstract_title_1</infon><offset>71</offset><text>Background</text></passage><passage><infon key="section_type">ABSTRACT</infon><infon key="type">abstract</infon><offset>82</offset><text>Loneliness is a major risk factor for mental and physical health worldwide. The Three-Item Loneliness Scale (TIL Scale; Hughes et al., 2004) has been widely applied to measure loneliness in a simplified format, but no validated Japanese version has been developed. This study adapted the TIL Scale into Japanese and tested its reliability and validity.</text></passage><passage><infon key="section_type">ABSTRACT</infon><infon key="type">abstract_title_1</infon><offset>435</offset><text>Methods</text></passage><passage><infon key="section_type">ABSTRACT</infon><infon key="type">abstract</infon><offset>443</offset><text>The original English version of the TIL Scale was translated into Japanese, and the expressions of the Japanese version were confirmed by a back translation procedure. The translated scale was then administered to Japanese respondents recruited from an online research panel (N = 1020) and an online crowdsourcing service (N = 500). To analyze the data containing polytomous responses to the items in the scale, this study used categorical Confirmatory Factor Analysis and the Generalized Partial Credit Model based on the Item Response Theory. To evaluate the psychometric properties of the scale, this study examined factorial validity, reliability, information curves, and the associations of the scale score with demographic variables (age, gender, marital status, and living arrangements), the scores of the Revised UCLA Loneliness Scale (R-UCLA), the Big Five scale of personality traits, and the sizes of personal networks.</text></passage><passage><infon key="section_type">ABSTRACT</infon><infon key="type">abstract_title_1</infon><offset>1382</offset><text>Results</text></passage><passage><infon key="section_type">ABSTRACT</infon><infon key="type">abstract</infon><offset>1390</offset><text>The translated TIL Scale showed essential unidimensionality and characteristics to differentiate among respondents at different levels of loneliness. The scale score was related positively with the scores of R-UCLA and neuroticism and negatively with the scores of extraversion, conscientiousness, openness, agreeableness, and the sizes of overall and support networks. Those who were unmarried and alone recorded a higher score on the scale than those who were married and living with someone. Age showed a negative correlation with the scale score only in Sample 1, in which the equal allocation procedure was introduced for the age stratum.</text></passage><passage><infon key="section_type">ABSTRACT</infon><infon key="type">abstract_title_1</infon><offset>2034</offset><text>Conclusions</text></passage><passage><infon key="section_type">ABSTRACT</infon><infon key="type">abstract</infon><offset>2046</offset><text>The results indicate that the Japanese version of the TIL Scale demonstrates adequate reliability and validity for the assessment of loneliness.</text></passage><passage><infon key="section_type">ABSTRACT</infon><infon key="type">abstract_title_1</infon><offset>2191</offset><text>Electronic supplementary material</text></passage><passage><infon key="section_type">ABSTRACT</infon><infon key="type">abstract</infon><offset>2225</offset><text>The online version of this article (10.1186/s40359-019-0285-0) contains supplementary material, which is available to authorized users.</text></passage><passage><infon key="section_type">INTRO</infon><infon key="type">title_1</infon><offset>2361</offset><text>Background</text></passage><passage><infon key="section_type">INTRO</infon><infon key="type">paragraph</infon><offset>2372</offset><text>Loneliness has become a pervasive social phenomenon around the world. Conceptualized as a subjective negative feeling arising from the perception of a discrepancy between one’s actual and ideal states of interpersonal relationships, loneliness is known not only to harm physical and mental health, but also to relate to poor structural social relationships, including single marital status and living alone, both of which could increase mortality risks. Although social isolation and loneliness are distinct concepts, deficits of social supports with close others increase loneliness. Reliance on online social relationships could also increase loneliness if people use them to compensate for their insufficient face-to-face relationships. In 2018, the United Kingdom appointed a minister to address the problem of loneliness as a national policy. Understanding the nature of loneliness is an issue that calls for urgent attention to improve the well-being of individuals and the vitality of societies.</text></passage><passage><infon key="section_type">INTRO</infon><infon key="type">paragraph</infon><offset>3377</offset><text>Previous studies have mainly used the 20-item Revised UCLA Loneliness Scale (R-UCLA) to assess loneliness. Although R-UCLA is a well-established and standard measure of loneliness and has been utilized since it was developed in 1980, there is a growing concern on a short-form psychological scale to reduce questionnaire length to increase response rate in particular circumstances, such as clinical practice, longitudinal surveys, and pre-screenings. The Three-Item Loneliness Scale (TIL) was established based on R-UCLA to mitigate the response burden and was validated by the associations with several indicators, such as R-UCLA scores, depressive symptoms, marital status, and living arrangements. A recent study found associations between scores on the TIL Scale and the Big Five personality traits, in which neuroticism is found to be a major determinant of loneliness based on genetic analysis. Since its first development for a telephone survey to old adults in the U.S., the scale has been applied in various settings, including undergraduate studies, large-scale longitudinal panel studies, and online surveys.</text></passage><passage><infon key="section_type">INTRO</infon><infon key="type">paragraph</infon><offset>4498</offset><text>This study aims to develop a Japanese version of the TIL Scale. As in the West, loneliness has become a significant social issue in Japan, where the number of single-occupancy households has been increasing among old adults, and solitary deaths are not uncommon, even among the youth and the middle-aged. Systematic comparisons of scientific evidence in loneliness across different cultures are important to fully understand the nature of the psychological concept. Although the Japanese version of R-UCLA has been utilized since its development in 1983, there is no doubt about the need for a short-form loneliness scale in Japanese for both practical and academic purposes.</text></passage><passage><infon key="section_type">INTRO</infon><infon key="type">paragraph</infon><offset>5174</offset><text>Whereas loneliness has been regarded as a major problem among older adults, recent research has also shown high levels of loneliness among youth who typically face several developmental tasks such as socialization, friendship reconstruction, and emotion regulation. In terms of gender differences in loneliness, past research has yielded mixed results. Some studies reported higher levels of loneliness among females than males, while others reported no gender difference. Also, living alone is found to be a significant predictor of loneliness. This study translated the original TIL scale into Japanese and evaluated its psychometric properties in consideration with age, gender, and living arrangements as possible determinants of loneliness.</text></passage><passage><infon key="section_type">METHODS</infon><infon key="type">title_1</infon><offset>5920</offset><text>Method</text></passage><passage><infon key="section_type">METHODS</infon><infon key="type">title_2</infon><offset>5927</offset><text>Respondents</text></passage><passage><infon key="section_type">METHODS</infon><infon key="type">paragraph</infon><offset>5939</offset><text>Data were collected in Japan from two different samples, for a form of cross-validation in which one sample is used for model construction and the other sample is used for confirmation and validation of the model. Sample 1 consisted of 1020 respondents (510 males and 510 females aged 13 to 80; mean age =36.1 (SD = 14.5)) recruited through an online research panel. The panel was provided by Goo Research, a major online research service in Japan managed by NTTCom Online Marketing Solutions Corporation. The service provides an online research panel of over three million Japanese people and is able to contact potential participants via email if researchers request the collection of survey data from specific strata. Participants in Sample 1 agreed to join the study after receiving an email notification about the survey from Goo Research (https://research.nttcoms.com/), which described the study, and subsequently deciding to opt-in. Informed consent was obtained online prior to taking part in the study. For the participants under the age of 18, Goo Research confirms that they obtained permission from a person with parental authority to register for the service and take part in any surveys on the service. Sample 2 consisted of 500 respondents (195 males and 305 females aged 18 to 73; mean age = 37.9 (SD = 9.9)) recruited through an online service. This service was provided by Lancers (https://www.lancers.jp/), a major crowdsourcing service in Japan managed by Lancers, Inc. The online service coordinates requests from clients with crowdsourcing workers. The current research was posted by the author as a psychology research project in the &quot;research&quot; category on the Lancers information board. The participants read the descriptions of the study and agreed to take part in it by opting into the study themselves.</text></passage><passage><infon key="section_type">METHODS</infon><infon key="type">paragraph</infon><offset>7770</offset><text>To examine the impacts of these demographic variables on loneliness, the study used an equal size allocation procedure for age, gender, and living arrangements strata in Sample 1, which sampled approximately equal numbers of respondents from the teens (N = 204), twenties (N = 204), thirties (N = 204), forties (N = 205), fifties and above (N = 203), males and females (N = 510, respectively), and those living alone and living with someone (N = 510, respectively).</text></passage><passage><infon key="section_type">METHODS</infon><infon key="type">title_2</infon><offset>8257</offset><text>Measurement instruments</text></passage><passage><infon key="section_type">METHODS</infon><infon key="type">title_3</infon><offset>8281</offset><text>Japanese version of the TIL scale</text></passage><passage><infon key="section_type">METHODS</infon><infon key="type">paragraph</infon><offset>8315</offset><text>To develop the Japanese version of the TIL Scale, the study used a back translation procedure. With permission from a member of the research team who developed the original TIL Scale, the author of this article (TI), a native Japanese speaker who had spent 2 years as a postdoctoral researcher in an English-speaking country, initially translated the original instruction and items into Japanese. The original English version is intended to be used in phone interviews, but the translated version is intended to be used in pen-and-pencil/online surveys. Therefore, expressions in the translated version were altered slightly from the original to fit the purpose (e.g., interrogative sentences were changed to active sentences). Then, an international graduate student, a native speaker of English who obtained a master’s degree in psychology in Japan, independently conducted a back translation from Japanese to English with no knowledge of the concept of the scale. Discrepancies between the expressions in the two initial and back translations were discussed in detail and carefully resolved until the initial and back translations were closely matched. The final version of the Japanese version of the TIL Scale is shown in Additional file 1: Table S1. Each item is rated on a 3-point Likert scale (1: Hardly ever, 2: Some of the time, and 3: Often), and the scale score ranged from 3 to 9.</text></passage><passage><infon key="section_type">METHODS</infon><infon key="type">title_3</infon><offset>9713</offset><text>Other measures for scale validation</text></passage><passage><infon key="section_type">METHODS</infon><infon key="type">title_4</infon><offset>9749</offset><text>The revised UCLA loneliness scale (R-UCLA) (sample 2)</text></passage><passage><infon key="section_type">METHODS</infon><infon key="type">paragraph</infon><offset>9803</offset><text>The R-UCLA is the original version of the TIL Scale and one of the most widely used scales in Japan to measure subjective feelings of chronic loneliness. The scale consists of 20 items, and respondents rated the degree of loneliness on a 4-point Likert scale (1: Never to 4: Often; the scale score ranged from 20 to 80).</text></passage><passage><infon key="section_type">METHODS</infon><infon key="type">title_4</infon><offset>10124</offset><text>The big five scale of personality traits (sample 2)</text></passage><passage><infon key="section_type">METHODS</infon><infon key="type">paragraph</infon><offset>10176</offset><text>The Big Five scale of personality traits is commonly used in Japan to assess personality traits based on the five-factor model of personality. This study used a short version of the scale, which consists of 29 adjectives rated on a 7-point Likert scale (1: Strongly disagree to 7: Strongly agree) to measure extraversion (five items; the scale score ranged from 5 to 35), neuroticism (five items; ranged from 5 to 35), conscientiousness (seven items; ranged from 7 to 49), openness (six items; ranged from 6 to 42), and agreeableness (six items; ranged from 6 to 42).</text></passage><passage><infon key="section_type">METHODS</infon><infon key="type">title_4</infon><offset>10744</offset><text>Personal networks (sample 1)</text></passage><passage><infon key="section_type">METHODS</infon><infon key="type">paragraph</infon><offset>10773</offset><text>This study assessed the sizes of four different personal networks1: overall networks (number of people listed in respondent’s cellphone/smartphone address book), support networks (number of family members/friends/acquaintances with whom personal matters can be discussed), online networks (number of acquaintances met and communicated with only online), and new-acquaintance networks (number of acquaintances newly met in the last month). Each network was measured by one item.</text></passage><passage><infon key="section_type">METHODS</infon><infon key="type">title_2</infon><offset>11253</offset><text>Analytic procedure</text></passage><passage><infon key="section_type">METHODS</infon><infon key="type">paragraph</infon><offset>11272</offset><text>Analyses on the translated TIL Scale were conducted in the following way: First, I analyzed the data obtained from Sample 1 to check the descriptive statistics of each item in the scale and test the unidimensionality and factor structure of the scale. Second, I analyzed the data obtained from Sample 1 to examine the characteristics of the items in the scale based on the Item Response Theory. Finally, I analyzed the data obtained from Sample 2 and part of the data obtained from Sample 1 to confirm the validity of the scale by checking its associations with theoretically-related variables.</text></passage><passage><infon key="section_type">RESULTS</infon><infon key="type">title_1</infon><offset>11867</offset><text>Results</text></passage><passage><infon key="section_type">RESULTS</infon><infon key="type">title_2</infon><offset>11875</offset><text>Descriptive statistics</text></passage><passage><infon key="file">Tab1.xml</infon><infon key="id">Tab1</infon><infon key="section_type">TABLE</infon><infon key="type">table_caption</infon><offset>11898</offset><text>Descriptive statistics and results of confirmatory factor analysis of the translated TIL Scale (Sample 1)</text></passage><passage><infon key="file">Tab1.xml</infon><infon key="id">Tab1</infon><infon key="section_type">TABLE</infon><infon key="type">table</infon><infon key="xml">&lt;?xml version=&quot;1.0&quot; encoding=&quot;UTF-8&quot;?&gt;
&lt;table frame=&quot;hsides&quot; rules=&quot;groups&quot;&gt;&lt;thead&gt;&lt;tr&gt;&lt;th rowspan=&quot;2&quot;/&gt;&lt;th rowspan=&quot;2&quot;&gt;
&lt;italic&gt;M&lt;/italic&gt;
&lt;/th&gt;&lt;th rowspan=&quot;2&quot;&gt;
&lt;italic&gt;SD&lt;/italic&gt;
&lt;/th&gt;&lt;th rowspan=&quot;2&quot;&gt;
&lt;italic&gt;Med.&lt;/italic&gt;
&lt;/th&gt;&lt;th rowspan=&quot;2&quot;&gt;
&lt;italic&gt;Min.&lt;/italic&gt;
&lt;/th&gt;&lt;th rowspan=&quot;2&quot;&gt;
&lt;italic&gt;Max.&lt;/italic&gt;
&lt;/th&gt;&lt;th rowspan=&quot;2&quot;&gt;Skewness&lt;/th&gt;&lt;th rowspan=&quot;2&quot;&gt;Kurtosis&lt;/th&gt;&lt;th colspan=&quot;3&quot;&gt;Correlations&lt;/th&gt;&lt;th rowspan=&quot;2&quot;&gt;Factor 1&lt;/th&gt;&lt;/tr&gt;&lt;tr&gt;&lt;th&gt;1&lt;/th&gt;&lt;th&gt;2&lt;/th&gt;&lt;th&gt;3&lt;/th&gt;&lt;/tr&gt;&lt;/thead&gt;&lt;tbody&gt;&lt;tr&gt;&lt;td&gt;1. I feel that I lack companionship.&lt;/td&gt;&lt;td&gt;1.96&lt;/td&gt;&lt;td&gt;0.68&lt;/td&gt;&lt;td&gt;2&lt;/td&gt;&lt;td&gt;1&lt;/td&gt;&lt;td&gt;3&lt;/td&gt;&lt;td&gt;0.04&lt;/td&gt;&lt;td&gt;-0.81&lt;/td&gt;&lt;td&gt;-&lt;/td&gt;&lt;td/&gt;&lt;td/&gt;&lt;td&gt;.72&lt;/td&gt;&lt;/tr&gt;&lt;tr&gt;&lt;td&gt;2. I feel left out.&lt;/td&gt;&lt;td&gt;1.63&lt;/td&gt;&lt;td&gt;0.65&lt;/td&gt;&lt;td&gt;2&lt;/td&gt;&lt;td&gt;1&lt;/td&gt;&lt;td&gt;3&lt;/td&gt;&lt;td&gt;0.54&lt;/td&gt;&lt;td&gt;-0.69&lt;/td&gt;&lt;td&gt;.63&lt;/td&gt;&lt;td&gt;-&lt;/td&gt;&lt;td/&gt;&lt;td&gt;.88&lt;/td&gt;&lt;/tr&gt;&lt;tr&gt;&lt;td&gt;3. I feel isolated from others.&lt;/td&gt;&lt;td&gt;1.82&lt;/td&gt;&lt;td&gt;0.69&lt;/td&gt;&lt;td&gt;2&lt;/td&gt;&lt;td&gt;1&lt;/td&gt;&lt;td&gt;3&lt;/td&gt;&lt;td&gt;0.25&lt;/td&gt;&lt;td&gt;-0.90&lt;/td&gt;&lt;td&gt;.69&lt;/td&gt;&lt;td&gt;.83&lt;/td&gt;&lt;td&gt;-&lt;/td&gt;&lt;td&gt;.95&lt;/td&gt;&lt;/tr&gt;&lt;tr&gt;&lt;td&gt;Three-Item Loneliness Scale (Total)&lt;/td&gt;&lt;td&gt;5.42&lt;/td&gt;&lt;td&gt;1.72&lt;/td&gt;&lt;td&gt;6&lt;/td&gt;&lt;td&gt;3&lt;/td&gt;&lt;td&gt;9&lt;/td&gt;&lt;td&gt;0.36&lt;/td&gt;&lt;td&gt;-0.52&lt;/td&gt;&lt;td&gt;.81&lt;/td&gt;&lt;td&gt;.86&lt;/td&gt;&lt;td&gt;.89&lt;/td&gt;&lt;td/&gt;&lt;/tr&gt;&lt;/tbody&gt;&lt;/table&gt;
</infon><offset>12004</offset><text>	M	SD	Med.	Min.	Max.	Skewness	Kurtosis	Correlations	Factor 1	 	1	2	3	 	1. I feel that I lack companionship.	1.96	0.68	2	1	3	0.04	-0.81	-			.72	 	2. I feel left out.	1.63	0.65	2	1	3	0.54	-0.69	.63	-		.88	 	3. I feel isolated from others.	1.82	0.69	2	1	3	0.25	-0.90	.69	.83	-	.95	 	Three-Item Loneliness Scale (Total)	5.42	1.72	6	3	9	0.36	-0.52	.81	.86	.89		 	</text></passage><passage><infon key="file">Tab1.xml</infon><infon key="id">Tab1</infon><infon key="section_type">TABLE</infon><infon key="type">table_foot</infon><offset>12363</offset><text>N = 1020; Correlations among the items are polychoric; Correlations of the items with the total score are Pearson's r</text></passage><passage><infon key="section_type">RESULTS</infon><infon key="type">paragraph</infon><offset>12481</offset><text>Table 1 shows descriptive statistics of the items in the translated TIL Scale (Sample 1). Most respondents chose the middle point of the ratings (2), and the distribution of the item scores was not strongly skewed (all skewness &lt; 1). All items showed moderate to strong positive correlations with each other.</text></passage><passage><infon key="section_type">RESULTS</infon><infon key="type">title_2</infon><offset>12792</offset><text>Factor structure</text></passage><passage><infon key="section_type">RESULTS</infon><infon key="type">paragraph</infon><offset>12809</offset><text>To confirm unidimensionality of the translated TIL Scale, I conducted a categorical confirmatory factor analysis using the weighted least squares with mean and variance adjustment method based on polychoric correlations of the items (Sample 1). The model included a single latent variable having three items of the translated TIL Scale as observed variables (i.e. a saturated model). All items had factor loadings of more than .70 for the first factor (see Table 1). Eigenvalues (calculated based on polychoric correlations) were 2.44, 0.40, and 0.16, indicating that the first factor explains 81% of the total variance. Cronbach’s alpha coefficient of the scale was .81. These results clearly revealed the unidimensionality of the scale, which satisfies the assumption of IRT.</text></passage><passage><infon key="section_type">RESULTS</infon><infon key="type">title_2</infon><offset>13589</offset><text>IRT analysis</text></passage><passage><infon key="section_type">RESULTS</infon><infon key="type">paragraph</infon><offset>13602</offset><text>The translated TIL Scale was analyzed using Muraki’s Generalized Partial Credited Model (GPCM). PARSCALE 4.1 was used to estimate parameters. GPCM can be applied to polytomous items with multiple-ordered response categories and specify slope, location, and category parameters for each item.2 The slope (discrimination) parameter indicates the degree to which an item can discriminate a latent trait (θ; e.g., loneliness) among respondents. The mean of θ is set as zero and the standard deviation as one. The location (difficulty) parameter indicates the degree to which an item (e.g., “I feel left out.”) involves a difficulty for respondents to give higher ratings (e.g., 3: Often) regardless of the level of a latent trait (e.g., loneliness). The category parameter is related to points of intersection between Item Response Category Characteristics Curves (IRCCC) for each item depicted based on the slope and location parameters. IRCCCs represent the probability that those with a particular level of a latent trait (e.g., high in loneliness) choose a particular response category (e.g., 3: Often) for an item (e.g., “I feel left out.”). An Item Information Curve (IIC) is obtained from the summation of the IRCCCs at each value of θ for an item and indicates how accurate (e.g., rich in information) the item (e.g., “I feel left out.”) is to measure a certain level of a latent trait (e.g., high in loneliness). A Test Information Curve (TIC) is depicted as the summation of the IICs at each value of θ for all items in the scale and provides information about a discriminative power of the whole scale (e.g., TIL) for a latent trait (e.g., loneliness).</text></passage><passage><infon key="file">Tab2.xml</infon><infon key="id">Tab2</infon><infon key="section_type">TABLE</infon><infon key="type">table_caption</infon><offset>15280</offset><text>IRT Parameters for each item of the translated TIL Scale estimated in GPCM (Sample 1)</text></passage><passage><infon key="file">Tab2.xml</infon><infon key="id">Tab2</infon><infon key="section_type">TABLE</infon><infon key="type">table</infon><infon key="xml">&lt;?xml version=&quot;1.0&quot; encoding=&quot;UTF-8&quot;?&gt;
&lt;table frame=&quot;hsides&quot; rules=&quot;groups&quot;&gt;&lt;thead&gt;&lt;tr&gt;&lt;th/&gt;&lt;th colspan=&quot;2&quot;&gt;Slope&lt;/th&gt;&lt;th colspan=&quot;2&quot;&gt;Location&lt;/th&gt;&lt;th colspan=&quot;2&quot;&gt;Category 1&lt;/th&gt;&lt;th colspan=&quot;2&quot;&gt;Category 2&lt;/th&gt;&lt;/tr&gt;&lt;/thead&gt;&lt;tbody&gt;&lt;tr&gt;&lt;td&gt;1. I feel that I lack companionship.&lt;/td&gt;&lt;td&gt;0.983&lt;/td&gt;&lt;td&gt;(0.055)&lt;/td&gt;&lt;td&gt;0.077&lt;/td&gt;&lt;td&gt;(0.049)&lt;/td&gt;&lt;td&gt;0.986&lt;/td&gt;&lt;td&gt;(0.053)&lt;/td&gt;&lt;td&gt;-0.986&lt;/td&gt;&lt;td&gt;(0.053)&lt;/td&gt;&lt;/tr&gt;&lt;tr&gt;&lt;td&gt;2. I feel left out.&lt;/td&gt;&lt;td&gt;1.967&lt;/td&gt;&lt;td&gt;(0.181)&lt;/td&gt;&lt;td&gt;0.676&lt;/td&gt;&lt;td&gt;(0.041)&lt;/td&gt;&lt;td&gt;0.769&lt;/td&gt;&lt;td&gt;(0.029)&lt;/td&gt;&lt;td&gt;-0.769&lt;/td&gt;&lt;td&gt;(0.029)&lt;/td&gt;&lt;/tr&gt;&lt;tr&gt;&lt;td&gt;3. I feel isolated from others.&lt;/td&gt;&lt;td&gt;3.354&lt;/td&gt;&lt;td&gt;(0.529)&lt;/td&gt;&lt;td&gt;0.294&lt;/td&gt;&lt;td&gt;(0.038)&lt;/td&gt;&lt;td&gt;0.701&lt;/td&gt;&lt;td&gt;(0.022)&lt;/td&gt;&lt;td&gt;-0.701&lt;/td&gt;&lt;td&gt;(0.022)&lt;/td&gt;&lt;/tr&gt;&lt;/tbody&gt;&lt;/table&gt;
</infon><offset>15366</offset><text>	Slope	Location	Category 1	Category 2	 	1. I feel that I lack companionship.	0.983	(0.055)	0.077	(0.049)	0.986	(0.053)	-0.986	(0.053)	 	2. I feel left out.	1.967	(0.181)	0.676	(0.041)	0.769	(0.029)	-0.769	(0.029)	 	3. I feel isolated from others.	3.354	(0.529)	0.294	(0.038)	0.701	(0.022)	-0.701	(0.022)	 	</text></passage><passage><infon key="file">Tab2.xml</infon><infon key="id">Tab2</infon><infon key="section_type">TABLE</infon><infon key="type">table_foot</infon><offset>15673</offset><text>Values in parentheses indicate standard errors of the estimates</text></passage><passage><infon key="file">40359_2019_285_Fig1_HTML.jpg</infon><infon key="id">Fig1</infon><infon key="section_type">FIG</infon><infon key="type">fig_caption</infon><offset>15737</offset><text>IRCCC for each item in the translated TIL Scale (Sample 1)</text></passage><passage><infon key="section_type">RESULTS</infon><infon key="type">paragraph</infon><offset>15796</offset><text>Table 2 shows estimates of slope, location, and category parameters for each item of translated TIL Scale (Sample 1), and Fig. 1 shows the IRCCC of each item. The slope parameters of Items 2 and 3 were relatively large, indicating a discriminative characteristic of the items for those high and low in loneliness. The location parameter of Item 2 was positive and relatively large, indicating a difficulty for respondents to rate themselves as “left out.” Meanwhile, both the slope and location parameters of Item 1 were relatively low, showing a poorer discriminative characteristic of the item than the other items for those high and low in loneliness. In other words, those low in loneliness did not have difficulty in rating themselves as having the characteristic described in the item (i.e., lacking companionship).</text></passage><passage><infon key="file">40359_2019_285_Fig2_HTML.jpg</infon><infon key="id">Fig2</infon><infon key="section_type">FIG</infon><infon key="type">fig_caption</infon><offset>16623</offset><text>(a) IIC and (b) TIC of the translated TIL Scale (Sample 1)</text></passage><passage><infon key="section_type">RESULTS</infon><infon key="type">paragraph</infon><offset>16682</offset><text>Figure 2 shows the IIC of each item and the TIC of the translated TIL Scale. The IICs of Items 2 and 3 and the TIC of the scale were bimodal with two peaks. The TIC produced maximal information at about θs = − 0.4 and 1.0, corresponding to 4 to 5 and 7 to 8 on the 7-point rating (range: 3–9) of TIL, respectively.</text></passage><passage><infon key="section_type">RESULTS</infon><infon key="type">title_2</infon><offset>17008</offset><text>Local independence</text></passage><passage><infon key="section_type">RESULTS</infon><infon key="type">paragraph</infon><offset>17027</offset><text>Local independence is a basic assumption of IRT that item responses should be conditionally independent of each other and related only via a latent trait. To assess local independence of the items in the TIL scale, Q3 statistics were calculated. Item 3 showed slight tendencies of local dependence (&gt; .20) with Items 1 and 2 (Q3 = .22 and .26, respectively).</text></passage><passage><infon key="section_type">RESULTS</infon><infon key="type">title_2</infon><offset>17389</offset><text>Test for convergent validity</text></passage><passage><infon key="file">Tab3.xml</infon><infon key="id">Tab3</infon><infon key="section_type">TABLE</infon><infon key="type">table_caption</infon><offset>17418</offset><text>Correlation coefficients of the translated TIL Scale with relevant variables (Samples 1 and 2)</text></passage><passage><infon key="file">Tab3.xml</infon><infon key="id">Tab3</infon><infon key="section_type">TABLE</infon><infon key="type">table</infon><infon key="xml">&lt;?xml version=&quot;1.0&quot; encoding=&quot;UTF-8&quot;?&gt;
&lt;table frame=&quot;hsides&quot; rules=&quot;groups&quot;&gt;&lt;thead&gt;&lt;tr&gt;&lt;th/&gt;&lt;th/&gt;&lt;th/&gt;&lt;th colspan=&quot;2&quot;&gt;Sample 1 (&lt;italic&gt;N&lt;/italic&gt; = 1020)&lt;/th&gt;&lt;th colspan=&quot;2&quot;&gt;Sample 2 (&lt;italic&gt;N&lt;/italic&gt; = 500)&lt;/th&gt;&lt;/tr&gt;&lt;tr&gt;&lt;th/&gt;&lt;th&gt;
&lt;italic&gt;M&lt;/italic&gt;
&lt;/th&gt;&lt;th&gt;(&lt;italic&gt;SD&lt;/italic&gt;)&lt;/th&gt;&lt;th&gt;Pearson's &lt;italic&gt;r&lt;/italic&gt;&lt;/th&gt;&lt;th&gt;95%CI&lt;/th&gt;&lt;th&gt;Pearson's &lt;italic&gt;r&lt;/italic&gt;&lt;/th&gt;&lt;th&gt;95%CI&lt;/th&gt;&lt;/tr&gt;&lt;/thead&gt;&lt;tbody&gt;&lt;tr&gt;&lt;td&gt;Three-Item Loneliness Scale (TIL Scale; Sample 2)&lt;/td&gt;&lt;td&gt;5.72&lt;/td&gt;&lt;td&gt;(1.81)&lt;/td&gt;&lt;td/&gt;&lt;td/&gt;&lt;td/&gt;&lt;td/&gt;&lt;/tr&gt;&lt;tr&gt;&lt;td&gt;Revised UCLA Loneliness Scale (R-UCLA)&lt;/td&gt;&lt;td&gt;47.8&lt;/td&gt;&lt;td&gt;(10.3)&lt;/td&gt;&lt;td/&gt;&lt;td/&gt;&lt;td&gt;.771**&lt;/td&gt;&lt;td&gt;[.730, .800]&lt;/td&gt;&lt;/tr&gt;&lt;tr&gt;&lt;td colspan=&quot;7&quot;&gt;Demographic variables&lt;/td&gt;&lt;/tr&gt;&lt;tr&gt;&lt;td&gt; Gender (1 = Female)&lt;/td&gt;&lt;td/&gt;&lt;td/&gt;&lt;td&gt;-.036&lt;/td&gt;&lt;td&gt;[-.100, .020]&lt;/td&gt;&lt;td&gt;-.070&lt;/td&gt;&lt;td&gt;[-.160, .020]&lt;/td&gt;&lt;/tr&gt;&lt;tr&gt;&lt;td&gt; Age&lt;/td&gt;&lt;td/&gt;&lt;td/&gt;&lt;td&gt;-.172**&lt;/td&gt;&lt;td&gt;[-.230, -.110]&lt;/td&gt;&lt;td&gt;-.040&lt;/td&gt;&lt;td&gt;[-.130, .050]&lt;/td&gt;&lt;/tr&gt;&lt;tr&gt;&lt;td&gt; Marital status (1 = Married)&lt;/td&gt;&lt;td/&gt;&lt;td/&gt;&lt;td&gt;-.194**&lt;/td&gt;&lt;td&gt;[-.250, -.130]&lt;/td&gt;&lt;td/&gt;&lt;td/&gt;&lt;/tr&gt;&lt;tr&gt;&lt;td&gt; Living arrangements (1 = Living with someone)&lt;/td&gt;&lt;td/&gt;&lt;td/&gt;&lt;td&gt;-.162**&lt;/td&gt;&lt;td&gt;[-.220, -.100]&lt;/td&gt;&lt;td/&gt;&lt;td/&gt;&lt;/tr&gt;&lt;tr&gt;&lt;td colspan=&quot;7&quot;&gt;Personal network size&lt;/td&gt;&lt;/tr&gt;&lt;tr&gt;&lt;td&gt; Overall network size&lt;/td&gt;&lt;td&gt;95.0&lt;/td&gt;&lt;td&gt;(106.4)&lt;/td&gt;&lt;td&gt;-.167**&lt;/td&gt;&lt;td&gt;[-.230, -.110]&lt;/td&gt;&lt;td/&gt;&lt;td/&gt;&lt;/tr&gt;&lt;tr&gt;&lt;td&gt; Support network size&lt;/td&gt;&lt;td&gt;4.98&lt;/td&gt;&lt;td&gt;(5.08)&lt;/td&gt;&lt;td&gt;-.231**&lt;/td&gt;&lt;td&gt;[-.290, -.170]&lt;/td&gt;&lt;td/&gt;&lt;td/&gt;&lt;/tr&gt;&lt;tr&gt;&lt;td&gt; Online network size&lt;/td&gt;&lt;td&gt;5.58&lt;/td&gt;&lt;td&gt;(27.2)&lt;/td&gt;&lt;td&gt;.029&lt;/td&gt;&lt;td&gt;[-.030, .090]&lt;/td&gt;&lt;td/&gt;&lt;td/&gt;&lt;/tr&gt;&lt;tr&gt;&lt;td&gt; New-acquaintance network size&lt;/td&gt;&lt;td&gt;4.33&lt;/td&gt;&lt;td&gt;(14.7)&lt;/td&gt;&lt;td&gt;-.026&lt;/td&gt;&lt;td&gt;[-.090, .040]&lt;/td&gt;&lt;td/&gt;&lt;td/&gt;&lt;/tr&gt;&lt;tr&gt;&lt;td colspan=&quot;7&quot;&gt;Big Five scale of personality traits&lt;/td&gt;&lt;/tr&gt;&lt;tr&gt;&lt;td&gt; Extraversion&lt;/td&gt;&lt;td&gt;19.3&lt;/td&gt;&lt;td&gt;(6.22)&lt;/td&gt;&lt;td/&gt;&lt;td/&gt;&lt;td&gt;-.530**&lt;/td&gt;&lt;td&gt;[-.590, -.460]&lt;/td&gt;&lt;/tr&gt;&lt;tr&gt;&lt;td&gt; Neuroticism&lt;/td&gt;&lt;td&gt;25.0&lt;/td&gt;&lt;td&gt;(5.91)&lt;/td&gt;&lt;td/&gt;&lt;td/&gt;&lt;td&gt;.426**&lt;/td&gt;&lt;td&gt;[.350, .500]&lt;/td&gt;&lt;/tr&gt;&lt;tr&gt;&lt;td&gt; Conscientiousness&lt;/td&gt;&lt;td&gt;28.2&lt;/td&gt;&lt;td&gt;(7.24)&lt;/td&gt;&lt;td/&gt;&lt;td/&gt;&lt;td&gt;-.174**&lt;/td&gt;&lt;td&gt;[-.260, -.090]&lt;/td&gt;&lt;/tr&gt;&lt;tr&gt;&lt;td&gt; Openness&lt;/td&gt;&lt;td&gt;25.0&lt;/td&gt;&lt;td&gt;(6.20)&lt;/td&gt;&lt;td/&gt;&lt;td/&gt;&lt;td&gt;-.253**&lt;/td&gt;&lt;td&gt;[-.330, -.170]&lt;/td&gt;&lt;/tr&gt;&lt;tr&gt;&lt;td&gt; Agreeableness&lt;/td&gt;&lt;td&gt;25.3&lt;/td&gt;&lt;td&gt;(5.55)&lt;/td&gt;&lt;td/&gt;&lt;td/&gt;&lt;td&gt;-.373**&lt;/td&gt;&lt;td&gt;[-.450, -.300]&lt;/td&gt;&lt;/tr&gt;&lt;/tbody&gt;&lt;/table&gt;
</infon><offset>17513</offset><text>			Sample 1 (N = 1020)	Sample 2 (N = 500)	 		M	(SD)	Pearson's r	95%CI	Pearson's r	95%CI	 	Three-Item Loneliness Scale (TIL Scale; Sample 2)	5.72	(1.81)					 	Revised UCLA Loneliness Scale (R-UCLA)	47.8	(10.3)			.771**	[.730, .800]	 	Demographic variables	 	 Gender (1 = Female)			-.036	[-.100, .020]	-.070	[-.160, .020]	 	 Age			-.172**	[-.230, -.110]	-.040	[-.130, .050]	 	 Marital status (1 = Married)			-.194**	[-.250, -.130]			 	 Living arrangements (1 = Living with someone)			-.162**	[-.220, -.100]			 	Personal network size	 	 Overall network size	95.0	(106.4)	-.167**	[-.230, -.110]			 	 Support network size	4.98	(5.08)	-.231**	[-.290, -.170]			 	 Online network size	5.58	(27.2)	.029	[-.030, .090]			 	 New-acquaintance network size	4.33	(14.7)	-.026	[-.090, .040]			 	Big Five scale of personality traits	 	 Extraversion	19.3	(6.22)			-.530**	[-.590, -.460]	 	 Neuroticism	25.0	(5.91)			.426**	[.350, .500]	 	 Conscientiousness	28.2	(7.24)			-.174**	[-.260, -.090]	 	 Openness	25.0	(6.20)			-.253**	[-.330, -.170]	 	 Agreeableness	25.3	(5.55)			-.373**	[-.450, -.300]	 	</text></passage><passage><infon key="file">Tab3.xml</infon><infon key="id">Tab3</infon><infon key="section_type">TABLE</infon><infon key="type">table_foot</infon><offset>18621</offset><text>**p &lt; .01; Means and standard deviations (SD) are presented for network and psychological measures</text></passage><passage><infon key="section_type">RESULTS</infon><infon key="type">paragraph</infon><offset>18720</offset><text>Table 3 represents the correlation coefficients of the score on the translated TIL Scale (i.e., the loneliness score) with relevant variables in Samples 1 and 2. The correlation of the loneliness score with the original R-UCLA score was strong and positive. No gender difference was found in the loneliness score in both samples. In terms of age, younger respondents reported a higher level of loneliness in Sample 1, but this pattern was not observed in Sample 2. Supplementary regression analysis on the loneliness score by using dummy variables of age (baseline = teens) revealed that the teens showed higher loneliness scores than those in their thirties and above, while no difference was found between the teens and twenties [see Additional file 1: Table S2]. Unmarried respondents in Sample 1 reported a higher level of loneliness than married respondents, and those who lived alone in Sample 1 reported a higher level of loneliness than those who lived with someone.</text></passage><passage><infon key="section_type">RESULTS</infon><infon key="type">paragraph</infon><offset>19699</offset><text>Regarding personal networks, the sizes of overall and support networks were negatively correlated with the loneliness score in Sample 1, whereas those with online and new-acquaintance networks were not. All dimensions of Big Five personality traits showed significant associations with the loneliness score in Sample 2, with which neuroticism was positively correlated; and extraversion, conscientiousness, openness, and agreeableness were negatively correlated, respectively.</text></passage><passage><infon key="section_type">DISCUSS</infon><infon key="type">title_1</infon><offset>20176</offset><text>Discussion</text></passage><passage><infon key="section_type">DISCUSS</infon><infon key="type">paragraph</infon><offset>20187</offset><text>This study developed the Japanese version of the TIL Scale. The factor analysis and reliability analysis confirmed the unidimensionality of the scale. The IRT analysis showed the discriminative characteristics of the scale for those high and low in loneliness. The patterns of correlations of the scale with other variables provide ample evidence of the convergent validity of the scale.</text></passage><passage><infon key="section_type">DISCUSS</infon><infon key="type">paragraph</infon><offset>20575</offset><text>Bimodality of the Test Information Curve (TIC) is the most important characteristic of the translated TIL Scale. The TIC has two distinct peaks for the latent trait (i.e. loneliness) over the desired range of the trait, implying that the short scale score is sufficiently informative to identify who the lonely or the non-lonely are. However, care should be exercised in interpreting the finding that Item 3 in the scale showed slight local dependence with the other two items, probably because of redundancy-dependency of the item contents (i.e., similar items are included in the same scale). Although the degree of overlap is not so large and should be interpreted in accordance with the number of items in the scale, this may produce overestimation of the scale parameter and underestimation of the location parameter of the item and may result in overestimation of scale reliability. Another point to mention is that the Item Information Curve (IIC) reveals that the item “I feel that I lack companionship” may not be effective for the discrimination of loneliness. The TIC and IICs of the items in the original English scale have not been reported yet, but future research is needed to analyze the characteristics of the original items based on large-scale responses obtained from English-speaking samples. The appropriateness of the Japanese language of the items should also be further examined.</text></passage><passage><infon key="section_type">DISCUSS</infon><infon key="type">paragraph</infon><offset>21983</offset><text>The score of the translated TIL Scale was correlated with different indicators of loneliness, each of which theoretically explains the psychological concept from different perspectives. R-UCLA is the original of the TIL Scale, so the strong and positive correlation between R-UCLA and the translated TIL Scale is expected. The small but significant associations of marital status and living arrangements with loneliness are consistent with the previous literature. There was no gender difference in the loneliness score in the current samples.</text></passage><passage><infon key="section_type">DISCUSS</infon><infon key="type">paragraph</infon><offset>22527</offset><text>In terms of age, the teens and twenties reported higher loneliness scores in the translated TIL Scale than older respondents in Sample 1, but not in Sample 2. A possible reason for the inconsistency of the findings between the samples is the difference in the proportion of youth to the whole sample. Sample 1 was drawn from an online research panel by using the equal allocation procedure for the age stratum, which could maximize the efficiency with which the mean and variance are estimated in each age group. Sample 2 was recruited through an online crowdsourcing service without controlling for demographic factors of the respondents, which may result in a relatively smaller number of teens and twenties than those in Sample 1. In addition, the respondents participated in the current surveys by registering themselves as an online research panel or crowdsourcing workers. This means that the older respondents in the current samples may be more active and familiar with communication technology, and thus less lonely, than ordinary samples of the same age drawn from the general population. On the other hand, the youth sample may be more lonely than ordinary samples in the same age group because they spent time on the internet to earn money, rather than socializing, by participating in the surveys. In sum, the age difference in loneliness found in Sample 1 may be a result of the comparison between the early adulthood group, who are generally high in loneliness due to their apprehensions about developmental tasks such as socialization, and old adults, who are relatively low in loneliness due to their skilled online activities.</text></passage><passage><infon key="section_type">DISCUSS</infon><infon key="type">paragraph</infon><offset>24171</offset><text>The size of personal networks for social support was negatively related with the score of the translated TIL Scale, along with the total network size. This indicates a relationship between social isolation and loneliness. Having an online network showed neither an incremental nor a decremental effect on loneliness, which could be the case when an overlap between offline and online personal networks is not considered. All the Big Five personality traits showed significant associations with loneliness, but, consistent with the previous literature, extraversion and neuroticism were the two main personality traits that explain the variance of loneliness. These findings suggest the sufficient validity of the scale.</text></passage><passage><infon key="section_type">DISCUSS</infon><infon key="type">paragraph</infon><offset>24891</offset><text>Since this is an initial step in developing the short-form loneliness scale in Japan, there are still several limitations. First, the Japanese version of the TIL Scale was tested only among the online samples. Although the samples were large and diverse, additional research on a representative sample of the Japanese population is needed to examine the generalizability of the current factor structure and scale validity. Second, it is important to clarify if the loneliness chronicity measured by the scale is related to the functional impairment of psychobiological systems among the Japanese. There is strong relevance between the loneliness score obtained from the original TIL Scale and physiological functions, such as cardiovascular activation, cortisol levels, and immune responses. Finding the link between subjective ratings and objective indicators of the negative feeling among the Japanese would give significant understandings of the roots of loneliness in a framework of cultural neuroscience.</text></passage><passage><infon key="section_type">CONCL</infon><infon key="type">title_1</infon><offset>25901</offset><text>Conclusions</text></passage><passage><infon key="section_type">CONCL</infon><infon key="type">paragraph</infon><offset>25913</offset><text>All in all, the above evidence demonstrates that the translated TIL Scale has sufficient characteristics for its factor structure and convergent validity to measure loneliness among Japanese people in a simplified format. Administration of the scale could be a plausible option, especially when respondents’ time and effort are major concerns of the research.</text></passage><passage><infon key="section_type">CONCL</infon><infon key="type">title_1</infon><offset>26275</offset><text>Additional file</text></passage><passage><infon key="section_type">ABBR</infon><infon key="type">title</infon><offset>26291</offset><text>Abbreviations</text></passage><passage><infon key="section_type">ABBR</infon><infon key="type">paragraph</infon><offset>26305</offset><text>AIC</text></passage><passage><infon key="section_type">ABBR</infon><infon key="type">paragraph</infon><offset>26309</offset><text>Akaike’s information criterion</text></passage><passage><infon key="section_type">ABBR</infon><infon key="type">paragraph</infon><offset>26342</offset><text>GPCM</text></passage><passage><infon key="section_type">ABBR</infon><infon key="type">paragraph</infon><offset>26347</offset><text>Generalized partial credited model</text></passage><passage><infon key="section_type">ABBR</infon><infon key="type">paragraph</infon><offset>26382</offset><text>IIC</text></passage><passage><infon key="section_type">ABBR</infon><infon key="type">paragraph</infon><offset>26386</offset><text>Item information curve</text></passage><passage><infon key="section_type">ABBR</infon><infon key="type">paragraph</infon><offset>26409</offset><text>IRCCC</text></passage><passage><infon key="section_type">ABBR</infon><infon key="type">paragraph</infon><offset>26415</offset><text>Item response category characteristics curve</text></passage><passage><infon key="section_type">ABBR</infon><infon key="type">paragraph</infon><offset>26460</offset><text>IRT</text></passage><passage><infon key="section_type">ABBR</infon><infon key="type">paragraph</infon><offset>26464</offset><text>Item response theory</text></passage><passage><infon key="section_type">ABBR</infon><infon key="type">paragraph</infon><offset>26485</offset><text>PCM</text></passage><passage><infon key="section_type">ABBR</infon><infon key="type">paragraph</infon><offset>26489</offset><text>Partial credited model</text></passage><passage><infon key="section_type">ABBR</infon><infon key="type">paragraph</infon><offset>26512</offset><text>R-UCLA</text></passage><passage><infon key="section_type">ABBR</infon><infon key="type">paragraph</infon><offset>26519</offset><text>The Revised UCLA (University of California, Los Angeles) Loneliness Scale</text></passage><passage><infon key="section_type">ABBR</infon><infon key="type">paragraph</infon><offset>26593</offset><text>TIC</text></passage><passage><infon key="section_type">ABBR</infon><infon key="type">paragraph</infon><offset>26597</offset><text>Test information curve</text></passage><passage><infon key="section_type">ABBR</infon><infon key="type">paragraph</infon><offset>26620</offset><text>TIL Scale</text></passage><passage><infon key="section_type">ABBR</infon><infon key="type">paragraph</infon><offset>26630</offset><text>The Three-Item Loneliness Scale</text></passage><passage><infon key="section_type">ABBR</infon><infon key="type">footnote</infon><offset>26662</offset><text>Social network researchers distinguish the term “social networks” from “personal networks.” The former focuses on the “sociocentric” aspect of networks, referring to patterns of communications in a bounded group or organization as a whole, while the latter focuses on the “egocentric” aspect of networks, referring to the social ties each person holds.</text></passage><passage><infon key="section_type">ABBR</infon><infon key="type">footnote</infon><offset>27031</offset><text>GPCM is developed to analyze partially ordered categorical responses as an extension of 2-parameter logistic models. Although it is possible to apply the 1-parameter Partial Credit Model (PCM), in which the slope parameter is set as 1 across items, GPCM (AIC = 4973.7) showed a better fit to the data than PCM (AIC = 5045.0).</text></passage><passage><infon key="section_type">AUTH_CONT</infon><infon key="type">title</infon><offset>27365</offset><text>Author’s contributions</text></passage><passage><infon key="section_type">AUTH_CONT</infon><infon key="type">paragraph</infon><offset>27390</offset><text>TI conceived the research design, performed the survey, analyzed and interpreted the data, and wrote the paper. The author has read and approved the final version of the manuscript.</text></passage><passage><infon key="section_type">AUTH_CONT</infon><infon key="type">title_1</infon><offset>27572</offset><text>Ethics approval and consent to participate</text></passage><passage><infon key="section_type">AUTH_CONT</infon><infon key="type">paragraph</infon><offset>27615</offset><text>The study was approved by the Ethical Review Board of the Graduate School of Education and Human Development, Nagoya University (18-1162). Participants provided informed consent online prior to taking part in the study. For participants under the age of 18, Goo Research confirms that they have obtained permission from a person with parental authority to register for the service and to take part in any surveys on the service.</text></passage><passage><infon key="section_type">AUTH_CONT</infon><infon key="type">title_1</infon><offset>28044</offset><text>Consent for publication</text></passage><passage><infon key="section_type">AUTH_CONT</infon><infon key="type">paragraph</infon><offset>28068</offset><text>Not applicable.</text></passage><passage><infon key="section_type">COMP_INT</infon><infon key="type">title_1</infon><offset>28084</offset><text>Competing interests</text></passage><passage><infon key="section_type">COMP_INT</infon><infon key="type">paragraph</infon><offset>28104</offset><text>The author declares that he has no competing interests.</text></passage><passage><infon key="section_type">COMP_INT</infon><infon key="type">title_1</infon><offset>28160</offset><text>Publisher’s Note</text></passage><passage><infon key="section_type">COMP_INT</infon><infon key="type">paragraph</infon><offset>28179</offset><text>Springer Nature remains neutral with regard to jurisdictional claims in published maps and institutional affiliations.</text></passage><passage><infon key="section_type">REF</infon><infon key="type">title</infon><offset>28298</offset><text>References</text></passage><passage><infon key="fpage">291</infon><infon key="lpage">309</infon><infon key="name_0">surname:Peplau;given-names:L</infon><infon key="name_1">surname:Perlman;given-names:D</infon><infon key="section_type">REF</infon><infon key="source">Loneliness: A sourcebook of current theory, research and therapy. Edn</infon><infon key="type">ref</infon><infon key="year">1982</infon><offset>28309</offset><text>Perspectives on loneliness</text></passage><passage><infon key="fpage">71</infon><infon key="lpage">74</infon><infon key="name_0">surname:Cacioppo;given-names:JT</infon><infon key="name_1">surname:Hawkley;given-names:LC</infon><infon key="name_2">surname:Berntson;given-names:GG</infon><infon key="pub-id_doi">10.1111/1467-8721.01232</infon><infon key="section_type">REF</infon><infon key="source">Curr Dir Psychol Sci</infon><infon key="type">ref</infon><infon key="volume">12</infon><infon key="year">2003</infon><offset>28336</offset><text>The anatomy of loneliness</text></passage><passage><infon key="fpage">e0190033</infon><infon key="name_0">surname:Rico-Uribe;given-names:LA</infon><infon key="name_1">surname:Caballero;given-names:FF</infon><infon key="name_2">surname:Martin-Maria;given-names:N</infon><infon key="name_3">surname:Cabello;given-names:M</infon><infon key="name_4">surname:Ayuso-Mateos;given-names:JL</infon><infon key="name_5">surname:Miret;given-names:M</infon><infon key="pub-id_doi">10.1371/journal.pone.0190033</infon><infon key="pub-id_pmid">29300743</infon><infon key="section_type">REF</infon><infon key="source">PLoS One</infon><infon key="type">ref</infon><infon key="volume">13</infon><infon key="year">2018</infon><offset>28362</offset><text>Association of loneliness with all-cause mortality: a meta-analysis</text></passage><passage><infon key="fpage">5797</infon><infon key="lpage">5801</infon><infon key="name_0">surname:Steptoe;given-names:A</infon><infon key="name_1">surname:Shankar;given-names:A</infon><infon key="name_2">surname:Demakakos;given-names:P</infon><infon key="name_3">surname:Wardle;given-names:J</infon><infon key="pub-id_doi">10.1073/pnas.1219686110</infon><infon key="pub-id_pmid">23530191</infon><infon key="section_type">REF</infon><infon key="source">Proc Natl Acad Sci U S A</infon><infon key="type">ref</infon><infon key="volume">110</infon><infon key="year">2013</infon><offset>28430</offset><text>Social isolation, loneliness, and all-cause mortality in older men and women</text></passage><passage><infon key="fpage">32</infon><infon key="lpage">37</infon><infon key="name_0">surname:Clark;given-names:JL</infon><infon key="name_1">surname:Algoe;given-names:SB</infon><infon key="name_2">surname:Green;given-names:MC</infon><infon key="pub-id_doi">10.1177/0963721417730833</infon><infon key="section_type">REF</infon><infon key="source">Curr Dir Psychol Sci</infon><infon key="type">ref</infon><infon key="volume">27</infon><infon key="year">2017</infon><offset>28507</offset><text>Social network sites and well-being: the role of social connection</text></passage><passage><infon key="section_type">REF</infon><infon key="type">ref</infon><offset>28574</offset><text>Government United Kingdom: PM commits to government-wide drive to tackle loneliness. 2018. https://www.gov.uk/government/news/pm-commits-to-government-wide-drive-to-tackle-loneliness; Accessed 18 Sep 2018.</text></passage><passage><infon key="fpage">472</infon><infon key="lpage">480</infon><infon key="name_0">surname:Russell;given-names:D</infon><infon key="name_1">surname:Peplau;given-names:LA</infon><infon key="name_2">surname:Cutrona;given-names:CE</infon><infon key="pub-id_doi">10.1037/0022-3514.39.3.472</infon><infon key="pub-id_pmid">7431205</infon><infon key="section_type">REF</infon><infon key="source">J Pers Soc Psychol</infon><infon key="type">ref</infon><infon key="volume">39</infon><infon key="year">1980</infon><offset>28780</offset><text>The revised UCLA loneliness scale: concurrent and discriminant validity evidence</text></passage><passage><infon key="fpage">504</infon><infon key="lpage">528</infon><infon key="name_0">surname:Gosling;given-names:SD</infon><infon key="name_1">surname:Rentfrow;given-names:PJ</infon><infon key="name_2">surname:Swann;given-names:WB</infon><infon key="pub-id_doi">10.1016/S0092-6566(03)00046-1</infon><infon key="section_type">REF</infon><infon key="source">J Res Pers</infon><infon key="type">ref</infon><infon key="volume">37</infon><infon key="year">2003</infon><offset>28861</offset><text>A very brief measure of the big-five personality domains</text></passage><passage><infon key="fpage">1101</infon><infon key="lpage">1108</infon><infon key="name_0">surname:Rolstad;given-names:S</infon><infon key="name_1">surname:Adler;given-names:J</infon><infon key="name_2">surname:Ryden;given-names:A</infon><infon key="pub-id_doi">10.1016/j.jval.2011.06.003</infon><infon key="pub-id_pmid">22152180</infon><infon key="section_type">REF</infon><infon key="source">Value Health</infon><infon key="type">ref</infon><infon key="volume">14</infon><infon key="year">2011</infon><offset>28918</offset><text>Response burden and questionnaire length: is shorter better? A review and meta-analysis</text></passage><passage><infon key="fpage">655</infon><infon key="lpage">672</infon><infon key="name_0">surname:Hughes;given-names:ME</infon><infon key="name_1">surname:Waite;given-names:LJ</infon><infon key="name_2">surname:Hawkley;given-names:LC</infon><infon key="name_3">surname:Cacioppo;given-names:JT</infon><infon key="pub-id_doi">10.1177/0164027504268574</infon><infon key="pub-id_pmid">18504506</infon><infon key="section_type">REF</infon><infon key="source">Res Aging</infon><infon key="type">ref</infon><infon key="volume">26</infon><infon key="year">2004</infon><offset>29006</offset><text>A short scale for measuring loneliness in large surveys: results from two population-based studies</text></passage><passage><infon key="section_type">REF</infon><infon key="type">ref</infon><offset>29105</offset><text>Abdellaoui A, Chen HY, Willemsen G, Ehli EA, Davies GE, Verweij KJH, Nivard MG, de Geus EJC, Boomsma DI, Cacioppo JT. Associations between loneliness and personality are mostly driven by a genetic association with neuroticism. J Pers. 2018. https://onlinelibrary.wiley.com/doi/full/10.1111/jopy.12397</text></passage><passage><infon key="fpage">155</infon><infon key="lpage">167</infon><infon key="name_0">surname:Pittman;given-names:M</infon><infon key="name_1">surname:Reich;given-names:B</infon><infon key="pub-id_doi">10.1016/j.chb.2016.03.084</infon><infon key="section_type">REF</infon><infon key="source">Comput Human Behav</infon><infon key="type">ref</infon><infon key="volume">62</infon><infon key="year">2016</infon><offset>29406</offset><text>Social media and loneliness: why an Instagram picture may be worth more than a thousand twitter words</text></passage><passage><infon key="fpage">610</infon><infon key="lpage">624</infon><infon key="name_0">surname:Leary;given-names:MR</infon><infon key="name_1">surname:Kelly;given-names:KM</infon><infon key="name_2">surname:Cottrell;given-names:CA</infon><infon key="name_3">surname:Schreindorfer;given-names:LS</infon><infon key="pub-id_doi">10.1080/00223891.2013.819511</infon><infon key="pub-id_pmid">23905716</infon><infon key="section_type">REF</infon><infon key="source">J Pers Assess</infon><infon key="type">ref</infon><infon key="volume">95</infon><infon key="year">2013</infon><offset>29508</offset><text>Construct validity of the need to belong scale: mapping the nomological network</text></passage><passage><infon key="section_type">REF</infon><infon key="type">ref</infon><offset>29588</offset><text>Solitary Death Task Force of the Small Amount and Short Term Insurance Association of Japan: The third report on the present state in solitude deaths. 2018. http://www.shougakutanki.jp/general/info/2018/news20180306.pdf; Accessed 18 Sep 2018.</text></passage><passage><infon key="fpage">99</infon><infon key="lpage">108</infon><infon key="name_0">surname:Kudoh;given-names:T</infon><infon key="name_1">surname:Nishikawa;given-names:M</infon><infon key="pub-id_doi">10.2130/jjesp.22.99</infon><infon key="section_type">REF</infon><infon key="source">Jpn J Exp Soc Psychol</infon><infon key="type">ref</infon><infon key="volume">22</infon><infon key="year">1983</infon><offset>29831</offset><text>A study of the feeling of loneliness (I)</text></passage><passage><infon key="fpage">41</infon><infon key="lpage">67</infon><infon key="name_0">surname:Cattan;given-names:M</infon><infon key="name_1">surname:White;given-names:M</infon><infon key="name_2">surname:Bond;given-names:J</infon><infon key="name_3">surname:Learmouth;given-names:A</infon><infon key="pub-id_doi">10.1017/S0144686X04002594</infon><infon key="section_type">REF</infon><infon key="source">Ageing Soc</infon><infon key="type">ref</infon><infon key="volume">25</infon><infon key="year">2005</infon><offset>29872</offset><text>Preventing social isolation and loneliness among older people: a systematic review of health promotion interventions</text></passage><passage><infon key="fpage">505</infon><infon key="lpage">536</infon><infon key="name_0">surname:Goosby;given-names:BJ</infon><infon key="name_1">surname:Bellatorre;given-names:A</infon><infon key="name_2">surname:Walsemann;given-names:KM</infon><infon key="name_3">surname:Cheadle;given-names:JE</infon><infon key="pub-id_doi">10.1111/soin.12018</infon><infon key="section_type">REF</infon><infon key="source">Sociol Inq</infon><infon key="type">ref</infon><infon key="volume">83</infon><infon key="year">2013</infon><offset>29989</offset><text>Adolescent loneliness and health in early adulthood</text></passage><passage><infon key="fpage">25</infon><infon key="lpage">32</infon><infon key="name_0">surname:Masuda;given-names:Y</infon><infon key="name_1">surname:Tadaka;given-names:E</infon><infon key="name_2">surname:Dai;given-names:Y</infon><infon key="section_type">REF</infon><infon key="source">J Jpn Acad Community Health Nurs</infon><infon key="type">ref</infon><infon key="volume">15</infon><infon key="year">2012</infon><offset>30041</offset><text>Reliability and validity of the Japanese version of the UCLA loneliness scale version 3 among the older population</text></passage><passage><infon key="fpage">29</infon><infon key="lpage">39</infon><infon key="name_0">surname:Matsumoto;given-names:M</infon><infon key="section_type">REF</infon><infon key="source">JGSS Res Ser No</infon><infon key="type">ref</infon><infon key="volume">9</infon><infon key="year">2012</infon><offset>30156</offset><text>Group solidarity and peace of mind mediate effects of social situation and work environment on loneliness and job satisfaction from the data of JGSS-2010</text></passage><passage><infon key="fpage">97</infon><infon key="name_0">surname:Beutel;given-names:ME</infon><infon key="name_1">surname:Klein;given-names:EM</infon><infon key="name_2">surname:Brahler;given-names:E</infon><infon key="name_3">surname:Reiner;given-names:I</infon><infon key="name_4">surname:Junger;given-names:C</infon><infon key="name_5">surname:Michal;given-names:M</infon><infon key="name_6">surname:Wiltink;given-names:J</infon><infon key="name_7">surname:Wild;given-names:PS</infon><infon key="name_8">surname:Munzel;given-names:T</infon><infon key="name_9">surname:Lackner;given-names:KJ</infon><infon key="pub-id_doi">10.1186/s12888-017-1262-x</infon><infon key="pub-id_pmid">28320380</infon><infon key="section_type">REF</infon><infon key="source">BMC Psychiatry</infon><infon key="type">ref</infon><infon key="volume">17</infon><infon key="year">2017</infon><offset>30310</offset><text>Loneliness in the general population: prevalence, determinants and relations to mental health</text></passage><passage><infon key="fpage">61</infon><infon key="lpage">67</infon><infon key="name_0">surname:Wada;given-names:S</infon><infon key="pub-id_doi">10.4992/jjpsy.67.61</infon><infon key="section_type">REF</infon><infon key="source">Jpn J Psychol</infon><infon key="type">ref</infon><infon key="volume">67</infon><infon key="year">1996</infon><offset>30404</offset><text>Construction of the big five scales of personality trait terms and concurrent validity with NPI</text></passage><passage><infon key="fpage">91</infon><infon key="lpage">99</infon><infon key="name_0">surname:Namikawa;given-names:T</infon><infon key="name_1">surname:Tani;given-names:I</infon><infon key="name_2">surname:Wakita;given-names:T</infon><infon key="name_3">surname:Kumagai;given-names:R</infon><infon key="name_4">surname:Nakane;given-names:A</infon><infon key="name_5">surname:Noguchi;given-names:H</infon><infon key="pub-id_doi">10.4992/jjpsy.83.91</infon><infon key="section_type">REF</infon><infon key="source">Jpn J Psychol</infon><infon key="type">ref</infon><infon key="volume">83</infon><infon key="year">2012</infon><offset>30500</offset><text>Development of a short form of the Japanese big-five scale, and a test of its reliability and validity</text></passage><passage><infon key="fpage">i</infon><infon key="lpage">30</infon><infon key="name_0">surname:Muraki;given-names:E</infon><infon key="section_type">REF</infon><infon key="source">ETS Res Rep Ser</infon><infon key="type">ref</infon><infon key="volume">1992</infon><infon key="year">1992</infon><offset>30603</offset><text>A generalized partial credit model: application of an EM algorithm</text></passage><passage><infon key="section_type">REF</infon><infon key="type">ref</infon><offset>30670</offset><text>Muraki E, Bock RD: PARSCALE 4: IRT item analysis and test scoring for rating-scale data (Computer program). In. Lincolnwood, IL: Scientific Software; 2003.</text></passage><passage><infon key="fpage">81</infon><infon key="lpage">91</infon><infon key="name_0">surname:Todo;given-names:N</infon><infon key="pub-id_doi">10.2333/jbhmk.39.81</infon><infon key="section_type">REF</infon><infon key="source">Jpn J Behaviorm</infon><infon key="type">ref</infon><infon key="volume">39</infon><infon key="year">2012</infon><offset>30826</offset><text>The effect of local dependence on item parameter estimation: a comparison based on comparable item parameters</text></passage><passage><infon key="fpage">178</infon><infon key="lpage">194</infon><infon key="name_0">surname:Christensen;given-names:KB</infon><infon key="name_1">surname:Makransky;given-names:G</infon><infon key="name_2">surname:Horton;given-names:M</infon><infon key="pub-id_doi">10.1177/0146621616677520</infon><infon key="pub-id_pmid">29881087</infon><infon key="section_type">REF</infon><infon key="source">Appl Psychol Meas</infon><infon key="type">ref</infon><infon key="volume">41</infon><infon key="year">2017</infon><offset>30936</offset><text>Critical values for Yen's Q3: identification of local dependence in the rasch model using residual correlations</text></passage><passage><infon key="fpage">e39</infon><infon key="name_0">surname:Cotten;given-names:SR</infon><infon key="name_1">surname:Anderson;given-names:WA</infon><infon key="name_2">surname:McCullough;given-names:BM</infon><infon key="pub-id_doi">10.2196/jmir.2306</infon><infon key="pub-id_pmid">23448864</infon><infon key="section_type">REF</infon><infon key="source">J Med Internet Res</infon><infon key="type">ref</infon><infon key="volume">15</infon><infon key="year">2013</infon><offset>31048</offset><text>Impact of internet use on loneliness and contact with others among older adults: cross-sectional analysis</text></passage><passage><infon key="fpage">70</infon><infon key="lpage">87</infon><infon key="name_0">surname:Nowland;given-names:R</infon><infon key="name_1">surname:Necka;given-names:EA</infon><infon key="name_2">surname:Cacioppo;given-names:JT</infon><infon key="pub-id_doi">10.1177/1745691617713052</infon><infon key="pub-id_pmid">28937910</infon><infon key="section_type">REF</infon><infon key="source">Perspect Psychol Sci</infon><infon key="type">ref</infon><infon key="volume">13</infon><infon key="year">2018</infon><offset>31154</offset><text>Loneliness and social internet use: pathways to reconnection in a digital world?</text></passage><passage><infon key="fpage">97</infon><infon key="lpage">108</infon><infon key="name_0">surname:Igarashi;given-names:T</infon><infon key="section_type">REF</infon><infon key="source">Jpn J Soc Psychol</infon><infon key="type">ref</infon><infon key="volume">17</infon><infon key="year">2002</infon><offset>31235</offset><text>The effect of social skills on loneliness through mediation of CMC social networks</text></passage><passage><infon key="fpage">487</infon><infon key="lpage">514</infon><infon key="name_0">surname:Kim;given-names:HS</infon><infon key="name_1">surname:Sasaki;given-names:JY</infon><infon key="pub-id_doi">10.1146/annurev-psych-010213-115040</infon><infon key="pub-id_pmid">24050186</infon><infon key="section_type">REF</infon><infon key="source">Annu Rev Psychol</infon><infon key="type">ref</infon><infon key="volume">65</infon><infon key="year">2014</infon><offset>31318</offset><text>Cultural neuroscience: biology of the mind in cultural contexts</text></passage><passage><infon key="name_0">surname:Robins;given-names:G</infon><infon key="section_type">REF</infon><infon key="source">Doing social network research: network-based research design for social scientists</infon><infon key="type">ref</infon><infon key="year">2015</infon><offset>31382</offset></passage></document></collection>
