<?xml version="1.0" encoding="UTF-8"?>
<!DOCTYPE collection SYSTEM "BioC.dtd">
<collection><source>PMC</source><date>20201223</date><key>pmc.key</key><document><id>6470130</id><infon key="license">CC BY</infon><passage><infon key="article-id_doi">10.1038/s41597-019-0029-2</infon><infon key="article-id_pmc">6470130</infon><infon key="article-id_pmid">30996323</infon><infon key="article-id_publisher-id">29</infon><infon key="elocation-id">32</infon><infon key="kwd">Human behaviour Interdisciplinary studies</infon><infon key="license">Open Access This article is licensed under a Creative Commons Attribution 4.0 International License, which permits use, sharing, adaptation, distribution and reproduction in any medium or format, as long as you give appropriate credit to the original author(s) and the source, provide a link to the Creative Commons license, and indicate if changes were made. The images or other third party material in this article are included in the article’s Creative Commons license, unless indicated otherwise in a credit line to the material. If material is not included in the article’s Creative Commons license and your intended use is not permitted by statutory regulation or exceeds the permitted use, you will need to obtain permission directly from the copyright holder. To view a copy of this license, visit http://creativecommons.org/licenses/by/4.0/.The Creative Commons Public Domain Dedication waiver http://creativecommons.org/publicdomain/zero/1.0/ applies to the metadata files associated with this article.</infon><infon key="name_0">surname:Hu;given-names:Chuan-Peng</infon><infon key="name_1">surname:Yin;given-names:Ji-Xing</infon><infon key="name_10">surname:Hadi;given-names:Rhonda</infon><infon key="name_11">surname:Hall;given-names:Calvin J.</infon><infon key="name_12">surname:Hong;given-names:Youngki</infon><infon key="name_13">surname:Joy-Gaba;given-names:Jennifer</infon><infon key="name_14">surname:Lazarević;given-names:Dušanka</infon><infon key="name_15">surname:Lazarević;given-names:Ljiljana B.</infon><infon key="name_16">surname:Parzuchowski;given-names:Michal</infon><infon key="name_17">surname:Ratner;given-names:Kyle G.</infon><infon key="name_18">surname:Rothman;given-names:David</infon><infon key="name_19">surname:Sim;given-names:Samantha</infon><infon key="name_2">surname:Lindenberg;given-names:Siegwart</infon><infon key="name_20">surname:Simão;given-names:Cláudia</infon><infon key="name_21">surname:Song;given-names:Mengdi</infon><infon key="name_22">surname:Stojilović;given-names:Darko</infon><infon key="name_23">surname:Blomster;given-names:Johanna K.</infon><infon key="name_24">surname:Brito;given-names:Rodrigo</infon><infon key="name_25">surname:Hennecke;given-names:Marie</infon><infon key="name_26">surname:Jaume-Guazzini;given-names:Francisco</infon><infon key="name_27">surname:Schubert;given-names:Thomas W.</infon><infon key="name_28">surname:Schütz;given-names:Astrid</infon><infon key="name_29">surname:Seibt;given-names:Beate</infon><infon key="name_3">surname:Dalğar;given-names:İlker</infon><infon key="name_30">surname:Zickfeld;given-names:Janis H.</infon><infon key="name_31">surname:IJzerman;given-names:Hans</infon><infon key="name_4">surname:Weissgerber;given-names:Sophia C.</infon><infon key="name_5">surname:Vergara;given-names:Rodrigo C.</infon><infon key="name_6">surname:Cairo;given-names:Athena H.</infon><infon key="name_7">surname:Čolić;given-names:Marija V.</infon><infon key="name_8">surname:Dursun;given-names:Pinar</infon><infon key="name_9">surname:Frankowska;given-names:Natalia</infon><infon key="section_type">TITLE</infon><infon key="title">Subject terms</infon><infon key="type">front</infon><infon key="volume">6</infon><infon key="year">2019</infon><offset>0</offset><text>Data from the Human Penguin Project, a cross-national dataset testing social thermoregulation principles</text></passage><passage><infon key="section_type">ABSTRACT</infon><infon key="type">abstract</infon><offset>105</offset><text>In the Human Penguin Project (N = 1755), 15 research groups from 12 countries collected body temperature, demographic variables, social network indices, seven widely-used psychological scales and two newly developed questionnaires (the Social Thermoregulation and Risk Avoidance Questionnaire (STRAQ-1) and the Kama Muta Frequency Scale (KAMF)). They were collected to investigate the relationship between environmental factors (e.g., geographical, climate etc.) and human behaviors, which is a long-standing inquiry in the scientific community. More specifically, the present project was designed to test principles surrounding the idea of social thermoregulation, which posits that social networks help people to regulate their core body temperature. The results showed that all scales in the current project have sufficient to good psychometrical properties. Unlike previous crowdsourced projects, this dataset includes not only the cleaned raw data but also all the validation of questionnaires in 9 different languages, thus providing a valuable resource for psychological scientists who are interested in cross-national, environment-human interaction studies.</text></passage><passage><infon key="section_type">ABSTRACT</infon><infon key="type">abstract</infon><offset>1275</offset><text>Machine-accessible metadata file describing the reported data (ISA-Tab format)</text></passage><passage><infon key="section_type">INTRO</infon><infon key="type">title_1</infon><offset>1354</offset><text>Background &amp; Summary</text></passage><passage><infon key="section_type">INTRO</infon><infon key="type">paragraph</infon><offset>1375</offset><text>The relationship between environmental factors (e.g., geographical, climate etc.) and human behaviors is part of a long-standing scientific inquiry, which has been long pursued by environmental psychologists, among researchers from fields beyond psychology such as anthropology, sociobiology, and behavioral ecology. In fact, even attachment theorist John Bowlby recognized that physical warmth is an important building block for attachment bonds, while Harry Harlow launched the hypothesis of social thermoregulation in The Nature of Love – Simplified, describing a study where rhesus monkey infants with hot surrogate mothers were more explorative than those with physical cold surrogate mothers. In recent times, psychologists have found, even with advances in modern ways to regulate temperature and other physical threats to survival, remnants of environmental influences on human behavior and cognition persist. For example, a recent study found that personality is correlated with (and likely influenced by) climate. Similarly, the relationship between temperature and violence is an often-debated topic related to environment and human behavior.</text></passage><passage><infon key="section_type">INTRO</infon><infon key="type">paragraph</infon><offset>2532</offset><text>One particularly compelling phenomenon about environmental factors and animal behaviors (including humans) is a phenomenon called social thermoregulation. Like other homeothermic endotherms (warm-blooded animals that can regulate their temperature internally), humans also need to keep a relatively constant core body temperature to survive. Studies have shown that nonhuman homeothermic endotherms, like rodents and monkeys, have developed social mechanisms to regulate their core body temperature. A positive correlation between the lower bound of core temperature in colder environments and social network size was found in vervet monkeys, a species often studied because of their similarity to humans. Perhaps unsurprisingly, in humans, there is also a relationship between temperature and social bonds. For instance, temperature regulation is linked with trust (or psychological warmth). Beyond the bare biological mechanisms like huddling, Inagaki and colleagues found in a pilot study that feeling socially connected relates to higher core body temperature in humans. Recent studies showed that the positive relationship between core body temperature and social network size may exist in humans. Also, priming of (lack of) trust leads to higher temperature perceptions when temperatures are low, but not when temperatures are high. Furthermore, pre-registered research also showed that feeling cold increases the need to socially connected, and the accessibility of loved ones (especially for closer others).</text></passage><passage><infon key="section_type">INTRO</infon><infon key="type">paragraph</infon><offset>4048</offset><text>As social thermoregulation related studies have expanded to diverse domains in the last decade, some key issues have remained unexplored. For example, while Inagaki et al.’s pilot study shows a positive relationship between feelings of social connectedness and higher core body temperature, it was previously unknown whether the social network buffers from the cold, and which variables predict this protection from the cold.</text></passage><passage><infon key="section_type">INTRO</infon><infon key="type">paragraph</infon><offset>4476</offset><text>We thus identified – a priori – basic ideas to test social thermoregulation principles (i.e., does the social network protect against the cold?), but we did not have specific, priori predictions. To generate predictions from data, we relied on an inductive (as opposed to a deductive) approach, where we generated hypotheses from data using machine learning. We conducted a crowdsourced cross-national study, the Human Penguin Project (https://osf.io/2rm5b/, two studies, N = 1755), through a large-scale survey including self-reported psychological constructs and core body temperature measurements that participants recorded themselves. The project consisted of an online pilot study (N = 232) and a large, cross-national study (15 research groups from 12 countries, N = 1523). In both studies, we measured a number of known correlates of core body temperature using a questionnaire and a number of social relationship variables that – based on prior research – should logically be related to core body temperature (e.g., nostalgia or attachment to homes). We also included a number of variables that have been found to relate to body temperature in the medical literature (stress; whether participants use medication or not e.g., and gender) or to metabolism (like daily (diet) sugary drinks consumption) and social network quality.</text></passage><passage><infon key="file">Tab1.xml</infon><infon key="id">Tab1</infon><infon key="section_type">TABLE</infon><infon key="type">table_caption</infon><offset>5832</offset><text>Variables in the Human Penguin Project.</text></passage><passage><infon key="file">Tab1.xml</infon><infon key="id">Tab1</infon><infon key="section_type">TABLE</infon><infon key="type">table</infon><infon key="xml">&lt;?xml version=&quot;1.0&quot; encoding=&quot;UTF-8&quot;?&gt;
&lt;table frame=&quot;hsides&quot; rules=&quot;groups&quot;&gt;&lt;thead&gt;&lt;tr&gt;&lt;th&gt;Variable categories&lt;/th&gt;&lt;th&gt;Details&lt;/th&gt;&lt;/tr&gt;&lt;/thead&gt;&lt;tbody&gt;&lt;tr&gt;&lt;td&gt;Body temperature&lt;/td&gt;&lt;td&gt;Oral temperature (measured twice)&lt;/td&gt;&lt;/tr&gt;&lt;tr&gt;&lt;td rowspan=&quot;4&quot;&gt;Physiological information&lt;/td&gt;&lt;td&gt;Whether people used medication or not (and what kind)*&lt;/td&gt;&lt;/tr&gt;&lt;tr&gt;&lt;td&gt;Whether people smoke or not (and if so, how many cigarettes)&lt;/td&gt;&lt;/tr&gt;&lt;tr&gt;&lt;td&gt;Daily sugary drinks consumption (“gluctot”)&lt;/td&gt;&lt;/tr&gt;&lt;tr&gt;&lt;td&gt;Diet drinks consumption (“artgluctot”)&lt;sup&gt;&lt;xref ref-type=&quot;bibr&quot; rid=&quot;CR27&quot;&gt;27&lt;/xref&gt;&lt;/sup&gt;&lt;/td&gt;&lt;/tr&gt;&lt;tr&gt;&lt;td rowspan=&quot;9&quot;&gt;Basic information&lt;/td&gt;&lt;td&gt;Birth year&lt;/td&gt;&lt;/tr&gt;&lt;tr&gt;&lt;td&gt;Gender&lt;/td&gt;&lt;/tr&gt;&lt;tr&gt;&lt;td&gt;Height*&lt;/td&gt;&lt;/tr&gt;&lt;tr&gt;&lt;td&gt;Weight*&lt;/td&gt;&lt;/tr&gt;&lt;tr&gt;&lt;td&gt;Sexual orientation*&lt;/td&gt;&lt;/tr&gt;&lt;tr&gt;&lt;td&gt;Whether people were in a romantic relationship or not,&lt;/td&gt;&lt;/tr&gt;&lt;tr&gt;&lt;td&gt;To what degree people identified themselves being monogamous,&lt;/td&gt;&lt;/tr&gt;&lt;tr&gt;&lt;td&gt;Self-reported health condition&lt;/td&gt;&lt;/tr&gt;&lt;tr&gt;&lt;td&gt;Language.&lt;/td&gt;&lt;/tr&gt;&lt;tr&gt;&lt;td rowspan=&quot;4&quot;&gt;Location and whether&lt;/td&gt;&lt;td&gt;Minimum temperature of the day&lt;/td&gt;&lt;/tr&gt;&lt;tr&gt;&lt;td&gt;Average humidity of the day&lt;/td&gt;&lt;/tr&gt;&lt;tr&gt;&lt;td&gt;Distance from equator&lt;/td&gt;&lt;/tr&gt;&lt;tr&gt;&lt;td&gt;Longitude*&lt;/td&gt;&lt;/tr&gt;&lt;tr&gt;&lt;td&gt;Social network&lt;/td&gt;&lt;td&gt;Three subscales of the Social Network Index, 32 items&lt;sup&gt;&lt;xref ref-type=&quot;bibr&quot; rid=&quot;CR34&quot;&gt;34&lt;/xref&gt;&lt;/sup&gt;: network size, embedded in the social network (socialembedded), complex social integration (CSI)&lt;/td&gt;&lt;/tr&gt;&lt;tr&gt;&lt;td rowspan=&quot;7&quot;&gt;Established psychological scales&lt;/td&gt;&lt;td&gt;Trait Self Control Scale&lt;sup&gt;&lt;xref ref-type=&quot;bibr&quot; rid=&quot;CR28&quot;&gt;28&lt;/xref&gt;&lt;/sup&gt; (13 items)&lt;/td&gt;&lt;/tr&gt;&lt;tr&gt;&lt;td&gt;Perceived Stress Scale&lt;sup&gt;&lt;xref ref-type=&quot;bibr&quot; rid=&quot;CR35&quot;&gt;35&lt;/xref&gt;&lt;/sup&gt; (14 items)&lt;/td&gt;&lt;/tr&gt;&lt;tr&gt;&lt;td&gt;Southampton Nostalgia Scale (6 items about nostalgia and item about frequencies of nostalgia experience&lt;sup&gt;&lt;xref ref-type=&quot;bibr&quot; rid=&quot;CR22&quot;&gt;22&lt;/xref&gt;&lt;xref ref-type=&quot;bibr&quot; rid=&quot;CR23&quot;&gt;23&lt;/xref&gt;&lt;/sup&gt;)&lt;/td&gt;&lt;/tr&gt;&lt;tr&gt;&lt;td&gt;Home Attachment Scale (9 items from two sub-scales - home experience and rootness - of the place attachment scale by Harris &lt;italic&gt;et al&lt;/italic&gt;. 1996&lt;sup&gt;&lt;xref ref-type=&quot;bibr&quot; rid=&quot;CR36&quot;&gt;36&lt;/xref&gt;&lt;/sup&gt;)&lt;/td&gt;&lt;/tr&gt;&lt;tr&gt;&lt;td&gt;Nomophobia questionnaire&lt;sup&gt;&lt;xref ref-type=&quot;bibr&quot; rid=&quot;CR37&quot;&gt;37&lt;/xref&gt;&lt;/sup&gt; (attach to phone, items 1–9; online id, item 10–20)&lt;/td&gt;&lt;/tr&gt;&lt;tr&gt;&lt;td&gt;Experiences in Close Relationships Questionnaire-Revised (ECR-R)&lt;sup&gt;&lt;xref ref-type=&quot;bibr&quot; rid=&quot;CR29&quot;&gt;29&lt;/xref&gt;&lt;/sup&gt;, (anxiety, items 1–18; avoidance, items 19–36)&lt;/td&gt;&lt;/tr&gt;&lt;tr&gt;&lt;td&gt;Two subscales from the revised version of Toronto Alexithymia Scale (TAS-20)&lt;sup&gt;&lt;xref ref-type=&quot;bibr&quot; rid=&quot;CR30&quot;&gt;30&lt;/xref&gt;&lt;/sup&gt;: Difficulties in Identifying and Describing Feelings (DIDF), 11 items; Externally oriented thinking (EOT) 5 items&lt;/td&gt;&lt;/tr&gt;&lt;tr&gt;&lt;td rowspan=&quot;2&quot;&gt;New scales&lt;/td&gt;&lt;td&gt;Social Thermoregulation and Risk Avoidance Questionnaire (STRAQ-1)&lt;sup&gt;&lt;xref ref-type=&quot;bibr&quot; rid=&quot;CR32&quot;&gt;32&lt;/xref&gt;&lt;/sup&gt;
&lt;sup&gt;#&lt;/sup&gt;&lt;/td&gt;&lt;/tr&gt;&lt;tr&gt;&lt;td&gt;Kama Muta Frequency Scale (KAMF)&lt;sup&gt;&lt;xref ref-type=&quot;bibr&quot; rid=&quot;CR38&quot;&gt;38&lt;/xref&gt;&lt;/sup&gt;&lt;/td&gt;&lt;/tr&gt;&lt;/tbody&gt;&lt;/table&gt;
</infon><offset>5872</offset><text>Variable categories	Details	 	Body temperature	Oral temperature (measured twice)	 	Physiological information	Whether people used medication or not (and what kind)*	 	Whether people smoke or not (and if so, how many cigarettes)	 	Daily sugary drinks consumption (“gluctot”)	 	Diet drinks consumption (“artgluctot”)	 	Basic information	Birth year	 	Gender	 	Height*	 	Weight*	 	Sexual orientation*	 	Whether people were in a romantic relationship or not,	 	To what degree people identified themselves being monogamous,	 	Self-reported health condition	 	Language.	 	Location and whether	Minimum temperature of the day	 	Average humidity of the day	 	Distance from equator	 	Longitude*	 	Social network	Three subscales of the Social Network Index, 32 items: network size, embedded in the social network (socialembedded), complex social integration (CSI)	 	Established psychological scales	Trait Self Control Scale (13 items)	 	Perceived Stress Scale (14 items)	 	Southampton Nostalgia Scale (6 items about nostalgia and item about frequencies of nostalgia experience)	 	Home Attachment Scale (9 items from two sub-scales - home experience and rootness - of the place attachment scale by Harris et al. 1996)	 	Nomophobia questionnaire (attach to phone, items 1–9; online id, item 10–20)	 	Experiences in Close Relationships Questionnaire-Revised (ECR-R), (anxiety, items 1–18; avoidance, items 19–36)	 	Two subscales from the revised version of Toronto Alexithymia Scale (TAS-20): Difficulties in Identifying and Describing Feelings (DIDF), 11 items; Externally oriented thinking (EOT) 5 items	 	New scales	Social Thermoregulation and Risk Avoidance Questionnaire (STRAQ-1)#	 	Kama Muta Frequency Scale (KAMF)	 	</text></passage><passage><infon key="file">Tab1.xml</infon><infon key="id">Tab1</infon><infon key="section_type">TABLE</infon><infon key="type">table_foot</infon><offset>7597</offset><text>*These variables are not included in our open data to protect the identity of participants and are available upon request from the first author.</text></passage><passage><infon key="file">Tab1.xml</infon><infon key="id">Tab1</infon><infon key="section_type">TABLE</infon><infon key="type">table_foot</infon><offset>7744</offset><text>#See Vergara et al. for the final version of STRAQ-1.</text></passage><passage><infon key="section_type">INTRO</infon><infon key="type">paragraph</infon><offset>7798</offset><text>The principle that guided our selection of variables was over- rather than under-inclusive, therefore, we also asked questions that relate to the regulation of stress (and could thus relate to body temperature) like self-control, attachment, and access to one’s own feelings and bodily states (alexithymia). See Table 1 for the total list of variables. Our inductive (i.e., data-driven) approach thus allowed us to generate hypotheses and predictions. Using machine learning (more specifically, a Conditional Random Forest; CRF) in two datasets, we identified the most important predictors in our data. In our pilot study, we identified Complex Social Integration (CSI) as an important (positively related) predictor of Core Body Temperature (CBT).</text></passage><passage><infon key="section_type">INTRO</infon><infon key="type">paragraph</infon><offset>8550</offset><text>Based on this, we conducted a second study, where we again found Complex Social Integration to be an important (and again positively related) predictor of Core Body Temperature. Because we had identified CSI as an important predictor of CBT in the pilot study, we also ran CRFs to identify predictors of CSI. This identified distance from the equator as a predictor of CSI.</text></passage><passage><infon key="section_type">INTRO</infon><infon key="type">paragraph</infon><offset>8924</offset><text>We then reused the second dataset and, with the now generated hypotheses, we cross-validated a mediation model generated in our training set in a hold-out set. After all, given the large sample size of our dataset, we could randomly split the whole dataset, explore a mediation model in the first half of data to identify variables that could predict protection from the cold, then we cross-validated the mediation model in the other half of the data.</text></passage><passage><infon key="section_type">INTRO</infon><infon key="type">paragraph</infon><offset>9376</offset><text>In sum, this dataset includes demographic variables, body temperature, social network indices, people’s self-reported health, seven widely-used psychological scales, local temperature information (humidity and temperature, distance from the equator), and newly developed questionnaires. Moreover, the questionnaires used in our study adapted into 9 languages via a standard translate-back-translate approach. Our descriptive analyses of the pilot study and the individual sites demonstrated that these questionnaires have mostly sufficient to good psychometric properties (Cronbach’s alpha range from 0.71 to 0.98, except TAS-EOT with values as low as 0.21; McDonald’s omega range from 0.62~0.99, except TAS-EOT with a range of 0.48~0.76, see Online-only Table 1). Multi-site indices showed largely good psychometric properties (Cronbach’s alpha range from 0.83~0.93, except for TAS-EOT with 0.51; McDonald’s omega range from 0.62~0.96, except for TAS-EOT with 0.61; see Online-only Table 2).</text></passage><passage><infon key="section_type">METHODS</infon><infon key="type">title_1</infon><offset>10381</offset><text>Methods</text></passage><passage><infon key="section_type">METHODS</infon><infon key="type">title_2</infon><offset>10389</offset><text>Ethics and Consent</text></passage><passage><infon key="section_type">METHODS</infon><infon key="type">paragraph</infon><offset>10408</offset><text>This research was approved under an “umbrella” ethics proposal at Vrije Universiteit, Amsterdam and at each site where there was a local ethics board (all ethics approvals can be found at the project page from the individual site: https://osf.io/2rm5b/). This study complied with ethics code outlined in the Declaration of Helsinki.</text></passage><passage><infon key="section_type">METHODS</infon><infon key="type">title_2</infon><offset>10745</offset><text>Pilot Study</text></passage><passage><infon key="section_type">METHODS</infon><infon key="type">paragraph</infon><offset>10757</offset><text>The main goal of the pilot study was to provide a proof-of-concept (i.e., providing evidence that the research protocol worked), so that the potential collaborators can saw the value of participating.</text></passage><passage><infon key="section_type">METHODS</infon><infon key="type">title_2</infon><offset>10958</offset><text>Participants</text></passage><passage><infon key="section_type">METHODS</infon><infon key="type">paragraph</infon><offset>10971</offset><text>The pilot study included participants from Amazon Mechanical Turk (mTurk, https://www.mturk.com/, N = 143) and Prolific Academic (https://prolific.ac/, N = 148) in 2015. Participants were requested to complete the survey between 9–11am, not to eat or drink anything warm or cold for 10 minutes preceding the survey, and not to have exercised an hour preceding the survey. Because the sample was relatively small, we excluded all those participants that did not adhere to these guidelines (mTurk, N = 3; Prolific Academic, N = 56), which left 232 remaining participants.</text></passage><passage><infon key="section_type">METHODS</infon><infon key="type">title_2</infon><offset>11561</offset><text>Procedure</text></passage><passage><infon key="file">41597_2019_29_Fig1_HTML.jpg</infon><infon key="id">Fig1</infon><infon key="section_type">FIG</infon><infon key="type">fig_caption</infon><offset>11571</offset><text>The general flow of the survey. Participants first read the instructions and informed consent, after agreed to proceed, they filled out the questionnaire battery, and measured their oral temperature before and after these questionnaires. For both oral temperature measurements, they submitted a photo of their thermometer (and wrote down measurement (1 or 2) and the date).</text></passage><passage><infon key="section_type">METHODS</infon><infon key="type">paragraph</infon><offset>11945</offset><text>Participants entered the survey, where they were requested to fill in a number of different questionnaires (see Fig. 1). At the beginning of the questionnaire (Measurement 1) and at the end of the questionnaire (Measurement 2), they were requested to measure their own oral temperature with an oral thermometer, take a picture of the thermometer (with date, time, and Measurement– 1 or 2 – included as a note in the picture).</text></passage><passage><infon key="section_type">METHODS</infon><infon key="type">paragraph</infon><offset>12376</offset><text>Between two measurements of core temperature, participants answered a series of questionnaires, including the social network index questionnaire (“networksize”, “socialembedded”, and a measure on complex social integration, “CSI”). CSI includes an inventory of the following ties: Relationships with spouse, parents, parents-in-law, children, other close family members, neighbors, friends, workmates, schoolmates, fellow volunteers (e.g., charity or community work), members of groups without religious affiliations (e.g., social, recreational, professional), and members of religious groups. One point was assigned for participation in each kind of relationship for which respondents reported that they spoke (in person or on the phone) to someone in that relationship at least once every 2 weeks.</text></passage><passage><infon key="section_type">METHODS</infon><infon key="type">paragraph</infon><offset>13188</offset><text>Other scales include the Perceived Stress Scale (variable named as “stress”), the Southampton Nostalgia Scale (“nostalgia”), people’s attachment to homes (“attachhome”), people’s attachment to their smartphone (often referred to as nomophobia), daily sugary drinks consumption (“gluctot”) and diet drinks consumption (“artgluctot”), self-control (“selfcontrol”), attachment in close relationships (divided into “avoidance” and “anxiety”), and access to one’s own feelings and bodily states (alexithymia; divided into subscales externally oriented thinking (“EOT”) and difficulty identifying one’s feelings (“DIDF”)). The dataset also includes information about participants’ sex (“sex”), height (“height”), weight (“weightkg”), and whether they used medication (“meds”). Finally, we looked up the minimum temperature (“mintemp”) and average humidity of the day (“avghumidity”) based on participants’ IP address by using a weather history site (http://www.wunderground.com/history/), which bases weather on the nearest airport.</text></passage><passage><infon key="section_type">METHODS</infon><infon key="type">paragraph</infon><offset>14291</offset><text>At the end of the survey, participants were thanked for their participation and debriefed.</text></passage><passage><infon key="section_type">METHODS</infon><infon key="type">title_1</infon><offset>14382</offset><text>Cross-National Data</text></passage><passage><infon key="section_type">METHODS</infon><infon key="type">title_2</infon><offset>14402</offset><text>Participants</text></passage><passage><infon key="section_type">METHODS</infon><infon key="type">paragraph</infon><offset>14415</offset><text>The confirmatory dataset was collected in various countries (N = 12); 1536 participants finished the survey in 2016. We reviewed all pictures that participants uploaded to our Qualtrics platform, and made 193 (mostly small) corrections to the CBT values, based on pictures participants uploaded. When no picture was uploaded, we kept the participant in our dataset. When generic pictures or pictures that were irrelevant for our study were uploaded, we deleted the participant (N = 12). We also deleted participants from our dataset that had identical value and IP address as other participants (N = 1). Our final sample consisted of 1523 participants.</text></passage><passage><infon key="section_type">METHODS</infon><infon key="type">title_2</infon><offset>15081</offset><text>Procedure</text></passage><passage><infon key="section_type">METHODS</infon><infon key="type">paragraph</infon><offset>15091</offset><text>We first created one central survey in English. For the non-English speaking site, we then translated and back-translated the survey keeping in mind loyalty to the original meaning. The original and back-translated versions were checked to ensure meaning was comparable across versions. All surveys were then programmed into the online survey platform Qualtrics. Surveys were run online or in the lab across our different sites. Participants were requested to complete the survey between 9–11am in their local time zone, not to eat or drink anything warm or cold for 10 minutes preceding the survey, and not to have exercised an hour preceding the survey (To be sure, we also asked whether they did eat or drink anything warm or cold 10 minutes before the study (“eatdrink”) or whether they did exercise an hour preceding the study (“exercise”)). Participants entered the survey, where they were requested to fill in a number of different questionnaires. Before the first questionnaire (Measurement 1), we requested participants to measure their own oral temperature with an oral thermometer, which was repeated at the end of the questionnaire (Measurement 2). For both measurements, we asked to take a photograph of their thermometer and upload it to Qualtrics (with date, time, and whether it was Measurement – 1 or 2 – included on a note).</text></passage><passage><infon key="section_type">METHODS</infon><infon key="type">paragraph</infon><offset>16452</offset><text>We used the same questionnaires as our pilot study, but now added a few questions that may also bear relevance for complex social integration and core body temperature, like whether people are in a romantic relationship or not (“romantic”), how monogamous they perceive themselves to be (“monogamous”), attachment to their smartphone and their online identity (often referred to as nomophobia; “attachphone” and “onlineid”), and we recorded participants’ longitude and latitude via a standard option available in Qualtrics (“longitude”; we calculated latitude into distance from the equator “DEQ”). For privacy reason, in the open dataset, we didn’t report longitude information (“longitude”).</text></passage><passage><infon key="section_type">METHODS</infon><infon key="type">paragraph</infon><offset>17178</offset><text>Two other exploratory questionnaires were also included: the Kama Muta Frequency Scale (KAMF), which measures the frequency of participant have the feeling of being moved (Kama Muta), and the Social Thermoregulation and Risk Avoidance Questionnaire (STRAQ-1), which included 57 items and were measure for exploring the relationship between physical need of thermoregulation and adult attachment.</text></passage><passage><infon key="section_type">METHODS</infon><infon key="type">paragraph</infon><offset>17574</offset><text>At the end of the survey, participants were thanked and debriefed for their participation. We again looked up the minimum temperature of that day and average humidity of that day through their IP address and the weather history site.</text></passage><passage><infon key="section_type">METHODS</infon><infon key="type">title_1</infon><offset>17808</offset><text>Data Records</text></passage><passage><infon key="section_type">METHODS</infon><infon key="type">paragraph</infon><offset>17821</offset><text>All data records listed in this section are available from the Open Science Framework (OSF) and can be downloaded without an OSF account. The datasets were anonymized to remove any information that can identify the participant responses, such as the identification number from Amazon’s Mechanical Turk, weight, height, sexual orientation, medication, and longitude. The R script used for pre-processing the semi-raw data is also available.</text></passage><passage><infon key="section_type">METHODS</infon><infon key="type">title_2</infon><offset>18264</offset><text>All Datasets</text></passage><passage><infon key="section_type">METHODS</infon><infon key="type">paragraph</infon><offset>18277</offset><text>Location: Open Science Framework.</text></passage><passage><infon key="section_type">METHODS</infon><infon key="type">paragraph</infon><offset>18311</offset><text>File format: comma separated values file (.csv).</text></passage><passage><infon key="section_type">METHODS</infon><infon key="type">paragraph</infon><offset>18360</offset><text>These files contain: cleaned raw data, codebooks for each raw data.</text></passage><passage><infon key="section_type">METHODS</infon><infon key="type">title_2</infon><offset>18428</offset><text>Questionnaires</text></passage><passage><infon key="section_type">METHODS</infon><infon key="type">paragraph</infon><offset>18443</offset><text>Location: Open Science Framework.</text></passage><passage><infon key="section_type">METHODS</infon><infon key="type">paragraph</infon><offset>18477</offset><text>File format: Microsoft Word (.docx).</text></passage><passage><infon key="section_type">METHODS</infon><infon key="type">title_1</infon><offset>18514</offset><text>Technical Validation</text></passage><passage><infon key="section_type">METHODS</infon><infon key="type">paragraph</infon><offset>18535</offset><text>To validate that the scales used in different countries have good psychometrical properties, we used the multi-site data to calculate the indices of reliability for each scale per site. More specifically, we reported Cronbach’s alpha, McDonald’s omega (hierarchical and total). The results showed that the reliabilities for most scales used here are satisfying (see, Online-only Table 2). Thus, these data are good for further re-use.</text></passage><passage><infon key="section_type">METHODS</infon><infon key="type">title_1</infon><offset>18976</offset><text>Usage Notes</text></passage><passage><infon key="section_type">METHODS</infon><infon key="type">paragraph</infon><offset>18988</offset><text>Our main research – discovering which variables related to social connections best predict the protection of core body temperature – revealed that Complex Social Integration (CSI), defined as the number of types of high-contact roles one engages in, is a critical predictor of core body temperature. The pilot study identified CSI as one of the most important predictors of CBT, after weight, height, and sex of participants, and the minimum temperature of that day. A cross-validation approach testing a mediation model further revealed that being further from the equator (as a proxy of being in a colder climate) relates to higher levels of CSI, which in turn relates to higher CBT. Despite that the data are cross-sectional, we think that our theoretical principles are strong enough to infer that CSI forms a buffer from living in a colder climate. Furthermore, we also found that the effect held for those in romantic relationships (and not for those without). We don’t have a good explanation for the latter effect, and this is an important question for future studies. Interestingly, we also found other variables can predict the protection from the cold. For example, culture (language family) could potentially play a role that may be even more important than CSI, opening up the door to investigate interrelationships between socio-economic development, level of close-knittedness in cultures, and linguistic structures with complex social integration and temperature regulation. Nevertheless, the culture variable may simply be a measurement artifact and is thus an important avenue for future research.</text></passage><passage><infon key="section_type">METHODS</infon><infon key="type">paragraph</infon><offset>20610</offset><text>Because the data are cross-sectional, causality needs to be better determined in future research. In addition, although we found robust relationships, it is also crucial to determine the proximal mechanisms that explain the protection of CBT in humans. The most promising avenue for future research to detect the relationship is the examination of social variables and peripheral temperature. The peripheral temperature, for example, drops after a brief episode of social exclusion and it is generally accepted as a defense mechanism against changes in the core as a result of fluctuations in ambient temperature. For that reason, we think that the experience sampling of social experiences and moment-to-moment changes in peripheral temperature is the most promising route to discover socially-based temperature defense mechanisms. Because of rapid improvements in sensor technology, we have been able to develop software for smartphones to record moment-to-moment peripheral temperature fluctiations. These projects should rely on similar data-driven approaches as we utilized here.</text></passage><passage><infon key="section_type">METHODS</infon><infon key="type">paragraph</infon><offset>21696</offset><text>Beyond the DEQ-CBT-CSI model generated from this study, data from our main study have already been used in other projects. Van Lange and colleagues 2017, for example, proposed that distance from the equator shapes people’s ability to control themselves. They stated that “lower temperatures and especially greater seasonal variation in temperature call for individuals and societies to adopt … a greater degree of self-control”. In developing their theoretical position, the authors proposed distance from the equator as a predictor of self-control. They advocated a “data-driven” approach, allowing one “to derive precise estimates of the variance accounted for by various predictor variables”. As trait self-control score was included in this dataset, we were able to test this proposition. Using the same supervised machine learning as in our main study, we found the distance from the equator to be a predictor of self-control but barely so: it was the 14th predictor in our list and comparable to whether participants spoke Serbian or not. All-in-all, the current dataset, and a data-driven approach could thus be used to reject Van Lange et al.’s approach that distance from the equator is an important factor in shaping self-control.</text></passage><passage><infon key="section_type">METHODS</infon><infon key="type">paragraph</infon><offset>22955</offset><text>A third article was also written on items inserted in the dataset, again relying on split-half validation. This article concerned the development of the Social Thermoregulation and Risk Avoidance Questionnaire (STRAQ-1). The STRAQ-1 is another important step in discovering social-thermoregulation related principles in humans. Using a robust bootstrapping method, Vergara and colleagues identified 23 (out of 57) items in 4 subscales, which were named Social Thermoregulation (Omega = 0.83), High Temperature Sensitivity (0.83), Solitary Thermoregulation (0.77), and Risk Avoidance (0.57; see also Online-only Table 2). Because the dataset was rich in additional measures, it also allowed Vergara and colleagues to discover robust relationships between the STRAQ-1 and constructs often found to relate very closely with attachment (e.g., self-control, alexithymia, stress, and health). These results suggested that social-thermoregulation and risk-avoidance related desires may be crucial for (mental) health.</text></passage><passage><infon key="section_type">METHODS</infon><infon key="type">paragraph</infon><offset>23971</offset><text>Please note that the reliabilities of most questionnaires in our data were stable across the samples we tested in different countries. For those established psychological scales, all of them have a relatively low cross- sample variability on reliability (SD of omega &lt;= 0.08), except the Externally oriented thinking (EOT) subscale of Toronto Alexithymia Scale (TAS-20) (mean of omega = 0.63, SD = 0.1, from 0.48~0.71). This result, however, was consistent with a previous view that the TAS-20 should be used in combination with other instruments for clinical purpose. As for the newly developed scales, the Kama Muta Frequency Scale (KAMF) has low cross-sample variability; while the STRAQ-1 has relatively high cross-nation variability for the Risk Avoidance subscale. Therefore, when re-using the dataset, researchers should be mindful of this the cross-sample variability.</text></passage><passage><infon key="section_type">METHODS</infon><infon key="type">paragraph</infon><offset>24856</offset><text>In short, the data we reported already allowed the validation of various well-known scales, which will allow considerable reuse for the generation of novel hypotheses, while the translated questionnaires will also be of considerable use for other cross-country comparison studies. Together, the dataset and materials shared will provide an important source for researchers who are interested in cross-national, human-environment interaction studies more generally, and those interested in social network, perceived stress, trait self-control, nostalgia, home attachment, nomophobia, experiences in close relationships, alexithymia, social thermoregulation, and being moved (Kama Muta) more specifically.</text></passage><passage><infon key="section_type">METHODS</infon><infon key="type">paragraph</infon><offset>25560</offset><text>To promote the re-use of our dataset, we shared the summary data, the cleaned raw data, as well as the scripts used to go from raw to summary data, so that it is maximally useful for colleagues with different research goals. The raw data are accompanied by codebooks, which contain the information necessary for understanding the mapping between the column names in the raw data and the items of questionnaires, as well as how these items were scored. Finally, the questionnaires are available in 9 languages, providing a rich source for researchers who hope to collect data across nations (data that may identify participants (height, weight, et cetera) are available upon request from the first author).</text></passage><passage><infon key="section_type">METHODS</infon><infon key="type">title_2</infon><offset>26266</offset><text>ISA-Tab metadata file</text></passage><passage><infon key="section_type">TABLE</infon><infon key="type">title_1</infon><offset>26288</offset><text>Online-only Tables</text></passage><passage><infon key="file">Tab2.xml</infon><infon key="id">Tab2</infon><infon key="section_type">TABLE</infon><infon key="type">table_caption</infon><offset>26307</offset><text>Participant demographics and reliabilities of questionnaires in the pilot study. N = number of participants</text></passage><passage><infon key="file">Tab2.xml</infon><infon key="id">Tab2</infon><infon key="section_type">TABLE</infon><infon key="type">table</infon><infon key="xml">&lt;?xml version=&quot;1.0&quot; encoding=&quot;UTF-8&quot;?&gt;
&lt;table frame=&quot;hsides&quot; rules=&quot;groups&quot;&gt;&lt;thead&gt;&lt;tr&gt;&lt;th/&gt;&lt;th/&gt;&lt;th/&gt;&lt;th/&gt;&lt;th/&gt;&lt;th colspan=&quot;2&quot;&gt;Trait Self Control&lt;/th&gt;&lt;th colspan=&quot;2&quot;&gt;Perceived Stress Scale&lt;/th&gt;&lt;th colspan=&quot;2&quot;&gt;Nomophobia (with phone)&lt;/th&gt;&lt;th colspan=&quot;2&quot;&gt;Nomophobia (onlineid)&lt;/th&gt;&lt;th colspan=&quot;2&quot;&gt;ECR-R&lt;/th&gt;&lt;th colspan=&quot;2&quot;&gt;ECR-R-Anxiety&lt;/th&gt;&lt;th colspan=&quot;2&quot;&gt;ECR-R-Avoidance&lt;/th&gt;&lt;th colspan=&quot;2&quot;&gt;Southampton Nostalgia Scale&lt;/th&gt;&lt;th colspan=&quot;2&quot;&gt;TAS-DIDF&lt;/th&gt;&lt;th colspan=&quot;2&quot;&gt;TAS-EOT&lt;/th&gt;&lt;th colspan=&quot;2&quot;&gt;Home Attachment Scale&lt;/th&gt;&lt;/tr&gt;&lt;/thead&gt;&lt;tbody&gt;&lt;tr&gt;&lt;td&gt;
&lt;bold&gt;Site&lt;/bold&gt;
&lt;/td&gt;&lt;td&gt;
&lt;bold&gt;Language&lt;/bold&gt;
&lt;/td&gt;&lt;td&gt;
&lt;bold&gt;N&lt;/bold&gt;
&lt;/td&gt;&lt;td&gt;
&lt;bold&gt;Female (%)&lt;/bold&gt;
&lt;/td&gt;&lt;td&gt;
&lt;bold&gt;Birth year&lt;/bold&gt;
&lt;/td&gt;&lt;td&gt;
&lt;bold&gt;α&lt;/bold&gt;
&lt;/td&gt;&lt;td&gt;
&lt;bold&gt;ω&lt;/bold&gt;
&lt;sub&gt;&lt;bold&gt;t&lt;/bold&gt;&lt;/sub&gt;
&lt;/td&gt;&lt;td&gt;
&lt;bold&gt;α&lt;/bold&gt;
&lt;/td&gt;&lt;td&gt;
&lt;bold&gt;ω&lt;/bold&gt;
&lt;sub&gt;&lt;bold&gt;t&lt;/bold&gt;&lt;/sub&gt;
&lt;/td&gt;&lt;td&gt;
&lt;bold&gt;α&lt;/bold&gt;
&lt;/td&gt;&lt;td&gt;
&lt;bold&gt;ω&lt;/bold&gt;
&lt;sub&gt;&lt;bold&gt;t&lt;/bold&gt;&lt;/sub&gt;
&lt;/td&gt;&lt;td&gt;
&lt;bold&gt;α&lt;/bold&gt;
&lt;/td&gt;&lt;td&gt;
&lt;bold&gt;ω&lt;/bold&gt;
&lt;sub&gt;&lt;bold&gt;t&lt;/bold&gt;&lt;/sub&gt;
&lt;/td&gt;&lt;td&gt;
&lt;bold&gt;α&lt;/bold&gt;
&lt;/td&gt;&lt;td&gt;
&lt;bold&gt;ω&lt;/bold&gt;
&lt;sub&gt;&lt;bold&gt;t&lt;/bold&gt;&lt;/sub&gt;
&lt;/td&gt;&lt;td&gt;
&lt;bold&gt;α&lt;/bold&gt;
&lt;/td&gt;&lt;td&gt;
&lt;bold&gt;ω&lt;/bold&gt;
&lt;sub&gt;&lt;bold&gt;t&lt;/bold&gt;&lt;/sub&gt;
&lt;/td&gt;&lt;td&gt;
&lt;bold&gt;α&lt;/bold&gt;
&lt;/td&gt;&lt;td&gt;
&lt;bold&gt;ω&lt;/bold&gt;
&lt;sub&gt;&lt;bold&gt;t&lt;/bold&gt;&lt;/sub&gt;
&lt;/td&gt;&lt;td&gt;
&lt;bold&gt;α&lt;/bold&gt;
&lt;/td&gt;&lt;td&gt;
&lt;bold&gt;ω&lt;/bold&gt;
&lt;sub&gt;&lt;bold&gt;t&lt;/bold&gt;&lt;/sub&gt;
&lt;/td&gt;&lt;td&gt;
&lt;bold&gt;α&lt;/bold&gt;
&lt;/td&gt;&lt;td&gt;
&lt;bold&gt;ω&lt;/bold&gt;
&lt;sub&gt;&lt;bold&gt;t&lt;/bold&gt;&lt;/sub&gt;
&lt;/td&gt;&lt;td&gt;
&lt;bold&gt;α&lt;/bold&gt;
&lt;/td&gt;&lt;td&gt;
&lt;bold&gt;ω&lt;/bold&gt;
&lt;sub&gt;&lt;bold&gt;t&lt;/bold&gt;&lt;/sub&gt;
&lt;/td&gt;&lt;td&gt;
&lt;bold&gt;α&lt;/bold&gt;
&lt;/td&gt;&lt;td&gt;
&lt;bold&gt;ω&lt;/bold&gt;
&lt;sub&gt;&lt;bold&gt;t&lt;/bold&gt;&lt;/sub&gt;
&lt;/td&gt;&lt;/tr&gt;&lt;tr&gt;&lt;td&gt;mTurk&lt;/td&gt;&lt;td&gt;English&lt;/td&gt;&lt;td&gt;140&lt;/td&gt;&lt;td&gt;64.3%&lt;/td&gt;&lt;td&gt;1964.2 (7.2)&lt;/td&gt;&lt;td&gt;0.88&lt;/td&gt;&lt;td&gt;0.91&lt;/td&gt;&lt;td&gt;0.82&lt;/td&gt;&lt;td&gt;0.93&lt;/td&gt;&lt;td&gt;0.90&lt;/td&gt;&lt;td&gt;0.93&lt;/td&gt;&lt;td&gt;0.91&lt;/td&gt;&lt;td&gt;0.94&lt;/td&gt;&lt;td&gt;0.97&lt;/td&gt;&lt;td&gt;0.98&lt;/td&gt;&lt;td&gt;0.95&lt;/td&gt;&lt;td&gt;0.97&lt;/td&gt;&lt;td&gt;0.96&lt;/td&gt;&lt;td&gt;0.97&lt;/td&gt;&lt;td&gt;0.95&lt;/td&gt;&lt;td&gt;0.98&lt;/td&gt;&lt;td&gt;0.91&lt;/td&gt;&lt;td&gt;0.94&lt;/td&gt;&lt;td&gt;0.58&lt;/td&gt;&lt;td&gt;0.75&lt;/td&gt;&lt;td&gt;0.88&lt;/td&gt;&lt;td&gt;0.93&lt;/td&gt;&lt;/tr&gt;&lt;tr&gt;&lt;td&gt;Prolific Academic&lt;/td&gt;&lt;td&gt;English&lt;/td&gt;&lt;td&gt;92&lt;/td&gt;&lt;td&gt;59.8%&lt;/td&gt;&lt;td&gt;1967.5 (6.3)&lt;/td&gt;&lt;td&gt;0.88&lt;/td&gt;&lt;td&gt;0.91&lt;/td&gt;&lt;td&gt;0.85&lt;/td&gt;&lt;td&gt;0.93&lt;/td&gt;&lt;td&gt;0.87&lt;/td&gt;&lt;td&gt;0.91&lt;/td&gt;&lt;td&gt;0.90&lt;/td&gt;&lt;td&gt;0.94&lt;/td&gt;&lt;td&gt;0.95&lt;/td&gt;&lt;td&gt;0.97&lt;/td&gt;&lt;td&gt;0.94&lt;/td&gt;&lt;td&gt;0.95&lt;/td&gt;&lt;td&gt;0.95&lt;/td&gt;&lt;td&gt;0.96&lt;/td&gt;&lt;td&gt;0.95&lt;/td&gt;&lt;td&gt;0.98&lt;/td&gt;&lt;td&gt;0.91&lt;/td&gt;&lt;td&gt;0.94&lt;/td&gt;&lt;td&gt;0.55&lt;/td&gt;&lt;td&gt;0.69&lt;/td&gt;&lt;td&gt;0.91&lt;/td&gt;&lt;td&gt;0.95&lt;/td&gt;&lt;/tr&gt;&lt;/tbody&gt;&lt;/table&gt;
</infon><offset>26419</offset><text>					Trait Self Control	Perceived Stress Scale	Nomophobia (with phone)	Nomophobia (onlineid)	ECR-R	ECR-R-Anxiety	ECR-R-Avoidance	Southampton Nostalgia Scale	TAS-DIDF	TAS-EOT	Home Attachment Scale	 	Site	Language	N	Female (%)	Birth year	α	ωt	α	ωt	α	ωt	α	ωt	α	ωt	α	ωt	α	ωt	α	ωt	α	ωt	α	ωt	α	ωt	 	mTurk	English	140	64.3%	1964.2 (7.2)	0.88	0.91	0.82	0.93	0.90	0.93	0.91	0.94	0.97	0.98	0.95	0.97	0.96	0.97	0.95	0.98	0.91	0.94	0.58	0.75	0.88	0.93	 	Prolific Academic	English	92	59.8%	1967.5 (6.3)	0.88	0.91	0.85	0.93	0.87	0.91	0.90	0.94	0.95	0.97	0.94	0.95	0.95	0.96	0.95	0.98	0.91	0.94	0.55	0.69	0.91	0.95	 	</text></passage><passage><infon key="file">Tab3.xml</infon><infon key="id">Tab3</infon><infon key="section_type">TABLE</infon><infon key="type">table_caption</infon><offset>27110</offset><text>Site information, participant demographics, and reliabilities of questionnaires in the cross-national study. N = number of participants</text></passage><passage><infon key="file">Tab3.xml</infon><infon key="id">Tab3</infon><infon key="section_type">TABLE</infon><infon key="type">table</infon><infon key="xml">&lt;?xml version=&quot;1.0&quot; encoding=&quot;UTF-8&quot;?&gt;
&lt;table frame=&quot;hsides&quot; rules=&quot;groups&quot;&gt;&lt;thead&gt;&lt;tr&gt;&lt;th/&gt;&lt;th/&gt;&lt;th/&gt;&lt;th/&gt;&lt;th/&gt;&lt;th/&gt;&lt;th colspan=&quot;2&quot;&gt;Trait Self Control&lt;/th&gt;&lt;th colspan=&quot;2&quot;&gt;Perceived Stress Scale&lt;/th&gt;&lt;th colspan=&quot;2&quot;&gt;Nomophobia (with phone)&lt;/th&gt;&lt;th colspan=&quot;2&quot;&gt;Nomophobia (onlineid)&lt;/th&gt;&lt;th colspan=&quot;2&quot;&gt;ECR-R&lt;/th&gt;&lt;th colspan=&quot;2&quot;&gt;ECR-R-Anxiety&lt;/th&gt;&lt;th colspan=&quot;2&quot;&gt;ECR-R-Avoidance&lt;/th&gt;&lt;th colspan=&quot;2&quot;&gt;Southampton Nostalgia Scale&lt;/th&gt;&lt;th colspan=&quot;2&quot;&gt;TAS-DIDF&lt;/th&gt;&lt;th colspan=&quot;2&quot;&gt;TAS-EOT&lt;/th&gt;&lt;th colspan=&quot;2&quot;&gt;Home Attachment Scale&lt;/th&gt;&lt;th colspan=&quot;2&quot;&gt;STRAQ-1 (High Temperature Sensitivity)&lt;/th&gt;&lt;th colspan=&quot;2&quot;&gt;STRAQ-1 (Social Thermoregulation)&lt;/th&gt;&lt;th colspan=&quot;2&quot;&gt;STRAQ-1 (Solitary Thermoregulation)&lt;/th&gt;&lt;th colspan=&quot;2&quot;&gt;STRAQ-1 (Risk Avoidance)&lt;/th&gt;&lt;th colspan=&quot;2&quot;&gt;Kama Muta Frequency Scale&lt;/th&gt;&lt;/tr&gt;&lt;/thead&gt;&lt;tbody&gt;&lt;tr&gt;&lt;td&gt;
&lt;bold&gt;Country&lt;/bold&gt;
&lt;/td&gt;&lt;td&gt;
&lt;bold&gt;Site&lt;/bold&gt;
&lt;/td&gt;&lt;td&gt;
&lt;bold&gt;Language&lt;/bold&gt;
&lt;/td&gt;&lt;td&gt;
&lt;bold&gt;N&lt;/bold&gt;
&lt;/td&gt;&lt;td&gt;
&lt;bold&gt;Female (%)&lt;/bold&gt;
&lt;/td&gt;&lt;td&gt;
&lt;bold&gt;Birth year&lt;/bold&gt;
&lt;/td&gt;&lt;td&gt;
&lt;bold&gt;α&lt;/bold&gt;
&lt;/td&gt;&lt;td&gt;
&lt;bold&gt;ω&lt;/bold&gt;
&lt;sub&gt;&lt;bold&gt;t&lt;/bold&gt;&lt;/sub&gt;
&lt;/td&gt;&lt;td&gt;
&lt;bold&gt;α&lt;/bold&gt;
&lt;/td&gt;&lt;td&gt;
&lt;bold&gt;ω&lt;/bold&gt;
&lt;sub&gt;&lt;bold&gt;t&lt;/bold&gt;&lt;/sub&gt;
&lt;/td&gt;&lt;td&gt;
&lt;bold&gt;α&lt;/bold&gt;
&lt;/td&gt;&lt;td&gt;
&lt;bold&gt;ω&lt;/bold&gt;
&lt;sub&gt;&lt;bold&gt;t&lt;/bold&gt;&lt;/sub&gt;
&lt;/td&gt;&lt;td&gt;
&lt;bold&gt;α&lt;/bold&gt;
&lt;/td&gt;&lt;td&gt;
&lt;bold&gt;ω&lt;/bold&gt;
&lt;sub&gt;&lt;bold&gt;t&lt;/bold&gt;&lt;/sub&gt;
&lt;/td&gt;&lt;td&gt;
&lt;bold&gt;α&lt;/bold&gt;
&lt;/td&gt;&lt;td&gt;
&lt;bold&gt;ω&lt;/bold&gt;
&lt;sub&gt;&lt;bold&gt;t&lt;/bold&gt;&lt;/sub&gt;
&lt;/td&gt;&lt;td&gt;
&lt;bold&gt;α&lt;/bold&gt;
&lt;/td&gt;&lt;td&gt;
&lt;bold&gt;ω&lt;/bold&gt;
&lt;sub&gt;&lt;bold&gt;t&lt;/bold&gt;&lt;/sub&gt;
&lt;/td&gt;&lt;td&gt;
&lt;bold&gt;α&lt;/bold&gt;
&lt;/td&gt;&lt;td&gt;
&lt;bold&gt;ω&lt;/bold&gt;
&lt;sub&gt;&lt;bold&gt;t&lt;/bold&gt;&lt;/sub&gt;
&lt;/td&gt;&lt;td&gt;
&lt;bold&gt;α&lt;/bold&gt;
&lt;/td&gt;&lt;td&gt;
&lt;bold&gt;ω&lt;/bold&gt;
&lt;sub&gt;&lt;bold&gt;t&lt;/bold&gt;&lt;/sub&gt;
&lt;/td&gt;&lt;td&gt;
&lt;bold&gt;α&lt;/bold&gt;
&lt;/td&gt;&lt;td&gt;
&lt;bold&gt;ω&lt;/bold&gt;
&lt;sub&gt;&lt;bold&gt;t&lt;/bold&gt;&lt;/sub&gt;
&lt;/td&gt;&lt;td&gt;
&lt;bold&gt;α&lt;/bold&gt;
&lt;/td&gt;&lt;td&gt;
&lt;bold&gt;ω&lt;/bold&gt;
&lt;sub&gt;&lt;bold&gt;t&lt;/bold&gt;&lt;/sub&gt;
&lt;/td&gt;&lt;td&gt;
&lt;bold&gt;α&lt;/bold&gt;
&lt;/td&gt;&lt;td&gt;
&lt;bold&gt;ω&lt;/bold&gt;
&lt;sub&gt;&lt;bold&gt;t&lt;/bold&gt;&lt;/sub&gt;
&lt;/td&gt;&lt;td&gt;
&lt;bold&gt;α&lt;/bold&gt;
&lt;/td&gt;&lt;td&gt;
&lt;bold&gt;ω&lt;/bold&gt;
&lt;sub&gt;&lt;bold&gt;t&lt;/bold&gt;&lt;/sub&gt;
&lt;/td&gt;&lt;td&gt;
&lt;bold&gt;α&lt;/bold&gt;
&lt;/td&gt;&lt;td&gt;
&lt;bold&gt;ω&lt;/bold&gt;
&lt;sub&gt;&lt;bold&gt;t&lt;/bold&gt;&lt;/sub&gt;
&lt;/td&gt;&lt;td&gt;
&lt;bold&gt;α&lt;/bold&gt;
&lt;/td&gt;&lt;td&gt;
&lt;bold&gt;ω&lt;/bold&gt;
&lt;sub&gt;&lt;bold&gt;t&lt;/bold&gt;&lt;/sub&gt;
&lt;/td&gt;&lt;td&gt;
&lt;bold&gt;α&lt;/bold&gt;
&lt;/td&gt;&lt;td&gt;
&lt;bold&gt;ω&lt;/bold&gt;
&lt;sub&gt;&lt;bold&gt;t&lt;/bold&gt;&lt;/sub&gt;
&lt;/td&gt;&lt;td&gt;
&lt;bold&gt;α&lt;/bold&gt;
&lt;/td&gt;&lt;td&gt;
&lt;bold&gt;ω&lt;/bold&gt;
&lt;sub&gt;&lt;bold&gt;t&lt;/bold&gt;&lt;/sub&gt;
&lt;/td&gt;&lt;/tr&gt;&lt;tr&gt;&lt;td&gt;Germany&lt;/td&gt;&lt;td&gt;University of Bamberg&lt;/td&gt;&lt;td&gt;German&lt;/td&gt;&lt;td&gt;42&lt;/td&gt;&lt;td&gt;69.0%&lt;/td&gt;&lt;td&gt;1982.1 (14.7)&lt;/td&gt;&lt;td&gt;0.81&lt;/td&gt;&lt;td&gt;0.87&lt;/td&gt;&lt;td&gt;0.92&lt;/td&gt;&lt;td&gt;0.94&lt;/td&gt;&lt;td&gt;0.89&lt;/td&gt;&lt;td&gt;0.87&lt;/td&gt;&lt;td&gt;0.92&lt;/td&gt;&lt;td&gt;0.95&lt;/td&gt;&lt;td&gt;0.96&lt;/td&gt;&lt;td&gt;0.97&lt;/td&gt;&lt;td&gt;0.95&lt;/td&gt;&lt;td&gt;0.96&lt;/td&gt;&lt;td&gt;0.93&lt;/td&gt;&lt;td&gt;0.95&lt;/td&gt;&lt;td&gt;0.90&lt;/td&gt;&lt;td&gt;0.96&lt;/td&gt;&lt;td&gt;0.91&lt;/td&gt;&lt;td&gt;0.89&lt;/td&gt;&lt;td&gt;0.48&lt;/td&gt;&lt;td&gt;0.69&lt;/td&gt;&lt;td&gt;0.86&lt;/td&gt;&lt;td&gt;0.91&lt;/td&gt;&lt;td&gt;0.85&lt;/td&gt;&lt;td&gt;0.90&lt;/td&gt;&lt;td&gt;0.73&lt;/td&gt;&lt;td&gt;0.85&lt;/td&gt;&lt;td&gt;0.70&lt;/td&gt;&lt;td&gt;0.81&lt;/td&gt;&lt;td&gt;0.62&lt;/td&gt;&lt;td&gt;0.64&lt;/td&gt;&lt;td&gt;0.85&lt;/td&gt;&lt;td&gt;0.93&lt;/td&gt;&lt;/tr&gt;&lt;tr&gt;&lt;td&gt;Chile&lt;/td&gt;&lt;td&gt;University of Chile&lt;/td&gt;&lt;td&gt;Spanish&lt;/td&gt;&lt;td&gt;35&lt;/td&gt;&lt;td&gt;62.9%&lt;/td&gt;&lt;td&gt;1979.3 (13.2)&lt;/td&gt;&lt;td&gt;0.79&lt;/td&gt;&lt;td&gt;0.85&lt;/td&gt;&lt;td&gt;0.80&lt;/td&gt;&lt;td&gt;0.84&lt;/td&gt;&lt;td&gt;0.81&lt;/td&gt;&lt;td&gt;0.87&lt;/td&gt;&lt;td&gt;0.87&lt;/td&gt;&lt;td&gt;0.91&lt;/td&gt;&lt;td&gt;0.92&lt;/td&gt;&lt;td&gt;0.96&lt;/td&gt;&lt;td&gt;0.86&lt;/td&gt;&lt;td&gt;0.89&lt;/td&gt;&lt;td&gt;0.94&lt;/td&gt;&lt;td&gt;0.96&lt;/td&gt;&lt;td&gt;0.95&lt;/td&gt;&lt;td&gt;0.97&lt;/td&gt;&lt;td&gt;0.87&lt;/td&gt;&lt;td&gt;0.89&lt;/td&gt;&lt;td&gt;0.43&lt;/td&gt;&lt;td&gt;0.69&lt;/td&gt;&lt;td&gt;0.74&lt;/td&gt;&lt;td&gt;0.85&lt;/td&gt;&lt;td&gt;0.87&lt;/td&gt;&lt;td&gt;0.92&lt;/td&gt;&lt;td&gt;0.76&lt;/td&gt;&lt;td&gt;0.88&lt;/td&gt;&lt;td&gt;0.31&lt;/td&gt;&lt;td&gt;0.62&lt;/td&gt;&lt;td&gt;0.82&lt;/td&gt;&lt;td&gt;0.82&lt;/td&gt;&lt;td&gt;0.85&lt;/td&gt;&lt;td&gt;0.93&lt;/td&gt;&lt;/tr&gt;&lt;tr&gt;&lt;td&gt;Germany&lt;/td&gt;&lt;td&gt;University of Kassel&lt;/td&gt;&lt;td&gt;German&lt;/td&gt;&lt;td&gt;106&lt;/td&gt;&lt;td&gt;69.8%&lt;/td&gt;&lt;td&gt;1990.3(7.8)&lt;/td&gt;&lt;td&gt;0.84&lt;/td&gt;&lt;td&gt;0.87&lt;/td&gt;&lt;td&gt;0.85&lt;/td&gt;&lt;td&gt;0.90&lt;/td&gt;&lt;td&gt;0.87&lt;/td&gt;&lt;td&gt;0.91&lt;/td&gt;&lt;td&gt;0.90&lt;/td&gt;&lt;td&gt;0.94&lt;/td&gt;&lt;td&gt;0.94&lt;/td&gt;&lt;td&gt;0.96&lt;/td&gt;&lt;td&gt;0.93&lt;/td&gt;&lt;td&gt;0.94&lt;/td&gt;&lt;td&gt;0.91&lt;/td&gt;&lt;td&gt;0.95&lt;/td&gt;&lt;td&gt;0.94&lt;/td&gt;&lt;td&gt;0.97&lt;/td&gt;&lt;td&gt;0.86&lt;/td&gt;&lt;td&gt;0.90&lt;/td&gt;&lt;td&gt;0.43&lt;/td&gt;&lt;td&gt;0.57&lt;/td&gt;&lt;td&gt;0.90&lt;/td&gt;&lt;td&gt;0.93&lt;/td&gt;&lt;td&gt;0.74&lt;/td&gt;&lt;td&gt;0.81&lt;/td&gt;&lt;td&gt;0.73&lt;/td&gt;&lt;td&gt;0.81&lt;/td&gt;&lt;td&gt;0.68&lt;/td&gt;&lt;td&gt;0.77&lt;/td&gt;&lt;td&gt;0.46&lt;/td&gt;&lt;td&gt;0.55&lt;/td&gt;&lt;td&gt;0.84&lt;/td&gt;&lt;td&gt;0.91&lt;/td&gt;&lt;/tr&gt;&lt;tr&gt;&lt;td&gt;Turkey&lt;/td&gt;&lt;td&gt;Middle East Technical University&lt;/td&gt;&lt;td&gt;Turkish&lt;/td&gt;&lt;td&gt;181&lt;/td&gt;&lt;td&gt;65.7%&lt;/td&gt;&lt;td&gt;1992.4 (5)&lt;/td&gt;&lt;td&gt;0.83&lt;/td&gt;&lt;td&gt;0.86&lt;/td&gt;&lt;td&gt;0.89&lt;/td&gt;&lt;td&gt;0.91&lt;/td&gt;&lt;td&gt;0.89&lt;/td&gt;&lt;td&gt;0.91&lt;/td&gt;&lt;td&gt;0.86&lt;/td&gt;&lt;td&gt;0.93&lt;/td&gt;&lt;td&gt;0.93&lt;/td&gt;&lt;td&gt;0.95&lt;/td&gt;&lt;td&gt;0.90&lt;/td&gt;&lt;td&gt;0.92&lt;/td&gt;&lt;td&gt;0.92&lt;/td&gt;&lt;td&gt;0.94&lt;/td&gt;&lt;td&gt;0.94&lt;/td&gt;&lt;td&gt;0.97&lt;/td&gt;&lt;td&gt;0.89&lt;/td&gt;&lt;td&gt;0.92&lt;/td&gt;&lt;td&gt;0.51&lt;/td&gt;&lt;td&gt;0.60&lt;/td&gt;&lt;td&gt;0.92&lt;/td&gt;&lt;td&gt;0.95&lt;/td&gt;&lt;td&gt;0.78&lt;/td&gt;&lt;td&gt;0.89&lt;/td&gt;&lt;td&gt;0.73&lt;/td&gt;&lt;td&gt;0.80&lt;/td&gt;&lt;td&gt;0.77&lt;/td&gt;&lt;td&gt;0.85&lt;/td&gt;&lt;td&gt;0.52&lt;/td&gt;&lt;td&gt;0.54&lt;/td&gt;&lt;td&gt;0.86&lt;/td&gt;&lt;td&gt;0.93&lt;/td&gt;&lt;/tr&gt;&lt;tr&gt;&lt;td&gt;Norway&lt;/td&gt;&lt;td&gt;University of Oslo&lt;/td&gt;&lt;td&gt;Norwegian&lt;/td&gt;&lt;td&gt;85&lt;/td&gt;&lt;td&gt;69.4%&lt;/td&gt;&lt;td&gt;1992.3 (6.4)&lt;/td&gt;&lt;td&gt;0.81&lt;/td&gt;&lt;td&gt;0.85&lt;/td&gt;&lt;td&gt;0.87&lt;/td&gt;&lt;td&gt;0.91&lt;/td&gt;&lt;td&gt;0.84&lt;/td&gt;&lt;td&gt;0.87&lt;/td&gt;&lt;td&gt;0.87&lt;/td&gt;&lt;td&gt;0.91&lt;/td&gt;&lt;td&gt;0.95&lt;/td&gt;&lt;td&gt;0.96&lt;/td&gt;&lt;td&gt;0.90&lt;/td&gt;&lt;td&gt;0.92&lt;/td&gt;&lt;td&gt;0.94&lt;/td&gt;&lt;td&gt;0.95&lt;/td&gt;&lt;td&gt;0.94&lt;/td&gt;&lt;td&gt;0.96&lt;/td&gt;&lt;td&gt;0.86&lt;/td&gt;&lt;td&gt;0.90&lt;/td&gt;&lt;td&gt;0.70&lt;/td&gt;&lt;td&gt;0.76&lt;/td&gt;&lt;td&gt;0.87&lt;/td&gt;&lt;td&gt;0.91&lt;/td&gt;&lt;td&gt;0.79&lt;/td&gt;&lt;td&gt;0.85&lt;/td&gt;&lt;td&gt;0.66&lt;/td&gt;&lt;td&gt;0.79&lt;/td&gt;&lt;td&gt;0.70&lt;/td&gt;&lt;td&gt;0.79&lt;/td&gt;&lt;td&gt;0.60&lt;/td&gt;&lt;td&gt;0.69&lt;/td&gt;&lt;td&gt;0.87&lt;/td&gt;&lt;td&gt;0.91&lt;/td&gt;&lt;/tr&gt;&lt;tr&gt;&lt;td&gt;UK&lt;/td&gt;&lt;td&gt;University of Oxford&lt;/td&gt;&lt;td&gt;English&lt;/td&gt;&lt;td&gt;137&lt;/td&gt;&lt;td&gt;56.2%&lt;/td&gt;&lt;td&gt;1985.4 (13.5)&lt;/td&gt;&lt;td&gt;0.83&lt;/td&gt;&lt;td&gt;0.86&lt;/td&gt;&lt;td&gt;0.83&lt;/td&gt;&lt;td&gt;0.87&lt;/td&gt;&lt;td&gt;0.92&lt;/td&gt;&lt;td&gt;0.94&lt;/td&gt;&lt;td&gt;0.93&lt;/td&gt;&lt;td&gt;0.90&lt;/td&gt;&lt;td&gt;0.94&lt;/td&gt;&lt;td&gt;0.96&lt;/td&gt;&lt;td&gt;0.93&lt;/td&gt;&lt;td&gt;0.95&lt;/td&gt;&lt;td&gt;0.94&lt;/td&gt;&lt;td&gt;0.96&lt;/td&gt;&lt;td&gt;0.93&lt;/td&gt;&lt;td&gt;0.97&lt;/td&gt;&lt;td&gt;0.86&lt;/td&gt;&lt;td&gt;0.89&lt;/td&gt;&lt;td&gt;0.57&lt;/td&gt;&lt;td&gt;0.73&lt;/td&gt;&lt;td&gt;0.89&lt;/td&gt;&lt;td&gt;0.94&lt;/td&gt;&lt;td&gt;0.81&lt;/td&gt;&lt;td&gt;0.88&lt;/td&gt;&lt;td&gt;0.78&lt;/td&gt;&lt;td&gt;0.84&lt;/td&gt;&lt;td&gt;0.73&lt;/td&gt;&lt;td&gt;0.82&lt;/td&gt;&lt;td&gt;0.50&lt;/td&gt;&lt;td&gt;0.51&lt;/td&gt;&lt;td&gt;0.88&lt;/td&gt;&lt;td&gt;0.93&lt;/td&gt;&lt;/tr&gt;&lt;tr&gt;&lt;td&gt;Poland&lt;/td&gt;&lt;td&gt;SWPS University of Social Sciences and Humanities&lt;/td&gt;&lt;td&gt;Polish&lt;/td&gt;&lt;td&gt;136&lt;/td&gt;&lt;td&gt;86.8%&lt;/td&gt;&lt;td&gt;1986.2 (8.9)&lt;/td&gt;&lt;td&gt;0.86&lt;/td&gt;&lt;td&gt;0.88&lt;/td&gt;&lt;td&gt;0.87&lt;/td&gt;&lt;td&gt;0.90&lt;/td&gt;&lt;td&gt;0.90&lt;/td&gt;&lt;td&gt;0.92&lt;/td&gt;&lt;td&gt;0.91&lt;/td&gt;&lt;td&gt;0.94&lt;/td&gt;&lt;td&gt;0.90&lt;/td&gt;&lt;td&gt;0.97&lt;/td&gt;&lt;td&gt;0.88&lt;/td&gt;&lt;td&gt;0.97&lt;/td&gt;&lt;td&gt;0.91&lt;/td&gt;&lt;td&gt;0.93&lt;/td&gt;&lt;td&gt;0.95&lt;/td&gt;&lt;td&gt;0.98&lt;/td&gt;&lt;td&gt;0.90&lt;/td&gt;&lt;td&gt;0.91&lt;/td&gt;&lt;td&gt;0.38&lt;/td&gt;&lt;td&gt;0.48&lt;/td&gt;&lt;td&gt;0.92&lt;/td&gt;&lt;td&gt;0.95&lt;/td&gt;&lt;td&gt;0.82&lt;/td&gt;&lt;td&gt;0.87&lt;/td&gt;&lt;td&gt;0.69&lt;/td&gt;&lt;td&gt;0.76&lt;/td&gt;&lt;td&gt;0.64&lt;/td&gt;&lt;td&gt;0.74&lt;/td&gt;&lt;td&gt;0.56&lt;/td&gt;&lt;td&gt;0.60&lt;/td&gt;&lt;td&gt;0.88&lt;/td&gt;&lt;td&gt;0.93&lt;/td&gt;&lt;/tr&gt;&lt;tr&gt;&lt;td&gt;Portugal&lt;/td&gt;&lt;td&gt;University of Lusófona&lt;/td&gt;&lt;td&gt;Portuguese&lt;/td&gt;&lt;td&gt;21&lt;/td&gt;&lt;td&gt;33.3%&lt;/td&gt;&lt;td&gt;1984.1 (11.9)&lt;/td&gt;&lt;td&gt;0.71&lt;/td&gt;&lt;td&gt;0.85&lt;/td&gt;&lt;td&gt;0.76&lt;/td&gt;&lt;td&gt;0.85&lt;/td&gt;&lt;td&gt;0.94&lt;/td&gt;&lt;td&gt;0.91&lt;/td&gt;&lt;td&gt;0.88&lt;/td&gt;&lt;td&gt;0.93&lt;/td&gt;&lt;td&gt;0.87&lt;/td&gt;&lt;td&gt;0.97&lt;/td&gt;&lt;td&gt;0.86&lt;/td&gt;&lt;td&gt;0.97&lt;/td&gt;&lt;td&gt;0.74&lt;/td&gt;&lt;td&gt;0.95&lt;/td&gt;&lt;td&gt;0.98&lt;/td&gt;&lt;td&gt;0.98&lt;/td&gt;&lt;td&gt;0.80&lt;/td&gt;&lt;td&gt;0.91&lt;/td&gt;&lt;td&gt;0.21&lt;/td&gt;&lt;td&gt;0.48&lt;/td&gt;&lt;td&gt;0.89&lt;/td&gt;&lt;td&gt;0.94&lt;/td&gt;&lt;td&gt;0.71&lt;/td&gt;&lt;td&gt;0.84&lt;/td&gt;&lt;td&gt;0.54&lt;/td&gt;&lt;td&gt;0.85&lt;/td&gt;&lt;td&gt;0.59&lt;/td&gt;&lt;td&gt;0.74&lt;/td&gt;&lt;td&gt;0.55&lt;/td&gt;&lt;td&gt;0.73&lt;/td&gt;&lt;td&gt;0.90&lt;/td&gt;&lt;td&gt;0.94&lt;/td&gt;&lt;/tr&gt;&lt;tr&gt;&lt;td&gt;Serbia&lt;/td&gt;&lt;td&gt;University of Belgrade&lt;/td&gt;&lt;td&gt;Serbian&lt;/td&gt;&lt;td&gt;164&lt;/td&gt;&lt;td&gt;80.5%&lt;/td&gt;&lt;td&gt;1993.7 (4.9)&lt;/td&gt;&lt;td&gt;0.85&lt;/td&gt;&lt;td&gt;0.88&lt;/td&gt;&lt;td&gt;0.88&lt;/td&gt;&lt;td&gt;0.91&lt;/td&gt;&lt;td&gt;0.91&lt;/td&gt;&lt;td&gt;0.94&lt;/td&gt;&lt;td&gt;0.90&lt;/td&gt;&lt;td&gt;0.93&lt;/td&gt;&lt;td&gt;0.93&lt;/td&gt;&lt;td&gt;0.97&lt;/td&gt;&lt;td&gt;0.90&lt;/td&gt;&lt;td&gt;0.92&lt;/td&gt;&lt;td&gt;0.93&lt;/td&gt;&lt;td&gt;0.96&lt;/td&gt;&lt;td&gt;0.94&lt;/td&gt;&lt;td&gt;0.98&lt;/td&gt;&lt;td&gt;0.89&lt;/td&gt;&lt;td&gt;0.92&lt;/td&gt;&lt;td&gt;0.57&lt;/td&gt;&lt;td&gt;0.69&lt;/td&gt;&lt;td&gt;0.90&lt;/td&gt;&lt;td&gt;0.93&lt;/td&gt;&lt;td&gt;0.76&lt;/td&gt;&lt;td&gt;0.85&lt;/td&gt;&lt;td&gt;0.80&lt;/td&gt;&lt;td&gt;0.84&lt;/td&gt;&lt;td&gt;0.73&lt;/td&gt;&lt;td&gt;0.80&lt;/td&gt;&lt;td&gt;0.58&lt;/td&gt;&lt;td&gt;0.59&lt;/td&gt;&lt;td&gt;0.88&lt;/td&gt;&lt;td&gt;0.93&lt;/td&gt;&lt;/tr&gt;&lt;tr&gt;&lt;td&gt;Singapore&lt;/td&gt;&lt;td&gt;Singapore Management University&lt;/td&gt;&lt;td&gt;English&lt;/td&gt;&lt;td&gt;137&lt;/td&gt;&lt;td&gt;56.2%&lt;/td&gt;&lt;td&gt;1993.8 (1.5)&lt;/td&gt;&lt;td&gt;0.83&lt;/td&gt;&lt;td&gt;0.86&lt;/td&gt;&lt;td&gt;0.82&lt;/td&gt;&lt;td&gt;0.87&lt;/td&gt;&lt;td&gt;0.86&lt;/td&gt;&lt;td&gt;0.90&lt;/td&gt;&lt;td&gt;0.91&lt;/td&gt;&lt;td&gt;0.94&lt;/td&gt;&lt;td&gt;0.95&lt;/td&gt;&lt;td&gt;0.96&lt;/td&gt;&lt;td&gt;0.94&lt;/td&gt;&lt;td&gt;0.96&lt;/td&gt;&lt;td&gt;0.94&lt;/td&gt;&lt;td&gt;0.95&lt;/td&gt;&lt;td&gt;0.93&lt;/td&gt;&lt;td&gt;0.96&lt;/td&gt;&lt;td&gt;0.89&lt;/td&gt;&lt;td&gt;0.92&lt;/td&gt;&lt;td&gt;0.51&lt;/td&gt;&lt;td&gt;0.75&lt;/td&gt;&lt;td&gt;0.96&lt;/td&gt;&lt;td&gt;0.97&lt;/td&gt;&lt;td&gt;0.76&lt;/td&gt;&lt;td&gt;0.85&lt;/td&gt;&lt;td&gt;0.82&lt;/td&gt;&lt;td&gt;0.88&lt;/td&gt;&lt;td&gt;0.53&lt;/td&gt;&lt;td&gt;0.70&lt;/td&gt;&lt;td&gt;0.55&lt;/td&gt;&lt;td&gt;0.56&lt;/td&gt;&lt;td&gt;0.88&lt;/td&gt;&lt;td&gt;0.93&lt;/td&gt;&lt;/tr&gt;&lt;tr&gt;&lt;td&gt;UK&lt;/td&gt;&lt;td&gt;University of Southampton&lt;/td&gt;&lt;td&gt;English&lt;/td&gt;&lt;td&gt;6&lt;/td&gt;&lt;td&gt;50.0%&lt;/td&gt;&lt;td&gt;1992.2 (1.6)&lt;/td&gt;&lt;td&gt;0.83&lt;/td&gt;&lt;td&gt;0.99&lt;/td&gt;&lt;td&gt;/&lt;/td&gt;&lt;td&gt;/&lt;/td&gt;&lt;td&gt;0.48&lt;/td&gt;&lt;td&gt;0.90&lt;/td&gt;&lt;td&gt;0.77&lt;/td&gt;&lt;td&gt;0.94&lt;/td&gt;&lt;td&gt;0.97&lt;/td&gt;&lt;td&gt;0.96&lt;/td&gt;&lt;td&gt;0.97&lt;/td&gt;&lt;td&gt;0.96&lt;/td&gt;&lt;td&gt;0.98&lt;/td&gt;&lt;td&gt;0.95&lt;/td&gt;&lt;td&gt;0.98&lt;/td&gt;&lt;td&gt;0.96&lt;/td&gt;&lt;td&gt;0.80&lt;/td&gt;&lt;td&gt;0.92&lt;/td&gt;&lt;td&gt;0.59&lt;/td&gt;&lt;td&gt;0.75&lt;/td&gt;&lt;td&gt;0.70&lt;/td&gt;&lt;td&gt;0.97&lt;/td&gt;&lt;td&gt;0.93&lt;/td&gt;&lt;td&gt;0.99&lt;/td&gt;&lt;td&gt;0.92&lt;/td&gt;&lt;td&gt;0.95&lt;/td&gt;&lt;td&gt;0.89&lt;/td&gt;&lt;td&gt;0.98&lt;/td&gt;&lt;td&gt;0.56&lt;/td&gt;&lt;td&gt;0.90&lt;/td&gt;&lt;td&gt;0.74&lt;/td&gt;&lt;td&gt;0.93&lt;/td&gt;&lt;/tr&gt;&lt;tr&gt;&lt;td&gt;China&lt;/td&gt;&lt;td&gt;Tsinghua University&lt;/td&gt;&lt;td&gt;Mandarin&lt;/td&gt;&lt;td&gt;174&lt;/td&gt;&lt;td&gt;62.6%&lt;/td&gt;&lt;td&gt;1993.7 (6.4)&lt;/td&gt;&lt;td&gt;0.72&lt;/td&gt;&lt;td&gt;0.76&lt;/td&gt;&lt;td&gt;0.80&lt;/td&gt;&lt;td&gt;0.87&lt;/td&gt;&lt;td&gt;0.82&lt;/td&gt;&lt;td&gt;0.88&lt;/td&gt;&lt;td&gt;0.87&lt;/td&gt;&lt;td&gt;0.90&lt;/td&gt;&lt;td&gt;0.88&lt;/td&gt;&lt;td&gt;0.91&lt;/td&gt;&lt;td&gt;0.88&lt;/td&gt;&lt;td&gt;0.90&lt;/td&gt;&lt;td&gt;0.87&lt;/td&gt;&lt;td&gt;0.90&lt;/td&gt;&lt;td&gt;0.76&lt;/td&gt;&lt;td&gt;0.85&lt;/td&gt;&lt;td&gt;0.82&lt;/td&gt;&lt;td&gt;0.85&lt;/td&gt;&lt;td&gt;0.38&lt;/td&gt;&lt;td&gt;0.50&lt;/td&gt;&lt;td&gt;0.91&lt;/td&gt;&lt;td&gt;0.62&lt;/td&gt;&lt;td&gt;0.50&lt;/td&gt;&lt;td&gt;0.68&lt;/td&gt;&lt;td&gt;0.72&lt;/td&gt;&lt;td&gt;0.81&lt;/td&gt;&lt;td&gt;0.42&lt;/td&gt;&lt;td&gt;0.63&lt;/td&gt;&lt;td&gt;0.28&lt;/td&gt;&lt;td&gt;0.44&lt;/td&gt;&lt;td&gt;0.82&lt;/td&gt;&lt;td&gt;0.94&lt;/td&gt;&lt;/tr&gt;&lt;tr&gt;&lt;td&gt;US&lt;/td&gt;&lt;td&gt;University of California, Santa Barbara&lt;/td&gt;&lt;td&gt;English&lt;/td&gt;&lt;td&gt;108&lt;/td&gt;&lt;td&gt;68.5%&lt;/td&gt;&lt;td&gt;1995.8 (1.7)&lt;/td&gt;&lt;td&gt;0.85&lt;/td&gt;&lt;td&gt;0.88&lt;/td&gt;&lt;td&gt;0.82&lt;/td&gt;&lt;td&gt;0.88&lt;/td&gt;&lt;td&gt;0.87&lt;/td&gt;&lt;td&gt;0.91&lt;/td&gt;&lt;td&gt;0.90&lt;/td&gt;&lt;td&gt;0.94&lt;/td&gt;&lt;td&gt;0.93&lt;/td&gt;&lt;td&gt;0.95&lt;/td&gt;&lt;td&gt;0.94&lt;/td&gt;&lt;td&gt;0.96&lt;/td&gt;&lt;td&gt;0.92&lt;/td&gt;&lt;td&gt;0.94&lt;/td&gt;&lt;td&gt;0.94&lt;/td&gt;&lt;td&gt;0.97&lt;/td&gt;&lt;td&gt;0.90&lt;/td&gt;&lt;td&gt;0.92&lt;/td&gt;&lt;td&gt;0.54&lt;/td&gt;&lt;td&gt;0.68&lt;/td&gt;&lt;td&gt;0.90&lt;/td&gt;&lt;td&gt;0.94&lt;/td&gt;&lt;td&gt;0.80&lt;/td&gt;&lt;td&gt;0.88&lt;/td&gt;&lt;td&gt;0.86&lt;/td&gt;&lt;td&gt;0.90&lt;/td&gt;&lt;td&gt;0.66&lt;/td&gt;&lt;td&gt;0.78&lt;/td&gt;&lt;td&gt;0.50&lt;/td&gt;&lt;td&gt;0.54&lt;/td&gt;&lt;td&gt;0.86&lt;/td&gt;&lt;td&gt;0.93&lt;/td&gt;&lt;/tr&gt;&lt;tr&gt;&lt;td&gt;US&lt;/td&gt;&lt;td&gt;Virginia Commonwealth University&lt;/td&gt;&lt;td&gt;English&lt;/td&gt;&lt;td&gt;151&lt;/td&gt;&lt;td&gt;78.8%&lt;/td&gt;&lt;td&gt;1992.6 (4.7)&lt;/td&gt;&lt;td&gt;0.84&lt;/td&gt;&lt;td&gt;0.87&lt;/td&gt;&lt;td&gt;0.84&lt;/td&gt;&lt;td&gt;0.88&lt;/td&gt;&lt;td&gt;0.86&lt;/td&gt;&lt;td&gt;0.90&lt;/td&gt;&lt;td&gt;0.90&lt;/td&gt;&lt;td&gt;0.93&lt;/td&gt;&lt;td&gt;0.96&lt;/td&gt;&lt;td&gt;0.97&lt;/td&gt;&lt;td&gt;0.94&lt;/td&gt;&lt;td&gt;0.96&lt;/td&gt;&lt;td&gt;0.95&lt;/td&gt;&lt;td&gt;0.96&lt;/td&gt;&lt;td&gt;0.95&lt;/td&gt;&lt;td&gt;0.97&lt;/td&gt;&lt;td&gt;0.90&lt;/td&gt;&lt;td&gt;0.91&lt;/td&gt;&lt;td&gt;0.48&lt;/td&gt;&lt;td&gt;0.48&lt;/td&gt;&lt;td&gt;0.90&lt;/td&gt;&lt;td&gt;0.94&lt;/td&gt;&lt;td&gt;0.83&lt;/td&gt;&lt;td&gt;0.88&lt;/td&gt;&lt;td&gt;0.78&lt;/td&gt;&lt;td&gt;0.82&lt;/td&gt;&lt;td&gt;0.63&lt;/td&gt;&lt;td&gt;0.75&lt;/td&gt;&lt;td&gt;0.63&lt;/td&gt;&lt;td&gt;0.64&lt;/td&gt;&lt;td&gt;0.89&lt;/td&gt;&lt;td&gt;0.94&lt;/td&gt;&lt;/tr&gt;&lt;tr&gt;&lt;td&gt;Switzerland&lt;/td&gt;&lt;td&gt;University of Zürich&lt;/td&gt;&lt;td&gt;German&lt;/td&gt;&lt;td&gt;40&lt;/td&gt;&lt;td&gt;72.5%&lt;/td&gt;&lt;td&gt;1987.6 (8.7)&lt;/td&gt;&lt;td&gt;0.79&lt;/td&gt;&lt;td&gt;0.87&lt;/td&gt;&lt;td&gt;0.82&lt;/td&gt;&lt;td&gt;0.90&lt;/td&gt;&lt;td&gt;0.86&lt;/td&gt;&lt;td&gt;0.91&lt;/td&gt;&lt;td&gt;0.87&lt;/td&gt;&lt;td&gt;0.93&lt;/td&gt;&lt;td&gt;0.95&lt;/td&gt;&lt;td&gt;0.97&lt;/td&gt;&lt;td&gt;0.95&lt;/td&gt;&lt;td&gt;0.97&lt;/td&gt;&lt;td&gt;0.91&lt;/td&gt;&lt;td&gt;0.95&lt;/td&gt;&lt;td&gt;0.96&lt;/td&gt;&lt;td&gt;0.98&lt;/td&gt;&lt;td&gt;0.88&lt;/td&gt;&lt;td&gt;0.91&lt;/td&gt;&lt;td&gt;0.60&lt;/td&gt;&lt;td&gt;0.57&lt;/td&gt;&lt;td&gt;0.90&lt;/td&gt;&lt;td&gt;0.94&lt;/td&gt;&lt;td&gt;0.89&lt;/td&gt;&lt;td&gt;0.93&lt;/td&gt;&lt;td&gt;0.72&lt;/td&gt;&lt;td&gt;0.80&lt;/td&gt;&lt;td&gt;0.75&lt;/td&gt;&lt;td&gt;0.86&lt;/td&gt;&lt;td&gt;0.70&lt;/td&gt;&lt;td&gt;0.78&lt;/td&gt;&lt;td&gt;0.85&lt;/td&gt;&lt;td&gt;0.94&lt;/td&gt;&lt;/tr&gt;&lt;tr&gt;&lt;td/&gt;&lt;td&gt;
&lt;bold&gt;Total (multi-site)&lt;/bold&gt;
&lt;/td&gt;&lt;td/&gt;&lt;td&gt;1523&lt;/td&gt;&lt;td&gt;68.8%&lt;/td&gt;&lt;td&gt;1990.9 (8.4)&lt;/td&gt;&lt;td&gt;0.83&lt;/td&gt;&lt;td&gt;0.85&lt;/td&gt;&lt;td&gt;0.84&lt;/td&gt;&lt;td&gt;0.88&lt;/td&gt;&lt;td&gt;0.89&lt;/td&gt;&lt;td&gt;0.91&lt;/td&gt;&lt;td&gt;0.90&lt;/td&gt;&lt;td&gt;0.93&lt;/td&gt;&lt;td&gt;0.93&lt;/td&gt;&lt;td&gt;0.96&lt;/td&gt;&lt;td&gt;0.92&lt;/td&gt;&lt;td&gt;0.93&lt;/td&gt;&lt;td&gt;0.92&lt;/td&gt;&lt;td&gt;0.94&lt;/td&gt;&lt;td&gt;0.92&lt;/td&gt;&lt;td&gt;0.96&lt;/td&gt;&lt;td&gt;0.88&lt;/td&gt;&lt;td&gt;0.92&lt;/td&gt;&lt;td&gt;0.51&lt;/td&gt;&lt;td&gt;0.62&lt;/td&gt;&lt;td&gt;0.90&lt;/td&gt;&lt;td&gt;0.94&lt;/td&gt;&lt;td&gt;0.77&lt;/td&gt;&lt;td&gt;0.83&lt;/td&gt;&lt;td&gt;0.77&lt;/td&gt;&lt;td&gt;0.83&lt;/td&gt;&lt;td&gt;0.68&lt;/td&gt;&lt;td&gt;0.77&lt;/td&gt;&lt;td&gt;0.57&lt;/td&gt;&lt;td&gt;0.57&lt;/td&gt;&lt;td&gt;0.87&lt;/td&gt;&lt;td&gt;0.91&lt;/td&gt;&lt;/tr&gt;&lt;/tbody&gt;&lt;/table&gt;
</infon><offset>27250</offset><text>						Trait Self Control	Perceived Stress Scale	Nomophobia (with phone)	Nomophobia (onlineid)	ECR-R	ECR-R-Anxiety	ECR-R-Avoidance	Southampton Nostalgia Scale	TAS-DIDF	TAS-EOT	Home Attachment Scale	STRAQ-1 (High Temperature Sensitivity)	STRAQ-1 (Social Thermoregulation)	STRAQ-1 (Solitary Thermoregulation)	STRAQ-1 (Risk Avoidance)	Kama Muta Frequency Scale	 	Country	Site	Language	N	Female (%)	Birth year	α	ωt	α	ωt	α	ωt	α	ωt	α	ωt	α	ωt	α	ωt	α	ωt	α	ωt	α	ωt	α	ωt	α	ωt	α	ωt	α	ωt	α	ωt	α	ωt	 	Germany	University of Bamberg	German	42	69.0%	1982.1 (14.7)	0.81	0.87	0.92	0.94	0.89	0.87	0.92	0.95	0.96	0.97	0.95	0.96	0.93	0.95	0.90	0.96	0.91	0.89	0.48	0.69	0.86	0.91	0.85	0.90	0.73	0.85	0.70	0.81	0.62	0.64	0.85	0.93	 	Chile	University of Chile	Spanish	35	62.9%	1979.3 (13.2)	0.79	0.85	0.80	0.84	0.81	0.87	0.87	0.91	0.92	0.96	0.86	0.89	0.94	0.96	0.95	0.97	0.87	0.89	0.43	0.69	0.74	0.85	0.87	0.92	0.76	0.88	0.31	0.62	0.82	0.82	0.85	0.93	 	Germany	University of Kassel	German	106	69.8%	1990.3(7.8)	0.84	0.87	0.85	0.90	0.87	0.91	0.90	0.94	0.94	0.96	0.93	0.94	0.91	0.95	0.94	0.97	0.86	0.90	0.43	0.57	0.90	0.93	0.74	0.81	0.73	0.81	0.68	0.77	0.46	0.55	0.84	0.91	 	Turkey	Middle East Technical University	Turkish	181	65.7%	1992.4 (5)	0.83	0.86	0.89	0.91	0.89	0.91	0.86	0.93	0.93	0.95	0.90	0.92	0.92	0.94	0.94	0.97	0.89	0.92	0.51	0.60	0.92	0.95	0.78	0.89	0.73	0.80	0.77	0.85	0.52	0.54	0.86	0.93	 	Norway	University of Oslo	Norwegian	85	69.4%	1992.3 (6.4)	0.81	0.85	0.87	0.91	0.84	0.87	0.87	0.91	0.95	0.96	0.90	0.92	0.94	0.95	0.94	0.96	0.86	0.90	0.70	0.76	0.87	0.91	0.79	0.85	0.66	0.79	0.70	0.79	0.60	0.69	0.87	0.91	 	UK	University of Oxford	English	137	56.2%	1985.4 (13.5)	0.83	0.86	0.83	0.87	0.92	0.94	0.93	0.90	0.94	0.96	0.93	0.95	0.94	0.96	0.93	0.97	0.86	0.89	0.57	0.73	0.89	0.94	0.81	0.88	0.78	0.84	0.73	0.82	0.50	0.51	0.88	0.93	 	Poland	SWPS University of Social Sciences and Humanities	Polish	136	86.8%	1986.2 (8.9)	0.86	0.88	0.87	0.90	0.90	0.92	0.91	0.94	0.90	0.97	0.88	0.97	0.91	0.93	0.95	0.98	0.90	0.91	0.38	0.48	0.92	0.95	0.82	0.87	0.69	0.76	0.64	0.74	0.56	0.60	0.88	0.93	 	Portugal	University of Lusófona	Portuguese	21	33.3%	1984.1 (11.9)	0.71	0.85	0.76	0.85	0.94	0.91	0.88	0.93	0.87	0.97	0.86	0.97	0.74	0.95	0.98	0.98	0.80	0.91	0.21	0.48	0.89	0.94	0.71	0.84	0.54	0.85	0.59	0.74	0.55	0.73	0.90	0.94	 	Serbia	University of Belgrade	Serbian	164	80.5%	1993.7 (4.9)	0.85	0.88	0.88	0.91	0.91	0.94	0.90	0.93	0.93	0.97	0.90	0.92	0.93	0.96	0.94	0.98	0.89	0.92	0.57	0.69	0.90	0.93	0.76	0.85	0.80	0.84	0.73	0.80	0.58	0.59	0.88	0.93	 	Singapore	Singapore Management University	English	137	56.2%	1993.8 (1.5)	0.83	0.86	0.82	0.87	0.86	0.90	0.91	0.94	0.95	0.96	0.94	0.96	0.94	0.95	0.93	0.96	0.89	0.92	0.51	0.75	0.96	0.97	0.76	0.85	0.82	0.88	0.53	0.70	0.55	0.56	0.88	0.93	 	UK	University of Southampton	English	6	50.0%	1992.2 (1.6)	0.83	0.99	/	/	0.48	0.90	0.77	0.94	0.97	0.96	0.97	0.96	0.98	0.95	0.98	0.96	0.80	0.92	0.59	0.75	0.70	0.97	0.93	0.99	0.92	0.95	0.89	0.98	0.56	0.90	0.74	0.93	 	China	Tsinghua University	Mandarin	174	62.6%	1993.7 (6.4)	0.72	0.76	0.80	0.87	0.82	0.88	0.87	0.90	0.88	0.91	0.88	0.90	0.87	0.90	0.76	0.85	0.82	0.85	0.38	0.50	0.91	0.62	0.50	0.68	0.72	0.81	0.42	0.63	0.28	0.44	0.82	0.94	 	US	University of California, Santa Barbara	English	108	68.5%	1995.8 (1.7)	0.85	0.88	0.82	0.88	0.87	0.91	0.90	0.94	0.93	0.95	0.94	0.96	0.92	0.94	0.94	0.97	0.90	0.92	0.54	0.68	0.90	0.94	0.80	0.88	0.86	0.90	0.66	0.78	0.50	0.54	0.86	0.93	 	US	Virginia Commonwealth University	English	151	78.8%	1992.6 (4.7)	0.84	0.87	0.84	0.88	0.86	0.90	0.90	0.93	0.96	0.97	0.94	0.96	0.95	0.96	0.95	0.97	0.90	0.91	0.48	0.48	0.90	0.94	0.83	0.88	0.78	0.82	0.63	0.75	0.63	0.64	0.89	0.94	 	Switzerland	University of Zürich	German	40	72.5%	1987.6 (8.7)	0.79	0.87	0.82	0.90	0.86	0.91	0.87	0.93	0.95	0.97	0.95	0.97	0.91	0.95	0.96	0.98	0.88	0.91	0.60	0.57	0.90	0.94	0.89	0.93	0.72	0.80	0.75	0.86	0.70	0.78	0.85	0.94	 		Total (multi-site)		1523	68.8%	1990.9 (8.4)	0.83	0.85	0.84	0.88	0.89	0.91	0.90	0.93	0.93	0.96	0.92	0.93	0.92	0.94	0.92	0.96	0.88	0.92	0.51	0.62	0.90	0.94	0.77	0.83	0.77	0.83	0.68	0.77	0.57	0.57	0.87	0.91	 	</text></passage><passage><infon key="section_type">TABLE</infon><infon key="type">footnote</infon><offset>31461</offset><text>Publisher’s note: Springer Nature remains neutral with regard to jurisdictional claims in published maps and institutional affiliations.</text></passage><passage><infon key="section_type">TABLE</infon><infon key="type">title_1</infon><offset>31600</offset><text>ISA-Tab metadata</text></passage><passage><infon key="section_type">TABLE</infon><infon key="type">paragraph</infon><offset>31617</offset><text>is available for this paper at 10.1038/s41597-019-0029-2.</text></passage><passage><infon key="section_type">AUTH_CONT</infon><infon key="type">title</infon><offset>31675</offset><text>Author Contributions</text></passage><passage><infon key="section_type">AUTH_CONT</infon><infon key="type">paragraph</infon><offset>31696</offset><text>H.I.J. conceived of the idea (together with S.L.) and organized the project (together with R.C.V., I.D. and S.C.W.). C.P.H. and J.X.Y. prepared the data and codebooks, C.P.H. and H.I.J. wrote the paper. S.L. provided feedback on all steps of the process and wrote part of the paper. H.I.J., I.D., S.C.W., R.C.V., A.H.C., M.V.C., P.D., N.F., R.H., C.J.H., Y.H., J.J.G., D.L., L.B.L., M.P., K.G.R., D.R., S.S., C.S., M.S., D.S., J.K.B., R.B., M.H., F.J.G., T.W.B., A.S., B.S. and J.H.Z. facilitated local data collection (which included but was not limited to translation and back-translation of questionnaires, coordination of lab facilities or subject pools, and coordination with project leads about data collection) and provided critical feedback on the paper.</text></passage><passage><infon key="section_type">SUPPL</infon><infon key="type">title</infon><offset>32459</offset><text>Code Availability</text></passage><passage><infon key="section_type">SUPPL</infon><infon key="type">paragraph</infon><offset>32477</offset><text>All the R scripts for calculating the reliability of the scales used in the current datasets were available on OSF. We licensed the data under an Attribution-NonCommercial 4.0 International Creative Commons (CC BY-NC 4.0) license. The R packages used for processing the data were version 3.4.0 (2017-04-21). The packages used in generating current results as following: “tidyverse” (https://www.tidyverse.org/), “psych” (https://personality-project.org/r/psych/), and “foreign” (https://cran.r-project.org/package=foreign).</text></passage><passage><infon key="section_type">COMP_INT</infon><infon key="type">title_1</infon><offset>33013</offset><text>Competing Interests</text></passage><passage><infon key="section_type">COMP_INT</infon><infon key="type">paragraph</infon><offset>33033</offset><text>The authors declare no competing interests.</text></passage><passage><infon key="section_type">REF</infon><infon key="type">title</infon><offset>33077</offset><text>References</text></passage><passage><infon key="section_type">REF</infon><infon key="type">ref</infon><offset>33088</offset><text>Diamond, J. M. Guns, germs and steel: The fates of human societies (Norton, 1997).</text></passage><passage><infon key="section_type">REF</infon><infon key="type">ref</infon><offset>33172</offset><text>Pinker, S. How the mind works 1st edn (Norton, 1997).</text></passage><passage><infon key="fpage">541</infon><infon key="lpage">579</infon><infon key="name_0">surname:Gifford;given-names:R</infon><infon key="pub-id_doi">10.1146/annurev-psych-010213-115048</infon><infon key="pub-id_pmid">24050189</infon><infon key="section_type">REF</infon><infon key="source">Annu. Rev. Psychol.</infon><infon key="type">ref</infon><infon key="volume">65</infon><infon key="year">2014</infon><offset>33226</offset><text>Environmental Psychology Matters</text></passage><passage><infon key="section_type">REF</infon><infon key="type">ref</infon><offset>33259</offset><text>Barash, D. P. Sociobiology and behavior (Elsevier, 1977).</text></passage><passage><infon key="fpage">25</infon><infon key="lpage">53</infon><infon key="name_0">surname:Cronk;given-names:L</infon><infon key="pub-id_doi">10.1146/annurev.an.20.100191.000325</infon><infon key="section_type">REF</infon><infon key="source">Annu. Rev. Anthropol.</infon><infon key="type">ref</infon><infon key="volume">20</infon><infon key="year">1991</infon><offset>33318</offset><text>Human behavioral ecology</text></passage><passage><infon key="section_type">REF</infon><infon key="type">ref</infon><offset>33343</offset><text>Herskovits, M. J. Man and his works: the science of cultural anthropology (Knopf, 1949).</text></passage><passage><infon key="section_type">REF</infon><infon key="type">ref</infon><offset>33433</offset><text>Bowlby, J. Attachment and loss Vol. 1 (Basic Books, 1993).</text></passage><passage><infon key="fpage">161</infon><infon key="lpage">168</infon><infon key="name_0">surname:Harlow;given-names:HF</infon><infon key="name_1">surname:Suomi;given-names:SJ</infon><infon key="pub-id_doi">10.1037/h0029383</infon><infon key="pub-id_pmid">4984312</infon><infon key="section_type">REF</infon><infon key="source">Am. Psychol.</infon><infon key="type">ref</infon><infon key="volume">25</infon><infon key="year">1970</infon><offset>33493</offset><text>Nature of love: Simplified</text></passage><passage><infon key="fpage">890</infon><infon key="lpage">895</infon><infon key="name_0">surname:Wei;given-names:W</infon><infon key="pub-id_doi">10.1038/s41562-017-0240-0</infon><infon key="section_type">REF</infon><infon key="source">Nat Hum Behav</infon><infon key="type">ref</infon><infon key="volume">1</infon><infon key="year">2017</infon><offset>33520</offset><text>Regional ambient temperature is associated with human personality</text></passage><passage><infon key="fpage">e75</infon><infon key="name_0">surname:Van Lange;given-names:PAM</infon><infon key="name_1">surname:Rinderu;given-names:MI</infon><infon key="name_2">surname:Bushman;given-names:BJ</infon><infon key="pub-id_doi">10.1017/S0140525X16000406</infon><infon key="pub-id_pmid">27210865</infon><infon key="section_type">REF</infon><infon key="source">Behav Brain Sci</infon><infon key="type">ref</infon><infon key="volume">40</infon><infon key="year">2017</infon><offset>33586</offset><text>Aggression and violence around the world: A model of CLimate, Aggression, and Self-control in Humans (CLASH)</text></passage><passage><infon key="section_type">REF</infon><infon key="type">ref</infon><offset>33695</offset><text>IJzerman, H. et al. Does distance from the equator predict self-control? Lessons from the Human Penguin Project. Behav. Brain. Sci. 40 (2017).</text></passage><passage><infon key="fpage">997</infon><infon key="lpage">1002</infon><infon key="name_0">surname:Nuñez-Villegas;given-names:M</infon><infon key="name_1">surname:Bozinovic;given-names:F</infon><infon key="name_2">surname:Sabat;given-names:P</infon><infon key="pub-id_doi">10.1242/jeb.096164</infon><infon key="pub-id_pmid">24311802</infon><infon key="section_type">REF</infon><infon key="source">J. Exp. Biol.</infon><infon key="type">ref</infon><infon key="volume">217</infon><infon key="year">2014</infon><offset>33838</offset><text>Interplay between group size, huddling behavior and basal metabolism: an experimental approach in the social degu</text></passage><passage><infon key="fpage">871</infon><infon key="lpage">878</infon><infon key="name_0">surname:McFarland;given-names:R</infon><infon key="pub-id_doi">10.1111/1365-2656.12329</infon><infon key="pub-id_pmid">25581128</infon><infon key="section_type">REF</infon><infon key="source">J. Anim. Ecol.</infon><infon key="type">ref</infon><infon key="volume">84</infon><infon key="year">2015</infon><offset>33952</offset><text>Social integration confers thermal benefits in a gregarious primate</text></passage><passage><infon key="section_type">REF</infon><infon key="type">ref</infon><offset>34020</offset><text>IJzerman, H., &amp; Hogerzeil, L. J. In The Oxford Handbook of the Human Essence (ed. Zomeren, M. v. &amp; Dovidio, J. F.) Ch. 7 (Oxford Uni. Press, 2017).</text></passage><passage><infon key="fpage">e0156873</infon><infon key="name_0">surname:Inagaki;given-names:TK</infon><infon key="name_1">surname:Irwin;given-names:MR</infon><infon key="name_2">surname:Moieni;given-names:M</infon><infon key="name_3">surname:Jevtic;given-names:I</infon><infon key="name_4">surname:Eisenberger;given-names:NI</infon><infon key="section_type">REF</infon><infon key="source">PLoS ONE</infon><infon key="type">ref</infon><infon key="year">2016</infon><offset>34168</offset><text>A Pilot Study Examining Physical and Social Warmth: Higher (Non-Febrile) Oral Temperature Is Associated with Greater Feelings of Social Connection</text></passage><passage><infon key="section_type">REF</infon><infon key="type">ref</infon><offset>34315</offset><text>IJzerman, H. et al. A theory of social thermoregulation in human primates. Front. Psychol. 6 (2015).</text></passage><passage><infon key="fpage">68</infon><infon key="lpage">82</infon><infon key="name_0">surname:Ebersole;given-names:CR</infon><infon key="pub-id_doi">10.1016/j.jesp.2015.10.012</infon><infon key="section_type">REF</infon><infon key="source">J. Exp. Soc. Psychol.</infon><infon key="type">ref</infon><infon key="volume">67</infon><infon key="year">2016</infon><offset>34416</offset><text>Many Labs 3: Evaluating participant pool quality across the academic semester via replication</text></passage><passage><infon key="fpage">88</infon><infon key="lpage">90</infon><infon key="name_0">surname:IJzerman;given-names:H</infon><infon key="name_1">surname:Szymkow;given-names:A</infon><infon key="name_2">surname:Parzuchowski;given-names:M</infon><infon key="pub-id_doi">10.1016/j.jesp.2015.12.004</infon><infon key="section_type">REF</infon><infon key="source">J. Exp. Soc. Psychol.</infon><infon key="type">ref</infon><infon key="volume">67</infon><infon key="year">2016</infon><offset>34510</offset><text>Warmer hearts, and warmer, but noisier rooms: Communality does elicit warmth, but only for those in colder ambient temperatures — Commentary on Ebersole et al. (2016)</text></passage><passage><infon key="fpage">20</infon><infon key="lpage">27</infon><infon key="name_0">surname:Van Acker;given-names:BB</infon><infon key="name_1">surname:Kerselaers;given-names:K</infon><infon key="name_2">surname:Pantophlet;given-names:J</infon><infon key="name_3">surname:IJzerman;given-names:H</infon><infon key="pub-id_doi">10.1016/j.jesp.2015.10.008</infon><infon key="section_type">REF</infon><infon key="source">J. Exp. Soc. Psychol.</infon><infon key="type">ref</infon><infon key="volume">67</infon><infon key="year">2016</infon><offset>34679</offset><text>Homelike thermoregulation: How physical coldness makes an advertised house a home</text></passage><passage><infon key="fpage">349</infon><infon key="lpage">355</infon><infon key="name_0">surname:IJzerman;given-names:H</infon><infon key="pub-id_doi">10.1016/j.jesp.2018.08.008</infon><infon key="section_type">REF</infon><infon key="source">J. Exp. Soc. Psychol.</infon><infon key="type">ref</infon><infon key="volume">79</infon><infon key="year">2018</infon><offset>34761</offset><text>Socially thermoregulated thinking: How past experiences matter in thinking about our loved ones</text></passage><passage><infon key="fpage">37</infon><infon key="name_0">surname:IJzerman;given-names:H</infon><infon key="pub-id_doi">10.1525/collabra.165</infon><infon key="section_type">REF</infon><infon key="source">Temperature. Collabra. Psychol.</infon><infon key="type">ref</infon><infon key="volume">4</infon><infon key="year">2018</infon><offset>34857</offset><text>The Human Penguin Project: Climate, Social Integration, and Core Body</text></passage><passage><infon key="fpage">678</infon><infon key="lpage">684</infon><infon key="name_0">surname:Zhou;given-names:X</infon><infon key="name_1">surname:Wildschut;given-names:T</infon><infon key="name_2">surname:Sedikides;given-names:C</infon><infon key="name_3">surname:Chen;given-names:X</infon><infon key="name_4">surname:Vingerhoets;given-names:AJJM</infon><infon key="pub-id_doi">10.1037/a0027236</infon><infon key="pub-id_pmid">22390713</infon><infon key="section_type">REF</infon><infon key="source">Emotion</infon><infon key="type">ref</infon><infon key="volume">12</infon><infon key="year">2012</infon><offset>34927</offset><text>Heartwarming memories: Nostalgia maintains physiological comfort</text></passage><passage><infon key="fpage">390</infon><infon key="lpage">403</infon><infon key="name_0">surname:Barrett;given-names:FS</infon><infon key="pub-id_doi">10.1037/a0019006</infon><infon key="pub-id_pmid">20515227</infon><infon key="section_type">REF</infon><infon key="source">Emotion</infon><infon key="type">ref</infon><infon key="volume">10</infon><infon key="year">2010</infon><offset>34992</offset><text>Music-evoked nostalgia: Affect, memory, and personality</text></passage><passage><infon key="fpage">393</infon><infon key="lpage">395</infon><infon key="name_0">surname:Marazziti;given-names:D</infon><infon key="name_1">surname:Di Muro;given-names:A</infon><infon key="name_2">surname:Castrogiovanni;given-names:P</infon><infon key="pub-id_doi">10.1016/0031-9384(92)90290-I</infon><infon key="pub-id_pmid">1326118</infon><infon key="section_type">REF</infon><infon key="source">Physiol. Behav.</infon><infon key="type">ref</infon><infon key="volume">52</infon><infon key="year">1992</infon><offset>35048</offset><text>Psychological stress and body temperature changes in humans</text></passage><passage><infon key="fpage">447</infon><infon key="lpage">452</infon><infon key="name_0">surname:Cagnacci;given-names:A</infon><infon key="name_1">surname:Elliott;given-names:JA</infon><infon key="name_2">surname:Yen;given-names:SS</infon><infon key="pub-id_pmid">1639946</infon><infon key="section_type">REF</infon><infon key="source">J. Clin. Endocrinol. Metab.</infon><infon key="type">ref</infon><infon key="volume">75</infon><infon key="year">1992</infon><offset>35108</offset><text>Melatonin: a major regulator of the circadian rhythm of core temperature in humans</text></passage><passage><infon key="fpage">533</infon><infon key="lpage">536</infon><infon key="name_0">surname:Kaciuba-Uscilko;given-names:H</infon><infon key="name_1">surname:Grucza;given-names:R</infon><infon key="pub-id_doi">10.1097/00075197-200111000-00012</infon><infon key="pub-id_pmid">11706289</infon><infon key="section_type">REF</infon><infon key="source">Curr. Opin. Clin. Nutr. Metab. Care</infon><infon key="type">ref</infon><infon key="volume">4</infon><infon key="year">2001</infon><offset>35191</offset><text>Gender differences in thermoregulation</text></passage><passage><infon key="fpage">e104421</infon><infon key="name_0">surname:Henriksen;given-names:RE</infon><infon key="name_1">surname:Torsheim;given-names:T</infon><infon key="name_2">surname:Thuen;given-names:F</infon><infon key="pub-id_doi">10.1371/journal.pone.0104421</infon><infon key="pub-id_pmid">25105408</infon><infon key="section_type">REF</infon><infon key="source">PLoS ONE</infon><infon key="type">ref</infon><infon key="volume">9</infon><infon key="year">2014</infon><offset>35230</offset><text>Loneliness, social integration and consumption of sugar-containing beverages: testing the social baseline theory</text></passage><passage><infon key="fpage">271</infon><infon key="lpage">324</infon><infon key="name_0">surname:Tangney;given-names:JP</infon><infon key="name_1">surname:Baumeister;given-names:RF</infon><infon key="name_2">surname:Boone;given-names:AL</infon><infon key="pub-id_doi">10.1111/j.0022-3506.2004.00263.x</infon><infon key="pub-id_pmid">15016066</infon><infon key="section_type">REF</infon><infon key="source">J. Pers.</infon><infon key="type">ref</infon><infon key="volume">72</infon><infon key="year">2004</infon><offset>35343</offset><text>High self-control predicts good adjustment, less pathology, better grades, and interpersonal success</text></passage><passage><infon key="fpage">350</infon><infon key="lpage">365</infon><infon key="name_0">surname:Fraley;given-names:RC</infon><infon key="name_1">surname:Waller;given-names:NG</infon><infon key="name_2">surname:Brennan;given-names:KA</infon><infon key="pub-id_doi">10.1037/0022-3514.78.2.350</infon><infon key="pub-id_pmid">10707340</infon><infon key="section_type">REF</infon><infon key="source">J. Pers. Soc. Psychol.</infon><infon key="type">ref</infon><infon key="volume">78</infon><infon key="year">2000</infon><offset>35444</offset><text>An item response theory analysis of self-report measures of adult attachment</text></passage><passage><infon key="fpage">1083</infon><infon key="lpage">1090</infon><infon key="name_0">surname:Kooiman;given-names:CG</infon><infon key="name_1">surname:Spinhoven;given-names:P</infon><infon key="name_2">surname:Trijsburg;given-names:RW</infon><infon key="pub-id_doi">10.1016/S0022-3999(02)00348-3</infon><infon key="pub-id_pmid">12479990</infon><infon key="section_type">REF</infon><infon key="source">J. Psychosom. Res.</infon><infon key="type">ref</infon><infon key="volume">53</infon><infon key="year">2002</infon><offset>35521</offset><text>The assessment of alexithymia: A critical review of the literature and a psychometric study of the Toronto Alexithymia Scale-20</text></passage><passage><infon key="fpage">562</infon><infon key="lpage">571</infon><infon key="name_0">surname:Dotsch;given-names:R</infon><infon key="name_1">surname:Todorov;given-names:A</infon><infon key="pub-id_doi">10.1177/1948550611430272</infon><infon key="section_type">REF</infon><infon key="source">Perception. Soc. Psychol. Pers. Sci.</infon><infon key="type">ref</infon><infon key="volume">3</infon><infon key="year">2012</infon><offset>35649</offset><text>Reverse Correlating Social Face</text></passage><passage><infon key="section_type">REF</infon><infon key="type">ref</infon><offset>35681</offset><text>Vergara, R. C. et al. Development and Validation of the Social Thermoregulation and Risk Avoidance Questionnaire (STRAQ-1). Preprint at, https://psyarxiv.com/bm9ta/ (2018).</text></passage><passage><infon key="fpage">185</infon><infon key="lpage">216</infon><infon key="name_0">surname:Brislin;given-names:RW</infon><infon key="pub-id_doi">10.1177/135910457000100301</infon><infon key="section_type">REF</infon><infon key="source">Cross. Cult. Psychol.</infon><infon key="type">ref</infon><infon key="volume">1</infon><infon key="year">1970</infon><offset>35854</offset><text>Back-Translation for Cross-Cultural Research</text></passage><passage><infon key="fpage">1940</infon><infon key="lpage">1944</infon><infon key="name_0">surname:Cohen;given-names:S</infon><infon key="pub-id_doi">10.1001/jama.1997.03540480040036</infon><infon key="pub-id_pmid">9200634</infon><infon key="section_type">REF</infon><infon key="source">JAMA</infon><infon key="type">ref</infon><infon key="volume">277</infon><infon key="year">1997</infon><offset>35899</offset><text>Social ties and susceptibility to the common cold</text></passage><passage><infon key="fpage">385</infon><infon key="lpage">396</infon><infon key="name_0">surname:Cohen;given-names:S</infon><infon key="name_1">surname:Kamarck;given-names:T</infon><infon key="name_2">surname:Mermelstein;given-names:R</infon><infon key="pub-id_doi">10.2307/2136404</infon><infon key="pub-id_pmid">6668417</infon><infon key="section_type">REF</infon><infon key="source">J. Health. Soc. Behav.</infon><infon key="type">ref</infon><infon key="volume">24</infon><infon key="year">1983</infon><offset>35949</offset><text>A global measure of perceived stress</text></passage><passage><infon key="fpage">287</infon><infon key="lpage">301</infon><infon key="name_0">surname:Harris;given-names:PB</infon><infon key="name_1">surname:Brown;given-names:BB</infon><infon key="name_2">surname:Werner;given-names:CM</infon><infon key="pub-id_doi">10.1006/jevp.1996.0025</infon><infon key="section_type">REF</infon><infon key="source">J. Environ. Psychol.</infon><infon key="type">ref</infon><infon key="volume">16</infon><infon key="year">1996</infon><offset>35986</offset><text>Privacy regulation and place attachment: Predicting attachments to a student family housing facility</text></passage><passage><infon key="fpage">130</infon><infon key="lpage">137</infon><infon key="name_0">surname:Yildirim;given-names:C</infon><infon key="name_1">surname:Correia;given-names:A-P</infon><infon key="pub-id_doi">10.1016/j.chb.2015.02.059</infon><infon key="section_type">REF</infon><infon key="source">Comput. Hum. Behav.</infon><infon key="type">ref</infon><infon key="volume">49</infon><infon key="year">2015</infon><offset>36087</offset><text>Exploring the dimensions of nomophobia: Development and validation of a self-reported questionnaire</text></passage><passage><infon key="section_type">REF</infon><infon key="type">ref</infon><offset>36187</offset><text>Zickfeld, J. H. et al. Kama muta: Conceptualizing and measuring the experience often labelled being moved across 19 nations and 15 languages. Emotion (2018).</text></passage><passage><infon key="section_type">REF</infon><infon key="type">ref</infon><offset>36345</offset><text>Hu, C.-P. et al. Raw data from the Human Penguin Project. Open Science Framework. 10.17605/OSF.IO/H52D3 (2018).</text></passage><passage><infon key="fpage">370</infon><infon key="lpage">378</infon><infon key="name_0">surname:Flake;given-names:JK</infon><infon key="name_1">surname:Pek;given-names:J</infon><infon key="name_2">surname:Hehman;given-names:E</infon><infon key="pub-id_doi">10.1177/1948550617693063</infon><infon key="section_type">REF</infon><infon key="source"> Soc. Psychol. Pers. Sci.</infon><infon key="type">ref</infon><infon key="volume">8</infon><infon key="year">2017</infon><offset>36457</offset><text>Construct validation in social and personality research:Current practice and recommendations</text></passage><passage><infon key="section_type">REF</infon><infon key="type">ref</infon><offset>36550</offset><text>Vliert, E. v. &amp; Lindenberg, S. In Solidarity and Prosocial Behavior. An Integration of Sociological and Psychological Perspectives (ed. Fetchenhauer, D., Flache, A. Buunk, A.P. &amp; Lindenberg, S.) Ch. 13 (Springer, 2006).</text></passage><passage><infon key="section_type">REF</infon><infon key="type">ref</infon><offset>36770</offset><text>Koptjevskaja-Tamm, M. The linguistics of temperature (John Benjamins Publishing Company, 2015).</text></passage><passage><infon key="fpage">283</infon><infon key="lpage">288</infon><infon key="name_0">surname:Ijzerman;given-names:H</infon><infon key="section_type">REF</infon><infon key="source">Acta. Physiol.</infon><infon key="type">ref</infon><infon key="volume">140</infon><infon key="year">2012</infon><offset>36867</offset><text>Cold-blooded loneliness: Social exclusion leads to lower skin temperatures</text></passage><passage><infon key="fpage">498</infon><infon key="lpage">507</infon><infon key="name_0">surname:Romanovsky;given-names:AA</infon><infon key="pub-id_doi">10.1111/apha.12231</infon><infon key="section_type">REF</infon><infon key="source">Acta. Physiol.</infon><infon key="type">ref</infon><infon key="volume">210</infon><infon key="year">2014</infon><offset>36942</offset><text>Skin temperature: its role in thermoregulation</text></passage><passage><infon key="section_type">REF</infon><infon key="type">ref</infon><offset>36989</offset><text>Frederiks, K. et al. Mobile Social Physiology as the Future of Relationship Research and Therapy: Presentation of the Bio-App for Bonding (BAB). Preprint at, https://psyarxiv.com/xr8ma/ (2018).</text></passage></document></collection>
