<?xml version="1.0" encoding="UTF-8"?>
<!DOCTYPE collection SYSTEM "BioC.dtd">
<collection><source>PMC</source><date>20201221</date><key>pmc.key</key><document><id>6906410</id><infon key="license">CC BY</infon><passage><infon key="article-id_doi">10.1038/s41598-019-55359-5</infon><infon key="article-id_pmc">6906410</infon><infon key="article-id_pmid">31827189</infon><infon key="article-id_publisher-id">55359</infon><infon key="elocation-id">18789</infon><infon key="kwd">Evolutionary genetics Phylogenetics Computational biology and bioinformatics Genome informatics</infon><infon key="license">Open Access This article is licensed under a Creative Commons Attribution 4.0 International License, which permits use, sharing, adaptation, distribution and reproduction in any medium or format, as long as you give appropriate credit to the original author(s) and the source, provide a link to the Creative Commons license, and indicate if changes were made. The images or other third party material in this article are included in the article’s Creative Commons license, unless indicated otherwise in a credit line to the material. If material is not included in the article’s Creative Commons license and your intended use is not permitted by statutory regulation or exceeds the permitted use, you will need to obtain permission directly from the copyright holder. To view a copy of this license, visit http://creativecommons.org/licenses/by/4.0/.</infon><infon key="name_0">surname:Rödelsperger;given-names:Christian</infon><infon key="name_1">surname:Athanasouli;given-names:Marina</infon><infon key="name_2">surname:Lenuzzi;given-names:Maša</infon><infon key="name_3">surname:Theska;given-names:Tobias</infon><infon key="name_4">surname:Sun;given-names:Shuai</infon><infon key="name_5">surname:Dardiry;given-names:Mohannad</infon><infon key="name_6">surname:Wighard;given-names:Sara</infon><infon key="name_7">surname:Hu;given-names:Wen</infon><infon key="name_8">surname:Sharma;given-names:Devansh Raj</infon><infon key="name_9">surname:Han;given-names:Ziduan</infon><infon key="section_type">TITLE</infon><infon key="title">Subject terms</infon><infon key="type">front</infon><infon key="volume">9</infon><infon key="year">2019</infon><offset>0</offset><text>Crowdsourcing and the feasibility of manual gene annotation: A pilot study in the nematode Pristionchus pacificus</text></passage><passage><infon key="section_type">ABSTRACT</infon><infon key="type">abstract</infon><offset>114</offset><text>Nematodes such as Caenorhabditis elegans are powerful systems to study basically all aspects of biology. Their species richness together with tremendous genetic knowledge from C. elegans facilitate the evolutionary study of biological functions using reverse genetics. However, the ability to identify orthologs of candidate genes in other species can be hampered by erroneous gene annotations. To improve gene annotation in the nematode model organism Pristionchus pacificus, we performed a genome-wide screen for C. elegans genes with potentially incorrectly annotated P. pacificus orthologs. We initiated a community-based project to manually inspect more than two thousand candidate loci and to propose new gene models based on recently generated Iso-seq and RNA-seq data. In most cases, misannotation of C. elegans orthologs was due to artificially fused gene predictions and completely missing gene models. The community-based curation raised the gene count from 25,517 to 28,036 and increased the single copy ortholog completeness level from 86% to 97%. This pilot study demonstrates how even small-scale crowdsourcing can drastically improve gene annotations. In future, similar approaches can be used for other species, gene sets, and even larger communities thus making manual annotation of large parts of the genome feasible.</text></passage><passage><infon key="section_type">INTRO</infon><infon key="type">title_1</infon><offset>1451</offset><text>Introduction</text></passage><passage><infon key="section_type">INTRO</infon><infon key="type">paragraph</infon><offset>1464</offset><text>How well can biological knowledge be transferred across species? Are biological functions carried out by the same genes in different organisms? How fast do regulatory networks diverge? In order to address these fundamental questions, more than 20 years ago, the nematode Pristionchus pacificus has been introduced as a so-called “satellite” model organism to one of the most successful animal model systems, Caenorhabditis elegans. Since then, several comparative studies in developmental and ecological contexts have highlighted the importance of developmental system drift as a concept in evolution and have demonstrated that the divergence between Pristionchus and Caenorhabditis was accompanied by extensive chemical, genic, and morphological innovations. The establishment of multiple genetic and genomic tools and resources by Sommer and colleagues motivated an increasing number of independent groups to adapt P. pacificus as a model system for comparative studies at a mechanistic level. However, reverse genetic approaches based on candidate genes with known functions in C. elegans have been hampered not only by the huge amount of lineage-specific duplications, but also by missing and incorrect gene annotations. Traditionally, protein-coding genes are annotated by gene prediction algorithms that model general sequence features of transcription and translation start and end sites, as well as splicing signals. This can be complemented with evidence based approaches using transcriptomic and protein homology data. While automated annotation pipelines perform reasonably well to be useful for genetic screens and evolutionary genomic analyses, their outcomes by far do not meet the standards of the gene annotations from classical model organisms such as C. elegans, Drosophila melanogaster, and Mus musculus that have been curated over decades by a large research community. In order to make the P. pacificus system more tractable for researchers without extensive genomic and phylogenetic expertise, we need to minimize the discrepancy in gene annotation quality between C. elegans and P. pacificus. To this end, we employed an integrative approach using comparative genomic and transcriptomic data combined with crowdsourcing to improve the P. pacificus annotations of C. elegans homologs and orthologs. First, we carry out a comparative assessment of 22 nematode genomes and demonstrate that P. pacificus has one of the best available nematode genomes. Second, we perform a genomewide screen for C. elegans genes where homologs and orthologs are not or incorrectly annotated in the P. pacificus genome. Third, a community-based manual curation of suspicious gene models reveals thousands of hidden orthologs and missing homologs. This pilot study can be extended to even larger gene sets and communities possibly employing citizen scientists, which would raise the quality of gene annotations to the next level.</text></passage><passage><infon key="section_type">RESULTS</infon><infon key="type">title_1</infon><offset>4398</offset><text>Results</text></passage><passage><infon key="section_type">RESULTS</infon><infon key="type">title_2</infon><offset>4406</offset><text>The quality of nematode draft genomes is highly heterogeneous</text></passage><passage><infon key="file">41598_2019_55359_Fig1_HTML.jpg</infon><infon key="id">Fig1</infon><infon key="section_type">FIG</infon><infon key="type">fig_caption</infon><offset>4468</offset><text>Comparative assessment of nematode genome quality. Genomic data for 22 nematode species was obtained from WormBase ParaSite (release WBPS13) and evaluated based on completeness level of gene annotations and genome assembly contiguity. The barplots show the results of a benchmarking of single copy orthologs (BUSCO) analysis, the number of genes, genome sizes, number of scaffolds, and the N50 measure of assembly contiguity. The genome and annotations of P. pacificus exhibit an overall comparatively high quality. The schematic phylogeny is based on phylogenomic analysis of 108 nematodes, Roman numerals indicate phylostrata that are used for further analysis.</text></passage><passage><infon key="section_type">RESULTS</infon><infon key="type">paragraph</infon><offset>5133</offset><text>To obtain a general overview of the current status of nematode genome quality, we analyzed assemblies and gene annotations of 22 species (Fig. 1). The species were arbitrarily selected to span the diversity of the nematode phylum. We will further use this taxon sampling to perform an analysis of gene age, i.e. phylostratigraphic analysis where each phylostratum is defined by at least two outgroup species to minimize the effect of species-specific gene loss. Nematode genomes range in size between 43 and 320 Mb and contain between 11 and 37 thousand annotated protein-coding genes (Fig. 1). Analyses of assembly features and gene annotations indicate a wide range of qualitative variability. Some genomes are assembled and scaffolded to the level of chromosomes with high degrees of contiguity (the N50 value which is a measure of genome assembly contiguity is up to 29 Mb) whereas others are largely fragmented into up to 33 thousand scaffolds with N50 values below 0.1 Mb (Fig. 1). Similarly, analyses of completeness levels based on benchmarking univeral single copy orthologs (BUSCO) reveal substantial amount of either missing or duplicated genes and it is not totally clear to what extent these differences are of biological or technical nature. In the case of Diploscapter coronatus, the apparent high fraction of duplicated genes could either be explained by hybridization of two divergent lineages or a whole genome duplication. The genome of P. pacificus, which was generated by assembly from single-molecule, long-read sequencing data and scaffolding with the help of a genetic linkage map, shows one of the highest levels of contiguity (47 scaffolds, N50 = 24 Mb). Gene annotations were generated by the MAKER2 pipeline which combined gene prediction algorithms, transcriptome data, and protein homology data from other Pristionchus species. The completeness level of gene annotations (BUSCO completeness: 84%) is in the upper range when compared to most other nematode genomes (median 78%, interquartile range (IQR): 68–85%, Fig. 1). This demonstrates the relatively high quality of the current P. pacificus assembly and gene annotations.</text></passage><passage><infon key="section_type">RESULTS</infon><infon key="type">title_2</infon><offset>7309</offset><text>Complementary genome and transcriptomes reveal potentially missing gene models</text></passage><passage><infon key="file">Tab1.xml</infon><infon key="id">Tab1</infon><infon key="section_type">TABLE</infon><infon key="type">table_caption</infon><offset>7388</offset><text>Completeness analysis of different P. pacificus data set.</text></passage><passage><infon key="file">Tab1.xml</infon><infon key="id">Tab1</infon><infon key="section_type">TABLE</infon><infon key="type">table</infon><infon key="xml">&lt;?xml version=&quot;1.0&quot; encoding=&quot;UTF-8&quot;?&gt;
&lt;table frame=&quot;hsides&quot; rules=&quot;groups&quot;&gt;&lt;thead&gt;&lt;tr&gt;&lt;th rowspan=&quot;2&quot;&gt;Data set&lt;/th&gt;&lt;th colspan=&quot;4&quot;&gt;BUSCO (%)&lt;/th&gt;&lt;th rowspan=&quot;2&quot;&gt;Ref&lt;/th&gt;&lt;/tr&gt;&lt;tr&gt;&lt;th&gt;Complete&lt;break/&gt;Single Copy&lt;break/&gt;(+Duplicates)&lt;/th&gt;&lt;th&gt;Duplicate&lt;/th&gt;&lt;th&gt;Fragmented&lt;/th&gt;&lt;th&gt;Missing&lt;/th&gt;&lt;/tr&gt;&lt;/thead&gt;&lt;tbody&gt;&lt;tr&gt;&lt;td&gt;Genome assembly (El Paco assembly)&lt;/td&gt;&lt;td&gt;91.6 (92.9)&lt;/td&gt;&lt;td&gt;1.3&lt;/td&gt;&lt;td&gt;3.1&lt;/td&gt;&lt;td&gt;4.0&lt;/td&gt;&lt;td&gt;&lt;sup&gt;&lt;xref ref-type=&quot;bibr&quot; rid=&quot;CR15&quot;&gt;15&lt;/xref&gt;&lt;/sup&gt;&lt;/td&gt;&lt;/tr&gt;&lt;tr&gt;&lt;td&gt;El Paco annotation v1/WS268&lt;/td&gt;&lt;td&gt;84.0 (85.8)&lt;/td&gt;&lt;td&gt;1.8&lt;/td&gt;&lt;td&gt;4.3&lt;/td&gt;&lt;td&gt;9.9&lt;/td&gt;&lt;td&gt;&lt;sup&gt;&lt;xref ref-type=&quot;bibr&quot; rid=&quot;CR15&quot;&gt;15&lt;/xref&gt;&lt;/sup&gt;&lt;/td&gt;&lt;/tr&gt;&lt;tr&gt;&lt;td&gt;&lt;italic&gt;de novo&lt;/italic&gt; transcriptome assembly&lt;/td&gt;&lt;td&gt;59.1 (97.1)&lt;/td&gt;&lt;td&gt;38.0&lt;/td&gt;&lt;td&gt;2.6&lt;/td&gt;&lt;td&gt;0.3&lt;/td&gt;&lt;td&gt;&lt;sup&gt;&lt;xref ref-type=&quot;bibr&quot; rid=&quot;CR16&quot;&gt;16&lt;/xref&gt;&lt;/sup&gt;&lt;/td&gt;&lt;/tr&gt;&lt;tr&gt;&lt;td&gt;Iso-Seq assembly&lt;/td&gt;&lt;td&gt;48.0 (73.3)&lt;/td&gt;&lt;td&gt;25.3&lt;/td&gt;&lt;td&gt;10.9&lt;/td&gt;&lt;td&gt;15.8&lt;/td&gt;&lt;td&gt;&lt;sup&gt;&lt;xref ref-type=&quot;bibr&quot; rid=&quot;CR44&quot;&gt;44&lt;/xref&gt;&lt;/sup&gt;&lt;/td&gt;&lt;/tr&gt;&lt;tr&gt;&lt;td&gt;El Paco annotation v2&lt;/td&gt;&lt;td&gt;95.4 (97.1)&lt;/td&gt;&lt;td&gt;1.7&lt;/td&gt;&lt;td&gt;2.0&lt;/td&gt;&lt;td&gt;0.9&lt;/td&gt;&lt;td&gt;this study&lt;/td&gt;&lt;/tr&gt;&lt;/tbody&gt;&lt;/table&gt;
</infon><offset>7446</offset><text>Data set	BUSCO (%)	Ref	 	CompleteSingle Copy(+Duplicates)	Duplicate	Fragmented	Missing	 	Genome assembly (El Paco assembly)	91.6 (92.9)	1.3	3.1	4.0		 	El Paco annotation v1/WS268	84.0 (85.8)	1.8	4.3	9.9		 	de novo transcriptome assembly	59.1 (97.1)	38.0	2.6	0.3		 	Iso-Seq assembly	48.0 (73.3)	25.3	10.9	15.8		 	El Paco annotation v2	95.4 (97.1)	1.7	2.0	0.9	this study	 	</text></passage><passage><infon key="file">Tab1.xml</infon><infon key="id">Tab1</infon><infon key="section_type">TABLE</infon><infon key="type">table_foot</infon><offset>7818</offset><text>The high level of duplicates in the two transcriptomic data sets is due to the presence of isoforms.</text></passage><passage><infon key="section_type">RESULTS</infon><infon key="type">paragraph</infon><offset>7919</offset><text>The completeness analysis as implemented in the software BUSCO can also be applied to the raw genome assembly of P. pacificus. This yielded a combined completeness value of 93% (complete single copy and duplicates) as compared to 86% for the P. pacificus gene annotations and indicates towards the presence of incorrectly annotated or missing C. elegans orthologs in the genome of P. pacificus. Moreover, the fact that a recent de novo transcriptome assembly that was based on a strand-specific RNA-seq data set exhibited an even higher combined completeness level of 97% (Table 1) demonstrates even further room for improvement. Finally, single-molecule, long-read transcriptome sequencing data were recently generated for P. pacificus which allows a much more accurate definition of gene structures from reference alignments of single reads. However, neither transcriptomic data set was available when the existing gene annotations (version: El Paco annotation v1/WormBase release: WS268) were generated and they could still be used for further improvement.</text></passage><passage><infon key="file">41598_2019_55359_Fig2_HTML.jpg</infon><infon key="id">Fig2</infon><infon key="section_type">FIG</infon><infon key="type">fig_caption</infon><offset>8980</offset><text>Identification of missing genes. (a) 526 potentially missing genes were identified based on C. elegans genes with homologs in the transcriptome assembly but not in current gene annotations. (b) The 526 missing gene candidates were located in 486 P. pacificus loci that were classified based on community annotators. (c) The genome browser screenshot shows a homolog of C. elegans C29H12.2 which is located in the annotated 5′UTR of a P. pacificus gene. This locus harbors two P. pacificus transcripts with different expression levels and well supported as non-overlapping transcripts based on RNA-seq and Iso-seq data. (d) A homolog of apn-1 is completely missing from current gene annotations. </text></passage><passage><infon key="section_type">RESULTS</infon><infon key="type">paragraph</infon><offset>9681</offset><text>To systematically identify potentially missing genes in the P. pacificus genome, we searched for C. elegans genes lacking homologs in the current P. pacificus gene annotations (BLASTP e-value &lt; 10−5) but having a matching open reading frame in the de novo transcriptome assembly (Fig. 2a). While 12,504 (62%) C. elegans genes had BLASTP hits in both data sets, 634 (3%) C. elegans genes showed only BLASTP hits against the current gene annotations suggesting that these genes are properly annotated but are expressed so weakly that they were not captured in the transcriptome assembly of mixed-stage cultures. Similarly, we identified 526 (3%) C. elegans genes that were only found in the transcriptome assembly and therefore represent candidates for missing gene annotations.</text></passage><passage><infon key="section_type">RESULTS</infon><infon key="type">title_2</infon><offset>10465</offset><text>Community-based curation identifies missing genes in the P. pacificus genome</text></passage><passage><infon key="section_type">RESULTS</infon><infon key="type">paragraph</infon><offset>10542</offset><text>In order to improve the existing gene annotations, we chose to manually inspect and classify all 526 missing gene candidates in the P. pacificus genome browser (http://www.pristionchus.org). Thereby, we recruited and trained colleagues as community annotators, who would be capable to classify a genomic locus and to propose a correction to the existing gene models (see Methods). Lists of missing gene candidates were shared in online spreadsheets and documents, which allowed multiple annotators to inspect and correct candidate loci in parallel. 119 (25%) of the 486 non-redundant P. pacificus loci were classified as missing genes in predicted UTRs of annotated genes (Fig. 2b). We would speculate that this is caused by the fact that nematode genomes are compact and UTR regions can frequently overlap. This can cause artificial fusion of transcripts during the assembly of RNA-seq data. Consequently, only the largest ORF of such a gene is annotated as protein-coding and the rest is classified as 3′ and 5′ UTR. Alternatively, this problem could arise when a fused gene prediction from the sister species is used as homology information but MAKER2 fails to generate a complete gene model out of it. The C. elegans gene C29H12.2 is one example of a missing gene model residing in the UTR of a P. pacificus rars-2 homolog (Fig. 2c). The corresponding P. pacificus locus is spanned by two assembled transcripts that are homologous two C29H12.2 and rars-2, respectively. Both transcripts are also well supported by Iso-seq data and exhibit different expression levels. In such a case, we would propose a replacement of the old P. pacificus gene model by the two distinct transcripts.</text></passage><passage><infon key="section_type">RESULTS</infon><infon key="type">paragraph</infon><offset>12235</offset><text>After manual inspection of all 526 missing gene candidates, 201 (41%) of the 486 non-redundant P. pacificus loci were classified as missing genes (Fig. 2b). Presumably this kind of error could arise when the gene annotation pipeline is mostly dependent on gene prediction algorithms which fail to predict all genes in gene dense regions (e.g. operon structures) as the intergenic distances might span only a few hundred nucleotides, which could be too small for triggering the initiation of a new gene model. The C. elegans gene apn-1 is one example of a missed gene model in a gene dense region (Fig. 2d). Given that the P. pacificus homolog of apn-1 has good transcriptomic support, the correction in this case would simply add the transcript to the existing gene models. Other instances of missing homologs are due to borderline cases in the BLASTP searches where one search resulted in an e-value slightly below the e-value threshold (10−5) and the result of the other BLASTP search was slightly above the threshold. In total, we encountered 87 of such cases which we termed ‘weak similarity’ (Fig. 2b). For such cases no correction was proposed. In summary, we compiled corrections for 280 P. pacificus genes which were replaced by 714 new gene models. All these changes were submitted to WormBase and were incorporated in the release WS272.</text></passage><passage><infon key="section_type">RESULTS</infon><infon key="type">title_2</infon><offset>13593</offset><text>Artificial gene fusions mask thousands of hidden orthologs</text></passage><passage><infon key="file">41598_2019_55359_Fig3_HTML.jpg</infon><infon key="id">Fig3</infon><infon key="section_type">FIG</infon><infon key="type">fig_caption</infon><offset>13652</offset><text>Community-based curation of hidden orthologs. (a) We identified 2075 putative C. elegans one-to-one orthologs that were specific to the P. pacificus transcriptome assembly. (b) Community-based curation classified most of the corresponding gene loci as artificial gene fusions. (c) Non-overlapping transcripts corresponding to P. pacificus orthologs of mvb-12 and D1053.3 are artificially fused in a current gene model. This prohibits the detection of a one-to-one ortholog of D1053.3 based on a genome-wide approach such as best reciprocal hits.</text></passage><passage><infon key="section_type">RESULTS</infon><infon key="type">paragraph</infon><offset>14198</offset><text>A small number of C. elegans genes with missing homologs in the current gene annotations (version: El Paco v1/WS268) of P. pacificus were classified as located in fused gene models (Fig. 2b). One potential explanation could be that an artificially fused gene prediction from the sister species is taken as homology data to annotate the orthologous locus in P. pacificus, but small errors cause parts of the gene model to be either incompletely or incorrectly annotated in P. pacificus resulting in a loss of detectable homology (Fig. 2c). Even if the homolog of a C. elegans gene is incorporated in the correct ORF within an artificially fused gene model, this could still cause a loss of one-to-one orthology as the corresponding P. pacificus gene can only be identified as one-to-one ortholog of a single C. elegans gene. Thus, we performed a second screen for C. elegans genes that had a predicted one-to-one ortholog (best-reciprocal hit) in the transcriptome assembly but not in current gene annotations (Fig. 3a). In total, 6075 (93%) of C. elegans genes with a predicted one-to-one ortholog (based on best-reciprocal hits) in current gene annotations, also had a predicted one-to-one ortholog against the de novo transcriptome assembly (Fig. 3a). Nevertheless, we found 2075 C. elegans genes that only had predicted one-to-one orthologs in the de novo transcriptome assembly. Excluding C. elegans genes that were identified already in the previous screen for missing homologs, this resulted in 1692 C. elegans genes with predicted one-to-one orthologs in the de novo transcriptome assembly but not in the current set of gene annotations (version: El Paco v1/WS268). Community-based classification and curation of the 1281 corresponding P. pacificus loci classified 912 (71%) cases as artificial gene fusions (Fig. 3b). One such an example is the C. elegans gene D1053.3. Its putative ortholog is fused with the P. pacificus mvb-12 ortholog (Fig. 3c). Apart from being orthologous to two different C. elegans genes, both P. pacificus genes are supported as non-overlapping transcripts by RNA-seq and Iso-seq, and are expressed at different levels. This confirmed the interpretation of an artificially fused annotation. The proposed correction in this case would be a replacement of the old gene model by the two non-overlapping transcripts. In total, we updated 1241 P. pacificus gene models and replaced them with 3305 new models. These updates were submitted to WormBase and will be released following curation. The new P. pacifcus gene annotation (version: El Paco v2) with 28,036 gene models is also available on http://www.pristionchus.org/download. The results of the BUSCO analysis (Complete and Single Copy: 95.4%, Duplicated: 1.7%, Fragmented: 2.0%, Missing: 0.9%) indicate that the new annotation represents a substantial improvement over the previous annotations (Table 1).</text></passage><passage><infon key="section_type">RESULTS</infon><infon key="type">title_2</infon><offset>17100</offset><text>Improved gene annotations facilitate the establishment of a catalog of C. elegans homologs and orthologs in the P. pacificus genome</text></passage><passage><infon key="section_type">RESULTS</infon><infon key="type">paragraph</infon><offset>17232</offset><text>Since our primary focus was to improve the annotation of C. elegans orthologs in the P. pacificus genome, we wanted to use the updated gene annotation to generate a catalog of predicted orthologs between C. elegans and P. pacificus. As the identification of orthologs typically requires sufficient genomic and phylogenetic knowledge to retrieve relevant protein data sets and to perform reconstruction of gene trees, a genome-wide catalog of orthologs would be highly useful as a starting point for researchers without sufficient expertise. Previous comparisons between C. elegans and P. pacificus identified putative one-to-one orthologs for roughly 6000–8000 genes. To further characterize C. elegans genes without orthologs in P. pacificus, we additionally carried out a phylostratigraphic analysis to estimate their relative age. Basically, phylostratigraphy uses absence-presence patterns of a gene to map its origin to an internal branch in a species tree. Our analysis revealed that 5258 (26%) of C. elegans genes do not have BLAST hits in Pristionchus or more distantly related species (Phylostrata I–IV, Supplemental Table 1). This strongly suggests that they are younger than the common ancestor between C. elegans and P. pacificus and consequently have no orthologs. Next, we applied two different approaches to predict orthologs between C. elegans and P. pacificus: best reciprocal hits and Markov clustering as implemented in the software orthAgogue. Computation of best reciprocal hits is a standard approach for predicting one-to-one orthologs across species. In order to capture more complex orthology relationships (e.g. many-to-many), more general approaches such as Markov clustering have been widely applied. Based on best reciprocal hits, we identified 8348 predicted one-to-one orthologs between both species (Supplemental Table 1) whereas the orthAgogue pipeline identified 7643 orthologous clusters, of which only 3345 corresponded to one-to-one orthologs. The large majority (98%) of these predicted one-to-one orthologs was also identified as best reciprocal hits and in 3260 (99%) cases, the same P. pacificus gene was predicted as one-to-one ortholog. The large discrepancy between the total number of best reciprocal hits and one-to-one orthologs defined by orthAgogue could be explained by the fact that best reciprocal hits do not take inparalogs into account. However, only 1049 (21%) of C. elegans genes that were not identified as one-to-one orthologs by orthAgogue could be explained by the presence of lineage-specific inparalogs, suggesting that orthAgogue with default settings might be too conservative for this analysis. This is further supported by the reanalysis of 57 one-to-one orthologous pairs that were previously confirmed by phylogenetic analysis. While 53 of the previously confirmed one-to-one orthologs were captured as best reciprocal hits, only 33 were also identified by orthAgogue. Taken together, the improved gene annotation facilitated the prediction of substantially more one-to-one orthologs (Fig. 3a, Supplemental Table 1). This resource can be taken as a starting point to identify candidate genes in P. pacificus.</text></passage><passage><infon key="section_type">DISCUSS</infon><infon key="type">title_1</infon><offset>20418</offset><text>Discussion</text></passage><passage><infon key="section_type">DISCUSS</infon><infon key="type">paragraph</infon><offset>20429</offset><text>With C. elegans, C. briggsae, and P. pacificus, three genetically tractable and free living nematode model organisms have been well established and can be used to study the evolution of gene function at various time-scales. For example, recent reverse genetic approaches in P. pacificus have revealed functional divergence of genes with known roles in C. elegans dauer formation. In addition, mutant screens in P. pacificus for social behaviours have uncovered multiple orthologous C. elegans genes for which a behavioral phenotype had been overlooked previously. Together with complementary studies of the functional importance of novel genes, this makes nematodes an extremely powerful system to study genome evolution and gene function at a mechanistic level.</text></passage><passage><infon key="section_type">DISCUSS</infon><infon key="type">paragraph</infon><offset>21192</offset><text>In order to facilitate fruitful functional studies across multiple model organisms, it is crucial to generate genomic resources (e.g. assemblies, annotations) and experimental genetic toolkits (e.g. forward and reverse genetics) of comparable quality. The chromosome-scale assembly of the P. pacificus genome was a major step towards making this species more tractable for other groups. In our study, we aimed to minimize the discrepancy between automatically generated gene annotations for P. pacificus and heavily curated annotations for C. elegans. To this end, we incorporated recently generated Iso-seq and RNA-seq data into current gene annotations by manual curation of suspicious candidate loci that were identified by comparative genomic analysis. While application of alternative annotation pipelines can generate overall better gene annotations, they cannot guarantee that gene annotations will only improve. In certain cases, new annotation pipelines will also cause new errors. In contrast, during manual inspection, each community curator has the choice to not propose any change of gene models in case of uncertainty. Thus, manual inspection should only lead to removal of errors and thus improve annotation quality without introducing biases elsewhere. While manual annotation is an incredibly tedious task that is probably not scalable to complete genomes, we minimized the workload by focusing on a small gene set of C. elegans orthologs, recruiting colleagues as community curators, and restricting the task just to the selection of alternative gene models that were generated from transcriptomic data or previous rounds of gene prediction. In our opinion, the most crucial aspect of this community project is a good training of new annotators. We achieved this by personal training sessions between experienced and new annotators and the possibility to always discuss cases of uncertainty with other curators. For larger projects, initial training could be achieved by comprehensive online tutorials and communication via email, but this will likely be less efficient. In the case of the P. pacificus gene annotations, our study raised the gene count from 25,517 to 28,036 and increased the single copy ortholog completeness level from 86% to 97%. In the P. pacificus genome, the greatest source of error was the artificial fusion of neighboring genes. This type of error might be more prevalent in nematodes where genomes are compact and genes frequently overlap. Consequently, manual annotation of restricted gene sets has been proposed and applied previously to circumvent this problem. Given that nematode genomes tend to be pretty compact (Fig. 1), we anticipate that misannotation due to overlapping gene models should be much less pronounced in large vertebrate or plant genomes. Nevertheless, it would be interesting to apply similar screens for gene annotation artifacts to other systems and eventually this could reveal some incorrect annotations in the genomes of classical model organisms.</text></passage><passage><infon key="section_type">DISCUSS</infon><infon key="type">paragraph</infon><offset>24215</offset><text>While this study was restricted to P. pacificus genes with putative orthologs in C. elegans, we cannot reliably estimate the fraction of erroneous gene models across the whole genome. Our results would suggest that the fraction of missing genes is around one percent (Fig. 2a,b) and the amount of gene models affected by artificial fusions may be up to 15% (Fig. 3a). However, as the P. pacificus genome has a higher gene density and a higher concentration of old genes at the chromosome centers, we hypothesize that errors due to artificial gene fusions should be much less pronounced at chromosome arms. To test this, an unbiased quantification of error rates across genomic segments would be needed. In future, we also plan to focus on large gene families and lineage-specific orphan genes that were not explicit subjects of this study. Artificial fusions in these classes of genes could be identified by screens for unexpectedly long gene models or unusual protein domain content. For orphan genes abundant RNA-seq studies of different developmental stages, tissues, environmental conditions, sexes, and genetic backgrounds could be used to detect non-overlapping transcripts that exhibit anticorrelated expression within a single locus. Thus, while our study has demonstrated that community-based curation of gene annotations is feasible and can lead to substantial improvements, continued effort is needed to lift its quality to a level that would be similar to classical model organisms.</text></passage><passage><infon key="section_type">METHODS</infon><infon key="type">title_1</infon><offset>25712</offset><text>Methods</text></passage><passage><infon key="section_type">METHODS</infon><infon key="type">title_2</infon><offset>25720</offset><text>Comparative assessment of nematode genomes</text></passage><passage><infon key="section_type">METHODS</infon><infon key="type">paragraph</infon><offset>25763</offset><text>We downloaded 22 nematode genomes and corresponding protein sequences from WormBase ParaSite (release WBPS13). For Steinernema carpocapsae, the latest version at WBPS14 was used. In case of multiple isoforms, we selected the longest isoform for further analysis. We ran BUSCO (version 3.0.1) in protein mode (option: -m prot) against the nematode_odb9 data set (N = 982 genes) to evaluate the completeness level of available protein sequences.</text></passage><passage><infon key="section_type">METHODS</infon><infon key="type">title_2</infon><offset>26211</offset><text>Genome browser integration of transcriptomic resources</text></passage><passage><infon key="section_type">METHODS</infon><infon key="type">paragraph</infon><offset>26266</offset><text>To allow community annotators to propose alternative gene models, we integrated recent raw read alignments and reference guided transcript assemblies of Iso-seq data and a de novo assembly of strand-specific RNA-seq data into our genome browser (implemented in jbrowse) on our webserver (http://www.pristionchus.org). Genomic coordinates for the de novo transcriptome assembly were generated by alignment to the P. pacificus reference genome (version El Paco) with the program exonerate (version: 2.2.0, options: -m est2genome – dnawordlen 20 – maxintron 20000). To reduce the complexity of this data set, a condensed version of the de novo transcriptome assembly (selection of the isoform with the longest ORF as single representative isoform per gene, minimum peptide length of 60 amino acids, removal of single exon transcripts) with annotated best-reciprocal hits and best hits (BLASTP, e-value &lt; 10−5) in C. elegans was also incorporated into our jbrowse instance. In addition, predicted protein sequences of previous versions of P. pacificus annotations (Hybrid1 and TAU2011) were mapped against the P. pacificus assembly by exonerate (version: 2.2.0, options: -m protein2genome – dnawordlen 20 – maxintron 20000). All data sets are available under the gene annotation track of the El Paco reference assembly in our genome browser. To evaluate the quality of the two recent transcriptome assemblies, we ran BUSCO (version 3.0.1, options -m trans) against the nematode_odb9 data set (N = 982 genes) for completeness assessment (Table 1).</text></passage><passage><infon key="section_type">METHODS</infon><infon key="type">title_2</infon><offset>27844</offset><text>Identification of missing and fused gene models in current gene annotations</text></passage><passage><infon key="section_type">METHODS</infon><infon key="type">paragraph</infon><offset>27920</offset><text>We ran bidirectional BLASTP (e-value &lt; 10−5) searches between C. elegans (version: WS260, longest isoform per gene) and two different P. pacificus data sets: the annotated proteins (version: El Paco v1, WS268) and the de novo transcriptome assembly. For the de novo transcriptome, we reduced the redundancy resulting from different isoforms by selecting the longest ORFs per gene. Based on the different BLASTP searches, we first screened for C. elegans proteins with BLASTP hits against ORFs in the de novo transcriptome assembly but not against the currently annotated proteins. This yielded 526 candidate genes. In a second phase, we screened for C. elegans proteins with putative orthologs, defined by best-reciprocal BLASTP relationships, in the de novo transcriptome assembly but not in the annotated proteins, resulting in 2075 candidate genes.</text></passage><passage><infon key="section_type">METHODS</infon><infon key="type">title_2</infon><offset>28778</offset><text>Community-based manual curation of candidate loci</text></passage><passage><infon key="section_type">METHODS</infon><infon key="type">paragraph</infon><offset>28828</offset><text>All C. elegans genes together with their candidate homologs and orthologs in the P. pacificus de novo transcriptome assembly were stored in a shared online spreadsheet. Community annotators were trained to find the corresponding locus in the genome browser by entering the transcript identifier and to manually inspect the surrounding regions that were defined by the encompassing P. pacificus gene model. The candidate locus was then classified as untranslated region (UTR) (the query transcript overlapped exons that were annotated as UTR), missing gene (the query transcript did not overlap any annotated exon), gene fusion (the query transcript did overlap protein-coding exons and homology was detected by BLASTP), misannotation (the query transcript did overlap protein-coding exons but no BLASTP hit was found due incorrect reading frame annotation or minimal overlap) or inconclusive. After classification, a correction was proposed that either added new genes (identifiers could be selected from the de novo assembled transcripts, Iso-seq assemblies, or previous versions of gene annotations) or replaced an existing gene model by one or more new genes. In such a case the objective was to lose as little annotated coding sequence as possible. Thus, new genes were selected from the above mentioned data set in order to cover as much coding sequence of the initial gene model as possible. If parts of the old gene model were not covered, BLAST searches against C. elegans and other Pristionchus species were used to split the old gene model into several parts with sequence matches to distinct C. elegans genes, or to extract partial protein sequences of the old gene model that were not covered. Such protein sequence stretches were given a pseudo identifier and were stored in a shared online document. All these sequences were later automatically reannotated by mapping them against the reference genome with the help of exonerate. In case that an existing gene model was replaced by multiple new gene models, we additionally selected one of the new gene models to inherit the WormBase identifier of the old gene model to allow WormBase to record the history of a given gene model. Usually, either the most conserved or the longest new gene model was chosen. Due to the fact that a single artificially fused gene could cause missing homologs and orthologs for multiple C. elegans genes, some loci were curated multiple times. We randomly picked some of these cases to compare the classifications and the corresponding corrections from multiple curators, which turned out to be largely consistent. In case of redundant curations, one out of many possible curations for a given locus was chosen based on the following criteria: preference towards higher number of new models, experience of the curator (number of curated loci), and transcriptional evidence over gene prediction.</text></passage><passage><infon key="section_type">METHODS</infon><infon key="type">title_2</infon><offset>31717</offset><text>Phylostratigraphy and orthology predictions</text></passage><passage><infon key="section_type">METHODS</infon><infon key="type">paragraph</infon><offset>31761</offset><text>Outgroup data sets were defined by concatenating all protein sequence data from different species in the ladder-like phylogeny leading to C. elegans (Fig. 1). More precisely, we pooled all data from species in an induced subtree defined by branches with roman numbers in Fig. 1. We then ran a BLASTP search (e-value &lt; 0.001) of C. elegans proteins (longest isoform per gene) against each of the outgroup data sets. Starting from the C. elegans genes with homologs in the most distant outgroup set (VIII), we iteratively defined phylostrata by comparison with the next, more closely related outgroup set. The results of this analysis are summarized in Supplemental Table 1. C. elegans specific genes are assigned to phylostratum I, whereas genes that are present in the most divergent outgroups are assigned to phylostratum VIII. Orthologs were defined after performing all pairwise BLASTP searches including self-searches (e-value &lt; 10−5) between C. elegans and P. pacificus and extracting best reciprocal hits from the BLAST output files. Simultaneously, the program orthAgogue was run with default setting on the same input files.</text></passage><passage><infon key="section_type">SUPPL</infon><infon key="type">title_1</infon><offset>32907</offset><text>Supplementary information</text></passage><passage><infon key="section_type">SUPPL</infon><infon key="type">footnote</infon><offset>32933</offset><text>Publisher’s note Springer Nature remains neutral with regard to jurisdictional claims in published maps and institutional affiliations.</text></passage><passage><infon key="section_type">SUPPL</infon><infon key="type">title_1</infon><offset>33071</offset><text>Supplementary information</text></passage><passage><infon key="section_type">SUPPL</infon><infon key="type">paragraph</infon><offset>33097</offset><text>is available for this paper at 10.1038/s41598-019-55359-5.</text></passage><passage><infon key="section_type">AUTH_CONT</infon><infon key="type">title</infon><offset>33156</offset><text>Author contributions</text></passage><passage><infon key="section_type">AUTH_CONT</infon><infon key="type">paragraph</infon><offset>33177</offset><text>Conceptualization, C.R.; Investigation, C.R., M.A., M.L., T.T., S.S., M.D., S.W., W.H., D.R.S. and Z.H.; Writing – Original Draft, C.R.; Writing – Review &amp; Editing, C.R., M.A., M.L., T.T., S.S., M.D., S.W., W.H., D.R.S. and Z.H.; Supervision, C.R.</text></passage><passage><infon key="section_type">SUPPL</infon><infon key="type">title</infon><offset>33429</offset><text>Data availability</text></passage><passage><infon key="section_type">SUPPL</infon><infon key="type">paragraph</infon><offset>33447</offset><text>The strand-specific de novo transcriptome was submitted to the European Nucleotide Archive under the accession HAKN01000001 and the Iso-seq data was submitted to the European Nucleotide Archive under the accessions ERX2315712 and ERX2315713. All data sets are also available at http://www.pristionchus.org/download. The initial set of P. pacificus gene annotations corresponds to WormBase WS268. Corrections from this study were submitted to WormBase and will be released following curation.</text></passage><passage><infon key="section_type">COMP_INT</infon><infon key="type">title</infon><offset>33939</offset><text>Competing interests</text></passage><passage><infon key="section_type">COMP_INT</infon><infon key="type">paragraph</infon><offset>33959</offset><text>The authors declare no competing interests.</text></passage><passage><infon key="section_type">REF</infon><infon key="type">title</infon><offset>34003</offset><text>References</text></passage><passage><infon key="fpage">511</infon><infon key="lpage">521</infon><infon key="name_0">surname:Sommer;given-names:RJ</infon><infon key="name_1">surname:Carta;given-names:LK</infon><infon key="name_2">surname:Kim;given-names:S-Y</infon><infon key="name_3">surname:Sternberg;given-names:PW</infon><infon key="section_type">REF</infon><infon key="source">Fundam. Appl. Nematol.</infon><infon key="type">ref</infon><infon key="volume">19</infon><infon key="year">1996</infon><offset>34014</offset><text>Morphological, genetic and molecular description of Pristionchus pacificus sp. n. (Nematoda: Neodiplogastridae)</text></passage><passage><infon key="section_type">REF</infon><infon key="type">ref</infon><offset>34126</offset><text>Sternberg, P. W. Why Caenorhabditis elegans is great and Pristionchus pacificus might be better. In Pristionchus pacificus (ed. Sommer, R. J.) 11, 1–17 (BRILL).</text></passage><passage><infon key="fpage">79</infon><infon key="lpage">91</infon><infon key="name_0">surname:Sommer;given-names:RJ</infon><infon key="pub-id_doi">10.1007/978-1-4614-3567-9_4</infon><infon key="pub-id_pmid">22821454</infon><infon key="section_type">REF</infon><infon key="source">Adv. Exp. Med. Biol.</infon><infon key="type">ref</infon><infon key="volume">751</infon><infon key="year">2012</infon><offset>34289</offset><text>Evolution of regulatory networks: nematode vulva induction as an example of developmental systems drift</text></passage><passage><infon key="fpage">12438</infon><infon key="lpage">12443</infon><infon key="name_0">surname:Bose;given-names:N</infon><infon key="pub-id_doi">10.1002/anie.201206797</infon><infon key="pub-id_pmid">23161728</infon><infon key="section_type">REF</infon><infon key="source">Angew. Chem. Int. Ed Engl.</infon><infon key="type">ref</infon><infon key="volume">51</infon><infon key="year">2012</infon><offset>34393</offset><text>Complex small-molecule architectures regulate phenotypic plasticity in a nematode</text></passage><passage><infon key="fpage">1648</infon><infon key="lpage">1651</infon><infon key="name_0">surname:Yim;given-names:JJ</infon><infon key="name_1">surname:Bose;given-names:N</infon><infon key="name_2">surname:Meyer;given-names:JM</infon><infon key="name_3">surname:Sommer;given-names:RJ</infon><infon key="name_4">surname:Schroeder;given-names:FC</infon><infon key="pub-id_doi">10.1021/acs.orglett.5b00329</infon><infon key="pub-id_pmid">25782998</infon><infon key="section_type">REF</infon><infon key="source">Org. Lett.</infon><infon key="type">ref</infon><infon key="volume">17</infon><infon key="year">2015</infon><offset>34475</offset><text>Nematode signaling molecules derived from multimodular assembly of primary metabolic building blocks</text></passage><passage><infon key="fpage">787</infon><infon key="lpage">796.e12</infon><infon key="name_0">surname:Falcke;given-names:JM</infon><infon key="pub-id_doi">10.1016/j.chembiol.2018.04.004</infon><infon key="pub-id_pmid">29779955</infon><infon key="section_type">REF</infon><infon key="source">Cell Chem Biol</infon><infon key="type">ref</infon><infon key="volume">25</infon><infon key="year">2018</infon><offset>34576</offset><text>Linking genomic and metabolomic natural variation uncovers nematode pheromone biosynthesis</text></passage><passage><infon key="fpage">e1005146</infon><infon key="name_0">surname:Mayer;given-names:MG</infon><infon key="name_1">surname:Rödelsperger;given-names:C</infon><infon key="name_2">surname:Witte;given-names:H</infon><infon key="name_3">surname:Riebesell;given-names:M</infon><infon key="name_4">surname:Sommer;given-names:RJ</infon><infon key="pub-id_doi">10.1371/journal.pgen.1005146</infon><infon key="pub-id_pmid">26087034</infon><infon key="section_type">REF</infon><infon key="source">PLoS Genet.</infon><infon key="type">ref</infon><infon key="volume">11</infon><infon key="year">2015</infon><offset>34667</offset><text>The orphan gene dauerless regulates dauer development and intraspecific competition in nematodes by copy number variation</text></passage><passage><infon key="fpage">1664</infon><infon key="lpage">1674</infon><infon key="name_0">surname:Prabh;given-names:N</infon><infon key="pub-id_doi">10.1101/gr.234971.118</infon><infon key="pub-id_pmid">30232197</infon><infon key="section_type">REF</infon><infon key="source">Genome Res.</infon><infon key="type">ref</infon><infon key="volume">28</infon><infon key="year">2018</infon><offset>34789</offset><text>Deep taxon sampling reveals the evolutionary dynamics of novel gene families in Pristionchus nematodes</text></passage><passage><infon key="section_type">REF</infon><infon key="type">ref</infon><offset>34892</offset><text>Rödelsperger, C., Streit, A. &amp; Sommer, R. J. Structure, function and evolution of the nematode genome. In: eLS. John Wiley &amp; Sons, Ltd: Chichester, 10.1002/9780470015902.a0024603 (2013).</text></passage><passage><infon key="fpage">142</infon><infon key="name_0">surname:Lightfoot;given-names:JW</infon><infon key="name_1">surname:Chauhan;given-names:VM</infon><infon key="name_2">surname:Aylott;given-names:JW</infon><infon key="name_3">surname:Rödelsperger;given-names:C</infon><infon key="pub-id_doi">10.1186/s13104-016-1886-9</infon><infon key="pub-id_pmid">26944260</infon><infon key="section_type">REF</infon><infon key="source">BMC Res. Notes</infon><infon key="type">ref</infon><infon key="volume">9</infon><infon key="year">2016</infon><offset>35080</offset><text>Comparative transcriptomics of the nematode gut identifies global shifts in feeding mode and pathogen susceptibility</text></passage><passage><infon key="fpage">e1501031</infon><infon key="name_0">surname:Susoy;given-names:V</infon><infon key="pub-id_doi">10.1126/sciadv.1501031</infon><infon key="pub-id_pmid">26824073</infon><infon key="section_type">REF</infon><infon key="source">Sci Adv</infon><infon key="type">ref</infon><infon key="volume">2</infon><infon key="year">2016</infon><offset>35197</offset><text>Large-scale diversification without genetic isolation in nematode symbionts of figs</text></passage><passage><infon key="fpage">109</infon><infon key="lpage">119</infon><infon key="name_0">surname:Bumbarger;given-names:DJ</infon><infon key="name_1">surname:Riebesell;given-names:M</infon><infon key="name_2">surname:Rödelsperger;given-names:C</infon><infon key="name_3">surname:Sommer;given-names:RJ</infon><infon key="pub-id_doi">10.1016/j.cell.2012.12.013</infon><infon key="pub-id_pmid">23332749</infon><infon key="section_type">REF</infon><infon key="source">Cell</infon><infon key="type">ref</infon><infon key="volume">152</infon><infon key="year">2013</infon><offset>35281</offset><text>System-wide rewiring underlies behavioral differences in predatory and bacterial-feeding nematodes</text></passage><passage><infon key="fpage">55</infon><infon key="lpage">62</infon><infon key="name_0">surname:Witte;given-names:H</infon><infon key="pub-id_doi">10.1007/s00427-014-0486-8</infon><infon key="pub-id_pmid">25548084</infon><infon key="section_type">REF</infon><infon key="source">Dev. Genes Evol.</infon><infon key="type">ref</infon><infon key="volume">225</infon><infon key="year">2015</infon><offset>35380</offset><text>Gene inactivation using the CRISPR/Cas9 system in the nematode Pristionchus pacificus</text></passage><passage><infon key="fpage">129</infon><infon key="lpage">134</infon><infon key="name_0">surname:Srinivasan;given-names:J</infon><infon key="pub-id_pmid">12242228</infon><infon key="section_type">REF</infon><infon key="source">Genetics</infon><infon key="type">ref</infon><infon key="volume">162</infon><infon key="year">2002</infon><offset>35466</offset><text>A bacterial artificial chromosome-based genetic linkage map of the nematode Pristionchus pacificus</text></passage><passage><infon key="fpage">834</infon><infon key="lpage">844</infon><infon key="name_0">surname:Rödelsperger;given-names:C</infon><infon key="pub-id_doi">10.1016/j.celrep.2017.09.077</infon><infon key="pub-id_pmid">29045848</infon><infon key="section_type">REF</infon><infon key="source">Cell Rep.</infon><infon key="type">ref</infon><infon key="volume">21</infon><infon key="year">2017</infon><offset>35565</offset><text>Single-molecule sequencing reveals the chromosome-scale genomic architecture of the nematode model organism Pristionchus pacificus</text></passage><passage><infon key="fpage">3123</infon><infon key="lpage">3127.e5</infon><infon key="name_0">surname:Rödelsperger;given-names:C</infon><infon key="pub-id_doi">10.1016/j.cub.2018.07.041</infon><infon key="pub-id_pmid">30245109</infon><infon key="section_type">REF</infon><infon key="source">Curr. Biol.</infon><infon key="type">ref</infon><infon key="volume">28</infon><infon key="year">2018</infon><offset>35696</offset><text>Phylotranscriptomics of Pristionchus nematodes reveals parallel gene loss in six hermaphroditic lineages</text></passage><passage><infon key="fpage">75</infon><infon key="lpage">82</infon><infon key="name_0">surname:Namai;given-names:S</infon><infon key="name_1">surname:Sugimoto;given-names:A</infon><infon key="pub-id_doi">10.1007/s00427-018-0605-z</infon><infon key="pub-id_pmid">29353439</infon><infon key="section_type">REF</infon><infon key="source">Dev. Genes Evol.</infon><infon key="type">ref</infon><infon key="volume">228</infon><infon key="year">2018</infon><offset>35801</offset><text>Transgenesis by microparticle bombardment for live imaging of fluorescent proteins in Pristionchus pacificus germline and early embryos</text></passage><passage><infon key="fpage">331</infon><infon key="lpage">348</infon><infon key="name_0">surname:Lo;given-names:T-W</infon><infon key="pub-id_doi">10.1534/genetics.113.155382</infon><infon key="pub-id_pmid">23934893</infon><infon key="section_type">REF</infon><infon key="source">Genetics</infon><infon key="type">ref</infon><infon key="volume">195</infon><infon key="year">2013</infon><offset>35937</offset><text>Precise and heritable genome editing in evolutionarily diverse nematodes using TALENs and CRISPR/Cas9 to engineer insertions and deletions</text></passage><passage><infon key="fpage">2387</infon><infon key="issue">11</infon><infon key="lpage">2399</infon><infon key="name_0">surname:Bui;given-names:Linh T</infon><infon key="name_1">surname:Ragsdale;given-names:Erik J</infon><infon key="pub-id_doi">10.1093/molbev/msz171</infon><infon key="section_type">REF</infon><infon key="source">Molecular Biology and Evolution</infon><infon key="type">ref</infon><infon key="volume">36</infon><infon key="year">2019</infon><offset>36076</offset><text>Multiple Plasticity Regulators Reveal Targets Specifying an Induced Predatory Form in Nematodes</text></passage><passage><infon key="section_type">REF</infon><infon key="type">ref</infon><offset>36172</offset><text>Ishita, Y., Chihara, T. &amp; Okumura, M. Serotonergic modulation of feeding behavior in Caenorhabditis elegans and other related nematodes. Neurosci. Res, 10.1016/j.neures.2019.04.006 (2019).</text></passage><passage><infon key="section_type">REF</infon><infon key="type">ref</infon><offset>36361</offset><text>Liu, Z. et al. Predator-secreted sulfolipids induce defensive responses in C. elegans. Nature Communications9 (2018).</text></passage><passage><infon key="fpage">233</infon><infon key="lpage">243</infon><infon key="name_0">surname:Moreno;given-names:E</infon><infon key="pub-id_doi">10.1111/ede.12271</infon><infon key="pub-id_pmid">30259625</infon><infon key="section_type">REF</infon><infon key="source">Evol. Dev.</infon><infon key="type">ref</infon><infon key="volume">20</infon><infon key="year">2018</infon><offset>36479</offset><text>DAF-19/RFX controls ciliogenesis and influences oxygen-induced social behaviors in Pristionchus pacificus</text></passage><passage><infon key="fpage">2506</infon><infon key="lpage">2514</infon><infon key="name_0">surname:Markov;given-names:GV</infon><infon key="pub-id_doi">10.1093/molbev/msw090</infon><infon key="pub-id_pmid">27189572</infon><infon key="section_type">REF</infon><infon key="source">Mol. Biol. Evol.</infon><infon key="type">ref</infon><infon key="volume">33</infon><infon key="year">2016</infon><offset>36585</offset><text>Functional conservation and divergence of daf-22 paralogs in Pristionchus pacificus dauer development</text></passage><passage><infon key="fpage">18</infon><infon key="lpage">36</infon><infon key="name_0">surname:Markov;given-names:GV</infon><infon key="name_1">surname:Baskaran;given-names:P</infon><infon key="name_2">surname:Sommer;given-names:RJ</infon><infon key="pub-id_doi">10.1007/s00239-014-9651-y</infon><infon key="pub-id_pmid">25323991</infon><infon key="section_type">REF</infon><infon key="source">J. Mol. Evol.</infon><infon key="type">ref</infon><infon key="volume">80</infon><infon key="year">2015</infon><offset>36687</offset><text>The same or not the same: lineage-specific gene expansions and homology relationships in multigene families in nematodes</text></passage><passage><infon key="fpage">dev166272</infon><infon key="issue">13</infon><infon key="name_0">surname:Namdeo;given-names:Suryesh</infon><infon key="name_1">surname:Moreno;given-names:Eduardo</infon><infon key="name_2">surname:Rödelsperger;given-names:Christian</infon><infon key="name_3">surname:Baskaran;given-names:Praveen</infon><infon key="name_4">surname:Witte;given-names:Hanh</infon><infon key="name_5">surname:Sommer;given-names:Ralf J.</infon><infon key="pub-id_doi">10.1242/dev.166272</infon><infon key="pub-id_pmid">29967123</infon><infon key="section_type">REF</infon><infon key="source">Development</infon><infon key="type">ref</infon><infon key="volume">145</infon><infon key="year">2018</infon><offset>36808</offset><text>Two independent sulfation processes regulate mouth-form plasticity in the nematodePristionchus pacificus</text></passage><passage><infon key="section_type">REF</infon><infon key="type">ref</infon><offset>36913</offset><text>Rödelsperger, C. Comparative genomics of gene loss and gain in Caenorhabditis and Other Nematodes. In Methods in Molecular Biology 419–432 (2018).</text></passage><passage><infon key="fpage">59</infon><infon key="name_0">surname:Korf;given-names:I</infon><infon key="pub-id_doi">10.1186/1471-2105-5-59</infon><infon key="pub-id_pmid">15144565</infon><infon key="section_type">REF</infon><infon key="source">BMC Bioinformatics</infon><infon key="type">ref</infon><infon key="volume">5</infon><infon key="year">2004</infon><offset>37063</offset><text>Gene finding in novel genomes</text></passage><passage><infon key="fpage">W435</infon><infon key="lpage">9</infon><infon key="name_0">surname:Stanke;given-names:M</infon><infon key="pub-id_doi">10.1093/nar/gkl200</infon><infon key="pub-id_pmid">16845043</infon><infon key="section_type">REF</infon><infon key="source">Nucleic Acids Res.</infon><infon key="type">ref</infon><infon key="volume">34</infon><infon key="year">2006</infon><offset>37093</offset><text>AUGUSTUS: ab initio prediction of alternative transcripts</text></passage><passage><infon key="fpage">65</infon><infon key="lpage">95</infon><infon key="name_0">surname:Hoff;given-names:KJ</infon><infon key="name_1">surname:Lomsadze;given-names:A</infon><infon key="name_2">surname:Borodovsky;given-names:M</infon><infon key="name_3">surname:Stanke;given-names:M</infon><infon key="pub-id_doi">10.1007/978-1-4939-9173-0_5</infon><infon key="pub-id_pmid">31020555</infon><infon key="section_type">REF</infon><infon key="source">Methods Mol. Biol.</infon><infon key="type">ref</infon><infon key="volume">1962</infon><infon key="year">2019</infon><offset>37151</offset><text>Whole-genome annotation with BRAKER</text></passage><passage><infon key="fpage">188</infon><infon key="lpage">196</infon><infon key="name_0">surname:Cantarel;given-names:BL</infon><infon key="pub-id_doi">10.1101/gr.6743907</infon><infon key="pub-id_pmid">18025269</infon><infon key="section_type">REF</infon><infon key="source">Genome Res.</infon><infon key="type">ref</infon><infon key="volume">18</infon><infon key="year">2008</infon><offset>37187</offset><text>MAKER: an easy-to-use annotation pipeline designed for emerging model organism genomes</text></passage><passage><infon key="fpage">491</infon><infon key="name_0">surname:Holt;given-names:C</infon><infon key="name_1">surname:Yandell;given-names:M</infon><infon key="pub-id_doi">10.1186/1471-2105-12-491</infon><infon key="pub-id_pmid">22192575</infon><infon key="section_type">REF</infon><infon key="source">BMC Bioinformatics</infon><infon key="type">ref</infon><infon key="volume">12</infon><infon key="year">2011</infon><offset>37274</offset><text>MAKER2: an annotation pipeline and genome-database management tool for second-generation genome projects</text></passage><passage><infon key="fpage">86</infon><infon key="lpage">89</infon><infon key="name_0">surname:Lightfoot;given-names:JW</infon><infon key="pub-id_doi">10.1126/science.aav9856</infon><infon key="pub-id_pmid">30948551</infon><infon key="section_type">REF</infon><infon key="source">Science</infon><infon key="type">ref</infon><infon key="volume">364</infon><infon key="year">2019</infon><offset>37379</offset><text>Small peptide-mediated self-recognition prevents cannibalism in predatory nematodes</text></passage><passage><infon key="fpage">17550</infon><infon key="name_0">surname:Moreno;given-names:E</infon><infon key="pub-id_doi">10.1038/s41598-017-18019-0</infon><infon key="pub-id_pmid">29242625</infon><infon key="section_type">REF</infon><infon key="source">Sci. Rep.</infon><infon key="type">ref</infon><infon key="volume">7</infon><infon key="year">2017</infon><offset>37463</offset><text>Regulation of hyperoxia-induced social behaviour in Pristionchus pacificus nematodes requires a novel cilia-mediated environmental input</text></passage><passage><infon key="fpage">2174</infon><infon key="lpage">2179</infon><infon key="name_0">surname:Kieninger;given-names:MR</infon><infon key="pub-id_doi">10.1016/j.cub.2016.06.018</infon><infon key="pub-id_pmid">27451902</infon><infon key="section_type">REF</infon><infon key="source">Curr. Biol.</infon><infon key="type">ref</infon><infon key="volume">26</infon><infon key="year">2016</infon><offset>37600</offset><text>The nuclear hormone receptor NHR-40 acts downstream of the sulfatase EUD-1 as part of a developmental plasticity switch in Pristionchus</text></passage><passage><infon key="fpage">e0131136</infon><infon key="name_0">surname:Baskaran;given-names:P</infon><infon key="name_1">surname:Rödelsperger;given-names:C</infon><infon key="pub-id_doi">10.1371/journal.pone.0131136</infon><infon key="pub-id_pmid">26125626</infon><infon key="section_type">REF</infon><infon key="source">PLoS One</infon><infon key="type">ref</infon><infon key="volume">10</infon><infon key="year">2015</infon><offset>37736</offset><text>Microevolution of duplications and deletions and their impact on gene expression in the Nematode Pristionchus pacificus</text></passage><passage><infon key="fpage">1145</infon><infon key="lpage">1152</infon><infon key="name_0">surname:Weller;given-names:AM</infon><infon key="name_1">surname:Rödelsperger;given-names:C</infon><infon key="name_2">surname:Eberhardt;given-names:G</infon><infon key="name_3">surname:Molnar;given-names:RI</infon><infon key="name_4">surname:Sommer;given-names:RJ</infon><infon key="pub-id_doi">10.1534/genetics.113.159863</infon><infon key="pub-id_pmid">24414549</infon><infon key="section_type">REF</infon><infon key="source">Genetics</infon><infon key="type">ref</infon><infon key="volume">196</infon><infon key="year">2014</infon><offset>37856</offset><text>Opposing forces of A/T-biased mutations and G/C-biased gene conversions shape the genome of the nematode Pristionchus pacificus</text></passage><passage><infon key="section_type">REF</infon><infon key="type">ref</infon><offset>37984</offset><text>Prabh, N. &amp; Rödelsperger, C. Divergence, and mixed origin contribute to the emergence of orphan genes in nematodes. G39, 2277–2286 (2019).</text></passage><passage><infon key="fpage">92</infon><infon key="name_0">surname:Salzberg;given-names:SL</infon><infon key="pub-id_doi">10.1186/s13059-019-1715-2</infon><infon key="pub-id_pmid">31097009</infon><infon key="section_type">REF</infon><infon key="source">Genome Biol.</infon><infon key="type">ref</infon><infon key="volume">20</infon><infon key="year">2019</infon><offset>38126</offset><text>Next-generation genome annotation: we still struggle to get it right</text></passage><passage><infon key="section_type">REF</infon><infon key="type">ref</infon><offset>38195</offset><text>Smythe, A. B., Holovachov, O. &amp; Kocot, K. M. Improved phylogenomic sampling of free-living nematodes enhances resolution of higher-level nematode phylogeny. BMC Evolutionary Biology19 (2019).</text></passage><passage><infon key="fpage">3210</infon><infon key="lpage">3212</infon><infon key="name_0">surname:Simão;given-names:FA</infon><infon key="name_1">surname:Waterhouse;given-names:RM</infon><infon key="name_2">surname:Ioannidis;given-names:P</infon><infon key="name_3">surname:Kriventseva;given-names:EV</infon><infon key="name_4">surname:Zdobnov;given-names:EM</infon><infon key="pub-id_doi">10.1093/bioinformatics/btv351</infon><infon key="pub-id_pmid">26059717</infon><infon key="section_type">REF</infon><infon key="source">Bioinformatics</infon><infon key="type">ref</infon><infon key="volume">31</infon><infon key="year">2015</infon><offset>38387</offset><text>BUSCO: assessing genome assembly and annotation completeness with single-copy orthologs</text></passage><passage><infon key="section_type">REF</infon><infon key="type">ref</infon><offset>38475</offset><text>McLean, F., Berger, D., Laetsch, D. R., Schwartz, H. T. &amp; Blaxter, M. Improving the annotation of the Heterorhabditis bacteriophora genome. Gigascience7 (2018).</text></passage><passage><infon key="fpage">478</infon><infon key="name_0">surname:Hiraki;given-names:H</infon><infon key="pub-id_doi">10.1186/s12864-017-3860-x</infon><infon key="pub-id_pmid">28646875</infon><infon key="section_type">REF</infon><infon key="source">BMC Genomics</infon><infon key="type">ref</infon><infon key="volume">18</infon><infon key="year">2017</infon><offset>38636</offset><text>Genome analysis of Diploscapter coronatus: insights into molecular peculiarities of a nematode with parthenogenetic reproduction</text></passage><passage><infon key="fpage">1153</infon><infon key="lpage">1165</infon><infon key="name_0">surname:Rödelsperger;given-names:C</infon><infon key="pub-id_doi">10.1534/genetics.113.159855</infon><infon key="pub-id_pmid">24443445</infon><infon key="section_type">REF</infon><infon key="source">Genetics</infon><infon key="type">ref</infon><infon key="volume">196</infon><infon key="year">2014</infon><offset>38765</offset><text>Characterization of genetic diversity in the nematode Pristionchus pacificus from population-scale resequencing data</text></passage><passage><infon key="fpage">1675</infon><infon key="lpage">1687</infon><infon key="name_0">surname:Werner;given-names:MS</infon><infon key="pub-id_doi">10.1101/gr.234872.118</infon><infon key="pub-id_pmid">30232198</infon><infon key="section_type">REF</infon><infon key="source">Genome Res.</infon><infon key="type">ref</infon><infon key="volume">28</infon><infon key="year">2018</infon><offset>38882</offset><text>Young genes have distinct gene structure, epigenetic profiles, and transcriptional regulation</text></passage><passage><infon key="fpage">165</infon><infon key="name_0">surname:Rödelsperger;given-names:C</infon><infon key="name_1">surname:Menden;given-names:K</infon><infon key="name_2">surname:Serobyan;given-names:V</infon><infon key="name_3">surname:Witte;given-names:H</infon><infon key="name_4">surname:Baskaran;given-names:P</infon><infon key="pub-id_doi">10.1186/s12862-016-0740-y</infon><infon key="pub-id_pmid">27549405</infon><infon key="section_type">REF</infon><infon key="source">BMC Evol. Biol.</infon><infon key="type">ref</infon><infon key="volume">16</infon><infon key="year">2016</infon><offset>38976</offset><text>First insights into the nature and evolution of antisense transcription in nematodes</text></passage><passage><infon key="fpage">185</infon><infon key="name_0">surname:Baskaran;given-names:P</infon><infon key="pub-id_doi">10.1186/s12862-015-0466-2</infon><infon key="pub-id_pmid">26370559</infon><infon key="section_type">REF</infon><infon key="source">BMC Evol. Biol.</infon><infon key="type">ref</infon><infon key="volume">15</infon><infon key="year">2015</infon><offset>39061</offset><text>Ancient gene duplications have shaped developmental stage-specific expression in Pristionchus pacificus</text></passage><passage><infon key="fpage">533</infon><infon key="lpage">539</infon><infon key="name_0">surname:Domazet-Loso;given-names:T</infon><infon key="name_1">surname:Brajković;given-names:J</infon><infon key="name_2">surname:Tautz;given-names:D</infon><infon key="pub-id_doi">10.1016/j.tig.2007.08.014</infon><infon key="pub-id_pmid">18029048</infon><infon key="section_type">REF</infon><infon key="source">Trends Genet.</infon><infon key="type">ref</infon><infon key="volume">23</infon><infon key="year">2007</infon><offset>39165</offset><text>A phylostratigraphy approach to uncover the genomic history of major adaptations in metazoan lineages</text></passage><passage><infon key="fpage">734</infon><infon key="lpage">736</infon><infon key="name_0">surname:Ekseth;given-names:OK</infon><infon key="name_1">surname:Kuiper;given-names:M</infon><infon key="name_2">surname:Mironov;given-names:V</infon><infon key="pub-id_doi">10.1093/bioinformatics/btt582</infon><infon key="pub-id_pmid">24115168</infon><infon key="section_type">REF</infon><infon key="source">Bioinformatics</infon><infon key="type">ref</infon><infon key="volume">30</infon><infon key="year">2014</infon><offset>39267</offset><text>orthAgogue: an agile tool for the rapid prediction of orthology relations</text></passage><passage><infon key="fpage">1041</infon><infon key="lpage">1052</infon><infon key="name_0">surname:Remm;given-names:M</infon><infon key="name_1">surname:Storm;given-names:CE</infon><infon key="name_2">surname:Sonnhammer;given-names:EL</infon><infon key="pub-id_doi">10.1006/jmbi.2000.5197</infon><infon key="pub-id_pmid">11743721</infon><infon key="section_type">REF</infon><infon key="source">J. Mol. Biol.</infon><infon key="type">ref</infon><infon key="volume">314</infon><infon key="year">2001</infon><offset>39341</offset><text>Automatic clustering of orthologs and in-paralogs from pairwise species comparisons</text></passage><passage><infon key="fpage">631</infon><infon key="lpage">637</infon><infon key="name_0">surname:Tatusov;given-names:RL</infon><infon key="pub-id_doi">10.1126/science.278.5338.631</infon><infon key="pub-id_pmid">9381173</infon><infon key="section_type">REF</infon><infon key="source">Science</infon><infon key="type">ref</infon><infon key="volume">278</infon><infon key="year">1997</infon><offset>39425</offset><text>A Genomic Perspective on Protein Families</text></passage><passage><infon key="fpage">2178</infon><infon key="lpage">2189</infon><infon key="name_0">surname:Li;given-names:L</infon><infon key="name_1">surname:Stoeckert;given-names:CJ;suffix:Jr</infon><infon key="name_2">surname:Roos;given-names:DS</infon><infon key="pub-id_doi">10.1101/gr.1224503</infon><infon key="pub-id_pmid">12952885</infon><infon key="section_type">REF</infon><infon key="source">Genome Res.</infon><infon key="type">ref</infon><infon key="volume">13</infon><infon key="year">2003</infon><offset>39467</offset><text>OrthoMCL: identification of ortholog groups for eukaryotic genomes</text></passage><passage><infon key="fpage">e1004077</infon><infon key="name_0">surname:Verster;given-names:AJ</infon><infon key="name_1">surname:Ramani;given-names:AK</infon><infon key="name_2">surname:McKay;given-names:SJ</infon><infon key="name_3">surname:Fraser;given-names:AG</infon><infon key="pub-id_doi">10.1371/journal.pgen.1004077</infon><infon key="pub-id_pmid">24516395</infon><infon key="section_type">REF</infon><infon key="source">PLoS Genetics</infon><infon key="type">ref</infon><infon key="volume">10</infon><infon key="year">2014</infon><offset>39534</offset><text>Comparative RNAi Screens in C. elegans and C. briggsae Reveal the Impact of Developmental System Drift on Gene Function</text></passage><passage><infon key="fpage">1644</infon><infon key="lpage">1653</infon><infon key="name_0">surname:Sieriebriennikov;given-names:B</infon><infon key="name_1">surname:Markov;given-names:GV</infon><infon key="name_2">surname:Witte;given-names:H</infon><infon key="name_3">surname:Sommer;given-names:RJ</infon><infon key="pub-id_doi">10.1093/molbev/msx106</infon><infon key="pub-id_pmid">28333289</infon><infon key="section_type">REF</infon><infon key="source">Mol. Biol. Evol.</infon><infon key="type">ref</infon><infon key="volume">34</infon><infon key="year">2017</infon><offset>39654</offset><text>The Role of DAF-21/Hsp90 in Mouth-Form Plasticity in Pristionchus pacificus</text></passage><passage><infon key="fpage">201</infon><infon key="lpage">209</infon><infon key="name_0">surname:Moreno;given-names:E</infon><infon key="name_1">surname:Sommer;given-names:RJ</infon><infon key="pub-id_doi">10.1163/15685411-00003159</infon><infon key="section_type">REF</infon><infon key="source">Nematology</infon><infon key="type">ref</infon><infon key="volume">20</infon><infon key="year">2018</infon><offset>39730</offset><text>A cilia-mediated environmental input induces solitary behaviour in Caenorhabditis elegans and Pristionchus pacificus nematodes</text></passage><passage><infon key="fpage">226</infon><infon key="name_0">surname:Prabh;given-names:N</infon><infon key="name_1">surname:Rödelsperger;given-names:C</infon><infon key="pub-id_doi">10.1186/s12859-016-1102-x</infon><infon key="pub-id_pmid">27245157</infon><infon key="section_type">REF</infon><infon key="source">BMC Bioinformatics</infon><infon key="type">ref</infon><infon key="volume">17</infon><infon key="year">2016</infon><offset>39857</offset><text>Are orphan genes protein-coding, prediction artifacts, or non-coding RNAs?</text></passage><passage><infon key="fpage">837</infon><infon key="issue">6</infon><infon key="lpage">846</infon><infon key="name_0">surname:Borchert;given-names:N.</infon><infon key="name_1">surname:Dieterich;given-names:C.</infon><infon key="name_2">surname:Krug;given-names:K.</infon><infon key="name_3">surname:Schutz;given-names:W.</infon><infon key="name_4">surname:Jung;given-names:S.</infon><infon key="name_5">surname:Nordheim;given-names:A.</infon><infon key="name_6">surname:Sommer;given-names:R. J.</infon><infon key="name_7">surname:Macek;given-names:B.</infon><infon key="pub-id_doi">10.1101/gr.103119.109</infon><infon key="pub-id_pmid">20237107</infon><infon key="section_type">REF</infon><infon key="source">Genome Research</infon><infon key="type">ref</infon><infon key="volume">20</infon><infon key="year">2010</infon><offset>39932</offset><text>Proteogenomics of Pristionchus pacificus reveals distinct proteome structure of nematode models</text></passage><passage><infon key="fpage">254</infon><infon key="name_0">surname:Sinha;given-names:A</infon><infon key="name_1">surname:Sommer;given-names:RJ</infon><infon key="name_2">surname:Dieterich;given-names:C</infon><infon key="pub-id_doi">10.1186/1471-2164-13-254</infon><infon key="pub-id_pmid">22712530</infon><infon key="section_type">REF</infon><infon key="source">BMC Genomics</infon><infon key="type">ref</infon><infon key="volume">13</infon><infon key="year">2012</infon><offset>40028</offset><text>Divergent gene expression in the conserved dauer stage of the nematodes Pristionchus pacificus and Caenorhabditis elegans</text></passage><passage><infon key="fpage">e1854</infon><infon key="name_0">surname:Stoltzfus;given-names:JD</infon><infon key="name_1">surname:Minot;given-names:S</infon><infon key="name_2">surname:Berriman;given-names:M</infon><infon key="name_3">surname:Nolan;given-names:TJ</infon><infon key="name_4">surname:Lok;given-names:JB</infon><infon key="pub-id_doi">10.1371/journal.pntd.0001854</infon><infon key="pub-id_pmid">23145190</infon><infon key="section_type">REF</infon><infon key="source">PLoS Negl. Trop. Dis.</infon><infon key="type">ref</infon><infon key="volume">6</infon><infon key="year">2012</infon><offset>40150</offset><text>RNAseq analysis of the parasitic nematode Strongyloides stercoralis reveals divergent regulation of canonical dauer pathways</text></passage><passage><infon key="fpage">e0164881</infon><infon key="name_0">surname:Sanghvi;given-names:GV</infon><infon key="pub-id_doi">10.1371/journal.pone.0164881</infon><infon key="pub-id_pmid">27741297</infon><infon key="section_type">REF</infon><infon key="source">PLoS One</infon><infon key="type">ref</infon><infon key="volume">11</infon><infon key="year">2016</infon><offset>40275</offset><text>Life history responses and gene expression profiles of the nematode Pristionchus pacificus cultured on Cryptococcus yeasts</text></passage><passage><infon key="fpage">12337</infon><infon key="name_0">surname:Serobyan;given-names:V</infon><infon key="pub-id_doi">10.1038/ncomms12337</infon><infon key="pub-id_pmid">27487725</infon><infon key="section_type">REF</infon><infon key="source">Nat. Commun.</infon><infon key="type">ref</infon><infon key="volume">7</infon><infon key="year">2016</infon><offset>40398</offset><text>Chromatin remodelling and antisense-mediated up-regulation of the developmental switch gene eud-1 control predatory feeding plasticity</text></passage><passage><infon key="fpage">20152263</infon><infon key="name_0">surname:Moreno;given-names:E</infon><infon key="name_1">surname:McGaughran;given-names:A</infon><infon key="name_2">surname:Rödelsperger;given-names:C</infon><infon key="name_3">surname:Zimmer;given-names:M</infon><infon key="name_4">surname:Sommer;given-names:RJ</infon><infon key="pub-id_doi">10.1098/rspb.2015.2263</infon><infon key="pub-id_pmid">26888028</infon><infon key="section_type">REF</infon><infon key="source">Proc. Biol. Sci.</infon><infon key="type">ref</infon><infon key="volume">283</infon><infon key="year">2016</infon><offset>40533</offset><text>Oxygen-induced social behaviours in Pristionchus pacificus have a distinct evolutionary history and genetic regulation from Caenorhabditis elegans</text></passage><passage><infon key="fpage">66</infon><infon key="name_0">surname:Buels;given-names:R</infon><infon key="pub-id_doi">10.1186/s13059-016-0924-1</infon><infon key="pub-id_pmid">27072794</infon><infon key="section_type">REF</infon><infon key="source">Genome Biol.</infon><infon key="type">ref</infon><infon key="volume">17</infon><infon key="year">2016</infon><offset>40680</offset><text>JBrowse: a dynamic web platform for genome visualization and analysis</text></passage><passage><infon key="fpage">31</infon><infon key="name_0">surname:Slater;given-names:GSC</infon><infon key="name_1">surname:Birney;given-names:E</infon><infon key="pub-id_doi">10.1186/1471-2105-6-31</infon><infon key="pub-id_pmid">15713233</infon><infon key="section_type">REF</infon><infon key="source">BMC Bioinformatics</infon><infon key="type">ref</infon><infon key="volume">6</infon><infon key="year">2005</infon><offset>40750</offset><text>Automated generation of heuristics for biological sequence comparison</text></passage></document></collection>
