<?xml version="1.0" encoding="UTF-8"?>
<!DOCTYPE collection SYSTEM "BioC.dtd">
<collection><source>PMC</source><date>20211202</date><key>pmc.key</key><document><id>7375944</id><infon key="license">author_manuscript</infon><passage><infon key="article-id_doi">10.1037/pha0000344</infon><infon key="article-id_manuscript">NIHMS1066461</infon><infon key="article-id_pmc">7375944</infon><infon key="article-id_pmid">31971420</infon><infon key="elocation-id">10.1037/pha0000344</infon><infon key="kwd">subjective effects alcohol marijuana cannabis crowd-sourcing MTurk</infon><infon key="license">
          This file is available for text mining. It may also be used consistent with the principles of fair use under the copyright law.
        </infon><infon key="name_0">surname:Linden-Carmichael;given-names:Ashley N.</infon><infon key="name_1">surname:Masters;given-names:Loren D.</infon><infon key="name_2">surname:Lanza;given-names:Stephanie T.</infon><infon key="section_type">TITLE</infon><infon key="type">front</infon><infon key="year">2021</infon><offset>0</offset><text>“Buzzwords”: Crowd-Sourcing and Quantifying U.S. Young Adult Terminology for Subjective Effects of Alcohol and Marijuana Use</text></passage><passage><infon key="section_type">ABSTRACT</infon><infon key="type">abstract</infon><offset>129</offset><text>Prevalence of heavy alcohol use remain high and daily marijuana use is at an all-time high in young adults. As perceptions of drug effects may guide risky decision-making, understanding subjective feelings for alcohol and marijuana use is critical. Existing laboratory-based and diary metrics (0 to 100 rating of, “how drunk/high do you feel?”) may be problematic in differentiating levels of subjective effects. Measures incorporating contemporary language may better capture subjective feelings in experimental and ambulatory assessment designs. We developed two sliding scales based on crowd-sourced and rank-ordered feelings of subjective alcohol and marijuana effects. Two U.S. young adult (18–25 years) samples were drawn from Amazon’s Mechanical Turk (MTurk). In the first study, 323 (53.6% women, 68.4% White, M age=23.0 years) alcohol and marijuana users provided words to describe subjective effects from alcohol use and from marijuana use. In a second study, 289 (46.4% female, 66.4% White, M age=23.0 years) users rank-ordered the most common terms to correspond with subjective levels. The sliding scale for alcohol effects resulted in four anchors ranging from 0 to 100: slightly buzzed, tipsy/“happy”, drunk, and wasted. The sliding scale for marijuana effects also had four anchors: relaxed, calm/chill, high, and stoned/baked. By incorporating broader and more contemporary subjective effects language, our metrics may better capture variability in young adults’ perceived subjective effects from alcohol and marijuana use. Future work could build upon these findings by pairing sliding scales with measures of actual intoxication to understand within- and between-person covariation in subjective effects, actual impairment, and consequences.</text></passage><passage><infon key="section_type">INTRO</infon><infon key="type">paragraph</infon><offset>1904</offset><text>The prevalence and patterning of young adult substance use is rapidly changing in the U.S. Prevalence of daily marijuana use (use on 20+ occasions in the prior 30 days) are at an all-time high and perceptions of risk attributed to regular marijuana use are at an all-time low in this age group. Frequent shifts in the legalization of recreational and medicinal marijuana use, the invention of nuanced delivery systems for marijuana use, and historically higher THC concentrations in cannabis preparations warrant further understanding of young adult marijuana use. Heavy drinking among young adults remains a critical public health concern with approximately 40% of 21/22 year-olds reporting binge drinking in the last two weeks.</text></passage><passage><infon key="section_type">INTRO</infon><infon key="type">paragraph</infon><offset>2634</offset><text>There are many negative outcomes associated with heavy and frequent alcohol and marijuana use – separate or combined – including academic/occupational problems, self-care and self-perception concerns, unsafe driving, and risky sexual behavior. Much research has focused on identifying “binge” thresholds for safer drinking (National Institute on Alcohol Abuse and Alcoholism, 2004) and on quantifying marijuana use. There are, however, challenges with classifying and quantifying risky substance use (e.g.,). For example, although cut-points for binge drinking were designed to be approximate measures of the number of drinks one can consume before reaching the legal driving limit, binge drinking does not consistently correspond with achieving a blood alcohol concentration of 0.08% (see). Related to marijuana, there are inconsistencies with respect to level of high achieved with differential product use (e.g., edibles, vaping, smoking). Moreover, self-report data are fraught with a number of recall- and accuracy-related issues.</text></passage><passage><infon key="section_type">INTRO</infon><infon key="type">paragraph</infon><offset>3678</offset><text>Although measurement of objective levels of intoxication are critical to understanding patterns of use such as speed or peak level of intoxication in the absence of recall biases, there are several problems with solely relying on objective measures. Oftentimes, decisions to engage in risky behavior such as deciding whether one is sober enough to drive are not based on how intoxicated they actually are but rather how intoxicated they feel. As one example, mixing an energy drink with alcohol can counteract the sedative effects of alcohol without reducing actual intoxication. Field studies show that individuals who consumed these beverages were at a four-fold increase of intending to drive home after drinking than individuals who consumed other types of alcohol. The potential disconnect between actual and subjective intoxication suggests that it may be equally, if not more critical to assess perceived effects when assessing and intervening on real-time behavior.</text></passage><passage><infon key="section_type">INTRO</infon><infon key="type">paragraph</infon><offset>4652</offset><text>Common assessments focused on identifying subjective feelings include the Biphasic Alcohol Effects Scale (BAES), Subjective Effects of Alcohol Scale (SEAS), and Subjective High Assessment Scale (SHAS). These scales measure differential perceived effects including stimulation, sedative effects, and affective states (high/low arousal positive/negative). In the BAES, for example, participants separately indicate the extent to which they feel each adjective (e.g., “inactive”, “elated”, “talkative”) on a scale ranging from 0 (not at all) to 10 (extremely). The BAES and SEAS each contain 14 items, which could be burdensome to complete in surveys with time constraints, such as day- or moment-level surveys designed to intervene on behavior in real time. Shorter, one-item sliding scales have been developed for assessing a related construct of subjective intoxication by asking, “How drunk (high) do you feel?” or “How intoxicated do you feel?” with anchors ranging from 0 (completely sober) to 100 (extremely drunk/high) (e.g.,). While these measures may assess extreme high and extreme low levels, some evidence suggests that metrics of how “drunk” or high someone felt does not distinguish moderate from high levels of perceived effects. As a result, participants may be assigning arbitrary values or treating such metrics as dichotomous indicators of whether they were drunk/high, rather than the varying degree of perceived effects. and demonstrated that there are a variety of terms young adults use to describe subjective states, and that young adults use different words to describe varying degrees of subjective effects. Use of familiar terms at various subjective states lends itself to the creation of sliding scales with multiple anchor points using contemporary language. Such a scale can be easily implemented in laboratory-based or diary studies with the goal of capturing subjective effects across a continuum.</text></passage><passage><infon key="section_type">INTRO</infon><infon key="type">paragraph</infon><offset>6605</offset><text>The current study had three goals. First, in Study 1, we used Amazon’s Mechanical Turk (MTurk), a crowd-sourcing marketplace, to ask participants to generate words capturing perceived effects when using alcohol and, separately, marijuana, at the participants’ perception of a low, moderate, and heavy level. Second, in Study 2, we provided the most commonly used terms for alcohol and for marijuana to a second MTurk sample and asked them to rank-order words they would use based on level of use (low levels to high levels) from using both substances. Third, we developed two sliding scales with multiple meaningful anchor points to assess subjective effects of alcohol and marijuana use.</text></passage><passage><infon key="section_type">INTRO</infon><infon key="type">title_1</infon><offset>7298</offset><text>Study 1: Word Generation</text></passage><passage><infon key="section_type">INTRO</infon><infon key="type">title_2</infon><offset>7323</offset><text>Method and Results</text></passage><passage><infon key="section_type">INTRO</infon><infon key="type">title_3</infon><offset>7342</offset><text>Participants and procedure.</text></passage><passage><infon key="section_type">INTRO</infon><infon key="type">paragraph</infon><offset>7370</offset><text>Participants were recruited through MTurk, an online crowdsourcing marketplace in which “requesters” (researchers) can pay “workers” (participants) to complete online tasks, such as survey questionnaires. After workers complete a task, requesters evaluate their performance (e.g., amount of missing data, whether answered “attention check” questions correctly) and approve or reject their work. Only participants whose work is approved receive payment for their participation. MTurk is commonly used for numerous questionnaire and experimental studies (see) including several focused on addictive behaviors (e.g.,).</text></passage><passage><infon key="section_type">INTRO</infon><infon key="type">paragraph</infon><offset>7998</offset><text>To be eligible, participants must (1) have been between the ages of 18–25 years, (2) have reported past-month binge drinking (4+/5+ drinks in one sitting for women/men), (3) have reported past-month simultaneous use of alcohol and marijuana, (4) live in the U.S., (5) speak fluent English, (6) have a task approval rating of &gt;95%, (7) have completed &gt;50 tasks on MTurk previously. Study 1 (n = 323) participants were most likely to be female (53.6%), White (68.4%), graduates of a 4-year university (41.2%), and from the South (37.2%). M age was 23.0 (SD = 1.8). Participants reported a weekly average of 14.66 (SD = 9.83) drinks and 9.65 (SD = 10.21) joints.1</text></passage><passage><infon key="section_type">INTRO</infon><infon key="type">paragraph</infon><offset>8661</offset><text>After providing informed consent, eligible participants completed several online questionnaires that took approximately 10 min. to complete. Based on prior suggestions, attention checks were placed throughout the survey; work was approved if they answered &gt;2 of the 3 attention checks correctly and if they provided plausible responses. Participants received $1.00. The university’s institutional review board approved the current study. All APA ethical guidelines were followed. Data were collected from July-August 2018.</text></passage><passage><infon key="section_type">INTRO</infon><infon key="type">title_3</infon><offset>9186</offset><text>Measures.</text></passage><passage><infon key="section_type">INTRO</infon><infon key="type">paragraph</infon><offset>9196</offset><text>Participants provided words they would use to describe subjective feelings at different levels of alcohol and, separately, marijuana use. Participants wrote one- or two-word phrases to describe their level of impairment when using each substance without using other substances. Participants were instructed to provide at least two (max of four) feelings each for lighter, moderate, and heavier occasions of alcohol alone and marijuana alone (e.g., “When I’m drinking a smaller amount of alcohol [maybe one or two drinks], I would describe my level of impairment as feeling…”).</text></passage><passage><infon key="section_type">INTRO</infon><infon key="type">paragraph</infon><offset>9781</offset><text>Participants completed the Daily Drinking Questionnaire (DDQ), a calendar grid assessing typical weekly alcohol use. A modified DDQ assessed the number of joints typically used during a week. Participants completed a brief demographic questionnaire regarding their sex, age, race/ethnicity, college education status, and region.</text></passage><passage><infon key="section_type">INTRO</infon><infon key="type">title_3</infon><offset>10110</offset><text>Data analysis and results.</text></passage><passage><infon key="section_type">INTRO</infon><infon key="type">paragraph</infon><offset>10137</offset><text>Word data generated by participants of Study 1 were cleaned to maintain consistency across participants (e.g., “buzzed”, “buzz”, and “buzzing” were converted to “buzzed”). Words were ordered in terms of frequency used; the top 20 words were identified separately for alcohol and for marijuana. The 10 most frequently used words were automatically included in the list of words we provided to Study 2 participants for rank-ordering. As the majority of generated words reflected lighter use episodes, to provide potential upper limits for the scales, we included three additional words for each substance that were less frequently used but described heavier episodes (e.g., “hammered” for alcohol; “paranoid” for marijuana) in the list given to Study 2 participants. As a result, Study 2 participants were provided with 13 words describing alcohol-related effects and 13 words describing marijuana-related effects. The frequency of which Study 1 participants generated these words is provided in Table 1, in order of frequency.</text></passage><passage><infon key="section_type">INTRO</infon><infon key="type">title_1</infon><offset>11187</offset><text>Study 2: Rank-Ordering Words by Level of Subjective Effects</text></passage><passage><infon key="section_type">INTRO</infon><infon key="type">title_2</infon><offset>11247</offset><text>Method and Results</text></passage><passage><infon key="section_type">INTRO</infon><infon key="type">title_3</infon><offset>11266</offset><text>Participants and procedure.</text></passage><passage><infon key="section_type">INTRO</infon><infon key="type">paragraph</infon><offset>11294</offset><text>Study 2 (n = 289) participants were recruited through MTurk using the same eligibility criteria, attention checks, and compensation. Participants were most likely to be male (53.6%), White (66.4%), graduates of a 4-year university (46.7%), and from the South (41.2%). M age was 23.0 (SD = 1.9). Participants reported a weekly average of 16.85 (SD = 12.15) drinks and 11.05 (SD = 12.12) joints. Data were collected in August-September 2018.</text></passage><passage><infon key="section_type">INTRO</infon><infon key="type">title_3</infon><offset>11734</offset><text>Measures.</text></passage><passage><infon key="section_type">INTRO</infon><infon key="type">paragraph</infon><offset>11744</offset><text>Study 2 participants rank-ordered the 13 commonly used words generated by Study 1 in order of impairment. Participants were provided with a list of commonly used words and were asked to drag and drop each word they would use to describe their feelings of impairment, ranging from lower to higher levels. Participants were also able to place words into a designated box for words they personally would never use.</text></passage><passage><infon key="section_type">INTRO</infon><infon key="type">title_3</infon><offset>12156</offset><text>Data analysis and results.</text></passage><passage><infon key="section_type">INTRO</infon><infon key="type">paragraph</infon><offset>12183</offset><text>To account for inconsistencies in the total number of words individuals in Study 2 selected to rank-order, we transformed participant data to create a consistent metric across participants. We (1) determined the total number of words each person used from the 13 words for alcohol and, separately, 13 words for marijuana; (2) calculated person-specific percentiles for each word based on its rank-order and the number of words used by each person; and (3) calculated the mean percentile, minimum, maximum, and SD for each word across participants. Mean percentiles are listed in Table 1.</text></passage><passage><infon key="section_type">INTRO</infon><infon key="type">title_1</infon><offset>12771</offset><text>Anchor Point Selection for Sliding Scales</text></passage><passage><infon key="section_type">INTRO</infon><infon key="type">title_2</infon><offset>12813</offset><text>Method and Results</text></passage><passage><infon key="section_type">INTRO</infon><infon key="type">paragraph</infon><offset>12832</offset><text>After including the most common words on the same metric, we simplified each scale to 4 anchors for usability purposes in daily or ecological momentary assessment (EMA) surveys. We set the lowest (0) scale anchors at the most commonly used word with the lowest M percentile. Words that did not reflect meaningful feelings of impairment (“nothing/sober”) or behavioral results of use (“blackout/passed out”, “sleepy/tired”) were excluded. For marijuana, “stoned” and “baked” were combined as they were common and close in M placement (59.7 and 60.8, respectively). The most commonly used words from the second and third quadrants were included as individual anchors; words that were close in M placement and relatively common were combined (“tipsy” and “happy”). This resulted in a sliding scale with four evenly-spaced anchor points for alcohol-related impairment ranging from slightly buzzed (0), tipsy/“happy”, drunk, and wasted (100) and a separate sliding scale with four evenly-spaced anchor points for marijuana-related impairment ranging from relaxed (0), calm/chill, high, and stoned/baked (100). A ruler-based 0 to 100 metric was selected given its improved validity and reliability over Likert-scale measures, ease in administration, and increased precision (i.e., more response options). The final sliding scales for subjective alcohol and subjective marijuana impairment are shown in Figures 1a and 1b, respectively.</text></passage><passage><infon key="section_type">DISCUSS</infon><infon key="type">title_1</infon><offset>14293</offset><text>Discussion</text></passage><passage><infon key="section_type">DISCUSS</infon><infon key="type">paragraph</infon><offset>14304</offset><text>Our study captured contemporary language of subjective effects related to alcohol and marijuana use, culminating in two sliding scales ranging from low to high levels of subjective effects for both substances. This study builds upon prior work understanding the language of alcohol effects more broadly, assessment of subjective effects (e.g.,), and also work that assessed the commonality of various terminology of alcohol’s effects. Although adding anchors to a simple 1-item sliding scale may appear to be only an incremental improvement, methods developed by Thurstone in the 1920s of gathering various opinions toward a phenomenon and submitting a refined list of terminology to “judges” for feedback has long been thought to be an important, albeit laborious, process to scale development (see). Consequently, our study contributed to existing literature in several ways. First, whereas Levitt et al. identified terms through the use of dictionaries and laboratory discussions, we asked young adult alcohol and marijuana users to self-describe subjective feelings. This offers a potentially improved approach to measuring young adults’ subjective effects. Also, we surveyed contemporary language; words in prior work were generated &gt;10 years ago. Second, we asked young adults to rank-order these words to understand how words are used at different stages of drinking or using marijuana. Third, far less research has focused on self-described terminology for marijuana-related impairment. As marijuana rates continue to increase among young adults especially, understanding how individuals describe how they feel when using marijuana is critical for understanding and assessing subjective perceptions.</text></passage><passage><infon key="section_type">DISCUSS</infon><infon key="type">paragraph</infon><offset>16020</offset><text>It is worth noting that in examining participant word generation data, few participants self-generated many of the terms used in common assessments for subjective effects. Items in the SEAS include words such as “woozy”, “wobbly”, “demanding”, and “talkative”; the BAES includes “heavy head”, “sluggish”, and “stimulated”.) demonstrate the importance of including contemporary language in metrics assessing alcohol-related constructs. By using terms for subjective effects that young adults do not commonly use, young adults may have difficulty self-expressing their feelings on these metrics. Moreover, although applied specifically to subjective intoxication, it is noteworthy that the commonly used words “drunk” and “high” were not the top level of our scales. A common assessment method for subjective intoxication is to ask participants how “drunk” or “high” they feel after using substances. Given findings from, these metrics may fail to differentiate moderate and high levels of subjective effects. In light of the words selected and rank-ordered by our sample, it is possible that current metrics are not fully capturing the continuum of heavy substance use with anchors of “drunk”.</text></passage><passage><infon key="section_type">DISCUSS</infon><infon key="type">paragraph</infon><offset>17261</offset><text>The ultimate goal of this project is for researchers to implement these scales in a daily or fine-grained EMA study design. A critical first step is to test whether this scale effectively captures a range of drinking. By providing familiar terms as anchors of subjective effects on a continuum, we hope to better understand subjective states. Another step for future work is to identify how subjective feelings align with actual intoxication. From a public health perspective, this information could be critical in several ways. Many decisions could be made by young adults based on how they feel after drinking, rather than their actual intoxication. Understanding how young adults are feeling and what words they would use to describe their subjective state at various levels of use – and how this maps onto driving or willingness to drive while impaired – could inform prevention and intervention efforts for high-risk individuals. Through a diary study, this can be achieved by asking participants how many drinks they consumed last night to obtain an estimated blood alcohol concentration (eBAC) and examining what words individuals use at different levels of eBAC. With an EMA study design, this could be achieved by participants wearing an alcohol sensor while reporting on their moment-level subjective states. This design would allow for an examination of the dynamic covariation between actual and subjective effects throughout a drinking episode, and a personalized understanding of words that one uses when at a particular level of impairment. Such designs also would allow for validation of our scale development in terms of the rank ordering of words.</text></passage><passage><infon key="section_type">DISCUSS</infon><infon key="type">paragraph</infon><offset>18931</offset><text>There are a few limitations that should be noted. First, the parent study was focused on simultaneous alcohol and marijuana (SAM) users; thus eligibility criteria included past-month SAM use. Most who use alcohol and marijuana engage in SAM use, however findings may not generalize to the relatively fewer individuals who engage in concurrent, but not simultaneous use. Relatedly, given this inclusion criterion, it is possible that some participants may have had limited/no experiences with using only marijuana. Second, our sample consisted of Amazon MTurk workers. While this sample has strengths in representation of multiple states in the U.S. and education statuses, MTurk samples have limitations. MTurkers have higher negative affect and lower social engagement than the average population. Thus, replication of these findings with national samples may be beneficial. Relatedly, findings from our study may not generalize to samples outside the U.S. or to other age groups. The goal of this study was to develop a scale that was useful for the general population of U.S. young adults; thus, the contemporary language used in this sample may not be applicable to other populations. A similar study could be conducted to develop scales that capitalize on language used in other populations. Post-hoc analyses do, however, reveal that each word did not differ by U.S. region with the exception of “tipsy.” Third, substance use data relied on self-report. Such self-reported data may be subject to recall bias and social desirability concerns. Fourth, our measures describing the typical amount of marijuana used focus primarily on number of joints used. Although participants were asked to consider the number of joints they could have rolled if they had used a pipe/blunt, there are many options for marijuana delivery systems that were not reflected in this measure. Future diary work using this scale to predict level of use should consider number of hits and the variety of routes of administration.</text></passage><passage><infon key="section_type">DISCUSS</infon><infon key="type">footnote</infon><offset>20944</offset><text>An earlier version of this work was presented at the biannual meeting of the Society for Ambulatory Assessment in Syracuse, NY in June 2019.</text></passage><passage><infon key="section_type">DISCUSS</infon><infon key="type">footnote</infon><offset>21085</offset><text>The authors declare no conflicts of interest.</text></passage><passage><infon key="section_type">DISCUSS</infon><infon key="type">footnote</infon><offset>21131</offset><text>For both Study 1 and Study 2 participants, extreme values on number of drinks and number of joints were Winsorized to match the next highest value.</text></passage><passage><infon key="section_type">REF</infon><infon key="type">title</infon><offset>21279</offset><text>References</text></passage><passage><infon key="fpage">63</infon><infon key="lpage">70</infon><infon key="name_0">surname:Abbey;given-names:JD</infon><infon key="name_1">surname:Meloy;given-names:MG</infon><infon key="section_type">REF</infon><infon key="source">Journal of Operations Management</infon><infon key="type">ref</infon><infon key="volume">53–56</infon><infon key="year">2017</infon><offset>21290</offset><text>Attention by design: Using attention checks to detect inattentive respondents and improve data quality</text></passage><passage><infon key="fpage">112</infon><infon key="lpage">118</infon><infon key="name_0">surname:Amlung;given-names:M</infon><infon key="name_1">surname:Reed;given-names:DD</infon><infon key="name_2">surname:Morris;given-names:V</infon><infon key="name_3">surname:Aston;given-names:ER</infon><infon key="name_4">surname:Metrik;given-names:J</infon><infon key="name_5">surname:MacKillop;given-names:J</infon><infon key="pub-id_pmid">30194789</infon><infon key="section_type">REF</infon><infon key="source">Addiction</infon><infon key="type">ref</infon><infon key="volume">114</infon><infon key="year">2019</infon><offset>21393</offset><text>Price elasticity of illegal versus legal cannabis: A behavioral economic substitutability analysis</text></passage><passage><infon key="fpage">134</infon><infon key="lpage">139</infon><infon key="name_0">surname:Bravo;given-names:AJ</infon><infon key="name_1">surname:Pearson;given-names:MR</infon><infon key="name_2">surname:Conner;given-names:BT</infon><infon key="name_3">surname:Parnes;given-names:JE</infon><infon key="pub-id_pmid">27936373</infon><infon key="section_type">REF</infon><infon key="source">Journal of Studies on Alcohol and Drugs</infon><infon key="type">ref</infon><infon key="volume">78</infon><infon key="year">2017</infon><offset>21492</offset><text>Is 4/20 an event-specific marijuana holiday? A daily diary investigation of marijuana use and consequences among college students</text></passage><passage><infon key="fpage">53</infon><infon key="lpage">81</infon><infon key="name_0">surname:Chandler;given-names:J</infon><infon key="name_1">surname:Shapiro;given-names:D</infon><infon key="section_type">REF</infon><infon key="source">Annual Review of Clinical Psychology</infon><infon key="type">ref</infon><infon key="volume">12</infon><infon key="year">2016</infon><offset>21622</offset><text>Conducting clinical research using crowdsourced convenience samples</text></passage><passage><infon key="fpage">5</infon><infon key="lpage">15</infon><infon key="name_0">surname:Chandra;given-names:S</infon><infon key="name_1">surname:Radwan;given-names:MM</infon><infon key="name_2">surname:Majumdar;given-names:CG</infon><infon key="name_3">surname:Church;given-names:JC</infon><infon key="name_4">surname:Freeman;given-names:TP</infon><infon key="name_5">surname:ElSohly;given-names:MA</infon><infon key="pub-id_pmid">30671616</infon><infon key="section_type">REF</infon><infon key="source">European Archives of Psychiatry and Clinical Neuroscience</infon><infon key="type">ref</infon><infon key="volume">269</infon><infon key="year">2019</infon><offset>21690</offset><text>New trends in cannabis potency in USA and Europe during the last decade (2008–2017)</text></passage><passage><infon key="fpage">189</infon><infon key="lpage">200</infon><infon key="name_0">surname:Collins;given-names:RL</infon><infon key="name_1">surname:Parks;given-names:GA</infon><infon key="name_2">surname:Marlatt;given-names:GA</infon><infon key="pub-id_pmid">3998247</infon><infon key="section_type">REF</infon><infon key="source">Journal of Consulting and Clinical Psychology</infon><infon key="type">ref</infon><infon key="volume">53</infon><infon key="year">1985</infon><offset>21776</offset><text>Social determinants of alcohol consumption: the effects of social interaction and model status on the self-administration of alcohol</text></passage><passage><infon key="fpage">107</infon><infon key="lpage">113</infon><infon key="name_0">surname:Cooper;given-names:ZD</infon><infon key="name_1">surname:Haney;given-names:M</infon><infon key="pub-id_pmid">19443132</infon><infon key="section_type">REF</infon><infon key="source">Drug and Alcohol Dependence</infon><infon key="type">ref</infon><infon key="volume">103</infon><infon key="year">2009</infon><offset>21909</offset><text>Comparison of subjective, pharmacokinetic, and physiological effects of marijuana smoked as joints and blunts</text></passage><passage><infon key="fpage">346</infon><infon key="lpage">351</infon><infon key="name_0">surname:Judd;given-names:LL</infon><infon key="name_1">surname:Hubbard;given-names:RB</infon><infon key="name_2">surname:Janowsky;given-names:DS</infon><infon key="name_3">surname:Huey;given-names:LY</infon><infon key="name_4">surname:Atewall;given-names:PA</infon><infon key="pub-id_pmid">320956</infon><infon key="section_type">REF</infon><infon key="source">Archives of General Psychiatry</infon><infon key="type">ref</infon><infon key="volume">34</infon><infon key="year">1977</infon><offset>22019</offset><text>The effect of lithium carbonate on affect, mood, and personality of normal subjects</text></passage><passage><infon key="fpage">2145</infon><infon key="lpage">2151</infon><infon key="name_0">surname:Levitt;given-names:A</infon><infon key="name_1">surname:Schlauch;given-names:RC</infon><infon key="name_2">surname:Bartholow;given-names:BD</infon><infon key="name_3">surname:Sher;given-names:KJ</infon><infon key="section_type">REF</infon><infon key="source">Alcoholism: Clinical and Experimental Research</infon><infon key="type">ref</infon><infon key="volume">37</infon><infon key="year">2013</infon><offset>22103</offset><text>Gender differences in natural language factors of subjective intoxication in college students: An experimental vignette study</text></passage><passage><infon key="fpage">448</infon><infon key="lpage">454</infon><infon key="name_0">surname:Levitt;given-names:A</infon><infon key="name_1">surname:Sher;given-names:KJ</infon><infon key="name_2">surname:Bartholow;given-names:BD</infon><infon key="section_type">REF</infon><infon key="source">Alcoholism: Clinical and Experimental Research</infon><infon key="type">ref</infon><infon key="volume">33</infon><infon key="year">2009</infon><offset>22229</offset><text>The language of intoxication: Preliminary investigations</text></passage><passage><infon key="fpage">50</infon><infon key="lpage">57</infon><infon key="name_0">surname:Linden-Carmichael;given-names:AN</infon><infon key="name_1">surname:Russell;given-names:MA</infon><infon key="name_2">surname:Lanza;given-names:ST</infon><infon key="pub-id_pmid">30589310</infon><infon key="section_type">REF</infon><infon key="source">Psychology of Addictive Behaviors</infon><infon key="type">ref</infon><infon key="volume">33</infon><infon key="year">2019</infon><offset>22286</offset><text>Flexibly modeling alcohol use disorder risk: How many drinks should we count?</text></passage><passage><infon key="fpage">450</infon><infon key="lpage">458</infon><infon key="name_0">surname:Marczinski;given-names:CA</infon><infon key="name_1">surname:Fillmore;given-names:MT</infon><infon key="pub-id_pmid">17115872</infon><infon key="section_type">REF</infon><infon key="source">Experimental and Clinical Psychopharmacology</infon><infon key="type">ref</infon><infon key="volume">14</infon><infon key="year">2006</infon><offset>22364</offset><text>Clubgoers and their trendy cocktails: Implications of mixing caffeine into alcohol on information processing and subjective reports of intoxication</text></passage><passage><infon key="fpage">140</infon><infon key="lpage">146</infon><infon key="name_0">surname:Martin;given-names:CS</infon><infon key="name_1">surname:Earleywine;given-names:M</infon><infon key="name_2">surname:Musty;given-names:RE</infon><infon key="name_3">surname:Perrine;given-names:MW</infon><infon key="name_4">surname:Swift;given-names:RM</infon><infon key="section_type">REF</infon><infon key="source">Alcoholism: Clinical and Experimental Research</infon><infon key="type">ref</infon><infon key="volume">17</infon><infon key="year">1993</infon><offset>22512</offset><text>Development and validation of the biphasic alcohol effects scale</text></passage><passage><infon key="name_0">surname:McCredie;given-names:MN</infon><infon key="name_1">surname:Morey;given-names:LC</infon><infon key="section_type">REF</infon><infon key="source">Assessment</infon><infon key="type">ref</infon><infon key="year">2018</infon><offset>22577</offset><text>Who are the Turkers? A characterization of MTurk workers using the Personality Assessment Inventory</text></passage><passage><infon key="name_0">surname:McIver;given-names:J</infon><infon key="name_1">surname:Carmines;given-names:EG</infon><infon key="section_type">REF</infon><infon key="source">Unidimensional scaling</infon><infon key="type">ref</infon><infon key="year">1981</infon><offset>22677</offset></passage><passage><infon key="fpage">1285</infon><infon key="lpage">1303</infon><infon key="name_0">surname:Midanik;given-names:LT</infon><infon key="pub-id_pmid">12908812</infon><infon key="section_type">REF</infon><infon key="source">Substance Use and Misuse</infon><infon key="type">ref</infon><infon key="volume">38</infon><infon key="year">2003</infon><offset>22678</offset><text>Definitions of drunkenness</text></passage><passage><infon key="fpage">780</infon><infon key="lpage">795</infon><infon key="name_0">surname:Morean;given-names:ME</infon><infon key="name_1">surname:Corbin;given-names:WR</infon><infon key="name_2">surname:Treat;given-names:TA</infon><infon key="pub-id_pmid">23647036</infon><infon key="section_type">REF</infon><infon key="source">Psychological Assessment</infon><infon key="type">ref</infon><infon key="volume">25</infon><infon key="year">2013</infon><offset>22705</offset><text>The subjective effects of alcohol scale: Development and psychometric evaluation of a novel assessment tool for measuring subjective response to alcohol</text></passage><passage><infon key="fpage">1720</infon><infon key="lpage">1726</infon><infon key="name_0">surname:Pearson;given-names:MR</infon><infon key="name_1">surname:Kirouac;given-names:M</infon><infon key="name_2">surname:Witkiewitz;given-names:K</infon><infon key="pub-id_pmid">27605077</infon><infon key="section_type">REF</infon><infon key="source">Addiction</infon><infon key="type">ref</infon><infon key="volume">111</infon><infon key="year">2016</infon><offset>22858</offset><text>Questioning the validity of the 4+/5+ binge or heavy drinking criterion in college and clinical populations</text></passage><passage><infon key="fpage">426</infon><infon key="lpage">433</infon><infon key="name_0">surname:Prince;given-names:MA</infon><infon key="name_1">surname:Conner;given-names:BT</infon><infon key="name_2">surname:Pearson;given-names:MR</infon><infon key="pub-id_pmid">29771542</infon><infon key="section_type">REF</infon><infon key="source">Psychology of Addictive Behaviors</infon><infon key="type">ref</infon><infon key="volume">32</infon><infon key="year">2018</infon><offset>22966</offset><text>Quantifying cannabis: A field study of marijuana quantity estimation</text></passage><passage><infon key="fpage">384</infon><infon key="lpage">392</infon><infon key="name_0">surname:Quinn;given-names:PD</infon><infon key="name_1">surname:Fromme;given-names:K</infon><infon key="pub-id_pmid">21688876</infon><infon key="section_type">REF</infon><infon key="source">Psychology of Addictive Behaviors</infon><infon key="type">ref</infon><infon key="volume">26</infon><infon key="year">2012</infon><offset>23035</offset><text>Event-level associations between objective and sujbective alcohol intoxication and driving after drinking across the college years</text></passage><passage><infon key="fpage">484</infon><infon key="lpage">495</infon><infon key="name_0">surname:Quinn;given-names:PD</infon><infon key="name_1">surname:Fromme;given-names:K</infon><infon key="section_type">REF</infon><infon key="source">Alcoholism: Clinical and Experimental Research</infon><infon key="type">ref</infon><infon key="volume">35</infon><infon key="year">2011</infon><offset>23166</offset><text>Predictors and outcomes of variability in subjective alcohol intoxication among college students: An event-level analysis across 4 years</text></passage><passage><infon key="fpage">2154</infon><infon key="lpage">2161</infon><infon key="name_0">surname:Ray;given-names:LA</infon><infon key="name_1">surname:MacKillop;given-names:J</infon><infon key="name_2">surname:Leventhal;given-names:A</infon><infon key="name_3">surname:Hutchison;given-names:KE</infon><infon key="section_type">REF</infon><infon key="source">Alcoholism: Clinical and Experimental Research</infon><infon key="type">ref</infon><infon key="volume">33</infon><infon key="year">2009</infon><offset>23303</offset><text>Catching the alcohol buzz: An examination of the latent factor structure of subjective intoxication</text></passage><passage><infon key="fpage">406</infon><infon key="lpage">413</infon><infon key="name_0">surname:Reich;given-names:RR</infon><infon key="name_1">surname:Ariel;given-names:I</infon><infon key="name_2">surname:Darkes;given-names:J</infon><infon key="name_3">surname:Goldman;given-names:MS</infon><infon key="pub-id_pmid">22288974</infon><infon key="section_type">REF</infon><infon key="source">Psychology of Addictive Behaviors</infon><infon key="type">ref</infon><infon key="volume">26</infon><infon key="year">2012</infon><offset>23403</offset><text>What do you mean “drunk”? Convergent validation of multiple methods of mapping alcohol expectancy memory networks</text></passage><passage><infon key="fpage">211</infon><infon key="lpage">216</infon><infon key="name_0">surname:Schuckit;given-names:MA</infon><infon key="name_1">surname:Gold;given-names:EO</infon><infon key="pub-id_pmid">3422553</infon><infon key="section_type">REF</infon><infon key="source">Archives of General Psychiatry</infon><infon key="type">ref</infon><infon key="volume">45</infon><infon key="year">1988</infon><offset>23521</offset><text>A simultaneous evaluation of multiple markers of ethanol/placebo challenges in sons of alcoholics and controls</text></passage><passage><infon key="name_0">surname:Schulenberg;given-names:JE</infon><infon key="name_1">surname:Johnston;given-names:LD</infon><infon key="name_2">surname:O’Malley;given-names:PM</infon><infon key="name_3">surname:Bachman;given-names:JG</infon><infon key="name_4">surname:Miech;given-names:RA</infon><infon key="name_5">surname:Patrick;given-names:ME</infon><infon key="section_type">REF</infon><infon key="source">Monitoring the Future national survey results on drug use, 1975–2017: Volume II, College students and adults ages 19–55</infon><infon key="type">ref</infon><infon key="year">2018</infon><offset>23632</offset></passage><passage><infon key="fpage">e184841</infon><infon key="issue">7</infon><infon key="name_0">surname:Spindle;given-names:TR</infon><infon key="name_1">surname:Cone;given-names:EJ</infon><infon key="name_2">surname:Schlienz;given-names:NJ</infon><infon key="name_3">surname:Mitchell;given-names:JM</infon><infon key="name_4">surname:Bigelow;given-names:GE</infon><infon key="name_5">surname:Flegel;given-names:R</infon><infon key="name_6">surname:Vandrey;given-names:R</infon><infon key="pub-id_pmid">30646391</infon><infon key="section_type">REF</infon><infon key="source">JAMA Network Open</infon><infon key="type">ref</infon><infon key="volume">1</infon><infon key="year">2018</infon><offset>23633</offset><text>Acute effects of smoked and vaporized cannabis in healthy adults who infrequently use cannabis</text></passage><passage><infon key="fpage">872</infon><infon key="lpage">879</infon><infon key="name_0">surname:Subbaraman;given-names:MS</infon><infon key="name_1">surname:Kerr;given-names:WC</infon><infon key="section_type">REF</infon><infon key="source">Alcoholism: Clinical and Experimental Research</infon><infon key="type">ref</infon><infon key="volume">39</infon><infon key="year">2015</infon><offset>23728</offset><text>Simultaneous versus concurrent use of alcohol and cannabis in the national alcohol survey</text></passage><passage><infon key="fpage">31</infon><infon key="lpage">36</infon><infon key="name_0">surname:Thombs;given-names:D</infon><infon key="name_1">surname:Rossheim;given-names:M</infon><infon key="name_2">surname:Barnett;given-names:TE</infon><infon key="name_3">surname:Weiler;given-names:RM</infon><infon key="name_4">surname:Moorhouse;given-names:MD</infon><infon key="name_5">surname:Coleman;given-names:BN</infon><infon key="pub-id_pmid">21177047</infon><infon key="section_type">REF</infon><infon key="source">Drug and Alcohol Dependence</infon><infon key="type">ref</infon><infon key="volume">116</infon><infon key="year">2011</infon><offset>23818</offset><text>Is there a misplaced focus on AmED? Associations between caffeine mixers and bar patron intoxication</text></passage><passage><infon key="fpage">201</infon><infon key="lpage">218</infon><infon key="name_0">surname:White;given-names:A</infon><infon key="name_1">surname:Hingson;given-names:R</infon><infon key="pub-id_pmid">24881329</infon><infon key="section_type">REF</infon><infon key="source">Alcohol Research : Current Reviews</infon><infon key="type">ref</infon><infon key="volume">35</infon><infon key="year">2013</infon><offset>23919</offset><text>The burden of alcohol use: Excessive alcohol consumption and related consequences among college students</text></passage><passage><infon key="name_0">surname:Yusoff;given-names:R</infon><infon key="name_1">surname:Janor;given-names:RM</infon><infon key="section_type">REF</infon><infon key="type">ref</infon><infon key="year">2012</infon><offset>24024</offset><text>A proposed metric scale for expressing opinion</text></passage><passage><infon key="fpage">1</infon><infon key="lpage">16</infon><infon key="name_0">surname:Yusoff;given-names:R</infon><infon key="name_1">surname:Janor;given-names:RM</infon><infon key="section_type">REF</infon><infon key="source">Sage Open</infon><infon key="type">ref</infon><infon key="volume">4</infon><infon key="year">2014</infon><offset>24071</offset><text>Generation of an interval metric scale to measure attitude</text></passage><passage><infon key="file">nihms-1066461-f0001.jpg</infon><infon key="id">F1</infon><infon key="section_type">FIG</infon><infon key="type">fig_caption</infon><offset>24130</offset><text>Four-anchored sliding scales for assessing subjective feelings (a) when using alcohol and (b) when using marijuana.</text></passage><passage><infon key="file">T1.xml</infon><infon key="id">T1</infon><infon key="section_type">TABLE</infon><infon key="type">table_caption</infon><offset>24246</offset><text>Self-Generated (Study 1) and Self-Ranked (Study 2) Subjective Effect Terms for Alcohol Use and for Marijuana Use</text></passage><passage><infon key="file">T1.xml</infon><infon key="id">T1</infon><infon key="section_type">TABLE</infon><infon key="type">table</infon><infon key="xml">&lt;?xml version=&quot;1.0&quot; encoding=&quot;UTF-8&quot;?&gt;
&lt;table frame=&quot;hsides&quot; rules=&quot;none&quot;&gt;
        &lt;colgroup span=&quot;1&quot;&gt;
          &lt;col align=&quot;left&quot; valign=&quot;middle&quot; span=&quot;1&quot;/&gt;
          &lt;col align=&quot;left&quot; valign=&quot;middle&quot; span=&quot;1&quot;/&gt;
          &lt;col align=&quot;left&quot; valign=&quot;middle&quot; span=&quot;1&quot;/&gt;
          &lt;col align=&quot;left&quot; valign=&quot;middle&quot; span=&quot;1&quot;/&gt;
        &lt;/colgroup&gt;
        &lt;tbody&gt;
          &lt;tr&gt;
            &lt;th colspan=&quot;4&quot; align=&quot;center&quot; valign=&quot;top&quot; rowspan=&quot;1&quot;&gt;
              &lt;underline&gt;Study 1: Impairment Terms Generated for Alcohol Use and Marijuana Use (n = 323)&lt;/underline&gt;
            &lt;/th&gt;
          &lt;/tr&gt;
          &lt;tr&gt;
            &lt;th colspan=&quot;2&quot; align=&quot;center&quot; valign=&quot;bottom&quot; style=&quot;border-bottom: solid 1px&quot; rowspan=&quot;1&quot;&gt;Alcohol Terms&lt;/th&gt;
            &lt;th colspan=&quot;2&quot; align=&quot;center&quot; valign=&quot;bottom&quot; style=&quot;border-bottom: solid 1px&quot; rowspan=&quot;1&quot;&gt;Marijuana Terms&lt;/th&gt;
          &lt;/tr&gt;
          &lt;tr&gt;
            &lt;th align=&quot;center&quot; valign=&quot;middle&quot; style=&quot;border-bottom: solid 1px&quot; rowspan=&quot;1&quot; colspan=&quot;1&quot;&gt;Word&lt;/th&gt;
            &lt;th align=&quot;center&quot; valign=&quot;middle&quot; style=&quot;border-bottom: solid 1px&quot; rowspan=&quot;1&quot; colspan=&quot;1&quot;&gt;Number (Percentage) of People Who Generated Word&lt;/th&gt;
            &lt;th align=&quot;center&quot; valign=&quot;middle&quot; style=&quot;border-bottom: solid 1px&quot; rowspan=&quot;1&quot; colspan=&quot;1&quot;&gt;Word&lt;/th&gt;
            &lt;th align=&quot;center&quot; valign=&quot;middle&quot; style=&quot;border-bottom: solid 1px&quot; rowspan=&quot;1&quot; colspan=&quot;1&quot;&gt;Number (Percentage) of People Who Generated Word&lt;/th&gt;
          &lt;/tr&gt;
          &lt;tr&gt;
            &lt;td align=&quot;left&quot; valign=&quot;middle&quot; rowspan=&quot;1&quot; colspan=&quot;1&quot;&gt;Buzzed&lt;/td&gt;
            &lt;td align=&quot;center&quot; valign=&quot;middle&quot; rowspan=&quot;1&quot; colspan=&quot;1&quot;&gt;188 (58.2%)&lt;/td&gt;
            &lt;td align=&quot;left&quot; valign=&quot;middle&quot; rowspan=&quot;1&quot; colspan=&quot;1&quot;&gt;High&lt;/td&gt;
            &lt;td align=&quot;center&quot; valign=&quot;middle&quot; rowspan=&quot;1&quot; colspan=&quot;1&quot;&gt;158 (48.9%)&lt;/td&gt;
          &lt;/tr&gt;
          &lt;tr&gt;
            &lt;td align=&quot;left&quot; valign=&quot;middle&quot; rowspan=&quot;1&quot; colspan=&quot;1&quot;&gt;Drunk&lt;/td&gt;
            &lt;td align=&quot;center&quot; valign=&quot;middle&quot; rowspan=&quot;1&quot; colspan=&quot;1&quot;&gt;114 (35.3%)&lt;/td&gt;
            &lt;td align=&quot;left&quot; valign=&quot;middle&quot; rowspan=&quot;1&quot; colspan=&quot;1&quot;&gt;Relaxed&lt;/td&gt;
            &lt;td align=&quot;center&quot; valign=&quot;middle&quot; rowspan=&quot;1&quot; colspan=&quot;1&quot;&gt;113 (35.0%)&lt;/td&gt;
          &lt;/tr&gt;
          &lt;tr&gt;
            &lt;td align=&quot;left&quot; valign=&quot;middle&quot; rowspan=&quot;1&quot; colspan=&quot;1&quot;&gt;Tipsy&lt;/td&gt;
            &lt;td align=&quot;center&quot; valign=&quot;middle&quot; rowspan=&quot;1&quot; colspan=&quot;1&quot;&gt;102 (31.6%)&lt;/td&gt;
            &lt;td align=&quot;left&quot; valign=&quot;middle&quot; rowspan=&quot;1&quot; colspan=&quot;1&quot;&gt;Sleepy/Tired&lt;/td&gt;
            &lt;td align=&quot;center&quot; valign=&quot;middle&quot; rowspan=&quot;1&quot; colspan=&quot;1&quot;&gt;88 (27.2%)&lt;/td&gt;
          &lt;/tr&gt;
          &lt;tr&gt;
            &lt;td align=&quot;left&quot; valign=&quot;middle&quot; rowspan=&quot;1&quot; colspan=&quot;1&quot;&gt;Happy&lt;/td&gt;
            &lt;td align=&quot;center&quot; valign=&quot;middle&quot; rowspan=&quot;1&quot; colspan=&quot;1&quot;&gt;98 (30.3%)&lt;/td&gt;
            &lt;td align=&quot;left&quot; valign=&quot;middle&quot; rowspan=&quot;1&quot; colspan=&quot;1&quot;&gt;Calm/Chill&lt;/td&gt;
            &lt;td align=&quot;center&quot; valign=&quot;middle&quot; rowspan=&quot;1&quot; colspan=&quot;1&quot;&gt;87 (26.9%)&lt;/td&gt;
          &lt;/tr&gt;
          &lt;tr&gt;
            &lt;td align=&quot;left&quot; valign=&quot;middle&quot; rowspan=&quot;1&quot; colspan=&quot;1&quot;&gt;Relaxed&lt;/td&gt;
            &lt;td align=&quot;center&quot; valign=&quot;middle&quot; rowspan=&quot;1&quot; colspan=&quot;1&quot;&gt;78 (24.1%)&lt;/td&gt;
            &lt;td align=&quot;left&quot; valign=&quot;middle&quot; rowspan=&quot;1&quot; colspan=&quot;1&quot;&gt;Stoned&lt;/td&gt;
            &lt;td align=&quot;center&quot; valign=&quot;middle&quot; rowspan=&quot;1&quot; colspan=&quot;1&quot;&gt;87 (26.9%)&lt;/td&gt;
          &lt;/tr&gt;
          &lt;tr&gt;
            &lt;td align=&quot;left&quot; valign=&quot;middle&quot; rowspan=&quot;1&quot; colspan=&quot;1&quot;&gt;Nice/Good/Fine&lt;/td&gt;
            &lt;td align=&quot;center&quot; valign=&quot;middle&quot; rowspan=&quot;1&quot; colspan=&quot;1&quot;&gt;66 (20.4%)&lt;/td&gt;
            &lt;td align=&quot;left&quot; valign=&quot;middle&quot; rowspan=&quot;1&quot; colspan=&quot;1&quot;&gt;Happy&lt;/td&gt;
            &lt;td align=&quot;center&quot; valign=&quot;middle&quot; rowspan=&quot;1&quot; colspan=&quot;1&quot;&gt;86 (26.6%)&lt;/td&gt;
          &lt;/tr&gt;
          &lt;tr&gt;
            &lt;td align=&quot;left&quot; valign=&quot;middle&quot; rowspan=&quot;1&quot; colspan=&quot;1&quot;&gt;Dizzy&lt;/td&gt;
            &lt;td align=&quot;center&quot; valign=&quot;middle&quot; rowspan=&quot;1&quot; colspan=&quot;1&quot;&gt;58 (18.0%)&lt;/td&gt;
            &lt;td align=&quot;left&quot; valign=&quot;middle&quot; rowspan=&quot;1&quot; colspan=&quot;1&quot;&gt;Buzzed&lt;/td&gt;
            &lt;td align=&quot;center&quot; valign=&quot;middle&quot; rowspan=&quot;1&quot; colspan=&quot;1&quot;&gt;74 (22.9%)&lt;/td&gt;
          &lt;/tr&gt;
          &lt;tr&gt;
            &lt;td align=&quot;left&quot; valign=&quot;middle&quot; rowspan=&quot;1&quot; colspan=&quot;1&quot;&gt;Sleepy/Tired&lt;/td&gt;
            &lt;td align=&quot;center&quot; valign=&quot;middle&quot; rowspan=&quot;1&quot; colspan=&quot;1&quot;&gt;56 (17.3%)&lt;/td&gt;
            &lt;td align=&quot;left&quot; valign=&quot;middle&quot; rowspan=&quot;1&quot; colspan=&quot;1&quot;&gt;Nice/Good/Fine&lt;/td&gt;
            &lt;td align=&quot;center&quot; valign=&quot;middle&quot; rowspan=&quot;1&quot; colspan=&quot;1&quot;&gt;64 (19.8%)&lt;/td&gt;
          &lt;/tr&gt;
          &lt;tr&gt;
            &lt;td align=&quot;left&quot; valign=&quot;middle&quot; rowspan=&quot;1&quot; colspan=&quot;1&quot;&gt;Calm/Chill&lt;/td&gt;
            &lt;td align=&quot;center&quot; valign=&quot;middle&quot; rowspan=&quot;1&quot; colspan=&quot;1&quot;&gt;52 (16.1%)&lt;/td&gt;
            &lt;td align=&quot;left&quot; valign=&quot;middle&quot; rowspan=&quot;1&quot; colspan=&quot;1&quot;&gt;Sober/Nothing&lt;/td&gt;
            &lt;td align=&quot;center&quot; valign=&quot;middle&quot; rowspan=&quot;1&quot; colspan=&quot;1&quot;&gt;63 (19.5%)&lt;/td&gt;
          &lt;/tr&gt;
          &lt;tr&gt;
            &lt;td align=&quot;left&quot; valign=&quot;middle&quot; rowspan=&quot;1&quot; colspan=&quot;1&quot;&gt;Wasted&lt;/td&gt;
            &lt;td align=&quot;center&quot; valign=&quot;middle&quot; rowspan=&quot;1&quot; colspan=&quot;1&quot;&gt;44 (13.6%)&lt;/td&gt;
            &lt;td align=&quot;left&quot; valign=&quot;middle&quot; rowspan=&quot;1&quot; colspan=&quot;1&quot;&gt;Hungry&lt;/td&gt;
            &lt;td align=&quot;center&quot; valign=&quot;middle&quot; rowspan=&quot;1&quot; colspan=&quot;1&quot;&gt;45 (13.9%)&lt;/td&gt;
          &lt;/tr&gt;
          &lt;tr&gt;
            &lt;td align=&quot;left&quot; valign=&quot;middle&quot; rowspan=&quot;1&quot; colspan=&quot;1&quot;&gt;Loose&lt;/td&gt;
            &lt;td align=&quot;center&quot; valign=&quot;middle&quot; rowspan=&quot;1&quot; colspan=&quot;1&quot;&gt;33 (10.2%)&lt;/td&gt;
            &lt;td align=&quot;left&quot; valign=&quot;middle&quot; rowspan=&quot;1&quot; colspan=&quot;1&quot;&gt;Baked&lt;/td&gt;
            &lt;td align=&quot;center&quot; valign=&quot;middle&quot; rowspan=&quot;1&quot; colspan=&quot;1&quot;&gt;29 (9.0%)&lt;/td&gt;
          &lt;/tr&gt;
          &lt;tr&gt;
            &lt;td align=&quot;left&quot; valign=&quot;middle&quot; rowspan=&quot;1&quot; colspan=&quot;1&quot;&gt;Hammered&lt;/td&gt;
            &lt;td align=&quot;center&quot; valign=&quot;middle&quot; rowspan=&quot;1&quot; colspan=&quot;1&quot;&gt;28 (8.7%)&lt;/td&gt;
            &lt;td align=&quot;left&quot; valign=&quot;middle&quot; rowspan=&quot;1&quot; colspan=&quot;1&quot;&gt;Dizzy&lt;/td&gt;
            &lt;td align=&quot;center&quot; valign=&quot;middle&quot; rowspan=&quot;1&quot; colspan=&quot;1&quot;&gt;19 (5.9%)&lt;/td&gt;
          &lt;/tr&gt;
          &lt;tr&gt;
            &lt;td align=&quot;left&quot; valign=&quot;middle&quot; style=&quot;border-bottom: solid 1px&quot; rowspan=&quot;1&quot; colspan=&quot;1&quot;&gt;Blackout/Passed out&lt;/td&gt;
            &lt;td align=&quot;center&quot; valign=&quot;middle&quot; style=&quot;border-bottom: solid 1px&quot; rowspan=&quot;1&quot; colspan=&quot;1&quot;&gt;24 (7.4%)&lt;/td&gt;
            &lt;td align=&quot;left&quot; valign=&quot;middle&quot; style=&quot;border-bottom: solid 1px&quot; rowspan=&quot;1&quot; colspan=&quot;1&quot;&gt;Paranoid&lt;/td&gt;
            &lt;td align=&quot;center&quot; valign=&quot;middle&quot; style=&quot;border-bottom: solid 1px&quot; rowspan=&quot;1&quot; colspan=&quot;1&quot;&gt;19 (5.9%)&lt;/td&gt;
          &lt;/tr&gt;
        &lt;/tbody&gt;
        &lt;tbody&gt;
          &lt;tr&gt;
            &lt;th colspan=&quot;4&quot; align=&quot;center&quot; valign=&quot;middle&quot; rowspan=&quot;1&quot;&gt;
              &lt;underline&gt;Study 2: Rank-Ordered Impairment Terms for Alcohol Use and Marijuana Use (n = 289)&lt;/underline&gt;
            &lt;/th&gt;
          &lt;/tr&gt;
          &lt;tr&gt;
            &lt;th colspan=&quot;2&quot; align=&quot;center&quot; valign=&quot;bottom&quot; style=&quot;border-bottom: solid 1px&quot; rowspan=&quot;1&quot;&gt;Alcohol Terms&lt;/th&gt;
            &lt;th colspan=&quot;2&quot; align=&quot;center&quot; valign=&quot;bottom&quot; style=&quot;border-bottom: solid 1px&quot; rowspan=&quot;1&quot;&gt;Marijuana Terms&lt;/th&gt;
          &lt;/tr&gt;
          &lt;tr&gt;
            &lt;th align=&quot;center&quot; valign=&quot;middle&quot; style=&quot;border-bottom: solid 1px&quot; rowspan=&quot;1&quot; colspan=&quot;1&quot;&gt;Rank-Ordered Word (Effective &lt;italic&gt;N&lt;/italic&gt;)&lt;/th&gt;
            &lt;th align=&quot;center&quot; valign=&quot;middle&quot; style=&quot;border-bottom: solid 1px&quot; rowspan=&quot;1&quot; colspan=&quot;1&quot;&gt;&lt;italic&gt;M&lt;/italic&gt; Placement in Level of Impairment Due to Alcohol Use&lt;/th&gt;
            &lt;th align=&quot;center&quot; valign=&quot;middle&quot; style=&quot;border-bottom: solid 1px&quot; rowspan=&quot;1&quot; colspan=&quot;1&quot;&gt;Rank-Ordered Word (Effective &lt;italic&gt;N&lt;/italic&gt;)&lt;/th&gt;
            &lt;th align=&quot;center&quot; valign=&quot;middle&quot; style=&quot;border-bottom: solid 1px&quot; rowspan=&quot;1&quot; colspan=&quot;1&quot;&gt;&lt;italic&gt;M&lt;/italic&gt; Placement in Level of Impairment Due to Marijuana Use&lt;/th&gt;
          &lt;/tr&gt;
          &lt;tr&gt;
            &lt;td align=&quot;left&quot; valign=&quot;middle&quot; rowspan=&quot;1&quot; colspan=&quot;1&quot;&gt;Buzzed (242)&lt;/td&gt;
            &lt;td align=&quot;center&quot; valign=&quot;middle&quot; rowspan=&quot;1&quot; colspan=&quot;1&quot;&gt;36.34&lt;/td&gt;
            &lt;td align=&quot;left&quot; valign=&quot;middle&quot; rowspan=&quot;1&quot; colspan=&quot;1&quot;&gt;Sober/Nothing (109)&lt;/td&gt;
            &lt;td align=&quot;center&quot; valign=&quot;middle&quot; rowspan=&quot;1&quot; colspan=&quot;1&quot;&gt;26.23&lt;/td&gt;
          &lt;/tr&gt;
          &lt;tr&gt;
            &lt;td align=&quot;left&quot; valign=&quot;middle&quot; rowspan=&quot;1&quot; colspan=&quot;1&quot;&gt;Nice/Good/Fine (238)&lt;/td&gt;
            &lt;td align=&quot;center&quot; valign=&quot;middle&quot; rowspan=&quot;1&quot; colspan=&quot;1&quot;&gt;38.46&lt;/td&gt;
            &lt;td align=&quot;left&quot; valign=&quot;middle&quot; rowspan=&quot;1&quot; colspan=&quot;1&quot;&gt;Relaxed (269)&lt;/td&gt;
            &lt;td align=&quot;center&quot; valign=&quot;middle&quot; rowspan=&quot;1&quot; colspan=&quot;1&quot;&gt;37.49&lt;/td&gt;
          &lt;/tr&gt;
          &lt;tr&gt;
            &lt;td align=&quot;left&quot; valign=&quot;middle&quot; rowspan=&quot;1&quot; colspan=&quot;1&quot;&gt;Tipsy (237)&lt;/td&gt;
            &lt;td align=&quot;center&quot; valign=&quot;middle&quot; rowspan=&quot;1&quot; colspan=&quot;1&quot;&gt;41.18&lt;/td&gt;
            &lt;td align=&quot;left&quot; valign=&quot;middle&quot; rowspan=&quot;1&quot; colspan=&quot;1&quot;&gt;Calm/Chill (256)&lt;/td&gt;
            &lt;td align=&quot;center&quot; valign=&quot;middle&quot; rowspan=&quot;1&quot; colspan=&quot;1&quot;&gt;43.59&lt;/td&gt;
          &lt;/tr&gt;
          &lt;tr&gt;
            &lt;td align=&quot;left&quot; valign=&quot;middle&quot; rowspan=&quot;1&quot; colspan=&quot;1&quot;&gt;Relaxed (229)&lt;/td&gt;
            &lt;td align=&quot;center&quot; valign=&quot;middle&quot; rowspan=&quot;1&quot; colspan=&quot;1&quot;&gt;41.60&lt;/td&gt;
            &lt;td align=&quot;left&quot; valign=&quot;middle&quot; rowspan=&quot;1&quot; colspan=&quot;1&quot;&gt;Nice/Good/Fine (240)&lt;/td&gt;
            &lt;td align=&quot;center&quot; valign=&quot;middle&quot; rowspan=&quot;1&quot; colspan=&quot;1&quot;&gt;43.61&lt;/td&gt;
          &lt;/tr&gt;
          &lt;tr&gt;
            &lt;td align=&quot;left&quot; valign=&quot;middle&quot; rowspan=&quot;1&quot; colspan=&quot;1&quot;&gt;Calm/Chill (206)&lt;/td&gt;
            &lt;td align=&quot;center&quot; valign=&quot;middle&quot; rowspan=&quot;1&quot; colspan=&quot;1&quot;&gt;42.34&lt;/td&gt;
            &lt;td align=&quot;left&quot; valign=&quot;middle&quot; rowspan=&quot;1&quot; colspan=&quot;1&quot;&gt;Buzzed (139)&lt;/td&gt;
            &lt;td align=&quot;center&quot; valign=&quot;middle&quot; rowspan=&quot;1&quot; colspan=&quot;1&quot;&gt;44.76&lt;/td&gt;
          &lt;/tr&gt;
          &lt;tr&gt;
            &lt;td align=&quot;left&quot; valign=&quot;middle&quot; rowspan=&quot;1&quot; colspan=&quot;1&quot;&gt;Happy (244)&lt;/td&gt;
            &lt;td align=&quot;center&quot; valign=&quot;middle&quot; rowspan=&quot;1&quot; colspan=&quot;1&quot;&gt;43.27&lt;/td&gt;
            &lt;td align=&quot;left&quot; valign=&quot;middle&quot; rowspan=&quot;1&quot; colspan=&quot;1&quot;&gt;High (264)&lt;/td&gt;
            &lt;td align=&quot;center&quot; valign=&quot;middle&quot; rowspan=&quot;1&quot; colspan=&quot;1&quot;&gt;45.29&lt;/td&gt;
          &lt;/tr&gt;
          &lt;tr&gt;
            &lt;td align=&quot;left&quot; valign=&quot;middle&quot; rowspan=&quot;1&quot; colspan=&quot;1&quot;&gt;Loose (140)&lt;/td&gt;
            &lt;td align=&quot;center&quot; valign=&quot;middle&quot; rowspan=&quot;1&quot; colspan=&quot;1&quot;&gt;48.67&lt;/td&gt;
            &lt;td align=&quot;left&quot; valign=&quot;middle&quot; rowspan=&quot;1&quot; colspan=&quot;1&quot;&gt;Happy (237)&lt;/td&gt;
            &lt;td align=&quot;center&quot; valign=&quot;middle&quot; rowspan=&quot;1&quot; colspan=&quot;1&quot;&gt;47.62&lt;/td&gt;
          &lt;/tr&gt;
          &lt;tr&gt;
            &lt;td align=&quot;left&quot; valign=&quot;middle&quot; rowspan=&quot;1&quot; colspan=&quot;1&quot;&gt;Drunk (255)&lt;/td&gt;
            &lt;td align=&quot;center&quot; valign=&quot;middle&quot; rowspan=&quot;1&quot; colspan=&quot;1&quot;&gt;51.60&lt;/td&gt;
            &lt;td align=&quot;left&quot; valign=&quot;middle&quot; rowspan=&quot;1&quot; colspan=&quot;1&quot;&gt;Hungry (216)&lt;/td&gt;
            &lt;td align=&quot;center&quot; valign=&quot;middle&quot; rowspan=&quot;1&quot; colspan=&quot;1&quot;&gt;58.10&lt;/td&gt;
          &lt;/tr&gt;
          &lt;tr&gt;
            &lt;td align=&quot;left&quot; valign=&quot;middle&quot; rowspan=&quot;1&quot; colspan=&quot;1&quot;&gt;Dizzy (173)&lt;/td&gt;
            &lt;td align=&quot;center&quot; valign=&quot;middle&quot; rowspan=&quot;1&quot; colspan=&quot;1&quot;&gt;60.31&lt;/td&gt;
            &lt;td align=&quot;left&quot; valign=&quot;middle&quot; rowspan=&quot;1&quot; colspan=&quot;1&quot;&gt;Stoned (229)&lt;/td&gt;
            &lt;td align=&quot;center&quot; valign=&quot;middle&quot; rowspan=&quot;1&quot; colspan=&quot;1&quot;&gt;59.68&lt;/td&gt;
          &lt;/tr&gt;
          &lt;tr&gt;
            &lt;td align=&quot;left&quot; valign=&quot;middle&quot; rowspan=&quot;1&quot; colspan=&quot;1&quot;&gt;Sleepy/Tired (182)&lt;/td&gt;
            &lt;td align=&quot;center&quot; valign=&quot;middle&quot; rowspan=&quot;1&quot; colspan=&quot;1&quot;&gt;60.77&lt;/td&gt;
            &lt;td align=&quot;left&quot; valign=&quot;middle&quot; rowspan=&quot;1&quot; colspan=&quot;1&quot;&gt;Dizzy (90)&lt;/td&gt;
            &lt;td align=&quot;center&quot; valign=&quot;middle&quot; rowspan=&quot;1&quot; colspan=&quot;1&quot;&gt;60.36&lt;/td&gt;
          &lt;/tr&gt;
          &lt;tr&gt;
            &lt;td align=&quot;left&quot; valign=&quot;middle&quot; rowspan=&quot;1&quot; colspan=&quot;1&quot;&gt;Hammered (165)&lt;/td&gt;
            &lt;td align=&quot;center&quot; valign=&quot;middle&quot; rowspan=&quot;1&quot; colspan=&quot;1&quot;&gt;63.98&lt;/td&gt;
            &lt;td align=&quot;left&quot; valign=&quot;middle&quot; rowspan=&quot;1&quot; colspan=&quot;1&quot;&gt;Baked (166)&lt;/td&gt;
            &lt;td align=&quot;center&quot; valign=&quot;middle&quot; rowspan=&quot;1&quot; colspan=&quot;1&quot;&gt;60.78&lt;/td&gt;
          &lt;/tr&gt;
          &lt;tr&gt;
            &lt;td align=&quot;left&quot; valign=&quot;middle&quot; rowspan=&quot;1&quot; colspan=&quot;1&quot;&gt;Wasted (188)&lt;/td&gt;
            &lt;td align=&quot;center&quot; valign=&quot;middle&quot; rowspan=&quot;1&quot; colspan=&quot;1&quot;&gt;65.29&lt;/td&gt;
            &lt;td align=&quot;left&quot; valign=&quot;middle&quot; rowspan=&quot;1&quot; colspan=&quot;1&quot;&gt;Sleepy/Tired (197)&lt;/td&gt;
            &lt;td align=&quot;center&quot; valign=&quot;middle&quot; rowspan=&quot;1&quot; colspan=&quot;1&quot;&gt;64.71&lt;/td&gt;
          &lt;/tr&gt;
          &lt;tr&gt;
            &lt;td align=&quot;left&quot; valign=&quot;middle&quot; rowspan=&quot;1&quot; colspan=&quot;1&quot;&gt;Blackout/Passed out (148)&lt;/td&gt;
            &lt;td align=&quot;center&quot; valign=&quot;middle&quot; rowspan=&quot;1&quot; colspan=&quot;1&quot;&gt;77.95&lt;/td&gt;
            &lt;td align=&quot;left&quot; valign=&quot;middle&quot; rowspan=&quot;1&quot; colspan=&quot;1&quot;&gt;Paranoid (121)&lt;/td&gt;
            &lt;td align=&quot;center&quot; valign=&quot;middle&quot; rowspan=&quot;1&quot; colspan=&quot;1&quot;&gt;67.17&lt;/td&gt;
          &lt;/tr&gt;
        &lt;/tbody&gt;
      &lt;/table&gt;
</infon><offset>24359</offset><text>Study 1: Impairment Terms Generated for Alcohol Use and Marijuana Use (n = 323)	 	Alcohol Terms	Marijuana Terms	 	Word	Number (Percentage) of People Who Generated Word	Word	Number (Percentage) of People Who Generated Word	 	Buzzed	188 (58.2%)	High	158 (48.9%)	 	Drunk	114 (35.3%)	Relaxed	113 (35.0%)	 	Tipsy	102 (31.6%)	Sleepy/Tired	88 (27.2%)	 	Happy	98 (30.3%)	Calm/Chill	87 (26.9%)	 	Relaxed	78 (24.1%)	Stoned	87 (26.9%)	 	Nice/Good/Fine	66 (20.4%)	Happy	86 (26.6%)	 	Dizzy	58 (18.0%)	Buzzed	74 (22.9%)	 	Sleepy/Tired	56 (17.3%)	Nice/Good/Fine	64 (19.8%)	 	Calm/Chill	52 (16.1%)	Sober/Nothing	63 (19.5%)	 	Wasted	44 (13.6%)	Hungry	45 (13.9%)	 	Loose	33 (10.2%)	Baked	29 (9.0%)	 	Hammered	28 (8.7%)	Dizzy	19 (5.9%)	 	Blackout/Passed out	24 (7.4%)	Paranoid	19 (5.9%)	 	Study 2: Rank-Ordered Impairment Terms for Alcohol Use and Marijuana Use (n = 289)	 	Alcohol Terms	Marijuana Terms	 	Rank-Ordered Word (Effective N)	M Placement in Level of Impairment Due to Alcohol Use	Rank-Ordered Word (Effective N)	M Placement in Level of Impairment Due to Marijuana Use	 	Buzzed (242)	36.34	Sober/Nothing (109)	26.23	 	Nice/Good/Fine (238)	38.46	Relaxed (269)	37.49	 	Tipsy (237)	41.18	Calm/Chill (256)	43.59	 	Relaxed (229)	41.60	Nice/Good/Fine (240)	43.61	 	Calm/Chill (206)	42.34	Buzzed (139)	44.76	 	Happy (244)	43.27	High (264)	45.29	 	Loose (140)	48.67	Happy (237)	47.62	 	Drunk (255)	51.60	Hungry (216)	58.10	 	Dizzy (173)	60.31	Stoned (229)	59.68	 	Sleepy/Tired (182)	60.77	Dizzy (90)	60.36	 	Hammered (165)	63.98	Baked (166)	60.78	 	Wasted (188)	65.29	Sleepy/Tired (197)	64.71	 	Blackout/Passed out (148)	77.95	Paranoid (121)	67.17	 	</text></passage><passage><infon key="file">T1.xml</infon><infon key="id">T1</infon><infon key="section_type">TABLE</infon><infon key="type">table_footnote</infon><offset>25994</offset><text>Note. In Study 2, effective N refers to the number of participants (out of 289) who used each word in their own rank-ordered list. Words were separately selected as anchor points for the alcohol effects scale and the marijuana effects scale. The most commonly used words among lower, moderate, high, and very high levels were selected as anchor points. Words that did not reflect meaningful feelings of impairment or behavioral results of use were excluded.</text></passage><passage><infon key="section_type">REF</infon><infon key="type">title_caption</infon><offset>26452</offset><text>Public Health Significance:</text></passage><passage><infon key="section_type">REF</infon><infon key="type">paragraph</infon><offset>26480</offset><text>Using contemporary young adult language, we developed two sliding scales to assess subjective feelings for alcohol and marijuana use. These metrics may better capture variability in young adults’ subjective feelings of alcohol- and marijuana-related effects.</text></passage></document></collection>
