<?xml version="1.0" encoding="UTF-8"?>
<!DOCTYPE collection SYSTEM "BioC.dtd">
<collection><source>PMC</source><date>20201223</date><key>pmc.key</key><document><id>7326699</id><infon key="license">CC BY</infon><passage><infon key="article-id_doi">10.1038/s41375-020-0742-z</infon><infon key="article-id_pmc">7326699</infon><infon key="article-id_pmid">32060406</infon><infon key="article-id_publisher-id">742</infon><infon key="fpage">1866</infon><infon key="issue">7</infon><infon key="kwd">Risk factors Myeloma Myeloma</infon><infon key="license">Open Access This article is licensed under a Creative Commons Attribution 4.0 International License, which permits use, sharing, adaptation, distribution and reproduction in any medium or format, as long as you give appropriate credit to the original author(s) and the source, provide a link to the Creative Commons license, and indicate if changes were made. The images or other third party material in this article are included in the article’s Creative Commons license, unless indicated otherwise in a credit line to the material. If material is not included in the article’s Creative Commons license and your intended use is not permitted by statutory regulation or exceeds the permitted use, you will need to obtain permission directly from the copyright holder. To view a copy of this license, visit http://creativecommons.org/licenses/by/4.0/.</infon><infon key="lpage">1874</infon><infon key="name_0">surname:Mason;given-names:Mike J.</infon><infon key="name_1">surname:Schinke;given-names:Carolina</infon><infon key="name_10">surname:Cui;given-names:Yi</infon><infon key="name_11">surname:Li;given-names:Bailiang</infon><infon key="name_12">surname:Yu;given-names:Thomas</infon><infon key="name_13">surname:Chaibub Neto;given-names:Elias</infon><infon key="name_14">surname:Mavrommatis;given-names:Konstantinos</infon><infon key="name_15">surname:Ortiz;given-names:Maria</infon><infon key="name_16">surname:Lyzogubov;given-names:Valeriy</infon><infon key="name_17">surname:Bisht;given-names:Kamlesh</infon><infon key="name_18">surname:Dai;given-names:Hongyue Y.</infon><infon key="name_19">surname:Schmitz;given-names:Frank</infon><infon key="name_2">surname:Eng;given-names:Christine L. P.</infon><infon key="name_20">surname:Flynt;given-names:Erin</infon><infon key="name_21">surname:Dan Rozelle</infon><infon key="name_22">surname:Danziger;given-names:Samuel A.</infon><infon key="name_23">surname:Ratushny;given-names:Alexander</infon><infon key="name_24">surname:Dalton;given-names:William S.</infon><infon key="name_25">surname:Goldschmidt;given-names:Hartmut</infon><infon key="name_26">surname:Avet-Loiseau;given-names:Herve</infon><infon key="name_27">surname:Samur;given-names:Mehmet</infon><infon key="name_28">surname:Hayete;given-names:Boris</infon><infon key="name_29">surname:Sonneveld;given-names:Pieter</infon><infon key="name_3">surname:Towfic;given-names:Fadi</infon><infon key="name_30">surname:Shain;given-names:Kenneth H.</infon><infon key="name_31">surname:Munshi;given-names:Nikhil</infon><infon key="name_32">surname:Auclair;given-names:Daniel</infon><infon key="name_33">surname:Hose;given-names:Dirk</infon><infon key="name_34">surname:Morgan;given-names:Gareth</infon><infon key="name_35">surname:Trotter;given-names:Matthew</infon><infon key="name_36">surname:Bassett;given-names:Douglas</infon><infon key="name_37">surname:Goke;given-names:Jonathan</infon><infon key="name_38">surname:Walker;given-names:Brian A.</infon><infon key="name_39">surname:Thakurta;given-names:Anjan</infon><infon key="name_4">surname:Gruber;given-names:Fred</infon><infon key="name_40">surname:Guinney;given-names:Justin</infon><infon key="name_5">surname:Dervan;given-names:Andrew</infon><infon key="name_6">surname:White;given-names:Brian S.</infon><infon key="name_7">surname:Pratapa;given-names:Aditya</infon><infon key="name_8">surname:Guan;given-names:Yuanfang</infon><infon key="name_9">surname:Chen;given-names:Hongjie</infon><infon key="section_type">TITLE</infon><infon key="title">Subject terms</infon><infon key="type">front</infon><infon key="volume">34</infon><infon key="year">2020</infon><offset>0</offset><text>Multiple Myeloma DREAM Challenge reveals epigenetic regulator PHF19 as marker of aggressive disease</text></passage><passage><infon key="section_type">ABSTRACT</infon><infon key="type">abstract</infon><offset>100</offset><text>While the past decade has seen meaningful improvements in clinical outcomes for multiple myeloma patients, a subset of patients does not benefit from current therapeutics for unclear reasons. Many gene expression-based models of risk have been developed, but each model uses a different combination of genes and often involves assaying many genes making them difficult to implement. We organized the Multiple Myeloma DREAM Challenge, a crowdsourced effort to develop models of rapid progression in newly diagnosed myeloma patients and to benchmark these against previously published models. This effort lead to more robust predictors and found that incorporating specific demographic and clinical features improved gene expression-based models of high risk. Furthermore, post-challenge analysis identified a novel expression-based risk marker, PHF19, which has recently been found to have an important biological role in multiple myeloma. Lastly, we show that a simple four feature predictor composed of age, ISS, and expression of PHF19 and MMSET performs similarly to more complex models with many more gene expression features included.</text></passage><passage><infon key="section_type">INTRO</infon><infon key="type">title_1</infon><offset>1240</offset><text>Introduction</text></passage><passage><infon key="section_type">INTRO</infon><infon key="type">paragraph</infon><offset>1253</offset><text>Multiple myeloma (MM) is a hematological malignancy of terminally differentiated plasma cells (PCs) that reside within the bone marrow. It arises as a result of complex chromosomal translocations or aneuploidy with ~25,000–30,000 patients diagnosed annually in the United States. The disease’s clinical course depends on a complex interplay of molecular characteristics of the PCs and patient socio-demographic factors. While progress has been made with novel treatments extending the time to disease progression (and overall survival (OS)) for the majority of patients, a subset of 15–20% of newly diagnosed MM patients are characterized by an aggressive disease course with rapid disease progression and poor OS regardless of initial treatment. Accurately predicting which newly diagnosed patients are at high risk is critical to designing studies that will lead to a better understanding of myeloma progression and facilitate the discovery of novel therapies that meet the needs of these patients.</text></passage><passage><infon key="section_type">INTRO</infon><infon key="type">paragraph</infon><offset>2260</offset><text>To date most MM risk models use patient demographic data, clinical laboratory results and cytogenetic assays to predict clinical outcome. High risk defining cytogenetic alterations typically include deletion of 17p (del(17p)) and gain of 1q as well as t(14;16), t(14;20), and most commonly t(4;14), which leads to juxtaposition of MMSET with the immunoglobulin heavy chain locus enhancer, resulting in overexpression of the MMSET oncogene. While cytogenetic assays, in particular fluorescence in situ hybridization (FISH), are widely available, their risk prediction is sub-optimal and recently developed classifiers have used gene expression data to more accurately predict risk. To investigate possible improvements to models of newly diagnosed myeloma progression, we organized the crowd sourced Multiple Myeloma DREAM Challenge, focusing on predicting high risk, defined as disease progression or death prior to 18 months from diagnosis. This benchmarking effort combined eight datasets, four which provided participants with clinical, cytogenetic, demographic and gene expression data to facilitate model development (N = 1624), and four hidden, independent data sets (N = 823) for unbiased validation. Over 800 people participated in this Challenge, resulting in the submission of 171 predictive algorithms for objective evaluation. Several models submitted to the Challenge demonstrated improved accuracy over existing state-of-the-art, published models.</text></passage><passage><infon key="section_type">INTRO</infon><infon key="type">paragraph</infon><offset>3730</offset><text>Analysis of top-performing methods identified high expression of PHF19, a histone methyltransferase, as the gene with the strongest association with myeloma progression, with greater predictive power than the expression level of the known high-risk gene MMSET. We developed a four-parameter model using age, ISS, and PHF19 and MMSET expression that performs as well as more complex models having many more gene features. Significantly, we showed that knock down of PHF19 shifts myeloma cell lines into a less proliferative state. To our knowledge, this is the first DREAM Challenge to both nominate and experimentally validate a candidate biomarker and, as such, demonstrates the biological and clinical impact of crowdsourced efforts.</text></passage><passage><infon key="section_type">METHODS</infon><infon key="type">title_1</infon><offset>4466</offset><text>Methods</text></passage><passage><infon key="file">Tab1.xml</infon><infon key="id">Tab1</infon><infon key="section_type">TABLE</infon><infon key="type">table_caption</infon><offset>4474</offset><text>Data set descriptions.</text></passage><passage><infon key="file">Tab1.xml</infon><infon key="id">Tab1</infon><infon key="section_type">TABLE</infon><infon key="type">table</infon><infon key="xml">&lt;?xml version=&quot;1.0&quot; encoding=&quot;UTF-8&quot;?&gt;
&lt;table frame=&quot;hsides&quot; rules=&quot;groups&quot;&gt;&lt;thead&gt;&lt;tr&gt;&lt;th/&gt;&lt;th/&gt;&lt;th/&gt;&lt;th/&gt;&lt;th/&gt;&lt;th colspan=&quot;3&quot;&gt;ISS stage&lt;/th&gt;&lt;th/&gt;&lt;/tr&gt;&lt;tr&gt;&lt;th/&gt;&lt;th&gt;Study&lt;/th&gt;&lt;th&gt;EGA/GEO/Clinical trial Id&lt;/th&gt;&lt;th&gt;Median PFS&lt;/th&gt;&lt;th&gt;Data type&lt;/th&gt;&lt;th&gt;1&lt;/th&gt;&lt;th&gt;2&lt;/th&gt;&lt;th&gt;3&lt;/th&gt;&lt;th&gt;&lt;italic&gt;N&lt;/italic&gt;&lt;/th&gt;&lt;/tr&gt;&lt;/thead&gt;&lt;tbody&gt;&lt;tr&gt;&lt;td rowspan=&quot;4&quot;&gt;Training datasets&lt;/td&gt;&lt;td&gt;Masaryk &lt;xref ref-type=&quot;bibr&quot; rid=&quot;CR11&quot;&gt;11&lt;/xref&gt;&lt;/td&gt;&lt;td&gt;E-MTAB-4032&lt;/td&gt;&lt;td&gt;11.35&lt;/td&gt;&lt;td&gt;Expression array&lt;/td&gt;&lt;td&gt;0.27&lt;/td&gt;&lt;td&gt;0.31&lt;/td&gt;&lt;td&gt;0.42&lt;/td&gt;&lt;td&gt;147&lt;/td&gt;&lt;/tr&gt;&lt;tr&gt;&lt;td&gt;MAQC-II &lt;xref ref-type=&quot;bibr&quot; rid=&quot;CR10&quot;&gt;10&lt;/xref&gt;&lt;xref ref-type=&quot;bibr&quot; rid=&quot;CR14&quot;&gt;14&lt;/xref&gt;&lt;/td&gt;&lt;td&gt;GSE24080&lt;/td&gt;&lt;td&gt;25.47&lt;/td&gt;&lt;td&gt;Expression array&lt;/td&gt;&lt;td&gt;0.53&lt;/td&gt;&lt;td&gt;0.26&lt;/td&gt;&lt;td&gt;0.21&lt;/td&gt;&lt;td&gt;559&lt;/td&gt;&lt;/tr&gt;&lt;tr&gt;&lt;td&gt;MMRF IA9 &lt;xref ref-type=&quot;bibr&quot; rid=&quot;CR31&quot;&gt;31&lt;/xref&gt;&lt;/td&gt;&lt;td&gt;NCT01454297&lt;/td&gt;&lt;td&gt;12.59&lt;/td&gt;&lt;td&gt;RNA-seq&lt;/td&gt;&lt;td&gt;0.35&lt;/td&gt;&lt;td&gt;0.37&lt;/td&gt;&lt;td&gt;0.28&lt;/td&gt;&lt;td&gt;636&lt;/td&gt;&lt;/tr&gt;&lt;tr&gt;&lt;td&gt;HOVON65/GMMG-HD4 &lt;xref ref-type=&quot;bibr&quot; rid=&quot;CR9&quot;&gt;9&lt;/xref&gt;&lt;xref ref-type=&quot;bibr&quot; rid=&quot;CR32&quot;&gt;32&lt;/xref&gt;&lt;xref ref-type=&quot;bibr&quot; rid=&quot;CR33&quot;&gt;33&lt;/xref&gt;&lt;/td&gt;&lt;td&gt;GSE19784&lt;/td&gt;&lt;td&gt;18.3&lt;/td&gt;&lt;td&gt;Expression array&lt;/td&gt;&lt;td&gt;0.43&lt;/td&gt;&lt;td&gt;0.27&lt;/td&gt;&lt;td&gt;0.31&lt;/td&gt;&lt;td&gt;282&lt;/td&gt;&lt;/tr&gt;&lt;tr&gt;&lt;td/&gt;&lt;td&gt;Total training&lt;/td&gt;&lt;td/&gt;&lt;td/&gt;&lt;td/&gt;&lt;td/&gt;&lt;td/&gt;&lt;td/&gt;&lt;td&gt;1624&lt;/td&gt;&lt;/tr&gt;&lt;tr&gt;&lt;td rowspan=&quot;4&quot;&gt;Validation datasets&lt;/td&gt;&lt;td&gt;MRC-IX &lt;xref ref-type=&quot;bibr&quot; rid=&quot;CR12&quot;&gt;12&lt;/xref&gt;&lt;xref ref-type=&quot;bibr&quot; rid=&quot;CR32&quot;&gt;32&lt;/xref&gt;&lt;xref ref-type=&quot;bibr&quot; rid=&quot;CR35&quot;&gt;35&lt;/xref&gt;&lt;/td&gt;&lt;td&gt;GSE15695&lt;/td&gt;&lt;td&gt;*&lt;/td&gt;&lt;td&gt;Expression array&lt;/td&gt;&lt;td&gt;*&lt;/td&gt;&lt;td&gt;*&lt;/td&gt;&lt;td&gt;*&lt;/td&gt;&lt;td&gt;241&lt;/td&gt;&lt;/tr&gt;&lt;tr&gt;&lt;td&gt;Heidelberg &lt;xref ref-type=&quot;bibr&quot; rid=&quot;CR36&quot;&gt;36&lt;/xref&gt;&lt;xref ref-type=&quot;bibr&quot; rid=&quot;CR37&quot;&gt;37&lt;/xref&gt;&lt;/td&gt;&lt;td&gt;E-MTAB-372&lt;/td&gt;&lt;td&gt;*&lt;/td&gt;&lt;td&gt;Expression array&lt;/td&gt;&lt;td&gt;*&lt;/td&gt;&lt;td&gt;*&lt;/td&gt;&lt;td&gt;*&lt;/td&gt;&lt;td&gt;215&lt;/td&gt;&lt;/tr&gt;&lt;tr&gt;&lt;td&gt;Moffitt&lt;/td&gt;&lt;td/&gt;&lt;td&gt;*&lt;/td&gt;&lt;td&gt;RNA-seq&lt;/td&gt;&lt;td&gt;*&lt;/td&gt;&lt;td&gt;*&lt;/td&gt;&lt;td&gt;*&lt;/td&gt;&lt;td&gt;74&lt;/td&gt;&lt;/tr&gt;&lt;tr&gt;&lt;td&gt;DFCI&lt;/td&gt;&lt;td&gt;NCT01191060&lt;/td&gt;&lt;td&gt;*&lt;/td&gt;&lt;td&gt;RNA-seq&lt;/td&gt;&lt;td&gt;*&lt;/td&gt;&lt;td&gt;*&lt;/td&gt;&lt;td&gt;*&lt;/td&gt;&lt;td&gt;293&lt;/td&gt;&lt;/tr&gt;&lt;tr&gt;&lt;td/&gt;&lt;td&gt;Total validation&lt;/td&gt;&lt;td/&gt;&lt;td/&gt;&lt;td/&gt;&lt;td/&gt;&lt;td/&gt;&lt;td/&gt;&lt;td&gt;823&lt;/td&gt;&lt;/tr&gt;&lt;/tbody&gt;&lt;/table&gt;
</infon><offset>4497</offset><text>					ISS stage		 		Study	EGA/GEO/Clinical trial Id	Median PFS	Data type	1	2	3	N	 	Training datasets	Masaryk 	E-MTAB-4032	11.35	Expression array	0.27	0.31	0.42	147	 	MAQC-II 	GSE24080	25.47	Expression array	0.53	0.26	0.21	559	 	MMRF IA9 	NCT01454297	12.59	RNA-seq	0.35	0.37	0.28	636	 	HOVON65/GMMG-HD4 	GSE19784	18.3	Expression array	0.43	0.27	0.31	282	 		Total training							1624	 	Validation datasets	MRC-IX 	GSE15695	*	Expression array	*	*	*	241	 	Heidelberg 	E-MTAB-372	*	Expression array	*	*	*	215	 	Moffitt		*	RNA-seq	*	*	*	74	 	DFCI	NCT01191060	*	RNA-seq	*	*	*	293	 		Total validation							823	 	</text></passage><passage><infon key="file">Tab1.xml</infon><infon key="id">Tab1</infon><infon key="section_type">TABLE</infon><infon key="type">table_foot</infon><offset>5102</offset><text>*clinical data withheld per data provider request.</text></passage><passage><infon key="section_type">METHODS</infon><infon key="type">paragraph</infon><offset>5153</offset><text>Datasets: The Challenge includes five microarray and three RNA-seq expression datasets, annotated with clinical characteristics such as gender, age, International Staging System stage (ISS), and cytogenetics (Table 1). In all datasets, expression assays were performed on CD138+PCs isolated from bone marrow aspirates or blood of newly diagnosed patients. Data were split into training and validation datasets (Table 1).</text></passage><passage><infon key="section_type">METHODS</infon><infon key="type">paragraph</infon><offset>5576</offset><text>Three institutes provided RNA-sequencing data. The Multiple Myeloma Research Foundation (MMRF) provided an additional training dataset from its publicly available CoMMpass study (release IA9). Collaborating with the Myeloma Genome Project/Dana Farber Cancer Institute (MGP-DFCI) access was provided to data from their clinical trial where patients were randomized into a standard treatment arm and an aggressive treatment arm that included autologous stem cell transplant and high dose therapy. An additional dataset from the Oncology Research Information Exchange Network (ORIEN) was made available through a collaboration with Moffitt Cancer Center and M2Gen (See Supplementary Information for more details on datasets).</text></passage><passage><infon key="section_type">METHODS</infon><infon key="type">title_2</infon><offset>6299</offset><text>Assessing model performance</text></passage><passage><infon key="section_type">METHODS</infon><infon key="type">paragraph</infon><offset>6327</offset><text>To identify top-performing teams we employed two metrics to assess the accuracy of submitted models within a given validation cohort: the integrated area under the curve (iAUC) and balanced accuracy curve (BAC). While the AUC is a widely accepted metric of prediction accuracy, it is sensitive to the specific time threshold used to differentiate high and low patient risk. The myeloma research community has not yet reached a consensus on the time point that best separates patients into risk groups, though there is a general agreement that it lies between 1 and 2 years for progression-free survival (PFS). We, therefore, chose the iAUC “centered” on 18 months as a more robust primary metric. The iAUC range began 6 months prior to 18 months and continued to 6 months past with a sliding PFS threshold moving from12 to 24 months at weekly increments. iAUCs computed in each validation cohort were combined into a weighted average (wiAUC) with each cohort iAUC weighted by the square of the number of high-risk patients in order to ensure larger studies with more high-risk patients did not overwhelm smaller studies while still weighting them more heavily.</text></passage><passage><infon key="section_type">METHODS</infon><infon key="type">paragraph</infon><offset>7492</offset><text>Using the wiAUC we computed the Bayes factor, K, to identify statistically tied top-performing predictors (see Supplemental Methods). Predictors with Kp &lt; 3 are considered tied with the top-scoring model and the weighted BAC (wBAC) was used as a tie-breaking metric in order to determine the final top-performing model, with weighting by the square of the number of high-risk patients in each dataset (see Supplemental text).</text></passage><passage><infon key="section_type">METHODS</infon><infon key="type">title_2</infon><offset>7922</offset><text>In vitro studies for functional assessment of PHF19</text></passage><passage><infon key="section_type">METHODS</infon><infon key="type">paragraph</infon><offset>7974</offset><text>Studies to determine the functional importance of PHF19 were performed using standard assays and are described in the Supplemental text. In brief, tetracycline-inducible short hairpin RNA (TRIPZ shRNA) was used to knockdown (KD) PHF19 expression in two MM cell lines (JJN3 and ARP1). A non-silencing scrambled TRIPZ shRNA was used as a control. PHF19 KD after doxycycline induction was measured by quantitative real-time polymerase chain reaction (qRT-PCR) and western blotting. Cell viability (Cell Titer Blue, Promega), cell cycle (Vybrant DyeCycle Stain, Thermo Scientific) and apoptosis (Annexin V, Biolegend) were assessed and differences between the PHF19 KD cells and control group were analyzed.</text></passage><passage><infon key="section_type">RESULTS</infon><infon key="type">title_1</infon><offset>8678</offset><text>Results</text></passage><passage><infon key="section_type">RESULTS</infon><infon key="type">title_2</infon><offset>8686</offset><text>Top Challenge models outperform baseline and published myeloma predictors</text></passage><passage><infon key="file">41375_2020_742_Fig1_HTML.jpg</infon><infon key="id">Fig1</infon><infon key="section_type">FIG</infon><infon key="type">fig_title_caption</infon><offset>8760</offset><text>Challenge model submission architecture: training datasets are fully available to Challenge participants (left), while blinded validation datasets are sequestered in the cloud (right).</text></passage><passage><infon key="file">41375_2020_742_Fig1_HTML.jpg</infon><infon key="id">Fig1</infon><infon key="section_type">FIG</infon><infon key="type">fig_caption</infon><offset>8945</offset><text>Containerized models are submitted to cloud, ran on training datasets and risk predictions are scored.</text></passage><passage><infon key="file">Tab2.xml</infon><infon key="id">Tab2</infon><infon key="section_type">TABLE</infon><infon key="type">table_caption</infon><offset>9048</offset><text>Comparator modes.</text></passage><passage><infon key="file">Tab2.xml</infon><infon key="id">Tab2</infon><infon key="section_type">TABLE</infon><infon key="type">table</infon><infon key="xml">&lt;?xml version=&quot;1.0&quot; encoding=&quot;UTF-8&quot;?&gt;
&lt;table frame=&quot;hsides&quot; rules=&quot;groups&quot;&gt;&lt;thead&gt;&lt;tr&gt;&lt;th&gt;Model&lt;/th&gt;&lt;th&gt;Reference&lt;/th&gt;&lt;th&gt;Features&lt;/th&gt;&lt;/tr&gt;&lt;/thead&gt;&lt;tbody&gt;&lt;tr&gt;&lt;td&gt;Baseline&lt;/td&gt;&lt;td&gt;Baseline&lt;/td&gt;&lt;td&gt;Age and/or ISS&lt;/td&gt;&lt;/tr&gt;&lt;tr&gt;&lt;td&gt;UAMS-70&lt;/td&gt;&lt;td&gt;Shaughnessy et al. &lt;xref ref-type=&quot;bibr&quot; rid=&quot;CR7&quot;&gt;7&lt;/xref&gt;&lt;/td&gt;&lt;td&gt;Gene expression signature composed of 70 genes&lt;/td&gt;&lt;/tr&gt;&lt;tr&gt;&lt;td&gt;EMC-92&lt;/td&gt;&lt;td&gt;Kuiper et al. &lt;xref ref-type=&quot;bibr&quot; rid=&quot;CR17&quot;&gt;17&lt;/xref&gt;&lt;/td&gt;&lt;td&gt;Gene expression signature composed of 92 genes&lt;/td&gt;&lt;/tr&gt;&lt;tr&gt;&lt;td&gt;UAMS-70 extended&lt;/td&gt;&lt;td&gt;This manuscript&lt;/td&gt;&lt;td&gt;UAMS-70 with age and/or ISS&lt;/td&gt;&lt;/tr&gt;&lt;tr&gt;&lt;td&gt;EMC-92 extended&lt;/td&gt;&lt;td&gt;This manuscript&lt;/td&gt;&lt;td&gt;EMC-92 with age and/or ISS&lt;/td&gt;&lt;/tr&gt;&lt;tr&gt;&lt;td&gt;REFS&lt;/td&gt;&lt;td&gt;This manuscript&lt;/td&gt;&lt;td&gt;Gene expression and clinical features&lt;/td&gt;&lt;/tr&gt;&lt;/tbody&gt;&lt;/table&gt;
</infon><offset>9066</offset><text>Model	Reference	Features	 	Baseline	Baseline	Age and/or ISS	 	UAMS-70	Shaughnessy et al. 	Gene expression signature composed of 70 genes	 	EMC-92	Kuiper et al. 	Gene expression signature composed of 92 genes	 	UAMS-70 extended	This manuscript	UAMS-70 with age and/or ISS	 	EMC-92 extended	This manuscript	EMC-92 with age and/or ISS	 	REFS	This manuscript	Gene expression and clinical features	 	</text></passage><passage><infon key="section_type">RESULTS</infon><infon key="type">paragraph</infon><offset>9462</offset><text>To develop and assess prognostic models of high risk in MM, we assembled eight data sets totaling 2447 patients annotated with OS and PFS (Table 1). We asked participants to predict whether a patient was high risk as defined as disease progression or death prior between 12–24 months since diagnosis (see Methods). Participants developed prognostic models using clinical features (e.g., age, sex, ISS, and cytogenetic features) and gene expression utilizing four training datasets. Challenge participants submitted models to be evaluated against four blinded validation cohorts (Fig. 1, Table 1, see Supplemental text). Model predictions were benchmarked against each other and comparator models (Table 2, Supplemental Table 1) using weighted-integrated AUC (wiAUC), with statistical ties resolved using weighted balanced accuracy (wBAC) (see Methods and Supplemental text).</text></passage><passage><infon key="file">41375_2020_742_Fig2_HTML.jpg</infon><infon key="id">Fig2</infon><infon key="section_type">FIG</infon><infon key="type">fig_title_caption</infon><offset>10344</offset><text>Challenge performance.</text></passage><passage><infon key="file">41375_2020_742_Fig2_HTML.jpg</infon><infon key="id">Fig2</infon><infon key="section_type">FIG</infon><infon key="type">fig_caption</infon><offset>10367</offset><text>a Box plots show distributions of bootstrapped model performances for each team. Comparator models are shown with text marked in blue for baseline models, green for published models and red for published models extended to include clinical features. The dashed red line indicates the median of the best performing comparator model. Barplots to the right show the tie-breaking metric, wBAC, for each model. Amongst statistically tied models, GIS has the highest wBAC and was declared the top-performer. Asterisk indicates internal collaborator’s comparator model. b Kaplan–Meier curve of UAMS-70 comparator model with and without age and ISS added.</text></passage><passage><infon key="section_type">RESULTS</infon><infon key="type">paragraph</infon><offset>11019</offset><text>Of 42 finalized models submitted to the Challenge, 11 exceeded the performance of the age plus ISS baseline model (Fig. 2, wiAUC = 0.6207). The top-performing predictor, developed by researchers at the Genome Institute of Singapore (GIS), outperformed all Challenge participant models (wiAUC = 0.6721) as well as the published comparator models UAMS-70 (wiAUC = 0.6414) and EMC-92 (wiAUC = 0.6042, Fig. 2).</text></passage><passage><infon key="section_type">RESULTS</infon><infon key="type">title_2</infon><offset>11444</offset><text>Combining clinical features and gene expression features improves myeloma risk prediction accuracy</text></passage><passage><infon key="section_type">RESULTS</infon><infon key="type">paragraph</infon><offset>11543</offset><text>After the Challenge submission period ended, Challenge organizers and top-performing teams assessed which features had the largest impact on model performance. ISS was the most important model feature in GIS’s top-performing model as measured by the mean decrease in Gini coefficient (see Methods). A DNA repair signature previously associated with poor prognosis was the second most important feature, while age ranked third (Supplemental Fig. 1).</text></passage><passage><infon key="section_type">RESULTS</infon><infon key="type">paragraph</infon><offset>11995</offset><text>To assess whether age and/or ISS explained the difference in model performance between the top-performing model and published comparator models, we extended the UAMS-70 and EMC-92 models to include age and/or ISS and assessed their performance (Fig. 2; see Supplemental Methods). The addition of these clinical features improved performance of both published models: EMC-92 wiAUC = from 0.6042 vs. EMC-92 + age + ISS wiAUC = 0.658 and UAMS-70 wiAUC = 0.6414 vs. UAMS-70 + ISS wiAUC = 0.6667 as has been suggested previously. Adding ISS to the UAMS-70 model improved its accuracy such that it was tied with the top-performing model (i.e., its Bayes factor K &lt; 3; Fig. 2a, b).</text></passage><passage><infon key="section_type">RESULTS</infon><infon key="type">title_2</infon><offset>12704</offset><text>Top-performing Challenge methods identify PHF19 as a novel myeloma high-risk biomarker</text></passage><passage><infon key="section_type">RESULTS</infon><infon key="type">paragraph</infon><offset>12791</offset><text>The top-performing model implemented a wisdom of the crowd approach, utilizing clinical features and published myeloma signatures that summarize the expression of gene sets. The second-place “Stanford University Go” (SUGO) model instead included individual genes as features, utilizing a univariate-based feature selection approach to identify genes to include in their model. In each of the four training datasets the SUGO team computed each gene’s effect size, z, via the concordance index between OS and the gene’s expression. These effect sizes were combined across training sets using Stouffer’s method without weighting to yield a single meta-z per gene. The meta concordance index was calculated using two expression normalization procedures, with one nominating PHF19 as the most important gene and the second identifying CDKN3 (See Supplemental Methods).</text></passage><passage><infon key="file">41375_2020_742_Fig3_HTML.jpg</infon><infon key="id">Fig3</infon><infon key="section_type">FIG</infon><infon key="type">fig_title_caption</infon><offset>13665</offset><text>PHF19 compared with other myeloma classifiers and features.</text></passage><passage><infon key="file">41375_2020_742_Fig3_HTML.jpg</infon><infon key="id">Fig3</infon><infon key="section_type">FIG</infon><infon key="type">fig_caption</infon><offset>13725</offset><text>a Two-dimensional histogram of PFS concordance index-based univariate effect sizes (z) in training and validation cohorts where colors represent the number of genes in a given hexagonal bin. PHF19 and well-known myeloma genes noted. b
PHF19 and MMSET expression in relation to t(4;14). c A simple four feature model performs as well as UAMS-70 combined with age and ISS.</text></passage><passage><infon key="section_type">RESULTS</infon><infon key="type">paragraph</infon><offset>14096</offset><text>We replicated SUGO’s feature selection approach in both the training and validation expression datasets. We used the primary end point, PFS, in place of OS when computing each gene’s concordance index given that more patients will progress than die, which results in increased statistical power. We also weighted studies according to their number of high-risk patients when applying Stouffer’s method. This univariate analysis found that previously described myeloma risk genes MMSET and CKS1B as well as many proliferation genes had large values in the tail of the meta-z distribution (Fig. 3a and Supplemental Table 2), validating this approach. The meta-z values of these genes and all other genes were surpassed by PHF19, the top-ranked gene regardless of normalization procedure (not shown) in both the training and validation datasets (Fig. 3a).</text></passage><passage><infon key="section_type">RESULTS</infon><infon key="type">title_2</infon><offset>14957</offset><text>Incorporating PHF19 and MMSET expression with age and ISS identifies a simple model of high-risk MM</text></passage><passage><infon key="section_type">RESULTS</infon><infon key="type">paragraph</infon><offset>15057</offset><text>Given that both PHF19 and MMSET are histone modifiers playing a role in H3K36 methylation we checked whether their expression is correlated. As has previously been shown, MMSET expression is clearly affected by the t(4;14) translocation with the immunoglobulin enhancer driving high MMSET expression, while expression of PHF19 is not associated with the t(4;14) translocation (Fig. 3b). However, subsetting by t(4;14) reveals a modest linear relationship between MMSET and PHF19 expression in samples lacking the translocation (r = 0.423) while there is no such relationship in the t(4;14) positive samples (r = −0.067). We also found that higher PHF19 expression was associated with multiple high-risk genetic factors such as IGH translocation groups, non-hyperdiploidy, TP53 mutations and the overall number of drivers per sample (p &lt; 0.001, Supplemental Fig. 2).</text></passage><passage><infon key="section_type">RESULTS</infon><infon key="type">paragraph</infon><offset>15939</offset><text>Given the impact of PHF19 on model performance and MMSET’s status as a reported myeloma risk marker, we checked to see if a Cox proportional-hazards model composed of age, ISS, PHF19 and MMSET could perform as well as a similar model using the features of the top-performing extended comparator model (UAMS-70 plus age plus ISS). We constructed Cox proportional-hazards models of the two feature sets and found that the four-parameter model (wiAUC = 0.693, Supplemental Table 3) out-performed the UAMS-70-based model in the validation cohort (wiAUC = 0.667; Fig. 3c) placing it on par with the winning algorithm.</text></passage><passage><infon key="section_type">RESULTS</infon><infon key="type">title_2</infon><offset>16564</offset><text>Knockdown of PHF19 leads to decreased proliferation through cell cycle arrest in multiple myeloma cell lines</text></passage><passage><infon key="file">41375_2020_742_Fig4_HTML.jpg</infon><infon key="id">Fig4</infon><infon key="section_type">FIG</infon><infon key="type">fig_title_caption</infon><offset>16673</offset><text>PHF19 knockdown leads to decreased cell: knockdown of PHF19 was performed in the JJN3 and ARP1 MM cell lines using inducible shRNA.</text></passage><passage><infon key="file">41375_2020_742_Fig4_HTML.jpg</infon><infon key="id">Fig4</infon><infon key="section_type">FIG</infon><infon key="type">fig_caption</infon><offset>16805</offset><text>
a PHF19 knockdown, relative to scrambled shRNA control, was confirmed using qRT-PCR and b western blotting. c, d Cell proliferation was significantly decreased in MM cells with PHF19 knockdown compared with scrambled control for JJN3 and ARP1 cell lines.</text></passage><passage><infon key="section_type">RESULTS</infon><infon key="type">paragraph</infon><offset>17061</offset><text>To determine whether PHF19 is functionally important for the malignant growth of MM cells, we used lenti viral-expressed shRNA directed against PHF19. We transduced JJN3 and ARP1 MM cell lines with a shRNA targeting PHF19 or a scrambled control shRNA and selected out transduced cells. shRNA induced cells showed KD of &gt;90% PHF19 RNA and protein relative to the control after 72 h and 168 h for the JJN3 and ARP1 cell lines, respectively (Fig. 4a, b). KD of PHF19 led to significant inhibition of proliferation in the JJN3 and ARP1 MM cell lines compared with scrambled shRNA control (Fig. 4c, d) confirming the recent finding of PHF19’s effect on proliferation in MM cell lines. To identify the mechanism of growth inhibition, we performed cell cycle analysis and observed a significant arrest of MM cells in the G0/G1 stage with PHF19 KD compared with the scrambled control shRNA (Supplemental Fig. 3a). This was seen consistently in both cell lines examined (Supplemental Fig. 3b). We further investigated the effect of PHF19 KD on apoptosis and necrosis, but did not find significant differences at the examined time points (Supplemental Fig. 3c–e). These results demonstrate that PHF19 is functionally relevant in MM and that reduction of PHF19 leads to a decrease in cell proliferation via cell cycle arrest.</text></passage><passage><infon key="section_type">DISCUSS</infon><infon key="type">title_1</infon><offset>18389</offset><text>Discussion</text></passage><passage><infon key="section_type">DISCUSS</infon><infon key="type">paragraph</infon><offset>18400</offset><text>In the course of the crowd sourced Multiple Myeloma DREAM Challenge we benchmarked 171 prediction models and found that the accuracy of gene expression-based models benefited from the addition of clinical data, specifically: age and ISS improved AUC-based metrics by ~6%. As such, expression-based patient stratification efforts should incorporate age and ISS.</text></passage><passage><infon key="section_type">DISCUSS</infon><infon key="type">paragraph</infon><offset>18761</offset><text>In addition, we show for the first time that expression of PHF19 is a stronger predictor of MM progression than the expression level of the high-risk marker MMSET, which is particularly overexpressed in patients with the high-risk translocation t(4;14). This strong association was likely missed in earlier studies given that PHF19 expression is not associated with any specific cytogenetic feature while several therapeutic advances over the last 20 years have made it difficult to model outcome across multiple studies from different periods. Furthermore, PHF19 has not been found to be significantly mutated in sequencing-based studies, suggesting that its overexpression is not directly related to genomic alterations within the PHF19 gene. We also show that a simple four feature predictor composed of age, ISS, and expression of PHF19 and MMSET performs similarly to more complex models that are based on RNA-seq and gene expression analysis, which have been difficult to implement into the clinical setting (Supplemental Fig. 4). In contrast, the quantitative expression of PHF19 and MMSET could be easily measured by readily available methods such as real-time PCR, suggesting that the simplicity of the current model could be more easily adopted in a general clinical setting.</text></passage><passage><infon key="section_type">DISCUSS</infon><infon key="type">paragraph</infon><offset>20048</offset><text>Apart from its prognostic value, we show that PHF19 has functional importance in MM. KD of PHF19 led to a significant reduction of growth and cell cycle arrest ex vivo, suggesting that PHF19 may play a role in transitioning cells into a highly proliferative state in MM. PHF19 has been shown to be a major modulator of histone methylation thereby regulating transcriptional chromatin activity with a known role in B-cell differentiation into plasma cells within the germinal center. PHF19 directly recruits the polycomb repressive complex 2 (PRC2) via binding to H3K36me3 and leads to activation of enhancer of zeste homolog 1 and 2 (EZH1/EZH2) as enzymatic subunits of PRC2, thereby resulting in tri-methylation of H3K27. This process has been shown to enforce gene repression and is known to promote tumor growth in a variety of cancers. While MMSET has also been shown to regulate histone methylation, its role as an epigenetic modulator is less well understood. Some reports have suggested that MMSET leads to transcriptional repression through generation of H4K20me, H3K27me3 or H3K36me3, while other studies show that MMSET enhances transcription through generation of H4K20me2 and H3K36me2. In contrast to MMSET, PHF19 expression is present in all MM subgroups and is preferentially overexpressed in high-risk MM. These results are indicative of a strong correlation between increased histone methylation, in particular H3k27 trimethylation, and disease aggressiveness. Further work will be necessary to elucidate the mechanisms of PHF19 in MM biology and any interplay with MMSET.</text></passage><passage><infon key="section_type">SUPPL</infon><infon key="type">title_1</infon><offset>21637</offset><text>Supplementary information</text></passage><passage><infon key="section_type">SUPPL</infon><infon key="type">footnote</infon><offset>21663</offset><text>Members of the Multiple Myeloma DREAM Consortium and their affiliations are listed in the Supplemental text.</text></passage><passage><infon key="section_type">SUPPL</infon><infon key="type">footnote</infon><offset>21772</offset><text>Publisher’s note Springer Nature remains neutral with regard to jurisdictional claims in published maps and institutional affiliations.</text></passage><passage><infon key="section_type">SUPPL</infon><infon key="type">footnote</infon><offset>21910</offset><text>These authors contributed equally: Mike J. Mason, Carolina Schinke, Christine L. P. Eng, Fadi Towfic, Fred Gruber, Andrew Dervan</text></passage><passage><infon key="section_type">SUPPL</infon><infon key="type">footnote</infon><offset>22039</offset><text>These authors contributed equally: Douglas Bassett, Jonathan Goke, Brian A. Walker, Anjan Thakurta, Justin Guinney</text></passage><passage><infon key="section_type">SUPPL</infon><infon key="type">title_1</infon><offset>22154</offset><text>Supplementary information</text></passage><passage><infon key="section_type">SUPPL</infon><infon key="type">paragraph</infon><offset>22180</offset><text>The online version of this article (10.1038/s41375-020-0742-z) contains supplementary material, which is available to authorized users.</text></passage><passage><infon key="section_type">AUTH_CONT</infon><infon key="type">title</infon><offset>22316</offset><text>Author contributions</text></passage><passage><infon key="section_type">AUTH_CONT</infon><infon key="type">paragraph</infon><offset>22337</offset><text>MJM, CS, CLPE, FT, FG and AD contributed equall to this work. CS, VL and KB performed experiments; MJM, CS, CLPE, FT, FG, BSW, AP and ECN analyzed results and made the figures; CLPE, BSW, AP, YG, HC, YC, BL, FG, BH and MO built top-performing and comparator models for predicting high risk; TY, ECN, MJM, MT, JGu and BSW designed and built compute infrastructure and model performance metrics for benchmarking methods; HYD, WSD, HG, HA-L, MS, PS, KHS, NM, DA, GM, DH and BAW provided key test datasets without which this investigation would not be possible; DR, EF, MJM, and KM processed and curated datasets; MJM, AD, DB, FS, CS, FT, BSW, AT, BAW, JGu designed the research; MJM, AD, CS, FT, BSW, AT, BAW, JGu wrote the manuscript. DB, JG, BAW, AT, and JGu contributed equally to this work.</text></passage><passage><infon key="section_type">AUTH_CONT</infon><infon key="type">title</infon><offset>23131</offset><text>Compliance with ethical standards</text></passage><passage><infon key="section_type">COMP_INT</infon><infon key="type">title</infon><offset>23165</offset><text>Conflict of interest</text></passage><passage><infon key="section_type">COMP_INT</infon><infon key="type">paragraph</infon><offset>23186</offset><text>Please note the following byline authors: FT, KM, KB, FS, EF, AR, SAD, AD, DB, MT, AT have employment and/or equity ownership in Celgene. AD also had equity in Twinstrand Biosciences. WSD has employment with M2Gen. HG has research support (Amgen, BMS, Celgene, Chugai, Janssen, Molecular Partners, MSD, Sanofi, Mundipharma, Takeda and Novartis), advisory boards (Adaptive Biotechnology, Amgen, BMS, Celgene, Janssen, Sanofi and Takeda), honoraria (ArtTempi, BMS, Celgene, Chugai, Janssen, Novartis and Sanofi). NM has consulted for Abbvie, Adaptive, Amgen, Celgene, Janssen, Takeda and Oncopep and also has equity in Oncopep. KHS is on advisory boards for: Celgene, BMS, Amgen, Takeda, Janssen and Sanofi Genzyme, has received research funding from AbbVie, and has consulted for Adaptive Biotechnologies.</text></passage><passage><infon key="section_type">REF</infon><infon key="type">title</infon><offset>23991</offset><text>References</text></passage><passage><infon key="fpage">1046</infon><infon key="lpage">60</infon><infon key="name_0">surname:Palumbo;given-names:A</infon><infon key="name_1">surname:Anderson;given-names:K</infon><infon key="pub-id_doi">10.1056/NEJMra1011442</infon><infon key="pub-id_pmid">21410373</infon><infon key="section_type">REF</infon><infon key="source">N. Engl J Med</infon><infon key="type">ref</infon><infon key="volume">364</infon><infon key="year">2011</infon><offset>24002</offset><text>Multiple myeloma</text></passage><passage><infon key="fpage">2667</infon><infon key="lpage">74</infon><infon key="name_0">surname:Kyle;given-names:RA</infon><infon key="name_1">surname:Therneau;given-names:TM</infon><infon key="name_2">surname:Rajkumar;given-names:SV</infon><infon key="name_3">surname:Larson;given-names:DR</infon><infon key="name_4">surname:Plevak;given-names:MF</infon><infon key="name_5">surname:Melton;given-names:LJ;suffix:3rd</infon><infon key="pub-id_doi">10.1002/cncr.20652</infon><infon key="pub-id_pmid">15481060</infon><infon key="section_type">REF</infon><infon key="source">Cancer.</infon><infon key="type">ref</infon><infon key="volume">101</infon><infon key="year">2004</infon><offset>24019</offset><text>Incidence of multiple myeloma in Olmsted County, Minnesota: trend over 6 decades</text></passage><passage><infon key="fpage">1860</infon><infon key="lpage">73</infon><infon key="name_0">surname:Kyle;given-names:RA</infon><infon key="name_1">surname:Rajkumar;given-names:SV</infon><infon key="pub-id_doi">10.1056/NEJMra041875</infon><infon key="pub-id_pmid">15509819</infon><infon key="section_type">REF</infon><infon key="source">N. Engl J Med</infon><infon key="type">ref</infon><infon key="volume">351</infon><infon key="year">2004</infon><offset>24100</offset><text>Multiple myeloma</text></passage><passage><infon key="fpage">2955</infon><infon key="lpage">62</infon><infon key="name_0">surname:Sonneveld;given-names:P</infon><infon key="name_1">surname:Avet-Loiseau;given-names:H</infon><infon key="name_2">surname:Lonial;given-names:S</infon><infon key="name_3">surname:Usmani;given-names:S</infon><infon key="name_4">surname:Siegel;given-names:D</infon><infon key="name_5">surname:Anderson;given-names:KC</infon><infon key="pub-id_doi">10.1182/blood-2016-01-631200</infon><infon key="pub-id_pmid">27002115</infon><infon key="section_type">REF</infon><infon key="source">Blood.</infon><infon key="type">ref</infon><infon key="volume">127</infon><infon key="year">2016</infon><offset>24117</offset><text>Treatment of multiple myeloma with high-risk cytogenetics: a consensus of the International Myeloma Working Group</text></passage><passage><infon key="fpage">e453</infon><infon key="name_0">surname:Jethava;given-names:Y</infon><infon key="name_1">surname:Mitchell;given-names:A</infon><infon key="name_2">surname:Zangari;given-names:M</infon><infon key="name_3">surname:Waheed;given-names:S</infon><infon key="name_4">surname:Schinke;given-names:C</infon><infon key="name_5">surname:Thanendrarajan;given-names:S</infon><infon key="pub-id_doi">10.1038/bcj.2016.64</infon><infon key="pub-id_pmid">27471869</infon><infon key="section_type">REF</infon><infon key="source">Blood Cancer J.</infon><infon key="type">ref</infon><infon key="volume">6</infon><infon key="year">2016</infon><offset>24231</offset><text>Dose-dense and less dose-intense Total Therapy 5 for gene expression profiling-defined high-risk multiple myeloma</text></passage><passage><infon key="fpage">543</infon><infon key="lpage">56</infon><infon key="name_0">surname:Pawlyn;given-names:C</infon><infon key="name_1">surname:Morgan;given-names:GJ</infon><infon key="pub-id_doi">10.1038/nrc.2017.63</infon><infon key="pub-id_pmid">28835722</infon><infon key="section_type">REF</infon><infon key="source">Nat Rev Cancer</infon><infon key="type">ref</infon><infon key="volume">17</infon><infon key="year">2017</infon><offset>24345</offset><text>Evolutionary biology of high-risk multiple myeloma</text></passage><passage><infon key="fpage">2276</infon><infon key="lpage">84</infon><infon key="name_0">surname:Shaughnessy;given-names:JD;suffix:Jr</infon><infon key="name_1">surname:Zhan;given-names:F</infon><infon key="name_2">surname:Burington;given-names:BE</infon><infon key="name_3">surname:Huang;given-names:Y</infon><infon key="name_4">surname:Colla;given-names:S</infon><infon key="name_5">surname:Hanamura;given-names:I</infon><infon key="pub-id_doi">10.1182/blood-2006-07-038430</infon><infon key="pub-id_pmid">17105813</infon><infon key="section_type">REF</infon><infon key="source">Blood.</infon><infon key="type">ref</infon><infon key="volume">109</infon><infon key="year">2007</infon><offset>24396</offset><text>A validated gene expression model of high-risk multiple myeloma is defined by deregulated expression of genes mapping to chromosome 1</text></passage><passage><infon key="fpage">1893</infon><infon key="lpage">7</infon><infon key="name_0">surname:Hervé;given-names:A-L</infon><infon key="name_1">surname:Florence;given-names:M</infon><infon key="name_2">surname:Philippe;given-names:M</infon><infon key="name_3">surname:Michel;given-names:A</infon><infon key="name_4">surname:Thierry;given-names:F</infon><infon key="name_5">surname:Kenneth;given-names:A</infon><infon key="pub-id_doi">10.1200/JCO.2010.32.8435</infon><infon key="pub-id_pmid">21482986</infon><infon key="section_type">REF</infon><infon key="source">J Clin Oncol</infon><infon key="type">ref</infon><infon key="volume">29</infon><infon key="year">2011</infon><offset>24530</offset><text>Molecular heterogeneity of multiple myeloma: pathogenesis, prognosis, and therapeutic implications</text></passage><passage><infon key="fpage">2543</infon><infon key="lpage">53</infon><infon key="name_0">surname:Broyl;given-names:A</infon><infon key="name_1">surname:Hose;given-names:D</infon><infon key="name_2">surname:Lokhorst;given-names:H</infon><infon key="name_3">surname:de Knegt;given-names:Y</infon><infon key="name_4">surname:Peeters;given-names:J</infon><infon key="name_5">surname:Jauch;given-names:A</infon><infon key="pub-id_doi">10.1182/blood-2009-12-261032</infon><infon key="pub-id_pmid">20574050</infon><infon key="section_type">REF</infon><infon key="source">Blood.</infon><infon key="type">ref</infon><infon key="volume">116</infon><infon key="year">2010</infon><offset>24629</offset><text>Gene expression profiling for molecular classification of multiple myeloma in newly diagnosed patients</text></passage><passage><infon key="fpage">827</infon><infon key="lpage">38</infon><infon key="name_0">surname:Shi;given-names:L</infon><infon key="name_1">surname:Campbell;given-names:G</infon><infon key="name_2">surname:Jones;given-names:WD</infon><infon key="name_3">surname:Campagne;given-names:F</infon><infon key="name_4">surname:Wen;given-names:Z</infon><infon key="name_5">surname:Walker;given-names:SJ</infon><infon key="pub-id_doi">10.1038/nbt.1665</infon><infon key="pub-id_pmid">20676074</infon><infon key="section_type">REF</infon><infon key="source">Nat Biotechnol.</infon><infon key="type">ref</infon><infon key="volume">28</infon><infon key="year">2010</infon><offset>24732</offset><text>The MicroArray Quality Control (MAQC)-II study of common practices for the development and validation of microarray-based predictive models</text></passage><passage><infon key="fpage">150</infon><infon key="name_0">surname:Kryukov;given-names:F</infon><infon key="name_1">surname:Nemec;given-names:P</infon><infon key="name_2">surname:Radova;given-names:L</infon><infon key="name_3">surname:Kryukova;given-names:E</infon><infon key="name_4">surname:Okubote;given-names:S</infon><infon key="name_5">surname:Minarik;given-names:J</infon><infon key="pub-id_doi">10.1186/s12967-016-0906-9</infon><infon key="pub-id_pmid">27234807</infon><infon key="section_type">REF</infon><infon key="source">J Transl Med</infon><infon key="type">ref</infon><infon key="volume">14</infon><infon key="year">2016</infon><offset>24872</offset><text>Centrosome associated genes pattern for risk sub-stratification in multiple myeloma</text></passage><passage><infon key="fpage">1856</infon><infon key="lpage">64</infon><infon key="name_0">surname:Dickens;given-names:NJ</infon><infon key="name_1">surname:Walker;given-names:BA</infon><infon key="name_2">surname:Leone;given-names:PE</infon><infon key="name_3">surname:Johnson;given-names:DC</infon><infon key="name_4">surname:Brito;given-names:JL</infon><infon key="name_5">surname:Zeisig;given-names:A</infon><infon key="pub-id_doi">10.1158/1078-0432.CCR-09-2831</infon><infon key="pub-id_pmid">20215539</infon><infon key="section_type">REF</infon><infon key="source">Clin Cancer Res</infon><infon key="type">ref</infon><infon key="volume">16</infon><infon key="year">2010</infon><offset>24956</offset><text>Homozygous deletion mapping in myeloma samples identifies genes and an expression signature relevant to pathogenesis and outcome</text></passage><passage><infon key="fpage">7240</infon><infon key="lpage">7</infon><infon key="name_0">surname:Meissner;given-names:T</infon><infon key="name_1">surname:Seckinger;given-names:A</infon><infon key="name_2">surname:Rème;given-names:T</infon><infon key="name_3">surname:Hielscher;given-names:T</infon><infon key="name_4">surname:Möhler;given-names:T</infon><infon key="name_5">surname:Neben;given-names:K</infon><infon key="pub-id_doi">10.1158/1078-0432.CCR-11-1628</infon><infon key="pub-id_pmid">21986844</infon><infon key="section_type">REF</infon><infon key="source">Clin Cancer Res</infon><infon key="type">ref</infon><infon key="volume">17</infon><infon key="year">2011</infon><offset>25085</offset><text>Gene expression profiling in multiple myeloma-reporting of entities, risk, and targets in clinical routine</text></passage><passage><infon key="fpage">R5</infon><infon key="name_0">surname:Popovici;given-names:V</infon><infon key="name_1">surname:Chen;given-names:W</infon><infon key="name_2">surname:Gallas;given-names:BG</infon><infon key="name_3">surname:Hatzis;given-names:C</infon><infon key="name_4">surname:Shi;given-names:W</infon><infon key="name_5">surname:Samuelson;given-names:FW</infon><infon key="pub-id_doi">10.1186/bcr2468</infon><infon key="pub-id_pmid">20064235</infon><infon key="section_type">REF</infon><infon key="source">Breast Cancer Res</infon><infon key="type">ref</infon><infon key="volume">12</infon><infon key="year">2010</infon><offset>25192</offset><text>Effect of training-sample size and classification difficulty on the accuracy of genomic predictors</text></passage><passage><infon key="fpage">1311</infon><infon key="lpage">20</infon><infon key="name_0">surname:Attal;given-names:M</infon><infon key="name_1">surname:Lauwers-Cances;given-names:V</infon><infon key="name_2">surname:Hulin;given-names:C</infon><infon key="name_3">surname:Leleu;given-names:X</infon><infon key="name_4">surname:Caillot;given-names:D</infon><infon key="name_5">surname:Escoffre;given-names:M</infon><infon key="pub-id_doi">10.1056/NEJMoa1611750</infon><infon key="pub-id_pmid">28379796</infon><infon key="section_type">REF</infon><infon key="source">N. Engl J Med</infon><infon key="type">ref</infon><infon key="volume">376</infon><infon key="year">2017</infon><offset>25291</offset><text>Lenalidomide, bortezomib, and dexamethasone with transplantation for myeloma</text></passage><passage><infon key="fpage">2487</infon><infon key="lpage">98</infon><infon key="name_0">surname:Kassambara;given-names:A</infon><infon key="name_1">surname:Gourzones-Dmitriev;given-names:C</infon><infon key="name_2">surname:Sahota;given-names:S</infon><infon key="name_3">surname:Rème;given-names:T</infon><infon key="name_4">surname:Moreaux;given-names:J</infon><infon key="name_5">surname:Goldschmidt;given-names:H</infon><infon key="pub-id_doi">10.18632/oncotarget.1740</infon><infon key="pub-id_pmid">24809299</infon><infon key="section_type">REF</infon><infon key="source">Oncotarget.</infon><infon key="type">ref</infon><infon key="volume">5</infon><infon key="year">2014</infon><offset>25368</offset><text>A DNA repair pathway score predicts survival in human multiple myeloma: the potential for therapeutic strategy</text></passage><passage><infon key="fpage">2406</infon><infon key="lpage">13</infon><infon key="name_0">surname:Kuiper;given-names:R</infon><infon key="name_1">surname:Broyl;given-names:A</infon><infon key="name_2">surname:de Knegt;given-names:Y</infon><infon key="name_3">surname:van Vliet;given-names:MH</infon><infon key="name_4">surname:van Beers;given-names:EH</infon><infon key="name_5">surname:van der Holt;given-names:B</infon><infon key="pub-id_doi">10.1038/leu.2012.127</infon><infon key="pub-id_pmid">22722715</infon><infon key="section_type">REF</infon><infon key="source">Leukemia.</infon><infon key="type">ref</infon><infon key="volume">26</infon><infon key="year">2012</infon><offset>25479</offset><text>A gene expression signature for high-risk multiple myeloma</text></passage><passage><infon key="fpage">171</infon><infon key="lpage">97</infon><infon key="name_0">surname:Liptak;given-names:T</infon><infon key="section_type">REF</infon><infon key="source">Magy Tud Akad Mat Kut Int Kozl</infon><infon key="type">ref</infon><infon key="volume">3</infon><infon key="year">1958</infon><offset>25538</offset><text>On the combination of independent tests</text></passage><passage><infon key="section_type">REF</infon><infon key="type">ref</infon><offset>25578</offset><text>Ren Z, Ahn JH, Liu H, Tsai Y-H, Bhanu NV, Koss B, et al. PHF19 promotes multiple myeloma tumorigenicity through PRC2 activation. Blood. 2019; 10.1182/blood.2019000578</text></passage><passage><infon key="fpage">587</infon><infon key="lpage">97</infon><infon key="name_0">surname:Walker;given-names:BA</infon><infon key="name_1">surname:Mavrommatis;given-names:K</infon><infon key="name_2">surname:Wardell;given-names:CP</infon><infon key="name_3">surname:Ashby;given-names:TC</infon><infon key="name_4">surname:Bauer;given-names:M</infon><infon key="name_5">surname:Davies;given-names:FE</infon><infon key="pub-id_doi">10.1182/blood-2018-03-840132</infon><infon key="pub-id_pmid">29884741</infon><infon key="section_type">REF</infon><infon key="source">Blood.</infon><infon key="type">ref</infon><infon key="volume">132</infon><infon key="year">2018</infon><offset>25745</offset><text>Identification of novel mutational drivers reveals oncogene dependencies in multiple myeloma</text></passage><passage><infon key="fpage">91</infon><infon key="lpage">101</infon><infon key="name_0">surname:Lohr;given-names:JG</infon><infon key="name_1">surname:Stojanov;given-names:P</infon><infon key="name_2">surname:Carter;given-names:SL</infon><infon key="name_3">surname:Cruz-Gordillo;given-names:P</infon><infon key="name_4">surname:Lawrence;given-names:MS</infon><infon key="name_5">surname:Auclair;given-names:D</infon><infon key="pub-id_doi">10.1016/j.ccr.2013.12.015</infon><infon key="pub-id_pmid">24434212</infon><infon key="section_type">REF</infon><infon key="source">Cancer Cell.</infon><infon key="type">ref</infon><infon key="volume">25</infon><infon key="year">2014</infon><offset>25838</offset><text>Widespread genetic heterogeneity in multiple myeloma: implications for targeted therapy</text></passage><passage><infon key="fpage">571</infon><infon key="lpage">82</infon><infon key="name_0">surname:Cai;given-names:L</infon><infon key="name_1">surname:Rothbart;given-names:SB</infon><infon key="name_2">surname:Lu;given-names:R</infon><infon key="name_3">surname:Xu;given-names:B</infon><infon key="name_4">surname:Chen;given-names:W-Y</infon><infon key="name_5">surname:Tripathy;given-names:A</infon><infon key="pub-id_doi">10.1016/j.molcel.2012.11.026</infon><infon key="pub-id_pmid">23273982</infon><infon key="section_type">REF</infon><infon key="source">Mol Cell.</infon><infon key="type">ref</infon><infon key="volume">49</infon><infon key="year">2013</infon><offset>25926</offset><text>An H3K36 methylation-engaging Tudor motif of polycomb-like proteins mediates PRC2 complex targeting</text></passage><passage><infon key="fpage">663</infon><infon key="lpage">73</infon><infon key="name_0">surname:Shi;given-names:W</infon><infon key="name_1">surname:Liao;given-names:Y</infon><infon key="name_2">surname:Willis;given-names:SN</infon><infon key="name_3">surname:Taubenheim;given-names:N</infon><infon key="name_4">surname:Inouye;given-names:M</infon><infon key="name_5">surname:Tarlinton;given-names:DM</infon><infon key="pub-id_doi">10.1038/ni.3154</infon><infon key="pub-id_pmid">25894659</infon><infon key="section_type">REF</infon><infon key="source">Nat Immunol.</infon><infon key="type">ref</infon><infon key="volume">16</infon><infon key="year">2015</infon><offset>26026</offset><text>Transcriptional profiling of mouse B cell terminal differentiation defines a signature for antibody-secreting plasma cells</text></passage><passage><infon key="fpage">200</infon><infon key="lpage">11</infon><infon key="name_0">surname:Ning;given-names:F</infon><infon key="name_1">surname:Wang;given-names:C</infon><infon key="name_2">surname:Niu;given-names:S</infon><infon key="name_3">surname:Xu;given-names:H</infon><infon key="name_4">surname:Xia;given-names:K</infon><infon key="name_5">surname:Wang;given-names:N</infon><infon key="pub-id_pmid">29423005</infon><infon key="section_type">REF</infon><infon key="source">Am J Transl Res</infon><infon key="type">ref</infon><infon key="volume">10</infon><infon key="year">2018</infon><offset>26149</offset><text>Transcription factor Phf19 positively regulates germinal center reactions that underlies its role in rheumatoid arthritis</text></passage><passage><infon key="fpage">1273</infon><infon key="lpage">81</infon><infon key="name_0">surname:Brien;given-names:GL</infon><infon key="name_1">surname:Gambero;given-names:G</infon><infon key="name_2">surname:O’Connell;given-names:DJ</infon><infon key="name_3">surname:Jerman;given-names:E</infon><infon key="name_4">surname:Turner;given-names:SA</infon><infon key="name_5">surname:Egan;given-names:CM</infon><infon key="pub-id_doi">10.1038/nsmb.2449</infon><infon key="pub-id_pmid">23160351</infon><infon key="section_type">REF</infon><infon key="source">Nat Struct Mol Biol</infon><infon key="type">ref</infon><infon key="volume">19</infon><infon key="year">2012</infon><offset>26271</offset><text>Polycomb PHF19 binds H3K36me3 and recruits PRC2 and demethylase NO66 to embryonic stem cell genes during differentiation</text></passage><passage><infon key="fpage">1257</infon><infon key="lpage">65</infon><infon key="name_0">surname:Ballaré;given-names:C</infon><infon key="name_1">surname:Lange;given-names:M</infon><infon key="name_2">surname:Lapinaite;given-names:A</infon><infon key="name_3">surname:Martin;given-names:GM</infon><infon key="name_4">surname:Morey;given-names:L</infon><infon key="name_5">surname:Pascual;given-names:G</infon><infon key="pub-id_doi">10.1038/nsmb.2434</infon><infon key="pub-id_pmid">23104054</infon><infon key="section_type">REF</infon><infon key="source">Nat Struct Mol Biol</infon><infon key="type">ref</infon><infon key="volume">19</infon><infon key="year">2012</infon><offset>26392</offset><text>Phf19 links methylated Lys36 of histone H3 to regulation of Polycomb activity</text></passage><passage><infon key="fpage">375</infon><infon key="lpage">81</infon><infon key="name_0">surname:Yamagishi;given-names:M</infon><infon key="name_1">surname:Uchimaru;given-names:K</infon><infon key="pub-id_doi">10.1097/CCO.0000000000000390</infon><infon key="pub-id_pmid">28665819</infon><infon key="section_type">REF</infon><infon key="source">Curr Opin Oncol</infon><infon key="type">ref</infon><infon key="volume">29</infon><infon key="year">2017</infon><offset>26470</offset><text>Targeting EZH2 in cancer therapy</text></passage><passage><infon key="fpage">3145</infon><infon key="lpage">54</infon><infon key="name_0">surname:Marango;given-names:J</infon><infon key="name_1">surname:Shimoyama;given-names:M</infon><infon key="name_2">surname:Nishio;given-names:H</infon><infon key="name_3">surname:Meyer;given-names:JA</infon><infon key="name_4">surname:Min;given-names:D-J</infon><infon key="name_5">surname:Sirulnik;given-names:A</infon><infon key="pub-id_doi">10.1182/blood-2007-06-092122</infon><infon key="pub-id_pmid">18156491</infon><infon key="section_type">REF</infon><infon key="source">Blood.</infon><infon key="type">ref</infon><infon key="volume">111</infon><infon key="year">2008</infon><offset>26503</offset><text>The MMSET protein is a histone methyltransferase with characteristics of a transcriptional corepressor</text></passage><passage><infon key="fpage">287</infon><infon key="lpage">91</infon><infon key="name_0">surname:Nimura;given-names:K</infon><infon key="name_1">surname:Ura;given-names:K</infon><infon key="name_2">surname:Shiratori;given-names:H</infon><infon key="name_3">surname:Ikawa;given-names:M</infon><infon key="name_4">surname:Okabe;given-names:M</infon><infon key="name_5">surname:Schwartz;given-names:RJ</infon><infon key="pub-id_doi">10.1038/nature08086</infon><infon key="pub-id_pmid">19483677</infon><infon key="section_type">REF</infon><infon key="source">Nature.</infon><infon key="type">ref</infon><infon key="volume">460</infon><infon key="year">2009</infon><offset>26606</offset><text>A histone H3 lysine 36 trimethyltransferase links Nkx2-5 to Wolf-Hirschhorn syndrome</text></passage><passage><infon key="fpage">1880</infon><infon key="lpage">6</infon><infon key="name_0">surname:Kang;given-names:H-B</infon><infon key="name_1">surname:Choi;given-names:Y</infon><infon key="name_2">surname:Lee;given-names:JM</infon><infon key="name_3">surname:Choi;given-names:K-C</infon><infon key="name_4">surname:Kim;given-names:H-C</infon><infon key="name_5">surname:Yoo;given-names:J-Y</infon><infon key="pub-id_doi">10.1016/j.febslet.2009.05.038</infon><infon key="pub-id_pmid">19481544</infon><infon key="section_type">REF</infon><infon key="source">FEBS Lett</infon><infon key="type">ref</infon><infon key="volume">583</infon><infon key="year">2009</infon><offset>26691</offset><text>The histone methyltransferase, NSD2, enhances androgen receptor-mediated transcription</text></passage><passage><infon key="fpage">120</infon><infon key="lpage">30</infon><infon key="name_0">surname:Laganà;given-names:A</infon><infon key="name_1">surname:Perumal;given-names:D</infon><infon key="name_2">surname:Melnekoff;given-names:D</infon><infon key="name_3">surname:Readhead;given-names:B</infon><infon key="name_4">surname:Kidd;given-names:BA</infon><infon key="name_5">surname:Leshchenko;given-names:V</infon><infon key="pub-id_doi">10.1038/leu.2017.197</infon><infon key="pub-id_pmid">28642592</infon><infon key="section_type">REF</infon><infon key="source">Leukemia.</infon><infon key="type">ref</infon><infon key="volume">32</infon><infon key="year">2018</infon><offset>26778</offset><text>Integrative network analysis identifies novel drivers of pathogenesis and progression in newly diagnosed multiple myeloma</text></passage><passage><infon key="fpage">1</infon><infon key="name_0">surname:Went;given-names:M</infon><infon key="name_1">surname:Sud;given-names:A</infon><infon key="name_2">surname:Speedy;given-names:H</infon><infon key="name_3">surname:Sunter;given-names:NJ</infon><infon key="name_4">surname:Försti;given-names:A</infon><infon key="name_5">surname:Law;given-names:PJ</infon><infon key="pub-id_doi">10.1038/s41408-018-0162-8</infon><infon key="pub-id_pmid">30602759</infon><infon key="section_type">REF</infon><infon key="source">Blood Cancer J.</infon><infon key="type">ref</infon><infon key="volume">9</infon><infon key="year">2018</infon><offset>26900</offset><text>Genetic correlation between multiple myeloma and chronic lymphocytic leukaemia provides evidence for shared aetiology</text></passage><passage><infon key="fpage">89</infon><infon key="name_0">surname:Chattopadhyay;given-names:S</infon><infon key="name_1">surname:Thomsen;given-names:H</infon><infon key="name_2">surname:Yadav;given-names:P</infon><infon key="name_3">surname:da Silva Filho;given-names:MI</infon><infon key="name_4">surname:Weinhold;given-names:N</infon><infon key="name_5">surname:Nöthen;given-names:MM</infon><infon key="pub-id_doi">10.1038/s42003-019-0329-2</infon><infon key="pub-id_pmid">30854481</infon><infon key="section_type">REF</infon><infon key="source">Commun Biol</infon><infon key="type">ref</infon><infon key="volume">2</infon><infon key="year">2019</infon><offset>27018</offset><text>Genome-wide interaction and pathway-based identification of key regulators in multiple myeloma</text></passage><passage><infon key="fpage">7776</infon><infon key="lpage">84</infon><infon key="name_0">surname:Boyd;given-names:KD</infon><infon key="name_1">surname:Ross;given-names:FM</infon><infon key="name_2">surname:Walker;given-names:BA</infon><infon key="name_3">surname:Wardell;given-names:CP</infon><infon key="name_4">surname:Tapper;given-names:WJ</infon><infon key="name_5">surname:Chiecchio;given-names:L</infon><infon key="pub-id_doi">10.1158/1078-0432.CCR-11-1791</infon><infon key="pub-id_pmid">21994415</infon><infon key="section_type">REF</infon><infon key="source">Clin Cancer Res</infon><infon key="type">ref</infon><infon key="volume">17</infon><infon key="year">2011</infon><offset>27113</offset><text>Mapping of chromosome 1p deletions in myeloma identifies FAM46C at 1p12 and CDKN2C at 1p32.3 as being genes in regions associated with adverse survival</text></passage><passage><infon key="fpage">6347</infon><infon key="lpage">55</infon><infon key="name_0">surname:Wu;given-names:P</infon><infon key="name_1">surname:Walker;given-names:BA</infon><infon key="name_2">surname:Brewer;given-names:D</infon><infon key="name_3">surname:Gregory;given-names:WM</infon><infon key="name_4">surname:Ashcroft;given-names:J</infon><infon key="name_5">surname:Ross;given-names:FM</infon><infon key="pub-id_doi">10.1158/1078-0432.CCR-11-0994</infon><infon key="pub-id_pmid">21856767</infon><infon key="section_type">REF</infon><infon key="source">Clin Cancer Res</infon><infon key="type">ref</infon><infon key="volume">17</infon><infon key="year">2011</infon><offset>27265</offset><text>A gene expression-based predictor for myeloma patients at high risk of developing bone disease on bisphosphonate treatment</text></passage><passage><infon key="fpage">2685</infon><infon key="lpage">92</infon><infon key="name_0">surname:Moreaux;given-names:J</infon><infon key="name_1">surname:Rème;given-names:T</infon><infon key="name_2">surname:Leonard;given-names:W</infon><infon key="name_3">surname:Veyrune;given-names:J-L</infon><infon key="name_4">surname:Requirand;given-names:G</infon><infon key="name_5">surname:Goldschmidt;given-names:H</infon><infon key="pub-id_doi">10.1158/1535-7163.MCT-12-0721</infon><infon key="pub-id_pmid">23087257</infon><infon key="section_type">REF</infon><infon key="source">Mol Cancer Ther</infon><infon key="type">ref</infon><infon key="volume">11</infon><infon key="year">2012</infon><offset>27388</offset><text>Development of gene expression-based score to predict sensitivity of multiple myeloma cells to DNA methylation inhibitors</text></passage><passage><infon key="fpage">3319</infon><infon key="lpage">34</infon><infon key="name_0">surname:Maes;given-names:K</infon><infon key="name_1">surname:De Smedt;given-names:E</infon><infon key="name_2">surname:Kassambara;given-names:A</infon><infon key="name_3">surname:Hose;given-names:D</infon><infon key="name_4">surname:Seckinger;given-names:A</infon><infon key="name_5">surname:Van Valckenborgh;given-names:E</infon><infon key="pub-id_doi">10.18632/oncotarget.3207</infon><infon key="pub-id_pmid">25669970</infon><infon key="section_type">REF</infon><infon key="source">Oncotarget.</infon><infon key="type">ref</infon><infon key="volume">6</infon><infon key="year">2015</infon><offset>27510</offset><text>In vivo treatment with epigenetic modulating agents induces transcriptional alterations associated with prognosis and immunomodulation in multiple myeloma</text></passage></document></collection>
