<?xml version="1.0" encoding="UTF-8"?>
<!DOCTYPE collection SYSTEM "BioC.dtd">
<collection><source>PMC</source><date>20210603</date><key>pmc.key</key><document><id>7212528</id><infon key="license">author_manuscript</infon><passage><infon key="article-id_doi">10.1016/j.jsat.2020.108005</infon><infon key="article-id_manuscript">NIHMS1582913</infon><infon key="article-id_pmc">7212528</infon><infon key="article-id_pmid">32359667</infon><infon key="fpage">108005</infon><infon key="license">
          This file is available for text mining. It may also be used consistent with the principles of fair use under the copyright law.
        </infon><infon key="lpage">108005</infon><infon key="name_0">surname:Bergeria;given-names:Cecilia L.</infon><infon key="name_1">surname:Huhn;given-names:Andrew S.</infon><infon key="name_2">surname:Dunn;given-names:Kelly E.</infon><infon key="section_type">TITLE</infon><infon key="type">front</infon><infon key="volume">113</infon><infon key="year">2021</infon><offset>0</offset><text>The impact of naturalistic cannabis use on self-reported opioid withdrawal</text></passage><passage><infon key="section_type">INTRO</infon><infon key="type">title_1</infon><offset>75</offset><text>Introduction</text></passage><passage><infon key="section_type">INTRO</infon><infon key="type">paragraph</infon><offset>88</offset><text>The unmet treatment needs for persons with opioid use disorder (OUD) have led to substantial morbidity and mortality among this group, engendering an unprecedented opioid epidemic and public health crisis. Managing opioid withdrawal is integral for treatment retention and success for persons with OUD. Substantial preclinical research implicates the endocannabinoid system as having a role in opioid withdrawal. Indeed, administering exogenous cannabinoids, delta-9-tetrahydrocannabinol (THC) and cannabidiol (CBD), and increasing the endogenous cannabinoid anandamide, have all been shown to decrease opioid withdrawal severity in preclinical models. Very little human research on this topic exists. The only two randomized placebo-controlled studies provide evidence that dronabinol, a synthetic formulation of THC, modestly reduces opioid withdrawal but also produces a “high” and “euphoria” as well as clinically significant levels of tachycardia. No other cannabinoid formulations have been empirically studied for this indication in humans and retrospective studies have not clearly delineated whether naturalistic cannabis use can improve or hinder OUD treatment retention. Previous reports indicate that naturalistic cannabis use may improve,, worsen, or have no effect on opioid withdrawal.</text></passage><passage><infon key="section_type">INTRO</infon><infon key="type">paragraph</infon><offset>1397</offset><text>Despite inconclusive research on whether prescribed or naturalistic cannabis use aids the treatment of OUD, at least four states have already legislatively approved OUD as an indication for medicinal cannabis and several other states have proposed similar legislation. These approvals are concerning because of the limited and conflicting evidence suggesting cannabis can both improve and worsen opioid withdrawal and treatment retention. Together, this makes it unclear whether clinicians should permit or discourage its use during OUD treatment. To better understand the effects of naturalistic cannabis use on opioid withdrawal, this study focuses on how cannabis may differentially influence specific opioid withdrawal symptoms and opioid withdrawal severity.</text></passage><passage><infon key="section_type">METHODS</infon><infon key="type">title_1</infon><offset>2161</offset><text>Method</text></passage><passage><infon key="section_type">METHODS</infon><infon key="type">title_2</infon><offset>2168</offset><text>Recruitment and screening</text></passage><passage><infon key="section_type">METHODS</infon><infon key="type">paragraph</infon><offset>2194</offset><text>Participants were recruited through Amazon Mechanical Turk (AMT), a crowdsourcing platform commonly used in survey-based research. Individuals register as AMT “workers” to complete human intelligence tasks (HITs) to earn money. The HIT used to recruit participants to complete the survey discussed in this report was generically advertised as a survey on “health behaviors”. To access the HIT, participants needed a ≥ 80% approval rate from completion of previous HITs and to have resided in the United States. Eligibility was assessed using a brief screening survey, which also included embedded attention checks for quality control and distractor questions to obscure the purpose of the study. To qualify for the study, participants needed to (1) respond correctly to attention checks and (2) endorse past 30-day opioid and cannabis use and (3) report having experienced opioid withdrawal in the past 30 days. Of the 3,617 individuals who completed the eligibility screening, 268 (7% of screened sample) were considered eligible. Of the 268 eligible participants, 200 (75%) consented and completed the entire study survey and are included in the final analyses. All respondents received $0.15 for completing the eligibility survey and eligible participants who completed the entire survey and successfully responded to attention checks received an additional $3. The Johns Hopkins University IRB determined this study did not qualify as human subjects research.</text></passage><passage><infon key="section_type">METHODS</infon><infon key="type">title_2</infon><offset>3668</offset><text>Procedures</text></passage><passage><infon key="section_type">METHODS</infon><infon key="type">paragraph</infon><offset>3679</offset><text>Eligible participants completed several questionnaires about their demographics and cannabis and opioid use (including DSM-5 checklists for CUD and OUD).</text></passage><passage><infon key="section_type">METHODS</infon><infon key="type">paragraph</infon><offset>3833</offset><text>Opioid withdrawal was assessed in several ways. First, participants indicated whether they felt that cannabis improved or worsened opioid withdrawal by answering: “What symptoms of opioid withdrawal do you believe cannabis helps? Please select all that apply.” And “What symptoms of opioid withdrawal do you believe cannabis worsens? Please select all that apply.” Opioid withdrawal symptoms were taken from the 16-item self-report Subjective Opiate Withdrawal Scale (SOWS),which asks participants to rate the severity of the following symptoms on a 0 (not at all)–4 (extremely) Likert scale: anxiety, tremors, trouble sleeping, bone/muscle aches, restlessness, nausea, cravings/feel like using, stomach cramps, vomiting, sweating, hot flashes, cold flashes, twitches, yawning, teary eyes, goosebumps, diarrhea, and runny nose. Two additional questions that were hypothesized to be sensitive to cannabis use (trouble sleeping, diarrhea) were also added and rated on the same Likert scale, resulting in a total overall score range of 0–72 (18 items).</text></passage><passage><infon key="section_type">METHODS</infon><infon key="type">paragraph</infon><offset>4895</offset><text>Next, participants were instructed to think about a typical day when they did not use cannabis and rate the severity at which they experienced each opioid withdrawal symptom on the 16-item SOWS. Participants were then instructed to think about a typical day when they did use cannabis and to indicate the severity at which they experienced each symptom on the 16-item SOWS. Finally, participants also completed visual analog scale (VAS, range: 0–100) ratings of opioid withdrawal severity when using and not using cannabis. This way of measuring opioid withdrawal does not assume that symptoms of withdrawal equally contribute to total opioid withdrawal intensity and therefore may be more indicative of overall disruption.</text></passage><passage><infon key="section_type">METHODS</infon><infon key="type">title_2</infon><offset>5621</offset><text>Statistical analyses</text></passage><passage><infon key="section_type">METHODS</infon><infon key="type">paragraph</infon><offset>5642</offset><text>Descriptive statistics were used to characterize the prevalence of cannabis use for the treatment of opioid withdrawal and whether individuals felt cannabis use improved or worsened specific opioid withdrawal symptoms. Paired-sample t-tests were used to compare SOWS total scores and VAS withdrawal severity scores on days that participants did and did not use cannabis.</text></passage><passage><infon key="section_type">METHODS</infon><infon key="type">paragraph</infon><offset>6013</offset><text>For individual symptoms, ratios were computed to characterize the proportion of participants who experienced improvements in a withdrawal symptom relative to the number of participants who experienced a worsening of withdrawal symptoms during cannabis use. A value &gt;1 indicates a greater number of participants experienced improvements with cannabis, and &lt;1 indicates a greater number of participants experienced a worsening of a symptom with cannabis.</text></passage><passage><infon key="section_type">METHODS</infon><infon key="type">paragraph</infon><offset>6466</offset><text>To characterize the magnitude of change in opioid withdrawal, SOWS individual symptom scores and total scores and VAS severity scores were transformed into difference scores by subtracting SOWS total scores and VAS severity scores on days with opioid withdrawal with and without cannabis use. Pearson correlation coefficients were then calculated to determine if the magnitude of total withdrawal change was related to past 30-day opioid or cannabis use, or self-reported OUD or cannabis use disorder (CUD) scores. Self-reported OUD and CUD scores were computed by summing the total number of Diagnostic and Statistical Manual (DSM)-5 criteria met for OUD or CUD. Independent t-tests were conducted to compare whether cannabis changed opioid withdrawal differently as a function of sex.</text></passage><passage><infon key="section_type">RESULTS</infon><infon key="type">title_1</infon><offset>7253</offset><text>Results</text></passage><passage><infon key="section_type">RESULTS</infon><infon key="type">paragraph</infon><offset>7261</offset><text>Participant demographics and drug use characteristics are presented in Table 1. Sixty-three percent (n=125) of respondents reported using cannabis to treat opioid withdrawal. Of those, 72.0% reported cannabis improved opioid withdrawal, 6.4% reported cannabis worsened opioid withdrawal, and 20.0% reported cannabis improved some but worsened other opioid withdrawal symptoms. Of the 125, 2.4% (n=3) indicated that cannabis had no influence on opioid withdrawal.</text></passage><passage><infon key="section_type">RESULTS</infon><infon key="type">paragraph</infon><offset>7724</offset><text>Among the 122 respondents who indicated cannabis influenced opioid withdrawal, anxiety (76.2% of respondents), tremors (54.1%) and trouble sleeping (48.4%) were the most frequently improved, and yawning (7.4%), tearing eyes (6.6%), and running nose (6.6%) were the most frequently exacerbated SOWS symptoms (Table 2). Ratios reflecting the participants who experienced improved versus worsened symptoms indicated that more individuals found cannabis to improve rather than worsen all evaluated symptoms (Table 2).</text></passage><passage><infon key="section_type">RESULTS</infon><infon key="type">paragraph</infon><offset>8238</offset><text>Paired-sample t-tests indicated SOWS total scores were significantly lower on days with cannabis (M = 16.2, SEM = 1.4) compared to days without (M = 27.8, SEM = 1.3), t(121) = 9.4, p &lt; .05, d = 0.84, and that VAS withdrawal severity scores were significantly lower during days with cannabis (M = 35.3, SEM = 2.0), compared to days without (M = 64.5, SEM = 2.0, t(121) = 11.2 p &lt; .05, d = 0.88; Figure 1).</text></passage><passage><infon key="section_type">RESULTS</infon><infon key="type">paragraph</infon><offset>8643</offset><text>Changes in SOWS total scores and VAS severity scores were significantly and positively correlated with past 30-day opioid use (r = .35, p &lt; .001, r = .36, p &lt; .001) and past 30-day cannabis use (r = .27, p &lt; .01, r = .30, p &lt; .01). Change scores were not correlated with OUD nor with CUD scores.</text></passage><passage><infon key="section_type">RESULTS</infon><infon key="type">paragraph</infon><offset>8939</offset><text>Changes in SOWS total scores were significantly greater among women (M = 14.2, SD = 14.4) compared to men (M = 9.3, SD = 13.0), t(121) = –2.0, p = .04. SOWS totals scores without cannabis were not significantly different between men (M = 27.0, SD = 14.7) and women (M = 27.8, SD = 16.0, t(121) = –0.3, p = .77).</text></passage><passage><infon key="section_type">DISCUSS</infon><infon key="type">title_1</infon><offset>9255</offset><text>Discussion</text></passage><passage><infon key="section_type">DISCUSS</infon><infon key="type">paragraph</infon><offset>9266</offset><text>Recent policy changes have permitted medicinal cannabis for the treatment of OUD despite mixed evidence about whether cannabis use improves or worsens opioid withdrawal symptoms. The data in this manuscript indicate that individuals who experience opioid withdrawal and use cannabis may perceive cannabis to provide clinically meaningful improvements in opioid withdrawal, though a minority found cannabis did worsen some symptoms. Across all symptoms, more participants indicated that opioid withdrawal symptoms improved with cannabis relative to those who indicated that cannabis worsened a symptom. On average, withdrawal severity scores nearly doubled on days cannabis was not used. Commonly improved symptoms included anxiety, trouble sleeping, and bone/muscle aches. It is important to note that individuals without OUD report that these symptoms are some of the most common conditions that they treat with medicinal cannabis.</text></passage><passage><infon key="section_type">DISCUSS</infon><infon key="type">paragraph</infon><offset>10199</offset><text>The magnitude of change in opioid withdrawal was not related to OUD nor CUD scores. This suggests that individuals with varying levels of OUD and CUD experience comparable relief from withdrawal with cannabis. Paradoxically, magnitude of changes were related to the number of days with opioid or cannabis use in the past 30 days. This suggests that individuals with greater cannabis and opioid use experience greater reductions in opioid withdrawal when using cannabis. Finally, the magnitude of change in opioid withdrawal symptoms was greatest among females. This finding identifies a new manner in which treatment of OUD may differ by sex and warrants further attention.</text></passage><passage><infon key="section_type">DISCUSS</infon><infon key="type">paragraph</infon><offset>10873</offset><text>One limitation of this study is that it was conducted using a crowdsourcing platform and, therefore, in-person validation of substance use was not possible. Additionally, AMT workers have generally been characterized as younger, more educated, and reporting poorer health quality and higher rates of depression relative to nationally representative samples. Nevertheless, studies have validated the use of AMT for substance use–related research by comparing MTurk data with data collected in in-person laboratory settings. We also took several steps to ensure that high quality data were collected. Another notable limitation is that the SOWS has not been specifically validated for use as a retrospective measure. However, given the paucity of data on this topic, this approach provided a feasible way to identify whether specific withdrawal symptoms may be differentially affected by cannabis use and the perceived magnitude of the effect of cannabis use on symptom severity, which can be used to support prospective evaluation of this topic.</text></passage><passage><infon key="section_type">DISCUSS</infon><infon key="type">paragraph</infon><offset>11920</offset><text>Finally, we did not collect detailed data on the route of administration and dose amount of cannabis. Future studies should evaluate how use patterns may influence the efficacy of cannabis in treating opioid withdrawal symptoms. Previous retrospective research suggests that high frequency of cannabis use vs. occasional cannabis use can both improve and harm treatment retention among individuals with OUD, further emphasizing the need to conduct prospective research on this topic and the factors that may influence treatment response. While these data demonstrated that more frequent past 30-day cannabis use was related to greater relief from opioid withdrawal, findings are limited by not knowing the amount of cannabis consumed and the route of administration.</text></passage><passage><infon key="section_type">DISCUSS</infon><infon key="type">paragraph</infon><offset>12687</offset><text>Cannabinoids are also being considered therapeutically within the context of opioid use because they can potentiate opioid analgesia. In the absence of randomized clinical trials, a large number of epidemiological and convenience sample survey studies support the natural substitution of cannabis for opioids to treat pain. These data suggest that cannabis appears to be an acceptable substitute for opioids among opioid-using populations. Prospectively designed research is needed to discern the precise influence of cannabis within the context of opioid use and OUD.</text></passage><passage><infon key="section_type">DISCUSS</infon><infon key="type">paragraph</infon><offset>13256</offset><text>Future research should also evaluate how cannabis use may impact factors other than withdrawal symptoms that also influence treatment success (e.g., psychological well-being, motivation to use opioids). Indeed, while cannabis may not largely exacerbate opioid withdrawal, there may be other mechanisms by which cannabis detrimentally disrupts the treatment of OUD.</text></passage><passage><infon key="section_type">CONCL</infon><infon key="type">title_1</infon><offset>13621</offset><text>Conclusion</text></passage><passage><infon key="section_type">CONCL</infon><infon key="type">paragraph</infon><offset>13632</offset><text>In summary, these data suggest that the co-users of opioids and cannabis endorse cannabis as a method for reducing opioid withdrawal severity. Given the shifting legal landscape, prospectively designed clinical trials that assess whether cannabis or its components can effectively treat opioid withdrawal are warranted.</text></passage><passage><infon key="section_type">CONCL</infon><infon key="type">footnote</infon><offset>13952</offset><text>This is a PDF file of an unedited manuscript that has been accepted for publication. As a service to our customers we are providing this early version of the manuscript. The manuscript will undergo copyediting, typesetting, and review of the resulting proof before it is published in its final form. Please note that during the production process errors may be discovered which could affect the content, and all legal disclaimers that apply to the journal pertain.</text></passage><passage><infon key="section_type">REF</infon><infon key="type">title</infon><offset>14417</offset><text>References</text></passage><passage><infon key="section_type">REF</infon><infon key="source">Diagnostic and Statistical Manual of Mental Disorders, Fifth</infon><infon key="type">ref</infon><infon key="year">2013</infon><offset>14428</offset></passage><passage><infon key="fpage">267</infon><infon key="issue">3</infon><infon key="lpage">270</infon><infon key="name_0">surname:Bhargava;given-names:HN</infon><infon key="pub-id_pmid">826944</infon><infon key="section_type">REF</infon><infon key="source">Psychopharmacology (Berl)</infon><infon key="type">ref</infon><infon key="volume">49</infon><infon key="year">1976</infon><offset>14429</offset><text>Effect of some cannabinoids on naloxone-precipitated abstinence in morphine-dependent mice</text></passage><passage><infon key="fpage">38</infon><infon key="lpage">45</infon><infon key="name_0">surname:Bisaga;given-names:A</infon><infon key="name_1">surname:Sullivan;given-names:MA</infon><infon key="name_2">surname:Glass;given-names:A</infon><infon key="name_3">surname:Mishlen;given-names:K</infon><infon key="name_4">surname:Pavlicova;given-names:M</infon><infon key="name_5">surname:Haney;given-names:M</infon><infon key="name_6">surname:Nunes;given-names:EV</infon><infon key="pub-id_doi">10.1016/j.drugalcdep.2015.05.013</infon><infon key="pub-id_pmid">26187456</infon><infon key="section_type">REF</infon><infon key="source">Drug and Alcohol Dependence</infon><infon key="type">ref</infon><infon key="volume">154</infon><infon key="year">2015</infon><offset>14520</offset><text>The effects of dronabinol during detoxification and the initiation of treatment with extended release naltrexone</text></passage><passage><infon key="name_0">surname:Boehnke;given-names:KF</infon><infon key="name_1">surname:Scott;given-names:JR</infon><infon key="name_2">surname:Litinas;given-names:E</infon><infon key="name_3">surname:Sisley;given-names:S</infon><infon key="name_4">surname:Williams;given-names:DA</infon><infon key="name_5">surname:Clauw;given-names:DJ</infon><infon key="pub-id_doi">10.1016/j.jpain.2019.01.010</infon><infon key="section_type">REF</infon><infon key="source">The Journal of Pain</infon><infon key="type">ref</infon><infon key="year">2019</infon><offset>14633</offset><text>Pills to pot: observational analyses of cannabis substitution among medical cannabis users with chronic pain</text></passage><passage><infon key="fpage">53</infon><infon key="lpage">81</infon><infon key="name_0">surname:Chandler;given-names:J</infon><infon key="name_1">surname:Shapiro;given-names:D</infon><infon key="pub-id_doi">10.1146/annurev-clinpsy-021815-093623</infon><infon key="section_type">REF</infon><infon key="source">Annual Review of Clinical Psychology</infon><infon key="type">ref</infon><infon key="volume">12</infon><infon key="year">2016</infon><offset>14742</offset><text>Conducting clinical research using crowdsourced convenience samples</text></passage><passage><infon key="fpage">1317</infon><infon key="issue">11</infon><infon key="lpage">1324</infon><infon key="name_0">surname:Cichewicz;given-names:DL</infon><infon key="pub-id_pmid">14706563</infon><infon key="section_type">REF</infon><infon key="source">Life Sciences</infon><infon key="type">ref</infon><infon key="volume">74</infon><infon key="year">2004</infon><offset>14810</offset><text>Synergistic interactions between cannabinoid and opioid analgesics</text></passage><passage><infon key="fpage">152</infon><infon key="issue">1</infon><infon key="lpage">161</infon><infon key="name_0">surname:Corroon;given-names:J</infon><infon key="name_1">surname:Phillips;given-names:JA</infon><infon key="pub-id_doi">10.1089/can.2018.0006</infon><infon key="pub-id_pmid">30014038</infon><infon key="section_type">REF</infon><infon key="source">Cannabis and Cannabinoid Research</infon><infon key="type">ref</infon><infon key="volume">3</infon><infon key="year">2018</infon><offset>14877</offset><text>A cross-sectional study of cannabidiol users</text></passage><passage><infon key="fpage">989</infon><infon key="lpage">998</infon><infon key="name_0">surname:Corroon;given-names:JM;suffix:Jr.</infon><infon key="name_1">surname:Mischley;given-names:LK</infon><infon key="name_2">surname:Sexton;given-names:M</infon><infon key="pub-id_doi">10.2147/jpr.S134330</infon><infon key="pub-id_pmid">28496355</infon><infon key="section_type">REF</infon><infon key="source">Journal of Pain Research</infon><infon key="type">ref</infon><infon key="volume">10</infon><infon key="year">2017</infon><offset>14922</offset><text>Cannabis as a substitute for prescription drugs - a cross-sectional study</text></passage><passage><infon key="fpage">269</infon><infon key="issue">3</infon><infon key="lpage">279</infon><infon key="name_0">surname:Epstein;given-names:DH</infon><infon key="name_1">surname:Preston;given-names:KL</infon><infon key="pub-id_pmid">12603227</infon><infon key="section_type">REF</infon><infon key="source">Addiction</infon><infon key="type">ref</infon><infon key="volume">98</infon><infon key="year">2003</infon><offset>14996</offset><text>Does cannabis use predict poor outcome for heroindependent patients on maintenance treatment? Past findings and more evidence against</text></passage><passage><infon key="fpage">323</infon><infon key="issue">4</infon><infon key="lpage">328</infon><infon key="name_0">surname:Epstein;given-names:DH</infon><infon key="name_1">surname:Preston;given-names:KL</infon><infon key="pub-id_doi">10.1111/ajad.12183</infon><infon key="section_type">REF</infon><infon key="source">The American Journal of Addictions</infon><infon key="type">ref</infon><infon key="volume">24</infon><infon key="year">2015</infon><offset>15130</offset><text>No evidence for reduction of opioid-withdrawal symptoms by cannabis smoking during a methadone dose taper</text></passage><passage><infon key="fpage">e0187633</infon><infon key="issue">11</infon><infon key="name_0">surname:Franklyn;given-names:AM</infon><infon key="name_1">surname:Eibl;given-names:JK</infon><infon key="name_2">surname:Gauthier;given-names:GJ</infon><infon key="name_3">surname:Marsh;given-names:DC</infon><infon key="pub-id_doi">10.1371/journal.pone.0187633</infon><infon key="pub-id_pmid">29117267</infon><infon key="section_type">REF</infon><infon key="source">PLoS One</infon><infon key="type">ref</infon><infon key="volume">12</infon><infon key="year">2017</infon><offset>15236</offset><text>The impact of cannabis use on patients enrolled in opioid agonist therapy in Ontario, Canada</text></passage><passage><infon key="fpage">7</infon><infon key="lpage">16</infon><infon key="name_0">surname:Gamage;given-names:TF</infon><infon key="name_1">surname:Ignatowska-Jankowska;given-names:BM</infon><infon key="name_2">surname:Muldoon;given-names:PP</infon><infon key="name_3">surname:Cravatt;given-names:BF</infon><infon key="name_4">surname:Damaj;given-names:MI</infon><infon key="name_5">surname:Lichtman;given-names:AH</infon><infon key="pub-id_doi">10.1016/j.drugalcdep.2014.11.015</infon><infon key="pub-id_pmid">25479915</infon><infon key="section_type">REF</infon><infon key="source">Drug and Alcohol Dependence</infon><infon key="type">ref</infon><infon key="volume">146</infon><infon key="year">2015</infon><offset>15329</offset><text>Differential effects of endocannabinoid catabolic inhibitors on morphine withdrawal in mice</text></passage><passage><infon key="fpage">208</infon><infon key="lpage">212</infon><infon key="name_0">surname:Gossop;given-names:M</infon><infon key="name_1">surname:Battersby;given-names:M</infon><infon key="name_2">surname:Strang;given-names:J</infon><infon key="pub-id_pmid">1663410</infon><infon key="section_type">REF</infon><infon key="source">British Journal of Psychiatry</infon><infon key="type">ref</infon><infon key="volume">159</infon><infon key="year">1991</infon><offset>15421</offset><text>Self-detoxification by opiate addicts. A preliminary investigation</text></passage><passage><infon key="fpage">293</infon><infon key="issue">3</infon><infon key="lpage">308</infon><infon key="name_0">surname:Handelsman;given-names:L</infon><infon key="name_1">surname:Cochrane;given-names:KJ</infon><infon key="name_2">surname:Aronson;given-names:MJ</infon><infon key="name_3">surname:Ness;given-names:R</infon><infon key="name_4">surname:Rubinstein;given-names:KJ</infon><infon key="name_5">surname:Kanof;given-names:PD</infon><infon key="pub-id_doi">10.3109/00952998709001515</infon><infon key="pub-id_pmid">3687892</infon><infon key="section_type">REF</infon><infon key="source">American Journal of Drug and Alcohol Abuse</infon><infon key="type">ref</infon><infon key="volume">13</infon><infon key="year">1987</infon><offset>15488</offset><text>Two new rating scales for opiate withdrawal</text></passage><passage><infon key="fpage">1</infon><infon key="issue">329</infon><infon key="lpage">8</infon><infon key="name_0">surname:Hedegaard;given-names:H</infon><infon key="name_1">surname:Minino;given-names:AM</infon><infon key="name_2">surname:Warner;given-names:M</infon><infon key="section_type">REF</infon><infon key="source">NCHS Data Brief</infon><infon key="type">ref</infon><infon key="year">2018</infon><offset>15532</offset><text>Drug overdose deaths in the United States, 1999–2017</text></passage><passage><infon key="fpage">443</infon><infon key="issue">4175</infon><infon key="lpage">445</infon><infon key="name_0">surname:Hine;given-names:B</infon><infon key="name_1">surname:Friedman;given-names:E</infon><infon key="name_2">surname:Torrelio;given-names:M</infon><infon key="name_3">surname:Gershon;given-names:S</infon><infon key="pub-id_pmid">1167428</infon><infon key="section_type">REF</infon><infon key="source">Science</infon><infon key="type">ref</infon><infon key="volume">187</infon><infon key="year">1975</infon><offset>15587</offset><text>Morphine-dependent rats: blockade of precipitated abstinence by tetrahydrocannabinol</text></passage><passage><infon key="fpage">185</infon><infon key="issue">1</infon><infon key="lpage">188</infon><infon key="name_0">surname:Hine;given-names:B</infon><infon key="name_1">surname:Torrelio;given-names:M</infon><infon key="name_2">surname:Gershon;given-names:S</infon><infon key="pub-id_pmid">1237925</infon><infon key="section_type">REF</infon><infon key="source">Research Communications in Chemical Pathology and Pharmacology</infon><infon key="type">ref</infon><infon key="volume">12</infon><infon key="year">1975a</infon><offset>15672</offset><text>Differential effect of cannabinol and cannabidiol on THC-induced responses during abstinence in morphine-dependent rats</text></passage><passage><infon key="fpage">851</infon><infon key="issue">6</infon><infon key="lpage">857</infon><infon key="name_0">surname:Hine;given-names:B</infon><infon key="name_1">surname:Torrelio;given-names:M</infon><infon key="name_2">surname:Gershon;given-names:S</infon><infon key="pub-id_pmid">1238886</infon><infon key="section_type">REF</infon><infon key="source">Life Sciences</infon><infon key="type">ref</infon><infon key="volume">17</infon><infon key="year">1975b</infon><offset>15792</offset><text>Interactions between cannabidiol and delta9-THC during abstinence in morphine-dependent rats</text></passage><passage><infon key="fpage">246</infon><infon key="issue">4</infon><infon key="lpage">261</infon><infon key="name_0">surname:Huhn;given-names:AS</infon><infon key="name_1">surname:Berry;given-names:MS</infon><infon key="name_2">surname:Dunn;given-names:KE</infon><infon key="pub-id_doi">10.1111/ajad.12921</infon><infon key="section_type">REF</infon><infon key="source">The American Journal of Addictions</infon><infon key="type">ref</infon><infon key="volume">28</infon><infon key="year">2019</infon><offset>15885</offset><text>Review: Sex-based differences in treatment outcomes for persons with opioid use disorder</text></passage><passage><infon key="name_0">surname:Humphreys;given-names:K</infon><infon key="name_1">surname:Saitz;given-names:R</infon><infon key="pub-id_doi">10.1001/jama.2019.0077</infon><infon key="section_type">REF</infon><infon key="source">JAMA</infon><infon key="type">ref</infon><infon key="year">2019</infon><offset>15974</offset><text>Should physicians recommend replacing opioids with cannabis</text></passage><passage><infon key="fpage">181</infon><infon key="lpage">192</infon><infon key="name_0">surname:Kosiba;given-names:JD</infon><infon key="name_1">surname:Maisto;given-names:SA</infon><infon key="name_2">surname:Ditre;given-names:JW</infon><infon key="pub-id_doi">10.1016/j.socscimed.2019.06.005</infon><infon key="pub-id_pmid">31207470</infon><infon key="section_type">REF</infon><infon key="source">Social Science and Medicine</infon><infon key="type">ref</infon><infon key="volume">233</infon><infon key="year">2019</infon><offset>16034</offset><text>Patient-reported use of medical cannabis for pain, anxiety, and depression symptoms: Systematic review and meta-analysis</text></passage><passage><infon key="fpage">1007</infon><infon key="issue">3</infon><infon key="lpage">1014</infon><infon key="name_0">surname:Lichtman;given-names:AH</infon><infon key="name_1">surname:Sheikh;given-names:SM</infon><infon key="name_2">surname:Loh;given-names:HH</infon><infon key="name_3">surname:Martin;given-names:BR</infon><infon key="pub-id_pmid">11504797</infon><infon key="section_type">REF</infon><infon key="source">The Journal of Pharmacology and Experimental Therapeutics</infon><infon key="type">ref</infon><infon key="volume">298</infon><infon key="year">2001</infon><offset>16155</offset><text>Opioid and cannabinoid modulation of precipitated withdrawal in delta(9)-tetrahydrocannabinol and morphine-dependent mice</text></passage><passage><infon key="fpage">143</infon><infon key="lpage">150</infon><infon key="name_0">surname:Lofwall;given-names:MR</infon><infon key="name_1">surname:Babalonis;given-names:S</infon><infon key="name_2">surname:Nuzzo;given-names:PA</infon><infon key="name_3">surname:Elayi;given-names:SC</infon><infon key="name_4">surname:Walsh;given-names:SL</infon><infon key="pub-id_doi">10.1016/j.drugalcdep.2016.05.002</infon><infon key="pub-id_pmid">27234658</infon><infon key="section_type">REF</infon><infon key="source">Drug and Alcohol Dependence</infon><infon key="type">ref</infon><infon key="volume">164</infon><infon key="year">2016</infon><offset>16277</offset><text>Opioid withdrawal suppression efficacy of oral dronabinol in opioid dependent humans</text></passage><passage><infon key="fpage">58</infon><infon key="issue">1</infon><infon key="name_0">surname:Lucas;given-names:P</infon><infon key="pub-id_doi">10.1186/s12954-017-0183-9</infon><infon key="pub-id_pmid">28821296</infon><infon key="section_type">REF</infon><infon key="source">Harm Reduction Journal</infon><infon key="type">ref</infon><infon key="volume">14</infon><infon key="year">2017</infon><offset>16362</offset><text>Rationale for cannabis-based interventions in the opioid overdose crisis</text></passage><passage><infon key="fpage">9</infon><infon key="issue">1</infon><infon key="name_0">surname:Lucas;given-names:P</infon><infon key="name_1">surname:Baron;given-names:EP</infon><infon key="name_2">surname:Jikomes;given-names:N</infon><infon key="pub-id_doi">10.1186/s12954-019-0278-6</infon><infon key="pub-id_pmid">30691503</infon><infon key="section_type">REF</infon><infon key="source">Harm Reduction Journal</infon><infon key="type">ref</infon><infon key="volume">16</infon><infon key="year">2019</infon><offset>16435</offset><text>Medical cannabis patterns of use and substitution for opioids &amp; other pharmaceutical drugs, alcohol, tobacco, and illicit substances; results from a cross-sectional survey of authorized patients</text></passage><passage><infon key="fpage">326</infon><infon key="issue">3</infon><infon key="lpage">333</infon><infon key="name_0">surname:Lucas;given-names:P</infon><infon key="name_1">surname:Walsh;given-names:Z</infon><infon key="name_2">surname:Crosby;given-names:K</infon><infon key="name_3">surname:Callaway;given-names:R</infon><infon key="name_4">surname:Belle-Isle;given-names:L</infon><infon key="name_5">surname:Kay;given-names:R</infon><infon key="name_6">surname:Holtzman;given-names:S</infon><infon key="pub-id_doi">10.1111/dar.12323</infon><infon key="pub-id_pmid">26364922</infon><infon key="section_type">REF</infon><infon key="source">Drug and Alcohol Review</infon><infon key="type">ref</infon><infon key="volume">35</infon><infon key="year">2016</infon><offset>16630</offset><text>Substituting cannabis for prescription drugs, alcohol and other substances among medical cannabis patients: The impact of contextual factors</text></passage><passage><infon key="fpage">211</infon><infon key="issue">3</infon><infon key="lpage">215</infon><infon key="name_0">surname:Mortensen;given-names:K</infon><infon key="name_1">surname:Alcala;given-names:MG</infon><infon key="name_2">surname:French;given-names:MT</infon><infon key="name_3">surname:Hu;given-names:T</infon><infon key="pub-id_doi">10.1097/mlr.0000000000000871</infon><infon key="pub-id_pmid">29329148</infon><infon key="section_type">REF</infon><infon key="source">Medical Care</infon><infon key="type">ref</infon><infon key="volume">56</infon><infon key="year">2018</infon><offset>16771</offset><text>Self-reported health status differs for Amazon’s Mechanical Turk respondents compared with nationally representative surveys</text></passage><passage><infon key="fpage">1752</infon><infon key="issue">9</infon><infon key="lpage">1765</infon><infon key="name_0">surname:Nielsen;given-names:S</infon><infon key="name_1">surname:Sabioni;given-names:P</infon><infon key="name_2">surname:Trigo;given-names:JM</infon><infon key="name_3">surname:Ware;given-names:MA</infon><infon key="name_4">surname:Betz-Stablein;given-names:BD</infon><infon key="name_5">surname:Murnion;given-names:B</infon><infon key="name_6">surname:Le Foll;given-names:B</infon><infon key="pub-id_doi">10.1038/npp.2017.51</infon><infon key="pub-id_pmid">28327548</infon><infon key="section_type">REF</infon><infon key="source">Neuropsychopharmacology</infon><infon key="type">ref</infon><infon key="volume">42</infon><infon key="year">2017</infon><offset>16898</offset><text>Opioid-sparing effect of cannabinoids: A systematic review and meta-analysis</text></passage><passage><infon key="fpage">575</infon><infon key="issue">4</infon><infon key="lpage">584</infon><infon key="name_0">surname:Noble;given-names:A</infon><infon key="name_1">surname:Best;given-names:D</infon><infon key="name_2">surname:Man;given-names:LH</infon><infon key="name_3">surname:Gossop;given-names:M</infon><infon key="name_4">surname:Stang;given-names:J</infon><infon key="pub-id_pmid">12188593</infon><infon key="section_type">REF</infon><infon key="source">Addictive Behaviors</infon><infon key="type">ref</infon><infon key="volume">27</infon><infon key="year">2002</infon><offset>16975</offset><text>Self-detoxification attempts among methadone maintenance patients: what methods and what success</text></passage><passage><infon key="fpage">569</infon><infon key="issue">5</infon><infon key="lpage">575</infon><infon key="name_0">surname:Piper;given-names:BJ</infon><infon key="name_1">surname:DeKeuster;given-names:RM</infon><infon key="name_2">surname:Beals;given-names:ML</infon><infon key="name_3">surname:Cobb;given-names:CM</infon><infon key="name_4">surname:Burchman;given-names:CA</infon><infon key="name_5">surname:Perkinson;given-names:L</infon><infon key="name_6">surname:Abess;given-names:AT</infon><infon key="pub-id_doi">10.1177/0269881117699616</infon><infon key="pub-id_pmid">28372506</infon><infon key="section_type">REF</infon><infon key="source">Journal of Psychopharmacology</infon><infon key="type">ref</infon><infon key="volume">31</infon><infon key="year">2017</infon><offset>17072</offset><text>Substitution of medical cannabis for pharmaceutical agents for pain, anxiety, and sleep</text></passage><passage><infon key="fpage">1039</infon><infon key="issue">6</infon><infon key="lpage">1049</infon><infon key="name_0">surname:Ramesh;given-names:D</infon><infon key="name_1">surname:Gamage;given-names:TF</infon><infon key="name_2">surname:Vanuytsel;given-names:T</infon><infon key="name_3">surname:Owens;given-names:RA</infon><infon key="name_4">surname:Abdullah;given-names:RA</infon><infon key="name_5">surname:Niphakis;given-names:MJ</infon><infon key="name_6">surname:Lichtman;given-names:AH</infon><infon key="pub-id_doi">10.1038/npp.2012.269</infon><infon key="pub-id_pmid">23303065</infon><infon key="section_type">REF</infon><infon key="source">Neuropsychopharmacology</infon><infon key="type">ref</infon><infon key="volume">38</infon><infon key="year">2013</infon><offset>17160</offset><text>Dual inhibition of endocannabinoid catabolic enzymes produce enhanced antiwithdrawal effects in morphine-dependent mice</text></passage><passage><infon key="fpage">2250</infon><infon key="issue">12</infon><infon key="lpage">2258</infon><infon key="name_0">surname:Socias;given-names:ME</infon><infon key="name_1">surname:Wood;given-names:E</infon><infon key="name_2">surname:Lake;given-names:S</infon><infon key="name_3">surname:Nolan;given-names:S</infon><infon key="name_4">surname:Fairbairn;given-names:N</infon><infon key="name_5">surname:Hayashi;given-names:K</infon><infon key="name_6">surname:Milloy;given-names:MJ</infon><infon key="pub-id_doi">10.1111/add.14398</infon><infon key="pub-id_pmid">30238568</infon><infon key="section_type">REF</infon><infon key="source">Addiction</infon><infon key="type">ref</infon><infon key="volume">113</infon><infon key="year">2018</infon><offset>17280</offset><text>High-intensity cannabis use is associated with retention in opioid agonist treatment: a longitudinal analysis</text></passage><passage><infon key="fpage">1</infon><infon key="issue">1</infon><infon key="lpage">18</infon><infon key="name_0">surname:Strickland;given-names:JC</infon><infon key="name_1">surname:Stoops;given-names:WW</infon><infon key="pub-id_doi">10.1037/pha0000235</infon><infon key="pub-id_pmid">30489114</infon><infon key="section_type">REF</infon><infon key="source">Experimental and Clinical Psychopharmacology</infon><infon key="type">ref</infon><infon key="volume">27</infon><infon key="year">2019</infon><offset>17390</offset><text>The use of crowdsourcing in addiction science research: Amazon Mechanical Turk</text></passage><passage><infon key="fpage">665</infon><infon key="issue">6</infon><infon key="lpage">668</infon><infon key="name_0">surname:Vela;given-names:G</infon><infon key="name_1">surname:Ruiz-Gayo;given-names:M</infon><infon key="name_2">surname:Fuentes;given-names:JA</infon><infon key="pub-id_pmid">7566503</infon><infon key="section_type">REF</infon><infon key="source">Neuropharmacology</infon><infon key="type">ref</infon><infon key="volume">34</infon><infon key="year">1995</infon><offset>17469</offset><text>Anandamide decreases naloxone-precipitated withdrawal signs in mice chronically treated with morphine</text></passage><passage><infon key="fpage">e0198835</infon><infon key="issue">6</infon><infon key="name_0">surname:Walters;given-names:K</infon><infon key="name_1">surname:Christakis;given-names:DA</infon><infon key="name_2">surname:Wright;given-names:DR</infon><infon key="pub-id_doi">10.1371/journal.pone.0198835</infon><infon key="pub-id_pmid">29879207</infon><infon key="section_type">REF</infon><infon key="source">PLoS One</infon><infon key="type">ref</infon><infon key="volume">13</infon><infon key="year">2018</infon><offset>17571</offset><text>Are Mechanical Turk worker samples representative of health status and health behaviors in the U.S.?</text></passage><passage><infon key="fpage">57</infon><infon key="issue">1–2</infon><infon key="lpage">63</infon><infon key="name_0">surname:Williams;given-names:IJ</infon><infon key="name_1">surname:Edwards;given-names:S</infon><infon key="name_2">surname:Rubo;given-names:A</infon><infon key="name_3">surname:Haller;given-names:VL</infon><infon key="name_4">surname:Stevens;given-names:DL</infon><infon key="name_5">surname:Welch;given-names:SP</infon><infon key="pub-id_doi">10.1016/j.ejphar.2006.04.003</infon><infon key="pub-id_pmid">16687136</infon><infon key="section_type">REF</infon><infon key="source">European Journal of Pharmacology</infon><infon key="type">ref</infon><infon key="volume">539</infon><infon key="year">2006</infon><offset>17672</offset><text>Time course of the enhancement and restoration of the analgesic efficacy of codeine and morphine by delta9-tetrahydrocannabinol</text></passage><passage><infon key="file">nihms-1582913-f0001.jpg</infon><infon key="id">F1</infon><infon key="section_type">FIG</infon><infon key="type">fig_caption</infon><offset>17800</offset><text>Self-reported means (± SEM) SOWS total score (Panel A) and visual analog scale (VAS) withdrawal severity (Panel B) on days with and without cannabis.</text></passage><passage><infon key="file">T1.xml</infon><infon key="id">T1</infon><infon key="section_type">TABLE</infon><infon key="type">table_caption</infon><offset>17951</offset><text>Demographics and drug use characteristics of the total sample and the subset of participants who endorsed having used cannabis for opioid withdrawal.</text></passage><passage><infon key="file">T1.xml</infon><infon key="id">T1</infon><infon key="section_type">TABLE</infon><infon key="type">table</infon><infon key="xml">&lt;?xml version=&quot;1.0&quot; encoding=&quot;UTF-8&quot;?&gt;
&lt;table frame=&quot;hsides&quot; rules=&quot;cols&quot;&gt;
        &lt;colgroup span=&quot;1&quot;&gt;
          &lt;col align=&quot;left&quot; valign=&quot;middle&quot; span=&quot;1&quot;/&gt;
          &lt;col align=&quot;left&quot; valign=&quot;middle&quot; span=&quot;1&quot;/&gt;
          &lt;col align=&quot;left&quot; valign=&quot;middle&quot; span=&quot;1&quot;/&gt;
        &lt;/colgroup&gt;
        &lt;thead&gt;
          &lt;tr&gt;
            &lt;th align=&quot;left&quot; valign=&quot;top&quot; rowspan=&quot;1&quot; colspan=&quot;1&quot;/&gt;
            &lt;th align=&quot;center&quot; valign=&quot;middle&quot; rowspan=&quot;1&quot; colspan=&quot;1&quot;&gt;Total Sample &lt;italic&gt;N&lt;/italic&gt;= 200&lt;/th&gt;
            &lt;th align=&quot;center&quot; valign=&quot;middle&quot; rowspan=&quot;1&quot; colspan=&quot;1&quot;&gt;Individuals who have Used Cannabis for Opioid Withdrawal &lt;italic&gt;n&lt;/italic&gt;=125&lt;/th&gt;
          &lt;/tr&gt;
          &lt;tr&gt;
            &lt;th colspan=&quot;3&quot; align=&quot;left&quot; valign=&quot;top&quot; rowspan=&quot;1&quot;&gt;
              &lt;hr/&gt;
            &lt;/th&gt;
          &lt;/tr&gt;
        &lt;/thead&gt;
        &lt;tbody&gt;
          &lt;tr&gt;
            &lt;td align=&quot;left&quot; valign=&quot;top&quot; rowspan=&quot;1&quot; colspan=&quot;1&quot;&gt;
              &lt;bold&gt;Demographics&lt;/bold&gt;
            &lt;/td&gt;
            &lt;td align=&quot;left&quot; valign=&quot;top&quot; rowspan=&quot;1&quot; colspan=&quot;1&quot;/&gt;
            &lt;td align=&quot;left&quot; valign=&quot;top&quot; rowspan=&quot;1&quot; colspan=&quot;1&quot;/&gt;
          &lt;/tr&gt;
          &lt;tr&gt;
            &lt;td align=&quot;left&quot; valign=&quot;top&quot; rowspan=&quot;1&quot; colspan=&quot;1&quot;&gt; % male&lt;/td&gt;
            &lt;td align=&quot;center&quot; valign=&quot;top&quot; rowspan=&quot;1&quot; colspan=&quot;1&quot;&gt;56.0&lt;/td&gt;
            &lt;td align=&quot;center&quot; valign=&quot;top&quot; rowspan=&quot;1&quot; colspan=&quot;1&quot;&gt;51.6&lt;/td&gt;
          &lt;/tr&gt;
          &lt;tr&gt;
            &lt;td align=&quot;left&quot; valign=&quot;top&quot; rowspan=&quot;1&quot; colspan=&quot;1&quot;&gt; % with ≤ 4-year college degree&lt;/td&gt;
            &lt;td align=&quot;center&quot; valign=&quot;top&quot; rowspan=&quot;1&quot; colspan=&quot;1&quot;&gt;57.0&lt;/td&gt;
            &lt;td align=&quot;center&quot; valign=&quot;top&quot; rowspan=&quot;1&quot; colspan=&quot;1&quot;&gt;44.0&lt;/td&gt;
          &lt;/tr&gt;
          &lt;tr&gt;
            &lt;td align=&quot;left&quot; valign=&quot;top&quot; rowspan=&quot;1&quot; colspan=&quot;1&quot;&gt; Age (Mean ± SD)&lt;/td&gt;
            &lt;td align=&quot;center&quot; valign=&quot;top&quot; rowspan=&quot;1&quot; colspan=&quot;1&quot;&gt;33.2 ± 9.6&lt;/td&gt;
            &lt;td align=&quot;center&quot; valign=&quot;top&quot; rowspan=&quot;1&quot; colspan=&quot;1&quot;&gt;31.6 ± 8.6&lt;/td&gt;
          &lt;/tr&gt;
          &lt;tr&gt;
            &lt;td align=&quot;left&quot; valign=&quot;top&quot; rowspan=&quot;1&quot; colspan=&quot;1&quot;&gt;
              &lt;bold&gt;Drug Use Characteristics&lt;/bold&gt;
            &lt;/td&gt;
            &lt;td align=&quot;left&quot; valign=&quot;top&quot; rowspan=&quot;1&quot; colspan=&quot;1&quot;/&gt;
            &lt;td align=&quot;left&quot; valign=&quot;top&quot; rowspan=&quot;1&quot; colspan=&quot;1&quot;/&gt;
          &lt;/tr&gt;
          &lt;tr&gt;
            &lt;td align=&quot;left&quot; valign=&quot;top&quot; rowspan=&quot;1&quot; colspan=&quot;1&quot;&gt; Past 30-Days Cannabis Use (Mean ± SD)&lt;/td&gt;
            &lt;td align=&quot;center&quot; valign=&quot;top&quot; rowspan=&quot;1&quot; colspan=&quot;1&quot;&gt;14.1 ± 9.8&lt;/td&gt;
            &lt;td align=&quot;center&quot; valign=&quot;top&quot; rowspan=&quot;1&quot; colspan=&quot;1&quot;&gt;15.1 ± 9.9&lt;/td&gt;
          &lt;/tr&gt;
          &lt;tr&gt;
            &lt;td align=&quot;left&quot; valign=&quot;top&quot; rowspan=&quot;1&quot; colspan=&quot;1&quot;&gt; Past 30-Day Opioid Use (Mean ± SD)&lt;/td&gt;
            &lt;td align=&quot;center&quot; valign=&quot;top&quot; rowspan=&quot;1&quot; colspan=&quot;1&quot;&gt;16.1 ± 10.6&lt;/td&gt;
            &lt;td align=&quot;center&quot; valign=&quot;top&quot; rowspan=&quot;1&quot; colspan=&quot;1&quot;&gt;15.0 ± 9.8&lt;/td&gt;
          &lt;/tr&gt;
          &lt;tr&gt;
            &lt;td align=&quot;left&quot; valign=&quot;top&quot; rowspan=&quot;1&quot; colspan=&quot;1&quot;&gt; DSM-5 Cannabis Use Disorder Symptoms (CUD; 0–11) (Mean ± SD)&lt;/td&gt;
            &lt;td align=&quot;center&quot; valign=&quot;top&quot; rowspan=&quot;1&quot; colspan=&quot;1&quot;&gt;4.6 ± 3.5&lt;/td&gt;
            &lt;td align=&quot;center&quot; valign=&quot;top&quot; rowspan=&quot;1&quot; colspan=&quot;1&quot;&gt;5.0 ± 3.7&lt;/td&gt;
          &lt;/tr&gt;
          &lt;tr&gt;
            &lt;td align=&quot;left&quot; valign=&quot;top&quot; rowspan=&quot;1&quot; colspan=&quot;1&quot;&gt; % No CUD (0–1 Symptoms)&lt;/td&gt;
            &lt;td align=&quot;center&quot; valign=&quot;top&quot; rowspan=&quot;1&quot; colspan=&quot;1&quot;&gt;31.0&lt;/td&gt;
            &lt;td align=&quot;center&quot; valign=&quot;top&quot; rowspan=&quot;1&quot; colspan=&quot;1&quot;&gt;30.4&lt;/td&gt;
          &lt;/tr&gt;
          &lt;tr&gt;
            &lt;td align=&quot;left&quot; valign=&quot;top&quot; rowspan=&quot;1&quot; colspan=&quot;1&quot;&gt; % Mild CUD (2–3 Symptoms)&lt;/td&gt;
            &lt;td align=&quot;center&quot; valign=&quot;top&quot; rowspan=&quot;1&quot; colspan=&quot;1&quot;&gt;16.0&lt;/td&gt;
            &lt;td align=&quot;center&quot; valign=&quot;top&quot; rowspan=&quot;1&quot; colspan=&quot;1&quot;&gt;16.0&lt;/td&gt;
          &lt;/tr&gt;
          &lt;tr&gt;
            &lt;td align=&quot;left&quot; valign=&quot;top&quot; rowspan=&quot;1&quot; colspan=&quot;1&quot;&gt; % Moderate CUD (4–5 Symptoms)&lt;/td&gt;
            &lt;td align=&quot;center&quot; valign=&quot;top&quot; rowspan=&quot;1&quot; colspan=&quot;1&quot;&gt;15.5&lt;/td&gt;
            &lt;td align=&quot;center&quot; valign=&quot;top&quot; rowspan=&quot;1&quot; colspan=&quot;1&quot;&gt;16.0&lt;/td&gt;
          &lt;/tr&gt;
          &lt;tr&gt;
            &lt;td align=&quot;left&quot; valign=&quot;top&quot; rowspan=&quot;1&quot; colspan=&quot;1&quot;&gt; % Severe CUD (6+ Symptoms)&lt;/td&gt;
            &lt;td align=&quot;center&quot; valign=&quot;top&quot; rowspan=&quot;1&quot; colspan=&quot;1&quot;&gt;36.4&lt;/td&gt;
            &lt;td align=&quot;center&quot; valign=&quot;top&quot; rowspan=&quot;1&quot; colspan=&quot;1&quot;&gt;37.6&lt;/td&gt;
          &lt;/tr&gt;
          &lt;tr&gt;
            &lt;td align=&quot;left&quot; valign=&quot;top&quot; rowspan=&quot;1&quot; colspan=&quot;1&quot;&gt; DSM-5 Opioid Use Disorder Symptoms (OUD; 0–11) (Mean ± SD)&lt;/td&gt;
            &lt;td align=&quot;center&quot; valign=&quot;top&quot; rowspan=&quot;1&quot; colspan=&quot;1&quot;&gt;6.5 ± 3.0&lt;/td&gt;
            &lt;td align=&quot;center&quot; valign=&quot;top&quot; rowspan=&quot;1&quot; colspan=&quot;1&quot;&gt;6.9 ± 2.8&lt;/td&gt;
          &lt;/tr&gt;
          &lt;tr&gt;
            &lt;td align=&quot;left&quot; valign=&quot;top&quot; rowspan=&quot;1&quot; colspan=&quot;1&quot;&gt; % No OUD (0–1 Symptoms)&lt;/td&gt;
            &lt;td align=&quot;center&quot; valign=&quot;top&quot; rowspan=&quot;1&quot; colspan=&quot;1&quot;&gt;7.0&lt;/td&gt;
            &lt;td align=&quot;center&quot; valign=&quot;top&quot; rowspan=&quot;1&quot; colspan=&quot;1&quot;&gt;3.2&lt;/td&gt;
          &lt;/tr&gt;
          &lt;tr&gt;
            &lt;td align=&quot;left&quot; valign=&quot;top&quot; rowspan=&quot;1&quot; colspan=&quot;1&quot;&gt; % Mild OUD (2–3 Symptoms)&lt;/td&gt;
            &lt;td align=&quot;center&quot; valign=&quot;top&quot; rowspan=&quot;1&quot; colspan=&quot;1&quot;&gt;13.0&lt;/td&gt;
            &lt;td align=&quot;center&quot; valign=&quot;top&quot; rowspan=&quot;1&quot; colspan=&quot;1&quot;&gt;8.8&lt;/td&gt;
          &lt;/tr&gt;
          &lt;tr&gt;
            &lt;td align=&quot;left&quot; valign=&quot;top&quot; rowspan=&quot;1&quot; colspan=&quot;1&quot;&gt; % Moderate OUD (4–5 Symptoms)&lt;/td&gt;
            &lt;td align=&quot;center&quot; valign=&quot;top&quot; rowspan=&quot;1&quot; colspan=&quot;1&quot;&gt;19.5&lt;/td&gt;
            &lt;td align=&quot;center&quot; valign=&quot;top&quot; rowspan=&quot;1&quot; colspan=&quot;1&quot;&gt;15.2&lt;/td&gt;
          &lt;/tr&gt;
          &lt;tr&gt;
            &lt;td align=&quot;left&quot; valign=&quot;top&quot; rowspan=&quot;1&quot; colspan=&quot;1&quot;&gt; % Severe OUD (6+ Symptoms)&lt;/td&gt;
            &lt;td align=&quot;center&quot; valign=&quot;top&quot; rowspan=&quot;1&quot; colspan=&quot;1&quot;&gt;60.5&lt;/td&gt;
            &lt;td align=&quot;center&quot; valign=&quot;top&quot; rowspan=&quot;1&quot; colspan=&quot;1&quot;&gt;72.8&lt;/td&gt;
          &lt;/tr&gt;
        &lt;/tbody&gt;
      &lt;/table&gt;
</infon><offset>18101</offset><text>	Total Sample N= 200	Individuals who have Used Cannabis for Opioid Withdrawal n=125	 		 	Demographics			 	 % male	56.0	51.6	 	 % with ≤ 4-year college degree	57.0	44.0	 	 Age (Mean ± SD)	33.2 ± 9.6	31.6 ± 8.6	 	Drug Use Characteristics			 	 Past 30-Days Cannabis Use (Mean ± SD)	14.1 ± 9.8	15.1 ± 9.9	 	 Past 30-Day Opioid Use (Mean ± SD)	16.1 ± 10.6	15.0 ± 9.8	 	 DSM-5 Cannabis Use Disorder Symptoms (CUD; 0–11) (Mean ± SD)	4.6 ± 3.5	5.0 ± 3.7	 	 % No CUD (0–1 Symptoms)	31.0	30.4	 	 % Mild CUD (2–3 Symptoms)	16.0	16.0	 	 % Moderate CUD (4–5 Symptoms)	15.5	16.0	 	 % Severe CUD (6+ Symptoms)	36.4	37.6	 	 DSM-5 Opioid Use Disorder Symptoms (OUD; 0–11) (Mean ± SD)	6.5 ± 3.0	6.9 ± 2.8	 	 % No OUD (0–1 Symptoms)	7.0	3.2	 	 % Mild OUD (2–3 Symptoms)	13.0	8.8	 	 % Moderate OUD (4–5 Symptoms)	19.5	15.2	 	 % Severe OUD (6+ Symptoms)	60.5	72.8	 	</text></passage><passage><infon key="file">T1.xml</infon><infon key="id">T1</infon><infon key="section_type">TABLE</infon><infon key="type">table_footnote</infon><offset>19010</offset><text>Note: DSM-5: Diagnostic and Statistical Manual-5, Total sample and individuals who used cannabis for opioid withdrawal did not differ significantly on any demographic or drug use characteristics.</text></passage><passage><infon key="file">T2.xml</infon><infon key="id">T2</infon><infon key="section_type">TABLE</infon><infon key="type">table_caption</infon><offset>19206</offset><text>Percentage of participants (n =122) endorsing opioid withdrawal symptom improved or made worse with cannabis use, average change in symptom severity without cannabis, and ratio of participants who experienced improvements to participants who experienced worsening symptoms.</text></passage><passage><infon key="file">T2.xml</infon><infon key="id">T2</infon><infon key="section_type">TABLE</infon><infon key="type">table</infon><infon key="xml">&lt;?xml version=&quot;1.0&quot; encoding=&quot;UTF-8&quot;?&gt;
&lt;table frame=&quot;hsides&quot; rules=&quot;groups&quot;&gt;
        &lt;colgroup span=&quot;1&quot;&gt;
          &lt;col align=&quot;left&quot; valign=&quot;middle&quot; span=&quot;1&quot;/&gt;
          &lt;col align=&quot;left&quot; valign=&quot;middle&quot; span=&quot;1&quot;/&gt;
          &lt;col align=&quot;left&quot; valign=&quot;middle&quot; span=&quot;1&quot;/&gt;
          &lt;col align=&quot;left&quot; valign=&quot;middle&quot; span=&quot;1&quot;/&gt;
          &lt;col align=&quot;left&quot; valign=&quot;middle&quot; span=&quot;1&quot;/&gt;
        &lt;/colgroup&gt;
        &lt;thead&gt;
          &lt;tr&gt;
            &lt;th align=&quot;left&quot; valign=&quot;top&quot; rowspan=&quot;1&quot; colspan=&quot;1&quot;&gt;Symptom&lt;/th&gt;
            &lt;th align=&quot;center&quot; valign=&quot;middle&quot; rowspan=&quot;1&quot; colspan=&quot;1&quot;&gt;Improved with Cannabis&lt;/th&gt;
            &lt;th align=&quot;center&quot; valign=&quot;middle&quot; rowspan=&quot;1&quot; colspan=&quot;1&quot;&gt;Made Worse with Cannabis&lt;/th&gt;
            &lt;th align=&quot;center&quot; valign=&quot;middle&quot; rowspan=&quot;1&quot; colspan=&quot;1&quot;&gt;Average Change in Symptom Severity Without Cannabis (range: 0–4)&lt;/th&gt;
            &lt;th align=&quot;center&quot; valign=&quot;middle&quot; rowspan=&quot;1&quot; colspan=&quot;1&quot;&gt;Ratio-# respondents that improved / # of respondents made worse&lt;/th&gt;
          &lt;/tr&gt;
        &lt;/thead&gt;
        &lt;tbody&gt;
          &lt;tr&gt;
            &lt;td align=&quot;left&quot; valign=&quot;top&quot; rowspan=&quot;1&quot; colspan=&quot;1&quot;&gt;Anxiety&lt;/td&gt;
            &lt;td align=&quot;center&quot; valign=&quot;top&quot; rowspan=&quot;1&quot; colspan=&quot;1&quot;&gt;76.2&lt;/td&gt;
            &lt;td align=&quot;center&quot; valign=&quot;top&quot; rowspan=&quot;1&quot; colspan=&quot;1&quot;&gt;3.3&lt;/td&gt;
            &lt;td align=&quot;center&quot; valign=&quot;top&quot; rowspan=&quot;1&quot; colspan=&quot;1&quot;&gt;+0.7&lt;/td&gt;
            &lt;td align=&quot;center&quot; valign=&quot;top&quot; rowspan=&quot;1&quot; colspan=&quot;1&quot;&gt;23.3&lt;/td&gt;
          &lt;/tr&gt;
          &lt;tr&gt;
            &lt;td align=&quot;left&quot; valign=&quot;top&quot; rowspan=&quot;1&quot; colspan=&quot;1&quot;&gt;Tremors&lt;/td&gt;
            &lt;td align=&quot;center&quot; valign=&quot;top&quot; rowspan=&quot;1&quot; colspan=&quot;1&quot;&gt;54.1&lt;/td&gt;
            &lt;td align=&quot;center&quot; valign=&quot;top&quot; rowspan=&quot;1&quot; colspan=&quot;1&quot;&gt;3.3&lt;/td&gt;
            &lt;td align=&quot;center&quot; valign=&quot;top&quot; rowspan=&quot;1&quot; colspan=&quot;1&quot;&gt;+0.5&lt;/td&gt;
            &lt;td align=&quot;center&quot; valign=&quot;top&quot; rowspan=&quot;1&quot; colspan=&quot;1&quot;&gt;16.5&lt;/td&gt;
          &lt;/tr&gt;
          &lt;tr&gt;
            &lt;td align=&quot;left&quot; valign=&quot;top&quot; rowspan=&quot;1&quot; colspan=&quot;1&quot;&gt;Trouble Sleeping&lt;/td&gt;
            &lt;td align=&quot;center&quot; valign=&quot;top&quot; rowspan=&quot;1&quot; colspan=&quot;1&quot;&gt;48.4&lt;/td&gt;
            &lt;td align=&quot;center&quot; valign=&quot;top&quot; rowspan=&quot;1&quot; colspan=&quot;1&quot;&gt;2.5&lt;/td&gt;
            &lt;td align=&quot;center&quot; valign=&quot;top&quot; rowspan=&quot;1&quot; colspan=&quot;1&quot;&gt;+0.6&lt;/td&gt;
            &lt;td align=&quot;center&quot; valign=&quot;top&quot; rowspan=&quot;1&quot; colspan=&quot;1&quot;&gt;19.7&lt;/td&gt;
          &lt;/tr&gt;
          &lt;tr&gt;
            &lt;td align=&quot;left&quot; valign=&quot;top&quot; rowspan=&quot;1&quot; colspan=&quot;1&quot;&gt;Bone/Muscle Aches&lt;/td&gt;
            &lt;td align=&quot;center&quot; valign=&quot;top&quot; rowspan=&quot;1&quot; colspan=&quot;1&quot;&gt;45.9&lt;/td&gt;
            &lt;td align=&quot;center&quot; valign=&quot;top&quot; rowspan=&quot;1&quot; colspan=&quot;1&quot;&gt;2.5&lt;/td&gt;
            &lt;td align=&quot;center&quot; valign=&quot;top&quot; rowspan=&quot;1&quot; colspan=&quot;1&quot;&gt;+0.7&lt;/td&gt;
            &lt;td align=&quot;center&quot; valign=&quot;top&quot; rowspan=&quot;1&quot; colspan=&quot;1&quot;&gt;18.6&lt;/td&gt;
          &lt;/tr&gt;
          &lt;tr&gt;
            &lt;td align=&quot;left&quot; valign=&quot;top&quot; rowspan=&quot;1&quot; colspan=&quot;1&quot;&gt;Restlessness&lt;/td&gt;
            &lt;td align=&quot;center&quot; valign=&quot;top&quot; rowspan=&quot;1&quot; colspan=&quot;1&quot;&gt;45.1&lt;/td&gt;
            &lt;td align=&quot;center&quot; valign=&quot;top&quot; rowspan=&quot;1&quot; colspan=&quot;1&quot;&gt;5.7&lt;/td&gt;
            &lt;td align=&quot;center&quot; valign=&quot;top&quot; rowspan=&quot;1&quot; colspan=&quot;1&quot;&gt;+0.8&lt;/td&gt;
            &lt;td align=&quot;center&quot; valign=&quot;top&quot; rowspan=&quot;1&quot; colspan=&quot;1&quot;&gt;7.9&lt;/td&gt;
          &lt;/tr&gt;
          &lt;tr&gt;
            &lt;td align=&quot;left&quot; valign=&quot;top&quot; rowspan=&quot;1&quot; colspan=&quot;1&quot;&gt;Nausea&lt;/td&gt;
            &lt;td align=&quot;center&quot; valign=&quot;top&quot; rowspan=&quot;1&quot; colspan=&quot;1&quot;&gt;38.5&lt;/td&gt;
            &lt;td align=&quot;center&quot; valign=&quot;top&quot; rowspan=&quot;1&quot; colspan=&quot;1&quot;&gt;4.9&lt;/td&gt;
            &lt;td align=&quot;center&quot; valign=&quot;top&quot; rowspan=&quot;1&quot; colspan=&quot;1&quot;&gt;+0.6&lt;/td&gt;
            &lt;td align=&quot;center&quot; valign=&quot;top&quot; rowspan=&quot;1&quot; colspan=&quot;1&quot;&gt;7.8&lt;/td&gt;
          &lt;/tr&gt;
          &lt;tr&gt;
            &lt;td align=&quot;left&quot; valign=&quot;top&quot; rowspan=&quot;1&quot; colspan=&quot;1&quot;&gt;Craving/Feel Like Using&lt;/td&gt;
            &lt;td align=&quot;center&quot; valign=&quot;top&quot; rowspan=&quot;1&quot; colspan=&quot;1&quot;&gt;37.7&lt;/td&gt;
            &lt;td align=&quot;center&quot; valign=&quot;top&quot; rowspan=&quot;1&quot; colspan=&quot;1&quot;&gt;3.3&lt;/td&gt;
            &lt;td align=&quot;center&quot; valign=&quot;top&quot; rowspan=&quot;1&quot; colspan=&quot;1&quot;&gt;+0.6&lt;/td&gt;
            &lt;td align=&quot;center&quot; valign=&quot;top&quot; rowspan=&quot;1&quot; colspan=&quot;1&quot;&gt;11.5&lt;/td&gt;
          &lt;/tr&gt;
          &lt;tr&gt;
            &lt;td align=&quot;left&quot; valign=&quot;top&quot; rowspan=&quot;1&quot; colspan=&quot;1&quot;&gt;Stomach Cramps&lt;/td&gt;
            &lt;td align=&quot;center&quot; valign=&quot;top&quot; rowspan=&quot;1&quot; colspan=&quot;1&quot;&gt;30.3&lt;/td&gt;
            &lt;td align=&quot;center&quot; valign=&quot;top&quot; rowspan=&quot;1&quot; colspan=&quot;1&quot;&gt;3.3&lt;/td&gt;
            &lt;td align=&quot;center&quot; valign=&quot;top&quot; rowspan=&quot;1&quot; colspan=&quot;1&quot;&gt;+0.4&lt;/td&gt;
            &lt;td align=&quot;center&quot; valign=&quot;top&quot; rowspan=&quot;1&quot; colspan=&quot;1&quot;&gt;9.3&lt;/td&gt;
          &lt;/tr&gt;
          &lt;tr&gt;
            &lt;td align=&quot;left&quot; valign=&quot;top&quot; rowspan=&quot;1&quot; colspan=&quot;1&quot;&gt;Vomiting&lt;/td&gt;
            &lt;td align=&quot;center&quot; valign=&quot;top&quot; rowspan=&quot;1&quot; colspan=&quot;1&quot;&gt;26.2&lt;/td&gt;
            &lt;td align=&quot;center&quot; valign=&quot;top&quot; rowspan=&quot;1&quot; colspan=&quot;1&quot;&gt;5.7&lt;/td&gt;
            &lt;td align=&quot;center&quot; valign=&quot;top&quot; rowspan=&quot;1&quot; colspan=&quot;1&quot;&gt;+0.5&lt;/td&gt;
            &lt;td align=&quot;center&quot; valign=&quot;top&quot; rowspan=&quot;1&quot; colspan=&quot;1&quot;&gt;4.6&lt;/td&gt;
          &lt;/tr&gt;
          &lt;tr&gt;
            &lt;td align=&quot;left&quot; valign=&quot;top&quot; rowspan=&quot;1&quot; colspan=&quot;1&quot;&gt;Sweating&lt;/td&gt;
            &lt;td align=&quot;center&quot; valign=&quot;top&quot; rowspan=&quot;1&quot; colspan=&quot;1&quot;&gt;19.7&lt;/td&gt;
            &lt;td align=&quot;center&quot; valign=&quot;top&quot; rowspan=&quot;1&quot; colspan=&quot;1&quot;&gt;3.3&lt;/td&gt;
            &lt;td align=&quot;center&quot; valign=&quot;top&quot; rowspan=&quot;1&quot; colspan=&quot;1&quot;&gt;+0.3&lt;/td&gt;
            &lt;td align=&quot;center&quot; valign=&quot;top&quot; rowspan=&quot;1&quot; colspan=&quot;1&quot;&gt;6.0&lt;/td&gt;
          &lt;/tr&gt;
          &lt;tr&gt;
            &lt;td align=&quot;left&quot; valign=&quot;top&quot; rowspan=&quot;1&quot; colspan=&quot;1&quot;&gt;Hot Flashes&lt;/td&gt;
            &lt;td align=&quot;center&quot; valign=&quot;top&quot; rowspan=&quot;1&quot; colspan=&quot;1&quot;&gt;18.0&lt;/td&gt;
            &lt;td align=&quot;center&quot; valign=&quot;top&quot; rowspan=&quot;1&quot; colspan=&quot;1&quot;&gt;5.7&lt;/td&gt;
            &lt;td align=&quot;center&quot; valign=&quot;top&quot; rowspan=&quot;1&quot; colspan=&quot;1&quot;&gt;+0.3&lt;/td&gt;
            &lt;td align=&quot;center&quot; valign=&quot;top&quot; rowspan=&quot;1&quot; colspan=&quot;1&quot;&gt;3.1&lt;/td&gt;
          &lt;/tr&gt;
          &lt;tr&gt;
            &lt;td align=&quot;left&quot; valign=&quot;top&quot; rowspan=&quot;1&quot; colspan=&quot;1&quot;&gt;Cold Flashes&lt;/td&gt;
            &lt;td align=&quot;center&quot; valign=&quot;top&quot; rowspan=&quot;1&quot; colspan=&quot;1&quot;&gt;14.8&lt;/td&gt;
            &lt;td align=&quot;center&quot; valign=&quot;top&quot; rowspan=&quot;1&quot; colspan=&quot;1&quot;&gt;1.6&lt;/td&gt;
            &lt;td align=&quot;center&quot; valign=&quot;top&quot; rowspan=&quot;1&quot; colspan=&quot;1&quot;&gt;+0.3&lt;/td&gt;
            &lt;td align=&quot;center&quot; valign=&quot;top&quot; rowspan=&quot;1&quot; colspan=&quot;1&quot;&gt;9.0&lt;/td&gt;
          &lt;/tr&gt;
          &lt;tr&gt;
            &lt;td align=&quot;left&quot; valign=&quot;top&quot; rowspan=&quot;1&quot; colspan=&quot;1&quot;&gt;Twitches&lt;/td&gt;
            &lt;td align=&quot;center&quot; valign=&quot;top&quot; rowspan=&quot;1&quot; colspan=&quot;1&quot;&gt;14.8&lt;/td&gt;
            &lt;td align=&quot;center&quot; valign=&quot;top&quot; rowspan=&quot;1&quot; colspan=&quot;1&quot;&gt;1.6&lt;/td&gt;
            &lt;td align=&quot;center&quot; valign=&quot;top&quot; rowspan=&quot;1&quot; colspan=&quot;1&quot;&gt;+0.4&lt;/td&gt;
            &lt;td align=&quot;center&quot; valign=&quot;top&quot; rowspan=&quot;1&quot; colspan=&quot;1&quot;&gt;9.0&lt;/td&gt;
          &lt;/tr&gt;
          &lt;tr&gt;
            &lt;td align=&quot;left&quot; valign=&quot;top&quot; rowspan=&quot;1&quot; colspan=&quot;1&quot;&gt;Yawning&lt;/td&gt;
            &lt;td align=&quot;center&quot; valign=&quot;top&quot; rowspan=&quot;1&quot; colspan=&quot;1&quot;&gt;13.9&lt;/td&gt;
            &lt;td align=&quot;center&quot; valign=&quot;top&quot; rowspan=&quot;1&quot; colspan=&quot;1&quot;&gt;7.4&lt;/td&gt;
            &lt;td align=&quot;center&quot; valign=&quot;top&quot; rowspan=&quot;1&quot; colspan=&quot;1&quot;&gt;+0.3&lt;/td&gt;
            &lt;td align=&quot;center&quot; valign=&quot;top&quot; rowspan=&quot;1&quot; colspan=&quot;1&quot;&gt;1.9&lt;/td&gt;
          &lt;/tr&gt;
          &lt;tr&gt;
            &lt;td align=&quot;left&quot; valign=&quot;top&quot; rowspan=&quot;1&quot; colspan=&quot;1&quot;&gt;Teary Eyes&lt;/td&gt;
            &lt;td align=&quot;center&quot; valign=&quot;top&quot; rowspan=&quot;1&quot; colspan=&quot;1&quot;&gt;13.9&lt;/td&gt;
            &lt;td align=&quot;center&quot; valign=&quot;top&quot; rowspan=&quot;1&quot; colspan=&quot;1&quot;&gt;6.6&lt;/td&gt;
            &lt;td align=&quot;center&quot; valign=&quot;top&quot; rowspan=&quot;1&quot; colspan=&quot;1&quot;&gt;+0.2&lt;/td&gt;
            &lt;td align=&quot;center&quot; valign=&quot;top&quot; rowspan=&quot;1&quot; colspan=&quot;1&quot;&gt;2.1&lt;/td&gt;
          &lt;/tr&gt;
          &lt;tr&gt;
            &lt;td align=&quot;left&quot; valign=&quot;top&quot; rowspan=&quot;1&quot; colspan=&quot;1&quot;&gt;Goosebumps&lt;/td&gt;
            &lt;td align=&quot;center&quot; valign=&quot;top&quot; rowspan=&quot;1&quot; colspan=&quot;1&quot;&gt;13.9&lt;/td&gt;
            &lt;td align=&quot;center&quot; valign=&quot;top&quot; rowspan=&quot;1&quot; colspan=&quot;1&quot;&gt;4.9&lt;/td&gt;
            &lt;td align=&quot;center&quot; valign=&quot;top&quot; rowspan=&quot;1&quot; colspan=&quot;1&quot;&gt;+0.4&lt;/td&gt;
            &lt;td align=&quot;center&quot; valign=&quot;top&quot; rowspan=&quot;1&quot; colspan=&quot;1&quot;&gt;2.8&lt;/td&gt;
          &lt;/tr&gt;
          &lt;tr&gt;
            &lt;td align=&quot;left&quot; valign=&quot;top&quot; rowspan=&quot;1&quot; colspan=&quot;1&quot;&gt;Diarrhea&lt;/td&gt;
            &lt;td align=&quot;center&quot; valign=&quot;top&quot; rowspan=&quot;1&quot; colspan=&quot;1&quot;&gt;12.3&lt;/td&gt;
            &lt;td align=&quot;center&quot; valign=&quot;top&quot; rowspan=&quot;1&quot; colspan=&quot;1&quot;&gt;4.1&lt;/td&gt;
            &lt;td align=&quot;center&quot; valign=&quot;top&quot; rowspan=&quot;1&quot; colspan=&quot;1&quot;&gt;+0.2&lt;/td&gt;
            &lt;td align=&quot;center&quot; valign=&quot;top&quot; rowspan=&quot;1&quot; colspan=&quot;1&quot;&gt;3.0&lt;/td&gt;
          &lt;/tr&gt;
          &lt;tr&gt;
            &lt;td align=&quot;left&quot; valign=&quot;top&quot; rowspan=&quot;1&quot; colspan=&quot;1&quot;&gt;Runny Nose&lt;/td&gt;
            &lt;td align=&quot;center&quot; valign=&quot;top&quot; rowspan=&quot;1&quot; colspan=&quot;1&quot;&gt;9.8&lt;/td&gt;
            &lt;td align=&quot;center&quot; valign=&quot;top&quot; rowspan=&quot;1&quot; colspan=&quot;1&quot;&gt;6.6&lt;/td&gt;
            &lt;td align=&quot;center&quot; valign=&quot;top&quot; rowspan=&quot;1&quot; colspan=&quot;1&quot;&gt;+0.3&lt;/td&gt;
            &lt;td align=&quot;center&quot; valign=&quot;top&quot; rowspan=&quot;1&quot; colspan=&quot;1&quot;&gt;1.5&lt;/td&gt;
          &lt;/tr&gt;
        &lt;/tbody&gt;
      &lt;/table&gt;
</infon><offset>19480</offset><text>Symptom	Improved with Cannabis	Made Worse with Cannabis	Average Change in Symptom Severity Without Cannabis (range: 0–4)	Ratio-# respondents that improved / # of respondents made worse	 	Anxiety	76.2	3.3	+0.7	23.3	 	Tremors	54.1	3.3	+0.5	16.5	 	Trouble Sleeping	48.4	2.5	+0.6	19.7	 	Bone/Muscle Aches	45.9	2.5	+0.7	18.6	 	Restlessness	45.1	5.7	+0.8	7.9	 	Nausea	38.5	4.9	+0.6	7.8	 	Craving/Feel Like Using	37.7	3.3	+0.6	11.5	 	Stomach Cramps	30.3	3.3	+0.4	9.3	 	Vomiting	26.2	5.7	+0.5	4.6	 	Sweating	19.7	3.3	+0.3	6.0	 	Hot Flashes	18.0	5.7	+0.3	3.1	 	Cold Flashes	14.8	1.6	+0.3	9.0	 	Twitches	14.8	1.6	+0.4	9.0	 	Yawning	13.9	7.4	+0.3	1.9	 	Teary Eyes	13.9	6.6	+0.2	2.1	 	Goosebumps	13.9	4.9	+0.4	2.8	 	Diarrhea	12.3	4.1	+0.2	3.0	 	Runny Nose	9.8	6.6	+0.3	1.5	 	</text></passage><passage><infon key="file">T2.xml</infon><infon key="id">T2</infon><infon key="section_type">TABLE</infon><infon key="type">table_footnote</infon><offset>20246</offset><text>All items rated on scale of 0 (not at all)- 4 (extremely). “Trouble Sleeping” and “Diarrhea” were added to the conventional 16-item Subjective Opiate Withdrawal Scale (SOWS). Values in the second and third column represent percent of all respondents who afirmatively indicated a symptom (1) improved or (2) worsened during cannabis use. Values in the fourth column represent symptom severity without cannabis – symptom severity with cannabis; values greater than 1 indicate improvement and values &lt; 1 indicate exacerbation.</text></passage><passage><infon key="section_type">REF</infon><infon key="type">title_caption</infon><offset>20780</offset><text>Highlights</text></passage><passage><infon key="section_type">REF</infon><infon key="type">paragraph</infon><offset>20791</offset><text>Cannabis alleviates self-reported opioid withdrawal symptoms.</text></passage><passage><infon key="section_type">REF</infon><infon key="type">paragraph</infon><offset>20853</offset><text>Anxiety is the most common opioid withdrawal symptom improved with cannabis.</text></passage><passage><infon key="section_type">REF</infon><infon key="type">paragraph</infon><offset>20930</offset><text>Cannabis worsens opioid withdrawal symptoms in a minority of individuals.</text></passage></document></collection>
