<?xml version="1.0" encoding="UTF-8"?>
<!DOCTYPE collection SYSTEM "BioC.dtd">
<collection><source>PMC</source><date>20201222</date><key>pmc.key</key><document><id>7456558</id><infon key="license">NO-CC CODE</infon><passage><infon key="article-id_doi">10.1136/annrheumdis-2020-217697</infon><infon key="article-id_pmc">7456558</infon><infon key="article-id_pmid">32527863</infon><infon key="article-id_publisher-id">annrheumdis-2020-217697</infon><infon key="fpage">1139</infon><infon key="issue">9</infon><infon key="kwd">health services research quality indicators, health care outcome assessment, health care outcome and process assessment, health care</infon><infon key="license">This article is made freely available for use in accordance with BMJ’s website terms and conditions for the duration of the covid-19 pandemic or until otherwise determined by BMJ. You may use, download and print the article for any lawful, non-commercial purpose (including text and data mining) provided that all copyright notices and trade marks are retained.</infon><infon key="lpage">1140</infon><infon key="name_0">surname:Krusche;given-names:Martin</infon><infon key="name_1">surname:Burmester;given-names:Gerd R</infon><infon key="name_2">surname:Knitza;given-names:Johannes</infon><infon key="section_type">TITLE</infon><infon key="type">front</infon><infon key="volume">79</infon><infon key="year">2020</infon><offset>0</offset><text>Digital crowdsourcing: unleashing its power in rheumatology</text></passage><passage><infon key="section_type">ABSTRACT</infon><infon key="type">abstract</infon><offset>60</offset><text>The COVID-19 pandemic forces the whole rheumatic and musculoskeletal diseases community to reassemble established treatment and research standards. Digital crowdsourcing is a key tool in this pandemic to create and distil desperately needed clinical evidence and exchange of knowledge for patients and physicians alike. This viewpoint explains the concept of digital crowdsourcing and discusses examples and opportunities in rheumatology. First experiences of digital crowdsourcing in rheumatology show transparent, accessible, accelerated research results empowering patients and rheumatologists.</text></passage><passage><infon key="section_type">INTRO</infon><infon key="type">paragraph</infon><offset>658</offset><text>‘Scientia potestas est—Knowledge is power’—This quote, which is linked to Sir Francis Bacon (1561–1626), is particularly true in medicine. It is the knowledge about the patient and his disease that empowers the physician to provide the best possible care.</text></passage><passage><infon key="section_type">INTRO</infon><infon key="type">paragraph</infon><offset>924</offset><text>An economic perspective refers to the information superiority of the physician in relation to the patient as the theory of ‘asymmetric information’, leading to a competitive advantage.</text></passage><passage><infon key="section_type">INTRO</infon><infon key="type">paragraph</infon><offset>1113</offset><text>Modern medicine naturally leads to a higher level of specialisation and, thus, an increase in asymmetric information. The global COVID-19 pandemic reduced information asymmetry to almost zero and this scenario was entirely new for patients and physicians alike. There are a lack of data concerning COVID-19 in general, the influence of immunosuppression on its course, the interaction with rheumatic diseases and therapeutic use of immunosuppressive drugs (eg, hydroxychloroquine, anti-interleukin (IL)-1 or anti-IL-6 medication).</text></passage><passage><infon key="section_type">INTRO</infon><infon key="type">paragraph</infon><offset>1644</offset><text>Digital crowdsourcing promises to clear the mist of current nescience. Crowdsourcing uses the power of many, using the collective wisdom and resources of the crowd, to complete human intelligence tasks. It is not a new concept. Historically, crowdsourcing has often been used in competitions for problem solving. It originated in England in 1714, where the British government proposed £20 000 to anyone who could find a solution for calculating the longitudinal position of a ship. Digitisation, the internet, global networks and simple and instant data transfer have amplified the idea into a game-changing concept in many scientific fields.</text></passage><passage><infon key="section_type">INTRO</infon><infon key="type">title_1</infon><offset>2290</offset><text>COVID-19 Global Rheumatology Alliance</text></passage><passage><infon key="section_type">INTRO</infon><infon key="type">paragraph</infon><offset>2328</offset><text>A significant example of successful digital crowdsourcing in rheumatology is the ‘COVID-19 Global Rheumatology Alliance’ (https://rheum-covid.org). The international registry collects information pertinent to COVID-19 infection in patients with rheumatic and musculoskeletal diseases (RMD). The registry was set up in record time and is supported by virtually all international professional and patient organisations in the field of rheumatology. Rheumatologists and patients from around the globe are working together to collect data to improve the treatment of patients with RMD with COVID-19. So far, 526 patients have already been enrolled (status: 16 April 2020), and the first important results have been published. </text></passage><passage><infon key="section_type">INTRO</infon><infon key="type">paragraph</infon><offset>3055</offset><text>However, even more remarkable is that the initiative and results are not limited to medical professionals. Crowdsourcing directly involved patients with RMD and results are published constantly, accessible to everyone at any time via the homepage and Twitter feeds. So far, the response from patients was overwhelming. To date, over 9894 patients (status: 18 April 2020) have participated in the survey, actively joining the effort to create and distil clinical knowledge.</text></passage><passage><infon key="section_type">INTRO</infon><infon key="type">title_1</infon><offset>3528</offset><text>Open-access preprint platforms</text></passage><passage><infon key="section_type">INTRO</infon><infon key="type">paragraph</infon><offset>3559</offset><text>Even before the COVID-19 pandemic spread around the globe, open-access digital platforms such as medRxiv and bioRxiv have gained increasing popularity in the scientific community. These platforms enable researchers to share preprinted data and manuscripts with the scientific community to discuss their research prior to journal publication. Via crowdsourcing, open-peer review can be carried out, allowing for collaboration among researchers and the acceleration of scientific progress. Therefore, these digital platforms improve the openness, accessibility and most of all quality of scientific research.</text></passage><passage><infon key="section_type">INTRO</infon><infon key="type">title_1</infon><offset>4166</offset><text>Social media</text></passage><passage><infon key="section_type">INTRO</infon><infon key="type">paragraph</infon><offset>4179</offset><text>Social media in particular significantly facilitate crowdsourcing. Using platforms, like Twitter, Instagram or Facebook, it is easy and instantly possible to get in touch with people from all over the world and different disciplines, to network, discuss topics and issues or to initiate collaborative projects. Twitter journal clubs (ie, @RheumJC and @EULAR_JC) are examples of educational digital crowdsourcing that allow the rheumatology community to discuss new scientific work location and time independent.</text></passage><passage><infon key="section_type">INTRO</infon><infon key="type">title_1</infon><offset>4691</offset><text>Data donation and artificial intelligence</text></passage><passage><infon key="section_type">INTRO</infon><infon key="type">paragraph</infon><offset>4733</offset><text>Various studies have already shown the great willingness of patients to donate medical data for research purposes to advance scientific progress and thus potentially influence the disease positively for themselves and others. </text></passage><passage><infon key="section_type">INTRO</infon><infon key="type">paragraph</infon><offset>4960</offset><text>Especially for rare diseases, digital crowdsourcing has led to significant patient empowerment and clinical outcome improvements via registries and digital information exchange platforms. Robust datasets can be rapidly crowdfunded to answer complex and frequently asked questions. These datasets can be used as a basis for artificial intelligence (AI) and machine learning. Moreover, these methods are able to identify new disease subtypes and to predict therapy response or individual disease progression. AI also has the potential to empower the autonomy of patients, for example, by providing individual treatment propositions. New telemedicine approaches such as passive gait analysis and remote patient self-monitoring with teleguidance and AI-based real-live feedback will further encourage the patient empowerment and decrease current information loss in follow-up appointments.</text></passage><passage><infon key="section_type">INTRO</infon><infon key="type">title_1</infon><offset>5846</offset><text>Opportunities for digital crowdsourcing in rheumatology</text></passage><passage><infon key="section_type">INTRO</infon><infon key="type">paragraph</infon><offset>5902</offset><text> ‘Knowledge isn’t power until it is applied.’ Dale Carnegie (1888–1955, American writer and lecturer)</text></passage><passage><infon key="section_type">INTRO</infon><infon key="type">paragraph</infon><offset>6012</offset><text>The COVID-19 pandemic marks a significant turning point in modern medicine. The global healthcare community is confronted with an infection for which almost no prior knowledge or guidelines pre-exist. Frequently, comparisons are made to the Spanish influenza. However, a fundamental difference to the past is the possibility to exchange data and experiences electronically in real time. Via crowdsourcing, the medical community creates a bowl of knowledge that can then be distilled and translated into practical and desperately needed clinical knowledge.</text></passage><passage><infon key="section_type">INTRO</infon><infon key="type">paragraph</infon><offset>6568</offset><text>In the long term, COVID pandemic improvisations born from despair could lead to a lasting paradigm shift and information asymmetry cutback also in rheumatology. Digital crowdsourcing and AI should be used to advance global medical collaborations, facilitate patient empowerment and decrease medical barriers. As a rheumatology community, we should embrace the principle of ‘connect and engage to target’.</text></passage><passage><infon key="section_type">INTRO</infon><infon key="type">footnote</infon><offset>6977</offset><text>Handling editor: Josef S Smolen</text></passage><passage><infon key="section_type">INTRO</infon><infon key="type">footnote</infon><offset>7009</offset><text>Contributors: MK and JK wrote the manuscript and contributed equally. GRB edited the manuscript and performed medical supervision.</text></passage><passage><infon key="section_type">INTRO</infon><infon key="type">footnote</infon><offset>7140</offset><text>Funding: The authors have not declared a specific grant for this research from any funding agency in the public, commercial or not-for-profit sectors.</text></passage><passage><infon key="section_type">INTRO</infon><infon key="type">footnote</infon><offset>7291</offset><text>Competing interests: None declared.</text></passage><passage><infon key="section_type">INTRO</infon><infon key="type">footnote</infon><offset>7327</offset><text>Patient and public involvement: Patients and/or the public were not involved in the design, or conduct, or reporting, or dissemination plans of this research.</text></passage><passage><infon key="section_type">INTRO</infon><infon key="type">footnote</infon><offset>7486</offset><text>Patient consent for publication: Not required.</text></passage><passage><infon key="section_type">INTRO</infon><infon key="type">footnote</infon><offset>7533</offset><text>Provenance and peer review: Not commissioned; externally peer reviewed.</text></passage><passage><infon key="section_type">REF</infon><infon key="type">title</infon><offset>7605</offset><text>References</text></passage><passage><infon key="elocation-id">e187</infon><infon key="name_0">surname:Créquit;given-names:P</infon><infon key="name_1">surname:Mansouri;given-names:G</infon><infon key="name_2">surname:Benchoufi;given-names:M</infon><infon key="pub-id_doi">10.2196/jmir.9330</infon><infon key="pub-id_pmid">29764795</infon><infon key="section_type">REF</infon><infon key="source">J Med Internet Res</infon><infon key="type">ref</infon><infon key="volume">20</infon><infon key="year">2018</infon><offset>7616</offset><text>Mapping of Crowdsourcing in health: systematic review</text></passage><passage><infon key="name_0">surname:Sobel;given-names:D</infon><infon key="section_type">REF</infon><infon key="source">Longitude: the true story of a lone genius who solved the greatest scientific problem of his time</infon><infon key="type">ref</infon><infon key="year">1995</infon><offset>7670</offset></passage><passage><infon key="fpage">293</infon><infon key="lpage">4</infon><infon key="name_0">surname:Robinson;given-names:PC</infon><infon key="name_1">surname:Yazdany;given-names:J</infon><infon key="pub-id_doi">10.1038/s41584-020-0418-0</infon><infon key="pub-id_pmid">32242121</infon><infon key="section_type">REF</infon><infon key="source">Nat Rev Rheumatol</infon><infon key="type">ref</infon><infon key="volume">16</infon><infon key="year">2020</infon><offset>7671</offset><text>The COVID-19 global rheumatology alliance: collecting data in a pandemic</text></passage><passage><infon key="fpage">754</infon><infon key="lpage">5</infon><infon key="name_0">surname:Yazdany;given-names:J</infon><infon key="name_1">surname:Kim;given-names:AHJ</infon><infon key="pub-id_doi">10.7326/M20-1334</infon><infon key="pub-id_pmid">32232419</infon><infon key="section_type">REF</infon><infon key="source">Ann Intern Med</infon><infon key="type">ref</infon><infon key="volume">172</infon><infon key="year">2020</infon><offset>7744</offset><text>Use of hydroxychloroquine and chloroquine during the COVID-19 pandemic: what every clinician should know</text></passage><passage><infon key="name_0">surname:AHJ;given-names:K</infon><infon key="name_1">surname:Sparks;given-names:JA</infon><infon key="name_2">surname:Liew;given-names:JW</infon><infon key="section_type">REF</infon><infon key="source">Annals of Internal Medicine</infon><infon key="type">ref</infon><infon key="year">2020</infon><offset>7849</offset><text>A rush to judgment? rapid reporting and dissemination of results and its consequences regarding the use of hydroxychloroquine for COVID-19</text></passage><passage><infon key="name_0">surname:Gianfrancesco;given-names:MA</infon><infon key="name_1">surname:Hyrich;given-names:KL</infon><infon key="name_2">surname:Gossec;given-names:L</infon><infon key="pub-id_doi">10.1016/S2665-9913(20)30095-3</infon><infon key="section_type">REF</infon><infon key="source">Lancet Rheumatol</infon><infon key="type">ref</infon><infon key="year">2020</infon><offset>7988</offset><text>Rheumatic disease and COVID-19: initial data from the COVID-19 global rheumatology alliance provider registries</text></passage><passage><infon key="comment">cited 2020 Jun 4</infon><infon key="name_0">surname:Callaway;given-names:E</infon><infon key="pub-id_doi">10.1038/d41586-020-01520-4</infon><infon key="section_type">REF</infon><infon key="source">Nature</infon><infon key="type">ref</infon><infon key="year">2020</infon><offset>8100</offset><text>Will the pandemic permanently alter scientific publishing?</text></passage><passage><infon key="fpage">1</infon><infon key="lpage">10</infon><infon key="name_0">surname:Seidenwurm;given-names:D</infon><infon key="pub-id_doi">10.1097/MLR.0000000000000879</infon><infon key="pub-id_pmid">29135614</infon><infon key="section_type">REF</infon><infon key="source">Med Care</infon><infon key="type">ref</infon><infon key="volume">56</infon><infon key="year">2018</infon><offset>8159</offset><text>Social media Crowdsourcing in health care research</text></passage><passage><infon key="fpage">712</infon><infon key="lpage">5</infon><infon key="name_0">surname:Nikiphorou;given-names:E</infon><infon key="name_1">surname:Studenic;given-names:P</infon><infon key="name_2">surname:Ammitzbøll;given-names:CG</infon><infon key="pub-id_doi">10.1136/annrheumdis-2016-209718</infon><infon key="pub-id_pmid">27797750</infon><infon key="section_type">REF</infon><infon key="source">Ann Rheum Dis</infon><infon key="type">ref</infon><infon key="volume">76</infon><infon key="year">2017</infon><offset>8210</offset><text>Social media use among young rheumatologists and basic scientists: results of an international survey by the emerging EULAR network (EMEUNET)</text></passage><passage><infon key="fpage">1245</infon><infon key="lpage">6</infon><infon key="name_0">surname:Nikiphorou;given-names:E</infon><infon key="name_1">surname:Studenic;given-names:P</infon><infon key="name_2">surname:Alunno;given-names:A</infon><infon key="pub-id_doi">10.1136/annrheumdis-2017-212273</infon><infon key="pub-id_pmid">29203633</infon><infon key="section_type">REF</infon><infon key="source">Ann Rheum Dis</infon><infon key="type">ref</infon><infon key="volume">77</infon><infon key="year">2018</infon><offset>8352</offset><text>'Twitterland': a brave new world?</text></passage><passage><infon key="section_type">REF</infon><infon key="type">ref</infon><offset>8386</offset><text>Impact of sustained remission on the risk of serious infection in patients with rheumatoid arthritis</text></passage><passage><infon key="section_type">REF</infon><infon key="type">ref</infon><offset>8487</offset><text>Emeunet. EULAR – EMEUNET Journal Club</text></passage><passage><infon key="elocation-id">e0224240</infon><infon key="name_0">surname:Skatova;given-names:A</infon><infon key="name_1">surname:Goulding;given-names:J</infon><infon key="pub-id_pmid">31747408</infon><infon key="section_type">REF</infon><infon key="source">Plos One</infon><infon key="type">ref</infon><infon key="volume">14</infon><infon key="year">2019</infon><offset>8527</offset><text>Psychology of personal data donation. Capraro V, editor</text></passage><passage><infon key="name_0">surname:Knitza;given-names:J</infon><infon key="name_1">surname:Raab;given-names:C</infon><infon key="name_2">surname:Lambrecht;given-names:A</infon><infon key="section_type">REF</infon><infon key="source">Arthritis Rheumatol</infon><infon key="type">ref</infon><infon key="volume">71</infon><infon key="year">2019</infon><offset>8583</offset><text>The Urge for Mobile Apps in Rheumatology – a German Patient Perspective [abstract]</text></passage><passage><infon key="fpage">119</infon><infon key="lpage">24</infon><infon key="name_0">surname:Strangfeld;given-names:A</infon><infon key="name_1">surname:Richter;given-names:A</infon><infon key="pub-id_doi">10.1007/s00393-014-1449-1</infon><infon key="pub-id_pmid">25805514</infon><infon key="section_type">REF</infon><infon key="source">Zeitschrift für Rheumatologie</infon><infon key="type">ref</infon><infon key="volume">74</infon><infon key="year">2015</infon><offset>8668</offset><text>Wie unterstützen Registerdaten die klinische Entscheidungsfindung?</text></passage><passage><infon key="fpage">594</infon><infon key="lpage">600</infon><infon key="name_0">surname:van der Vaart;given-names:R</infon><infon key="name_1">surname:Repping-Wuts;given-names:H</infon><infon key="name_2">surname:Drossaert;given-names:CHC</infon><infon key="pub-id_doi">10.1002/acr.21875</infon><infon key="section_type">REF</infon><infon key="source">Arthritis Care Res</infon><infon key="type">ref</infon><infon key="volume">65</infon><infon key="year">2013</infon><offset>8736</offset><text>Need for online information and support of patients with systemic sclerosis</text></passage><passage><infon key="fpage">105</infon><infon key="name_0">surname:Dixon;given-names:WG</infon><infon key="name_1">surname:Beukenhorst;given-names:AL</infon><infon key="name_2">surname:Yimer;given-names:BB</infon><infon key="pub-id_doi">10.1038/s41746-019-0180-3</infon><infon key="pub-id_pmid">31667359</infon><infon key="section_type">REF</infon><infon key="source">NPJ Digit Med</infon><infon key="type">ref</infon><infon key="volume">2</infon><infon key="year">2019</infon><offset>8812</offset><text>How the weather affects the pain of citizen scientists using a smartphone APP</text></passage><passage><infon key="fpage">2046</infon><infon key="lpage">7</infon><infon key="name_0">surname:Hausmann;given-names:JS</infon><infon key="name_1">surname:Berna;given-names:R</infon><infon key="name_2">surname:Gujral;given-names:N</infon><infon key="pub-id_doi">10.1007/s11606-018-4610-8</infon><infon key="pub-id_pmid">30105481</infon><infon key="section_type">REF</infon><infon key="source">J Gen Intern Med</infon><infon key="type">ref</infon><infon key="volume">33</infon><infon key="year">2018</infon><offset>8890</offset><text>Using smartphone Crowdsourcing to redefine normal and febrile temperatures in adults: results from the Feverprints study</text></passage><passage><infon key="fpage">690</infon><infon key="lpage">701</infon><infon key="name_0">surname:Orange;given-names:DE</infon><infon key="name_1">surname:Agius;given-names:P</infon><infon key="name_2">surname:DiCarlo;given-names:EF</infon><infon key="pub-id_doi">10.1002/art.40428</infon><infon key="pub-id_pmid">29468833</infon><infon key="section_type">REF</infon><infon key="source">Arthritis Rheumatol</infon><infon key="type">ref</infon><infon key="volume">70</infon><infon key="year">2018</infon><offset>9011</offset><text>Identification of three rheumatoid arthritis disease subtypes by machine learning integration of synovial histologic features and RNA sequencing data</text></passage><passage><infon key="fpage">158</infon><infon key="lpage">66</infon><infon key="name_0">surname:SWM;given-names:E</infon><infon key="name_1">surname:Olazagasti;given-names:JM</infon><infon key="name_2">surname:Goldenberg;given-names:A</infon><infon key="pub-id_pmid">32039563</infon><infon key="section_type">REF</infon><infon key="source">ACR Open Rheumatol</infon><infon key="type">ref</infon><infon key="volume">2</infon><infon key="year">2020</infon><offset>9161</offset><text>A clinically and biologically based subclassification of the idiopathic inflammatory myopathies using machine learning</text></passage><passage><infon key="fpage">1987</infon><infon key="lpage">96</infon><infon key="name_0">surname:Guan;given-names:Y</infon><infon key="name_1">surname:Zhang;given-names:H</infon><infon key="name_2">surname:Quang;given-names:D</infon><infon key="pub-id_doi">10.1002/art.41056</infon><infon key="pub-id_pmid">31342661</infon><infon key="section_type">REF</infon><infon key="source">Arthritis Rheumatol</infon><infon key="type">ref</infon><infon key="volume">71</infon><infon key="year">2019</infon><offset>9280</offset><text>Machine learning to predict Anti–Tumor necrosis factor drug responses of rheumatoid arthritis patients by integrating clinical and genetic markers</text></passage><passage><infon key="elocation-id">e190606</infon><infon key="name_0">surname:Norgeot;given-names:B</infon><infon key="name_1">surname:Glicksberg;given-names:BS</infon><infon key="name_2">surname:Trupin;given-names:L</infon><infon key="pub-id_doi">10.1001/jamanetworkopen.2019.0606</infon><infon key="pub-id_pmid">30874779</infon><infon key="section_type">REF</infon><infon key="source">JAMA Network Open</infon><infon key="type">ref</infon><infon key="volume">2</infon><infon key="year">2019</infon><offset>9429</offset><text>Assessment of a deep learning model based on electronic health record data to forecast clinical outcomes in patients with rheumatoid arthritis</text></passage><passage><infon key="elocation-id">rkaa005</infon><infon key="name_0">surname:Hügle;given-names:M</infon><infon key="name_1">surname:Omoumi;given-names:P</infon><infon key="name_2">surname:van Laar;given-names:JM</infon><infon key="pub-id_doi">10.1093/rap/rkaa005</infon><infon key="pub-id_pmid">32296743</infon><infon key="section_type">REF</infon><infon key="source">Rheumatol Adv Pract</infon><infon key="type">ref</infon><infon key="volume">4</infon><infon key="year">2020</infon><offset>9572</offset><text>Applied machine learning and artificial intelligence in rheumatology</text></passage><passage><infon key="fpage">1336</infon><infon key="lpage">43</infon><infon key="name_0">surname:Gossec;given-names:L</infon><infon key="name_1">surname:Guyard;given-names:F</infon><infon key="name_2">surname:Leroy;given-names:D</infon><infon key="pub-id_doi">10.1002/acr.23768</infon><infon key="section_type">REF</infon><infon key="source">Arthritis Care Res</infon><infon key="type">ref</infon><infon key="volume">71</infon><infon key="year">2019</infon><offset>9641</offset><text>Detection of flares by decrease in physical activity, collected using wearable activity Trackers in rheumatoid arthritis or axial spondyloarthritis: an application of machine learning analyses in rheumatology</text></passage><passage><infon key="fpage">257</infon><infon key="lpage">73</infon><infon key="name_0">surname:Gandrup;given-names:J</infon><infon key="name_1">surname:Yazdany;given-names:J</infon><infon key="pub-id_doi">10.1016/j.rdc.2019.01.007</infon><infon key="pub-id_pmid">30952397</infon><infon key="section_type">REF</infon><infon key="source">Rheum Dis Clin North Am</infon><infon key="type">ref</infon><infon key="volume">45</infon><infon key="year">2019</infon><offset>9850</offset><text>Using health information technology to support use of patient-reported outcomes in rheumatology</text></passage><passage><infon key="fpage">1909</infon><infon key="lpage">17</infon><infon key="name_0">surname:Perez;given-names:MV</infon><infon key="name_1">surname:Mahaffey;given-names:KW</infon><infon key="name_2">surname:Hedlin;given-names:H</infon><infon key="pub-id_doi">10.1056/NEJMoa1901183</infon><infon key="pub-id_pmid">31722151</infon><infon key="section_type">REF</infon><infon key="source">N Engl J Med</infon><infon key="type">ref</infon><infon key="volume">381</infon><infon key="year">2019</infon><offset>9946</offset><text>Large-Scale assessment of a Smartwatch to identify atrial fibrillation</text></passage></document></collection>
