<?xml version="1.0" encoding="UTF-8"?>
<!DOCTYPE collection SYSTEM "BioC.dtd">
<collection><source>PMC</source><date>20220721</date><key>pmc.key</key><document><id>7361905</id><infon key="license">NO-CC CODE</infon><passage><infon key="alt-title">Paul et al. Progression of COVID‐19 From Urban to Rural Areas in the United States</infon><infon key="article-id_doi">10.1111/jrh.12486</infon><infon key="article-id_pmc">7361905</infon><infon key="article-id_pmid">32602983</infon><infon key="article-id_publisher-id">JRH12486</infon><infon key="fn">
Funding: Rajib Paul's work was partially supported by the National Foundation, Division of Civil, Mechanical and Manufacturing Innovation (CMMI) award # 1537379. Dan Han's work was supported by the University of Louisville EVPRI Internal Research Grant “Spatial Population Dynamics with Disease” and AMS Mathematics Research Communities (MRC) “Survival Dynamics for Contact Process with Quarantine.”</infon><infon key="fpage">591 00</infon><infon key="issue">4</infon><infon key="kwd">Bayesian influence disease hotspots pandemic geographic disparity respiratory disease</infon><infon key="license">This article is being made freely available through PubMed Central as part of the COVID-19 public health emergency response. It can be used for unrestricted research re-use and analysis in any form or by any means with acknowledgement of the original source, for the duration of the public health emergency.</infon><infon key="lpage">601 00</infon><infon key="name_0">surname:Paul;given-names:Rajib</infon><infon key="name_1">surname:Arif;given-names:Ahmed A.</infon><infon key="name_2">surname:Adeyemi;given-names:Oluwaseun</infon><infon key="name_3">surname:Ghosh;given-names:Subhanwita</infon><infon key="name_4">surname:Han;given-names:Dan</infon><infon key="notes">

, , , , . . . ;:‐. 

</infon><infon key="pub-id_doi">10.1111/jrh.12486</infon><infon key="section_type">TITLE</infon><infon key="source">The Journal of Rural Health</infon><infon key="type">front</infon><infon key="volume">36 00</infon><infon key="year">2020</infon><offset>0</offset><text>Progression of COVID‐19 From Urban to Rural Areas in the United States: A Spatiotemporal Analysis of Prevalence Rates Progression of COVID‐19 from urban to rural areas in the United States: a spatiotemporal analysis of prevalence rates</text></passage><passage><infon key="section_type">ABSTRACT</infon><infon key="type">abstract_title_1</infon><offset>240</offset><text>Abstract</text></passage><passage><infon key="section_type">ABSTRACT</infon><infon key="type">abstract_title_1</infon><offset>249</offset><text>Purpose</text></passage><passage><infon key="section_type">ABSTRACT</infon><infon key="type">abstract</infon><offset>257</offset><text>There are growing signs that the COVID‐19 virus has started to spread to rural areas and can impact the rural health care system that is already stretched and lacks resources. To aid in the legislative decision process and proper channelizing of resources, we estimated and compared the county‐level change in prevalence rates of COVID‐19 by rural‐urban status over 3 weeks. Additionally, we identified hotspots based on estimated prevalence rates.</text></passage><passage><infon key="section_type">ABSTRACT</infon><infon key="type">abstract_title_1</infon><offset>714</offset><text>Methods</text></passage><passage><infon key="section_type">ABSTRACT</infon><infon key="type">abstract</infon><offset>722</offset><text>We used crowdsourced data on COVID‐19 and linked them to county‐level demographics, smoking rates, and chronic diseases. We fitted a Bayesian hierarchical spatiotemporal model using the Markov Chain Monte Carlo algorithm in R‐studio. We mapped the estimated prevalence rates using ArcGIS 10.8, and identified hotspots using Gettis‐Ord local statistics.</text></passage><passage><infon key="section_type">ABSTRACT</infon><infon key="type">abstract_title_1</infon><offset>1083</offset><text>Findings</text></passage><passage><infon key="section_type">ABSTRACT</infon><infon key="type">abstract</infon><offset>1092</offset><text>In the rural counties, the mean prevalence of COVID‐19 increased from 3.6 per 100,000 population to 43.6 per 100,000 within 3 weeks from April 3 to April 22, 2020. In the urban counties, the median prevalence of COVID‐19 increased from 10.1 per 100,000 population to 107.6 per 100,000 within the same period. The COVID‐19 adjusted prevalence rates in rural counties were substantially elevated in counties with higher black populations, smoking rates, and obesity rates. Counties with high rates of people aged 25‐49 years had increased COVID‐19 prevalence rates.</text></passage><passage><infon key="section_type">ABSTRACT</infon><infon key="type">abstract_title_1</infon><offset>1666</offset><text>Conclusions</text></passage><passage><infon key="section_type">ABSTRACT</infon><infon key="type">abstract</infon><offset>1678</offset><text>Our findings show a rapid spread of COVID‐19 across urban and rural areas in 21 days. Studies based on quality data are needed to explain further the role of social determinants of health on COVID‐19 prevalence.</text></passage><passage><infon key="section_type">INTRO</infon><infon key="type">paragraph</infon><offset>1894</offset><text>COVID‐19 is a highly contagious novel coronavirus that has affected more than 7 million people worldwide, resulting in more than 418,000 deaths as of June 11, 2020. In the United States, more than 113,000 people have died due to COVID‐19, as of June 11, 2020. The exact mechanism by which COVID‐19 spreads from person to person is still under investigation. However, the virus is thought to spread mainly through respiratory droplets and environmental surfaces. It can cause severe lower respiratory illnesses like pneumonia, resulting in death. The large percentage of hospitalizations and deaths due to COVID‐19 are among older individuals, aged 65 and above. However, younger people are getting infected by the virus at higher rates. In the absence of vaccine availability, measures such as safe physical distancing and banning gathering are primary preventative measures in reducing the spread of infection and flattening the epidemiological curve. </text></passage><passage><infon key="section_type">INTRO</infon><infon key="type">paragraph</infon><offset>2856</offset><text>About 63% of the US counties are classified as rural. However, only 15% of the US population live in rural areas. The rural population is mostly white, poor, older, has higher smoking rates, high blood pressure, and high rates of obesity as compared to their urban counterparts. The mortality rates from heart disease, cancer, respiratory diseases, and stroke are higher among people living in the rural areas as compared to those living in the urban areas. </text></passage><passage><infon key="section_type">INTRO</infon><infon key="type">paragraph</infon><offset>3315</offset><text>The first reported case of COVID‐19 in a rural county was on February 20 in Humboldt County, Northern California. There are growing signs that the COVID‐19 virus has started to spread to rural areas. Most rural areas lack public health infrastructure, and the current health care system, which is already stretched and lacks resources, may not be ready to deal with the sudden influx of patients. </text></passage><passage><infon key="section_type">INTRO</infon><infon key="type">paragraph</infon><offset>3717</offset><text>We used crowdsourced data, and spatiotemporal Bayesian models to (1) estimate and compare the county‐wise change in prevalence rates of COVID‐19 by rural‐urban status, (2) identify hotspots based on estimated prevalence rates, (3) find the association of demographic, smoking, and chronic diseases with COVID‐19 prevalence rates and how they vary by rural/urban designation of counties, and (4) identify counties showing a significant increase or decrease of the percentage change in prevalence rates over 14 days. To the best of our knowledge, our research is the first attempt in estimating prevalence at the county level using Bayesian models that takes into account spatiotemporal autocorrelations. </text></passage><passage><infon key="section_type">METHODS</infon><infon key="type">title_1</infon><offset>4429</offset><text>Methods</text></passage><passage><infon key="section_type">METHODS</infon><infon key="type">title_2</infon><offset>4437</offset><text>Study Design</text></passage><passage><infon key="section_type">METHODS</infon><infon key="type">paragraph</infon><offset>4450</offset><text>This space‐time study used a panel design, with the US counties and county‐equivalents (hereafter referred to as “counties”) as the spatial units of analysis. We restricted our analysis to the US contiguous states. Each county was identified using the 2018 5‐digit Federal Information Processing Standards (FIPS) codes. The county‐level cumulative counts of COVID‐19 infection and deaths were obtained from the publicly available data repository of the Johns Hopkins University (JHU). </text></passage><passage><infon key="section_type">METHODS</infon><infon key="type">title_2</infon><offset>4950</offset><text>Selection Criteria</text></passage><passage><infon key="section_type">METHODS</infon><infon key="type">paragraph</infon><offset>4969</offset><text>The cumulative confirmed COVID‐19 county‐level data between March 15 and April 22, 2020 were extracted as a time‐series format. The daily county‐level COVID‐19 prevalence rates were computed as the difference between the reported cumulative count of the day of interest and the cumulative counts of the preceding 21 days (assuming on average a 3‐week recovery period) divided by the estimated county population. The daily deaths counts of the preceding day were removed from the numerator. Thus, in our inferential analysis, we used prevalence rates over 3 weeks: April 3, 2020 to April 22, 2020. Data cleaning was achieved by assessing the range of daily prevalence counts. An a priori decision that daily incidence counts will be zero or higher was made, and dates with data entry inconsistency were corrected by selecting the counts of the preceding days.</text></passage><passage><infon key="section_type">METHODS</infon><infon key="type">title_2</infon><offset>5840</offset><text>County Characteristics</text></passage><passage><infon key="section_type">METHODS</infon><infon key="type">paragraph</infon><offset>5863</offset><text>We used county‐level demographics, smoking rates, and rates of chronic diseases (including diabetes and obesity) as independent variables. County demographics include county population size, age, and racial distributions. This information was extracted from the American Community Survey's (ACS) 2018 estimates. County‐level diabetes and obesity rates were obtained from the County Health Rankings website. </text></passage><passage><infon key="section_type">METHODS</infon><infon key="type">title_2</infon><offset>6275</offset><text>Variables Definition</text></passage><passage><infon key="section_type">METHODS</infon><infon key="type">paragraph</infon><offset>6296</offset><text>The outcome variable was daily county‐level COVID‐19 prevalence rates over T = 20 (April 3, 2020 to April 22, 2020) days across n = 3,108 counties in the continental United States. The daily prevalence rate of COVID‐19 was measured as the number of active cases per 100,000 population. RUCA codes were used to designate urban and rural counties. Urban areas were classified as all metropolitan areas as well as high commuting micropolitan. Rural counties included micropolitan low commuting, core small towns, small towns with high and low commuting, and areas with the primary flow to tracts outside of urban areas or clusters. Other county‐level independent variables included the percent of residents aged 25‐49 years, percent of the black population, adult smoking rates, diabetes rates, and obesity rates.</text></passage><passage><infon key="section_type">METHODS</infon><infon key="type">title_2</infon><offset>7117</offset><text>Data Analysis</text></passage><passage><infon key="section_type">METHODS</infon><infon key="type">paragraph</infon><offset>7131</offset><text>Our data analyses consisted of descriptive and inferential statistical techniques. In descriptive analyses, we computed summary statistics for county‐level demographics, smoking rates, and health conditions using chi‐square and Mann‐Whitney 2‐sample test for rural and urban counties.</text></passage><passage><infon key="section_type">METHODS</infon><infon key="type">paragraph</infon><offset>7424</offset><text>Our inferential analysis was based on a Bayesian Spatiotemporal Model (BSTM) that used low‐rank spatial autocorrelation techniques. Recall that our outcome measure was daily county‐level prevalence rates per 100,000 from April 3 through April 22, 2020. Since prevalence data were semicontinuous due to occurrences of zero, we needed a statistical distribution that incorporates point mass at zero for the counties with no COVID‐19 case and a continuous distribution on the counties where we had nonzero prevalence. Specifically, we used a skewed Tobit model for Y (s  i, t), the prevalence for ith county on tth day and modeled as where λ is a power transformation parameter that takes into account the skewness in the data and W (s  i, t) is a latent Gaussian space‐time distribution that is modeled using a set of p independent variables x  p (s  i, t) as The first term on the left‐hand side of Equation (2) characterizes prevalence in terms of independent variables via regression coefficients β. The flexibility of this modeling approach allows one to make these regression coefficients dynamic and varying over counties. The second term ψ(t) is a spatial‐temporal autoregressive Gaussian process of dimension m &lt;&lt; n defined over m knot locations on the entire United States: The parameter ρ captures how the process evolves with time; a positive value indicates an increase over time. The term ε(t) is a zero‐mean spatially correlated Gaussian process with covariance matrix Σ that is characterized by exponential covariance function using geodesic distances between county centroids (see Chapters 2 and 3 of Ref.). The vector A(s  i ) in Equation (2) maps the original process on m knot locations. Finally, the last term ν(s  i,t) in Equation (2) is a white‐noise zero‐mean process with a constant variance that denoises the data (see Ref.).</text></passage><passage><infon key="section_type">METHODS</infon><infon key="type">paragraph</infon><offset>9298</offset><text>We fitted our model using Markov Chain Monte Carlo algorithms (see Ref.) using R/RStudio version 3.6.3, and spate, spTimer packages. The effects of county‐level independent variables were assessed using 95% credible intervals (CrI). Finally, we computed percent changes in daily prevalence from the fitted prevalence curves and evaluated whether it significantly increased or decreased using a linear trend equation of time and t‐statistics. We plotted our estimated prevalence rates from model fitting using ArcMap 10.8. Additionally, we conducted hotspot analysis using Getis‐Ord local statistics. Hotspots are defined as high values of prevalence rates concentrated in spatial clusters. We used 90%, 95%, and 99% cut‐off values for assessing the significance of hotspots.</text></passage><passage><infon key="section_type">RESULTS</infon><infon key="type">title_1</infon><offset>10081</offset><text>Results</text></passage><passage><infon key="section_type">RESULTS</infon><infon key="type">paragraph</infon><offset>10089</offset><text>Recall that we used data from March 15 through April 22, 2020, for calculating prevalence rates assuming a 3‐week recovery period. This gave us 3 weeks of data on prevalence from April 3 to April 22, 2020, for inferential analysis and model fitting. The overall mean prevalence rate of COVID‐19 as of April 3, 2020 was 5.7 per 100,000 population. The value increased to 23.6 per 100,000 on April 22, 2020—a 400% increase. The mean prevalence in urban counties increased from 10.1 per 100,000 on April 3, 2020 to 107.6 per 100,000 population on April 22, 2020. In the rural counties, the mean prevalence of COVID‐19 increased from 3.6 per 100,000 population to 43.6 per 100,000 (Figure 1).</text></passage><passage><infon key="file">JRH-36-591-g005.jpg</infon><infon key="id">jrh12486-fig-0001</infon><infon key="section_type">FIG</infon><infon key="type">fig_caption</infon><offset>10787</offset><text>Median Prevalence Trend of COVID‐19 Infection From the Observed Data Before Denoising. The triangles represent urban median prevalence rates and the circles represent rural median prevalence rates.</text></passage><passage><infon key="section_type">RESULTS</infon><infon key="type">paragraph</infon><offset>10987</offset><text>Table 1 summarizes the variables used in terms of proportions or medians and interquartile ranges (IQR). As of March 15, 2020, 79% urban and 3% rural counties had confirmed COVID‐19 cases. These percentages increased to 98% urban and 84% rural counties within 5 weeks. Based on median estimates, in urban counties, about 37.8% of the population was between 25 and 49 years as compared to 35% in rural counties (P &lt; .0001). Most of the rural population were white, obese, and smokers as compared to urban counterparts (P &lt; .0001). There was also a statistically significant difference in diabetes rates between urban and rural counties (Table 1).</text></passage><passage><infon key="file">jrh12486-tbl-0001.xml</infon><infon key="id">jrh12486-tbl-0001</infon><infon key="section_type">TABLE</infon><infon key="type">table_caption</infon><offset>11637</offset><text>Summary Statistics of the Study Sample</text></passage><passage><infon key="file">jrh12486-tbl-0001.xml</infon><infon key="id">jrh12486-tbl-0001</infon><infon key="section_type">TABLE</infon><infon key="type">table</infon><infon key="xml">&lt;?xml version=&quot;1.0&quot; encoding=&quot;UTF-8&quot;?&gt;
&lt;table frame=&quot;hsides&quot; rules=&quot;groups&quot;&gt;&lt;col align=&quot;left&quot; span=&quot;1&quot;/&gt;&lt;col align=&quot;center&quot; span=&quot;1&quot;/&gt;&lt;col align=&quot;center&quot; span=&quot;1&quot;/&gt;&lt;col align=&quot;center&quot; span=&quot;1&quot;/&gt;&lt;thead&gt;&lt;tr style=&quot;border-bottom:solid 1px #000000&quot;&gt;&lt;th align=&quot;left&quot; rowspan=&quot;1&quot; colspan=&quot;1&quot;&gt;Variable&lt;/th&gt;&lt;th align=&quot;left&quot; rowspan=&quot;1&quot; colspan=&quot;1&quot;&gt;Urban&lt;/th&gt;&lt;th align=&quot;left&quot; rowspan=&quot;1&quot; colspan=&quot;1&quot;&gt;Rural&lt;/th&gt;&lt;th align=&quot;left&quot; rowspan=&quot;1&quot; colspan=&quot;1&quot;&gt;
&lt;italic toggle=&quot;yes&quot;&gt;P&lt;/italic&gt; value&lt;/th&gt;&lt;/tr&gt;&lt;/thead&gt;&lt;tbody&gt;&lt;tr&gt;&lt;td align=&quot;left&quot; rowspan=&quot;1&quot; colspan=&quot;1&quot;&gt;Proportion of counties with confirmed cases as of 3/15&lt;xref rid=&quot;jrh12486-tbl1-note-0001&quot; ref-type=&quot;table-fn&quot;&gt;
&lt;sup&gt;a&lt;/sup&gt;
&lt;/xref&gt;
&lt;/td&gt;&lt;td align=&quot;center&quot; rowspan=&quot;1&quot; colspan=&quot;1&quot;&gt;0.79&lt;/td&gt;&lt;td align=&quot;center&quot; rowspan=&quot;1&quot; colspan=&quot;1&quot;&gt;0.03&lt;/td&gt;&lt;td align=&quot;center&quot; rowspan=&quot;1&quot; colspan=&quot;1&quot;&gt;&amp;lt;.0001&lt;/td&gt;&lt;/tr&gt;&lt;tr&gt;&lt;td align=&quot;left&quot; rowspan=&quot;1&quot; colspan=&quot;1&quot;&gt;Proportion of counties with confirmed cases as of 4/22&lt;xref rid=&quot;jrh12486-tbl1-note-0001&quot; ref-type=&quot;table-fn&quot;&gt;
&lt;sup&gt;a&lt;/sup&gt;
&lt;/xref&gt;
&lt;/td&gt;&lt;td align=&quot;center&quot; rowspan=&quot;1&quot; colspan=&quot;1&quot;&gt;0.98&lt;/td&gt;&lt;td align=&quot;center&quot; rowspan=&quot;1&quot; colspan=&quot;1&quot;&gt;0.84&lt;/td&gt;&lt;td align=&quot;center&quot; rowspan=&quot;1&quot; colspan=&quot;1&quot;&gt;&amp;lt;.0001&lt;/td&gt;&lt;/tr&gt;&lt;tr&gt;&lt;td align=&quot;left&quot; rowspan=&quot;1&quot; colspan=&quot;1&quot;&gt;Percent of population between 25 and 49 years&lt;/td&gt;&lt;td align=&quot;center&quot; rowspan=&quot;1&quot; colspan=&quot;1&quot;&gt;37.79 (3.44)&lt;/td&gt;&lt;td align=&quot;center&quot; rowspan=&quot;1&quot; colspan=&quot;1&quot;&gt;34.85 (4.10)&lt;/td&gt;&lt;td align=&quot;center&quot; rowspan=&quot;1&quot; colspan=&quot;1&quot;&gt;&amp;lt;.0001&lt;/td&gt;&lt;/tr&gt;&lt;tr&gt;&lt;td align=&quot;left&quot; rowspan=&quot;1&quot; colspan=&quot;1&quot;&gt;Percent of African American population&lt;/td&gt;&lt;td align=&quot;center&quot; rowspan=&quot;1&quot; colspan=&quot;1&quot;&gt;7.41 (15.55)&lt;/td&gt;&lt;td align=&quot;center&quot; rowspan=&quot;1&quot; colspan=&quot;1&quot;&gt;1.44 (4.99)&lt;/td&gt;&lt;td align=&quot;center&quot; rowspan=&quot;1&quot; colspan=&quot;1&quot;&gt;&amp;lt;.0001&lt;/td&gt;&lt;/tr&gt;&lt;tr&gt;&lt;td align=&quot;left&quot; rowspan=&quot;1&quot; colspan=&quot;1&quot;&gt;Diabetes mellitus rate&lt;/td&gt;&lt;td align=&quot;center&quot; rowspan=&quot;1&quot; colspan=&quot;1&quot;&gt;11 (4)&lt;/td&gt;&lt;td align=&quot;center&quot; rowspan=&quot;1&quot; colspan=&quot;1&quot;&gt;12 (4)&lt;/td&gt;&lt;td align=&quot;center&quot; rowspan=&quot;1&quot; colspan=&quot;1&quot;&gt;&amp;lt;.0001&lt;/td&gt;&lt;/tr&gt;&lt;tr&gt;&lt;td align=&quot;left&quot; rowspan=&quot;1&quot; colspan=&quot;1&quot;&gt;Percent of adult smokers&lt;/td&gt;&lt;td align=&quot;center&quot; rowspan=&quot;1&quot; colspan=&quot;1&quot;&gt;17.00 (4.68)&lt;/td&gt;&lt;td align=&quot;center&quot; rowspan=&quot;1&quot; colspan=&quot;1&quot;&gt;17.51 (5.29)&lt;/td&gt;&lt;td align=&quot;center&quot; rowspan=&quot;1&quot; colspan=&quot;1&quot;&gt;&amp;lt;.0001&lt;/td&gt;&lt;/tr&gt;&lt;tr&gt;&lt;td align=&quot;left&quot; rowspan=&quot;1&quot; colspan=&quot;1&quot;&gt;Obesity rate in percentage&lt;/td&gt;&lt;td align=&quot;center&quot; rowspan=&quot;1&quot; colspan=&quot;1&quot;&gt;31.40 (6.10)&lt;/td&gt;&lt;td align=&quot;center&quot; rowspan=&quot;1&quot; colspan=&quot;1&quot;&gt;32.70 (5.40)&lt;/td&gt;&lt;td align=&quot;center&quot; rowspan=&quot;1&quot; colspan=&quot;1&quot;&gt;&amp;lt;.0001&lt;/td&gt;&lt;/tr&gt;&lt;/tbody&gt;&lt;/table&gt;
</infon><offset>11676</offset><text>Variable	Urban	Rural	P value	 	Proportion of counties with confirmed cases as of 3/15a	0.79	0.03	&lt;.0001	 	Proportion of counties with confirmed cases as of 4/22a	0.98	0.84	&lt;.0001	 	Percent of population between 25 and 49 years	37.79 (3.44)	34.85 (4.10)	&lt;.0001	 	Percent of African American population	7.41 (15.55)	1.44 (4.99)	&lt;.0001	 	Diabetes mellitus rate	11 (4)	12 (4)	&lt;.0001	 	Percent of adult smokers	17.00 (4.68)	17.51 (5.29)	&lt;.0001	 	Obesity rate in percentage	31.40 (6.10)	32.70 (5.40)	&lt;.0001	 	</text></passage><passage><infon key="file">jrh12486-tbl-0001.xml</infon><infon key="id">jrh12486-tbl-0001</infon><infon key="section_type">TABLE</infon><infon key="type">table_footnote</infon><offset>12180</offset><text>Proportions are used as summary statistics and compared using chi‐square tests. For the remaining variables, medians and interquartile ranges, IQR, are displayed and compared using Mann‐Whitney 2‐sample test.</text></passage><passage><infon key="section_type">RESULTS</infon><infon key="type">paragraph</infon><offset>12395</offset><text>The overall prevalence rate of COVID‐19 infection increased by 3.19 (95% CrI: 3.05, 3.32) per 100,000 population for 1% increase in population aged 25‐49 years (Table 2). Figure 2 shows plots of estimated prevalence rates for all rural and urban counties in the United States. For ease of comparison, the square root of rates was plotted.</text></passage><passage><infon key="file">jrh12486-tbl-0002.xml</infon><infon key="id">jrh12486-tbl-0002</infon><infon key="section_type">TABLE</infon><infon key="type">table_caption</infon><offset>12740</offset><text>Age‐Adjusted Rate Changes in COVID‐19 Infection in Rural and Urban Counties in the United States</text></passage><passage><infon key="file">jrh12486-tbl-0002.xml</infon><infon key="id">jrh12486-tbl-0002</infon><infon key="section_type">TABLE</infon><infon key="type">table</infon><infon key="xml">&lt;?xml version=&quot;1.0&quot; encoding=&quot;UTF-8&quot;?&gt;
&lt;table frame=&quot;hsides&quot; rules=&quot;groups&quot;&gt;&lt;col align=&quot;left&quot; span=&quot;1&quot;/&gt;&lt;col align=&quot;center&quot; span=&quot;1&quot;/&gt;&lt;col align=&quot;center&quot; span=&quot;1&quot;/&gt;&lt;col align=&quot;center&quot; span=&quot;1&quot;/&gt;&lt;thead&gt;&lt;tr&gt;&lt;th align=&quot;left&quot; rowspan=&quot;1&quot; colspan=&quot;1&quot;/&gt;&lt;th align=&quot;center&quot; rowspan=&quot;1&quot; colspan=&quot;1&quot;&gt;Overall&lt;/th&gt;&lt;th align=&quot;center&quot; rowspan=&quot;1&quot; colspan=&quot;1&quot;&gt;Rural&lt;/th&gt;&lt;th align=&quot;center&quot; rowspan=&quot;1&quot; colspan=&quot;1&quot;&gt;Urban&lt;/th&gt;&lt;/tr&gt;&lt;tr style=&quot;border-bottom:solid 1px #000000&quot;&gt;&lt;th align=&quot;left&quot; rowspan=&quot;1&quot; colspan=&quot;1&quot;&gt;County variables&lt;/th&gt;&lt;th align=&quot;center&quot; rowspan=&quot;1&quot; colspan=&quot;1&quot;&gt;Rate change (95% CrI)&lt;/th&gt;&lt;th align=&quot;center&quot; rowspan=&quot;1&quot; colspan=&quot;1&quot;&gt;Rate change (95% CrI)&lt;/th&gt;&lt;th align=&quot;center&quot; rowspan=&quot;1&quot; colspan=&quot;1&quot;&gt;Rate change (95% CrI)&lt;/th&gt;&lt;/tr&gt;&lt;/thead&gt;&lt;tbody&gt;&lt;tr&gt;&lt;td align=&quot;left&quot; rowspan=&quot;1&quot; colspan=&quot;1&quot;&gt;Age 25‐49 years&lt;xref rid=&quot;jrh12486-tbl2-note-0001&quot; ref-type=&quot;table-fn&quot;&gt;
&lt;sup&gt;a&lt;/sup&gt;
&lt;/xref&gt;
&lt;/td&gt;&lt;td align=&quot;center&quot; rowspan=&quot;1&quot; colspan=&quot;1&quot;&gt;3.19 (3.05, 3.32)&lt;/td&gt;&lt;td align=&quot;center&quot; rowspan=&quot;1&quot; colspan=&quot;1&quot;&gt;2.36 (2.22, 2.51)&lt;/td&gt;&lt;td align=&quot;center&quot; rowspan=&quot;1&quot; colspan=&quot;1&quot;&gt;2.80 (2.66, 2.93)&lt;/td&gt;&lt;/tr&gt;&lt;/tbody&gt;&lt;/table&gt;
</infon><offset>12841</offset><text>	Overall	Rural	Urban	 	County variables	Rate change (95% CrI)	Rate change (95% CrI)	Rate change (95% CrI)	 	Age 25‐49 yearsa	3.19 (3.05, 3.32)	2.36 (2.22, 2.51)	2.80 (2.66, 2.93)	 	</text></passage><passage><infon key="file">jrh12486-tbl-0002.xml</infon><infon key="id">jrh12486-tbl-0002</infon><infon key="section_type">TABLE</infon><infon key="type">table_footnote</infon><offset>13025</offset><text>Only the percent of population aged 25‐49 years was used in the spatiotemporal model.</text></passage><passage><infon key="file">JRH-36-591-g004.jpg</infon><infon key="id">jrh12486-fig-0002</infon><infon key="section_type">FIG</infon><infon key="type">fig_caption</infon><offset>13113</offset><text>Estimated (Denoised) Prevalence Rates From Fitted Spatiotemporal Model for (a) Rural and (b) Urban Counties. The black lines indicate median prevalence rates. Gray lines represent prevalence curves for 2,107 rural and 1,001 urban counties. Square root of rates are plotted for better comparison. The red line in plot (a) denotes the prevalence for Plaquemines Parish, Louisiana. The red line in plot (b) denotes the prevalence for New York City and the green line indicates the prevalence plot for New Orleans, Louisiana.</text></passage><passage><infon key="section_type">RESULTS</infon><infon key="type">paragraph</infon><offset>13635</offset><text>Figure 2(a) represents square root of prevalence curves for 2,107 rural counties, and Figure 2(b) represents square root of prevalence curves for 1,001 urban counties. The median square root prevalence rate for urban counties over the 20‐day study period increased at a steeper rate than the median square root prevalence rate for rural counties (black lines). The red line in Figure 2(a) denotes the square root prevalence for Plaquemines Parish, Louisiana. The red line in Figure 2(b) denotes the square root prevalence for New York City, and the green line indicates the same for New Orleans, Louisiana. The prevalence curve for New York City was increasing, while the curves for Plaquemines Parish and New Orleans were quadratic.</text></passage><passage><infon key="section_type">RESULTS</infon><infon key="type">paragraph</infon><offset>14375</offset><text>Table 3 displays the adjusted prevalence rate ratio and changes in prevalence rates for urban and rural counties. The county‐level COVID‐19 prevalence rate ratio was 0.78 times (95% CrI = 0.77, 0.80) lower in rural counties as compared to urban counties, adjusted for covariates. The population aged 25‐49 years had substantially higher prevalence in rural counties. Similarly, the COVID‐19 adjusted prevalence rates were substantially elevated in counties with higher black populations; the prevalence increased by 0.57 per 100,000 for each percent increase in the black population (95% CrI: 0.51, 0.63). The association was more influential in rural counties. The county‐level smoking and obesity rates were positively associated with COVID‐19 infection. However, the prevalence rates were negatively associated with county‐level diabetes prevalence. Each percent increase in adult smokers in rural counties increased the prevalence rate by 0.46 per 100,000 population, and in urban counties, this increment was 0.51 per 100,000 population, when adjusted for covariates. Obesity rates were associated with increased prevalence in urban counties only, whereas diabetes had a negative association with COVID‐19 prevalence.</text></passage><passage><infon key="file">jrh12486-tbl-0003.xml</infon><infon key="id">jrh12486-tbl-0003</infon><infon key="section_type">TABLE</infon><infon key="type">table_caption</infon><offset>15615</offset><text>Spatiotemporal Analysis of COVID‐19 Infection in Rural and Urban Counties in the United States</text></passage><passage><infon key="file">jrh12486-tbl-0003.xml</infon><infon key="id">jrh12486-tbl-0003</infon><infon key="section_type">TABLE</infon><infon key="type">table</infon><infon key="xml">&lt;?xml version=&quot;1.0&quot; encoding=&quot;UTF-8&quot;?&gt;
&lt;table frame=&quot;hsides&quot; rules=&quot;groups&quot;&gt;&lt;col align=&quot;center&quot; span=&quot;1&quot;/&gt;&lt;col align=&quot;center&quot; span=&quot;1&quot;/&gt;&lt;col align=&quot;center&quot; span=&quot;1&quot;/&gt;&lt;col align=&quot;center&quot; span=&quot;1&quot;/&gt;&lt;thead&gt;&lt;tr&gt;&lt;th align=&quot;center&quot; rowspan=&quot;1&quot; colspan=&quot;1&quot;/&gt;&lt;th align=&quot;center&quot; rowspan=&quot;1&quot; colspan=&quot;1&quot;&gt;Overall&lt;/th&gt;&lt;th align=&quot;center&quot; rowspan=&quot;1&quot; colspan=&quot;1&quot;&gt;Rural&lt;/th&gt;&lt;th align=&quot;center&quot; rowspan=&quot;1&quot; colspan=&quot;1&quot;&gt;Urban&lt;/th&gt;&lt;/tr&gt;&lt;tr style=&quot;border-bottom:solid 1px #000000&quot;&gt;&lt;th align=&quot;center&quot; rowspan=&quot;1&quot; colspan=&quot;1&quot;&gt;County variables&lt;/th&gt;&lt;th align=&quot;center&quot; rowspan=&quot;1&quot; colspan=&quot;1&quot;&gt;Adjusted rate change (95% CrI)&lt;/th&gt;&lt;th align=&quot;center&quot; rowspan=&quot;1&quot; colspan=&quot;1&quot;&gt;Adjusted rate change (95% CrI)&lt;/th&gt;&lt;th align=&quot;center&quot; rowspan=&quot;1&quot; colspan=&quot;1&quot;&gt;Adjusted rate change (95% CrI)&lt;/th&gt;&lt;/tr&gt;&lt;/thead&gt;&lt;tbody&gt;&lt;tr&gt;&lt;td align=&quot;center&quot; rowspan=&quot;1&quot; colspan=&quot;1&quot;&gt;Rural&lt;/td&gt;&lt;td align=&quot;center&quot; rowspan=&quot;1&quot; colspan=&quot;1&quot;&gt;0.78 (0.77, 0.80)&lt;/td&gt;&lt;td align=&quot;center&quot; rowspan=&quot;1&quot; colspan=&quot;1&quot;&gt;–&lt;/td&gt;&lt;td align=&quot;center&quot; rowspan=&quot;1&quot; colspan=&quot;1&quot;&gt;–&lt;/td&gt;&lt;/tr&gt;&lt;tr&gt;&lt;td align=&quot;center&quot; rowspan=&quot;1&quot; colspan=&quot;1&quot;&gt;Percent of age 25‐49 years&lt;/td&gt;&lt;td align=&quot;center&quot; rowspan=&quot;1&quot; colspan=&quot;1&quot;&gt;1.82 (1.66, 1.97)&lt;/td&gt;&lt;td align=&quot;center&quot; rowspan=&quot;1&quot; colspan=&quot;1&quot;&gt;2.39 (2.14, 2.64)&lt;/td&gt;&lt;td align=&quot;center&quot; rowspan=&quot;1&quot; colspan=&quot;1&quot;&gt;0.39 (0.13, 0.66)&lt;/td&gt;&lt;/tr&gt;&lt;tr&gt;&lt;td align=&quot;center&quot; rowspan=&quot;1&quot; colspan=&quot;1&quot;&gt;Percent of black&lt;/td&gt;&lt;td align=&quot;center&quot; rowspan=&quot;1&quot; colspan=&quot;1&quot;&gt;0.57 (0.51, 0.63)&lt;/td&gt;&lt;td align=&quot;center&quot; rowspan=&quot;1&quot; colspan=&quot;1&quot;&gt;0.67 (0.59, 0.75)&lt;/td&gt;&lt;td align=&quot;center&quot; rowspan=&quot;1&quot; colspan=&quot;1&quot;&gt;0.51 (0.41, 0.61)&lt;/td&gt;&lt;/tr&gt;&lt;tr&gt;&lt;td align=&quot;center&quot; rowspan=&quot;1&quot; colspan=&quot;1&quot;&gt;Percent of smokers&lt;/td&gt;&lt;td align=&quot;center&quot; rowspan=&quot;1&quot; colspan=&quot;1&quot;&gt;0.59 (0.40, 0.79)&lt;/td&gt;&lt;td align=&quot;center&quot; rowspan=&quot;1&quot; colspan=&quot;1&quot;&gt;0.46 (0.24, 0.67)&lt;/td&gt;&lt;td align=&quot;center&quot; rowspan=&quot;1&quot; colspan=&quot;1&quot;&gt;0.51 (0.23, 0.79)&lt;/td&gt;&lt;/tr&gt;&lt;tr&gt;&lt;td align=&quot;center&quot; rowspan=&quot;1&quot; colspan=&quot;1&quot;&gt;Percent with diabetes&lt;/td&gt;&lt;td align=&quot;center&quot; rowspan=&quot;1&quot; colspan=&quot;1&quot;&gt;−2.65 (−2.98, −2.31)&lt;/td&gt;&lt;td align=&quot;center&quot; rowspan=&quot;1&quot; colspan=&quot;1&quot;&gt;–1.94 (–2.47, –1.42)&lt;/td&gt;&lt;td align=&quot;center&quot; rowspan=&quot;1&quot; colspan=&quot;1&quot;&gt;–4.13 (–4.63, –3.63)&lt;/td&gt;&lt;/tr&gt;&lt;tr&gt;&lt;td align=&quot;center&quot; rowspan=&quot;1&quot; colspan=&quot;1&quot;&gt;Percent with obesity&lt;/td&gt;&lt;td align=&quot;center&quot; rowspan=&quot;1&quot; colspan=&quot;1&quot;&gt;0.24 (0.08, 0.39)&lt;/td&gt;&lt;td align=&quot;center&quot; rowspan=&quot;1&quot; colspan=&quot;1&quot;&gt;0.16 (–0.09, 0.41)&lt;/td&gt;&lt;td align=&quot;center&quot; rowspan=&quot;1&quot; colspan=&quot;1&quot;&gt;0.34 (0.03, 0.65)&lt;/td&gt;&lt;/tr&gt;&lt;/tbody&gt;&lt;/table&gt;
</infon><offset>15712</offset><text>	Overall	Rural	Urban	 	County variables	Adjusted rate change (95% CrI)	Adjusted rate change (95% CrI)	Adjusted rate change (95% CrI)	 	Rural	0.78 (0.77, 0.80)	–	–	 	Percent of age 25‐49 years	1.82 (1.66, 1.97)	2.39 (2.14, 2.64)	0.39 (0.13, 0.66)	 	Percent of black	0.57 (0.51, 0.63)	0.67 (0.59, 0.75)	0.51 (0.41, 0.61)	 	Percent of smokers	0.59 (0.40, 0.79)	0.46 (0.24, 0.67)	0.51 (0.23, 0.79)	 	Percent with diabetes	−2.65 (−2.98, −2.31)	–1.94 (–2.47, –1.42)	–4.13 (–4.63, –3.63)	 	Percent with obesity	0.24 (0.08, 0.39)	0.16 (–0.09, 0.41)	0.34 (0.03, 0.65)	 	</text></passage><passage><infon key="file">jrh12486-tbl-0003.xml</infon><infon key="id">jrh12486-tbl-0003</infon><infon key="section_type">TABLE</infon><infon key="type">table_footnote</infon><offset>16300</offset><text>Note: The adjusted model was controlled for all variables included in the table simultaneously. Rural variable is binary and if its interval includes 1, we concluded evidence of no influence. For the remaining continuous independent variables, the inclusion of 0 indicates evidence of no influence.</text></passage><passage><infon key="section_type">RESULTS</infon><infon key="type">paragraph</infon><offset>16599</offset><text>Figure 3 shows the estimated COVID‐19 prevalence rates for 5 selected days during the 20‐day study period. In the beginning, on April 3, 2020, the prevalence rates were spatially smooth. By April 22, the COVID‐19 infection had spread to most northeast and southern states, and several hotspots were noted in large metropolitan as well as small rural counties such as Apache, Navajo, and Coconino in Arizona (Figure 4).</text></passage><passage><infon key="file">JRH-36-591-g003.jpg</infon><infon key="id">jrh12486-fig-0003</infon><infon key="section_type">FIG</infon><infon key="type">fig_caption</infon><offset>17026</offset><text>Estimated COVID‐19 (Denoised) Prevalence per 100,000 Population From the Fitted Spatiotemporal Model: April 3 to April 22, 2020.</text></passage><passage><infon key="file">JRH-36-591-g002.jpg</infon><infon key="id">jrh12486-fig-0004</infon><infon key="section_type">FIG</infon><infon key="type">fig_caption</infon><offset>17157</offset><text>Hotspots of COVID‐19 Estimated (Denoised) Prevalence: April 3 to April 22, 2020.</text></passage><passage><infon key="section_type">RESULTS</infon><infon key="type">paragraph</infon><offset>17240</offset><text>Lastly, we mapped counties showing a significant increasing, decreasing, or stable pattern of daily percentage change of prevalence rates over 14 days (Figure 5). There were 580 counties, mostly in the southern and southeastern states, that showed significantly decreasing percent change. However, a cluster of 5 counties in Nevada (Churchill, Elko, Eureka, Lander, and Perishing), 2 counties in Arizona (Gila and Yavapai), and 1 county in Kanasas (Wallace) showed significant (at 5% level of significance) increasing percentage change over a 14‐day period. For most of the counties, the percentage change in the COVID‐19 prevalence was stable as of April 22, 2020.</text></passage><passage><infon key="file">JRH-36-591-g001.jpg</infon><infon key="id">jrh12486-fig-0005</infon><infon key="section_type">FIG</infon><infon key="type">fig_caption</infon><offset>17911</offset><text>Significant Increase or Decrease of Percentage Change in Prevalence Over a 14‐Day Period.</text></passage><passage><infon key="section_type">DISCUSS</infon><infon key="type">title_1</infon><offset>18003</offset><text>Discussion</text></passage><passage><infon key="section_type">DISCUSS</infon><infon key="type">paragraph</infon><offset>18014</offset><text>This study demonstrates the spatiotemporal association of demographic, smoking, and chronic diseases with COVID‐19 prevalence at a granular level in rural and urban counties. Urban counties, on average, had a substantially higher prevalence of COVID‐19. The increasing county‐level population of blacks, those aged 25‐49 years, smokers, and obese were associated with increased rural COVID‐19 prevalence rates.</text></passage><passage><infon key="section_type">DISCUSS</infon><infon key="type">paragraph</infon><offset>18435</offset><text>COVID‐19 infection spread rapidly from March 15 to April 22, affecting 98% of urban counties and 84% of rural counties in the United States. Earlier studies have reported substantially higher prevalence rates in urban counties as compared to rural counties. Our results are in line with findings from other authors, but additionally identified hotspots of COVID‐19 infection in rural counties as well.</text></passage><passage><infon key="section_type">DISCUSS</infon><infon key="type">paragraph</infon><offset>18841</offset><text>In this study, the prevalence of COVID‐19 was higher among blacks in both urban and rural counties. Earlier studies have reported the increased prevalence of COVID‐19 infections among black and minority populations. The higher infection rates among blacks is likely indicative of disparities in access to health care, health inequities, and underlying preexisting health conditions. Blacks are also more likely to work in “essential” jobs where the infection risk is higher. </text></passage><passage><infon key="section_type">DISCUSS</infon><infon key="type">paragraph</infon><offset>19325</offset><text>In this study, adults aged 25‐49 years had a substantially higher prevalence of COVID‐19 in rural counties (t statistics: 18.9) as compared to urban (t statistic: 2.8), adjusted for covariates. The Centers for Disease Control and Prevention analyzed data from February 12 to March 16, 2020, and reported that of 4,226 cases, 29% were adults ages 22‐44. While the mortality rates from COVID‐19 infection are higher in older adults (ages 65 and older), the infection rates are higher among younger and middle‐aged adults. Our results show that the prevalence of COVID‐19 rate change was 6 times more among young to middle‐aged adults in rural counties as compared to urban counties. We are not aware of any other reports that have examined the data by urban‐rural status.</text></passage><passage><infon key="section_type">DISCUSS</infon><infon key="type">paragraph</infon><offset>20111</offset><text>Smoking is a major risk factor for cardiorespiratory diseases, including COPD. In the United States, the prevalence of smoking is about 14%; the prevalence among adults aged 25‐44 is 16.5%. Recently, some studies presented the “nicotine” hypothesis that nicotine in smoking is protective against the COVID‐19 infection and hospitalization. Our results were different. Smoking was associated with an increased prevalence of COVID‐19 in both urban and rural counties.</text></passage><passage><infon key="section_type">DISCUSS</infon><infon key="type">paragraph</infon><offset>20587</offset><text>In this study, we found a positive association of obesity with COVID‐19 infection and a negative association with diabetes. About 40% of the US population is obese whereas the prevalence of diabetes is about 11%. Obesity increases the risk of outpatient visits from respiratory infections and hospitalization due to influenza virus. Similarly, diabetes increases the risk of lung infections, hospitalization, and death. However, there are conflicting reports about diabetes being an independent risk factor for infection‐related mortality. Recently, several studies have reported a higher prevalence of COVID‐19 among patients with diabetes. We observed a negative relationship between COVID‐19 prevalence rates and diabetes that persisted despite adjusting for covariates. The negative association of diabetes in our study is likely due to the lower prevalence of diabetes in young and middle‐aged adults (25‐49 years) compared to older adults (65 years and above). </text></passage><passage><infon key="section_type">DISCUSS</infon><infon key="type">paragraph</infon><offset>21567</offset><text>The interpretation of counties with a significant decrease in percentage change of COVID‐19 prevalence rates requires some caution. A considerable percentage change decrease does not mean that those counties with such results are ready for phased openings. A sustained decline in prevalence rates (Figure 3) supported by evidence of a significant percentage decrease (Figure 5) should inform the decision on phased openings. These maps are, no doubt, powerful tools in aiding such decisions.</text></passage><passage><infon key="section_type">DISCUSS</infon><infon key="type">paragraph</infon><offset>22063</offset><text>A relatively large volume of COVID‐19‐focused research has been dedicated to predicting when the epidemics will peak. Noteworthy was the Institute for Health Metrics and Evaluation (IHME) prediction model that provided state‐level estimates for the next 4 months using a nonlinear mixed‐effects model with an incorporated parametrized Gaussian structure for cumulative error rates. Unlike the IHME, our focus was a short‐term county‐level analysis on a daily scale. With COVID‐19 infection pattern subject to dynamics of human interaction, our short‐term approach is appropriate to capture the rapidly evolving county‐level and county‐specific situations.</text></passage><passage><infon key="section_type">DISCUSS</infon><infon key="type">paragraph</infon><offset>22739</offset><text>We used a space‐time Bayesian hierarchical model (BHM) approach using the reduced rank predictive process models. These models are apt for semicontinuous data to which COVID‐19 incidence counts belong. Also, the models successfully addressed the spatial and temporal autocorrelations that arose from the spread of the disease. Our modeling approach denoised the crowdsourced data that have considerable reporting errors, making our estimated prevalence more reliable than the raw data.</text></passage><passage><infon key="section_type">DISCUSS</infon><infon key="type">paragraph</infon><offset>23229</offset><text>This study has its limitations. It is an ecological study, and causal relationships cannot be established. It is important to note that our analyses are based on confirmed cases of COVID‐19, a measure that is strongly dependent on the testing rate by county. Also, coverage error is a concern as the reported confirmed cases of COVID‐19 at state and county levels might be grossly underreported. We denoised the crowdsourced data, but data reporting and processing errors cannot be completely eliminated. Other than diabetes and obesity, data on other chronic diseases at the county level are unavailable with substantial coverage.</text></passage><passage><infon key="section_type">DISCUSS</infon><infon key="type">paragraph</infon><offset>23865</offset><text>Our study is strengthened by the county‐level prevalence and hotspots analysis that can guide legislation and policy relating to COVID‐19 emergency preparedness, rural health infrastructure, and county‐specific economy‐reopening decisions. Also, various health departments can use our estimated prevalence for channelizing resources. The fast computation for large databases that uses the reduced rank predictive process models used in this study makes sequentially updating our estimates achievable as additional data emerge. This efficient modeling technique will produce real‐time results. Our flexible modeling approach will enable the testing of several other hypotheses and control variables that we did not measure in this study.</text></passage><passage><infon key="section_type">CONCL</infon><infon key="type">title_1</infon><offset>24612</offset><text>Conclusion</text></passage><passage><infon key="section_type">CONCL</infon><infon key="type">paragraph</infon><offset>24623</offset><text>With crowdsourced data requiring data cleaning, validation, and smoothing, we applied the appropriate level of rigor in cleaning the data and validation. Our space‐time model played an essential role in the data smoothing, which filtered out the noise for more accurate inference. Our findings showed how COVID‐19 spread from urban to rural areas in 21 days. With a limited facility of ICU beds and ventilators, it would be challenging for the rural health care system to cope with the influx. Our findings show geographic disparities in COVID‐19 prevalence and how smoking, race, obesity, and age explain, to some extent, that disparity. In the future, as additional quality data on social distancing measures become available, we will be able to assess how such measures impact change in prevalence rates.</text></passage><passage><infon key="section_type">REF</infon><infon key="type">title</infon><offset>25437</offset><text>References</text></passage><passage><infon key="section_type">REF</infon><infon key="type">ref</infon><offset>25448</offset><text>World Health Organization. Coronavirus disease 2019 (COVID‐19) situation report—97. 2020; https://www.who.int/docs/default-source/coronaviruse/situation-reports/20200426-sitrep-97-covid-19.pdf? Accessed May 7, 2020.</text></passage><passage><infon key="fpage">343</infon><infon key="issue">12</infon><infon key="lpage">346</infon><infon key="pub-id_pmid">32214079</infon><infon key="section_type">REF</infon><infon key="source">MMWR Morb Mortal Wkly Rep</infon><infon key="type">ref</infon><infon key="volume">69</infon><infon key="year">2020</infon><offset>25668</offset><text>Severe outcomes among patients with coronavirus disease 2019 (COVID‐19)—United States, February 12‐March 16, 2020</text></passage><passage><infon key="section_type">REF</infon><infon key="type">ref</infon><offset>25788</offset><text>Centers for Disease Control and Prevention. Cases of Coronavirus Disease (COVID‐19) in the U.S. 2020; https://www.cdc.gov/coronavirus/2019-ncov/cases-updates/cases-in-us.html. Accessed April 26, 2020.</text></passage><passage><infon key="fpage">638</infon><infon key="issue">6491</infon><infon key="lpage">642</infon><infon key="pub-id_pmid">32234804</infon><infon key="section_type">REF</infon><infon key="source">Science</infon><infon key="type">ref</infon><infon key="volume">368</infon><infon key="year">2020</infon><offset>25991</offset><text>An investigation of transmission control measures during the first 50 days of the COVID‐19 epidemic in China</text></passage><passage><infon key="section_type">REF</infon><infon key="type">ref</infon><offset>26102</offset><text>Centers for Disease Control and Prevention. About Rural Health. 2017; https://www.cdc.gov/ruralhealth/about.html. Accessed April 3, 2020, 2020.</text></passage><passage><infon key="fpage">403</infon><infon key="issue">3</infon><infon key="lpage">411</infon><infon key="pub-id_pmid">28118039</infon><infon key="section_type">REF</infon><infon key="source">Ann Am Thorac Soc</infon><infon key="type">ref</infon><infon key="volume">14</infon><infon key="year">2017</infon><offset>26246</offset><text>Residence in rural areas of the United States and lung cancer mortality. Disease incidence, treatment disparities, and stage‐specific survival</text></passage><passage><infon key="fpage">1</infon><infon key="issue">1</infon><infon key="lpage">8</infon><infon key="section_type">REF</infon><infon key="source">MMWR Surveill Summ</infon><infon key="type">ref</infon><infon key="volume">66</infon><infon key="year">2017</infon><offset>26391</offset><text>Leading causes of death in nonmetropolitan and metropolitan areas—United States, 1999–2014</text></passage><passage><infon key="section_type">REF</infon><infon key="type">ref</infon><offset>26486</offset><text>  . Coronavirus was slow to spread to Rural America. Not anymore; https://www.nytimes.com/interactive/2020/04/08/us/coronavirus-rural-america-cases.html. Accessed April 10, 2020.</text></passage><passage><infon key="section_type">REF</infon><infon key="type">ref</infon><offset>26665</offset><text>Coronavirus was slow to spread to rural America. Not anymore</text></passage><passage><infon key="section_type">REF</infon><infon key="type">ref</infon><offset>26726</offset><text>  . CDC offers COVID‐19 guidance to rural communities. 2020; https://www.aappublications.org/news/2020/03/23/coronavirus032320. Accessed April 4, 2020.</text></passage><passage><infon key="pub-id_doi">10.1101/2020.04.05.20054700</infon><infon key="section_type">REF</infon><infon key="type">ref</infon><infon key="year">2020</infon><offset>26880</offset><text>Mapping the burden of COVID‐19 in the United States</text></passage><passage><infon key="fpage">418</infon><infon key="issue">5</infon><infon key="lpage">419</infon><infon key="section_type">REF</infon><infon key="source">Appl Stochast Models Bus Indus</infon><infon key="type">ref</infon><infon key="volume">28</infon><infon key="year">2012</infon><offset>26934</offset><text>Hierarchical Bayesian auto‐regressive models for large space time data with applications to ozone concentration modelling by Sujit Kumar Sahu and Khandoker Shuvo Bakar: rejoinder</text></passage><passage><infon key="section_type">REF</infon><infon key="source">Statistics for Spatiotemporal Data</infon><infon key="type">ref</infon><infon key="year">2015</infon><offset>27115</offset></passage><passage><infon key="section_type">REF</infon><infon key="source">Statistics for Spatial Data</infon><infon key="type">ref</infon><infon key="year">1991</infon><offset>27116</offset></passage><passage><infon key="section_type">REF</infon><infon key="type">ref</infon><offset>27117</offset><text>United States Census Bureau. 2018 FIPS Codes. 2019; https://www.census.gov/geographies/reference-files/2018/demo/popest/2018-fips.html. Accessed April 11, 2020.</text></passage><passage><infon key="section_type">REF</infon><infon key="type">ref</infon><offset>27278</offset><text>  . Novel Coronavirus (COVID‐19) Cases, provided by JHU CSSE. 2020; https://systems.jhu.edu/research/public-health/ncov/. Accessed May 8, 2020.</text></passage><passage><infon key="section_type">REF</infon><infon key="type">ref</infon><offset>27424</offset><text>WHO Director‐General's opening remarks at the media briefing on COVID‐19. 24 February 2020; https://www.who.int/dg/speeches/detail/who-director-general-s-opening-remarks-at-the-media-briefing-on-covid-19%201424-february-2020. Accessed May 7, 2020.</text></passage><passage><infon key="section_type">REF</infon><infon key="type">ref</infon><offset>27676</offset><text>United States Census Bureau. 2018 American Community Survey Summary File Data. 2018; https://www.census.gov/programs-surveys/acs. Accessed May 7, 2020.</text></passage><passage><infon key="section_type">REF</infon><infon key="type">ref</infon><offset>27828</offset><text>University of Wisconsin Population Health Institute. 2020 County Health Rankings State Reports. County Health Ranking and Road Maps. 2020; https://www.countyhealthrankings.org/. Accessed April 11, 2020.</text></passage><passage><infon key="section_type">REF</infon><infon key="type">ref</infon><offset>28031</offset><text>Economic Research Services. Rural‐Urban Commuting Area Codes. 2019; https://www.ers.usda.gov/data-products/rural-urban-commuting-area-codes. Accessed April 11, 2020.</text></passage><passage><infon key="fpage">3</infon><infon key="issue">1</infon><infon key="lpage">33</infon><infon key="section_type">REF</infon><infon key="source">Journal of the Royal Statistical Society: Series B (Statistical Methodology)</infon><infon key="type">ref</infon><infon key="volume">77</infon><infon key="year">2015</infon><offset>28199</offset><text>Stochastic partial differential equation based modelling of large spacetime data sets</text></passage><passage><infon key="section_type">REF</infon><infon key="type">ref</infon><infon key="year">2015</infon><offset>28285</offset></passage><passage><infon key="section_type">REF</infon><infon key="source">Monte Carlo Statistical Methods</infon><infon key="type">ref</infon><infon key="year">2013</infon><offset>28286</offset></passage><passage><infon key="section_type">REF</infon><infon key="type">ref</infon><infon key="year">2019</infon><offset>28287</offset></passage><passage><infon key="section_type">REF</infon><infon key="type">ref</infon><infon key="year">2019</infon><offset>28288</offset></passage><passage><infon key="fpage">1</infon><infon key="issue">15</infon><infon key="lpage">32</infon><infon key="section_type">REF</infon><infon key="source">J Stat Softw</infon><infon key="type">ref</infon><infon key="volume">63</infon><infon key="year">2015</infon><offset>28289</offset><text>spTimer: spatiotemporal Bayesian modelling using R</text></passage><passage><infon key="fpage">1452</infon><infon key="issue">4</infon><infon key="lpage">1477</infon><infon key="section_type">REF</infon><infon key="source">Ann Appl Stat</infon><infon key="type">ref</infon><infon key="volume">6</infon><infon key="year">2012</infon><offset>28340</offset><text>A dynamic nonstationary spatiotemporal model for short term prediction of precipitation</text></passage><passage><infon key="section_type">REF</infon><infon key="type">ref</infon><infon key="year">2020</infon><offset>28428</offset><text>Version 10.8. Redlands, CA: Environmental Systems Research Institute</text></passage><passage><infon key="fpage">127</infon><infon key="lpage">145</infon><infon key="section_type">REF</infon><infon key="source">Perspectives on Spatial Data Analysis</infon><infon key="type">ref</infon><infon key="year">2010</infon><offset>28497</offset></passage><passage><infon key="fpage">465</infon><infon key="issue">15</infon><infon key="lpage">471</infon><infon key="pub-id_pmid">32298250</infon><infon key="section_type">REF</infon><infon key="source">MMWR Morb Mortal Wkly Rep</infon><infon key="type">ref</infon><infon key="volume">69</infon><infon key="year">2020</infon><offset>28498</offset><text>Geographic differences in COVID‐19 cases, deaths, and incidence—United States</text></passage><passage><infon key="section_type">REF</infon><infon key="type">ref</infon><infon key="year">2020</infon><offset>28580</offset></passage><passage><infon key="pub-id_doi">10.1111/jrh.12460</infon><infon key="section_type">REF</infon><infon key="source">J Rural Health</infon><infon key="type">ref</infon><infon key="year">2020</infon><offset>28581</offset><text>The COVID‐19 pandemic illuminates persistent and emerging disparities among rural black populations</text></passage><passage><infon key="pub-id_doi">10.1111/jrh.12459</infon><infon key="section_type">REF</infon><infon key="source">J Rural Health</infon><infon key="type">ref</infon><infon key="year">2020</infon><offset>28683</offset><text>Being African American and rural: a double jeopardy from Covid‐19</text></passage><passage><infon key="section_type">REF</infon><infon key="type">ref</infon><infon key="year">2020</infon><offset>28751</offset></passage><passage><infon key="section_type">REF</infon><infon key="type">ref</infon><infon key="year">2020</infon><offset>28752</offset></passage><passage><infon key="section_type">REF</infon><infon key="type">ref</infon><offset>28753</offset><text>Black Demographics. African American employment. The African American Population 2020; https://blackdemographics.com/economics/employment/. Accessed May 7, 2020.</text></passage><passage><infon key="section_type">REF</infon><infon key="type">ref</infon><offset>28915</offset><text>Center for Disease Control and Prevention. Current cigarette smoking among adults in the United States. Smoking &amp; Tobacco Use. 2019; https://www.cdc.gov/tobacco/data_statistics/fact_sheets/adult_data/cig_smoking/index.htm. Accessed May 7, 2020.</text></passage><passage><infon key="fpage">658</infon><infon key="lpage">663</infon><infon key="pub-id_pmid">32355638</infon><infon key="section_type">REF</infon><infon key="source">Toxicol Rep</infon><infon key="type">ref</infon><infon key="volume">7</infon><infon key="year">2020</infon><offset>29160</offset><text>Editorial: nicotine and SARS‐CoV‐2: COVID‐19 may be a disease of the nicotinic cholinergic system</text></passage><passage><infon key="section_type">REF</infon><infon key="type">ref</infon><offset>29264</offset><text> , , , . Prevalence of obesity and severe obesity among adults: United States, 2017–2018. NCHS Data Brief. 2017 Oct;(288):1‐8.</text></passage><passage><infon key="section_type">REF</infon><infon key="type">ref</infon><offset>29395</offset><text>Centers for Disease Control and Prevention. Estimates of diabetes and its burden in the United States. National Diabetes Statistics Report. 2020. https://www.cdc.gov/diabetes/pdfs/data/statistics/national-diabetes-statistics-report.pdf. Accessed May 7, 2020.</text></passage><passage><infon key="fpage">3</infon><infon key="issue">1</infon><infon key="lpage">9</infon><infon key="pub-id_pmid">30515985</infon><infon key="section_type">REF</infon><infon key="source">Influenza Other Respir Viruses</infon><infon key="type">ref</infon><infon key="volume">13</infon><infon key="year">2019</infon><offset>29654</offset><text>Underweight, overweight, and obesity as independent risk factors for hospitalization in adults and children from influenza and other respiratory viruses</text></passage><passage><infon key="fpage">113</infon><infon key="issue">1</infon><infon key="lpage">119</infon><infon key="pub-id_pmid">23670219</infon><infon key="section_type">REF</infon><infon key="source">Int J Obes (Lond)</infon><infon key="type">ref</infon><infon key="volume">38</infon><infon key="year">2014</infon><offset>29807</offset><text>The association between obesity and outpatient visits for acute respiratory infections in Ontario, Canada</text></passage><passage><infon key="fpage">401</infon><infon key="issue">5</infon><infon key="lpage">408</infon><infon key="section_type">REF</infon><infon key="source">Pneumonol i Alerg Polska</infon><infon key="type">ref</infon><infon key="volume">83</infon><infon key="year">2015</infon><offset>29913</offset><text>The etiology of lower respiratory tract infections in people with diabetes</text></passage><passage><infon key="fpage">539</infon><infon key="issue">2</infon><infon key="lpage">545</infon><infon key="pub-id_pmid">19851093</infon><infon key="section_type">REF</infon><infon key="source">Crit Care Med</infon><infon key="type">ref</infon><infon key="volume">38</infon><infon key="year">2010</infon><offset>29988</offset><text>Diabetes does not alter mortality or hemostatic and inflammatory responses in patients with severe sepsis</text></passage><passage><infon key="elocation-id">e3319</infon><infon key="pub-id_doi">10.1002/dmrr.3319</infon><infon key="section_type">REF</infon><infon key="source">Diab/Metab Res Rev</infon><infon key="type">ref</infon><infon key="year">2020</infon><offset>30094</offset><text>Diabetes is a risk factor for the progression and prognosis of COVID‐19</text></passage><passage><infon key="section_type">REF</infon><infon key="type">ref</infon><infon key="year">2020</infon><offset>30168</offset></passage><passage><infon key="fpage">347</infon><infon key="issue">4</infon><infon key="lpage">348</infon><infon key="section_type">REF</infon><infon key="source">J Diab</infon><infon key="type">ref</infon><infon key="volume">12</infon><infon key="year">2020</infon><offset>30169</offset><text>Diabetes and COVID‐19</text></passage><passage><infon key="elocation-id">108142</infon><infon key="section_type">REF</infon><infon key="source">Diab Res Clin Pract</infon><infon key="type">ref</infon><infon key="volume">162</infon><infon key="year">2020</infon><offset>30193</offset><text>COVID‐19 and diabetes: knowledge in progress</text></passage><passage><infon key="fpage">E736</infon><infon key="issue">5</infon><infon key="lpage">e741</infon><infon key="pub-id_pmid">32228322</infon><infon key="section_type">REF</infon><infon key="source">Am J Physiol Endocrinol Metab</infon><infon key="type">ref</infon><infon key="volume">318</infon><infon key="year">2020</infon><offset>30240</offset><text>COVID‐19 pandemic, coronaviruses, and diabetes mellitus</text></passage><passage><infon key="fpage">2549</infon><infon key="issue">12</infon><infon key="lpage">2551</infon><infon key="pub-id_pmid">24092493</infon><infon key="section_type">REF</infon><infon key="source">Diabetologia</infon><infon key="type">ref</infon><infon key="volume">56</infon><infon key="year">2013</infon><offset>30298</offset><text>Age‐related differences in glycaemic control in diabetes</text></passage><passage><infon key="pub-id_doi">10.13140/RG.2.2.15489.40807</infon><infon key="section_type">REF</infon><infon key="type">ref</infon><infon key="year">2020</infon><offset>30357</offset></passage><passage><infon key="pub-id_doi">10.1101/2020.02.16.20023465</infon><infon key="section_type">REF</infon><infon key="type">ref</infon><infon key="year">2020</infon><offset>30358</offset><text>Epidemic analysis of COVID‐19 in China by dynamical modeling</text></passage><passage><infon key="section_type">REF</infon><infon key="type">ref</infon><infon key="year">2020</infon><offset>30421</offset></passage><passage><infon key="section_type">REF</infon><infon key="source">MedRxiv</infon><infon key="type">ref</infon><infon key="year">2020</infon><offset>30422</offset><text>Forecasting COVID‐19 impact on hospital bed‐days, ICU‐days, ventilator‐days and deaths by US state in the next 4 months</text></passage><passage><infon key="fpage">265</infon><infon key="issue">2</infon><infon key="lpage">282</infon><infon key="section_type">REF</infon><infon key="source">J Comput Graph Stat</infon><infon key="type">ref</infon><infon key="volume">13</infon><infon key="year">2004</infon><offset>30550</offset><text>Flexible spatial models for kriging and cokriging using moving averages and the Fast Fourier Transform (FFT)</text></passage><passage><infon key="fpage">825</infon><infon key="issue">4</infon><infon key="lpage">848</infon><infon key="section_type">REF</infon><infon key="source">J R Stat Soc: Ser B (Stat Meth)</infon><infon key="type">ref</infon><infon key="volume">70</infon><infon key="year">2008</infon><offset>30659</offset><text>Gaussian predictive process models for large spatial data sets</text></passage><passage><infon key="fpage">116</infon><infon key="lpage">118</infon><infon key="pub-id_pmid">32320809</infon><infon key="section_type">REF</infon><infon key="source">Int J Infect Dis</infon><infon key="type">ref</infon><infon key="volume">94</infon><infon key="year">2020</infon><offset>30722</offset><text>Changes in testing rates could mask the novel coronavirus disease (COVID‐19) growth rate</text></passage></document></collection>
