<?xml version="1.0" encoding="UTF-8"?>
<!DOCTYPE collection SYSTEM "BioC.dtd">
<collection><source>PMC</source><date>20201218</date><key>pmc.key</key><document><id>7325146</id><infon key="license">CC BY</infon><passage><infon key="article-id_doi">10.1186/s12879-020-05188-z</infon><infon key="article-id_pmc">7325146</infon><infon key="article-id_pmid">32600260</infon><infon key="article-id_publisher-id">5188</infon><infon key="elocation-id">455</infon><infon key="kwd">Syphilis HIV Screening Self-test MSM</infon><infon key="license">Open AccessThis article is licensed under a Creative Commons Attribution 4.0 International License, which permits use, sharing, adaptation, distribution and reproduction in any medium or format, as long as you give appropriate credit to the original author(s) and the source, provide a link to the Creative Commons licence, and indicate if changes were made. The images or other third party material in this article are included in the article's Creative Commons licence, unless indicated otherwise in a credit line to the material. If material is not included in the article's Creative Commons licence and your intended use is not permitted by statutory regulation or exceeds the permitted use, you will need to obtain permission directly from the copyright holder. To view a copy of this licence, visit http://creativecommons.org/licenses/by/4.0/. The Creative Commons Public Domain Dedication waiver (http://creativecommons.org/publicdomain/zero/1.0/) applies to the data made available in this article, unless otherwise stated in a credit line to the data.</infon><infon key="name_0">surname:Cheng;given-names:Weibin</infon><infon key="name_1">surname:Wang;given-names:Cheng</infon><infon key="name_10">surname:Zheng;given-names:Heping</infon><infon key="name_11">surname:Yang;given-names:Bin</infon><infon key="name_12">surname:Tucker;given-names:Joseph D.</infon><infon key="name_13">surname:Nie;given-names:Juan</infon><infon key="name_2">surname:Tang;given-names:Weiming</infon><infon key="name_3">surname:Ong;given-names:Jason J.</infon><infon key="name_4">surname:Fu;given-names:Hongyun</infon><infon key="name_5">surname:Marks;given-names:Michael</infon><infon key="name_6">surname:Smith;given-names:M. Kumi</infon><infon key="name_7">surname:Li;given-names:Changchang</infon><infon key="name_8">surname:Nie;given-names:Juan</infon><infon key="name_9">surname:Zhao;given-names:Peizhen</infon><infon key="section_type">TITLE</infon><infon key="title">Keywords</infon><infon key="type">front</infon><infon key="volume">20</infon><infon key="year">2020</infon><offset>0</offset><text>Promoting routine syphilis screening among men who have sex with men in China: study protocol for a randomised controlled trial of syphilis self-testing and lottery incentive</text></passage><passage><infon key="section_type">ABSTRACT</infon><infon key="type">abstract_title_1</infon><offset>175</offset><text>Background</text></passage><passage><infon key="section_type">ABSTRACT</infon><infon key="type">abstract</infon><offset>186</offset><text>Men who have sex with men (MSM) bear a high burden of syphilis infection. Expanding syphilis testing to improve timely diagnosis and treatment is critical to improve syphilis control. However, syphilis testing rates remain low among MSM, particularly in low- and middle-income countries. We describe the protocol for a randomised controlled trial (RCT) to assess whether provision of syphilis self-testing services can increase the uptake of syphilis testing among MSM in China.</text></passage><passage><infon key="section_type">ABSTRACT</infon><infon key="type">abstract_title_1</infon><offset>665</offset><text>Methods</text></passage><passage><infon key="section_type">ABSTRACT</infon><infon key="type">abstract</infon><offset>673</offset><text>Four hundred forty-four high-risk MSM will be recruited online and randomized in a 1:1:1 ratio to (1) standard syphilis self-testing arm; (2) a self-testing arm program enhanced with crowdsourcing and a lottery-based incentive, and (3) a standard of care (control). Self-testing services include a free syphilis self-test kit through the mail at monthly intervals. Participants in the lottery incentive arm will additionally receive health promotion materials generated from an open crowdsourcing contest and be given a lottery draw with a 10% chance to win 100 RMB (approximately 15 US Dollars) upon confirmed completion of syphilis testing. Syphilis self-test kits have step-by-step instructions and an instructional video. This is a non-blinded, open-label, parallel RCT. Participants in each arm will be followed-up at three and 6 months through WeChat (a social media app like Facebook messenger). Confirmation of syphilis self-test use will be determined by requiring participants to submit a photo of the used test kit to study staff via secure data messaging. Both self-testing and facility-based testing will be ascertained by sending a secure photographic image of the completed kit through an existing digital platform. The primary outcome is the proportion of participants who tested for syphilis in the past 3 months.</text></passage><passage><infon key="section_type">ABSTRACT</infon><infon key="type">abstract_title_1</infon><offset>2004</offset><text>Discussion</text></passage><passage><infon key="section_type">ABSTRACT</infon><infon key="type">abstract</infon><offset>2015</offset><text>Findings from this study will provide much needed insight on the impact of syphilis self-testing on promoting routine syphilis screening among MSM. The findings will also contribute to our understanding of the safety, effectiveness and acceptability of syphilis self-testing. These findings will have important implications for self-testing policy, both in China and internationally.</text></passage><passage><infon key="section_type">ABSTRACT</infon><infon key="type">abstract_title_1</infon><offset>2399</offset><text>Trial registration</text></passage><passage><infon key="section_type">ABSTRACT</infon><infon key="type">abstract</infon><offset>2418</offset><text>ChiCTR1900022409 (10 April, 2019).</text></passage><passage><infon key="section_type">INTRO</infon><infon key="type">title_1</infon><offset>2453</offset><text>Background</text></passage><passage><infon key="section_type">INTRO</infon><infon key="type">paragraph</infon><offset>2464</offset><text>Men who have sex with men (MSM) are disproportionately affected by syphilis worldwide. The WHO estimates the prevalence of syphilis among MSM is 5% or more in at least 42 countries (15 countries in Asia including China with a prevalence of 5.1%), 10% or more in 20 countries (6 countries in Central America and 5 countries in South America) and more than 20% in eight countries including 3 Pacific Island countries and 2 South American countries. Expanding access to syphilis testing so that individuals receive a timely diagnosis and treatment, plays a key role in the control of syphilis transmission. Evidence shows that for men who are HIV positive and/or MSM, screening every 3 months (compared with screening every six or 12 months) is associated with increased detection rates at various stages of syphilis infection. Increases in syphilis screening frequency are associated with increased detection of early asymptomatic syphilis with relative falls in secondary syphilis for both HIV-positive and HIV-negative MSM in Australia, suggesting a possible interruption of syphilis progression.</text></passage><passage><infon key="section_type">INTRO</infon><infon key="type">paragraph</infon><offset>3561</offset><text>However, given the cost of the tests, anticipated stigma, and the infrastructure requirements, syphilis testing rates are generally low, especially in resource-limited settings. Previous research shows that only 30% of Chinese MSM have ever tested for syphilis. Whilst traditional testing for syphilis is health facility-based, recent advances in testing techniques, including dried blood spots, point-of-care testing, and self-testing, have enabled decentralized testing strategies. Among these innovations, self-testing offers a great potential to expand syphilis testing among hard-to-reach populations due to its convenience, confidentiality, and relatively high sensitivity and specificity. Evidence from HIV self-testing studies have demonstrated its effectiveness in increasing HIV testing frequency among MSM in a variety of settings. In view of this, WHO subsequently released guidelines recommending HIV self-testing.</text></passage><passage><infon key="section_type">INTRO</infon><infon key="type">paragraph</infon><offset>4489</offset><text>Though not yet approved by the China Food and Drug Administration, syphilis self-test kits are currently available for purchase in China, mainly through online retailers (https://www.stdrapidtestkits.com/). In 2018, we conducted a nationwide Internet survey to explore the prevalence of and correlates of syphilis self-testing uptake among MSM in China. Results showed that half of MSM who ever tested for syphilis had ever used a self-test. Self-testing potentially reached MSM who would not otherwise have attended health facilities for testing. Several studies in literature have explored the use of syphilis self-testing among MSM, few studies have examined the effectiveness of intervention strategies which found that Internet-based strategy, such as using Facebook or smartphone applications, could be an effective way to promote syphilis self-testing uptake. Further evidence to inform the design of interventions by using self-testing to promote routine syphilis screening and linkages to care and treatment among MSM is needed.</text></passage><passage><infon key="section_type">INTRO</infon><infon key="type">paragraph</infon><offset>5527</offset><text>Economic incentives (cash or in-kind rewards) to promote healthy behaviors are becoming increasingly common and have been suggested as an effective approach to promote healthy behaviors. We found Chinese MSM who had higher risk attitudes and who reported riskier sexual behaviours indicated greater interest in taking a syphilis testing for the opportunity to participate in a lottery draw. Thus, lottery incentive may be useful in promoting syphilis screening among high risk MSM. However, the mode of the lottery and the amount of incentives are unknown. Crowdsourcing organizes a group of non-experts and experts to solve a problem, which presents a promising strategy in creating effective intervention for the target populations. This approach has demonstrated effectiveness in increasing HIV testing by 43% among MSM and spurred community engagement. Thus, to enhance the syphilis self-testing with lottery incentive by using crowdsourcing may be a promising way for service delivery.</text></passage><passage><infon key="section_type">INTRO</infon><infon key="type">paragraph</infon><offset>6518</offset><text>The purpose of this protocol manuscript is to describe a randomized controlled trial that will determine the effectiveness of two syphilis self-testing strategies compared to conventional facility-based syphilis testing.</text></passage><passage><infon key="section_type">METHODS</infon><infon key="type">title_1</infon><offset>6739</offset><text>Methods/design</text></passage><passage><infon key="section_type">METHODS</infon><infon key="type">title_2</infon><offset>6754</offset><text>Study objectives</text></passage><passage><infon key="section_type">METHODS</infon><infon key="type">paragraph</infon><offset>6771</offset><text>This randomized controlled trial (RCT) is designed to determine whether provision of syphilis self-testing increases the frequency of syphilis testing among MSM in China. In addition, this study also aims to explore whether integration of a crowdsourced lottery incentive can further enhance the promotion of syphilis testing and linkage to care, after testing positive, among MSM in China.</text></passage><passage><infon key="section_type">METHODS</infon><infon key="type">title_2</infon><offset>7162</offset><text>Study design</text></passage><passage><infon key="file">12879_2020_5188_Fig1_HTML.jpg</infon><infon key="id">Fig1</infon><infon key="section_type">FIG</infon><infon key="type">fig_caption</infon><offset>7175</offset><text>Scheme of study design</text></passage><passage><infon key="section_type">METHODS</infon><infon key="type">paragraph</infon><offset>7198</offset><text>This is a non-blinded, open-label, parallel RCT with individuals randomized in a 1:1:1 ratio to three study arms: control arm (standard of care); standard syphilis self-testing arm; and lottery incentivized syphilis self-testing arm. Control arm participants will receive information on self-referral pathways for free facility-based syphilis testing. Both self-testing arms will be offered to access syphilis self-test kits for free at monthly intervals. Participants in each arm will be followed-up for 6 months (Fig. 1). The study hypothesis had been tested in a pilot study, completed in October 2019, which examined the feasibility of implementing the self-testing and crowdsourced lottery incentivized syphilis self-testing model among 145 Chinese MSM. The pilot study showed that both standard self-testing arm (0.74) and lottery incentivized arm (0.70) increased the frequency of syphilis testing more than the control arm (0.36). Preliminary data from this pilot study was used to inform this definitive trial design. Preliminary results are available on the Supplement materials. The definitive trial, outlined in the current trial protocol, has begun in December 2019, and is expected to be completed in July 2020. </text></passage><passage><infon key="section_type">METHODS</infon><infon key="type">title_2</infon><offset>8426</offset><text>Study setting and population</text></passage><passage><infon key="section_type">METHODS</infon><infon key="type">paragraph</infon><offset>8455</offset><text>Participants will be recruited from a large MSM-oriented mobile social app - Blued (Danlan, Beijing, China). Blued is China’s most popular social networking mobile application among MSM. By February 2018, Blued had 40 million registered users globally, with 70% in Mainland China (https://www.blued.com/en/).</text></passage><passage><infon key="section_type">METHODS</infon><infon key="type">paragraph</infon><offset>8766</offset><text>Participants are eligible if they: are born biologically male; aged 18 years or above; had unprotected anal sex with other men in the past 12 months; reported not testing for syphilis in the last 6 months; not currently living with syphilis; plan to live in China for the next 6 months; and have a stable residence where they can securely receive a postal package. Participants are excluded if they: are participating in another research programme that is related to HIV/STIs or cannot provide consent.</text></passage><passage><infon key="section_type">METHODS</infon><infon key="type">title_2</infon><offset>9271</offset><text>Arms and interventions</text></passage><passage><infon key="section_type">METHODS</infon><infon key="type">paragraph</infon><offset>9294</offset><text>Control arm: Participants in the control arm will be provided information about local STD services and encouraged to uptake free syphilis testing at their local STD or HIV voluntary testing and counseling (HTC) clinics. HTC clinics in China provide both HIV and syphilis testing free of charge. Participants will be encouraged to screen for syphilis every 3 months. Reminder will be sent by SMS or WeChat (a social media app like Twitter and Facebook, commonly used in China) three monthly (enrollment, three-month, and six-month) during 6 months study period.</text></passage><passage><infon key="section_type">METHODS</infon><infon key="type">paragraph</infon><offset>9855</offset><text>Standard self-testing arm: In addition to being prompted to uptake syphilis testing at local facilities, participants in this arm will be provided with access to syphilis self-testing along with the reminders. Participants may request order of syphilis self-testing packages through WeChat with the package being sent to participants by postal mail (express delivery). The provision of syphilis self-testing service will last for 6 months. Participants order self-testing package online with maximum one self-testing package per month.</text></passage><passage><infon key="section_type">METHODS</infon><infon key="type">paragraph</infon><offset>10391</offset><text>Lottery incentivized self-testing arm: In this arm, the participant will be provided with both control arm and standard syphilis self-testing arm interventions. In addition, participants who confirm that they have tested for syphilis during the trial period either through self-testing or facility-testing will be given a lottery draw. The lottery draw will provide a 10% chance of winning 100 RMB (equal to 15 US Dollars). The procedure, value and probability of the lottery scheme was determined by a previous open crowdsourcing contest. We solicited 14 lottery schemes via an open crowdsourcing contest. The winning entries were then used to develop the aforementioned lottery incentivizes to be used in the current study.</text></passage><passage><infon key="file">Tab1.xml</infon><infon key="id">Tab1</infon><infon key="section_type">TABLE</infon><infon key="type">table_caption</infon><offset>11117</offset><text>Arms and interventions information</text></passage><passage><infon key="file">Tab1.xml</infon><infon key="id">Tab1</infon><infon key="section_type">TABLE</infon><infon key="type">table</infon><infon key="xml">&lt;?xml version=&quot;1.0&quot; encoding=&quot;UTF-8&quot;?&gt;
&lt;table frame=&quot;hsides&quot; rules=&quot;groups&quot;&gt;&lt;thead&gt;&lt;tr&gt;&lt;th&gt;Arms&lt;/th&gt;&lt;th&gt;Intervention description&lt;/th&gt;&lt;th&gt;Intervention delivery&lt;/th&gt;&lt;/tr&gt;&lt;/thead&gt;&lt;tbody&gt;&lt;tr&gt;&lt;td&gt;&lt;bold&gt;Control arm&lt;/bold&gt;&lt;/td&gt;&lt;td&gt;1. &lt;bold&gt;Test prompts&lt;/bold&gt;: information about risk of syphilis infection and local free syphilis test services.&lt;/td&gt;&lt;td&gt;&lt;p&gt;• Text messages will be sent at enrollment, three-month visit, and six-month visit via WeChat.&lt;/p&gt;&lt;p&gt;• Voluntary report testing result to the platform.&lt;/p&gt;&lt;/td&gt;&lt;/tr&gt;&lt;tr&gt;&lt;td&gt;&lt;bold&gt;Standard self-testing arm&lt;/bold&gt;&lt;/td&gt;&lt;td&gt;&lt;p&gt;1. &lt;bold&gt;Test prompts&lt;/bold&gt;: information about risk of syphilis infection and local free syphilis test services.&lt;/p&gt;&lt;p&gt;2. &lt;bold&gt;Self-testing&lt;/bold&gt;: free home delivery of self-testing package.&lt;/p&gt;&lt;/td&gt;&lt;td&gt;&lt;p&gt;• Text messages will be sent at enrollment, three-month visit, and six-month visit via WeChat.&lt;/p&gt;&lt;p&gt;• Provision of syphilis self-testing service: self-testing package can be ordered online and sent to participant through postal mail. Maximum one self-testing package per month.&lt;/p&gt;&lt;p&gt;• Voluntary report self-test result to the platform.&lt;/p&gt;&lt;/td&gt;&lt;/tr&gt;&lt;tr&gt;&lt;td&gt;&lt;bold&gt;Lottery incentivized self-testing arm&lt;/bold&gt;&lt;/td&gt;&lt;td&gt;&lt;p&gt;1. &lt;bold&gt;Test prompts&lt;/bold&gt;: information about risk of syphilis infection and local free syphilis test services.&lt;/p&gt;&lt;p&gt;2. &lt;bold&gt;Self-testing&lt;/bold&gt;: free home delivery of self-testing package.&lt;/p&gt;&lt;p&gt;3. &lt;bold&gt;Lottery incentive&lt;/bold&gt;: lottery draw with 10% chance to win 100 RMB for participants have confirmed uptake of syphilis testing.&lt;/p&gt;&lt;/td&gt;&lt;td&gt;&lt;p&gt;• Text messages will be sent at enrollment, three-month visit, and six-month visit via WeChat.&lt;/p&gt;&lt;p&gt;• Provision of syphilis self-testing service: self-testing package can be ordered online and sent to participant through postal mail. Maximum one self-testing package per month.&lt;/p&gt;&lt;p&gt;• Voluntary report self-test result to the platform.&lt;/p&gt;&lt;p&gt;• Lottery draw will be given to participants who get syphilis tested and upload photo verification to the platform.&lt;/p&gt;&lt;/td&gt;&lt;/tr&gt;&lt;/tbody&gt;&lt;/table&gt;
</infon><offset>11152</offset><text>Arms	Intervention description	Intervention delivery	 	Control arm	1. Test prompts: information about risk of syphilis infection and local free syphilis test services.	• Text messages will be sent at enrollment, three-month visit, and six-month visit via WeChat.• Voluntary report testing result to the platform.	 	Standard self-testing arm	1. Test prompts: information about risk of syphilis infection and local free syphilis test services.2. Self-testing: free home delivery of self-testing package.	• Text messages will be sent at enrollment, three-month visit, and six-month visit via WeChat.• Provision of syphilis self-testing service: self-testing package can be ordered online and sent to participant through postal mail. Maximum one self-testing package per month.• Voluntary report self-test result to the platform.	 	Lottery incentivized self-testing arm	1. Test prompts: information about risk of syphilis infection and local free syphilis test services.2. Self-testing: free home delivery of self-testing package.3. Lottery incentive: lottery draw with 10% chance to win 100 RMB for participants have confirmed uptake of syphilis testing.	• Text messages will be sent at enrollment, three-month visit, and six-month visit via WeChat.• Provision of syphilis self-testing service: self-testing package can be ordered online and sent to participant through postal mail. Maximum one self-testing package per month.• Voluntary report self-test result to the platform.• Lottery draw will be given to participants who get syphilis tested and upload photo verification to the platform.	 	</text></passage><passage><infon key="section_type">METHODS</infon><infon key="type">paragraph</infon><offset>12763</offset><text>Arms and interventions are summarized in Table 1. </text></passage><passage><infon key="section_type">METHODS</infon><infon key="type">title_3</infon><offset>12815</offset><text>Syphilis self-testing kit</text></passage><passage><infon key="section_type">METHODS</infon><infon key="type">paragraph</infon><offset>12841</offset><text>The HIV self-testing practice in China, using rapid test kits for self-testing, has shown good acceptability, feasibility, and safety. In this trial, we will use the syphilis and HIV combo rapid test kit (SD BIOLINE Syphilis/HIV Duo). The SD BIOLINE Syphilis/HIV Duo test is a solid phase immunochromatographic assay for the qualitative detection of antibodies to all isotypes (IgG, IgM, and IgA) specific to HIV-1/2 and/or Treponema pallidum (TP) simultaneously in human serum, plasma, or whole blood. The sensitivity and specificity for syphilis is 99.67 and 99.72% respectively. Our pilot trial results showed that the overall satisfaction with the use of syphilis self-testing was 100%. The syphilis self-testing package will be equipped with the manufacturer-supplied step-by-step instructions and a web-link (Source link: https://www.alere.com/en/home/support/product-demos/sd-bioline-hiv-syphilis-duo.html) to an instructional video.</text></passage><passage><infon key="section_type">METHODS</infon><infon key="type">title_2</infon><offset>13782</offset><text>Outcomes measures</text></passage><passage><infon key="section_type">METHODS</infon><infon key="type">paragraph</infon><offset>13800</offset><text>The primary outcome is the proportion of participants who tested for syphilis in the past 3 months. Syphilis tests may be either at a clinic or via self-test. This will be verified in all participants using photo-verification. We will additionally look at the incremental benefit of the lottery incentive efficacy in promoting syphilis, number of newly identified syphilis infections, the linkage to syphilis clinical care after self-testing, the proportion of HIV and other STIs (chlamydia, gonorrhea) tests among the participants who use self-testing and cost-effectiveness of syphilis self-testing in promoting uptake of syphilis testing among Chinese MSM.</text></passage><passage><infon key="section_type">METHODS</infon><infon key="type">title_2</infon><offset>14460</offset><text>Study procedures</text></passage><passage><infon key="section_type">METHODS</infon><infon key="type">title_3</infon><offset>14477</offset><text>Recruitment</text></passage><passage><infon key="section_type">METHODS</infon><infon key="type">paragraph</infon><offset>14489</offset><text>A banner link will be posted on the Blued’s portal website and startup screen. Recruitment announcements of the study will also be sent via other social media portals (WeChat; Weibo, a microblogging platform; and QQ, a messaging platform).</text></passage><passage><infon key="section_type">METHODS</infon><infon key="type">title_3</infon><offset>14731</offset><text>Randomisation and allocation</text></passage><passage><infon key="section_type">METHODS</infon><infon key="type">paragraph</infon><offset>14760</offset><text>We will use block randomization with a block size of 12. Computer-generated randomisation codes will be produced and kept by a biostatistician who is not involved in participant enrollment.</text></passage><passage><infon key="section_type">METHODS</infon><infon key="type">paragraph</infon><offset>14950</offset><text>Participant enrollment will be carried out online by a research assistant. Interested participants give consent and complete eligibility screening. Eligible participants then complete a baseline survey. Participants who complete the baseline survey are directed to contact the research assistant who is responsible for allocating the participants into one of the three intervention arms based on the randomization code. Participants will be provided with 20 RMB (equal to 3 US Dollars) for their time to complete the baseline survey.</text></passage><passage><infon key="section_type">METHODS</infon><infon key="type">title_3</infon><offset>15484</offset><text>Blinding</text></passage><passage><infon key="section_type">METHODS</infon><infon key="type">paragraph</infon><offset>15493</offset><text>As it would not be possible to blind participants to their study arms, this is a single blinded study. Investigators and staff assessing the outcomes will be blinded to participants’ group assignments.</text></passage><passage><infon key="section_type">METHODS</infon><infon key="type">title_3</infon><offset>15697</offset><text>Follow-up support</text></passage><passage><infon key="section_type">METHODS</infon><infon key="type">paragraph</infon><offset>15715</offset><text>A research assistant will be responsible for participants’ retention management and care support through WeChat and telephone (office hours: Monday to Friday from 8:00 am to 5:30 pm). Care support includes pre-test counselling, instruction of use of self-test kit, interpretation of results, advice for reactive test results, and other related emergency events. A log of each enquiry will be recorded.</text></passage><passage><infon key="section_type">METHODS</infon><infon key="type">title_3</infon><offset>16123</offset><text>Follow-up on reactive self-tests</text></passage><passage><infon key="section_type">METHODS</infon><infon key="type">paragraph</infon><offset>16156</offset><text>Participants are advised to inform the research assistant if they have any reactive self-test results. Any participant with a reactive self-test result will be referred to undergo confirmatory laboratory testing and clinical examination at the designated clinics/ hospitals. The laboratory confirmation and management of participants with syphilis will be based on the standard protocols at the respective clinic. If the participants are diagnosed with syphilis, we will undertake further follow-up to obtain treatment information.</text></passage><passage><infon key="section_type">METHODS</infon><infon key="type">title_3</infon><offset>16688</offset><text>Data collection</text></passage><passage><infon key="section_type">METHODS</infon><infon key="type">title_4</infon><offset>16704</offset><text>Syphilis testing record and results</text></passage><passage><infon key="section_type">METHODS</infon><infon key="type">paragraph</infon><offset>16740</offset><text>Confirmed syphilis self-testing will be determined by photo verification of the used test kit. Facility-based syphilis testing and result will be determined by photo verification of the test report. Participants in all three arms who upload photo verification will get 5 RMB (approximately equal to 0.7 US dollars).</text></passage><passage><infon key="section_type">METHODS</infon><infon key="type">title_2</infon><offset>17056</offset><text>Surveys</text></passage><passage><infon key="section_type">METHODS</infon><infon key="type">title_3</infon><offset>17064</offset><text>Baseline</text></passage><passage><infon key="section_type">METHODS</infon><infon key="type">paragraph</infon><offset>17073</offset><text>All participants complete a self-administered survey on an online survey platform (Wen Juan Xing, https://www.wjx.cn) at enrolment. The baseline survey includes questions on socio-demographic characteristics, sexual behaviors, past HIV/syphilis testing and treatment, and attitude towards syphilis self-testing.</text></passage><passage><infon key="section_type">METHODS</infon><infon key="type">title_3</infon><offset>17385</offset><text>Follow-up surveys</text></passage><passage><infon key="section_type">METHODS</infon><infon key="type">paragraph</infon><offset>17403</offset><text>Participants in the three arms of the study will complete a brief online survey at three-monthly intervals. The follow up surveys collects information on the number, time, location, reasons for, and results of syphilis tests (including self-tests) and other STI tests at clinics and community sites, and sexual risk behaviors in the past 3 months. Participants in the two self-testing arms are also asked about the number of self-test kits they used to test their sexual partner(s) or if they gave any kits to someone else to test. At the last follow-up, participants will be asked to get STD (HIV, syphilis, chlamydia, and gonorrhea) screening test in their nearby clinic. The testing fee will be redeemed by an upload of the test results. Participants will be provided with 30 RMB (equal to 4 US Dollars) for their time to complete each follow-up survey.</text></passage><passage><infon key="section_type">METHODS</infon><infon key="type">title_2</infon><offset>18260</offset><text>Statistical methods</text></passage><passage><infon key="section_type">METHODS</infon><infon key="type">title_3</infon><offset>18280</offset><text>Sample size</text></passage><passage><infon key="section_type">METHODS</infon><infon key="type">paragraph</infon><offset>18292</offset><text>According to our initial pilot study (Supplementary material), the proportion of individuals who undertook a syphilis test was 0.36 (95% confidence interval: 0.22–0.52) at the one-month follow-up in the control arm. This increased to 0.74 (95% confidence interval: 0.61–0.81) in the self-testing arm. On this basis, for the primary outcome with 80% statistical power and type I error probability of 0.05, we conservatively estimate a sample size of 29 per arm (including 20% loss to follow up) for this study. According to our previous experience on using the crowdsourced HIV self-testing intervention in increasing HIV testing among MSM (the proportion was 0.85), we estimate a sample size of 148 for each arm to achieve 80% power to detect a difference between the crowdsourced lottery incentivized self-testing arm and standard syphilis self-testing arm. Finally, a total of 444 (148 per arm) will be enrolled in this trial.</text></passage><passage><infon key="section_type">METHODS</infon><infon key="type">title_3</infon><offset>19225</offset><text>Analysis plan</text></passage><passage><infon key="section_type">METHODS</infon><infon key="type">paragraph</infon><offset>19239</offset><text>Data will be retrieved from the online survey platform. De-identified datasets and codebook will be stored for statistical analysis. The syphilis testing frequency in each arm (control, standard self-testing, and lottery incentivized self-testing) will be assessed using an intention-to-treat analysis during the follow-up period (3 and 6 months, respectively), excluding confirmatory tests after a reactive self-test.</text></passage><passage><infon key="section_type">METHODS</infon><infon key="type">paragraph</infon><offset>19658</offset><text>The effects of the intervention will be measured by comparing the differences in proportions of men who take syphilis testing during two rounds of follow up by using Chi-square test at bivariate level and logistic regression in a multivariable model. We will use the chi-square test to compare differences in the proportion of linkage to syphilis clinical care, have HIV and other STI (chlamydia, gonorrhea) testing performed, and have condomless sex events with different partners within 6 months of randomization across three groups and use post-host test to check the significance of differences between each of the two groups.</text></passage><passage><infon key="section_type">METHODS</infon><infon key="type">paragraph</infon><offset>20289</offset><text>We will estimate the total and incremental unit costs for each arm. All costs will be identified as start-up costs, fixed costs and variable costs. Start-up costs are incurred during the process of creating this study (e.g. survey platform coordination). Fixed costs are costs that do not change with an increase or decrease in the number of people served during the trial period (e.g.administration, office equipment). Variable costs are expenses that vary with the number of participants served (e.g. recruitment, supplies, postage fee). We will first calculate the total cost for each group, then divided these costs by the number of men tested and the number of newly identified syphilis cases detected in each study arm to obtain the incremental unit costs. In addition, we will build a decision tree model using a healthcare provider perspective to estimate the incremental cost-effectiveness ratios (ICER) for per additional person tested and case identified for each intervention will be calculated. Univariate, multivariate and probabilistic sensitivity analyses will be conducted to test the robustness of our results.</text></passage><passage><infon key="section_type">METHODS</infon><infon key="type">title_3</infon><offset>21418</offset><text>Missing data plan</text></passage><passage><infon key="section_type">METHODS</infon><infon key="type">paragraph</infon><offset>21436</offset><text>We anticipate the loss to follow-up will be less than 20% for the first 3 months. If outcome measures are missing less than 11% of participants, then the primary analysis will use a complete-case approach. If the outcome measures are missing for 11 to &lt; 20% of participants, then a sensitivity analysis using multiple imputation will be used to compute the missing outcome of the three arms.</text></passage><passage><infon key="section_type">METHODS</infon><infon key="type">title_3</infon><offset>21830</offset><text>Ethical considerations</text></passage><passage><infon key="section_type">METHODS</infon><infon key="type">paragraph</infon><offset>21853</offset><text>IRB approval was obtained from the Dermatology Hospital of Southern Medical University (GDDHLS-20181206). All participants will be provided an online consent form prior to study initiation. This online informed consent describes what personal data will be collected, and explains that data will be used for research purposes only. Contact information will be provided for participants for further enquiry. Participants will be required to ‘click-to-consent’ and verified through mobile telephone as agreement to proceed with the study.</text></passage><passage><infon key="section_type">METHODS</infon><infon key="type">title_3</infon><offset>22393</offset><text>Trial registration</text></passage><passage><infon key="section_type">METHODS</infon><infon key="type">paragraph</infon><offset>22412</offset><text>The study has been registered with the Chinese Clinical Trial Registry (trial ID ChiCTR1900022409).</text></passage><passage><infon key="section_type">DISCUSS</infon><infon key="type">title_1</infon><offset>22512</offset><text>Discussion</text></passage><passage><infon key="section_type">DISCUSS</infon><infon key="type">paragraph</infon><offset>22523</offset><text>In this study, we will test three syphilis testing models (standard of care, syphilis self-testing, and crowdsourced lottery incentivized self-testing) in a parallel randomized controlled trial. With the successful experience of HIV self-testing, we hypothesize that syphilis self-testing could increase syphilis test uptake by overcoming the structural barriers that are innate within traditional facility testing services. Findings from this study will contribute to the scarce data on the impact of syphilis self-testing on promoting routine syphilis screening among MSM. The findings will also contribute to our understanding of the safety, effectiveness and acceptability of syphilis self-testing. These findings will have important implications for self-testing policy, both in China and internationally.</text></passage><passage><infon key="section_type">DISCUSS</infon><infon key="type">paragraph</infon><offset>23334</offset><text>Several implementation challenges that have emerged from HIV self-testing practice have limited its public health impact. Many are concerned that self-testing does not sufficiently connect users with critical post-testing services, such as confirmatory testing and management of those who test positive and that these limitations may result in delayed linkage to care. For syphilis self-testing, this problem could be more salient. The majority of syphilis rapid diagnostic tests detect treponemal specific antibodies. Though this has high sensitivity, it cannot distinguish past from current infections. A solution to encourage those whose self-test is reactive to undertake laboratory confirmation at the local clinic therefore needs to be developed. We have therefore introduced a new model of crowdsourced lottery incentivized syphilis self-testing, which integrates a behavioral economics tool of conditional monetary incentives enhanced by a crowdsourced approach, with the aim of enhancing syphilis testing uptake and linkage to care. However, the lottery prize amount, and how frequently incentives should be offered varies by populations and countries. We adopted a crowdsourcing method by organizing an opening contest from the target community to inform design an optimized financial incentive model in helping delivery of syphilis testing service (include self-testing) and linkage to care. This is a major innovation of this study and, if successful, it will provide insights to inform design of optimal self-testing model by using crowdsourcing method and tools of behavioral economics.</text></passage><passage><infon key="section_type">DISCUSS</infon><infon key="type">paragraph</infon><offset>24935</offset><text>The major challenge of this study is to retrieve validated testing proof to verify self-testing results. Our previous study reported that 47% of men submitted proof of syphilis self-testing with 20 RMB (about 3 US dollar) cash incentive. This was a cross sectional survey, and people are not always able to find the required proof, especially for those who tested a long time ago. Furthermore, we cannot guarantee that submitted photographic proofs truly belongs to the patient. We previously found that more than 30% of men would submit a proof of testing even if no incentive was offered in an HIV self-testing study. To increase the retrieval rate, we will provide a small cash incentive (5 RMB) to reimburse their submission of self-testing results or other testing proof materials. To link self-test kits with the user, we will code each self-testing package and direct them to take a photo of the used strip with the background of the package, which has been successfully tested in our pilot trial.</text></passage><passage><infon key="section_type">DISCUSS</infon><infon key="type">paragraph</infon><offset>25940</offset><text>Another potential limitation of this study is the possibility of contamination between arms. We cannot prevent participants from the control arm to purchase syphilis self-testing kits for use through online e-market which we have been previously found in some MSM in China. To mitigate this, we will record the participants’ testing method in each group and if necessary adjust for this in the data analysis. The six-month duration of follow-up also limits the ability of the study to assess the long-term effect of the intervention on syphilis incidence.</text></passage><passage><infon key="section_type">DISCUSS</infon><infon key="type">paragraph</infon><offset>26498</offset><text>Findings from this proposed study will be used to inform the design of a new syphilis self-testing model, which will be implemented alongside the traditional facility-based testing service to increase syphilis screening among MSM in China. We anticipate that the model will increase early syphilis diagnosis and enhance syphilis continuum of care and treatment for MSM, and ultimately reduce the spread of syphilis and HIV transmission among MSM and other individuals within their sexual networks in China.</text></passage><passage><infon key="section_type">SUPPL</infon><infon key="type">title_1</infon><offset>27005</offset><text>Supplementary information</text></passage><passage><infon key="section_type">ABBR</infon><infon key="type">title</infon><offset>27031</offset><text>Abbreviations</text></passage><passage><infon key="section_type">ABBR</infon><infon key="type">paragraph</infon><offset>27045</offset><text>MSM</text></passage><passage><infon key="section_type">ABBR</infon><infon key="type">paragraph</infon><offset>27049</offset><text>Men who have sex with men</text></passage><passage><infon key="section_type">ABBR</infon><infon key="type">paragraph</infon><offset>27075</offset><text>HIV</text></passage><passage><infon key="section_type">ABBR</infon><infon key="type">paragraph</infon><offset>27079</offset><text>Human immunodeficiency virus</text></passage><passage><infon key="section_type">ABBR</infon><infon key="type">paragraph</infon><offset>27108</offset><text>LMICs</text></passage><passage><infon key="section_type">ABBR</infon><infon key="type">paragraph</infon><offset>27114</offset><text>Low- and middle-income countries</text></passage><passage><infon key="section_type">ABBR</infon><infon key="type">paragraph</infon><offset>27147</offset><text>WHO</text></passage><passage><infon key="section_type">ABBR</infon><infon key="type">paragraph</infon><offset>27151</offset><text>World health organization</text></passage><passage><infon key="section_type">ABBR</infon><infon key="type">paragraph</infon><offset>27177</offset><text>RCT</text></passage><passage><infon key="section_type">ABBR</infon><infon key="type">paragraph</infon><offset>27181</offset><text>Randomized controlled trial</text></passage><passage><infon key="section_type">ABBR</infon><infon key="type">paragraph</infon><offset>27209</offset><text>STIs</text></passage><passage><infon key="section_type">ABBR</infon><infon key="type">paragraph</infon><offset>27214</offset><text>Sexual transmitted infections</text></passage><passage><infon key="section_type">ABBR</infon><infon key="type">paragraph</infon><offset>27244</offset><text>STD</text></passage><passage><infon key="section_type">ABBR</infon><infon key="type">paragraph</infon><offset>27248</offset><text>Sexual transmitted disease</text></passage><passage><infon key="section_type">ABBR</infon><infon key="type">paragraph</infon><offset>27275</offset><text>HTC</text></passage><passage><infon key="section_type">ABBR</infon><infon key="type">paragraph</infon><offset>27279</offset><text>HIV voluntary testing and counseling</text></passage><passage><infon key="section_type">ABBR</infon><infon key="type">paragraph</infon><offset>27316</offset><text>SMS</text></passage><passage><infon key="section_type">ABBR</infon><infon key="type">paragraph</infon><offset>27320</offset><text>Short Message Service</text></passage><passage><infon key="section_type">ABBR</infon><infon key="type">paragraph</infon><offset>27342</offset><text>TP</text></passage><passage><infon key="section_type">ABBR</infon><infon key="type">paragraph</infon><offset>27345</offset><text>Treponema pallidum</text></passage><passage><infon key="section_type">ABBR</infon><infon key="type">paragraph</infon><offset>27364</offset><text>SD</text></passage><passage><infon key="section_type">ABBR</infon><infon key="type">paragraph</infon><offset>27367</offset><text>Standard deviation</text></passage><passage><infon key="section_type">ABBR</infon><infon key="type">footnote</infon><offset>27386</offset><text>Publisher’s Note</text></passage><passage><infon key="section_type">ABBR</infon><infon key="type">footnote</infon><offset>27405</offset><text>Springer Nature remains neutral with regard to jurisdictional claims in published maps and institutional affiliations.</text></passage><passage><infon key="section_type">ABBR</infon><infon key="type">footnote</infon><offset>27524</offset><text>Weibin Cheng and Cheng Wang contributed equally to this work.</text></passage><passage><infon key="section_type">SUPPL</infon><infon key="type">title_1</infon><offset>27586</offset><text>Supplementary information</text></passage><passage><infon key="section_type">SUPPL</infon><infon key="type">paragraph</infon><offset>27612</offset><text>Supplementary information accompanies this paper at 10.1186/s12879-020-05188-z.</text></passage><passage><infon key="section_type">AUTH_CONT</infon><infon key="type">title</infon><offset>27692</offset><text>Authors’ contributions</text></passage><passage><infon key="section_type">AUTH_CONT</infon><infon key="type">paragraph</infon><offset>27717</offset><text>WC, CW, and TJ conceived the study. WC drafted the protocol. WC and CW revised the protocol according to comments from reviewers. TW, OJ, FH, MM, and SK advised on trial design. LC and NJ advised on the recruitment and data collection. ZP provided statistical advice. ZH and BY provided funding. All authors read and approved the final manuscript.</text></passage><passage><infon key="section_type">ACK_FUND</infon><infon key="type">title</infon><offset>28065</offset><text>Funding</text></passage><passage><infon key="section_type">ACK_FUND</infon><infon key="type">paragraph</infon><offset>28073</offset><text>This trial is funded by Guangdong Medical Research Foundation (A2019524). The funder has no role in study design and the decision to submit the protocol for publication.</text></passage><passage><infon key="section_type">METHODS</infon><infon key="type">title</infon><offset>28243</offset><text>Availability of data and materials</text></passage><passage><infon key="section_type">METHODS</infon><infon key="type">paragraph</infon><offset>28278</offset><text>Data sharing is not applicable to this article as no datasets were generated or analysed during the current study. The final trial dataset will be stored in Dermatology Hospital of Southern Medical University and kept by the principal investigator. Data enquiry will be available from the principal investigator.</text></passage><passage><infon key="section_type">METHODS</infon><infon key="type">title</infon><offset>28591</offset><text>Ethics approval and consent to participate</text></passage><passage><infon key="section_type">METHODS</infon><infon key="type">paragraph</infon><offset>28634</offset><text>IRB approval was obtained from the Dermatology Hospital of Southern Medical University (GDDHLS-20181206). All participants will be provided an online consent form immediately prior to study initiation. Participants will be required to ‘click-to-consent’ and verified through mobile telephone as agreement to proceed with the study. Personal contact information about enrolled participants will be destroyed after the trial.</text></passage><passage><infon key="section_type">METHODS</infon><infon key="type">title</infon><offset>29062</offset><text>Consent for publication</text></passage><passage><infon key="section_type">METHODS</infon><infon key="type">paragraph</infon><offset>29086</offset><text>Not applicable.</text></passage><passage><infon key="section_type">COMP_INT</infon><infon key="type">title</infon><offset>29102</offset><text>Competing interests</text></passage><passage><infon key="section_type">COMP_INT</infon><infon key="type">paragraph</infon><offset>29122</offset><text>The authors declare that they have no competing interests.</text></passage><passage><infon key="section_type">REF</infon><infon key="type">title</infon><offset>29181</offset><text>References</text></passage><passage><infon key="section_type">REF</infon><infon key="source">Men who have sex with men and syphilis</infon><infon key="type">ref</infon><infon key="year">2018</infon><offset>29192</offset></passage><passage><infon key="fpage">452</infon><infon key="issue">6</infon><infon key="lpage">457</infon><infon key="name_0">surname:Tucker;given-names:JD</infon><infon key="name_1">surname:Hawkes;given-names:SJ</infon><infon key="name_2">surname:Yin;given-names:YP</infon><infon key="name_3">surname:Peeling;given-names:RW</infon><infon key="name_4">surname:Cohen;given-names:MS</infon><infon key="name_5">surname:Chen;given-names:XS</infon><infon key="pub-id_doi">10.2471/BLT.09.070326</infon><infon key="pub-id_pmid">20539859</infon><infon key="section_type">REF</infon><infon key="source">Bull World Health Organ</infon><infon key="type">ref</infon><infon key="volume">88</infon><infon key="year">2010</infon><offset>29193</offset><text>Scaling up syphilis testing in China: implementation beyond the clinic</text></passage><passage><infon key="fpage">2328</infon><infon key="issue">21</infon><infon key="lpage">2337</infon><infon key="name_0">surname:Cantor;given-names:AG</infon><infon key="name_1">surname:Pappas;given-names:M</infon><infon key="name_2">surname:Daeges;given-names:M</infon><infon key="name_3">surname:Nelson;given-names:HD</infon><infon key="pub-id_doi">10.1001/jama.2016.4114</infon><infon key="pub-id_pmid">27272584</infon><infon key="section_type">REF</infon><infon key="source">JAMA</infon><infon key="type">ref</infon><infon key="volume">315</infon><infon key="year">2016</infon><offset>29264</offset><text>Screening for syphilis: updated evidence report and systematic review for the US preventive services task force</text></passage><passage><infon key="fpage">211</infon><infon key="issue">2</infon><infon key="lpage">216</infon><infon key="name_0">surname:Bissessor;given-names:M</infon><infon key="name_1">surname:Fairley;given-names:CK</infon><infon key="name_2">surname:Leslie;given-names:D</infon><infon key="name_3">surname:Howley;given-names:K</infon><infon key="name_4">surname:Chen;given-names:MY</infon><infon key="pub-id_doi">10.1097/QAI.0b013e3181e583bf</infon><infon key="pub-id_pmid">20585261</infon><infon key="section_type">REF</infon><infon key="source">J Acquir Immune Defic Syndr</infon><infon key="type">ref</infon><infon key="volume">55</infon><infon key="year">2010</infon><offset>29376</offset><text>Frequent screening for syphilis as part of HIV monitoring increases the detection of early asymptomatic syphilis among HIV-positive homosexual men</text></passage><passage><infon key="fpage">e61972</infon><infon key="issue">4</infon><infon key="name_0">surname:Zou;given-names:H</infon><infon key="name_1">surname:Fairley;given-names:CK</infon><infon key="name_2">surname:Guy;given-names:R</infon><infon key="name_3">surname:Bilardi;given-names:J</infon><infon key="name_4">surname:Bradshaw;given-names:CS</infon><infon key="name_5">surname:Garland;given-names:SM</infon><infon key="name_6">surname:Sze;given-names:JK</infon><infon key="name_7">surname:Afrizal;given-names:A</infon><infon key="name_8">surname:Chen;given-names:MY</infon><infon key="pub-id_doi">10.1371/journal.pone.0061972</infon><infon key="pub-id_pmid">23613989</infon><infon key="section_type">REF</infon><infon key="source">PLoS One</infon><infon key="type">ref</infon><infon key="volume">8</infon><infon key="year">2013</infon><offset>29523</offset><text>Automated, computer generated reminders and increased detection of gonorrhoea, chlamydia and syphilis in men who have sex with men</text></passage><passage><infon key="fpage">57</infon><infon key="issue">1</infon><infon key="lpage">58</infon><infon key="name_0">surname:Bissessor;given-names:M</infon><infon key="name_1">surname:Fairley;given-names:CK</infon><infon key="name_2">surname:Leslie;given-names:D</infon><infon key="name_3">surname:Chen;given-names:MY</infon><infon key="pub-id_doi">10.1093/cid/cir271</infon><infon key="pub-id_pmid">21653303</infon><infon key="section_type">REF</infon><infon key="source">Clin Infect Dis</infon><infon key="type">ref</infon><infon key="volume">53</infon><infon key="year">2011</infon><offset>29654</offset><text>Use of a computer alert increases detection of early, asymptomatic syphilis among higher-risk men who have sex with men</text></passage><passage><infon key="fpage">217</infon><infon key="issue">3</infon><infon key="lpage">219</infon><infon key="name_0">surname:Cohen;given-names:CE</infon><infon key="name_1">surname:Winston;given-names:A</infon><infon key="name_2">surname:Asboe;given-names:D</infon><infon key="name_3">surname:Boag;given-names:F</infon><infon key="name_4">surname:Mandalia;given-names:S</infon><infon key="name_5">surname:Azadian;given-names:B</infon><infon key="name_6">surname:Hawkins;given-names:DA</infon><infon key="pub-id_doi">10.1136/sti.2004.012187</infon><infon key="pub-id_pmid">15923288</infon><infon key="section_type">REF</infon><infon key="source">Sex Transm Infect</infon><infon key="type">ref</infon><infon key="volume">81</infon><infon key="year">2005</infon><offset>29774</offset><text>Increasing detection of asymptomatic syphilis in HIV patients</text></passage><passage><infon key="fpage">389</infon><infon key="issue">3</infon><infon key="lpage">395</infon><infon key="name_0">surname:Chow;given-names:EPF</infon><infon key="name_1">surname:Callander;given-names:D</infon><infon key="name_2">surname:Fairley;given-names:CK</infon><infon key="name_3">surname:Zhang;given-names:L</infon><infon key="name_4">surname:Donovan;given-names:B</infon><infon key="name_5">surname:Guy;given-names:R</infon><infon key="name_6">surname:Lewis;given-names:DA</infon><infon key="name_7">surname:Hellard;given-names:M</infon><infon key="name_8">surname:Read;given-names:P</infon><infon key="name_9">surname:Ward;given-names:A</infon><infon key="pub-id_doi">10.1093/cid/cix326</infon><infon key="pub-id_pmid">28419198</infon><infon key="section_type">REF</infon><infon key="source">Clin Infect Dis</infon><infon key="type">ref</infon><infon key="volume">65</infon><infon key="year">2017</infon><offset>29836</offset><text>Increased syphilis testing of men who have sex with men: greater detection of asymptomatic early syphilis and relative reduction in secondary syphilis</text></passage><passage><infon key="fpage">21372</infon><infon key="issue">1</infon><infon key="name_0">surname:Zhang;given-names:TP</infon><infon key="name_1">surname:Liu;given-names:C</infon><infon key="name_2">surname:Han;given-names:L</infon><infon key="name_3">surname:Tang;given-names:W</infon><infon key="name_4">surname:Mao;given-names:J</infon><infon key="name_5">surname:Wong;given-names:T</infon><infon key="name_6">surname:Zhang;given-names:Y</infon><infon key="name_7">surname:Tang;given-names:S</infon><infon key="name_8">surname:Yang;given-names:B</infon><infon key="name_9">surname:Wei;given-names:C</infon><infon key="pub-id_doi">10.7448/IAS.20.01/21372</infon><infon key="pub-id_pmid">28406270</infon><infon key="section_type">REF</infon><infon key="source">J Int AIDS Soc</infon><infon key="type">ref</infon><infon key="volume">20</infon><infon key="year">2017</infon><offset>29987</offset><text>Community engagement in sexual health and uptake of HIV testing and syphilis testing among MSM in China: a cross-sectional online survey</text></passage><passage><infon key="fpage">423</infon><infon key="issue">5</infon><infon key="lpage">432</infon><infon key="name_0">surname:Ong;given-names:JJ</infon><infon key="name_1">surname:Fu;given-names:H</infon><infon key="name_2">surname:Smith;given-names:MK</infon><infon key="name_3">surname:Tucker;given-names:JD</infon><infon key="pub-id_doi">10.1080/14787210.2018.1463846</infon><infon key="pub-id_pmid">29633888</infon><infon key="section_type">REF</infon><infon key="source">Expert Rev Anti-Infect Ther</infon><infon key="type">ref</infon><infon key="volume">16</infon><infon key="year">2018</infon><offset>30124</offset><text>Expanding syphilis testing: a scoping review of syphilis testing interventions among key populations</text></passage><passage><infon key="fpage">371</infon><infon key="issue">3</infon><infon key="lpage">381</infon><infon key="name_0">surname:Qin;given-names:Y</infon><infon key="name_1">surname:Han;given-names:L</infon><infon key="name_2">surname:Babbitt;given-names:A</infon><infon key="name_3">surname:Walker;given-names:JS</infon><infon key="name_4">surname:Liu;given-names:F</infon><infon key="name_5">surname:Thirumurthy;given-names:H</infon><infon key="name_6">surname:Tang;given-names:W</infon><infon key="name_7">surname:Tucker;given-names:JD</infon><infon key="pub-id_pmid">29194120</infon><infon key="section_type">REF</infon><infon key="source">Aids</infon><infon key="type">ref</infon><infon key="volume">32</infon><infon key="year">2018</infon><offset>30225</offset><text>Experiences using and organizing HIV self-testing</text></passage><passage><infon key="fpage">376</infon><infon key="issue">5</infon><infon key="lpage">382</infon><infon key="name_0">surname:Zhong;given-names:F</infon><infon key="name_1">surname:Tang;given-names:W</infon><infon key="name_2">surname:Cheng;given-names:W</infon><infon key="name_3">surname:Lin;given-names:P</infon><infon key="name_4">surname:Wu;given-names:Q</infon><infon key="name_5">surname:Cai;given-names:Y</infon><infon key="name_6">surname:Tang;given-names:S</infon><infon key="name_7">surname:Fan;given-names:L</infon><infon key="name_8">surname:Zhao;given-names:Y</infon><infon key="name_9">surname:Chen;given-names:X</infon><infon key="pub-id_doi">10.1111/hiv.12437</infon><infon key="pub-id_pmid">27601301</infon><infon key="section_type">REF</infon><infon key="source">HIV Med</infon><infon key="type">ref</infon><infon key="volume">18</infon><infon key="year">2017</infon><offset>30275</offset><text>Acceptability and feasibility of a social entrepreneurship testing model to promote HIV self-testing and linkage to care among men who have sex with men</text></passage><passage><infon key="fpage">21594</infon><infon key="issue">1</infon><infon key="name_0">surname:Johnson;given-names:CC</infon><infon key="name_1">surname:Kennedy;given-names:C</infon><infon key="name_2">surname:Fonner;given-names:V</infon><infon key="name_3">surname:Siegfried;given-names:N</infon><infon key="name_4">surname:Figueroa;given-names:C</infon><infon key="name_5">surname:Dalal;given-names:S</infon><infon key="name_6">surname:Sands;given-names:A</infon><infon key="name_7">surname:Baggaley;given-names:R</infon><infon key="pub-id_doi">10.7448/IAS.20.1.21594</infon><infon key="pub-id_pmid">28530049</infon><infon key="section_type">REF</infon><infon key="source">J Int AIDS Soc</infon><infon key="type">ref</infon><infon key="volume">20</infon><infon key="year">2017</infon><offset>30428</offset><text>Examining the effects of HIV self-testing compared to standard HIV testing services: a systematic review and meta-analysis</text></passage><passage><infon key="fpage">e241</infon><infon key="issue">6</infon><infon key="lpage">e250</infon><infon key="name_0">surname:Jamil;given-names:MS</infon><infon key="name_1">surname:Prestage;given-names:G</infon><infon key="name_2">surname:Fairley;given-names:CK</infon><infon key="name_3">surname:Grulich;given-names:AE</infon><infon key="name_4">surname:Smith;given-names:KS</infon><infon key="name_5">surname:Chen;given-names:M</infon><infon key="name_6">surname:Holt;given-names:M</infon><infon key="name_7">surname:McNulty;given-names:AM</infon><infon key="name_8">surname:Bavinton;given-names:BR</infon><infon key="name_9">surname:Conway;given-names:DP</infon><infon key="pub-id_doi">10.1016/S2352-3018(17)30023-1</infon><infon key="pub-id_pmid">28219619</infon><infon key="section_type">REF</infon><infon key="source">Lancet HIV</infon><infon key="type">ref</infon><infon key="volume">4</infon><infon key="year">2017</infon><offset>30551</offset><text>Effect of availability of HIV self-testing on HIV testing frequency in gay and bisexual men at high risk of infection (FORTH): a waiting-list randomised controlled trial</text></passage><passage><infon key="fpage">505</infon><infon key="issue">5</infon><infon key="lpage">512</infon><infon key="name_0">surname:Katz;given-names:DA</infon><infon key="name_1">surname:Golden;given-names:MR</infon><infon key="name_2">surname:Hughes;given-names:JP</infon><infon key="name_3">surname:Farquhar;given-names:C</infon><infon key="name_4">surname:Stekler;given-names:JD</infon><infon key="pub-id_doi">10.1097/QAI.0000000000001709</infon><infon key="pub-id_pmid">29697595</infon><infon key="section_type">REF</infon><infon key="source">J Acquir Immune Defic Syndr</infon><infon key="type">ref</infon><infon key="volume">78</infon><infon key="year">2018</infon><offset>30721</offset><text>HIV self-testing increases HIV testing frequency in high-risk men who have sex with men: a randomized controlled trial</text></passage><passage><infon key="section_type">REF</infon><infon key="source">Guidelines on HIV self-testing and partner notification</infon><infon key="type">ref</infon><infon key="year">2016</infon><offset>30840</offset></passage><passage><infon key="section_type">REF</infon><infon key="type">ref</infon><offset>30841</offset><text>Wang C, Cheng W, Li C, Tang W, Ong JJ, Smith MK, Fu H, Marks M, Nie J, Zheng H, et al. Syphilis self-testing: a nationwide pragmatic study among men who have sex with men in China. Clin Infect Dis. 2020;70(10):2178–86.</text></passage><passage><infon key="fpage">e016609</infon><infon key="issue">9</infon><infon key="name_0">surname:Bil;given-names:JP</infon><infon key="name_1">surname:Prins;given-names:M</infon><infon key="name_2">surname:Stolte;given-names:IG</infon><infon key="name_3">surname:Dijkshoorn;given-names:H</infon><infon key="name_4">surname:Heijman;given-names:T</infon><infon key="name_5">surname:Snijder;given-names:MB</infon><infon key="name_6">surname:Davidovich;given-names:U</infon><infon key="name_7">surname:Zuure;given-names:FR</infon><infon key="pub-id_doi">10.1136/bmjopen-2017-016609</infon><infon key="section_type">REF</infon><infon key="source">BMJ Open</infon><infon key="type">ref</infon><infon key="volume">7</infon><infon key="year">2017</infon><offset>31062</offset><text>Usage of purchased self-tests for HIV and sexually transmitted infections in Amsterdam, the Netherlands: results of population-based and serial cross-sectional studies among the general population and sexual risk groups</text></passage><passage><infon key="fpage">e26</infon><infon key="issue">2</infon><infon key="lpage">e31</infon><infon key="name_0">surname:Barbee;given-names:LA</infon><infon key="name_1">surname:Tat;given-names:S</infon><infon key="name_2">surname:Dhanireddy;given-names:S</infon><infon key="name_3">surname:Marrazzo;given-names:JM</infon><infon key="pub-id_doi">10.1097/QAI.0000000000000979</infon><infon key="pub-id_pmid">26959189</infon><infon key="section_type">REF</infon><infon key="source">J Acquir Immune Defic Syndr</infon><infon key="type">ref</infon><infon key="volume">72</infon><infon key="year">2016</infon><offset>31282</offset><text>Implementation and operational research: effectiveness and patient acceptability of a sexually transmitted infection self-testing program in an HIV care setting</text></passage><passage><infon key="section_type">REF</infon><infon key="type">ref</infon><offset>31443</offset><text>Balan IC, Lopez-Rios J, Nayak S, Lentz C, Arumugam S, Kutner B, Dolezal C, Macar OU, Pabari T, Wang Ying A, et al. SMARTtest: a smartphone app to facilitate HIV and syphilis self- and partner-testing, interpretation of results, and linkage to care. AIDS Behav. 2020;24(5):1560–73.</text></passage><passage><infon key="fpage">145</infon><infon key="lpage">158</infon><infon key="name_0">surname:Giles;given-names:EL</infon><infon key="name_1">surname:Robalino;given-names:S</infon><infon key="name_2">surname:Sniehotta;given-names:FF</infon><infon key="name_3">surname:Adams;given-names:J</infon><infon key="name_4">surname:McColl;given-names:E</infon><infon key="pub-id_doi">10.1016/j.ypmed.2014.12.029</infon><infon key="pub-id_pmid">25600881</infon><infon key="section_type">REF</infon><infon key="source">Prev Med</infon><infon key="type">ref</infon><infon key="volume">73</infon><infon key="year">2015</infon><offset>31726</offset><text>Acceptability of financial incentives for encouraging uptake of healthy behaviours: a critical review using systematic methods</text></passage><passage><infon key="section_type">REF</infon><infon key="type">ref</infon><offset>31853</offset><text>Ong JJ, Li CC, Fu H, Nie J, Tang W, Chang W, Smith MK, Marks M, Yang B, Wang C, et al. Risk attitudes, risky sexual behaviours and willingness to test negative for syphilis using lottery-based financial incentives among Chinese men who have sex with men. Sex Transm Infect. 2019. 10.1136/sextrans-2019-054072.</text></passage><passage><infon key="fpage">e6762</infon><infon key="name_0">surname:Tucker;given-names:JD</infon><infon key="name_1">surname:Day;given-names:S</infon><infon key="name_2">surname:Tang;given-names:W</infon><infon key="name_3">surname:Bayus;given-names:B</infon><infon key="pub-id_doi">10.7717/peerj.6762</infon><infon key="pub-id_pmid">30997295</infon><infon key="section_type">REF</infon><infon key="source">PeerJ</infon><infon key="type">ref</infon><infon key="volume">7</infon><infon key="year">2019</infon><offset>32163</offset><text>Crowdsourcing in medical research: concepts and applications</text></passage><passage><infon key="fpage">e1002645</infon><infon key="issue">8</infon><infon key="name_0">surname:Tang;given-names:W</infon><infon key="name_1">surname:Wei;given-names:C</infon><infon key="name_2">surname:Cao;given-names:B</infon><infon key="name_3">surname:Wu;given-names:D</infon><infon key="name_4">surname:Li;given-names:KT</infon><infon key="name_5">surname:Lu;given-names:H</infon><infon key="name_6">surname:Ma;given-names:W</infon><infon key="name_7">surname:Kang;given-names:D</infon><infon key="name_8">surname:Li;given-names:H</infon><infon key="name_9">surname:Liao;given-names:M</infon><infon key="pub-id_doi">10.1371/journal.pmed.1002645</infon><infon key="pub-id_pmid">30153265</infon><infon key="section_type">REF</infon><infon key="source">PLoS Med</infon><infon key="type">ref</infon><infon key="volume">15</infon><infon key="year">2018</infon><offset>32224</offset><text>Crowdsourcing to expand HIV testing among men who have sex with men in China: a closed cohort stepped wedge cluster randomized controlled trial</text></passage><passage><infon key="fpage">e611</infon><infon key="issue">11</infon><infon key="lpage">e612</infon><infon key="name_0">surname:Tang;given-names:W</infon><infon key="name_1">surname:Wu;given-names:D</infon><infon key="pub-id_doi">10.1016/S2352-3018(18)30244-3</infon><infon key="pub-id_pmid">30213725</infon><infon key="section_type">REF</infon><infon key="source">Lancet HIV</infon><infon key="type">ref</infon><infon key="volume">5</infon><infon key="year">2018</infon><offset>32368</offset><text>Opportunities and challenges for HIV self-testing in China</text></passage><passage><infon key="fpage">57</infon><infon key="issue">1</infon><infon key="lpage">62</infon><infon key="name_0">surname:Holden;given-names:J</infon><infon key="name_1">surname:Goheen;given-names:J</infon><infon key="name_2">surname:Jett-Goheen;given-names:M</infon><infon key="name_3">surname:Barnes;given-names:M</infon><infon key="name_4">surname:Hsieh;given-names:YH</infon><infon key="name_5">surname:Gaydos;given-names:CA</infon><infon key="pub-id_doi">10.1177/0956462417717649</infon><infon key="pub-id_pmid">28661234</infon><infon key="section_type">REF</infon><infon key="source">Int J STD AIDS</infon><infon key="type">ref</infon><infon key="volume">29</infon><infon key="year">2018</infon><offset>32427</offset><text>An evaluation of the SD bioline HIV/syphilis duo test</text></passage><passage><infon key="fpage">1108</infon><infon key="issue">1</infon><infon key="name_0">surname:Wei;given-names:C</infon><infon key="name_1">surname:Yan;given-names:L</infon><infon key="name_2">surname:Li;given-names:J</infon><infon key="name_3">surname:Su;given-names:X</infon><infon key="name_4">surname:Lippman;given-names:S</infon><infon key="name_5">surname:Yan;given-names:H</infon><infon key="pub-id_doi">10.1186/s12889-018-6007-3</infon><infon key="pub-id_pmid">30200905</infon><infon key="section_type">REF</infon><infon key="source">BMC Public Health</infon><infon key="type">ref</infon><infon key="volume">18</infon><infon key="year">2018</infon><offset>32481</offset><text>Which user errors matter during HIV self-testing? A qualitative participant observation study of men who have sex with men (MSM) in China</text></passage><passage><infon key="fpage">360</infon><infon key="issue">9</infon><infon key="lpage">367</infon><infon key="name_0">surname:Wray;given-names:TB</infon><infon key="name_1">surname:Chan;given-names:PA</infon><infon key="name_2">surname:Simpanen;given-names:E</infon><infon key="name_3">surname:Operario;given-names:D</infon><infon key="pub-id_doi">10.1089/apc.2018.0049</infon><infon key="pub-id_pmid">30179528</infon><infon key="section_type">REF</infon><infon key="source">AIDS Patient Care STDs</infon><infon key="type">ref</infon><infon key="volume">32</infon><infon key="year">2018</infon><offset>32619</offset><text>A pilot, randomized controlled trial of HIV self-testing and real-time post-test counseling/referral on screening and preventative care among men who have sex with men</text></passage><passage><infon key="fpage">287</infon><infon key="issue">3</infon><infon key="lpage">314</infon><infon key="name_0">surname:Nyqvist;given-names:MB</infon><infon key="name_1">surname:Lucia Corno;given-names:DW</infon><infon key="name_2">surname:Svensson;given-names:J</infon><infon key="pub-id_doi">10.1257/app.20160469</infon><infon key="section_type">REF</infon><infon key="source">Am Econ J Appl Econ</infon><infon key="type">ref</infon><infon key="volume">10</infon><infon key="year">2018</infon><offset>32787</offset><text>Incentivizing safer sexual behavior: evidence from a lottery experiment on HIV prevention</text></passage><passage><infon key="fpage">e75</infon><infon key="issue">3</infon><infon key="name_0">surname:Tucker;given-names:JD</infon><infon key="name_1">surname:Pan;given-names:SW</infon><infon key="name_2">surname:Mathews;given-names:A</infon><infon key="name_3">surname:Stein;given-names:G</infon><infon key="name_4">surname:Bayus;given-names:B</infon><infon key="name_5">surname:Rennie;given-names:S</infon><infon key="pub-id_doi">10.2196/jmir.8226</infon><infon key="pub-id_pmid">29523500</infon><infon key="section_type">REF</infon><infon key="source">J Med Internet Res</infon><infon key="type">ref</infon><infon key="volume">20</infon><infon key="year">2018</infon><offset>32877</offset><text>Ethical concerns of and risk mitigation strategies for crowdsourcing contests and innovation challenges: scoping review</text></passage><passage><infon key="fpage">1436</infon><infon key="issue">11</infon><infon key="lpage">1442</infon><infon key="name_0">surname:Tang;given-names:W</infon><infon key="name_1">surname:Han;given-names:L</infon><infon key="name_2">surname:Best;given-names:J</infon><infon key="name_3">surname:Zhang;given-names:Y</infon><infon key="name_4">surname:Mollan;given-names:K</infon><infon key="name_5">surname:Kim;given-names:J</infon><infon key="name_6">surname:Liu;given-names:F</infon><infon key="name_7">surname:Hudgens;given-names:M</infon><infon key="name_8">surname:Bayus;given-names:B</infon><infon key="name_9">surname:Terris-Prestholt;given-names:F</infon><infon key="pub-id_doi">10.1093/cid/ciw171</infon><infon key="pub-id_pmid">27129465</infon><infon key="section_type">REF</infon><infon key="source">Clin Infect Dis</infon><infon key="type">ref</infon><infon key="volume">62</infon><infon key="year">2016</infon><offset>32997</offset><text>Crowdsourcing HIV test promotion videos: a noninferiority randomized controlled trial in China</text></passage></document></collection>
