<?xml version="1.0" encoding="UTF-8"?>
<!DOCTYPE collection SYSTEM "BioC.dtd">
<collection><source>PMC</source><date>20220624</date><key>pmc.key</key><document><id>9014492</id><infon key="license">author_manuscript</infon><passage><infon key="article-id_doi">10.1017/S1047951120002139</infon><infon key="article-id_manuscript">NIHMS1796265</infon><infon key="article-id_pmc">9014492</infon><infon key="article-id_pmid">32758310</infon><infon key="fpage">1422</infon><infon key="issue">10</infon><infon key="kwd">Congenital heart disease psychosocial parenting stress infant hospitalization</infon><infon key="license">
          This file is available for text mining. It may also be used consistent with the principles of fair use under the copyright law.
        </infon><infon key="lpage">1428</infon><infon key="name_0">surname:Gramszlo;given-names:Colette</infon><infon key="name_1">surname:Karpyn;given-names:Allison</infon><infon key="name_10">surname:Sood;given-names:Erica</infon><infon key="name_2">surname:Christofferson;given-names:Jennifer</infon><infon key="name_3">surname:McWhorter;given-names:Linda G.</infon><infon key="name_4">surname:Demianczyk;given-names:Abigail C.</infon><infon key="name_5">surname:Lihn;given-names:Stacey L.</infon><infon key="name_6">surname:Tanem;given-names:Jena</infon><infon key="name_7">surname:Zyblewski;given-names:Sinai</infon><infon key="name_8">surname:Boyle;given-names:Elizabeth Lucey</infon><infon key="name_9">surname:Kazak;given-names:Anne E.</infon><infon key="section_type">TITLE</infon><infon key="type">front</infon><infon key="volume">30</infon><infon key="year">2022</infon><offset>0</offset><text>Supporting parenting during infant hospitalization for congenital heart disease</text></passage><passage><infon key="section_type">ABSTRACT</infon><infon key="type">abstract_title_1</infon><offset>80</offset><text>Objective</text></passage><passage><infon key="section_type">ABSTRACT</infon><infon key="type">abstract</infon><offset>90</offset><text>To characterize the parenting priorities of mothers and fathers of infants hospitalized with congenital heart disease and generate recommendations to support parenting during infant hospitalization.</text></passage><passage><infon key="section_type">ABSTRACT</infon><infon key="type">abstract_title_1</infon><offset>289</offset><text>Study Design</text></passage><passage><infon key="section_type">ABSTRACT</infon><infon key="type">abstract</infon><offset>302</offset><text>Through online crowdsourcing, an innovative research methodology to create an online community to serve as a research sample, 79 parents of young children with congenital heart disease responded to questions about parenting during hospitalization via private social networking site. Responses were analyzed using qualitative research methods.</text></passage><passage><infon key="section_type">ABSTRACT</infon><infon key="type">abstract_title_1</infon><offset>645</offset><text>Results</text></passage><passage><infon key="section_type">ABSTRACT</infon><infon key="type">abstract</infon><offset>653</offset><text>Three broad themes were identified: 1) establishing a bond with my baby, 2) asserting the parental role, and 3) coping with fear and uncertainty. Parents value provider support in restoring normalcy to the parenting experience during infant hospitalization.</text></passage><passage><infon key="section_type">ABSTRACT</infon><infon key="type">abstract_title_1</infon><offset>911</offset><text>Conclusions</text></passage><passage><infon key="section_type">ABSTRACT</infon><infon key="type">abstract</infon><offset>923</offset><text>Care teams can support parenting during infant hospitalization by promoting parents’ roles as primary caretakers and decision-makers and attending to the emotional impact of infant hospitalization on the family.</text></passage><passage><infon key="section_type">INTRO</infon><infon key="type">title_1</infon><offset>1137</offset><text>Introduction</text></passage><passage><infon key="section_type">INTRO</infon><infon key="type">paragraph</infon><offset>1150</offset><text>Congenital heart disease (CHD) is among the most common causes of intensive care unit (ICU) admission for infants. Infants with CHD who require cardiac surgery spend weeks or even months in the hospital exposed to invasive tubes and lines, mechanical ventilation, and at times mechanical circulatory support, which restrict parents’ ability to independently engage in their infant’s care, including holding, comforting, and spending time alone with their infant. In many cases, this period of critical illness and hospitalization occurs immediately or soon after birth, at a time when the parent-infant bond and, for first time parents, the parenting role are in the formative stages of development.</text></passage><passage><infon key="section_type">INTRO</infon><infon key="type">paragraph</infon><offset>1854</offset><text>Parents of hospitalized infants with CHD experience stress resulting from limited opportunities to participate in typical parenting tasks, as well as difficulties bonding with their critically ill infant. Alterations to the expected parenting role and difficulties establishing the parent-infant bond can have long-term negative outcomes for the child, parent, and family. Prior research indicates that alterations to the parenting role in the cardiac critical care setting is associated with anxiety symptoms in mothers, and that parent mental health influences emotional, behavioral, and quality of life outcomes for children with CHD. Parents who feel disempowered with regard to their parenting role may also be less likely to advocate for their infant’s needs within the hospital setting and following discharge. Research in other high-risk populations demonstrates a relationship between early parent-infant bonding and child neurodevelopmental and behavioral outcomes and preliminary findings within the CHD literature have demonstrated an association between early bonding difficulties and later developmental delays. Early parenting behaviors and the developing parent-infant bond may be modifiable factors contributing to neurodevelopmental impairments common among children with CHD.</text></passage><passage><infon key="section_type">INTRO</infon><infon key="type">paragraph</infon><offset>3151</offset><text>Understanding the parenting actions and values that mothers and fathers prioritize within the context of pediatric critical illness allows providers to support parents in optimal medical decision making and reduce stress associated with alterations to the parenting role. For infants with CHD, who may be particularly susceptible to the deleterious effects of parental stress and disrupted bonding, understanding and supporting parenting priorities is likely important to promoting a trajectory of healthy neurodevelopmental outcomes. However, no studies to our knowledge have engaged parents in the process of identifying parenting priorities during infant hospitalization for CHD. Through innovative crowdsourcing methodology, this qualitative study aimed to characterize priorities for parenting an infant with CHD in the hospital and generate recommendations to support parenting practices during infant hospitalization to promote positive child, parent, and family outcomes.</text></passage><passage><infon key="section_type">METHODS</infon><infon key="type">title_1</infon><offset>4131</offset><text>Materials and Methods</text></passage><passage><infon key="section_type">METHODS</infon><infon key="type">title_2</infon><offset>4153</offset><text>Participants and Recruitment</text></passage><passage><infon key="section_type">METHODS</infon><infon key="type">paragraph</infon><offset>4182</offset><text>The current study included 79 parents who provided responses regarding parenting an infant with CHD in the hospital as part of a larger qualitative study. Inclusion criteria for the larger study were having a child born with CHD one to seven years prior to study participation who underwent open-heart surgery in the first year of life, being able to read and write in English, and access to the internet on a computer, tablet, or mobile device. Bereaved parents were included. A study announcement containing the direct link to a brief online recruitment survey was posted to the social media pages of several CHD-specific patient and family advocacy organizations (e.g., Pediatric Congenital Heart Association, Mended Little Hearts), including one dedicated to families of children with single ventricle physiology (Sisters by Heart). The recruitment survey collected basic demographic (e.g., race, ethnicity, education level) and child clinical (e.g., single ventricle versus two ventricle physiology) information from parents potentially interested in study participation and was completed by 249 parents over a one-week period. By applying an algorithm that considered the frequencies of each demographic and clinical characteristic among those who completed the recruitment survey, a subset of parents (N = 179) representing diversity in backgrounds and experiences were invited to participate in the larger study. Of these, Of the invited parents, 108 participated in the larger qualitative study and 79 contributed responses related to parenting during hospitalization. This study was approved by the Nemours Institutional Review Board and informed consent was obtained electronically prior to study procedures.</text></passage><passage><infon key="section_type">METHODS</infon><infon key="type">title_2</infon><offset>5902</offset><text>Procedures and Measures</text></passage><passage><infon key="section_type">METHODS</infon><infon key="type">paragraph</infon><offset>5926</offset><text>A stakeholder advisory council consisting of four parents of children with CHD who underwent cardiac surgery during infancy and six multidisciplinary care providers from four pediatric hospitals convened regularly throughout the study to provide guidance on study methodology and interpretation of results. Qualitative data were collected through online crowdsourcing methodology. Crowdsourcing is an internet-based activity that allows large groups to collaboratively identify problems and propose solutions to the mutual benefit of the organization generating the task and the community generating results. Crowdsourcing has been used to efficiently engage community stakeholders in the process of identifying the needs and lived experiences of patients and their families.</text></passage><passage><infon key="section_type">METHODS</infon><infon key="type">paragraph</infon><offset>6702</offset><text>Participants created deidentified accounts on Yammer, a private online social networking site. Over a six-month period, a total of 37 open-ended study questions were posted to the online group. Questions were generated by the study team and refined by the stakeholder advisory council. Three questions were specifically aimed at capturing experiences of parenting an infant with CHD in the hospital and recommendations to support parenting (e.g., “How did your baby’s care team support your participation and involvement with your baby’s care in the ICU/hospital?” “How do you wish that your baby’s care team had supported your participation and involvement with your baby’s care in the ICU/hospital?”), while the remaining 34 questions captured other relevant psychosocial domains. Parents responded to study questions through the Yammer app on their tablet or mobile device or by email. To facilitate collaborative efforts at problem solving among participants, parents could view each other’s responses and “like” or comment on these responses. All dialogue was included as qualitative data.</text></passage><passage><infon key="section_type">METHODS</infon><infon key="type">title_2</infon><offset>7819</offset><text>Data Analysis</text></passage><passage><infon key="section_type">METHODS</infon><infon key="type">paragraph</infon><offset>7833</offset><text>Qualitative data were analyzed using an inductive thematic approach, focused on subjective perceptions, feelings, and experiences. Parent responses to open-ended questions and dialogue between participants were extracted from Yammer and uploaded into Dedoose Version 8 (SocioCultural Research Consultants, LLC, Los Angeles, CA). The qualitative codebook was developed through an iterative process with input from the stakeholder advisory council. After finalizing the codebook, four participants’ complete responses were independently coded by four raters to establish inter-rater reliability (0.81–0.90 pooled Cohen’s kappa coefficient) and disagreements were resolved through reflection and discussion. The remaining participants’ responses were divided among the four raters. Responses double-coded with “hospitalizations/surgeries” (indicating that the response described an experience during hospitalization) and either “parenting” or “education/preparation/knowledge” (to capture responses related to decision-making) were reviewed. Broad themes regarding experiences of parenting an infant with CHD in the hospital and recommendations to support parenting were identified. Then, participant responses were organized by theme and examined to identify distinct subthemes supporting each theme. To identify general trends in the qualitative data, frequencies and cross tabulations were generated. Each participant response was assigned a number corresponding to a theme and coded by the select demographic variables for which there were sufficient sample diversity (i.e., education level, household income). Themes are described in terms of relative distribution.</text></passage><passage><infon key="section_type">RESULTS</infon><infon key="type">title_1</infon><offset>9521</offset><text>Results</text></passage><passage><infon key="section_type">RESULTS</infon><infon key="type">paragraph</infon><offset>9529</offset><text>Participants were 79 parents (60 mothers, 19 fathers) whose child underwent one or more open-heart surgeries in the first year of life (72.2% in the first month; Table 1). Two-thirds (67.1%) of children of study participants were hospitalized for over a month across the first year of life and nearly half were discharged with a feeding tube (49.4%). Participants were diverse with regard to education level, household income, and urban-rural classification, although the majority identified as Non-Hispanic White (89.9%). Participants did not differ significantly from the groups of parents who were invited to participate (N = 179) or did participate (N = 108) in the larger study with regard to sociodemographic characteristics (gender, race/ethnicity, education level, urban-rural classification). Participants’ children received care across 41 US pediatric hospitals.</text></passage><passage><infon key="section_type">RESULTS</infon><infon key="type">title_2</infon><offset>10404</offset><text>Qualitative Themes</text></passage><passage><infon key="section_type">RESULTS</infon><infon key="type">paragraph</infon><offset>10423</offset><text>Three broad themes regarding parenting priorities emerged from the qualitative data, with several subthemes supporting each broad theme (Table 2). The relative distribution of themes were similar across parents with varying levels of education and household income. Specific recommendations and actions to support parenting priorities during infant hospitalization were also identified from parent responses and are summarized in Table 3.</text></passage><passage><infon key="section_type">RESULTS</infon><infon key="type">title_3</infon><offset>10862</offset><text>Establishing a bond with my baby.</text></passage><passage><infon key="section_type">RESULTS</infon><infon key="type">paragraph</infon><offset>10896</offset><text>Fostering a strong bond with their infant was described by almost all parents as an important aspect of parenting in the hospital. This theme was supported by four subthemes: becoming my baby’s primary caregiver, learning how to provide care in the hospital, feeling confident when providing care, and making the hospital feel like home. Parents reported the need for a “normal” newborn experience, which was easily disrupted by restrictions on physical contact with their infant, limited opportunities to soothe or feed their infant, and their infant’s nurse frequently assuming a primary caretaker role during the initial days of hospital admission. Many parents described feeling distressed about how the disruption in bonding would affect their long-term relationship with their infant and expressed gratitude for medical teams who prioritized parent involvement in care. Parents described that involvement in care fostered a sense of control when they would otherwise feel helpless to impact their infant’s medical progress. Some parents described feeling that medical staff prioritized convenience over infant developmental needs by delaying parent involvement or discouraging parent participation in care. Prioritizing parent involvement was particularly salient for bereaved parents, who described that they were often told by medical staff to wait for “firsts” (e.g., feeding or bathing their infant for the first time), which were never realized.</text></passage><passage><infon key="section_type">RESULTS</infon><infon key="type">paragraph</infon><offset>12367</offset><text>Support for breastfeeding was an especially relevant aspect of bonding for many parents. Parents acknowledged that accommodating breastfeeding, particularly in the cardiac intensive care unit, could be cumbersome for nurses, but indicated that feeding their infant was an important aspect of bonding during hospitalization. Parents recommended that medical staff provide lactation support to parents and understand the importance of breastfeeding for many mothers. Parents described that when holding or feeding was not indicated due to their infant’s medical status, they appreciated being encouraged by medical staff to read to, talk to, or spend time near their infant.</text></passage><passage><infon key="section_type">RESULTS</infon><infon key="type">paragraph</infon><offset>13042</offset><text>Parents urged that medical teams should understand and acknowledge that parents may be less likely to engage in the infant’s care due to uncertainty, rather than disinterest. They described feeling fearful that they may accidentally hurt their infant while trying to provide care, and feeling helpless to protect their infant from discomfort. Many parents described feeling that they had been “thrown into the deep end” without sufficient supports, which contributed to increased anxiety around, and avoidance of, participation in care. Parents relied on bedside nurses to provide hands-on teaching around medical care (e.g., dressing changes, nasogastric tube care, etc.) and accommodations for typical infant care (e.g., diaper changes, bathing, etc.). Practical education, including explicit instructions about what aspects of care parents could or could not provide, and encouragement from nursing staff helped parents to build their confidence in their infant’s care and further restored normalcy to the experience of bonding with their infant during hospitalization. Similarly, parent participation in speech, occupational, and physical therapies provided parents with knowledge of their infant’s developmental needs and allowed parents to feel confident in supporting developmental progress in the hospital.</text></passage><passage><infon key="section_type">RESULTS</infon><infon key="type">paragraph</infon><offset>14367</offset><text>Parents also appreciated support from staff to help the hospital feel like home. Parents described that parenting their infant involved being able to create care routines and provide care independently of medical staff. Many parents described the difficulty of feeling that they had to “ask permission” to engage with their infant. Making decisions about when and how to provide care helped to empower parents, build parenting efficacy, and reestablish parents as primary caregivers in the hospital. Parents reported that opportunities to allow siblings to visit their infant were important parenting experiences. They indicated that spending time alone with their infant and other siblings supported bonding as a family during hospital admissions and facilitated sibling adjustment.</text></passage><passage><infon key="section_type">RESULTS</infon><infon key="type">title_3</infon><offset>15155</offset><text>Asserting my role as a parent.</text></passage><passage><infon key="section_type">RESULTS</infon><infon key="type">paragraph</infon><offset>15186</offset><text>Mothers and fathers both reported that asserting their parenting role was key to parenting their infant during hospitalization. This theme was supported by four subthemes: becoming my baby’s primary decision-maker, learning about my baby’s medical condition, advocating for my baby’s needs, and acting according to our family’s values and preferences. When medical providers listened to parent concerns and acknowledged parents as the experts in their infant’s unique care needs parents felt they were able to effectively advocate for their infant, act as their infant’s primary decision-maker, and ensure their infant received the highest quality of care. Parents commonly reported that it was helpful when medical providers cultivated an environment where parents were viewed as trusted and valued members of the care team. This was supported by a family centered approach to bedside rounds and regular care team meetings held away from the bedside to discuss progress, plans, and parent concerns. Several fathers described feeling that they were treated as less important than mothers by medical teams, and that providers often talked and listened more to mothers than fathers. They recommended that medical teams treat fathers as equivalently engaged caregivers to support fathers’ ability to parent during hospitalization.</text></passage><passage><infon key="section_type">RESULTS</infon><infon key="type">paragraph</infon><offset>16528</offset><text>Parents reported that frequent, open sharing of information about their infant’s diagnosis and treatment supported their parenting need to participate in decision-making about their infant’s care. Receiving education about medications, surgeries, and procedures, and being oriented to the monitors, lines, and tubes involved in their infant’s care were particularly helpful for parents. Parents described that they preferred to know as much information as possible, even when that information was potentially scary or upsetting, so they had a complete understanding before making medical decisions.</text></passage><passage><infon key="section_type">RESULTS</infon><infon key="type">paragraph</infon><offset>17133</offset><text>Many parents reported experiencing judgement from care team members at various times during hospitalization, such as when spending time away from the bedside to engage in self-care or care for their other children. These parents described that it was helpful when medical providers respected their values and preferences and that negative comments about parenting choices often led to ruptures in trust between parents and providers. While parents understood the need for specific hospital protocols, they emphasized that some flexibility was necessary to accommodate each family’s unique circumstances.</text></passage><passage><infon key="section_type">RESULTS</infon><infon key="type">title_3</infon><offset>17739</offset><text>Coping with fear and uncertainty.</text></passage><passage><infon key="section_type">RESULTS</infon><infon key="type">paragraph</infon><offset>17773</offset><text>Many parents reported that a major barrier to parenting in the hospital was the fear and uncertainty of caring for a medically unstable infant in an unfamiliar environment. This theme was supported by two subthemes: sharing my experiences without fear of judgement and receiving support to care for myself. Being emotionally available to their infant was described as a key parenting role, which was well supported by care teams who fostered open communication about emotional experiences and encouraged parental self-care. Parents who had regular opportunities to discuss their emotional health with a psychosocial provider noted that this was important for normalizing their emotional experiences. Several parents described worrying that the medical team would not allow them to participate in their infant’s care if they expressed emotional distress. Parents also reported feeling that their infant’s medical team held expectations for parent involvement in care that did not allow for self-care (e.g., being present at the baby’s bedside at all times). When care teams did not normalize parental emotional experiences during hospitalization, parents reported that they often delayed seeking treatment for symptoms of anxiety, depression, and post-traumatic stress.</text></passage><passage><infon key="section_type">DISCUSS</infon><infon key="type">title_1</infon><offset>19048</offset><text>Discussion</text></passage><passage><infon key="section_type">DISCUSS</infon><infon key="type">paragraph</infon><offset>19059</offset><text>The current study used innovative crowdsourcing methodology to engage parent stakeholders in the process of identifying priorities for parenting an infant with CHD in the hospital and generating recommendations to support parenting priorities during hospitalization. Parents in this study voiced the need for medical teams to support their role as primary caretaker and decision-maker, and for teams to acknowledge and support the emotional impact of parenting a critically ill infant. Support for these parenting priorities may reduce stress associated with alterations to the expected parenting role during hospitalization and ultimately promote healthy family functioning and positive neurodevelopmental and behavioral outcomes for infants with CHD.</text></passage><passage><infon key="section_type">DISCUSS</infon><infon key="type">paragraph</infon><offset>19812</offset><text>Past studies of parenting priorities during hospitalization have identified that parents seek to act as the person who knows their child best by meeting their child’s needs and making decisions in their child’s best interest. In the current study, parents described the need for support around becoming the person who knows their infant best. Parents face many barriers in bonding with their infant in the cardiac critical care setting. Providers can encourage this essential experience by providing education on infant care and medical needs, and by inviting and supporting parent partnership in care. Models of care, such as Individualized Family-centered Developmental Care, may meet this parenting need by engaging parents in the process of learning to read and respond to their infant’s unique behavioral cues.</text></passage><passage><infon key="section_type">DISCUSS</infon><infon key="type">paragraph</infon><offset>20634</offset><text>Parents in this study also reported the need for support around becoming their infant’s primary decision-maker. Palliative care research indicates that parents of older children view communication with their child’s medical provider as vital during critical illness. Recognizing parents as key collaborators in treatment planning also helps to empower parents in critical care settings. Provider support for parenting values and decision-making preferences may strengthen the relationship between medical teams and families so that provider and parent goals are aligned, while also promoting parenting role attainment. Empowered parents may also more effectively advocate for their infant’s health needs after discharge, including detecting problems early and alerting medical professionals to the need for anticipatory care.</text></passage><passage><infon key="section_type">DISCUSS</infon><infon key="type">paragraph</infon><offset>21466</offset><text>Parents’ emotional experiences and mental health must be addressed to support both parent-infant bonding and parental decision-making. Parents of critically ill infants who experience anxiety, depression, or post-traumatic stress symptoms may be less engaged in their baby’s care and be more passive in their decision-making style. Parents in the current study expressed the need for their infant’s providers to normalize the emotional distress related to infant critical illness and encourage self-care to support mental health.</text></passage><passage><infon key="section_type">DISCUSS</infon><infon key="type">paragraph</infon><offset>22002</offset><text>Both mothers and fathers identified psychosocial support as a critical facilitator of engaged parenting.</text></passage><passage><infon key="section_type">DISCUSS</infon><infon key="type">paragraph</infon><offset>22107</offset><text>Parenting needs were similar across parents with varying levels of education and household income.. Future research should examine how parenting needs during infant hospitalization may differ by other parent or family characteristics not explored in this study due to limited sample diversity (e.g., race/ethnicity, primary language). Survey tools exist to identify parenting values and clarify parent preferences during end-of-life decision-making in the pediatric intensive care unit. Creation of a tool to identify parenting priorities and preferences for infants hospitalized with CHD could further aid cardiac critical care teams in initiating individualized parenting supports during hospital admissions.</text></passage><passage><infon key="section_type">DISCUSS</infon><infon key="type">paragraph</infon><offset>22818</offset><text>Several limitations should be noted. While study participants were diverse with regard to education level, household income, and urban-rural classification, this sample was not ethnically or linguistically diverse. Racial/ethnic and cultural differences are known to impact parents’ preferences for communication in the pediatric critical care setting and likely also impact parenting priorities, but such differences could not be examined in this study. Further, fathers comprised only 24% of the sample, and themes described in this study may not fully capture fathers’ parenting priorities. Future research is needed to understand how fathers’ parenting can best be supported during infant hospitalization. Nearly half of participants had a child with single ventricle physiology, possibly limiting the generalizability of study findings to families of infants with more complex forms of CHD and longer hospital stays. Additionally, participants’ children were born between one and seven years ago, and it is possible that time since infant hospitalization may have influenced responses or that some responses may reflect needs that have been addressed by recent hospital policy changes. Finally, the collaborative nature of crowdsourcing methodology and in particular, parents’ ability to view comments from other participants prior to submitting their own responses, could have influenced some responses. Unlike in-person data collection (e.g., focus groups), however, participants were de-identified and had time and space to voice their opinions in writing rather than succumbing to a dominant group member.</text></passage><passage><infon key="section_type">DISCUSS</infon><infon key="type">title_2</infon><offset>24443</offset><text>Conclusions</text></passage><passage><infon key="section_type">DISCUSS</infon><infon key="type">paragraph</infon><offset>24455</offset><text>The hospital setting encompasses modifiable factors that can be altered to potentially reduce parental distress and promote positive developmental outcomes for infants with CHD. By supporting the parenting needs outlined in this study (i.e., promoting parents’ roles as primary caretakers and decision-makers and attending to the emotional impact of infant hospitalization on the family) providers may facilitate a positive trajectory of responsive parenting practices during a critical period, while also fulfilling the ethical imperative to act in the best interest of their patient through shared decision-making and family centered care.</text></passage><passage><infon key="section_type">DISCUSS</infon><infon key="type">footnote</infon><offset>25099</offset><text>Conflicts of Interest: The authors declare no conflict of interest. The study sponsor was not involved in the study design, the collection, analysis, and interpretation of data, the writing of the report, or the decision to submit the paper for publication.</text></passage><passage><infon key="section_type">DISCUSS</infon><infon key="type">footnote</infon><offset>25357</offset><text>Ethics Standards: This study was performed in line with the principles of the Declaration of Helsinki. Approval was granted by the Nemours Institutional Review Board.</text></passage><passage><infon key="section_type">REF</infon><infon key="type">title</infon><offset>25524</offset><text>References</text></passage><passage><infon key="issue">1</infon><infon key="name_0">surname:Ibiebele;given-names:I</infon><infon key="name_1">surname:Algert;given-names:CS</infon><infon key="name_2">surname:Bowen;given-names:JR</infon><infon key="name_3">surname:Roberts;given-names:CL</infon><infon key="pub-id_doi">10.1186/s12913-018-3041-x</infon><infon key="section_type">REF</infon><infon key="source">BMC Health Serv Res</infon><infon key="type">ref</infon><infon key="volume">18</infon><infon key="year">2018</infon><offset>25535</offset><text>Pediatric admissions that include intensive care: a population-based study</text></passage><passage><infon key="fpage">319</infon><infon key="issue">4</infon><infon key="lpage">336</infon><infon key="name_0">surname:Lisanti;given-names:AJ</infon><infon key="name_1">surname:Golfenshtein;given-names:N</infon><infon key="name_2">surname:Medoff-Cooper;given-names:B</infon><infon key="pub-id_doi">10.1097/ANS.0000000000000184</infon><infon key="section_type">REF</infon><infon key="source">Adv Nurs Sci</infon><infon key="type">ref</infon><infon key="volume">40</infon><infon key="year">2017</infon><offset>25610</offset><text>The Pediatric Cardiac Intensive Care Unit Parental Stress Model: Refinement Using Directed Content Analysis</text></passage><passage><infon key="fpage">85</infon><infon key="issue">1</infon><infon key="lpage">93</infon><infon key="name_0">surname:Lisanti;given-names:AJ</infon><infon key="name_1">surname:Vittner;given-names:D</infon><infon key="name_2">surname:Medoff-Cooper;given-names:B</infon><infon key="name_3">surname:Fogel;given-names:J</infon><infon key="name_4">surname:Wernovsky;given-names:G</infon><infon key="name_5">surname:Butler;given-names:S</infon><infon key="pub-id_doi">10.1097/JCN.0000000000000546</infon><infon key="pub-id_pmid">30303895</infon><infon key="section_type">REF</infon><infon key="source">J Cardiovasc Nurs</infon><infon key="type">ref</infon><infon key="volume">34</infon><infon key="year">2019</infon><offset>25718</offset><text>Individualized Family-Centered Developmental Care: An Essential Model to Address the Unique Needs of Infants With Congenital Heart Disease</text></passage><passage><infon key="fpage">1</infon><infon key="lpage">6</infon><infon key="name_0">surname:Perry;given-names:RE</infon><infon key="name_1">surname:Blair;given-names:C</infon><infon key="name_2">surname:Sullivan;given-names:RM</infon><infon key="pub-id_doi">10.1016/j.copsyc.2017.04.022</infon><infon key="pub-id_pmid">28950954</infon><infon key="section_type">REF</infon><infon key="source">Curr Opin Psychol</infon><infon key="type">ref</infon><infon key="volume">17</infon><infon key="year">2017</infon><offset>25857</offset><text>Neurobiology of infant attachment: Attachment despite adversity and parental programming of emotionality</text></passage><passage><infon key="fpage">118</infon><infon key="issue">2</infon><infon key="lpage">125</infon><infon key="name_0">surname:Lisanti;given-names:AJ</infon><infon key="name_1">surname:Allen;given-names:LR</infon><infon key="name_2">surname:Kelly;given-names:L</infon><infon key="name_3">surname:Medoff-Cooper;given-names:B</infon><infon key="pub-id_doi">10.4037/ajcc2017266</infon><infon key="section_type">REF</infon><infon key="source">Am J Crit Care Off Publ Am Assoc Crit-Care Nurses</infon><infon key="type">ref</infon><infon key="volume">26</infon><infon key="year">2017</infon><offset>25962</offset><text>Maternal Stress and Anxiety in the Pediatric Cardiac Intensive Care Unit</text></passage><passage><infon key="name_0">surname:Sood;given-names:E</infon><infon key="name_1">surname:Karpyn;given-names:A</infon><infon key="name_2">surname:Demianczyk;given-names:AC</infon><infon key="pub-id_doi">10.1097/PCC.0000000000001528</infon><infon key="section_type">REF</infon><infon key="source">Pediatr Crit Care Med</infon><infon key="type">ref</infon><infon key="volume">1</infon><infon key="year">2018</infon><offset>26035</offset><text>Mothers and Fathers Experience Stress of Congenital Heart Disease Differently: Recommendations for Pediatric Critical Care</text></passage><passage><infon key="fpage">641</infon><infon key="issue">7</infon><infon key="lpage">645</infon><infon key="name_0">surname:Jordan;given-names:B</infon><infon key="name_1">surname:Franich-Ray;given-names:C</infon><infon key="name_2">surname:Albert;given-names:N</infon><infon key="pub-id_doi">10.1136/archdischild-2012-303488</infon><infon key="pub-id_pmid">24636955</infon><infon key="section_type">REF</infon><infon key="source">Arch Dis Child</infon><infon key="type">ref</infon><infon key="volume">99</infon><infon key="year">2014</infon><offset>26158</offset><text>Early mother-infant relationships after cardiac surgery in infancy</text></passage><passage><infon key="fpage">793</infon><infon key="issue">12</infon><infon key="lpage">800</infon><infon key="name_0">surname:Laing;given-names:S</infon><infon key="name_1">surname:McMahon;given-names:C</infon><infon key="name_2">surname:Ungerer;given-names:J</infon><infon key="name_3">surname:Taylor;given-names:A</infon><infon key="name_4">surname:Badawi;given-names:N</infon><infon key="name_5">surname:Spence;given-names:K</infon><infon key="pub-id_doi">10.1016/j.earlhumdev.2010.08.025</infon><infon key="pub-id_pmid">20888152</infon><infon key="section_type">REF</infon><infon key="source">Early Hum Dev</infon><infon key="type">ref</infon><infon key="volume">86</infon><infon key="year">2010</infon><offset>26225</offset><text>Mother–child interaction and child developmental capacities in toddlers with major birth defects requiring newborn surgery</text></passage><passage><infon key="fpage">555</infon><infon key="issue">7</infon><infon key="lpage">561</infon><infon key="name_0">surname:Woodward;given-names:LJ</infon><infon key="name_1">surname:Bora;given-names:S</infon><infon key="name_2">surname:Clark;given-names:CAC</infon><infon key="pub-id_doi">10.1038/jp.2014.43</infon><infon key="pub-id_pmid">24651730</infon><infon key="section_type">REF</infon><infon key="source">J Perinatol</infon><infon key="type">ref</infon><infon key="volume">34</infon><infon key="year">2014</infon><offset>26350</offset><text>Very preterm birth: maternal experiences of the neonatal intensive care environment</text></passage><passage><infon key="fpage">e20162241</infon><infon key="issue">3</infon><infon key="name_0">surname:DeMaso;given-names:DR</infon><infon key="name_1">surname:Calderon;given-names:J</infon><infon key="name_2">surname:Taylor;given-names:GA</infon><infon key="pub-id_doi">10.1542/peds.2016-2241</infon><infon key="pub-id_pmid">28148729</infon><infon key="section_type">REF</infon><infon key="source">Pediatrics</infon><infon key="type">ref</infon><infon key="volume">139</infon><infon key="year">2017</infon><offset>26434</offset><text>Psychiatric Disorders in Adolescents With Single Ventricle Congenital Heart Disease</text></passage><passage><infon key="fpage">79</infon><infon key="issue">1</infon><infon key="lpage">88</infon><infon key="name_0">surname:Ernst;given-names:MM</infon><infon key="name_1">surname:Marino;given-names:BS</infon><infon key="name_2">surname:Cassedy;given-names:A</infon><infon key="pub-id_doi">10.1007/s00246-017-1730-6</infon><infon key="pub-id_pmid">28980091</infon><infon key="section_type">REF</infon><infon key="source">Pediatr Cardiol</infon><infon key="type">ref</infon><infon key="volume">39</infon><infon key="year">2018</infon><offset>26518</offset><text>Biopsychosocial Predictors of Quality of Life Outcomes in Pediatric Congenital Heart Disease</text></passage><passage><infon key="fpage">314</infon><infon key="issue">5</infon><infon key="lpage">321</infon><infon key="name_0">surname:Visconti;given-names:KJ</infon><infon key="name_1">surname:Saudino;given-names:KJ</infon><infon key="name_2">surname:Rappaport;given-names:LA</infon><infon key="name_3">surname:Newburger;given-names:JW</infon><infon key="name_4">surname:Bellinger;given-names:DC</infon><infon key="pub-id_doi">10.1097/00004703-200210000-00003</infon><infon key="pub-id_pmid">12394519</infon><infon key="section_type">REF</infon><infon key="source">J Dev Behav Pediatr</infon><infon key="type">ref</infon><infon key="volume">23</infon><infon key="year">2002</infon><offset>26611</offset><text>Influence of Parental Stress and Social Support on the Behavioral Adjustment of Children with Transposition of the Great Arteries</text></passage><passage><infon key="fpage">199</infon><infon key="issue">2</infon><infon key="lpage">212</infon><infon key="name_0">surname:Ashcraft;given-names:LE</infon><infon key="name_1">surname:Asato;given-names:M</infon><infon key="name_2">surname:Houtrow;given-names:AJ</infon><infon key="name_3">surname:Kavalieratos;given-names:D</infon><infon key="name_4">surname:Miller;given-names:E</infon><infon key="name_5">surname:Ray;given-names:KN</infon><infon key="pub-id_doi">10.1007/s40271-018-0336-2</infon><infon key="section_type">REF</infon><infon key="source">Patient - Patient-Centered Outcomes Res</infon><infon key="type">ref</infon><infon key="volume">12</infon><infon key="year">2019</infon><offset>26741</offset><text>Parent Empowerment in Pediatric Healthcare Settings: A Systematic Review of Observational Studies</text></passage><passage><infon key="fpage">33</infon><infon key="issue">1</infon><infon key="lpage">44</infon><infon key="name_0">surname:Gerstein;given-names:ED</infon><infon key="name_1">surname:Poehlmann-Tynan;given-names:J</infon><infon key="name_2">surname:Clark;given-names:R</infon><infon key="pub-id_doi">10.1093/jpepsy/jsu064</infon><infon key="pub-id_pmid">25113147</infon><infon key="section_type">REF</infon><infon key="source">J Pediatr Psychol</infon><infon key="type">ref</infon><infon key="volume">40</infon><infon key="year">2015</infon><offset>26839</offset><text>Mother-Child Interactions in the NICU: Relevance and Implications for Later Parenting</text></passage><passage><infon key="fpage">277</infon><infon key="issue">5</infon><infon key="lpage">286</infon><infon key="name_0">surname:Maguire;given-names:DJ</infon><infon key="name_1">surname:Taylor;given-names:S</infon><infon key="name_2">surname:Armstrong;given-names:K</infon><infon key="pub-id_doi">10.1891/0730-0832.35.5.277</infon><infon key="pub-id_pmid">27636691</infon><infon key="section_type">REF</infon><infon key="source">Neonatal Netw</infon><infon key="type">ref</infon><infon key="volume">35</infon><infon key="year">2016</infon><offset>26925</offset><text>Long-Term Outcomes of Infants with Neonatal Abstinence Syndrome</text></passage><passage><infon key="fpage">683</infon><infon key="issue">7</infon><infon key="lpage">693</infon><infon key="name_0">surname:McGoron;given-names:L</infon><infon key="name_1">surname:Gleason;given-names:MM</infon><infon key="name_2">surname:Smyke;given-names:AT</infon><infon key="pub-id_doi">10.1016/j.jaac.2012.05.004</infon><infon key="pub-id_pmid">22721591</infon><infon key="section_type">REF</infon><infon key="source">J Am Acad Child Adolesc Psychiatry</infon><infon key="type">ref</infon><infon key="volume">51</infon><infon key="year">2012</infon><offset>26989</offset><text>Recovering from Early Deprivation: Attachment Mediates Effects of Caregiving on Psychopathology</text></passage><passage><infon key="fpage">507</infon><infon key="issue">4</infon><infon key="lpage">515</infon><infon key="name_0">surname:Neel;given-names:MLM</infon><infon key="name_1">surname:Stark;given-names:AR</infon><infon key="name_2">surname:Maitre;given-names:NL</infon><infon key="pub-id_doi">10.1111/cch.12561</infon><infon key="pub-id_pmid">29575031</infon><infon key="section_type">REF</infon><infon key="source">Child Care Health Dev</infon><infon key="type">ref</infon><infon key="volume">44</infon><infon key="year">2018</infon><offset>27085</offset><text>Parenting style impacts cognitive and behavioural outcomes of former preterm infants: A systematic review</text></passage><passage><infon key="fpage">S232</infon><infon key="lpage">S242</infon><infon key="name_0">surname:Wernovsky;given-names:G</infon><infon key="name_1">surname:Licht;given-names:DJ</infon><infon key="pub-id_doi">10.1097/PCC.0000000000000800</infon><infon key="pub-id_pmid">27490605</infon><infon key="section_type">REF</infon><infon key="source">Pediatr Crit Care Med</infon><infon key="type">ref</infon><infon key="volume">17</infon><infon key="year">2016</infon><offset>27191</offset><text>Neurodevelopmental Outcomes in Children With Congenital Heart Disease—What Can We Impact?</text></passage><passage><infon key="fpage">118</infon><infon key="issue">4</infon><infon key="lpage">118</infon><infon key="name_0">surname:Battista;given-names:V</infon><infon key="name_1">surname:Feudtner;given-names:C</infon><infon key="pub-id_doi">10.1136/eb-2015-102297</infon><infon key="pub-id_pmid">27233626</infon><infon key="section_type">REF</infon><infon key="source">Evid Based Nurs</infon><infon key="type">ref</infon><infon key="volume">19</infon><infon key="year">2016</infon><offset>27283</offset><text>Threats to parents’ roles during the process of their child dying in the paediatric intensive care unit</text></passage><passage><infon key="name_0">surname:Brabham;given-names:DC</infon><infon key="section_type">REF</infon><infon key="source">Crowdsourcing</infon><infon key="type">ref</infon><infon key="year">2013</infon><offset>27389</offset></passage><passage><infon key="fpage">846</infon><infon key="issue">8</infon><infon key="lpage">860</infon><infon key="name_0">surname:Pierce;given-names:JS</infon><infon key="name_1">surname:Aroian;given-names:K</infon><infon key="name_2">surname:Caldwell;given-names:C</infon><infon key="pub-id_doi">10.1093/jpepsy/jsx056</infon><infon key="pub-id_pmid">28369409</infon><infon key="section_type">REF</infon><infon key="source">J Pediatr Psychol</infon><infon key="type">ref</infon><infon key="volume">42</infon><infon key="year">2017</infon><offset>27390</offset><text>The Ups and Downs of Parenting Young Children With Type 1 Diabetes: A Crowdsourcing Study</text></passage><passage><infon key="fpage">1811</infon><infon key="issue">12</infon><infon key="lpage">1821</infon><infon key="name_0">surname:Wray;given-names:J</infon><infon key="name_1">surname:Cassedy;given-names:A</infon><infon key="name_2">surname:Ernst;given-names:MM</infon><infon key="name_3">surname:Franklin;given-names:RC</infon><infon key="name_4">surname:Brown;given-names:K</infon><infon key="name_5">surname:Marino;given-names:BS</infon><infon key="pub-id_doi">10.1007/s00431-018-3250-7</infon><infon key="pub-id_pmid">30232593</infon><infon key="section_type">REF</infon><infon key="source">Eur J Pediatr</infon><infon key="type">ref</infon><infon key="volume">177</infon><infon key="year">2018</infon><offset>27480</offset><text>Psychosocial functioning of parents of children with heart disease—describing the landscape</text></passage><passage><infon key="fpage">575</infon><infon key="issue">4</infon><infon key="lpage">589</infon><infon key="name_0">surname:Hilton;given-names:LG</infon><infon key="name_1">surname:Azzam;given-names:T</infon><infon key="pub-id_doi">10.1177/1098214019836674</infon><infon key="section_type">REF</infon><infon key="source">Am J Eval</infon><infon key="type">ref</infon><infon key="volume">40</infon><infon key="year">2019</infon><offset>27574</offset><text>Crowdsourcing Qualitative Thematic Analysis</text></passage><passage><infon key="fpage">77</infon><infon key="issue">2</infon><infon key="lpage">101</infon><infon key="name_0">surname:Braun;given-names:V</infon><infon key="name_1">surname:Clarke;given-names:V</infon><infon key="pub-id_doi">10.1191/1478088706qp063oa</infon><infon key="section_type">REF</infon><infon key="source">Qual Res Psychol</infon><infon key="type">ref</infon><infon key="volume">3</infon><infon key="year">2006</infon><offset>27618</offset><text>Using thematic analysis in psychology</text></passage><passage><infon key="fpage">143</infon><infon key="issue">3</infon><infon key="lpage">150</infon><infon key="name_0">surname:Ames;given-names:KE</infon><infon key="name_1">surname:Rennick;given-names:JE</infon><infon key="name_2">surname:Baillargeon;given-names:S</infon><infon key="pub-id_doi">10.1016/j.iccn.2011.03.004</infon><infon key="pub-id_pmid">21511474</infon><infon key="section_type">REF</infon><infon key="source">Intensive Crit Care Nurs</infon><infon key="type">ref</infon><infon key="volume">27</infon><infon key="year">2011</infon><offset>27656</offset><text>A qualitative interpretive study exploring parents’ perception of the parental role in the paediatric intensive care unit</text></passage><passage><infon key="name_0">surname:Klug;given-names:J</infon><infon key="name_1">surname:Hall;given-names:C</infon><infon key="name_2">surname:Delaplane;given-names:EA</infon><infon key="pub-id_doi">10.1097/ANC.0000000000000679</infon><infon key="section_type">REF</infon><infon key="source">Adv Neonatal Care Off J Natl Assoc Neonatal Nurses</infon><infon key="type">ref</infon><infon key="year">2019</infon><offset>27780</offset><text>Promoting Parent Partnership in Developmentally Supportive Care for Infants in the Pediatric Cardiac Intensive Care Unit</text></passage><passage><infon key="fpage">e447</infon><infon key="issue">9</infon><infon key="lpage">e451</infon><infon key="name_0">surname:Butler;given-names:AE</infon><infon key="name_1">surname:Copnell;given-names:B</infon><infon key="name_2">surname:Hall;given-names:H</infon><infon key="pub-id_doi">10.1097/PCC.0000000000002040</infon><infon key="pub-id_pmid">31206499</infon><infon key="section_type">REF</infon><infon key="source">Pediatr Crit Care Med</infon><infon key="type">ref</infon><infon key="volume">20</infon><infon key="year">2019</infon><offset>27901</offset><text>When a Child Dies in the PICU: Practice Recommendations From a Qualitative Study of Bereaved Parents*</text></passage><passage><infon key="fpage">S5</infon><infon key="issue">S1</infon><infon key="lpage">S8</infon><infon key="name_0">surname:Craig;given-names:JW</infon><infon key="name_1">surname:Glick;given-names:C</infon><infon key="name_2">surname:Phillips;given-names:R</infon><infon key="name_3">surname:Hall;given-names:SL</infon><infon key="name_4">surname:Smith;given-names:J</infon><infon key="name_5">surname:Browne;given-names:J</infon><infon key="pub-id_doi">10.1038/jp.2015.142</infon><infon key="pub-id_pmid">26597804</infon><infon key="section_type">REF</infon><infon key="source">J Perinatol</infon><infon key="type">ref</infon><infon key="volume">35</infon><infon key="year">2015</infon><offset>28003</offset><text>Recommendations for involving the family in developmental care of the NICU baby</text></passage><passage><infon key="fpage">19</infon><infon key="issue">1</infon><infon key="lpage">24</infon><infon key="name_0">surname:Umberger;given-names:E</infon><infon key="name_1">surname:Canvasser;given-names:J</infon><infon key="name_2">surname:Hall;given-names:SL</infon><infon key="pub-id_doi">10.1053/j.sempedsurg.2017.11.004</infon><infon key="pub-id_pmid">29275811</infon><infon key="section_type">REF</infon><infon key="source">Semin Pediatr Surg</infon><infon key="type">ref</infon><infon key="volume">27</infon><infon key="year">2018</infon><offset>28083</offset><text>Enhancing NICU parent engagement and empowerment</text></passage><passage><infon key="fpage">855</infon><infon key="issue">4</infon><infon key="lpage">860</infon><infon key="name_0">surname:Dobrolet;given-names:NC</infon><infon key="name_1">surname:Nieves;given-names:JA</infon><infon key="name_2">surname:Welch;given-names:EM</infon><infon key="pub-id_doi">10.1016/j.jtcvs.2011.01.054</infon><infon key="pub-id_pmid">21397261</infon><infon key="section_type">REF</infon><infon key="source">J Thorac Cardiovasc Surg</infon><infon key="type">ref</infon><infon key="volume">142</infon><infon key="year">2011</infon><offset>28132</offset><text>New approach to interstage care for palliated high-risk patients with congenital heart disease</text></passage><passage><infon key="issue">2</infon><infon key="name_0">surname:Mirghafourvand;given-names:M</infon><infon key="name_1">surname:Ouladsahebmadarek;given-names:E</infon><infon key="name_2">surname:Hosseini;given-names:MB</infon><infon key="name_3">surname:Heidarabadi;given-names:S</infon><infon key="name_4">surname:Asghari-Jafarabadi;given-names:M</infon><infon key="name_5">surname:Hasanpour;given-names:S</infon><infon key="pub-id_doi">10.5812/ijp.5704</infon><infon key="section_type">REF</infon><infon key="source">Iran J Pediatr</infon><infon key="type">ref</infon><infon key="volume">27</infon><infon key="year">2016</infon><offset>28227</offset><text>The Effect of Creating Opportunities for Parent Empowerment Program on Parent’s Mental Health: A Systematic Review</text></passage><passage><infon key="fpage">104837</infon><infon key="name_0">surname:Kasparian;given-names:NA</infon><infon key="name_1">surname:Kan;given-names:JM</infon><infon key="name_2">surname:Sood;given-names:E</infon><infon key="name_3">surname:Wray;given-names:J</infon><infon key="name_4">surname:Pincus;given-names:HA</infon><infon key="name_5">surname:Newburger;given-names:JW</infon><infon key="pub-id_doi">10.1016/j.earlhumdev.2019.104837</infon><infon key="pub-id_pmid">31455569</infon><infon key="section_type">REF</infon><infon key="source">Early Hum Dev</infon><infon key="type">ref</infon><infon key="volume">139</infon><infon key="year">2019</infon><offset>28344</offset><text>Mental health care for parents of babies with congenital heart disease during intensive care unit admission: Systematic review and statement of best practice</text></passage><passage><infon key="fpage">249</infon><infon key="issue">2</infon><infon key="lpage">254</infon><infon key="name_0">surname:Anderson;given-names:WG</infon><infon key="name_1">surname:Arnold;given-names:RM</infon><infon key="name_2">surname:Angus;given-names:DC</infon><infon key="name_3">surname:Bryce;given-names:CL</infon><infon key="pub-id_doi">10.1016/j.jcrc.2007.12.010</infon><infon key="pub-id_pmid">19327283</infon><infon key="section_type">REF</infon><infon key="source">J Crit Care</infon><infon key="type">ref</infon><infon key="volume">24</infon><infon key="year">2009</infon><offset>28502</offset><text>Passive decision-making preference is associated with anxiety and depression in relatives of patients in the intensive care unit</text></passage><passage><infon key="fpage">291</infon><infon key="issue">4</infon><infon key="lpage">298</infon><infon key="name_0">surname:October;given-names:TW</infon><infon key="name_1">surname:Fisher;given-names:KR</infon><infon key="name_2">surname:Feudtner;given-names:C</infon><infon key="name_3">surname:Hinds;given-names:PS</infon><infon key="pub-id_doi">10.1097/PCC.0000000000000076</infon><infon key="pub-id_pmid">24583502</infon><infon key="section_type">REF</infon><infon key="source">Pediatr Crit Care Med</infon><infon key="type">ref</infon><infon key="volume">15</infon><infon key="year">2014</infon><offset>28631</offset><text>The Parent Perspective: “Being a Good Parent” When Making Critical Decisions in the PICU</text></passage><passage><infon key="name_0">surname:Zurca;given-names:AD</infon><infon key="name_1">surname:Wang;given-names:J</infon><infon key="name_2">surname:Cheng;given-names:YI</infon><infon key="name_3">surname:Dizon;given-names:ZB</infon><infon key="name_4">surname:October;given-names:TW</infon><infon key="pub-id_doi">10.1016/j.jnma.2019.09.005</infon><infon key="section_type">REF</infon><infon key="source">J Natl Med Assoc</infon><infon key="type">ref</infon><infon key="year">2019</infon><offset>28724</offset><text>Racial Minority Families’ Preferences for Communication in Pediatric Intensive Care Often Overlooked</text></passage><passage><infon key="file">T1.xml</infon><infon key="id">T1</infon><infon key="section_type">TABLE</infon><infon key="type">table_caption</infon><offset>28827</offset><text>Sociodemographic and Clinical Characteristics (N = 79)</text></passage><passage><infon key="file">T1.xml</infon><infon key="id">T1</infon><infon key="section_type">TABLE</infon><infon key="type">table</infon><infon key="xml">&lt;?xml version=&quot;1.0&quot; encoding=&quot;UTF-8&quot;?&gt;
&lt;table frame=&quot;below&quot; rules=&quot;groups&quot;&gt;
        &lt;colgroup span=&quot;1&quot;&gt;
          &lt;col align=&quot;left&quot; valign=&quot;middle&quot; span=&quot;1&quot;/&gt;
          &lt;col align=&quot;left&quot; valign=&quot;middle&quot; span=&quot;1&quot;/&gt;
        &lt;/colgroup&gt;
        &lt;thead&gt;
          &lt;tr&gt;
            &lt;th align=&quot;left&quot; valign=&quot;bottom&quot; rowspan=&quot;1&quot; colspan=&quot;1&quot;/&gt;
            &lt;th align=&quot;center&quot; valign=&quot;bottom&quot; rowspan=&quot;1&quot; colspan=&quot;1&quot;&gt;Frequency (%)&lt;/th&gt;
          &lt;/tr&gt;
        &lt;/thead&gt;
        &lt;tbody&gt;
          &lt;tr style=&quot;border-bottom: solid 1px&quot;&gt;
            &lt;td colspan=&quot;2&quot; align=&quot;left&quot; valign=&quot;bottom&quot; rowspan=&quot;1&quot;&gt;Parent Characteristics&lt;/td&gt;
          &lt;/tr&gt;
          &lt;tr&gt;
            &lt;td align=&quot;left&quot; valign=&quot;middle&quot; rowspan=&quot;1&quot; colspan=&quot;1&quot;&gt;Race/Ethnicity&lt;/td&gt;
            &lt;td align=&quot;center&quot; valign=&quot;middle&quot; rowspan=&quot;1&quot; colspan=&quot;1&quot;/&gt;
          &lt;/tr&gt;
          &lt;tr&gt;
            &lt;td align=&quot;left&quot; valign=&quot;middle&quot; rowspan=&quot;1&quot; colspan=&quot;1&quot;&gt; Non-Hispanic White&lt;/td&gt;
            &lt;td align=&quot;center&quot; valign=&quot;middle&quot; rowspan=&quot;1&quot; colspan=&quot;1&quot;&gt;73 (92.4)&lt;/td&gt;
          &lt;/tr&gt;
          &lt;tr&gt;
            &lt;td align=&quot;left&quot; valign=&quot;middle&quot; rowspan=&quot;1&quot; colspan=&quot;1&quot;&gt; Black or African-American&lt;/td&gt;
            &lt;td align=&quot;center&quot; valign=&quot;middle&quot; rowspan=&quot;1&quot; colspan=&quot;1&quot;&gt;2 (2.5)&lt;/td&gt;
          &lt;/tr&gt;
          &lt;tr&gt;
            &lt;td align=&quot;left&quot; valign=&quot;middle&quot; rowspan=&quot;1&quot; colspan=&quot;1&quot;&gt; Hispanic/Latino&lt;/td&gt;
            &lt;td align=&quot;center&quot; valign=&quot;middle&quot; rowspan=&quot;1&quot; colspan=&quot;1&quot;&gt;5 (6.3)&lt;/td&gt;
          &lt;/tr&gt;
          &lt;tr&gt;
            &lt;td align=&quot;left&quot; valign=&quot;middle&quot; rowspan=&quot;1&quot; colspan=&quot;1&quot;&gt; Asian&lt;/td&gt;
            &lt;td align=&quot;center&quot; valign=&quot;middle&quot; rowspan=&quot;1&quot; colspan=&quot;1&quot;&gt;3 (3.8)&lt;/td&gt;
          &lt;/tr&gt;
          &lt;tr&gt;
            &lt;td align=&quot;left&quot; valign=&quot;middle&quot; rowspan=&quot;1&quot; colspan=&quot;1&quot;&gt;Education Level&lt;/td&gt;
            &lt;td align=&quot;center&quot; valign=&quot;middle&quot; rowspan=&quot;1&quot; colspan=&quot;1&quot;/&gt;
          &lt;/tr&gt;
          &lt;tr&gt;
            &lt;td align=&quot;left&quot; valign=&quot;middle&quot; rowspan=&quot;1&quot; colspan=&quot;1&quot;&gt; High School/GED&lt;/td&gt;
            &lt;td align=&quot;center&quot; valign=&quot;middle&quot; rowspan=&quot;1&quot; colspan=&quot;1&quot;&gt;25 (31.6)&lt;/td&gt;
          &lt;/tr&gt;
          &lt;tr&gt;
            &lt;td align=&quot;left&quot; valign=&quot;middle&quot; rowspan=&quot;1&quot; colspan=&quot;1&quot;&gt; Associates Degree&lt;/td&gt;
            &lt;td align=&quot;center&quot; valign=&quot;middle&quot; rowspan=&quot;1&quot; colspan=&quot;1&quot;&gt;11 (13.9)&lt;/td&gt;
          &lt;/tr&gt;
          &lt;tr&gt;
            &lt;td align=&quot;left&quot; valign=&quot;middle&quot; rowspan=&quot;1&quot; colspan=&quot;1&quot;&gt; Bachelor’s Degree&lt;/td&gt;
            &lt;td align=&quot;center&quot; valign=&quot;middle&quot; rowspan=&quot;1&quot; colspan=&quot;1&quot;&gt;19 (24.1)&lt;/td&gt;
          &lt;/tr&gt;
          &lt;tr&gt;
            &lt;td align=&quot;left&quot; valign=&quot;middle&quot; rowspan=&quot;1&quot; colspan=&quot;1&quot;&gt; Graduate Degree&lt;/td&gt;
            &lt;td align=&quot;center&quot; valign=&quot;middle&quot; rowspan=&quot;1&quot; colspan=&quot;1&quot;&gt;24 (30.4)&lt;/td&gt;
          &lt;/tr&gt;
          &lt;tr&gt;
            &lt;td align=&quot;left&quot; valign=&quot;middle&quot; rowspan=&quot;1&quot; colspan=&quot;1&quot;&gt;Annual Household Income&lt;/td&gt;
            &lt;td align=&quot;center&quot; valign=&quot;middle&quot; rowspan=&quot;1&quot; colspan=&quot;1&quot;/&gt;
          &lt;/tr&gt;
          &lt;tr&gt;
            &lt;td align=&quot;left&quot; valign=&quot;middle&quot; rowspan=&quot;1&quot; colspan=&quot;1&quot;&gt; &amp;lt;$50,000&lt;/td&gt;
            &lt;td align=&quot;center&quot; valign=&quot;middle&quot; rowspan=&quot;1&quot; colspan=&quot;1&quot;&gt;25 (31.6)&lt;/td&gt;
          &lt;/tr&gt;
          &lt;tr&gt;
            &lt;td align=&quot;left&quot; valign=&quot;middle&quot; rowspan=&quot;1&quot; colspan=&quot;1&quot;&gt; $50,000 – $99.999&lt;/td&gt;
            &lt;td align=&quot;center&quot; valign=&quot;middle&quot; rowspan=&quot;1&quot; colspan=&quot;1&quot;&gt;25 (31.6)&lt;/td&gt;
          &lt;/tr&gt;
          &lt;tr&gt;
            &lt;td align=&quot;left&quot; valign=&quot;middle&quot; rowspan=&quot;1&quot; colspan=&quot;1&quot;&gt; $100,000 or more&lt;/td&gt;
            &lt;td align=&quot;center&quot; valign=&quot;middle&quot; rowspan=&quot;1&quot; colspan=&quot;1&quot;&gt;28 (35.4)&lt;/td&gt;
          &lt;/tr&gt;
          &lt;tr&gt;
            &lt;td align=&quot;left&quot; valign=&quot;middle&quot; rowspan=&quot;1&quot; colspan=&quot;1&quot;&gt;Married/Partnered&lt;/td&gt;
            &lt;td align=&quot;center&quot; valign=&quot;middle&quot; rowspan=&quot;1&quot; colspan=&quot;1&quot;&gt;75 (94.9)&lt;/td&gt;
          &lt;/tr&gt;
          &lt;tr&gt;
            &lt;td align=&quot;left&quot; valign=&quot;middle&quot; rowspan=&quot;1&quot; colspan=&quot;1&quot;&gt;Geographic Classification&lt;/td&gt;
            &lt;td align=&quot;center&quot; valign=&quot;middle&quot; rowspan=&quot;1&quot; colspan=&quot;1&quot;/&gt;
          &lt;/tr&gt;
          &lt;tr&gt;
            &lt;td align=&quot;left&quot; valign=&quot;middle&quot; rowspan=&quot;1&quot; colspan=&quot;1&quot;&gt; Rural&lt;/td&gt;
            &lt;td align=&quot;center&quot; valign=&quot;middle&quot; rowspan=&quot;1&quot; colspan=&quot;1&quot;&gt;21 (26.6)&lt;/td&gt;
          &lt;/tr&gt;
          &lt;tr&gt;
            &lt;td align=&quot;left&quot; valign=&quot;middle&quot; rowspan=&quot;1&quot; colspan=&quot;1&quot;&gt; Suburban&lt;/td&gt;
            &lt;td align=&quot;center&quot; valign=&quot;middle&quot; rowspan=&quot;1&quot; colspan=&quot;1&quot;&gt;43 (54.4)&lt;/td&gt;
          &lt;/tr&gt;
          &lt;tr style=&quot;border-bottom: solid 1px&quot;&gt;
            &lt;td align=&quot;left&quot; valign=&quot;middle&quot; rowspan=&quot;1&quot; colspan=&quot;1&quot;&gt; Urban&lt;/td&gt;
            &lt;td align=&quot;center&quot; valign=&quot;middle&quot; rowspan=&quot;1&quot; colspan=&quot;1&quot;&gt;15 (19.0)&lt;/td&gt;
          &lt;/tr&gt;
          &lt;tr style=&quot;border-bottom: solid 1px&quot;&gt;
            &lt;td align=&quot;left&quot; valign=&quot;middle&quot; rowspan=&quot;1&quot; colspan=&quot;1&quot;&gt;Child Characteristics&lt;/td&gt;
            &lt;td align=&quot;center&quot; valign=&quot;top&quot; rowspan=&quot;1&quot; colspan=&quot;1&quot;/&gt;
          &lt;/tr&gt;
          &lt;tr&gt;
            &lt;td align=&quot;left&quot; valign=&quot;middle&quot; rowspan=&quot;1&quot; colspan=&quot;1&quot;&gt;Prenatal Cardiac Diagnosis&lt;/td&gt;
            &lt;td align=&quot;center&quot; valign=&quot;middle&quot; rowspan=&quot;1&quot; colspan=&quot;1&quot;&gt;51 (64.6)&lt;/td&gt;
          &lt;/tr&gt;
          &lt;tr&gt;
            &lt;td align=&quot;left&quot; valign=&quot;middle&quot; rowspan=&quot;1&quot; colspan=&quot;1&quot;&gt;Single Ventricle Cardiac Physiology&lt;/td&gt;
            &lt;td align=&quot;center&quot; valign=&quot;middle&quot; rowspan=&quot;1&quot; colspan=&quot;1&quot;&gt;38 (48.1)&lt;/td&gt;
          &lt;/tr&gt;
          &lt;tr&gt;
            &lt;td align=&quot;left&quot; valign=&quot;middle&quot; rowspan=&quot;1&quot; colspan=&quot;1&quot;&gt;Premature Birth&lt;/td&gt;
            &lt;td align=&quot;center&quot; valign=&quot;middle&quot; rowspan=&quot;1&quot; colspan=&quot;1&quot;&gt;18 (22.8)&lt;/td&gt;
          &lt;/tr&gt;
          &lt;tr&gt;
            &lt;td align=&quot;left&quot; valign=&quot;middle&quot; rowspan=&quot;1&quot; colspan=&quot;1&quot;&gt;Suspected/Confirmed Genetic Syndrome&lt;/td&gt;
            &lt;td align=&quot;center&quot; valign=&quot;middle&quot; rowspan=&quot;1&quot; colspan=&quot;1&quot;&gt;15 (19.0)&lt;/td&gt;
          &lt;/tr&gt;
          &lt;tr&gt;
            &lt;td align=&quot;left&quot; valign=&quot;middle&quot; rowspan=&quot;1&quot; colspan=&quot;1&quot;&gt;Age at First Surgery&lt;/td&gt;
            &lt;td align=&quot;center&quot; valign=&quot;middle&quot; rowspan=&quot;1&quot; colspan=&quot;1&quot;/&gt;
          &lt;/tr&gt;
          &lt;tr&gt;
            &lt;td align=&quot;left&quot; valign=&quot;middle&quot; rowspan=&quot;1&quot; colspan=&quot;1&quot;&gt; Less than 1 month&lt;/td&gt;
            &lt;td align=&quot;center&quot; valign=&quot;middle&quot; rowspan=&quot;1&quot; colspan=&quot;1&quot;&gt;57 (72.2)&lt;/td&gt;
          &lt;/tr&gt;
          &lt;tr&gt;
            &lt;td align=&quot;left&quot; valign=&quot;middle&quot; rowspan=&quot;1&quot; colspan=&quot;1&quot;&gt; 1–3 months&lt;/td&gt;
            &lt;td align=&quot;center&quot; valign=&quot;middle&quot; rowspan=&quot;1&quot; colspan=&quot;1&quot;&gt;10 (12.7)&lt;/td&gt;
          &lt;/tr&gt;
          &lt;tr&gt;
            &lt;td align=&quot;left&quot; valign=&quot;middle&quot; rowspan=&quot;1&quot; colspan=&quot;1&quot;&gt; 4–9 months&lt;/td&gt;
            &lt;td align=&quot;center&quot; valign=&quot;middle&quot; rowspan=&quot;1&quot; colspan=&quot;1&quot;&gt;11 (13.9)&lt;/td&gt;
          &lt;/tr&gt;
          &lt;tr&gt;
            &lt;td align=&quot;left&quot; valign=&quot;middle&quot; rowspan=&quot;1&quot; colspan=&quot;1&quot;&gt;&amp;gt;1 Open Heart Surgery&lt;/td&gt;
            &lt;td align=&quot;center&quot; valign=&quot;middle&quot; rowspan=&quot;1&quot; colspan=&quot;1&quot;&gt;57 (72.2)&lt;/td&gt;
          &lt;/tr&gt;
          &lt;tr&gt;
            &lt;td align=&quot;left&quot; valign=&quot;middle&quot; rowspan=&quot;1&quot; colspan=&quot;1&quot;&gt;Days in Hospital During Infancy (&amp;lt;12 months)&lt;/td&gt;
            &lt;td align=&quot;center&quot; valign=&quot;middle&quot; rowspan=&quot;1&quot; colspan=&quot;1&quot;/&gt;
          &lt;/tr&gt;
          &lt;tr&gt;
            &lt;td align=&quot;left&quot; valign=&quot;middle&quot; rowspan=&quot;1&quot; colspan=&quot;1&quot;&gt; &amp;lt;30 days&lt;/td&gt;
            &lt;td align=&quot;center&quot; valign=&quot;middle&quot; rowspan=&quot;1&quot; colspan=&quot;1&quot;&gt;21 (26.6)&lt;/td&gt;
          &lt;/tr&gt;
          &lt;tr&gt;
            &lt;td align=&quot;left&quot; valign=&quot;middle&quot; rowspan=&quot;1&quot; colspan=&quot;1&quot;&gt; 30–59 days&lt;/td&gt;
            &lt;td align=&quot;center&quot; valign=&quot;middle&quot; rowspan=&quot;1&quot; colspan=&quot;1&quot;&gt;21 (26.6)&lt;/td&gt;
          &lt;/tr&gt;
          &lt;tr&gt;
            &lt;td align=&quot;left&quot; valign=&quot;middle&quot; rowspan=&quot;1&quot; colspan=&quot;1&quot;&gt; 60–90 days&lt;/td&gt;
            &lt;td align=&quot;center&quot; valign=&quot;middle&quot; rowspan=&quot;1&quot; colspan=&quot;1&quot;&gt;16 (20.2)&lt;/td&gt;
          &lt;/tr&gt;
          &lt;tr&gt;
            &lt;td align=&quot;left&quot; valign=&quot;middle&quot; rowspan=&quot;1&quot; colspan=&quot;1&quot;&gt; &amp;gt;90 days&lt;/td&gt;
            &lt;td align=&quot;center&quot; valign=&quot;middle&quot; rowspan=&quot;1&quot; colspan=&quot;1&quot;&gt;20 (25.3)&lt;/td&gt;
          &lt;/tr&gt;
          &lt;tr&gt;
            &lt;td align=&quot;left&quot; valign=&quot;middle&quot; rowspan=&quot;1&quot; colspan=&quot;1&quot;&gt;Discharged with Feeding Tube&lt;/td&gt;
            &lt;td align=&quot;center&quot; valign=&quot;middle&quot; rowspan=&quot;1&quot; colspan=&quot;1&quot;&gt;39 (49.4)&lt;/td&gt;
          &lt;/tr&gt;
        &lt;/tbody&gt;
      &lt;/table&gt;
</infon><offset>28882</offset><text>	Frequency (%)	 	Parent Characteristics	 	Race/Ethnicity		 	 Non-Hispanic White	73 (92.4)	 	 Black or African-American	2 (2.5)	 	 Hispanic/Latino	5 (6.3)	 	 Asian	3 (3.8)	 	Education Level		 	 High School/GED	25 (31.6)	 	 Associates Degree	11 (13.9)	 	 Bachelor’s Degree	19 (24.1)	 	 Graduate Degree	24 (30.4)	 	Annual Household Income		 	 &lt;$50,000	25 (31.6)	 	 $50,000 – $99.999	25 (31.6)	 	 $100,000 or more	28 (35.4)	 	Married/Partnered	75 (94.9)	 	Geographic Classification		 	 Rural	21 (26.6)	 	 Suburban	43 (54.4)	 	 Urban	15 (19.0)	 	Child Characteristics		 	Prenatal Cardiac Diagnosis	51 (64.6)	 	Single Ventricle Cardiac Physiology	38 (48.1)	 	Premature Birth	18 (22.8)	 	Suspected/Confirmed Genetic Syndrome	15 (19.0)	 	Age at First Surgery		 	 Less than 1 month	57 (72.2)	 	 1–3 months	10 (12.7)	 	 4–9 months	11 (13.9)	 	&gt;1 Open Heart Surgery	57 (72.2)	 	Days in Hospital During Infancy (&lt;12 months)		 	 &lt;30 days	21 (26.6)	 	 30–59 days	21 (26.6)	 	 60–90 days	16 (20.2)	 	 &gt;90 days	20 (25.3)	 	Discharged with Feeding Tube	39 (49.4)	 	</text></passage><passage><infon key="file">T1.xml</infon><infon key="id">T1</infon><infon key="section_type">TABLE</infon><infon key="type">table_footnote</infon><offset>29985</offset><text>Note. Some participants endorsed more than one race/ethnicity.</text></passage><passage><infon key="file">T2.xml</infon><infon key="id">T2</infon><infon key="section_type">TABLE</infon><infon key="type">table_caption</infon><offset>30048</offset><text>Themes and Representative Quotes</text></passage><passage><infon key="file">T2.xml</infon><infon key="id">T2</infon><infon key="section_type">TABLE</infon><infon key="type">table</infon><infon key="xml">&lt;?xml version=&quot;1.0&quot; encoding=&quot;UTF-8&quot;?&gt;
&lt;table frame=&quot;void&quot; rules=&quot;none&quot;&gt;
        &lt;colgroup span=&quot;1&quot;&gt;
          &lt;col align=&quot;left&quot; valign=&quot;middle&quot; span=&quot;1&quot;/&gt;
          &lt;col align=&quot;left&quot; valign=&quot;middle&quot; span=&quot;1&quot;/&gt;
          &lt;col align=&quot;left&quot; valign=&quot;middle&quot; span=&quot;1&quot;/&gt;
        &lt;/colgroup&gt;
        &lt;thead&gt;
          &lt;tr&gt;
            &lt;th align=&quot;left&quot; valign=&quot;top&quot; rowspan=&quot;1&quot; colspan=&quot;1&quot;&gt;Theme&lt;/th&gt;
            &lt;th align=&quot;left&quot; valign=&quot;top&quot; rowspan=&quot;1&quot; colspan=&quot;1&quot;&gt;Sub-theme&lt;/th&gt;
            &lt;th align=&quot;left&quot; valign=&quot;top&quot; rowspan=&quot;1&quot; colspan=&quot;1&quot;&gt;Representative quotes&lt;/th&gt;
          &lt;/tr&gt;
        &lt;/thead&gt;
        &lt;tbody&gt;
          &lt;tr&gt;
            &lt;td rowspan=&quot;4&quot; align=&quot;left&quot; valign=&quot;top&quot; colspan=&quot;1&quot;&gt;
&lt;bold&gt;Establishing a bond with my baby&lt;/bold&gt;
&lt;/td&gt;
            &lt;td align=&quot;left&quot; valign=&quot;top&quot; rowspan=&quot;1&quot; colspan=&quot;1&quot;&gt;
&lt;italic toggle=&quot;yes&quot;&gt;Becoming my baby’s primary caregiver&lt;/italic&gt;
&lt;/td&gt;
            &lt;td align=&quot;left&quot; valign=&quot;top&quot; rowspan=&quot;1&quot; colspan=&quot;1&quot;&gt;
&lt;p id=&quot;P337&quot;&gt;&lt;disp-quote id=&quot;Q1&quot;&gt;&lt;p id=&quot;P37&quot;&gt;I wish they had considered how involved we wanted to be, especially in the ICU. We really wanted to have a “normal” newborn experience, and it would have been great if they had recognized it and helped us try to be as normal as possible. They could have asked us what we wanted to do or if there was anything we weren’t comfortable doing.&lt;/p&gt;&lt;attrib&gt;Father 1&lt;/attrib&gt;&lt;/disp-quote&gt;&lt;/p&gt;
&lt;break/&gt;&lt;/td&gt;
          &lt;/tr&gt;
          &lt;tr&gt;
            &lt;td align=&quot;left&quot; valign=&quot;top&quot; rowspan=&quot;1&quot; colspan=&quot;1&quot;&gt;
&lt;italic toggle=&quot;yes&quot;&gt;Learning how to provide care in the hospital&lt;/italic&gt;
&lt;/td&gt;
            &lt;td align=&quot;left&quot; valign=&quot;top&quot; rowspan=&quot;1&quot; colspan=&quot;1&quot;&gt;
&lt;p id=&quot;P338&quot;&gt;&lt;disp-quote id=&quot;Q2&quot;&gt;&lt;p id=&quot;P38&quot;&gt;Teaching us how to do things from the beginning…We would’ve felt more empowered if we could have known things from the beginning and been physically caring for her more. You feel so helpless already with CHD, but not being able to feed your baby or change their diaper just makes you feel useless entirely.&lt;/p&gt;&lt;attrib&gt;Father 24&lt;/attrib&gt;&lt;/disp-quote&gt;&lt;/p&gt;
&lt;break/&gt;&lt;/td&gt;
          &lt;/tr&gt;
          &lt;tr&gt;
            &lt;td align=&quot;left&quot; valign=&quot;top&quot; rowspan=&quot;1&quot; colspan=&quot;1&quot;&gt;
&lt;italic toggle=&quot;yes&quot;&gt;Feeling confident when providing care&lt;/italic&gt;
&lt;/td&gt;
            &lt;td align=&quot;left&quot; valign=&quot;top&quot; rowspan=&quot;1&quot; colspan=&quot;1&quot;&gt;
&lt;p id=&quot;P339&quot;&gt;&lt;disp-quote id=&quot;Q3&quot;&gt;&lt;p id=&quot;P39&quot;&gt;When we moved from CVICU to the step-down unit, we were unprepared for the change in level of care…we were now more responsible for the care of his needs but the medical care still scared me and there wasn’t the same 1-on-1 to ask questions, walk us through it. We just had to figure it out for ourselves.&lt;/p&gt;&lt;attrib&gt;Mother 150&lt;/attrib&gt;&lt;/disp-quote&gt;&lt;/p&gt;
&lt;break/&gt;&lt;/td&gt;
          &lt;/tr&gt;
          &lt;tr&gt;
            &lt;td align=&quot;left&quot; valign=&quot;top&quot; rowspan=&quot;1&quot; colspan=&quot;1&quot;&gt;
&lt;italic toggle=&quot;yes&quot;&gt;Making the hospital feel like home&lt;/italic&gt;
&lt;/td&gt;
            &lt;td align=&quot;left&quot; valign=&quot;top&quot; rowspan=&quot;1&quot; colspan=&quot;1&quot;&gt;
&lt;p id=&quot;P340&quot;&gt;&lt;disp-quote id=&quot;Q4&quot;&gt;&lt;p id=&quot;P40&quot;&gt;I was able to learn a lot and was encouraged to care for my baby the way I felt was beneficial. It was nice to have their guidance but not be forced to do things their way so I could learn to parent and bond with my baby in an almost normal way, despite being inpatient.&lt;/p&gt;&lt;attrib&gt;Mother 32&lt;/attrib&gt;&lt;/disp-quote&gt;&lt;/p&gt;
&lt;break/&gt;&lt;/td&gt;
          &lt;/tr&gt;
          &lt;tr&gt;
            &lt;td rowspan=&quot;4&quot; align=&quot;left&quot; valign=&quot;top&quot; colspan=&quot;1&quot;&gt;
&lt;bold&gt;Asserting my role as a parent&lt;/bold&gt;
&lt;/td&gt;
            &lt;td align=&quot;left&quot; valign=&quot;top&quot; rowspan=&quot;1&quot; colspan=&quot;1&quot;&gt;
&lt;italic toggle=&quot;yes&quot;&gt;Becoming my baby’s primary decision-maker&lt;/italic&gt;
&lt;/td&gt;
            &lt;td align=&quot;left&quot; valign=&quot;top&quot; rowspan=&quot;1&quot; colspan=&quot;1&quot;&gt;
&lt;p id=&quot;P341&quot;&gt;&lt;disp-quote id=&quot;Q5&quot;&gt;&lt;p id=&quot;P41&quot;&gt;One doctor would always ask our permission to listen to our son with a stethoscope. After a few months I asked him why he asked our permission. He told me that when a baby is critically ill, that sometimes the only decision that a mom gets to make regarding care is allowing him to listen to their baby.&lt;/p&gt;&lt;attrib&gt;Mother 137&lt;/attrib&gt;&lt;/disp-quote&gt;&lt;/p&gt;
&lt;break/&gt;&lt;/td&gt;
          &lt;/tr&gt;
          &lt;tr&gt;
            &lt;td align=&quot;left&quot; valign=&quot;top&quot; rowspan=&quot;1&quot; colspan=&quot;1&quot;&gt;
&lt;italic toggle=&quot;yes&quot;&gt;Learning about my baby’s medical condition&lt;/italic&gt;
&lt;/td&gt;
            &lt;td align=&quot;left&quot; valign=&quot;top&quot; rowspan=&quot;1&quot; colspan=&quot;1&quot;&gt;
&lt;p id=&quot;P342&quot;&gt;&lt;disp-quote id=&quot;Q6&quot;&gt;&lt;p id=&quot;P42&quot;&gt;I felt powerless to help. I couldn’t feed him, hold him and could barely touch him…I tried to cope by learning everything I could about his diagnosis. I asked endless questions, I read journal articles, I memorized what drugs he was on and what they all did. This helped to at least make me feel like I was a small part of the team keeping this sweet baby alive.&lt;/p&gt;&lt;attrib&gt;Mother 74&lt;/attrib&gt;&lt;/disp-quote&gt;&lt;/p&gt;
&lt;break/&gt;&lt;/td&gt;
          &lt;/tr&gt;
          &lt;tr&gt;
            &lt;td align=&quot;left&quot; valign=&quot;top&quot; rowspan=&quot;1&quot; colspan=&quot;1&quot;&gt;
&lt;italic toggle=&quot;yes&quot;&gt;Advocating for my baby’s needs&lt;/italic&gt;
&lt;/td&gt;
            &lt;td align=&quot;left&quot; valign=&quot;top&quot; rowspan=&quot;1&quot; colspan=&quot;1&quot;&gt;
&lt;p id=&quot;P343&quot;&gt;&lt;disp-quote id=&quot;Q7&quot;&gt;&lt;p id=&quot;P43&quot;&gt;[During] previous hospital stays I [felt] like I was on a different side than the team…they had their side and parents had their side. That made it so I wasn’t able to open up to them or advocate the best I knew how for [my baby]. I have learned over time that we are on the same team…I have been more able to express myself&lt;/p&gt;&lt;attrib&gt;Mother 53&lt;/attrib&gt;&lt;/disp-quote&gt;&lt;/p&gt;
&lt;break/&gt;&lt;/td&gt;
          &lt;/tr&gt;
          &lt;tr&gt;
            &lt;td align=&quot;left&quot; valign=&quot;top&quot; rowspan=&quot;1&quot; colspan=&quot;1&quot;&gt;
&lt;italic toggle=&quot;yes&quot;&gt;Acting according to our family’s values and preferences&lt;/italic&gt;
&lt;/td&gt;
            &lt;td align=&quot;left&quot; valign=&quot;top&quot; rowspan=&quot;1&quot; colspan=&quot;1&quot;&gt;
&lt;p id=&quot;P344&quot;&gt;&lt;disp-quote id=&quot;Q8&quot;&gt;&lt;p id=&quot;P44&quot;&gt;There was a lactation specialist who was…insisting that I get back to breastfeeding and ignoring my stress over potentially hurting my baby…She was a knowledgeable professional but she wasn’t very supportive…to a mom who just went through something traumatic…Pumping was what worked for us and she could have been more respectful and encouraging of our choice.&lt;/p&gt;&lt;attrib&gt;Mother 109&lt;/attrib&gt;&lt;/disp-quote&gt;&lt;/p&gt;
&lt;break/&gt;&lt;/td&gt;
          &lt;/tr&gt;
          &lt;tr&gt;
            &lt;td rowspan=&quot;2&quot; align=&quot;left&quot; valign=&quot;top&quot; colspan=&quot;1&quot;&gt;
&lt;bold&gt;Coping with fear and uncertainty&lt;/bold&gt;
&lt;/td&gt;
            &lt;td align=&quot;left&quot; valign=&quot;top&quot; rowspan=&quot;1&quot; colspan=&quot;1&quot;&gt;
&lt;italic toggle=&quot;yes&quot;&gt;Sharing my experiences without fear of judgement&lt;/italic&gt;
&lt;/td&gt;
            &lt;td align=&quot;left&quot; valign=&quot;top&quot; rowspan=&quot;1&quot; colspan=&quot;1&quot;&gt;
&lt;p id=&quot;P345&quot;&gt;&lt;disp-quote id=&quot;Q9&quot;&gt;&lt;p id=&quot;P45&quot;&gt;There were some nurses…we were comfortable sharing our frustrations and stresses with…Those who would hear us out and address our concerns in rounds. They understood hospital related stresses better than most. There were others we didn’t trust or didn’t agree with…they added to the stresses we were already experiencing.&lt;/p&gt;&lt;attrib&gt;Father 94&lt;/attrib&gt;&lt;/disp-quote&gt;&lt;/p&gt;
&lt;break/&gt;&lt;/td&gt;
          &lt;/tr&gt;
          &lt;tr&gt;
            &lt;td align=&quot;left&quot; valign=&quot;top&quot; rowspan=&quot;1&quot; colspan=&quot;1&quot;&gt;
&lt;italic toggle=&quot;yes&quot;&gt;Receiving support to care for myself&lt;/italic&gt;
&lt;/td&gt;
            &lt;td align=&quot;left&quot; valign=&quot;top&quot; rowspan=&quot;1&quot; colspan=&quot;1&quot;&gt;
&lt;p id=&quot;P346&quot;&gt;&lt;disp-quote id=&quot;Q10&quot;&gt;&lt;p id=&quot;P46&quot;&gt;I also wish someone would have told me that anxiety and PTSD are common for heart parents and that it is completely normal to feel overwhelmed, worried, scared, helpless and isolated. I don’t think I was prepared for all of those feelings and I certainly didn’t know what to do with them when I was so focused on trying to help my baby.&lt;/p&gt;&lt;attrib&gt;Mother 92&lt;/attrib&gt;&lt;/disp-quote&gt;&lt;/p&gt;
&lt;break/&gt;&lt;/td&gt;
          &lt;/tr&gt;
        &lt;/tbody&gt;
      &lt;/table&gt;
</infon><offset>30081</offset><text>Theme	Sub-theme	Representative quotes	 	Establishing a bond with my baby	Becoming my baby’s primary caregiver	I wish they had considered how involved we wanted to be, especially in the ICU. We really wanted to have a “normal” newborn experience, and it would have been great if they had recognized it and helped us try to be as normal as possible. They could have asked us what we wanted to do or if there was anything we weren’t comfortable doing.	 	Learning how to provide care in the hospital	Teaching us how to do things from the beginning…We would’ve felt more empowered if we could have known things from the beginning and been physically caring for her more. You feel so helpless already with CHD, but not being able to feed your baby or change their diaper just makes you feel useless entirely.	 	Feeling confident when providing care	When we moved from CVICU to the step-down unit, we were unprepared for the change in level of care…we were now more responsible for the care of his needs but the medical care still scared me and there wasn’t the same 1-on-1 to ask questions, walk us through it. We just had to figure it out for ourselves.	 	Making the hospital feel like home	I was able to learn a lot and was encouraged to care for my baby the way I felt was beneficial. It was nice to have their guidance but not be forced to do things their way so I could learn to parent and bond with my baby in an almost normal way, despite being inpatient.	 	Asserting my role as a parent	Becoming my baby’s primary decision-maker	One doctor would always ask our permission to listen to our son with a stethoscope. After a few months I asked him why he asked our permission. He told me that when a baby is critically ill, that sometimes the only decision that a mom gets to make regarding care is allowing him to listen to their baby.	 	Learning about my baby’s medical condition	I felt powerless to help. I couldn’t feed him, hold him and could barely touch him…I tried to cope by learning everything I could about his diagnosis. I asked endless questions, I read journal articles, I memorized what drugs he was on and what they all did. This helped to at least make me feel like I was a small part of the team keeping this sweet baby alive.	 	Advocating for my baby’s needs	[During] previous hospital stays I [felt] like I was on a different side than the team…they had their side and parents had their side. That made it so I wasn’t able to open up to them or advocate the best I knew how for [my baby]. I have learned over time that we are on the same team…I have been more able to express myself	 	Acting according to our family’s values and preferences	There was a lactation specialist who was…insisting that I get back to breastfeeding and ignoring my stress over potentially hurting my baby…She was a knowledgeable professional but she wasn’t very supportive…to a mom who just went through something traumatic…Pumping was what worked for us and she could have been more respectful and encouraging of our choice.	 	Coping with fear and uncertainty	Sharing my experiences without fear of judgement	There were some nurses…we were comfortable sharing our frustrations and stresses with…Those who would hear us out and address our concerns in rounds. They understood hospital related stresses better than most. There were others we didn’t trust or didn’t agree with…they added to the stresses we were already experiencing.	 	Receiving support to care for myself	I also wish someone would have told me that anxiety and PTSD are common for heart parents and that it is completely normal to feel overwhelmed, worried, scared, helpless and isolated. I don’t think I was prepared for all of those feelings and I certainly didn’t know what to do with them when I was so focused on trying to help my baby.	 	</text></passage><passage><infon key="file">T3.xml</infon><infon key="id">T3</infon><infon key="section_type">TABLE</infon><infon key="type">table_caption</infon><offset>33944</offset><text>Recommendations to Support Parenting during Infant Hospitalization</text></passage><passage><infon key="file">T3.xml</infon><infon key="id">T3</infon><infon key="section_type">TABLE</infon><infon key="type">table</infon><infon key="xml">&lt;?xml version=&quot;1.0&quot; encoding=&quot;UTF-8&quot;?&gt;
&lt;table frame=&quot;void&quot; rules=&quot;none&quot;&gt;
        &lt;colgroup span=&quot;1&quot;&gt;
          &lt;col align=&quot;left&quot; valign=&quot;middle&quot; span=&quot;1&quot;/&gt;
          &lt;col align=&quot;left&quot; valign=&quot;middle&quot; span=&quot;1&quot;/&gt;
          &lt;col align=&quot;left&quot; valign=&quot;middle&quot; span=&quot;1&quot;/&gt;
        &lt;/colgroup&gt;
        &lt;thead&gt;
          &lt;tr&gt;
            &lt;th align=&quot;left&quot; valign=&quot;top&quot; rowspan=&quot;1&quot; colspan=&quot;1&quot;&gt;Theme&lt;/th&gt;
            &lt;th align=&quot;left&quot; valign=&quot;top&quot; rowspan=&quot;1&quot; colspan=&quot;1&quot;&gt;Recommendations&lt;/th&gt;
            &lt;th align=&quot;left&quot; valign=&quot;top&quot; rowspan=&quot;1&quot; colspan=&quot;1&quot;&gt;Actions&lt;/th&gt;
          &lt;/tr&gt;
        &lt;/thead&gt;
        &lt;tbody&gt;
          &lt;tr&gt;
            &lt;td align=&quot;left&quot; valign=&quot;top&quot; rowspan=&quot;1&quot; colspan=&quot;1&quot;&gt;
&lt;bold&gt;Establishing a bond with my baby&lt;/bold&gt;
&lt;/td&gt;
            &lt;td align=&quot;left&quot; valign=&quot;top&quot; rowspan=&quot;1&quot; colspan=&quot;1&quot;&gt;Prioritize parent involvement in care&lt;/td&gt;
            &lt;td align=&quot;left&quot; valign=&quot;top&quot; rowspan=&quot;1&quot; colspan=&quot;1&quot;&gt;
&lt;list list-type=&quot;bullet&quot; id=&quot;L2&quot;&gt;&lt;list-item&gt;&lt;p id=&quot;P48&quot;&gt;Invite parents to participate in the daily care routine&lt;/p&gt;&lt;/list-item&gt;&lt;list-item&gt;&lt;p id=&quot;P49&quot;&gt;Encourage parents to comfort and interact with their infant&lt;/p&gt;&lt;/list-item&gt;&lt;list-item&gt;&lt;p id=&quot;P50&quot;&gt;Ensure parents have the opportunity to support infant milestones&lt;/p&gt;&lt;/list-item&gt;&lt;/list&gt;
&lt;/td&gt;
          &lt;/tr&gt;
          &lt;tr&gt;
            &lt;td align=&quot;left&quot; valign=&quot;top&quot; rowspan=&quot;1&quot; colspan=&quot;1&quot;/&gt;
            &lt;td align=&quot;left&quot; valign=&quot;top&quot; rowspan=&quot;1&quot; colspan=&quot;1&quot;&gt;Educate parents on how to adapt typical infant care tasks in the hospital setting&lt;/td&gt;
            &lt;td align=&quot;left&quot; valign=&quot;top&quot; rowspan=&quot;1&quot; colspan=&quot;1&quot;&gt;
&lt;list list-type=&quot;bullet&quot; id=&quot;L4&quot;&gt;&lt;list-item&gt;&lt;p id=&quot;P51&quot;&gt;Explicitly instruct parents on which aspects of care they can provide&lt;/p&gt;&lt;/list-item&gt;&lt;list-item&gt;&lt;p id=&quot;P52&quot;&gt;Provide lactation support and prioritize parent holding and breastfeeding even when logistically challenging&lt;/p&gt;&lt;/list-item&gt;&lt;/list&gt;
&lt;/td&gt;
          &lt;/tr&gt;
          &lt;tr&gt;
            &lt;td align=&quot;left&quot; valign=&quot;top&quot; rowspan=&quot;1&quot; colspan=&quot;1&quot;/&gt;
            &lt;td align=&quot;left&quot; valign=&quot;top&quot; rowspan=&quot;1&quot; colspan=&quot;1&quot;&gt;Gradually increase parent involvement in care&lt;/td&gt;
            &lt;td align=&quot;left&quot; valign=&quot;top&quot; rowspan=&quot;1&quot; colspan=&quot;1&quot;&gt;
&lt;list list-type=&quot;bullet&quot; id=&quot;L6&quot;&gt;&lt;list-item&gt;&lt;p id=&quot;P53&quot;&gt;Increase nursing support around transitions and when new care tasks are introduced&lt;/p&gt;&lt;/list-item&gt;&lt;list-item&gt;&lt;p id=&quot;P54&quot;&gt;Ensure expectations for parent involvement are consistent across staff&lt;/p&gt;&lt;/list-item&gt;&lt;/list&gt;
&lt;/td&gt;
          &lt;/tr&gt;
          &lt;tr&gt;
            &lt;td align=&quot;left&quot; valign=&quot;top&quot; rowspan=&quot;1&quot; colspan=&quot;1&quot;/&gt;
            &lt;td align=&quot;left&quot; valign=&quot;top&quot; rowspan=&quot;1&quot; colspan=&quot;1&quot;&gt;Help the hospital feel like home&lt;/td&gt;
            &lt;td align=&quot;left&quot; valign=&quot;top&quot; rowspan=&quot;1&quot; colspan=&quot;1&quot;&gt;
&lt;list list-type=&quot;bullet&quot; id=&quot;L8&quot;&gt;&lt;list-item&gt;&lt;p id=&quot;P55&quot;&gt;Ensure that parents have quiet time alone with their infant and infant’s siblings&lt;/p&gt;&lt;/list-item&gt;&lt;list-item&gt;&lt;p id=&quot;P56&quot;&gt;Support parents in establishing care routines&lt;/p&gt;&lt;/list-item&gt;&lt;/list&gt;
&lt;/td&gt;
          &lt;/tr&gt;
          &lt;tr&gt;
            &lt;td rowspan=&quot;4&quot; align=&quot;left&quot; valign=&quot;top&quot; colspan=&quot;1&quot;&gt;
&lt;bold&gt;Asserting my role as a parent&lt;/bold&gt;
&lt;/td&gt;
            &lt;td align=&quot;left&quot; valign=&quot;top&quot; rowspan=&quot;1&quot; colspan=&quot;1&quot;&gt;Support parents in becoming primary decision-makers&lt;/td&gt;
            &lt;td align=&quot;left&quot; valign=&quot;top&quot; rowspan=&quot;1&quot; colspan=&quot;1&quot;&gt;
&lt;list list-type=&quot;bullet&quot; id=&quot;L10&quot;&gt;&lt;list-item&gt;&lt;p id=&quot;P57&quot;&gt;Provide parents with enough information about their infant’s condition (even when information is potentially upsetting) to make informed medical decisions&lt;/p&gt;&lt;/list-item&gt;&lt;list-item&gt;&lt;p id=&quot;P58&quot;&gt;When parents are present, ask permission before providing non-emergent care&lt;/p&gt;&lt;/list-item&gt;&lt;/list&gt;
&lt;/td&gt;
          &lt;/tr&gt;
          &lt;tr&gt;
            &lt;td align=&quot;left&quot; valign=&quot;top&quot; rowspan=&quot;1&quot; colspan=&quot;1&quot;&gt;Openly share information with parents&lt;/td&gt;
            &lt;td align=&quot;left&quot; valign=&quot;top&quot; rowspan=&quot;1&quot; colspan=&quot;1&quot;&gt;
&lt;list list-type=&quot;bullet&quot; id=&quot;L12&quot;&gt;&lt;list-item&gt;&lt;p id=&quot;P59&quot;&gt;Elicit parent preferences for receiving information about their infant’s condition and prognosis and share information according to these preferences&lt;/p&gt;&lt;/list-item&gt;&lt;/list&gt;
&lt;/td&gt;
          &lt;/tr&gt;
          &lt;tr&gt;
            &lt;td align=&quot;left&quot; valign=&quot;top&quot; rowspan=&quot;1&quot; colspan=&quot;1&quot;&gt;Treat parents as trusted and valued care team members&lt;/td&gt;
            &lt;td align=&quot;left&quot; valign=&quot;top&quot; rowspan=&quot;1&quot; colspan=&quot;1&quot;&gt;
&lt;list list-type=&quot;bullet&quot; id=&quot;L14&quot;&gt;&lt;list-item&gt;&lt;p id=&quot;P60&quot;&gt;Listen to parent concerns and encourage shared decision making during bedside rounds&lt;/p&gt;&lt;/list-item&gt;&lt;/list&gt;
&lt;/td&gt;
          &lt;/tr&gt;
          &lt;tr&gt;
            &lt;td align=&quot;left&quot; valign=&quot;top&quot; rowspan=&quot;1&quot; colspan=&quot;1&quot;&gt;Show acceptance of parenting values&lt;/td&gt;
            &lt;td align=&quot;left&quot; valign=&quot;top&quot; rowspan=&quot;1&quot; colspan=&quot;1&quot;&gt;
&lt;list list-type=&quot;bullet&quot; id=&quot;L16&quot;&gt;&lt;list-item&gt;&lt;p id=&quot;P61&quot;&gt;Withhold judgement for parenting practices&lt;/p&gt;&lt;/list-item&gt;&lt;list-item&gt;&lt;p id=&quot;P62&quot;&gt;Recognize when hospital protocols conflict with parenting values and demonstrate flexibility when possible&lt;/p&gt;&lt;/list-item&gt;&lt;/list&gt;
&lt;/td&gt;
          &lt;/tr&gt;
          &lt;tr&gt;
            &lt;td align=&quot;left&quot; valign=&quot;top&quot; rowspan=&quot;1&quot; colspan=&quot;1&quot;&gt;
&lt;bold&gt;Coping with fear and uncertainty&lt;/bold&gt;
&lt;/td&gt;
            &lt;td align=&quot;left&quot; valign=&quot;top&quot; rowspan=&quot;1&quot; colspan=&quot;1&quot;&gt;Attend to parent emotional experiences&lt;/td&gt;
            &lt;td align=&quot;left&quot; valign=&quot;top&quot; rowspan=&quot;1&quot; colspan=&quot;1&quot;&gt;
&lt;list list-type=&quot;bullet&quot; id=&quot;L18&quot;&gt;&lt;list-item&gt;&lt;p id=&quot;P63&quot;&gt;Invite parents to share their experiences with medical providers&lt;/p&gt;&lt;/list-item&gt;&lt;list-item&gt;&lt;p id=&quot;P64&quot;&gt;Recognize when parent disengagement in care may be due to anxiety rather than disinterest&lt;/p&gt;&lt;/list-item&gt;&lt;/list&gt;
&lt;/td&gt;
          &lt;/tr&gt;
          &lt;tr&gt;
            &lt;td align=&quot;left&quot; valign=&quot;top&quot; rowspan=&quot;1&quot; colspan=&quot;1&quot;/&gt;
            &lt;td align=&quot;left&quot; valign=&quot;top&quot; rowspan=&quot;1&quot; colspan=&quot;1&quot;&gt;Encourage self-care&lt;/td&gt;
            &lt;td align=&quot;left&quot; valign=&quot;top&quot; rowspan=&quot;1&quot; colspan=&quot;1&quot;&gt;
&lt;list list-type=&quot;bullet&quot; id=&quot;L20&quot;&gt;&lt;list-item&gt;&lt;p id=&quot;P65&quot;&gt;Alter hospital protocols that require parents to be present at the infant’s bedside at all times&lt;/p&gt;&lt;/list-item&gt;&lt;list-item&gt;&lt;p id=&quot;P66&quot;&gt;Normalize experiences of stress and anxiety during hospitalization&lt;/p&gt;&lt;/list-item&gt;&lt;list-item&gt;&lt;p id=&quot;P67&quot;&gt;Provide psychosocial supports in the hospital for parents&lt;/p&gt;&lt;/list-item&gt;&lt;/list&gt;
&lt;/td&gt;
          &lt;/tr&gt;
        &lt;/tbody&gt;
      &lt;/table&gt;
</infon><offset>34011</offset><text>Theme	Recommendations	Actions	 	Establishing a bond with my baby	Prioritize parent involvement in care	Invite parents to participate in the daily care routineEncourage parents to comfort and interact with their infantEnsure parents have the opportunity to support infant milestones	 		Educate parents on how to adapt typical infant care tasks in the hospital setting	Explicitly instruct parents on which aspects of care they can provideProvide lactation support and prioritize parent holding and breastfeeding even when logistically challenging	 		Gradually increase parent involvement in care	Increase nursing support around transitions and when new care tasks are introducedEnsure expectations for parent involvement are consistent across staff	 		Help the hospital feel like home	Ensure that parents have quiet time alone with their infant and infant’s siblingsSupport parents in establishing care routines	 	Asserting my role as a parent	Support parents in becoming primary decision-makers	Provide parents with enough information about their infant’s condition (even when information is potentially upsetting) to make informed medical decisionsWhen parents are present, ask permission before providing non-emergent care	 	Openly share information with parents	Elicit parent preferences for receiving information about their infant’s condition and prognosis and share information according to these preferences	 	Treat parents as trusted and valued care team members	Listen to parent concerns and encourage shared decision making during bedside rounds	 	Show acceptance of parenting values	Withhold judgement for parenting practicesRecognize when hospital protocols conflict with parenting values and demonstrate flexibility when possible	 	Coping with fear and uncertainty	Attend to parent emotional experiences	Invite parents to share their experiences with medical providersRecognize when parent disengagement in care may be due to anxiety rather than disinterest	 		Encourage self-care	Alter hospital protocols that require parents to be present at the infant’s bedside at all timesNormalize experiences of stress and anxiety during hospitalizationProvide psychosocial supports in the hospital for parents	 	</text></passage></document></collection>
