<?xml version="1.0" encoding="UTF-8"?>
<!DOCTYPE collection SYSTEM "BioC.dtd">
<collection><source>PMC</source><date>20201222</date><key>pmc.key</key><document><id>7541111</id><infon key="license">CC BY</infon><passage><infon key="alt-title">Top 10 Resources in Global Surgery</infon><infon key="article-id_doi">10.9745/GHSP-D-20-00050</infon><infon key="article-id_pmc">7541111</infon><infon key="article-id_pmid">33008867</infon><infon key="article-id_publisher-id">GHSP-D-20-00050</infon><infon key="fpage">606</infon><infon key="issue">3</infon><infon key="license">This is an open-access article distributed under the terms of the Creative Commons Attribution 4.0 International License (CC BY 4.0), which permits unrestricted use, distribution, and reproduction in any medium, provided the original author and source are properly cited. To view a copy of the license, visit http://creativecommons.org/licenses/by/4.0/. When linking to this article, please use the following permanent link: https://doi.org/10.9745/GHSP-D-20-00050</infon><infon key="lpage">611</infon><infon key="name_0">surname:Niyikuri;given-names:Alliance</infon><infon key="name_1">surname:Smith;given-names:Emily R.</infon><infon key="name_2">surname:Vervoort;given-names:Dominique</infon><infon key="name_3">surname:Shrime;given-names:Mark G.</infon><infon key="name_4">surname:Brown;given-names:Stav</infon><infon key="name_5">surname:Peters;given-names:Alexander W.</infon><infon key="name_6">surname:Yamey;given-names:Gavin</infon><infon key="name_7">surname:Makasa;given-names:Emmanuel</infon><infon key="section_type">TITLE</infon><infon key="type">front</infon><infon key="volume">8</infon><infon key="year">2020</infon><offset>0</offset><text>Top 10 Resources in Global Surgery</text></passage><passage><infon key="section_type">ABSTRACT</infon><infon key="type">abstract</infon><offset>35</offset><text>This resource list could serve to orient those interested in global surgery and could be supplemented with resources advocating for global surgery from clinical, population health, or policy perspectives.</text></passage><passage><infon key="section_type">ABSTRACT</infon><infon key="type">abstract_title_1</infon><offset>240</offset><text>Key Messages</text></passage><passage><infon key="section_type">ABSTRACT</infon><infon key="type">abstract</infon><offset>253</offset><text>The most useful resource reported was Global Surgery 2030, along with other publications, data collection tools, books and training manuals, and a documentary.</text></passage><passage><infon key="section_type">ABSTRACT</infon><infon key="type">abstract</infon><offset>413</offset><text>This list could serve as a starting point for individuals interested in global surgery and be supplemented with resources advocating for global surgery from clinical, population health, or policy perspectives.</text></passage><passage><infon key="section_type">INTRO</infon><infon key="type">title_1</infon><offset>623</offset><text>THE GROWING FIELD OF GLOBAL SURGERY</text></passage><passage><infon key="section_type">INTRO</infon><infon key="type">paragraph</infon><offset>659</offset><text>Global surgery is defined as:</text></passage><passage><infon key="section_type">INTRO</infon><infon key="type">paragraph</infon><offset>689</offset><text>an area of study, research, practice, and advocacy that seeks to improve health outcomes and achieve health equity for all people who need surgical and anesthesia care, with a special emphasis on underserved populations and populations in crisis.</text></passage><passage><infon key="section_type">INTRO</infon><infon key="type">paragraph</infon><offset>936</offset><text>The need is great. Surgical disease is among the top 15 causes of disability, and surgical conditions account for up to 30% of total disability-adjusted life years (DALYs) lost worldwide—with the greatest need in low- and middle-income countries (LMICs). Surgery has been shown to be highly cost-effective when compared with standard global health interventions.</text></passage><passage><infon key="section_type">INTRO</infon><infon key="type">paragraph</infon><offset>1301</offset><text>The transition from the Millennium Development Goals to the Sustainable Development Goals has usheredin a new era for the global surgery community. Sustain-able Development Goal 3, to “ensure healthy lives and promote well-being at all ages,” emphasizes health system strengthening and universal health coverage. The provision of available, accessible, safe, timely, and affordable surgical and anesthesia care is identified as an integral component of a functional health system in countries at all levels of economic development and as essential to achieving universal health coverage. In addition, the importance of increasing education, safety, and capacity for the provision of surgical, anesthetic, and obstetric care is highlighted by several global health and development agencies and policy makers, including the World Bank and the World Health Organization (WHO).</text></passage><passage><infon key="section_type">INTRO</infon><infon key="type">paragraph</infon><offset>2179</offset><text>As a result, the emerging field of global surgery has increased in priority among health practitioners, including nonphysician surgeons and anesthetists, researchers, and students. Evidence of this prioritization includes a shift toward incorporating surgical care as an integral part of global health systems strengthening in LMICs that has occurred and will likely continue to grow in importance within global health agendas. Lastly, interest in the field from an academic research standpoint is evidenced by the increase in peer-reviewed publications. Between 2005 and 2015, research publications in the field of global surgery increased from approximately 570 articles in 2005 to more than 4,000 articles published in 2015, according to PubMed.</text></passage><passage><infon key="section_type">INTRO</infon><infon key="type">paragraph</infon><offset>2928</offset><text>Because of the growing interest in global surgery, momentum in this emerging field, and the importance of global surgery in the training of health professionals, we aimed to summarize the top resources in global surgery to orient readers to the field. We undertook a 2-stage process to identify and select the top 10 resources in global surgery.</text></passage><passage><infon key="section_type">INTRO</infon><infon key="type">paragraph</infon><offset>3274</offset><text>In the first stage, we convened a team of global surgery leaders, including persons with decades of experience in global surgery and emerging leaders. The team included 6 global surgeons from a variety of surgical specialties and training and 2 public health professionals. A diverse authorship team was deliberately selected so that the nominated resources would transcend disciplines, career stages, and setting. The authorship team also included representation from varying career stages, including 2 students, 2 residents, 3 practicing surgeons, and 2 academic researchers. Lastly, the team included leaders from LMICs and high-income countries (HICs). Twenty-one resources were nominated de novo, including 10 peer-reviewed articles, 4 books or monographs, 3 data collection tools, 2 development manuals, and 2 advocacy pieces, comprising a documentary film and a newspaper opinion-editorial article.</text></passage><passage><infon key="section_type">INTRO</infon><infon key="type">paragraph</infon><offset>4180</offset><text>The second stage involved a collaborative crowdsourcing initiative using social media and email distribution lists over a 1-month period. Using the social media and email platforms, we aimed to collect information from persons involved in global surgery from several perspectives, including surgeons, anesthesiologists and anesthetists, obstetricians, and public health students. We created a short survey that contained the 21 resources from stage 1 and asked participants to select their top 10 resources from this list. Participants were also asked to nominate other resources related to global surgery through short-answer responses. After the 1-month period, ratings and open-ended responses were compiled and tabulated, resulting in the nominated top 10 resources in global surgery.</text></passage><passage><infon key="section_type">INTRO</infon><infon key="type">title_1</infon><offset>4969</offset><text>GLOBAL SURGERY TOP 10 RESOURCES</text></passage><passage><infon key="section_type">INTRO</infon><infon key="type">paragraph</infon><offset>5001</offset><text>The top 10 resources included a wide variety of items including 3 publications, 3 data collection tools, 3 books or manuals, and 1 documentary film (Figure 1).</text></passage><passage><infon key="file">GH-GHSP200043F001.jpg</infon><infon key="id">fig1</infon><infon key="section_type">FIG</infon><infon key="type">fig_caption</infon><offset>5161</offset><text>Top 10 Resources in Global Surgery</text></passage><passage><infon key="section_type">INTRO</infon><infon key="type">title_2</infon><offset>5196</offset><text>Publications</text></passage><passage><infon key="section_type">INTRO</infon><infon key="type">paragraph</infon><offset>5209</offset><text>Surgery and Global Health: A View from Beyond the OR (2008) is widely regarded as the impetus for global surgery to become a major global health emphasis. Written by 2 key leaders in global health, Dr. Paul Farmer and Dr. Jim Kim outlined the need for surgery in LMICs and defined global surgery as the “neglected stepchild of global health.”</text></passage><passage><infon key="section_type">INTRO</infon><infon key="type">paragraph</infon><offset>5556</offset><text>Global Surgery 2030, a report by The Lancet Commission on Global Surgery (2015), repeatedly topped lists as the most useful and impactful resource. Launched in 2014, the Commission comprises a multidisciplinary, international team of commissioners, collaborators, and advisors from more than 110 countries and 6 continents. Its report, released in the following year, proposed a plan of action for this scale-up over the next 15 years. The data created by the Commission’s researchers have been included in the World Bank Development Indicators data collection and served as a launching point for the development of national surgical plans and the collection of primary global surgery data.</text></passage><passage><infon key="section_type">INTRO</infon><infon key="type">paragraph</infon><offset>6249</offset><text>In 2014, Grimes and colleagues wrote Cost-Effectiveness of Surgery in Low- and Middle-Income Countries: A Systematic Review to evaluate the cost-effectiveness of surgical interventions that could be available at district hospitals in LMICs. The authors argued that many surgical interventions are as cost-effective, lifesaving, and disability preventing as traditional global public health measures (e.g., vaccination, bed nets for malaria prevention), thus debunking the myth that the provision of surgery is too expensive for low-resource settings.</text></passage><passage><infon key="section_type">INTRO</infon><infon key="type">title_2</infon><offset>6800</offset><text>Datasets/Data Collection Tools</text></passage><passage><infon key="section_type">INTRO</infon><infon key="type">paragraph</infon><offset>6831</offset><text>As part of the Safe Surgery Saves Lives initiative formed by the World Alliance for Patient Safety and WHO, the WHO Surgical Safety Checklist was created to assist surgical teams in reducing avoidable surgical site infections and preventable deaths. The checklist, which has been implemented in over 4,100 hospitals and still actively used in more than 1,790 hospitals, is associated with reduced complications, infection, and mortality rates, improved team communication, and increased economic benefits.</text></passage><passage><infon key="section_type">INTRO</infon><infon key="type">paragraph</infon><offset>7337</offset><text>The second data collection tool resource is the online Global Burden of Disease (GBD) data (2017) repository and visualization tools. The GBD Results Tool, hosted by the Institute for Health Metrics and Evaluation, allows for a comprehensive overview of disease morbidity and mortality around the world and comparison between countries, risk and causal factors, and patient demographics.</text></passage><passage><infon key="section_type">INTRO</infon><infon key="type">paragraph</infon><offset>7725</offset><text>The final data collection tool resource includes the 6 core indicators reported by the Lancet Commission report that were incorporated in the World Bank Development Indicators in 2015. The incorporation of surgery-specific health indicators in the World Bank database, the largest collection of health, development, and economic data from members states, represents the first attempt to comprehensively gather primary surgical data on an international scale. In addition, the open-access nature of the data encourages accessibility to a wide range of users rather than only academics or those with sufficient economic resources.</text></passage><passage><infon key="section_type">INTRO</infon><infon key="type">title_2</infon><offset>8354</offset><text>Books and Manuals</text></passage><passage><infon key="section_type">INTRO</infon><infon key="type">paragraph</infon><offset>8372</offset><text>The third edition of the Disease Control Priorities (DCP3) series provides “the most up-to-date evidence on cost-effective interventions to address the burden of disease in low-resource settings.” Volume 1 of DCP3 is dedicated to Essential Surgery and evaluates 44 emergency and essential surgical procedures.</text></passage><passage><infon key="section_type">INTRO</infon><infon key="type">paragraph</infon><offset>8686</offset><text>Global Surgery: An Introduction, a booklet written by Dr. Dominique Vervoort in 2017, provides an introduction on the basic concepts, history, and future steps of global surgery and related topics, targeting an audience new to the field of global surgery.</text></passage><passage><infon key="section_type">INTRO</infon><infon key="type">paragraph</infon><offset>8942</offset><text>Lastly, following the movement toward National Surgical, Obstetric, and Anesthesia Plans (NSOAPs) in some sub-Saharan African countries and the launch of Zambia’s NSOAP, the WHO produced the Surgical Care Systems Strengthening: Developing National Surgical, Obstetric, and Anaesthesia Plans to highlight the importance of NSOAPs and the progress made in selected countries around the world.</text></passage><passage><infon key="section_type">INTRO</infon><infon key="type">title_2</infon><offset>9335</offset><text>Documentary</text></passage><passage><infon key="section_type">INTRO</infon><infon key="type">paragraph</infon><offset>9347</offset><text>Finally, The Checklist Effect, a 2015 documentary by the Lifebox Foundation directed by Lauren Anders Brown, follows surgical health professionals in Haiti, Uganda, Mongolia, Guatemala, and Moldova. The documentary has been screened and awarded at several international global health film festivals and translated into 10 languages by student members of the International Student Surgical Network, an international nonprofit organization, consisting of medical students, residents, and young doctors interested in global surgery.</text></passage><passage><infon key="section_type">INTRO</infon><infon key="type">title_1</infon><offset>9877</offset><text>ADDITIONAL RESOURCES</text></passage><passage><infon key="section_type">INTRO</infon><infon key="type">paragraph</infon><offset>9898</offset><text>Due to the increased interest in global surgery among academic institutions and LMIC health care professionals, there is not only the need for a collection of first-step resources in the field but also the need for thoughtful guidelines to improve surgical care in LMICs and low-resource settings through multidisciplinary approaches.</text></passage><passage><infon key="section_type">INTRO</infon><infon key="type">paragraph</infon><offset>10233</offset><text>There are many additional resources, including publications, partnerships, training tools, and ongoing studies on global surgery that are moving the field forward in tremendous ways. This list is not meant to be comprehensive or final, but rather a starting point for students, professionals, clinicians, and others interested in global surgery. Initially, the focus of interest in global surgery has solely been on providing clinical care to persons with surgical conditions. However, the field has broadened to include public health, health economics, health services, and policy research perspectives, thus promoting the need for global surgery resources to encompass both the individual-level and population-level needs, while contextually incorporating locally-driven viewpoints. Building upon the top 10 resources, other key supplementary resources from a socioecological viewpoint are described below (Figure 2).</text></passage><passage><infon key="file">GH-GHSP200043F002.jpg</infon><infon key="id">fig2</infon><infon key="section_type">FIG</infon><infon key="type">fig_caption</infon><offset>11153</offset><text>Socioecological Model of Additional Global Surgery Resource Recommendations</text></passage><passage><infon key="section_type">INTRO</infon><infon key="type">title_2</infon><offset>11229</offset><text>Clinical Perspective</text></passage><passage><infon key="section_type">INTRO</infon><infon key="type">paragraph</infon><offset>11250</offset><text>On a clinical level, the field of global surgery is seeing momentum build around clinical guidelines for care in resource-constrained settings that are relevant to practitioners in LMICs. Some clinical practice resource examples include Primary Sur-gery, Principles of Reconstructive Surgery in Africa, Paediatric Surgery: A Comprehensive Textbook for Africa, SUGAR PEARLS (Procedural Education for Adaptation to Resource Limited Settings), and many more. In addition, locally driven surgical skills and training resources, such as Global Surgery and Anesthesia Manual and Non-Technical Skills for Surgeons System Handbook have also been made available to health practitioners in LMICs.</text></passage><passage><infon key="section_type">INTRO</infon><infon key="type">paragraph</infon><offset>11937</offset><text>Additional effects toward trauma care improvement, including prehospital and emergency room care, have also been emphasized from a full health care system perspective. Although prehospital chains (e.g., through ambulance services or clear referral systems) and emergency services remain scant and under-addressed in global health, they form critical barriers in access to care by increasing the delay in reaching care. For example, emergency medical services systems are in place in only one-third of the countries in sub-Saharan Africa, only covering less than 10% of the population. Lastly, but importantly, nonphysician clinicians and nonspecialist physicians can also assist in closing the gap in needed surgical services at first-level hospitals. A recent review by Falk et al. emphasized the variation in recognition, training pathways, and procedural support that nonspecialist and nonclinician providers engage in through task-sharing models. Task sharing has accordingly become a predominant approach in surgical care delivery in many LMICs with formalized training pathways in, for example, Mozambique and Sierra Leone.</text></passage><passage><infon key="section_type">INTRO</infon><infon key="type">paragraph</infon><offset>13067</offset><text>As a recommendation for the development of future resources, international collaborative efforts and partnerships (whether researchers in both HICs and LMICs or researchers in LMICs among themselves) can guide the creation of global surgery resources that cater to the needs of local stakeholders among practitioners in LMICs. Trainees and surgeons in LMICs must be fully involved in these endeavors and their need for more specific and targeted clinical resources addressed as well. Though already exposed to care in resource-constrained settings, trainees in LMICs need clinical guidelines such as those previously cited as they prepare to care for patients in their local low-resource settings. Reciprocity with collaborative partners must be ensured, sharing clinical experience from HICs and learning new approaches to surgical disease already practiced by local surgeons.</text></passage><passage><infon key="section_type">INTRO</infon><infon key="type">title_2</infon><offset>13945</offset><text>Population Health Perspective</text></passage><passage><infon key="section_type">INTRO</infon><infon key="type">paragraph</infon><offset>13975</offset><text>On a population health level, collaborative efforts resulting in the collection of primary epidemiologic data are needed. Several large, multinational cohort studies on surgery, such as GlobalSurg, Global PaedSurg, COVIDSurg and other national and international databases on trauma care, neurosurgery, pediatric surgery, and other specialty areas, continue to collect primary data in LMICs, which has resulted in several profound publications highlighting the global surgery need from an epidemiologic standpoint.</text></passage><passage><infon key="section_type">INTRO</infon><infon key="type">paragraph</infon><offset>14489</offset><text>In addition to the longitudinal cohort studies, there are several data collection tools available for population-level data collection, including the aforementioned tools used in the Global Burden of Disease tools and the World Bank Development Indicators. Other data collection tools include the Surgeons Overseas Assessment of Surgical Need, the Surgeons Overseas PIPES—Personnel, Infra-structure, Procedure, Equipment, and Supplies—Assessment tool, Surgeons Overseas Pediatric PIPES, the Global Assessment of Pediatric Surgery, and the World Health Organization Tool for Situational Analysis to Assess Emergency and Essential Surgical Care.</text></passage><passage><infon key="section_type">INTRO</infon><infon key="type">paragraph</infon><offset>15137</offset><text>Recommendations for future resources from a population health perspective include additional longitudinal studies that are contextually applicable to specific populations. Validated questionnaires assessing a more granular approach to measure the burden of surgical conditions, facility-level tools to measure quality of care, and qualitative data collection tools aimed at overcoming barriers to surgical care are a few examples of further tools to be developed.</text></passage><passage><infon key="section_type">INTRO</infon><infon key="type">title_2</infon><offset>15601</offset><text>Policy Perspective</text></passage><passage><infon key="section_type">INTRO</infon><infon key="type">paragraph</infon><offset>15620</offset><text>Strong support for strengthening emergency and essential surgical and anesthesia care has been advocated as an essential component of universal health coverage and was recognized by the World Health Assembly (WHA) as resolution WHA68:15. In 2017, another resolution was passed (WHA70.22) that requires member nations to provide biennial reports on the strengthening of emergency and essential surgical care and anesthesia as a component of universal health coverage as requested in resolution WHA69:11. This series of global events at the policy level of health care highlight the role that policy makers and advocates of global surgery have on the international health agenda.</text></passage><passage><infon key="section_type">INTRO</infon><infon key="type">paragraph</infon><offset>16298</offset><text>The promotion of recommendations to develop national surgical plans have propelled many countries to engage local stakeholders at various levels of health care and policy to begin formulating NSOAPs. Many organizations and institutions have been involved in engaging key stakeholders to advocate for the surgical patient. As an example, the G4 Alliance, comprising over 80 organizations in more than 160 countries, has played a strong role in advocacy, policy implementation, and strategic planning for global surgery as outlined in their forthcoming Global Action Plan for Surgery. Another example includes the Optimal Resources for Children’s Surgery, developed by the Global Initiative for Children’s Surgery, a collaboration of more than 270 pediatric health care professionals and academicians from 44 countries (75% from LMICs). The document outlined detailed standards of children’s surgical care at all levels of health care facilities, with the objective to inform national surgical plans in LMICs.</text></passage><passage><infon key="section_type">CONCL</infon><infon key="type">title_1</infon><offset>17312</offset><text>CONCLUSION</text></passage><passage><infon key="section_type">CONCL</infon><infon key="type">paragraph</infon><offset>17323</offset><text>We identified key resources as relevant to practitioners from various specialties and stages of their careers and listed the top 10 resources relevant to individuals across all groups. We hope that this list will serve as a starting point for individuals interested in global surgery and aid in promoting global surgery awareness, scholarship, and collaboration toward a world in which safe surgical and anesthesia care is a reality for all.</text></passage><passage><infon key="section_type">REF</infon><infon key="type">title</infon><offset>17765</offset><text>REFERENCES</text></passage><passage><infon key="fpage">e1001006</infon><infon key="issue">11</infon><infon key="name_0">surname:Byass;given-names:P</infon><infon key="pub-id_doi">10.1371/journal.pmed.1001006</infon><infon key="pub-id_pmid">21152416</infon><infon key="section_type">REF</infon><infon key="source">PLoS Med</infon><infon key="type">ref</infon><infon key="volume">7</infon><infon key="year">2010</infon><offset>17776</offset><text>The imperfect world of global health estimates</text></passage><passage><infon key="fpage">569</infon><infon key="issue">9993</infon><infon key="lpage">624</infon><infon key="name_0">surname:Meara;given-names:JG</infon><infon key="name_1">surname:Leather;given-names:AJM</infon><infon key="name_2">surname:Hagander;given-names:L</infon><infon key="pub-id_doi">10.1016/S0140-6736(15)60160-X</infon><infon key="pub-id_pmid">25924834</infon><infon key="section_type">REF</infon><infon key="source">Lancet</infon><infon key="type">ref</infon><infon key="volume">386</infon><infon key="year">2015</infon><offset>17823</offset><text>Global Surgery 2030: evidence and solutions for achieving health, welfare, and economic development</text></passage><passage><infon key="fpage">1450</infon><infon key="issue">6</infon><infon key="lpage">1455</infon><infon key="name_0">surname:Smith;given-names:ER</infon><infon key="name_1">surname:Concepcion;given-names:TL</infon><infon key="name_2">surname:Niemeier;given-names:KJ</infon><infon key="name_3">surname:Ademuyiwa;given-names:AO</infon><infon key="pub-id_doi">10.1007/s00268-018-4867-4</infon><infon key="pub-id_pmid">30506288</infon><infon key="section_type">REF</infon><infon key="source">World J Surg</infon><infon key="type">ref</infon><infon key="volume">43</infon><infon key="year">2019</infon><offset>17923</offset><text>Is global pediatric surgery a good investment?</text></passage><passage><infon key="fpage">e0165480</infon><infon key="issue">10</infon><infon key="name_0">surname:Saxton;given-names:AT</infon><infon key="name_1">surname:Poenaru;given-names:D</infon><infon key="name_2">surname:Ozgediz;given-names:D</infon><infon key="pub-id_doi">10.1371/journal.pone.0165480</infon><infon key="pub-id_pmid">27792792</infon><infon key="section_type">REF</infon><infon key="source">PLoS One</infon><infon key="type">ref</infon><infon key="volume">11</infon><infon key="year">2016</infon><offset>17970</offset><text>Economic analysis of children’s surgical care in low- and middle-income countries: a systematic review and analysis</text></passage><passage><infon key="fpage">e334</infon><infon key="issue">6</infon><infon key="lpage">e345</infon><infon key="name_0">surname:Chao;given-names:TE</infon><infon key="name_1">surname:Sharma;given-names:K</infon><infon key="name_2">surname:Mandigo;given-names:M</infon><infon key="pub-id_doi">10.1016/S2214-109X(14)70213-X</infon><infon key="pub-id_pmid">25103302</infon><infon key="section_type">REF</infon><infon key="source">Lancet Glob Health</infon><infon key="type">ref</infon><infon key="volume">2</infon><infon key="year">2014</infon><offset>18088</offset><text>Cost-effectiveness of surgery and its policy implications for global health: a systematic review and analysis</text></passage><passage><infon key="section_type">REF</infon><infon key="type">ref</infon><offset>18198</offset><text>Sustainable Development Goals</text></passage><passage><infon key="fpage">e442</infon><infon key="issue">11</infon><infon key="name_0">surname:Mathers;given-names:CD</infon><infon key="name_1">surname:Loncar;given-names:D</infon><infon key="pub-id_doi">10.1371/journal.pmed.0030442</infon><infon key="pub-id_pmid">17132052</infon><infon key="section_type">REF</infon><infon key="source">PLoS Med</infon><infon key="type">ref</infon><infon key="volume">3</infon><infon key="year">2006</infon><offset>18228</offset><text>Projections of global mortality and burden of disease from 2002 to 2030</text></passage><passage><infon key="fpage">620</infon><infon key="issue">5</infon><infon key="lpage">623</infon><infon key="name_0">surname:Abdullah;given-names:F</infon><infon key="name_1">surname:Troedsson;given-names:H</infon><infon key="name_2">surname:Cherian;given-names:M</infon><infon key="pub-id_doi">10.1001/archsurg.2011.84</infon><infon key="pub-id_pmid">21576615</infon><infon key="section_type">REF</infon><infon key="source">Arch Surg</infon><infon key="type">ref</infon><infon key="volume">146</infon><infon key="year">2011</infon><offset>18300</offset><text>The World Health Organi-zation program for emergency surgical, obstetric, and anesthetic care: from Mongolia to the future</text></passage><passage><infon key="fpage">90</infon><infon key="issue">9633</infon><infon key="lpage">92</infon><infon key="name_0">surname:Bickler;given-names:SW</infon><infon key="name_1">surname:Spiegel;given-names:DA</infon><infon key="pub-id_doi">10.1016/S0140-6736(08)60924-1</infon><infon key="pub-id_pmid">18582930</infon><infon key="section_type">REF</infon><infon key="source">Lancet</infon><infon key="type">ref</infon><infon key="volume">372</infon><infon key="year">2008</infon><offset>18423</offset><text>Global surgery—defining a research agenda</text></passage><passage><infon key="fpage">2003</infon><infon key="issue">9</infon><infon key="lpage">2006</infon><infon key="name_0">surname:Hedges;given-names:JP</infon><infon key="name_1">surname:Mock;given-names:CN</infon><infon key="name_2">surname:Cherian;given-names:MN</infon><infon key="pub-id_doi">10.1007/s00268-010-0610-5</infon><infon key="pub-id_pmid">20454792</infon><infon key="section_type">REF</infon><infon key="source">World J Surg</infon><infon key="type">ref</infon><infon key="volume">34</infon><infon key="year">2010</infon><offset>18467</offset><text>The political economy of emergency and essential surgery in global health</text></passage><passage><infon key="fpage">263</infon><infon key="issue">2</infon><infon key="lpage">272</infon><infon key="name_0">surname:Peters;given-names:AW</infon><infon key="name_1">surname:Pyda;given-names:J</infon><infon key="name_2">surname:Menon;given-names:G</infon><infon key="name_3">surname:Suzuki;given-names:E</infon><infon key="name_4">surname:Meara;given-names:JG</infon><infon key="pub-id_doi">10.1016/j.surg.2018.07.040</infon><infon key="pub-id_pmid">30274731</infon><infon key="section_type">REF</infon><infon key="source">Surgery</infon><infon key="type">ref</infon><infon key="volume">165</infon><infon key="year">2019</infon><offset>18541</offset><text>The World Bank Group: innovative financing for health and opportunities for global surgery</text></passage><passage><infon key="issue">10</infon><infon key="name_0">surname:Citron;given-names:I</infon><infon key="name_1">surname:Meara;given-names:JG</infon><infon key="pub-id_doi">10.1590/0102-311x00124217</infon><infon key="pub-id_pmid">29091174</infon><infon key="section_type">REF</infon><infon key="source">Cad Saude Publica</infon><infon key="type">ref</infon><infon key="volume">33</infon><infon key="year">2017</infon><offset>18632</offset><text>The evolving role of surgery in the international public health agenda</text></passage><passage><infon key="fpage">2132</infon><infon key="issue">9</infon><infon key="lpage">2139</infon><infon key="name_0">surname:Spiegel;given-names:DA</infon><infon key="name_1">surname:Misra;given-names:M</infon><infon key="name_2">surname:Bendix;given-names:P</infon><infon key="pub-id_doi">10.1007/s00268-014-2928-x</infon><infon key="pub-id_pmid">25561195</infon><infon key="section_type">REF</infon><infon key="source">World J Surg</infon><infon key="type">ref</infon><infon key="volume">39</infon><infon key="year">2015</infon><offset>18703</offset><text>Surgical care and health systems</text></passage><passage><infon key="fpage">533</infon><infon key="issue">4</infon><infon key="lpage">536</infon><infon key="name_0">surname:Farmer;given-names:PE</infon><infon key="name_1">surname:Kim;given-names:JY</infon><infon key="pub-id_doi">10.1007/s00268-008-9525-9</infon><infon key="pub-id_pmid">18311574</infon><infon key="section_type">REF</infon><infon key="source">World J Surg</infon><infon key="type">ref</infon><infon key="volume">32</infon><infon key="year">2008</infon><offset>18736</offset><text>Surgery and global health: a view from beyond the OR</text></passage><passage><infon key="fpage">252</infon><infon key="issue">1</infon><infon key="lpage">263</infon><infon key="name_0">surname:Grimes;given-names:CE</infon><infon key="name_1">surname:Henry;given-names:JA</infon><infon key="name_2">surname:Maraka;given-names:J</infon><infon key="name_3">surname:Mkandawire;given-names:NC</infon><infon key="name_4">surname:Cotton;given-names:M</infon><infon key="pub-id_doi">10.1007/s00268-013-2243-y</infon><infon key="pub-id_pmid">24101020</infon><infon key="section_type">REF</infon><infon key="source">World J Surg</infon><infon key="type">ref</infon><infon key="volume">38</infon><infon key="year">2014</infon><offset>18789</offset><text>Cost-effectiveness of surgery in low- and middle-income countries: a systematic review</text></passage><passage><infon key="comment">Accessed August 11, 2020</infon><infon key="section_type">REF</infon><infon key="source">Surgical Safety Checklist</infon><infon key="type">ref</infon><infon key="year">2009</infon><offset>18876</offset></passage><passage><infon key="section_type">REF</infon><infon key="type">ref</infon><offset>18877</offset><text>Global Burden of Disease data</text></passage><passage><infon key="comment">Updated July 1, 2020 Accessed August 11, 2020</infon><infon key="section_type">REF</infon><infon key="source">World Development Indicators</infon><infon key="type">ref</infon><infon key="year">2010</infon><offset>18907</offset></passage><passage><infon key="name_0">surname:Debas;given-names:HT</infon><infon key="name_1">surname:Donkor;given-names:P</infon><infon key="name_2">surname:Gawande;given-names:AA</infon><infon key="name_3">surname:Jamison;given-names:DT</infon><infon key="name_4">surname:Kruk;given-names:ME</infon><infon key="name_5">surname:Mock;given-names:CN</infon><infon key="pub-id_doi">10.1596/978-1-4648-0346-8</infon><infon key="section_type">REF</infon><infon key="source">Disease Control Priorities, Third Edition (Volume 1): Essential Surgery</infon><infon key="type">ref</infon><infon key="year">2015</infon><offset>18908</offset></passage><passage><infon key="comment">Accessed August 11, 2020</infon><infon key="name_0">surname:D;given-names:Vervoort</infon><infon key="section_type">REF</infon><infon key="source">Global Surgery: An Introduction</infon><infon key="type">ref</infon><infon key="year">2017</infon><offset>18909</offset></passage><passage><infon key="comment">Accessed August 11, 2020</infon><infon key="section_type">REF</infon><infon key="source">Surgical Care Systems Strengthening: Developing National Surgical, Obstetric and Anaesthesia Plans</infon><infon key="type">ref</infon><infon key="year">2017</infon><offset>18910</offset></passage><passage><infon key="name_0">surname:Brown;given-names:L</infon><infon key="section_type">REF</infon><infon key="type">ref</infon><infon key="year">2015</infon><offset>18911</offset><text>The Checklist Effect</text></passage><passage><infon key="fpage">948</infon><infon key="issue">4</infon><infon key="lpage">956</infon><infon key="name_0">surname:Tscholl;given-names:DW</infon><infon key="name_1">surname:Weiss;given-names:M</infon><infon key="name_2">surname:Kolbe;given-names:M</infon><infon key="pub-id_doi">10.1213/ANE.0000000000000671</infon><infon key="pub-id_pmid">25806399</infon><infon key="section_type">REF</infon><infon key="source">Anesth Analg</infon><infon key="type">ref</infon><infon key="volume">121</infon><infon key="year">2015</infon><offset>18932</offset><text>An anesthesia preinduction checklist to improve information exchange, knowledge of critical information, perception of safety, and possibly perception of teamwork in anesthesia teams</text></passage><passage><infon key="name_0">surname:King;given-names:M</infon><infon key="name_1">surname:Awori;given-names:N</infon><infon key="name_2">surname:Bewes;given-names:P</infon><infon key="section_type">REF</infon><infon key="source">Primary Surgery Volume Two: Trauma</infon><infon key="type">ref</infon><infon key="year">1987</infon><offset>19115</offset></passage><passage><infon key="name_0">surname:Carter;given-names:LL</infon><infon key="section_type">REF</infon><infon key="source">Principles of Reconstructive Surgery in Africa</infon><infon key="type">ref</infon><infon key="year">2013</infon><offset>19116</offset></passage><passage><infon key="name_0">surname:Ameh;given-names:E</infon><infon key="name_1">surname:Bickler;given-names:S</infon><infon key="name_2">surname:Lakhoo;given-names:K</infon><infon key="section_type">REF</infon><infon key="source">Paediatric Surgery: A Comprehensive Textbook for Africa</infon><infon key="type">ref</infon><infon key="year">2011</infon><offset>19117</offset></passage><passage><infon key="section_type">REF</infon><infon key="type">ref</infon><offset>19118</offset><text>SUGAR PEARLS</text></passage><passage><infon key="name_0">surname:Meara;given-names:JG</infon><infon key="name_1">surname:McClain;given-names:CD</infon><infon key="name_2">surname:Mooney;given-names:DP</infon><infon key="section_type">REF</infon><infon key="source">Global Surgery and Anesthesia Manual: Providing Care in Resource-Limited Settings</infon><infon key="type">ref</infon><infon key="year">2014</infon><offset>19131</offset></passage><passage><infon key="comment">Accessed August 11, 2020</infon><infon key="section_type">REF</infon><infon key="source">The Non-Technical Skills for Surgeons (NOTSS) System Handbook v1.2</infon><infon key="type">ref</infon><infon key="year">2012</infon><offset>19132</offset></passage><passage><infon key="fpage">804</infon><infon key="issue">5</infon><infon key="lpage">812</infon><infon key="name_0">surname:Mock;given-names:CN</infon><infon key="name_1">surname:Jurkovich;given-names:GJ</infon><infon key="name_2">surname:nii-Amon-Kotei;given-names:D</infon><infon key="name_3">surname:Arreola-Risa;given-names:C</infon><infon key="name_4">surname:Maier;given-names:RV</infon><infon key="pub-id_doi">10.1097/00005373-199805000-00011</infon><infon key="pub-id_pmid">9603081</infon><infon key="section_type">REF</infon><infon key="source">J Trauma</infon><infon key="type">ref</infon><infon key="volume">44</infon><infon key="year">1998</infon><offset>19133</offset><text>Trauma mortality patterns in three nations at different economic levels: implications for global trauma system development</text></passage><passage><infon key="fpage">e342</infon><infon key="issue">3</infon><infon key="lpage">e350</infon><infon key="name_0">surname:Ouma;given-names:PO</infon><infon key="name_1">surname:Maina;given-names:J</infon><infon key="name_2">surname:Thuranira;given-names:PN</infon><infon key="pub-id_doi">10.1016/S2214-109X(17)30488-6</infon><infon key="pub-id_pmid">29396220</infon><infon key="section_type">REF</infon><infon key="source">Lancet Glob Health</infon><infon key="type">ref</infon><infon key="volume">6</infon><infon key="year">2018</infon><offset>19256</offset><text>Access to emergency hospital care provided by the public sector in sub-Saharan Africa in 2015: a geocoded inventory and spatial analysis</text></passage><passage><infon key="fpage">273</infon><infon key="issue">3</infon><infon key="lpage">283</infon><infon key="name_0">surname:Mould-Millman;given-names:NK</infon><infon key="name_1">surname:Dixon;given-names:JM</infon><infon key="name_2">surname:Sefa;given-names:N</infon><infon key="pub-id_doi">10.1017/S1049023X17000061</infon><infon key="pub-id_pmid">28228178</infon><infon key="section_type">REF</infon><infon key="source">Prehosp Disaster Med</infon><infon key="type">ref</infon><infon key="volume">32</infon><infon key="year">2017</infon><offset>19393</offset><text>The state of emergency medical services (EMS) systems in Africa</text></passage><passage><infon key="fpage">77</infon><infon key="issue">1</infon><infon key="name_0">surname:Ashengo;given-names:T</infon><infon key="name_1">surname:Skeels;given-names:A</infon><infon key="name_2">surname:Hurwitz;given-names:EJH</infon><infon key="name_3">surname:Thuo;given-names:E</infon><infon key="name_4">surname:Sanghvi;given-names:H</infon><infon key="pub-id_doi">10.1186/s12960-017-0248-6</infon><infon key="pub-id_pmid">29115962</infon><infon key="section_type">REF</infon><infon key="source">Hum Resour Health</infon><infon key="type">ref</infon><infon key="volume">15</infon><infon key="year">2017</infon><offset>19457</offset><text>Bridging the human resource gap in surgical and anesthesia care in low-resource countries: a review of the task sharing literature</text></passage><passage><infon key="fpage">1368</infon><infon key="issue">5</infon><infon key="lpage">1386</infon><infon key="name_0">surname:Falk;given-names:R</infon><infon key="name_1">surname:Taylor;given-names:R</infon><infon key="name_2">surname:Kornelsen;given-names:J</infon><infon key="name_3">surname:Virk;given-names:R</infon><infon key="pub-id_doi">10.1007/s00268-019-05363-7</infon><infon key="pub-id_pmid">31915975</infon><infon key="section_type">REF</infon><infon key="source">World J Surg</infon><infon key="type">ref</infon><infon key="volume">44</infon><infon key="year">2020</infon><offset>19588</offset><text>Surgical task-sharing to non-specialist physicians in low-resource settings globally: a systematic review of the literature</text></passage><passage><infon key="fpage">860</infon><infon key="issue">9</infon><infon key="lpage">865</infon><infon key="name_0">surname:Ozgediz;given-names:D</infon><infon key="name_1">surname:Wang;given-names:J</infon><infon key="name_2">surname:Jayaraman;given-names:S</infon><infon key="pub-id_doi">10.1001/archsurg.143.9.860</infon><infon key="pub-id_pmid">18794423</infon><infon key="section_type">REF</infon><infon key="source">Arch Surg</infon><infon key="type">ref</infon><infon key="volume">143</infon><infon key="year">2008</infon><offset>19712</offset><text>Surgical training and global health: initial results of a 5-year partnership with a surgical training program in a low-income country</text></passage><passage><infon key="section_type">REF</infon><infon key="type">ref</infon><offset>19846</offset><text>G4 Alliance</text></passage><passage><infon key="fpage">1416</infon><infon key="issue">6</infon><infon key="lpage">1425</infon><infon key="pub-id_doi">10.1007/s00268-018-04887-8</infon><infon key="pub-id_pmid">30623232</infon><infon key="section_type">REF</infon><infon key="source">World J Surg</infon><infon key="type">ref</infon><infon key="volume">43</infon><infon key="year">2019</infon><offset>19858</offset><text>Global Initiative for Children’s Surgery: A Model of Global Collaboration to Advance the Surgical Care of Children</text></passage><passage><infon key="fpage">978</infon><infon key="issue">4</infon><infon key="lpage">980</infon><infon key="pub-id_doi">10.1007/s00268-018-04888-7</infon><infon key="pub-id_pmid">30725368</infon><infon key="section_type">REF</infon><infon key="source">World J Surg</infon><infon key="type">ref</infon><infon key="volume">43</infon><infon key="year">2019</infon><offset>19975</offset><text>Optimal resources for child-ren’s surgical care: executive summary</text></passage><passage><infon key="section_type">REF</infon><infon key="type">paragraph</infon><offset>20044</offset><text>Peer Reviewed</text></passage><passage><infon key="section_type">REF</infon><infon key="type">paragraph</infon><offset>20058</offset><text>Cite this article as: Niyikuri A, Smith ER, Vervoort D. Top 10 resources in global sugery. Glob Health Sci Pract. 2020;8(3):606-611. https://doi.org/10.9745/GHSP-D-20-00050</text></passage></document></collection>
