<?xml version="1.0" encoding="UTF-8"?>
<!DOCTYPE collection SYSTEM "BioC.dtd">
<collection><source>PMC</source><date>20201220</date><key>pmc.key</key><document><id>7665353</id><infon key="license">NO-CC CODE</infon><passage><infon key="article-id_doi">10.1093/asj/sjaa173</infon><infon key="article-id_pmc">7665353</infon><infon key="article-id_pmid">33107566</infon><infon key="article-id_publisher-id">sjaa173</infon><infon key="elocation-id">sjaa173</infon><infon key="license">This article is published and distributed under the terms of the Oxford University Press, Standard Journals Publication Model (https://academic.oup.com/journals/pages/open_access/funder_policies/chorus/standard_publication_model) This article is made available via the PMC Open Access Subset for unrestricted re-use and analyses in any form or by any means with acknowledgement of the original source. These permissions are granted for the duration of the COVID-19 pandemic or until permissions are revoked in writing. Upon expiration of these permissions, PMC is granted a perpetual license to make this article available via PMC and Europe PMC, consistent with existing copyright protections.</infon><infon key="name_0">surname:Jenny;given-names:Hillary E</infon><infon key="name_1">surname:Chandawarkar;given-names:Akash</infon><infon key="name_2">surname:Kim;given-names:Roy</infon><infon key="section_type">TITLE</infon><infon key="type">front</infon><infon key="year">2020</infon><offset>0</offset><text>Data-Driven Insights on the Effects of COVID-19 on Public Interest in Medical Aesthetics: Part II (Active Analysis)</text></passage><passage><infon key="section_type">ABSTRACT</infon><infon key="type">abstract_title_1</infon><offset>116</offset><text>Abstract</text></passage><passage><infon key="section_type">ABSTRACT</infon><infon key="type">abstract_title_1</infon><offset>125</offset><text>Background</text></passage><passage><infon key="section_type">ABSTRACT</infon><infon key="type">abstract</infon><offset>136</offset><text>The COVID-19 pandemic significantly affected financial and psychosocial factors that influence plastic surgery demand.</text></passage><passage><infon key="section_type">ABSTRACT</infon><infon key="type">abstract_title_1</infon><offset>255</offset><text>Objectives</text></passage><passage><infon key="section_type">ABSTRACT</infon><infon key="type">abstract</infon><offset>266</offset><text>The authors sought to actively assess public interest changes and the reasons underlying these shifts.</text></passage><passage><infon key="section_type">ABSTRACT</infon><infon key="type">abstract_title_1</infon><offset>369</offset><text>Methods</text></passage><passage><infon key="section_type">ABSTRACT</infon><infon key="type">abstract</infon><offset>377</offset><text>Using Amazons’ Mechanical Turk, we crowdsourced public opinions regarding aesthetic interventions from April 30 to May 3, 2020. The survey assessed prior experience with and interest in 6 aesthetic interventions before and during the pandemic and reasons for changing interest. United States residents aged 18 years and over who passed the attention check were included.</text></passage><passage><infon key="section_type">ABSTRACT</infon><infon key="type">abstract_title_1</infon><offset>750</offset><text>Results</text></passage><passage><infon key="section_type">ABSTRACT</infon><infon key="type">abstract</infon><offset>758</offset><text>We included 704 of 838 total responses. One-half of respondents were female; the median age group was 25 to 34 years. During the pandemic, 21% of respondents had increased and 33% decreased interest in at least one intervention. Non-invasive procedures (7.3%), facial aesthetic surgery (6.6%), and medical-grade skincare (5.9%) elicited the greatest interest increase. Seeing themselves in the mirror more often (43.2%), desire to look better after the crisis (41.8%), and increased time on social media (40.4%) were the top reasons for increased interest. The most common reasons for decreased interest were changing spending priorities (58%), focusing on other health aspects (49.8%), and worrying about infection in medical facilities (46.3%). Almost one-half of respondents considered virtual consultations for interventions of increased interest.</text></passage><passage><infon key="section_type">ABSTRACT</infon><infon key="type">abstract_title_1</infon><offset>1610</offset><text>Conclusions</text></passage><passage><infon key="section_type">ABSTRACT</infon><infon key="type">abstract</infon><offset>1622</offset><text>The COVID-19 pandemic significantly affected interest in medical aesthetics. Offering telemedicine and discussing detailed COVID-19 infection control policies with patients will be critical to address patient needs and concerns. These findings can be used to improve patient outreach, advertisement, and counseling as practices focus on reopening.</text></passage><passage><infon key="section_type">INTRO</infon><infon key="type">paragraph</infon><offset>1970</offset><text>A variety of factors have been demonstrated to influence public interest in plastic surgery. In addition to demographic effects, time on social media, the experiences of public figures, psychological factors, and relationships with others have all been shown to affect interest in aesthetic surgery. Financial concerns and economic trends have also been associated with plastic surgery demand, with revenues linked to indicators of the macroeconomic climate and, in some cases, predictive of market trends. Many of these factors have been influenced by the coronavirus disease 2019, or COVID-19.</text></passage><passage><infon key="section_type">INTRO</infon><infon key="type">paragraph</infon><offset>2566</offset><text>Since COVID-19 was declared a national emergency in the United States on March 13, 2020, the virus has had wide-ranging effects on the health of our population and our economy. In an effort to control the viral spread, social distancing and isolation policies and recommendations were put in place on both state and national levels, with border closures, shutdown of nonessential businesses, and work from home policies instated for non-essential workers. These policies have aided in flattening the curve; however, in the economic downturn that has followed, an estimated 22 million Americans have lost their jobs. For those still employed, work-from-home policies have led to increased use of video technologies, which may magnify less desirable facial features. Regardless of job status, Americans are now spending more time than ever at home with less work and fewer social and athletic activities to occupy their time, which could lead to increased self-analysis. However, as many plastic surgery practices closed their doors during this pandemic, telemedicine is often now the primary method of seeing patients for non-urgent matters, including new consultations for aesthetic interventions. Although telemedicine has been studied within the field of plastic surgery, some patients may be hesitant to agree to a telehealth encounter instead of a traditional in-person visit. These numerous circumstances all have the potential to drive changes in interest in aesthetic procedures, but the relative impact of these considerations on interest in aesthetic interventions has yet to be assessed.</text></passage><passage><infon key="section_type">INTRO</infon><infon key="type">paragraph</infon><offset>4164</offset><text>In Part I, passive analysis of Google search trends revealed changes in public interest in plastic surgery procedures during the COVID-19 pandemic. Importantly, public interest varies depending on the intervention or search term: for some procedures, interest has increased; some are unchanged; and for others, interest decreased and is in a varying state of recovery. These data provide valuable insight into public interest in plastic surgery services and estimates for how this interest may continue to change in the coming weeks. For Part II, we go one step further to actively assess public interest changes as well as the reasons that underly these shifts. This knowledge can be used to better target patient outreach, advertisement, and counseling as practices focus on reopening.</text></passage><passage><infon key="section_type">METHODS</infon><infon key="type">title_1</infon><offset>4952</offset><text>METHODS</text></passage><passage><infon key="section_type">METHODS</infon><infon key="type">paragraph</infon><offset>4960</offset><text>To cross-sectionally crowdsource public opinions regarding aesthetic surgery, we distributed a survey (Appendix A) through Amazon’s Mechanical Turk (MTurk, amazon.com, Seattle, WA). The survey was created by the authors (A.C. and H.E.J.) and was administered from April 30, 2020 to May 3, 2020. This study was conducted under guidance of and in compliance with the ethical principles of the Declaration of Helsinki; the survey was fully anonymous, and respondents participated under a waiver of documentation of consent.</text></passage><passage><infon key="section_type">METHODS</infon><infon key="type">title_2</infon><offset>5483</offset><text>Survey</text></passage><passage><infon key="section_type">METHODS</infon><infon key="type">paragraph</infon><offset>5490</offset><text>The survey contained 7 base items discussing demographics, prior experience with 6 aesthetic interventions, interest in these interventions before the COVID-19 pandemic, and how this interest changed during or since the pandemic. The 6 aesthetic interventions of interest were medical-grade skincare, injectables (eg, Botox, dermal fillers, Kybella), non-invasive procedures (eg, lasers, coolsculpting), facial cosmetic surgery (eg, rhinoplasty, facelift, necklift, browlift, eyelid surgery), breast cosmetic surgery (eg, breast augmentation, breast lift), and body cosmetic surgery (eg, abdominoplasty, liposuction, brachioplasty, thighplasty). An additional 3 questions were presented to respondents who had increased interest in 1 or more interventions since the pandemic, assessing the reasons for this increased interest, consideration of a virtual consultation, and likelihood of making an in-person appointment with a plastic surgeon when possible. For those with decreased interest in 1 or more intervention, an additional item was presented to assess the reasons for this decreased interest.</text></passage><passage><infon key="section_type">METHODS</infon><infon key="type">title_2</infon><offset>6591</offset><text>Inclusion and Exclusion Criteria</text></passage><passage><infon key="section_type">METHODS</infon><infon key="type">paragraph</infon><offset>6624</offset><text>Participants were included if they were residents of the United States, over the age of 18 years, and spoke English as their primary language. Participants were excluded if they did not complete the survey or failed an attention check question placed in the middle of the survey. To optimize quality of responses, participants were also excluded if they completed the survey in less than 20 seconds. Participants included in the study received $0.15 upon completion of the survey.</text></passage><passage><infon key="section_type">METHODS</infon><infon key="type">title_2</infon><offset>7105</offset><text>Data Analysis</text></passage><passage><infon key="section_type">METHODS</infon><infon key="type">paragraph</infon><offset>7119</offset><text>Descriptive and statistical analysis of survey data was conducted using SPSS version 20.0 (IBM Corp., Armonk, NY). Because all outcomes were categorical, univariate analysis was conducted employing chi-squared. Binary logistic regression was utilized for multivariate analysis to control for and identify the effect of respondent age, gender, and income.</text></passage><passage><infon key="section_type">RESULTS</infon><infon key="type">title_1</infon><offset>7474</offset><text>RESULTS</text></passage><passage><infon key="section_type">RESULTS</infon><infon key="type">paragraph</infon><offset>7482</offset><text>A total of 838 respondents completed the survey. After excluding respondents who failed the attention check or completed the survey in less than 20 seconds, a total of 704 respondents were included. Just under one-half of respondents were female (48.2%), the median age group was 25 to 34 years of age, and the majority of respondents had an annual household income greater than $50,000 (59.6%; Table 1). The majority of respondents were either currently married or in a relationship (62.1%), and just under one-third were single (31.1%). When asked about prior experience with or interest in aesthetic interventions prior to the COVID-19 pandemic, 21.6% reported prior experience with or interest in non-invasive procedures, 21.0% medical-grade skincare, 15.1% injectables, 14.2% facial aesthetic surgery, 10.4% breast aesthetic surgery, and 9.1% body aesthetic surgery. During or since the COVID-19 pandemic, 146 respondents (20.7%) had increased interest and 231 (32.8%) had decreased interest in at least 1 intervention. Seventy-seven of these respondents reported a mix of increased and decreased interest in different procedures, whereas the remaining reported only increased and unchanged (69, 47.3%) or decreased and unchanged interests (154, 66.6%), respectively.</text></passage><passage><infon key="file">T1.xml</infon><infon key="id">T1</infon><infon key="section_type">TABLE</infon><infon key="type">table_caption</infon><offset>8755</offset><text>Respondent Demographics</text></passage><passage><infon key="file">T1.xml</infon><infon key="id">T1</infon><infon key="section_type">TABLE</infon><infon key="type">table</infon><infon key="xml">&lt;?xml version=&quot;1.0&quot; encoding=&quot;UTF-8&quot;?&gt;
&lt;table frame=&quot;vsides&quot; rules=&quot;groups&quot;&gt;&lt;thead&gt;&lt;tr&gt;&lt;th rowspan=&quot;1&quot; colspan=&quot;1&quot;&gt;Characteristic&lt;/th&gt;&lt;th rowspan=&quot;1&quot; colspan=&quot;1&quot;&gt;No. (%)&lt;/th&gt;&lt;/tr&gt;&lt;/thead&gt;&lt;tbody&gt;&lt;tr&gt;&lt;td rowspan=&quot;1&quot; colspan=&quot;1&quot;&gt;Age, y&lt;/td&gt;&lt;td rowspan=&quot;1&quot; colspan=&quot;1&quot;/&gt;&lt;/tr&gt;&lt;tr&gt;&lt;td rowspan=&quot;1&quot; colspan=&quot;1&quot;&gt; 18-24 &lt;/td&gt;&lt;td rowspan=&quot;1&quot; colspan=&quot;1&quot;&gt;83 (11.7)&lt;/td&gt;&lt;/tr&gt;&lt;tr&gt;&lt;td rowspan=&quot;1&quot; colspan=&quot;1&quot;&gt; 25-34 &lt;/td&gt;&lt;td rowspan=&quot;1&quot; colspan=&quot;1&quot;&gt;285 (40.5)&lt;/td&gt;&lt;/tr&gt;&lt;tr&gt;&lt;td rowspan=&quot;1&quot; colspan=&quot;1&quot;&gt; 35-44 &lt;/td&gt;&lt;td rowspan=&quot;1&quot; colspan=&quot;1&quot;&gt;178 (25.3)&lt;/td&gt;&lt;/tr&gt;&lt;tr&gt;&lt;td rowspan=&quot;1&quot; colspan=&quot;1&quot;&gt; 45-54 &lt;/td&gt;&lt;td rowspan=&quot;1&quot; colspan=&quot;1&quot;&gt;96 (13.6)&lt;/td&gt;&lt;/tr&gt;&lt;tr&gt;&lt;td rowspan=&quot;1&quot; colspan=&quot;1&quot;&gt; 55-64 &lt;/td&gt;&lt;td rowspan=&quot;1&quot; colspan=&quot;1&quot;&gt;45 (6.4)&lt;/td&gt;&lt;/tr&gt;&lt;tr&gt;&lt;td rowspan=&quot;1&quot; colspan=&quot;1&quot;&gt; &amp;gt;65 &lt;/td&gt;&lt;td rowspan=&quot;1&quot; colspan=&quot;1&quot;&gt;17 (2.4)&lt;/td&gt;&lt;/tr&gt;&lt;tr&gt;&lt;td rowspan=&quot;1&quot; colspan=&quot;1&quot;&gt;Income&lt;/td&gt;&lt;td rowspan=&quot;1&quot; colspan=&quot;1&quot;/&gt;&lt;/tr&gt;&lt;tr&gt;&lt;td rowspan=&quot;1&quot; colspan=&quot;1&quot;&gt; &amp;lt;$20,000&lt;/td&gt;&lt;td rowspan=&quot;1&quot; colspan=&quot;1&quot;&gt;65 (9.2)&lt;/td&gt;&lt;/tr&gt;&lt;tr&gt;&lt;td rowspan=&quot;1&quot; colspan=&quot;1&quot;&gt; $20,000-$34,999&lt;/td&gt;&lt;td rowspan=&quot;1&quot; colspan=&quot;1&quot;&gt;95 (13.5)&lt;/td&gt;&lt;/tr&gt;&lt;tr&gt;&lt;td rowspan=&quot;1&quot; colspan=&quot;1&quot;&gt; $35,000-$49,999&lt;/td&gt;&lt;td rowspan=&quot;1&quot; colspan=&quot;1&quot;&gt;125 (17.8)&lt;/td&gt;&lt;/tr&gt;&lt;tr&gt;&lt;td rowspan=&quot;1&quot; colspan=&quot;1&quot;&gt; $50,000-$74,999&lt;/td&gt;&lt;td rowspan=&quot;1&quot; colspan=&quot;1&quot;&gt;152 (21.6)&lt;/td&gt;&lt;/tr&gt;&lt;tr&gt;&lt;td rowspan=&quot;1&quot; colspan=&quot;1&quot;&gt; $75,000-$99,999&lt;/td&gt;&lt;td rowspan=&quot;1&quot; colspan=&quot;1&quot;&gt;142 (20.2)&lt;/td&gt;&lt;/tr&gt;&lt;tr&gt;&lt;td rowspan=&quot;1&quot; colspan=&quot;1&quot;&gt; $100,000-$124,999&lt;/td&gt;&lt;td rowspan=&quot;1&quot; colspan=&quot;1&quot;&gt;45 (6.4)&lt;/td&gt;&lt;/tr&gt;&lt;tr&gt;&lt;td rowspan=&quot;1&quot; colspan=&quot;1&quot;&gt; $125,000-$149,999&lt;/td&gt;&lt;td rowspan=&quot;1&quot; colspan=&quot;1&quot;&gt;43 (6.1)&lt;/td&gt;&lt;/tr&gt;&lt;tr&gt;&lt;td rowspan=&quot;1&quot; colspan=&quot;1&quot;&gt; &amp;gt;$150,000&lt;/td&gt;&lt;td rowspan=&quot;1&quot; colspan=&quot;1&quot;&gt;37 (5.3)&lt;/td&gt;&lt;/tr&gt;&lt;tr&gt;&lt;td rowspan=&quot;1&quot; colspan=&quot;1&quot;&gt;Gender&lt;/td&gt;&lt;td rowspan=&quot;1&quot; colspan=&quot;1&quot;/&gt;&lt;/tr&gt;&lt;tr&gt;&lt;td rowspan=&quot;1&quot; colspan=&quot;1&quot;&gt; Male&lt;/td&gt;&lt;td rowspan=&quot;1&quot; colspan=&quot;1&quot;&gt;355 (50.4)&lt;/td&gt;&lt;/tr&gt;&lt;tr&gt;&lt;td rowspan=&quot;1&quot; colspan=&quot;1&quot;&gt; Female&lt;/td&gt;&lt;td rowspan=&quot;1&quot; colspan=&quot;1&quot;&gt;339 (48.2)&lt;/td&gt;&lt;/tr&gt;&lt;tr&gt;&lt;td rowspan=&quot;1&quot; colspan=&quot;1&quot;&gt; Transgender male&lt;/td&gt;&lt;td rowspan=&quot;1&quot; colspan=&quot;1&quot;&gt;5 (0.71)&lt;/td&gt;&lt;/tr&gt;&lt;tr&gt;&lt;td rowspan=&quot;1&quot; colspan=&quot;1&quot;&gt; Transgender female&lt;/td&gt;&lt;td rowspan=&quot;1&quot; colspan=&quot;1&quot;&gt;2 (0.28)&lt;/td&gt;&lt;/tr&gt;&lt;tr&gt;&lt;td rowspan=&quot;1&quot; colspan=&quot;1&quot;&gt; Other/prefer not to say&lt;/td&gt;&lt;td rowspan=&quot;1&quot; colspan=&quot;1&quot;&gt;3 (0.43)&lt;/td&gt;&lt;/tr&gt;&lt;tr&gt;&lt;td rowspan=&quot;1&quot; colspan=&quot;1&quot;&gt;Marital status&lt;/td&gt;&lt;td rowspan=&quot;1&quot; colspan=&quot;1&quot;/&gt;&lt;/tr&gt;&lt;tr&gt;&lt;td rowspan=&quot;1&quot; colspan=&quot;1&quot;&gt; Single&lt;/td&gt;&lt;td rowspan=&quot;1&quot; colspan=&quot;1&quot;&gt;219 (31.1)&lt;/td&gt;&lt;/tr&gt;&lt;tr&gt;&lt;td rowspan=&quot;1&quot; colspan=&quot;1&quot;&gt; In a relationship&lt;/td&gt;&lt;td rowspan=&quot;1&quot; colspan=&quot;1&quot;&gt;144 (20.5)&lt;/td&gt;&lt;/tr&gt;&lt;tr&gt;&lt;td rowspan=&quot;1&quot; colspan=&quot;1&quot;&gt; Married&lt;/td&gt;&lt;td rowspan=&quot;1&quot; colspan=&quot;1&quot;&gt;293 (41.6)&lt;/td&gt;&lt;/tr&gt;&lt;tr&gt;&lt;td rowspan=&quot;1&quot; colspan=&quot;1&quot;&gt; Divorced&lt;/td&gt;&lt;td rowspan=&quot;1&quot; colspan=&quot;1&quot;&gt;39 (5.5)&lt;/td&gt;&lt;/tr&gt;&lt;tr&gt;&lt;td rowspan=&quot;1&quot; colspan=&quot;1&quot;&gt; Widowed/prefer not to say&lt;/td&gt;&lt;td rowspan=&quot;1&quot; colspan=&quot;1&quot;&gt;9 (1.3)&lt;/td&gt;&lt;/tr&gt;&lt;/tbody&gt;&lt;/table&gt;
</infon><offset>8779</offset><text>Characteristic	No. (%)	 	Age, y		 	 18-24 	83 (11.7)	 	 25-34 	285 (40.5)	 	 35-44 	178 (25.3)	 	 45-54 	96 (13.6)	 	 55-64 	45 (6.4)	 	 &gt;65 	17 (2.4)	 	Income		 	 &lt;$20,000	65 (9.2)	 	 $20,000-$34,999	95 (13.5)	 	 $35,000-$49,999	125 (17.8)	 	 $50,000-$74,999	152 (21.6)	 	 $75,000-$99,999	142 (20.2)	 	 $100,000-$124,999	45 (6.4)	 	 $125,000-$149,999	43 (6.1)	 	 &gt;$150,000	37 (5.3)	 	Gender		 	 Male	355 (50.4)	 	 Female	339 (48.2)	 	 Transgender male	5 (0.71)	 	 Transgender female	2 (0.28)	 	 Other/prefer not to say	3 (0.43)	 	Marital status		 	 Single	219 (31.1)	 	 In a relationship	144 (20.5)	 	 Married	293 (41.6)	 	 Divorced	39 (5.5)	 	 Widowed/prefer not to say	9 (1.3)	 	</text></passage><passage><infon key="section_type">RESULTS</infon><infon key="type">paragraph</infon><offset>9510</offset><text>Change in interest during the COVID-19 pandemic was similar between each intervention, with unchanged interest for 3 out of 4 respondents (Table 2). For those who did have a change in interest, more respondents had decreased interest in aesthetic interventions. Non-invasive procedures elicited the greatest increase in interest along with facial aesthetic surgery and medical-grade skincare. Overall, facial aesthetic surgery saw the most change in interest, because it also elicited the highest decrease in interest as well.</text></passage><passage><infon key="file">T2.xml</infon><infon key="id">T2</infon><infon key="section_type">TABLE</infon><infon key="type">table_caption</infon><offset>10037</offset><text>Change in Interest in Aesthetic Interventions During/Since COVID-19 Pandemic</text></passage><passage><infon key="file">T2.xml</infon><infon key="id">T2</infon><infon key="section_type">TABLE</infon><infon key="type">table</infon><infon key="xml">&lt;?xml version=&quot;1.0&quot; encoding=&quot;UTF-8&quot;?&gt;
&lt;table frame=&quot;vsides&quot; rules=&quot;groups&quot;&gt;&lt;thead&gt;&lt;tr&gt;&lt;th rowspan=&quot;1&quot; colspan=&quot;1&quot;/&gt;&lt;th rowspan=&quot;1&quot; colspan=&quot;1&quot;&gt;Decreased interest &lt;break/&gt;
No. (%)&lt;/th&gt;&lt;th rowspan=&quot;1&quot; colspan=&quot;1&quot;&gt;Unchanged interest &lt;break/&gt;
No. (%)&lt;/th&gt;&lt;th rowspan=&quot;1&quot; colspan=&quot;1&quot;&gt;Increased interest &lt;break/&gt;
No. (%)&lt;/th&gt;&lt;/tr&gt;&lt;/thead&gt;&lt;tbody&gt;&lt;tr&gt;&lt;td rowspan=&quot;1&quot; colspan=&quot;1&quot;&gt;Medical-grade skincare&lt;/td&gt;&lt;td rowspan=&quot;1&quot; colspan=&quot;1&quot;&gt;113 (16.0)&lt;/td&gt;&lt;td rowspan=&quot;1&quot; colspan=&quot;1&quot;&gt;553 (78.1)&lt;/td&gt;&lt;td rowspan=&quot;1&quot; colspan=&quot;1&quot;&gt;42 (5.9)&lt;/td&gt;&lt;/tr&gt;&lt;tr&gt;&lt;td rowspan=&quot;1&quot; colspan=&quot;1&quot;&gt;Injectables&lt;/td&gt;&lt;td rowspan=&quot;1&quot; colspan=&quot;1&quot;&gt;113 (16.0)&lt;/td&gt;&lt;td rowspan=&quot;1&quot; colspan=&quot;1&quot;&gt;563 (79.5)&lt;/td&gt;&lt;td rowspan=&quot;1&quot; colspan=&quot;1&quot;&gt;32 (4.5)&lt;/td&gt;&lt;/tr&gt;&lt;tr&gt;&lt;td rowspan=&quot;1&quot; colspan=&quot;1&quot;&gt;Non-invasive procedures&lt;/td&gt;&lt;td rowspan=&quot;1&quot; colspan=&quot;1&quot;&gt;114 (16.1)&lt;/td&gt;&lt;td rowspan=&quot;1&quot; colspan=&quot;1&quot;&gt;542 (76.6)&lt;/td&gt;&lt;td rowspan=&quot;1&quot; colspan=&quot;1&quot;&gt;52 (7.3)&lt;/td&gt;&lt;/tr&gt;&lt;tr&gt;&lt;td rowspan=&quot;1&quot; colspan=&quot;1&quot;&gt;Facial aesthetic surgery&lt;/td&gt;&lt;td rowspan=&quot;1&quot; colspan=&quot;1&quot;&gt;135 (19.1)&lt;/td&gt;&lt;td rowspan=&quot;1&quot; colspan=&quot;1&quot;&gt;526 (74.3)&lt;/td&gt;&lt;td rowspan=&quot;1&quot; colspan=&quot;1&quot;&gt;47 (6.6)&lt;/td&gt;&lt;/tr&gt;&lt;tr&gt;&lt;td rowspan=&quot;1&quot; colspan=&quot;1&quot;&gt;Breast aesthetic surgery&lt;/td&gt;&lt;td rowspan=&quot;1&quot; colspan=&quot;1&quot;&gt;111 (15.7)&lt;/td&gt;&lt;td rowspan=&quot;1&quot; colspan=&quot;1&quot;&gt;567 (80.1)&lt;/td&gt;&lt;td rowspan=&quot;1&quot; colspan=&quot;1&quot;&gt;30 (4.2)&lt;/td&gt;&lt;/tr&gt;&lt;tr&gt;&lt;td rowspan=&quot;1&quot; colspan=&quot;1&quot;&gt;Body aesthetic surgery&lt;/td&gt;&lt;td rowspan=&quot;1&quot; colspan=&quot;1&quot;&gt;115 (16.2)&lt;/td&gt;&lt;td rowspan=&quot;1&quot; colspan=&quot;1&quot;&gt;553 (78.1)&lt;/td&gt;&lt;td rowspan=&quot;1&quot; colspan=&quot;1&quot;&gt;40 (5.6)&lt;/td&gt;&lt;/tr&gt;&lt;/tbody&gt;&lt;/table&gt;
</infon><offset>10114</offset><text>	Decreased interest 	 	No. (%)	Unchanged interest 	 	No. (%)	Increased interest 	 	No. (%)	 	Medical-grade skincare	113 (16.0)	553 (78.1)	42 (5.9)	 	Injectables	113 (16.0)	563 (79.5)	32 (4.5)	 	Non-invasive procedures	114 (16.1)	542 (76.6)	52 (7.3)	 	Facial aesthetic surgery	135 (19.1)	526 (74.3)	47 (6.6)	 	Breast aesthetic surgery	111 (15.7)	567 (80.1)	30 (4.2)	 	Body aesthetic surgery	115 (16.2)	553 (78.1)	40 (5.6)	 	</text></passage><passage><infon key="section_type">RESULTS</infon><infon key="type">paragraph</infon><offset>10538</offset><text>To understand respondents’ change in interest during the pandemic as it relates to prior experience or interest in an intervention, respondents were separated by these 2 factors in Figure 1. For each aesthetic intervention, a smaller proportion of respondents who had prior experience with or interest prior to COVID-19 subsequently had unchanged opinions during COVID-19 than those without prior experience or interest. Chi-squared and binary logistic regressions controlling for age, gender, and income demonstrated a significant association between increased interest during the pandemic and prior experience with or interest in injectables (OR = 5.3, P &lt; 0.001), face aesthetic surgery (OR = 3.3, P = 0.003), breast aesthetic surgery (OR = 7.1, P &lt; 0.001), and body aesthetic surgery (OR = 8.0, P &lt; 0.001). There were no significant or persistent relationships between patient demographics and likelihood of increased or decreased interest during the pandemic.</text></passage><passage><infon key="file">sjaa173_fig1.jpg</infon><infon key="id">F1</infon><infon key="section_type">FIG</infon><infon key="type">fig_caption</infon><offset>11505</offset><text>Change in interest in aesthetic procedures during the COVID-19 pandemic and prior interest/experience prior to pandemic. (+) Indicates respondents with either prior experience or expressed interest in that intervention prior to COVID-19. (−) Indicates no prior experience or expressed interest in that intervention prior to COVID-19.</text></passage><passage><infon key="section_type">RESULTS</infon><infon key="type">paragraph</infon><offset>11841</offset><text>Across all interventions, a change in spending priorities was the most common reason for decreased interest in aesthetic interventions, followed by focusing on other aspects of health, worrying about infection in a medical facility, and a loss or change in job or income (Table 3). Seeing themselves in the mirror more often was the top reason given for increased interest, followed by a desire to look better when the crisis is over, increased time spent on social media, and change in weight. Binary logistic regression showed that increased time spent on social media was not associated with respondent age, gender, or income (P = 0.54, 0.81, 0.95, respectively). Of those with increased interest in any intervention, 42.5% had considered a virtual consultation with a plastic surgeon; 53.4% stated they would probably or definitely make an in-person appointment with a plastic surgeon to pursue the treatment they are interested in receiving.</text></passage><passage><infon key="file">T3.xml</infon><infon key="id">T3</infon><infon key="section_type">TABLE</infon><infon key="type">table_caption</infon><offset>12788</offset><text>Reasons for Change in Interest in Aesthetic Interventions During/Since COVID-19 Pandemic </text></passage><passage><infon key="file">T3.xml</infon><infon key="id">T3</infon><infon key="section_type">TABLE</infon><infon key="type">table</infon><infon key="xml">&lt;?xml version=&quot;1.0&quot; encoding=&quot;UTF-8&quot;?&gt;
&lt;table frame=&quot;vsides&quot; rules=&quot;groups&quot;&gt;&lt;thead&gt;&lt;tr&gt;&lt;th rowspan=&quot;1&quot; colspan=&quot;1&quot;&gt;Increased interest&lt;/th&gt;&lt;th rowspan=&quot;1&quot; colspan=&quot;1&quot;&gt;N = 146 (%)&lt;/th&gt;&lt;/tr&gt;&lt;/thead&gt;&lt;tbody&gt;&lt;tr&gt;&lt;td rowspan=&quot;1&quot; colspan=&quot;1&quot;&gt;Seeing self in mirror more often&lt;/td&gt;&lt;td rowspan=&quot;1&quot; colspan=&quot;1&quot;&gt;63 (43.2)&lt;/td&gt;&lt;/tr&gt;&lt;tr&gt;&lt;td rowspan=&quot;1&quot; colspan=&quot;1&quot;&gt;Desire to look better when crisis is over&lt;/td&gt;&lt;td rowspan=&quot;1&quot; colspan=&quot;1&quot;&gt;61 (41.8)&lt;/td&gt;&lt;/tr&gt;&lt;tr&gt;&lt;td rowspan=&quot;1&quot; colspan=&quot;1&quot;&gt;Increased time on social media&lt;/td&gt;&lt;td rowspan=&quot;1&quot; colspan=&quot;1&quot;&gt;59 (40.4)&lt;/td&gt;&lt;/tr&gt;&lt;tr&gt;&lt;td rowspan=&quot;1&quot; colspan=&quot;1&quot;&gt;Weight change&lt;/td&gt;&lt;td rowspan=&quot;1&quot; colspan=&quot;1&quot;&gt;55 (37.7)&lt;/td&gt;&lt;/tr&gt;&lt;tr&gt;&lt;td rowspan=&quot;1&quot; colspan=&quot;1&quot;&gt;Desire to pamper yourself when crisis is over&lt;/td&gt;&lt;td rowspan=&quot;1&quot; colspan=&quot;1&quot;&gt;30 (20.5)&lt;/td&gt;&lt;/tr&gt;&lt;tr&gt;&lt;td rowspan=&quot;1&quot; colspan=&quot;1&quot;&gt;Opinion of others in household&lt;/td&gt;&lt;td rowspan=&quot;1&quot; colspan=&quot;1&quot;&gt;19 (13)&lt;/td&gt;&lt;/tr&gt;&lt;tr&gt;&lt;td rowspan=&quot;1&quot; colspan=&quot;1&quot;&gt;Noticed something on video conference&lt;/td&gt;&lt;td rowspan=&quot;1&quot; colspan=&quot;1&quot;&gt;15 (10.3)&lt;/td&gt;&lt;/tr&gt;&lt;tr&gt;&lt;td rowspan=&quot;1&quot; colspan=&quot;1&quot;&gt;Change in relationship status/resuming dating&lt;/td&gt;&lt;td rowspan=&quot;1&quot; colspan=&quot;1&quot;&gt;14 (9.6)&lt;/td&gt;&lt;/tr&gt;&lt;tr&gt;&lt;td rowspan=&quot;1&quot; colspan=&quot;1&quot;&gt;Stimulus check&lt;/td&gt;&lt;td rowspan=&quot;1&quot; colspan=&quot;1&quot;&gt;35 (4.9)&lt;/td&gt;&lt;/tr&gt;&lt;tr&gt;&lt;td rowspan=&quot;1&quot; colspan=&quot;1&quot;&gt;Decreased interest&lt;/td&gt;&lt;td rowspan=&quot;1&quot; colspan=&quot;1&quot;&gt;N = 231 (%)&lt;/td&gt;&lt;/tr&gt;&lt;tr&gt;&lt;td rowspan=&quot;1&quot; colspan=&quot;1&quot;&gt;Spending priorities have changed&lt;/td&gt;&lt;td rowspan=&quot;1&quot; colspan=&quot;1&quot;&gt;134 (58)&lt;/td&gt;&lt;/tr&gt;&lt;tr&gt;&lt;td rowspan=&quot;1&quot; colspan=&quot;1&quot;&gt;Focusing on other aspects of health&lt;/td&gt;&lt;td rowspan=&quot;1&quot; colspan=&quot;1&quot;&gt;115 (49.8)&lt;/td&gt;&lt;/tr&gt;&lt;tr&gt;&lt;td rowspan=&quot;1&quot; colspan=&quot;1&quot;&gt;Worried about infection in a medical facility&lt;/td&gt;&lt;td rowspan=&quot;1&quot; colspan=&quot;1&quot;&gt;107 (46.3)&lt;/td&gt;&lt;/tr&gt;&lt;tr&gt;&lt;td rowspan=&quot;1&quot; colspan=&quot;1&quot;&gt;Loss/change in job or income &lt;/td&gt;&lt;td rowspan=&quot;1&quot; colspan=&quot;1&quot;&gt;92 (39.8)&lt;/td&gt;&lt;/tr&gt;&lt;tr&gt;&lt;td rowspan=&quot;1&quot; colspan=&quot;1&quot;&gt;Positive changes in my appearance&lt;/td&gt;&lt;td rowspan=&quot;1&quot; colspan=&quot;1&quot;&gt;25 (10.8)&lt;/td&gt;&lt;/tr&gt;&lt;tr&gt;&lt;td rowspan=&quot;1&quot; colspan=&quot;1&quot;&gt;Will not have time&lt;/td&gt;&lt;td rowspan=&quot;1&quot; colspan=&quot;1&quot;&gt;24 (10.4)&lt;/td&gt;&lt;/tr&gt;&lt;tr&gt;&lt;td rowspan=&quot;1&quot; colspan=&quot;1&quot;&gt;Change in relationship status/resuming dating&lt;/td&gt;&lt;td rowspan=&quot;1&quot; colspan=&quot;1&quot;&gt;11 (4.8)&lt;/td&gt;&lt;/tr&gt;&lt;/tbody&gt;&lt;/table&gt;
</infon><offset>12878</offset><text>Increased interest	N = 146 (%)	 	Seeing self in mirror more often	63 (43.2)	 	Desire to look better when crisis is over	61 (41.8)	 	Increased time on social media	59 (40.4)	 	Weight change	55 (37.7)	 	Desire to pamper yourself when crisis is over	30 (20.5)	 	Opinion of others in household	19 (13)	 	Noticed something on video conference	15 (10.3)	 	Change in relationship status/resuming dating	14 (9.6)	 	Stimulus check	35 (4.9)	 	Decreased interest	N = 231 (%)	 	Spending priorities have changed	134 (58)	 	Focusing on other aspects of health	115 (49.8)	 	Worried about infection in a medical facility	107 (46.3)	 	Loss/change in job or income 	92 (39.8)	 	Positive changes in my appearance	25 (10.8)	 	Will not have time	24 (10.4)	 	Change in relationship status/resuming dating	11 (4.8)	 	</text></passage><passage><infon key="section_type">RESULTS</infon><infon key="type">paragraph</infon><offset>13673</offset><text>Respondents with increased interest in different interventions reported different driving factors for these opinions (Figure 2). Weight change was most often reported as a driving factor for respondents interested in surgical interventions (52.5% for body, 46.8% for facial, and 43.3% for breast aesthetic surgery). Seeing themselves in the mirror was most significant for those interested in body aesthetic surgery (57.5%) and medical-grade skincare (47.6%). A desire to look better after the crisis is over was a significant factor for all interventions (36.2%-54.8%) and more frequently noted than a desire for self-pampering (17.0%-31.3%). However, almost twice as many respondents interested in injectables (31.3%) and medical-grade skincare (28.6%) reported a desire to pamper than those interested in facial (17%) or body aesthetic surgery (17.5%). Opinions of others in the household was reported twice as often by those interested in facial (21.3%) and body (20%) aesthetic surgery as non-invasive procedures (9.6%) or breast surgery (10%), and change in relationship status or a desire to get back to dating was reported significantly more often by those with greater interest in non-invasive procedures (15.4%), injectables (12.5%), and body surgery (12.5%) than those interested in skincare (7.1%) or facial aesthetic surgery (8.5%). Lastly, although stimulus check was least often reported out of all respondents (4.9%), a higher proportion of those with increased interest in each specific intervention cited this as one of their reasons for increased interest (21.9%-34.0%).</text></passage><passage><infon key="file">sjaa173_fig2.jpg</infon><infon key="id">F2</infon><infon key="section_type">FIG</infon><infon key="type">fig_caption</infon><offset>15263</offset><text>Reasons for increased interest in aesthetic interventions.</text></passage><passage><infon key="section_type">RESULTS</infon><infon key="type">paragraph</infon><offset>15322</offset><text>Changing spending priorities was most reported by those with a decreased interest in injectables (68.1%) and non-invasive procedures (67.5%), whereas worry about infection in a medical facility was most reported by those with decreased interest in medical-grade skincare (58.4%), non-invasive procedures (54.4%), and body aesthetic surgery (52.2%; Figure 3). Loss of job/change in income was most reported by those with a decreased interest in body aesthetic surgery (46.1%). A positive change in appearance was reported most often by those with decreased interest in surgical interventions (14.1%, 13.0%, and 10.8% for facial, body, and breast aesthetic surgery, respectively); this was reported twice as often by those with decreased interested in facial aesthetic surgery than those with less interest in medical-grade skincare (7.1%).</text></passage><passage><infon key="file">sjaa173_fig3.jpg</infon><infon key="id">F3</infon><infon key="section_type">FIG</infon><infon key="type">fig_caption</infon><offset>16161</offset><text>Reasons for decreased interest in aesthetic interventions.</text></passage><passage><infon key="section_type">DISCUSS</infon><infon key="type">title_1</infon><offset>16220</offset><text>Discussion</text></passage><passage><infon key="section_type">DISCUSS</infon><infon key="type">paragraph</infon><offset>16231</offset><text>The COVID-19 pandemic is an unprecedented time both for the population and for the health care system. Although some commentaries have been published both in the literature and lay press discussing how plastic surgery practice and education have been affected by the pandemic, this 2-part study is the first to our knowledge to objectively characterize both the effect of COVID-19 on public interest in medial aesthetics and the reasons behind shifting interest. These survey results can be employed in combination with Google interest trends from Part I to gauge and predict public interest in aesthetic procedures as the pandemic evolves. Although Google revealed initially decreased searches for aesthetic interventions, these inquiries have been increasing and will likely continue to increase as the pandemic resolves. Similarly, in this Part II, more respondents reported decreased (16%-19%) rather than increased (5%-7%) interest in aesthetic interventions. This coincides with other studies demonstrating interest in aesthetic surgery may function as a leading economic indicator, corresponding with and often predicting macroeconomic shifts in similar ways as other leading indicators such as the federal funds rate, quarterly gross domestic product, and unemployment. Therefore, although the COVID-19 pandemic is unprecedented for modern times, it may share similar traits with other periods of economic downturn, with interest expected to increase as the economy stabilizes.</text></passage><passage><infon key="section_type">DISCUSS</infon><infon key="type">paragraph</infon><offset>17717</offset><text>However, some respondents reported increased interest in aesthetic interventions despite the economic climate, indicating other factors also affect the public’s relationship with medical aesthetics. For some respondents, this may also reflect increased interest towards the end of self-isolation as many regions began considering or implementing phases of reopening. In these instances, the increased interest may then anticipatorily indicate economic recovery as businesses resume normal operations. These data can also be utilized to inform staffing and estimated resource utilization as practices move towards reopening. As interest increased the most for non-invasive procedures and facial surgery, surgeons may expect increased demand for those interventions above others. Additionally, as some regions are still within the pandemic peak, it may be useful to consider offering or increasing availability for telehealth consultations. Because 4 out of 10 respondents with an increase in any intervention had considered a telehealth appointment, offering this service may be critical to patient recruitment and satisfaction.</text></passage><passage><infon key="section_type">DISCUSS</infon><infon key="type">paragraph</infon><offset>18847</offset><text>The effect of prior experience with or interest in plastic surgery is also important to note, because this group comprised the pre-pandemic potential patient population. It is encouraging to note that prior experience with or interest in injectables or any surgical procedure was statistically associated with increased interest during the pandemic. However, interest decreased for a subset of patients with prior interest or experience, indicating that some potential patients may be lost due to pandemic-related factors. This survey is therefore a powerful tool to identify potential patient subgroups who may need to be addressed differently: previously interested patients with continued or increased interest through COVID; previously interested patients with decreased interest; and, surprisingly, a previously uncaptured patient who developed new interest in medical aesthetics during the pandemic. These findings may enable the surgeon to further augment their patient base by segmenting their marketing approach.</text></passage><passage><infon key="section_type">DISCUSS</infon><infon key="type">paragraph</infon><offset>19869</offset><text>Identifying the factors that most influence interest in different interventions can further characterize the pandemic’s effect on plastic surgery demand and provide guidance to mitigate or address patient concerns. For example, weight change was a significant factor for those with increased interest in any surgical intervention: body, face, and breast. The combination of gym closures and self-isolation at home may have hindered fitness routines while food and snacks are more accessible, making weight change an understandably significant consideration for our patient population. It is important to note that respondents were asked about weight change rather than specific alterations such as weight gain or muscle and adipose redistribution; an individualized patient approach is therefore needed to address specific patient concerns. Social media has also increased interest in multiple procedures, particularly skincare and facial surgery. Although some physician social media accounts can provide accurate information and realistic outcomes, other accounts can spread misinformation, and counseling is critical for expectation management. Having more time at home may have also afforded respondents more time to critically evaluate themselves in the mirror, leading to an interest in skincare and body aesthetic surgery. Assessing patients for body dysmorphic disorder or otherwise unhealthy preoccupation with small flaws will continue to be important in patient selection and expectation management.</text></passage><passage><infon key="section_type">DISCUSS</infon><infon key="type">paragraph</infon><offset>21382</offset><text>Financial factors were paramount for those with decreased interest in aesthetic interventions, and changes in spending priorities particularly affected interest in injectables and non-invasive procedures. Loss of or change in job or income was also an important factor, particularly for those with decreased interest in body aesthetic surgery. The COVID-19 pandemic has caused the loss of an estimated 22 million jobs in April alone, resulting in an estimated unemployment rate of 17%. Although many areas are considering or currently lifting business restrictions, further job losses are expected in May. As rehiring is also projected to occur at a slower rate than jobs were lost, some economists predict close to 12 million will still be unemployed at the end of the year. Therefore, potential patients may have financial concerns for the remainder of the year. These concerns could be addressed through creative financing options and thorough financial counseling prior to any surgery. Some respondents also cited the government stimulus check as a reason for increased interest in aesthetic interventions. Interestingly, although this was the least common reason reported by all participants with increased interest, subdividing by specific intervention (Figure 2) revealed the stimulus check was cited by a larger proportion of those interested in each intervention. This corresponded to a group of participants with increased interest in many or all interventions who listed the stimulus check as one of multiple reasons for this change in interest. These potential patients may have experienced a more global interest in aesthetic interventions rather than deciding on a specific procedure of highest interest and would likely benefit from consultation with a plastic surgeon.</text></passage><passage><infon key="section_type">DISCUSS</infon><infon key="type">paragraph</infon><offset>23167</offset><text>Lastly, the mindset of potential patients is important to consider. Although the pandemic has been stressful for many and has increased public awareness of self-care, the desire to look better was a stronger driving force than the desire to pamper themselves. However, pampering was relatively more important for those interested in medical-grade skincare and injectables rather than those interested in surgical intervention, which may not be perceived as a form of self-care in the same way as skincare or injectables. Therefore, consumers’ emotional goals should be considered when targeting patient populations and managing the advertisement strategy for the reopening of a practice. Anxiety is another emotional factor that influenced respondents’ interest. Worry about infection risk in a medical facility was one of the most important reasons for decreased interest in all interventions and was surprisingly reported most by those who developed a decreased interest in skincare, which has the lowest requirement for in-person contact. These findings reinforce the importance of not only developing a detailed infection control plan for each practice but also providing this information to patients to assuage COVID-19–related fears. Additionally, continuing to incorporate telemedicine when possible, even after resuming in-person appointments, may help both reduce infection risk and address patient anxiety by avoiding exposure.</text></passage><passage><infon key="section_type">DISCUSS</infon><infon key="type">paragraph</infon><offset>24611</offset><text>This study has some limitations. Demographics are self-reported, and respondent demographic distribution was skewed to younger respondents compared with the national population. Additionally, because this is a cross-sectional assessment of respondent opinions, these are likely to continue to change with current events. Lastly, although these opinions come from respondents across the United States, each country has had its own experience with the COVID-19 pandemic, and therefore public interest may vary between countries. Further assessments of public interest will be needed as prevalence of the COVID-19 virus decreases, unemployment statistics shift, and the potential for a second wave evolves. Therefore, repeated cross-sectional studies will enable the critical understanding of how interest in aesthetic interventions will continue to shift as the reasons underlying current changes are affected by phased economic reopening.</text></passage><passage><infon key="section_type">CONCL</infon><infon key="type">title_1</infon><offset>25549</offset><text>Conclusions</text></passage><passage><infon key="section_type">CONCL</infon><infon key="type">paragraph</infon><offset>25561</offset><text>The COVID-19 pandemic has affected public interest in plastic surgery. Although for the majority interest is unchanged, some are experiencing a decreased or increased interest in medical aesthetic treatments. Financial concerns and worry about infection in medical facilities function as chief reasons for decreased interest, while seeing themselves in the mirror more often, a desire to look better after the crisis, and increased time spent on social media were all motivating factors to increase interest in aesthetic interventions. Additionally, because a significant proportion of respondents have considered virtual consultations, offering these may be critical for patient recruitment and satisfaction. Considering the reasons underlying changes in public interest in aesthetic interventions may guide practice reopening and improve practice advertisement and patient counseling.</text></passage><passage><infon key="section_type">SUPPL</infon><infon key="type">title_1</infon><offset>26448</offset><text>Supplementary Material</text></passage><passage><infon key="section_type">SUPPL</infon><infon key="type">paragraph</infon><offset>26471</offset><text>This article contains supplementary material located online at www.aestheticsurgeryjournal.com.</text></passage><passage><infon key="section_type">COMP_INT</infon><infon key="type">title_1</infon><offset>26567</offset><text>Disclosures</text></passage><passage><infon key="section_type">COMP_INT</infon><infon key="type">paragraph</infon><offset>26579</offset><text>Dr Jenny is a consultant for Sharp Fluidics. Dr Chandawarkar is a consultant for Cypris Medical. Dr Kim declared no potential conflicts of interest with respect to the research, authorship, and publication of this article.</text></passage><passage><infon key="section_type">ACK_FUND</infon><infon key="type">title_1</infon><offset>26802</offset><text>Funding</text></passage><passage><infon key="section_type">ACK_FUND</infon><infon key="type">paragraph</infon><offset>26810</offset><text>The authors received no financial support for the research, authorship, and publication of this article.</text></passage><passage><infon key="section_type">REF</infon><infon key="type">title</infon><offset>26915</offset><text>References</text></passage><passage><infon key="fpage">2120</infon><infon key="issue">6</infon><infon key="lpage">2126</infon><infon key="name_0">surname:Gusenoff;given-names:JA</infon><infon key="name_1">surname:Messing;given-names:S</infon><infon key="name_2">surname:O’Malley;given-names:W</infon><infon key="name_3">surname:Langstein;given-names:HN</infon><infon key="pub-id_pmid">18520904</infon><infon key="section_type">REF</infon><infon key="source">Plast Reconstr Surg</infon><infon key="type">ref</infon><infon key="volume">121</infon><infon key="year">2008</infon><offset>26926</offset><text>Temporal and demographic factors influencing the desire for plastic surgery after gastric bypass surgery</text></passage><passage><infon key="fpage">1047</infon><infon key="issue">5</infon><infon key="lpage">1056</infon><infon key="name_0">surname:Sorice;given-names:SC</infon><infon key="name_1">surname:Li;given-names:AY</infon><infon key="name_2">surname:Gilstrap;given-names:J</infon><infon key="name_3">surname:Canales;given-names:FL</infon><infon key="name_4">surname:Furnas;given-names:HJ</infon><infon key="pub-id_pmid">29068943</infon><infon key="section_type">REF</infon><infon key="source">Plast Reconstr Surg</infon><infon key="type">ref</infon><infon key="volume">140</infon><infon key="year">2017</infon><offset>27031</offset><text>Social media and the plastic surgery patient</text></passage><passage><infon key="fpage">1669</infon><infon key="issue">6</infon><infon key="lpage">1680</infon><infon key="name_0">surname:Tijerina;given-names:JD</infon><infon key="name_1">surname:Morrison;given-names:SD</infon><infon key="name_2">surname:Nolan;given-names:IT</infon><infon key="name_3">surname:Parham;given-names:MJ</infon><infon key="name_4">surname:Richardson;given-names:MT</infon><infon key="name_5">surname:Nazerali;given-names:R</infon><infon key="pub-id_pmid">31392394</infon><infon key="section_type">REF</infon><infon key="source">Aesthetic Plast Surg</infon><infon key="type">ref</infon><infon key="volume">43</infon><infon key="year">2019</infon><offset>27076</offset><text>Celebrity influence affecting public interest in plastic surgery procedures: Google trends analysis</text></passage><passage><infon key="fpage">180</infon><infon key="issue">3</infon><infon key="lpage">186</infon><infon key="name_0">surname:Javo;given-names:IM</infon><infon key="name_1">surname:Sørlie;given-names:T</infon><infon key="pub-id_pmid">20814275</infon><infon key="section_type">REF</infon><infon key="source">Plast Surg Nurs</infon><infon key="type">ref</infon><infon key="volume">30</infon><infon key="year">2010</infon><offset>27176</offset><text>Psychosocial predictors of an interest in cosmetic surgery among young Norwegian women: a population-based study</text></passage><passage><infon key="fpage">657</infon><infon key="issue">2</infon><infon key="lpage">666</infon><infon key="name_0">surname:Wong;given-names:WW</infon><infon key="name_1">surname:Davis;given-names:DG</infon><infon key="name_2">surname:Son;given-names:AK</infon><infon key="name_3">surname:Camp;given-names:MC</infon><infon key="name_4">surname:Gupta;given-names:SC</infon><infon key="pub-id_pmid">20679849</infon><infon key="section_type">REF</infon><infon key="source">Plast Reconstr Surg</infon><infon key="type">ref</infon><infon key="volume">126</infon><infon key="year">2010</infon><offset>27289</offset><text>Canary in a coal mine: does the plastic surgery market predict the American economy?</text></passage><passage><infon key="fpage">470</infon><infon key="issue">3</infon><infon key="lpage">475</infon><infon key="name_0">surname:Gordon;given-names:CR</infon><infon key="name_1">surname:Pryor;given-names:L</infon><infon key="name_2">surname:Afifi;given-names:AM</infon><infon key="pub-id_pmid">20601580</infon><infon key="section_type">REF</infon><infon key="source">Aesthet Surg J</infon><infon key="type">ref</infon><infon key="volume">30</infon><infon key="year">2010</infon><offset>27374</offset><text>Cosmetic surgery volume and its correlation with the major US stock market indices</text></passage><passage><infon key="fpage">783e</infon><infon key="issue">6</infon><infon key="lpage">789e</infon><infon key="name_0">surname:Wilson;given-names:SC</infon><infon key="name_1">surname:Soares;given-names:MA</infon><infon key="name_2">surname:Reavey;given-names:PL</infon><infon key="name_3">surname:Saadeh;given-names:PB</infon><infon key="section_type">REF</infon><infon key="source">Plast Reconstr Surg</infon><infon key="type">ref</infon><infon key="volume">133</infon><infon key="year">2014</infon><offset>27457</offset><text>Trends and drivers of the aesthetic market during a turbulent economy</text></passage><passage><infon key="comment">May 5, 2020</infon><infon key="section_type">REF</infon><infon key="source">Implementation of mitigation strategies for communities with local COVID-19 transmission</infon><infon key="type">ref</infon><infon key="year">2020</infon><offset>27527</offset></passage><passage><infon key="fpage">185</infon><infon key="lpage">193</infon><infon key="name_0">surname:Nicola;given-names:M</infon><infon key="name_1">surname:Alsafi;given-names:Z</infon><infon key="name_2">surname:Sohrabi;given-names:C</infon><infon key="pub-id_pmid">32305533</infon><infon key="section_type">REF</infon><infon key="source">Int J Surg</infon><infon key="type">ref</infon><infon key="volume">78</infon><infon key="year">2020</infon><offset>27528</offset><text>The socio-economic implications of the coronavirus pandemic (COVID-19): a review</text></passage><passage><infon key="comment">May 5, 2020</infon><infon key="name_0">surname:Jones;given-names:C</infon><infon key="section_type">REF</infon><infon key="source">Forbes</infon><infon key="type">ref</infon><infon key="year">2020</infon><offset>27609</offset><text>One chart shows coronavirus’ stunning job losses</text></passage><passage><infon key="fpage">507</infon><infon key="issue">2</infon><infon key="lpage">516</infon><infon key="name_0">surname:Funderburk;given-names:CD</infon><infon key="name_1">surname:Batulis;given-names:NS</infon><infon key="name_2">surname:Zelones;given-names:JT</infon><infon key="pub-id_pmid">31348369</infon><infon key="section_type">REF</infon><infon key="source">Plast Reconstr Surg</infon><infon key="type">ref</infon><infon key="volume">144</infon><infon key="year">2019</infon><offset>27660</offset><text>Innovations in the plastic surgery care pathway: using telemedicine for clinical efficiency and patient satisfaction</text></passage><passage><infon key="name_0">surname:Chandawarkar;given-names:A</infon><infon key="name_1">surname:Jenny;given-names:HE</infon><infon key="name_2">surname:Kim;given-names:R</infon><infon key="section_type">REF</infon><infon key="source">Aesthet Surg J</infon><infon key="type">ref</infon><offset>27777</offset><text>Data-driven insights on the effects of COVID-19 on aesthetics: part I (passive analysis)</text></passage><passage><infon key="name_0">surname:Kania;given-names:K</infon><infon key="name_1">surname:Abu-Ghname;given-names:A</infon><infon key="name_2">surname:Agrawal;given-names:N</infon><infon key="name_3">surname:Maricevich;given-names:RS</infon><infon key="pub-id_doi">10.1097/PRS.0000000000007122</infon><infon key="section_type">REF</infon><infon key="source">Plast Reconstr Surg</infon><infon key="type">ref</infon><infon key="year">2020</infon><offset>27866</offset><text>Four strategies for plastic surgery education amidst the COVID-19 pandemic</text></passage><passage><infon key="name_0">surname:Shaw;given-names:AV</infon><infon key="name_1">surname:Goodall;given-names:R</infon><infon key="name_2">surname:Armstrong;given-names:A</infon><infon key="name_3">surname:Fries;given-names:CA</infon><infon key="pub-id_doi">10.1097/PRS.0000000000007219</infon><infon key="section_type">REF</infon><infon key="source">Plast Reconstr Surg</infon><infon key="type">ref</infon><infon key="year">2020</infon><offset>27941</offset><text>Change in the face of the COVID-19 pandemic: shaping plastic surgery services of the future</text></passage></document></collection>
