<?xml version="1.0" encoding="UTF-8"?>
<!DOCTYPE collection SYSTEM "BioC.dtd">
<collection><source>PMC</source><date>20210318</date><key>pmc.key</key><document><id>7958981</id><infon key="license">CC BY</infon><passage><infon key="article-id_manuscript">NIHMS1649358</infon><infon key="article-id_pmc">7958981</infon><infon key="article-id_pmid">33691000</infon><infon key="fpage">14</infon><infon key="kwd">Crowdsourcing Machine Learning Diagnostics Trust Privacy Autism</infon><infon key="license">Open Access chapter published by World Scientific Publishing Company and distributed under the terms of the Creative Commons Attribution Non-Commercial (CC BY-NC) 4.0 License. http://creativecommons.org/licenses/by/4.0/</infon><infon key="lpage">25</infon><infon key="name_0">surname:Washington;given-names:Peter</infon><infon key="name_1">surname:Leblanc;given-names:Emilie</infon><infon key="name_10">surname:Kalantarian;given-names:Haik</infon><infon key="name_11">surname:Voss;given-names:Catalin</infon><infon key="name_12">surname:Haber;given-names:Nick</infon><infon key="name_13">surname:Wall;given-names:Dennis P.</infon><infon key="name_2">surname:Dunlap;given-names:Kaitlyn</infon><infon key="name_3">surname:Penev;given-names:Yordan</infon><infon key="name_4">surname:Varma;given-names:Maya</infon><infon key="name_5">surname:Jung;given-names:Jae-Yoon</infon><infon key="name_6">surname:Chrisman;given-names:Brianna</infon><infon key="name_7">surname:Sun;given-names:Min Woo</infon><infon key="name_8">surname:Stockham;given-names:Nathaniel</infon><infon key="name_9">surname:Paskov;given-names:Kelley Marie</infon><infon key="section_type">TITLE</infon><infon key="type">front</infon><infon key="volume">26</infon><infon key="year">2021</infon><offset>0</offset><text>Selection of trustworthy crowd workers for telemedical diagnosis of pediatric autism spectrum disorder</text></passage><passage><infon key="section_type">ABSTRACT</infon><infon key="type">abstract</infon><offset>103</offset><text>Crowd-powered telemedicine has the potential to revolutionize healthcare, especially during times that require remote access to care. However, sharing private health data with strangers from around the world is not compatible with data privacy standards, requiring a stringent filtration process to recruit reliable and trustworthy workers who can go through the proper training and security steps. The key challenge, then, is to identify capable, trustworthy, and reliable workers through high-fidelity evaluation tasks without exposing any sensitive patient data during the evaluation process. We contribute a set of experimentally validated metrics for assessing the trustworthiness and reliability of crowd workers tasked with providing behavioral feature tags to unstructured videos of children with autism and matched neurotypical controls. The workers are blinded to diagnosis and blinded to the goal of using the features to diagnose autism. These behavioral labels are fed as input to a previously validated binary logistic regression classifier for detecting autism cases using categorical feature vectors. While the metrics do not incorporate any ground truth labels of child diagnosis, linear regression using the 3 correlative metrics as input can predict the mean probability of the correct class of each worker with a mean average error of 7.51% for performance on the same set of videos and 10.93% for performance on a distinct balanced video set with different children. These results indicate that crowd workers can be recruited for performance based largely on behavioral metrics on a crowdsourced task, enabling an affordable way to filter crowd workforces into a trustworthy and reliable diagnostic workforce.</text></passage><passage><infon key="section_type">INTRO</infon><infon key="type">title_1</infon><offset>1834</offset><text>Introduction</text></passage><passage><infon key="section_type">INTRO</infon><infon key="type">paragraph</infon><offset>1847</offset><text>Autism spectrum disorder (ASD, or autism) is a pediatric developmental condition affecting 1 in 40 children in the United States, with prevalence continuing to rise. While access to care relies on a formal diagnosis from a clinician, an uneven distribution of diagnostic resources across the United States contributes to increasingly long waitlists. Some evidence suggests that 80% of counties lack sufficient diagnostic resources, with underserved communities disproportionately affected by this shortage. Telemedicine has the potential to minimize this gap by capitalizing on the increasing pervasiveness and affordability of digital devices. Such diagnostic solutions are especially pertinent during times of pandemic, most notably the coronavirus, which further hinders access to diagnosis and care.</text></passage><passage><infon key="section_type">INTRO</infon><infon key="type">paragraph</infon><offset>2651</offset><text>Mobile digital autism interventions administered on smartphones and on ubiquitous devices passively collect structured home videos of children with neuropsychiatric conditions for use in subsequent diagnostic data analysis. In order for the video data collected from digital therapies to become widely used, trustworthy data sharing methodologies must be incorporated into the diagnostic pipeline. One possible approach, which we realize in the present study, is to carefully recruit a trustworthy set of workers to transform the video streams into a secure, quantitative, and structured format. While modern computer vision algorithms could handle this task in several domains, extracting complex behavioral features from video is currently beyond the scope of state-of-the-art machine learning methods and therefore requires human labor. However, the collected videos naturally contain highly sensitive data, requiring careful selection of trustworthy and reliable labelers who are allowed access to protected health information (PHI) after completion of Health Insurance Portability and Accountability Act (HIPAA) training, Collaborative Institutional Training Initiative (CITI) human subjects training, and whole disk encryption.</text></passage><passage><infon key="section_type">INTRO</infon><infon key="type">paragraph</infon><offset>3885</offset><text>In the present study, we examine strategies for quantitatively determining the credibility and reliability of crowd workers whose labels can be trusted by researchers. It is important that the metrics for evaluating workers are speedy and simple, as formally credentialing recruited crowd workers through institutional channels is laborious and slow. We crowdsource the task of providing categorical feature labels to videos of children with autism and matched controls. For each crowdsourced worker, we evaluate correlations of their mean classifier probability of the correct class (PCC) using their answers as input with (1) the mean L1 distance between their responses to the same video spaced one month apart, (2) the mean L1 distance between their answer vector to each video and all other videos they rated, (3) the mean time spent rating videos, and (4) the mean time and L1 distance of answers when the worker is explicitly warned about not spending enough time rating a video and provided with a chance to revise their response. We then feed the metrics which are correlated with PCC into a linear regression model predicting the PCC.</text></passage><passage><infon key="section_type">METHODS</infon><infon key="type">title_1</infon><offset>5030</offset><text>Methods</text></passage><passage><infon key="section_type">METHODS</infon><infon key="type">title_2</infon><offset>5038</offset><text>Clinically representative videos</text></passage><passage><infon key="section_type">METHODS</infon><infon key="type">paragraph</infon><offset>5071</offset><text>We used a set of 24 publicly available videos from YouTube of children with autism and matched neurotypical controls (6 females with autism, 6 neurotypical females, 6 males with autism, and 6 neurotypical males). Criteria for video selection and inclusion were that (1) the child’s hand and face must be visible, (2) opportunities for social engagement must be present, and (3) an opportunity for using an object such as a toy or utensil must be present. Child diagnosis was determined through the video title and description. The videos were short, with a mean duration of 47.75 seconds (SD = 30.71 seconds). The mean age of children in the video was 3.65 years (SD = 1.82 years).</text></passage><passage><infon key="section_type">METHODS</infon><infon key="type">title_2</infon><offset>5755</offset><text>Crowdsourcing task for Microworkers</text></passage><passage><infon key="section_type">METHODS</infon><infon key="type">paragraph</infon><offset>5791</offset><text>Prior work has validated the capability of subsets of the crowd recruited from the Amazon Mechanical Turk crowdsourcing platform to provide feature tags of children with autism comparable to clinical coordinators working with children with autism on a daily basis. We instead recruited workers from Microworkers.com, as Microworkers consists of a diverse representation of worker nationalities compared to Mechanical Turk, which contains workers mostly from the United States and India. Furthermore, Microworkers provides built in functionality for allowing workers to revise their answers if a requester is unsatisfied but believes the worker can redeem their response. This functionality was crucial for our trustworthiness metric.</text></passage><passage><infon key="section_type">METHODS</infon><infon key="type">paragraph</infon><offset>6525</offset><text>The task consisted of a series of 13 multiple choice questions identified, in prior work which employed feature selection algorithms on electronic health records, as salient categorical ordinal features for autism prediction. Workers were asked to watch a short video and answer the multiple-choice questions using the interface depicted in Fig. 1. Microworkers automatically records the time spent on each task.</text></passage><passage><infon key="section_type">METHODS</infon><infon key="type">paragraph</infon><offset>6938</offset><text>Through a pilot study of internal lab raters providing 9,374 video ratings for which we logged labeling times, we observed that the mean time per video was 557.7 seconds (9 minutes 18 seconds), with a standard deviation of 929.7 seconds (15 minutes 30 seconds). The pilot task consisted of answering 31 multiple choice questions, while the Microworkers task only contained 13 questions; the proportional mean time is 233.9 seconds (3 minutes 54 seconds). We therefore required workers to spend at least 2 minutes per video, a time threshold significantly below the 233.9 second mean proportional time. If any crowd worker spent less than 2 minutes rating a video, we leveraged the built-in functionality on Microworkers to prompt these users to revise their answers and sent them a warning message disclosing that we know the “Impossibly short time spent on task.” We measured the additional time spent by the worker, if any, as well as the changes in the answer vector (L1 distance) after receiving this message.</text></passage><passage><infon key="section_type">METHODS</infon><infon key="type">paragraph</infon><offset>7956</offset><text>We posted all tasks for all 24 videos exactly 30 days after the original task, allowing workers who completed the first task to complete the task again while minimizing the chance that they could use the memory of their prior responses to bias the test. Previous studies which evaluate test-retest reliability consider 2 weeks to be sufficient time to prevent memorization of prior administrations of the questionnaire, and we increased this time frame to 30 days to minimize the likelihood that any memory of the workers’ previous answers remained. The same video of the child was provided for both administrations of the task. Workers were not provided with their original answers for reference. The difference between the worker’s original answers and their revised answers on the same video served as quantitative information about the reliability of the worker.</text></passage><passage><infon key="section_type">METHODS</infon><infon key="type">title_2</infon><offset>8827</offset><text>Classifier to evaluate performance</text></passage><passage><infon key="section_type">METHODS</infon><infon key="type">paragraph</infon><offset>8862</offset><text>For a gold standard, we use a previously published and validated logistic regression classifier (Fig. 2), trained on electronic health record databases of autism diagnostic scoresheets filled out by expert clinicians, which emits a probability score of autism using the crowd workers’ multiple-choice responses as categorical ordinal feature vectors. Because logistic regression classifiers produce a probability, we treat the probability as a confidence score of the crowdsourced workers’ responses. We analyze the probability of the correct class (referred to as PCC), which is p when the true class is autism and 1-p when the true class is neurotypical. When assessing classifier predictions, we use a threshold of 0.5. We use a worker’s average PCC for videos the worker has rated as a metric of the worker’s video tagging capability, with a higher mean PCC corresponding to greater mean performance by the worker.</text></passage><passage><infon key="section_type">METHODS</infon><infon key="type">title_2</infon><offset>9789</offset><text>Metrics evaluated</text></passage><passage><infon key="section_type">METHODS</infon><infon key="type">paragraph</infon><offset>9807</offset><text>We strive to develop metrics which only take input parameters that do not depend on a priori knowledge about the correct classification score of the videos. We test the following metrics for correlation with the PCC, where N is the number of videos rated by a worker, M is the number of questions per video rating task (inputs to the diagnostic classifier), and Ai,j,k is the answer for video i and question j for the kth time.</text></passage><passage><infon key="section_type">METHODS</infon><infon key="type">title_3</infon><offset>10235</offset><text>Mean same-child L1 distance (MSCL1):</text></passage><passage><infon key="section_type">METHODS</infon><infon key="type">paragraph</infon><offset>10272</offset><text>We asked crowd workers to rate the same child at least one month apart. Workers did not have access to their originally recorded answers and were unaware that they would be asked to rate the same video a second time when providing the first set of ratings. We observe the mean deviation for all videos between a worker’s original ratings for the video and their subsequent ratings one month later. We call this metric the mean same-child L1 distance (MSCL1), which we consider as a metric of the worker’s test-retest reliability. Higher values for the MSCL1 correspond to greater variation in worker responses when re-rating the same video one month apart. Formally, MSCL1 is calculated as: </text></passage><passage><infon key="section_type">METHODS</infon><infon key="type">title_3</infon><offset>10968</offset><text>Mean pairwise internal L1 distance (MPIL1):</text></passage><passage><infon key="section_type">METHODS</infon><infon key="type">paragraph</infon><offset>11012</offset><text>To analyze the reliability of the worker’s answers across videos, we look at the mean L1 distance between a worker’s answer to each video and all other videos they rated. We call this metric the mean pairwise internal L1 distance (MPIL1). MPIL1 is high when workers provide a wide variety of answer patterns across videos. If the worker answers all questions the same way per video, the MPIL1 will be 0. Formally, MPIL1 is calculated as: </text></passage><passage><infon key="section_type">METHODS</infon><infon key="type">title_3</infon><offset>11455</offset><text>Penalized time (PT):</text></passage><passage><infon key="section_type">METHODS</infon><infon key="type">paragraph</infon><offset>11476</offset><text>We aimed to build a metric that prioritizes rewarding workers who spent sufficient time rating the first time while rewarding, to a lesser extent, workers who spend sufficient time rating after receiving a warning. We also aimed to penalize workers who either do not spend more time rating after receiving a warning or who do not sufficiently update their answers. We create a metric of worker trustworthiness taking both of these factors into account which we call the penalized time (PT). If workers spend longer than a time threshold T rating, then they are not asked to revise their answers and receive a baseline score M. If they do not spend a sufficient time (T) rating, then they are asked to spend more time and to revise their answers. In this case, the metric consists of two terms, balanced by a weighting constant c. The first term is the “revision” mean same-child L1 distance (RMSCL1) between initial and revised answers only for videos that the worker was explicitly asked to revise. The second term is the mean of the total time spent rating, which is the time spent initially (t1) and the time spent revising the answers (t2). Formally, PT is calculated as: </text></passage><passage><infon key="section_type">METHODS</infon><infon key="type">title_3</infon><offset>12657</offset><text>Time spent:</text></passage><passage><infon key="section_type">METHODS</infon><infon key="type">paragraph</infon><offset>12669</offset><text>Finally, we record the mean amount of time spent rating per video, in seconds. We hypothesized that workers who spend more time on the rating task will tend towards achieving higher performance.</text></passage><passage><infon key="section_type">METHODS</infon><infon key="type">paragraph</infon><offset>12864</offset><text>We hypothesized that all four metrics are correlated with PCC. We only calculate metrics for workers who rated at least 10 videos. Because 13 questions were asked, an MSCL1 or MPIL1 of 13 means that, on average, the worker’s answer differed by 1 categorical ordinal answer choice per question (e.g., the difference between “Mixed: some regular echoing of words and phrases, but also some language” and “Mostly echoed speech” in Fig. 1).</text></passage><passage><infon key="section_type">METHODS</infon><infon key="type">title_2</infon><offset>13311</offset><text>Prediction of crowd worker performance from metrics</text></passage><passage><infon key="section_type">METHODS</infon><infon key="type">paragraph</infon><offset>13363</offset><text>We train and test a linear regression model to predict the mean PCC of the workers using 5-fold cross validation. We evaluate all non-empty subsets of the correlative metrics described in section 2.4 as inputs to the model. Since not all workers reopened the task after receiving a warning and not all workers conducted the second task in the series, we evaluated our model both using all available workers with complete data for all metrics as well as using the subset of 55 workers with data for all metrics.</text></passage><passage><infon key="section_type">RESULTS</infon><infon key="type">title_1</infon><offset>13874</offset><text>Results</text></passage><passage><infon key="section_type">RESULTS</infon><infon key="type">title_2</infon><offset>13882</offset><text>Correlation between metrics and probability of the correct class</text></passage><passage><infon key="section_type">RESULTS</infon><infon key="type">paragraph</infon><offset>13947</offset><text>Correlations of each of the worker metrics with their mean PCC are displayed in Fig. 4. Mean values per worker are only plotted and analyzed if at least 5 data points are available for the worker. MSCL1, MPIL1, and mean time spent were all significantly correlated with PCC (r=0.31, p=0.0212 for MSCL1; r=0.57, p&lt;0.0001 for MPIL1; r=0.16, p=0.0284 for time), supporting the predictive power of these metrics. Intuitively, this means that higher variability in worker answers for the same video and across videos correlates with increased worker performance. We note that only MPIL1 passes Bonferroni correction. Penalized time was not significantly correlated with PCC (r=0.17, r=0.1413 for penalized time).</text></passage><passage><infon key="section_type">RESULTS</infon><infon key="type">paragraph</infon><offset>14655</offset><text>Interestingly, Fig. 4 reveals that the presence of enough data to calculate certain metrics is in itself predictive of worker performance. Fig. 4C shows that there are several workers who had a mean PCC below 50%. However, none of these workers appear in the plot for MSCL1 (Fig. 4A), MPIL1 (Fig. 4B), or penalized time (Fig. 4D), indicating that workers with low average performance did not rate videos again after one month and did not revise their answers when prompted.</text></passage><passage><infon key="section_type">RESULTS</infon><infon key="type">paragraph</infon><offset>15129</offset><text>We evaluate all values of the weighting constant c for the penalized time metric in the interval [0.05, 10.0] using a step size of 0.05. No value resulted in a metric that positively correlates with PCC. To investigate, we review the correlation between both terms of penalized time: (1) the mean total time spent rating post-warning and (2) the mean L1 distance between the answer vector before and after the warning (Fig. 5). Neither of these metrics are correlated with PCC (r=−0.10, p=0.3414 for revision L1 distance; r=0.11, p=0.2908 for total time), explaining the inability of the penalized time metric to predict PCC regardless of the parameters chosen.</text></passage><passage><infon key="section_type">RESULTS</infon><infon key="type">title_2</infon><offset>15793</offset><text>Regression prediction of the mean probability of the correct class</text></passage><passage><infon key="section_type">RESULTS</infon><infon key="type">paragraph</infon><offset>15860</offset><text>Table 1 contains the mean average error (MAE) of a linear regression model predicting the probability of the correct class for each worker using metrics on the same set of videos. There were 55 workers with data for all 3 metrics used in the regression model. For these workers, all metrics predicted the PCC with less than 10% MAE.</text></passage><passage><infon key="section_type">RESULTS</infon><infon key="type">paragraph</infon><offset>16193</offset><text>The MAE when using all 3 features performs nearly identically, to two decimal places, compared to using only MSCL1 and MPIL1. Mean time does not contribute much predictive power given the other metrics. Interestingly, the most predictive input configuration when using the same 55 workers is MPIL1 together with mean time (6.97% MAE), followed by MPIL1 alone as a close second (6.98% MAE). This is a testament to the success of the MPIL1 metric.</text></passage><passage><infon key="section_type">RESULTS</infon><infon key="type">paragraph</infon><offset>16639</offset><text>Table 2 contains the mean average error of a linear regression model predicting the probability of the correct class for each worker using metrics from one set of children and mean probability of the correct class calculations for a distinct set of children. The most predictive input feature configuration (MSCL1 and MPIL1) results in a MAE of 10.41%, only 3.44% higher than the best MAE when training and testing on the same set of videos and workers using cross-validation (Table 1). MPIL1 is involved in all of the top-4 input metric configurations resulting in the lowest MAE, again verifying the success of the MPIL1 metric.</text></passage><passage><infon key="section_type">DISCUSS</infon><infon key="type">title_1</infon><offset>17270</offset><text>Discussion and Future Work</text></passage><passage><infon key="section_type">DISCUSS</infon><infon key="type">paragraph</infon><offset>17297</offset><text>We identify three metrics which are individually highly correlated with the mean probability of the worker’s categorical behavioral feature tags predicting the correct class. In particular, one of our two reliability metrics - the mean pairwise internal L1 distance, which is the mean L1 distance between a worker’s answer to each video and all other videos they rated - stood out as the most predictive metric. Mean pairwise internal L1 distance alone can predict a worker’s PCC within 7% MAE when trained on the same set of workers as in the test set but with different videos, and it can predict PCC within 11% MAE when trained on one group of workers and tested on an entirely district set of workers and videos. This metric alone therefore provides a powerful behavioral predictor of worker performance and is therefore likely to be useful for rapidly filtering workers. The positive correlation shown in Fig. 4B suggests that unreliable workers will provide the same or similar patterns of answer sequences for each task. We see that an increasing diversity of answers between tasks results in a higher PCC for the entire spectrum of possible L1 distances. Intuitively, this may be a result of the diverse set of features exhibited by the heterogeneous behavioral characteristics of the children in our dataset.</text></passage><passage><infon key="section_type">DISCUSS</infon><infon key="type">paragraph</infon><offset>18621</offset><text>Interestingly, the raw time metric is not particularly correlative with PCC, indicating that analyzing the answer domain is more informative than the time domain. For workers who received a warning for low time spent, neither the time spent revising post-warning nor the L1 distance between the original and revised set of answers was predictive of the workers’ final performance. It is possible that once workers are aware that their time is tracked, they idly keep the rating interface open, accumulating time without accumulating thoughtful work. This hypothesis is speculative, and more fine-grained timing information must be recorded to evaluate such hypotheses.</text></passage><passage><infon key="section_type">DISCUSS</infon><infon key="type">paragraph</infon><offset>19292</offset><text>Future work should evaluate workers on a larger scale, which will validate the preliminary findings of the present study. It is possible that predictive time-based trustworthiness metrics exist. Evaluation on a larger scale in conjunction with more fine-tuned worker metrics will lead to more precise predictions.</text></passage><passage><infon key="section_type">CONCL</infon><infon key="type">title_1</infon><offset>19606</offset><text>Conclusion</text></passage><passage><infon key="section_type">CONCL</infon><infon key="type">paragraph</infon><offset>19617</offset><text>We demonstrate that behavioral metrics about crowd workers can predict, with a high degree of accuracy, the performance of crowd workers on behavioral feature extraction tasks for the binary diagnosis of autism. Metrics like these can be used for quickly and efficiently identifying crowd workers who are trustworthy and reliable enough for exposure to highly sensitive PHI based on a quantification of their reliability.</text></passage><passage><infon key="section_type">REF</infon><infon key="type">title</infon><offset>20039</offset><text>References</text></passage><passage><infon key="issue">6</infon><infon key="name_0">surname:Kogan;given-names:Michael D.</infon><infon key="name_1">surname:Vladutiu;given-names:Catherine J.</infon><infon key="name_2">surname:Schieve;given-names:Laura A.</infon><infon key="name_3">surname:Ghandour;given-names:Reem M.</infon><infon key="name_4">surname:Blumberg;given-names:Stephen J.</infon><infon key="name_5">surname:Zablotsky;given-names:Benjamin</infon><infon key="name_6">surname:Perrin;given-names:James M.</infon><infon key="section_type">REF</infon><infon key="source">Pediatrics</infon><infon key="type">ref</infon><infon key="volume">142</infon><infon key="year">2018</infon><offset>20050</offset><text>The prevalence of parent-reported autism spectrum disorder among US children</text></passage><passage><infon key="fpage">717</infon><infon key="issue">7</infon><infon key="lpage">720</infon><infon key="name_0">surname:Fombonne;given-names:Eric</infon><infon key="pub-id_pmid">29924395</infon><infon key="section_type">REF</infon><infon key="source">Journal of Child Psychology and Psychiatry</infon><infon key="type">ref</infon><infon key="volume">59</infon><infon key="year">2018</infon><offset>20127</offset><text>The rising prevalence of autism</text></passage><passage><infon key="fpage">e13094</infon><infon key="issue">7</infon><infon key="name_0">surname:Ning;given-names:Michael</infon><infon key="name_1">surname:Daniels;given-names:Jena</infon><infon key="name_2">surname:Schwartz;given-names:Jessey</infon><infon key="name_3">surname:Dunlap;given-names:Kaitlyn</infon><infon key="name_4">surname:Washington;given-names:Peter</infon><infon key="name_5">surname:Kalantarian;given-names:Haik</infon><infon key="name_6">surname:Du;given-names:Michael</infon><infon key="name_7">surname:Wall;given-names:Dennis P.</infon><infon key="pub-id_pmid">31293243</infon><infon key="section_type">REF</infon><infon key="source">Journal of Medical Internet Research</infon><infon key="type">ref</infon><infon key="volume">21</infon><infon key="year">2019</infon><offset>20159</offset><text>Identification and quantification of gaps in access to autism resources in the United States: an infodemiological study</text></passage><passage><infon key="fpage">135</infon><infon key="issue">2</infon><infon key="lpage">162</infon><infon key="name_0">surname:Howlin;given-names:Patricia</infon><infon key="name_1">surname:Moore;given-names:Anna</infon><infon key="section_type">REF</infon><infon key="source">autism</infon><infon key="type">ref</infon><infon key="volume">1</infon><infon key="year">1997</infon><offset>20279</offset><text>Diagnosis in autism: A survey of over 1200 patients in the UK</text></passage><passage><infon key="fpage">2589</infon><infon key="lpage">2598</infon><infon key="name_0">surname:Escobedo;given-names:Lizbeth</infon><infon key="name_1">surname:Nguyen;given-names:David H.</infon><infon key="name_2">surname:Boyd;given-names:LouAnne</infon><infon key="name_3">surname:Hirano;given-names:Sen</infon><infon key="name_4">surname:Rangel;given-names:Alejandro</infon><infon key="name_5">surname:Garcia-Rosas;given-names:Daniel</infon><infon key="name_6">surname:Tentori;given-names:Monica</infon><infon key="name_7">surname:Hayes;given-names:Gillian</infon><infon key="section_type">REF</infon><infon key="source">MOSOCO: a mobile assistive tool to support children with autism practicing social skills in real-life situations</infon><infon key="type">ref</infon><infon key="year">2012</infon><offset>20341</offset></passage><passage><infon key="fpage">23</infon><infon key="lpage">27</infon><infon key="name_0">surname:Hashemi;given-names:Jordan</infon><infon key="name_1">surname:Campbell;given-names:Kathleen</infon><infon key="name_2">surname:Carpenter;given-names:Kimberly</infon><infon key="name_3">surname:Harris;given-names:Adrianne</infon><infon key="name_4">surname:Qiu;given-names:Qiang</infon><infon key="name_5">surname:Tepper;given-names:Mariano</infon><infon key="name_6">surname:Espinosa;given-names:Steven</infon><infon key="section_type">REF</infon><infon key="source">A scalable app for measuring autism risk behaviors in young children: a technical validity and feasibility study</infon><infon key="type">ref</infon><infon key="year">2015</infon><offset>20342</offset></passage><passage><infon key="fpage">e13174</infon><infon key="issue">4</infon><infon key="name_0">surname:Kalantarian;given-names:Haik</infon><infon key="name_1">surname:Jedoui;given-names:Khaled</infon><infon key="name_2">surname:Dunlap;given-names:Kaitlyn</infon><infon key="name_3">surname:Schwartz;given-names:Jessey</infon><infon key="name_4">surname:Washington;given-names:Peter</infon><infon key="name_5">surname:Husic;given-names:Arman</infon><infon key="name_6">surname:Tariq;given-names:Qandeel</infon><infon key="name_7">surname:Ning;given-names:Michael</infon><infon key="name_8">surname:Kline;given-names:Aaron</infon><infon key="name_9">surname:Wall;given-names:Dennis Paul</infon><infon key="pub-id_pmid">32234701</infon><infon key="section_type">REF</infon><infon key="source">JMIR Mental Health</infon><infon key="type">ref</infon><infon key="volume">7</infon><infon key="year">2020</infon><offset>20343</offset><text>The Performance of Emotion Classifiers for Children With Parent-Reported Autism: Quantitative Feasibility Study</text></passage><passage><infon key="name_0">surname:Kalantarian;given-names:Haik</infon><infon key="name_1">surname:Jedoui;given-names:Khaled</infon><infon key="name_2">surname:Washington;given-names:Peter</infon><infon key="name_3">surname:Wall;given-names:Dennis P.</infon><infon key="section_type">REF</infon><infon key="source">IEEE Transactions on Games</infon><infon key="type">ref</infon><infon key="year">2018</infon><offset>20455</offset><text>A mobile game for automatic emotion-labeling of images</text></passage><passage><infon key="fpage">77</infon><infon key="lpage">86</infon><infon key="name_0">surname:Kalantarian;given-names:Haik</infon><infon key="name_1">surname:Jedoui;given-names:Khaled</infon><infon key="name_2">surname:Washington;given-names:Peter</infon><infon key="name_3">surname:Tariq;given-names:Qandeel</infon><infon key="name_4">surname:Dunlap;given-names:Kaiti</infon><infon key="name_5">surname:Schwartz;given-names:Jessey</infon><infon key="name_6">surname:Wall;given-names:Dennis P.</infon><infon key="pub-id_pmid">31521254</infon><infon key="section_type">REF</infon><infon key="source">Artificial intelligence in medicine</infon><infon key="type">ref</infon><infon key="volume">98</infon><infon key="year">2019</infon><offset>20510</offset><text>Labeling images with facial emotion and the potential for pediatric healthcare</text></passage><passage><infon key="fpage">43</infon><infon key="issue">1</infon><infon key="lpage">66</infon><infon key="name_0">surname:Kalantarian;given-names:Haik</infon><infon key="name_1">surname:Washington;given-names:Peter</infon><infon key="name_2">surname:Schwartz;given-names:Jessey</infon><infon key="name_3">surname:Daniels;given-names:Jena</infon><infon key="name_4">surname:Haber;given-names:Nick</infon><infon key="name_5">surname:Wall;given-names:Dennis P.</infon><infon key="pub-id_pmid">33313475</infon><infon key="section_type">REF</infon><infon key="source">Journal of Healthcare Informatics Research</infon><infon key="type">ref</infon><infon key="volume">3</infon><infon key="year">2019</infon><offset>20589</offset><text>Guess what?</text></passage><passage><infon key="fpage">350</infon><infon key="lpage">352</infon><infon key="name_0">surname:Kalantarian;given-names:Haik</infon><infon key="name_1">surname:Washington;given-names:Peter</infon><infon key="name_2">surname:Schwartz;given-names:Jessey</infon><infon key="name_3">surname:Daniels;given-names:Jena</infon><infon key="name_4">surname:Haber;given-names:Nick</infon><infon key="name_5">surname:Wall;given-names:Dennis</infon><infon key="section_type">REF</infon><infon key="source">A gamified mobile system for crowdsourcing video for autism research</infon><infon key="type">ref</infon><infon key="year">2018</infon><offset>20601</offset></passage><passage><infon key="fpage">1526</infon><infon key="lpage">1534</infon><infon key="name_0">surname:Li;given-names:Wei</infon><infon key="name_1">surname:Abtahi;given-names:Farnaz</infon><infon key="name_2">surname:Tsangouri;given-names:Christina</infon><infon key="name_3">surname:Zhu;given-names:Zhigang</infon><infon key="section_type">REF</infon><infon key="source">Towards an “in-the-wild” emotion dataset using a game-based framework</infon><infon key="type">ref</infon><infon key="year">2016</infon><offset>20602</offset></passage><passage><infon key="fpage">4872</infon><infon key="lpage">4883</infon><infon key="name_0">surname:Boyd;given-names:LouAnne E.</infon><infon key="name_1">surname:Rangel;given-names:Alejandro</infon><infon key="name_2">surname:Tomimbang;given-names:Helen</infon><infon key="name_3">surname:Conejo-Toledo;given-names:Andrea</infon><infon key="name_4">surname:Patel;given-names:Kanika</infon><infon key="name_5">surname:Tentori;given-names:Monica</infon><infon key="name_6">surname:Hayes;given-names:Gillian R.</infon><infon key="section_type">REF</infon><infon key="source">SayWAT: Augmenting face-to-face conversations for adults with autism</infon><infon key="type">ref</infon><infon key="year">2016</infon><offset>20603</offset></passage><passage><infon key="fpage">129</infon><infon key="issue">1</infon><infon key="name_0">surname:Daniels;given-names:Jena</infon><infon key="name_1">surname:Haber;given-names:Nick</infon><infon key="name_2">surname:Voss;given-names:Catalin</infon><infon key="name_3">surname:Schwartz;given-names:Jessey</infon><infon key="name_4">surname:Tamura;given-names:Serena</infon><infon key="name_5">surname:Fazel;given-names:Azar</infon><infon key="name_6">surname:Kline;given-names:Aaron</infon><infon key="pub-id_pmid">29466819</infon><infon key="section_type">REF</infon><infon key="source">Applied clinical informatics</infon><infon key="type">ref</infon><infon key="volume">9</infon><infon key="year">2018</infon><offset>20604</offset><text>Feasibility testing of a wearable behavioral aid for social learning in children with autism</text></passage><passage><infon key="fpage">1</infon><infon key="issue">1</infon><infon key="lpage">10</infon><infon key="name_0">surname:Daniels;given-names:Jena</infon><infon key="name_1">surname:Schwartz;given-names:Jessey N.</infon><infon key="name_2">surname:Voss;given-names:Catalin</infon><infon key="name_3">surname:Haber;given-names:Nick</infon><infon key="name_4">surname:Fazel;given-names:Azar</infon><infon key="name_5">surname:Kline;given-names:Aaron</infon><infon key="name_6">surname:Washington;given-names:Peter</infon><infon key="name_7">surname:Feinstein;given-names:Carl</infon><infon key="name_8">surname:Winograd;given-names:Terry</infon><infon key="name_9">surname:Wall;given-names:Dennis P.</infon><infon key="pub-id_pmid">31304287</infon><infon key="section_type">REF</infon><infon key="source">NPJ digital medicine</infon><infon key="type">ref</infon><infon key="volume">1</infon><infon key="year">2018</infon><offset>20697</offset><text>Exploratory study examining the at-home feasibility of a wearable tool for social-affective learning in children with autism</text></passage><passage><infon key="fpage">121</infon><infon key="issue">2</infon><infon key="lpage">134</infon><infon key="name_0">surname:Kaliouby;given-names:El</infon><infon key="name_1">surname:Rana</infon><infon key="name_2">surname:Robinson;given-names:Peter</infon><infon key="section_type">REF</infon><infon key="source">Universal Access in the Information Society</infon><infon key="type">ref</infon><infon key="volume">4</infon><infon key="year">2005</infon><offset>20822</offset><text>The emotional hearing aid: an assistive tool for children with Asperger syndrome</text></passage><passage><infon key="fpage">46</infon><infon key="issue">4</infon><infon key="lpage">52</infon><infon key="name_0">surname:Haber;given-names:Nick</infon><infon key="name_1">surname:Voss;given-names:Catalin</infon><infon key="name_2">surname:Wall;given-names:Dennis</infon><infon key="section_type">REF</infon><infon key="source">IEEE Spectrum</infon><infon key="type">ref</infon><infon key="volume">57</infon><infon key="year">2020</infon><offset>20903</offset><text>Making emotions transparent: Google Glass helps autistic kids understand facial expressions through augmented-reaiity therapy</text></passage><passage><infon key="fpage">35</infon><infon key="issue">2</infon><infon key="lpage">38</infon><infon key="name_0">surname:Kline;given-names:Aaron</infon><infon key="name_1">surname:Voss;given-names:Catalin</infon><infon key="name_2">surname:Washington;given-names:Peter</infon><infon key="name_3">surname:Haber;given-names:Nick</infon><infon key="name_4">surname:Schwartz;given-names:Hessey</infon><infon key="name_5">surname:Tariq;given-names:Qandeel</infon><infon key="name_6">surname:Winograd;given-names:Terry</infon><infon key="name_7">surname:Feinstein;given-names:Carl</infon><infon key="name_8">surname:Wall;given-names:Dennis P.</infon><infon key="section_type">REF</infon><infon key="source">GetMobile: Mobile Computing and Communications</infon><infon key="type">ref</infon><infon key="volume">23</infon><infon key="year">2019</infon><offset>21029</offset><text>Superpower glass</text></passage><passage><infon key="fpage">19</infon><infon key="lpage">26</infon><infon key="name_0">surname:Madsen;given-names:Miriam</infon><infon key="name_1">surname:Kaliouby;given-names:Rana El</infon><infon key="name_2">surname:Goodwin;given-names:Matthew</infon><infon key="name_3">surname:Picard;given-names:Rosalind</infon><infon key="section_type">REF</infon><infon key="source">Technology for just-in-time in-situ learning of facial affect for persons diagnosed with an autism spectrum disorder</infon><infon key="type">ref</infon><infon key="year">2008</infon><offset>21046</offset></passage><passage><infon key="fpage">631</infon><infon key="issue">8</infon><infon key="lpage">638</infon><infon key="name_0">surname:Nyström;given-names:Pär</infon><infon key="name_1">surname:Thorup;given-names:Emilia</infon><infon key="name_2">surname:Bölte;given-names:Sven</infon><infon key="name_3">surname:Falck-Ytter;given-names:Terje</infon><infon key="pub-id_pmid">31262432</infon><infon key="section_type">REF</infon><infon key="source">Biological psychiatry</infon><infon key="type">ref</infon><infon key="volume">86</infon><infon key="year">2019</infon><offset>21047</offset><text>Joint attention in infancy and the emergence of autism</text></passage><passage><infon key="fpage">e14429</infon><infon key="issue">2</infon><infon key="name_0">surname:Ravindran;given-names:Vijay</infon><infon key="name_1">surname:Osgood;given-names:Monica</infon><infon key="name_2">surname:Sazawal;given-names:Vibha</infon><infon key="name_3">surname:Solorzano;given-names:Rita</infon><infon key="name_4">surname:Turnacioglu;given-names:Sinan</infon><infon key="pub-id_pmid">31573921</infon><infon key="section_type">REF</infon><infon key="source">JMIR pediatrics and parenting</infon><infon key="type">ref</infon><infon key="volume">2</infon><infon key="year">2019</infon><offset>21102</offset><text>Virtual reality support for joint attention using the Floreo Joint Attention Module: Usability and feasibility pilot study</text></passage><passage><infon key="fpage">1</infon><infon key="issue">1</infon><infon key="lpage">12</infon><infon key="name_0">surname:Strobl;given-names:Maximilian AR</infon><infon key="name_1">surname:Lipsmeier;given-names:Florian</infon><infon key="name_2">surname:Demenescu;given-names:Liliana R.</infon><infon key="name_3">surname:Gossens;given-names:Christian</infon><infon key="name_4">surname:Lindemann;given-names:Michael</infon><infon key="name_5">surname:De Vos;given-names:Maarten</infon><infon key="pub-id_pmid">30602383</infon><infon key="section_type">REF</infon><infon key="source">Biomedical engineering online</infon><infon key="type">ref</infon><infon key="volume">18</infon><infon key="year">2019</infon><offset>21225</offset><text>Look me in the eye: evaluating the accuracy of smartphone-based eye tracking for potential application in autism spectrum disorder research</text></passage><passage><infon key="fpage">1106</infon><infon key="issue">11</infon><infon key="lpage">1106</infon><infon key="name_0">surname:Voss;given-names:Catalin</infon><infon key="name_1">surname:Haber;given-names:Nick</infon><infon key="name_2">surname:Wall;given-names:Dennis P.</infon><infon key="section_type">REF</infon><infon key="source">Jama Pediatrics</infon><infon key="type">ref</infon><infon key="volume">173</infon><infon key="year">2019</infon><offset>21365</offset><text>The Potential for Machine Learning–Based Wearables to Improve Socialization in Teenagers and Adults With Autism Spectrum Disorder—Reply</text></passage><passage><infon key="fpage">446</infon><infon key="issue">5</infon><infon key="lpage">454</infon><infon key="name_0">surname:Voss;given-names:Catalin</infon><infon key="name_1">surname:Schwartz;given-names:Jessey</infon><infon key="name_2">surname:Daniels;given-names:Jena</infon><infon key="name_3">surname:Kline;given-names:Aaron</infon><infon key="name_4">surname:Haber;given-names:Nick</infon><infon key="name_5">surname:Washington;given-names:Peter</infon><infon key="name_6">surname:Tariq;given-names:Qandeel</infon><infon key="pub-id_pmid">30907929</infon><infon key="section_type">REF</infon><infon key="source">JAMA pediatrics</infon><infon key="type">ref</infon><infon key="volume">173</infon><infon key="year">2019</infon><offset>21505</offset><text>Effect of wearable digital intervention for improving socialization in children with autism spectrum disorder: a randomized clinical trial</text></passage><passage><infon key="fpage">1218</infon><infon key="lpage">1226</infon><infon key="name_0">surname:Voss;given-names:Catalin</infon><infon key="name_1">surname:Washington;given-names:Peter</infon><infon key="name_2">surname:Haber;given-names:Nick</infon><infon key="name_3">surname:Kline;given-names:Aaron</infon><infon key="name_4">surname:Daniels;given-names:Jena</infon><infon key="name_5">surname:Fazel;given-names:Azar</infon><infon key="name_6">surname:De;given-names:Titas</infon><infon key="section_type">REF</infon><infon key="source">Superpower glass: delivering unobtrusive real-time social cues in wearable systems</infon><infon key="type">ref</infon><infon key="year">2016</infon><offset>21644</offset></passage><passage><infon key="fpage">2348</infon><infon key="lpage">2354</infon><infon key="name_0">surname:Washington;given-names:Peter</infon><infon key="name_1">surname:Voss;given-names:Catalin</infon><infon key="name_2">surname:Haber;given-names:Nick</infon><infon key="name_3">surname:Tanaka;given-names:Serena</infon><infon key="name_4">surname:Daniels;given-names:Jena</infon><infon key="name_5">surname:Feinstein;given-names:Carl</infon><infon key="name_6">surname:Winograd;given-names:Terry</infon><infon key="name_7">surname:Wall;given-names:Dennis</infon><infon key="section_type">REF</infon><infon key="source">A wearable social interaction aid for children with autism</infon><infon key="type">ref</infon><infon key="year">2016</infon><offset>21645</offset></passage><passage><infon key="fpage">1</infon><infon key="issue">3</infon><infon key="lpage">22</infon><infon key="name_0">surname:Washington;given-names:Peter</infon><infon key="name_1">surname:Voss;given-names:Catalin</infon><infon key="name_2">surname:Kline;given-names:Aaron</infon><infon key="name_3">surname:Haber;given-names:Nick</infon><infon key="name_4">surname:Daniels;given-names:Jena</infon><infon key="name_5">surname:Fazel;given-names:Azar</infon><infon key="name_6">surname:De;given-names:Titas</infon><infon key="name_7">surname:Feinstein;given-names:Carl</infon><infon key="name_8">surname:Winograd;given-names:Terry</infon><infon key="name_9">surname:Wall;given-names:Dennis</infon><infon key="section_type">REF</infon><infon key="source">Proceedings of the ACM on interactive, mobile, wearable and ubiquitous technologies</infon><infon key="type">ref</infon><infon key="volume">1</infon><infon key="year">2017</infon><offset>21646</offset><text>SuperpowerGlass: a wearable aid for the at-home therapy of children with autism</text></passage><passage><infon key="fpage">e13810</infon><infon key="issue">4</infon><infon key="name_0">surname:Nag;given-names:Anish</infon><infon key="name_1">surname:Haber;given-names:Nick</infon><infon key="name_2">surname:Voss;given-names:Catalin</infon><infon key="name_3">surname:Tamura;given-names:Serena</infon><infon key="name_4">surname:Daniels;given-names:Jena</infon><infon key="name_5">surname:Ma;given-names:Jeffrey</infon><infon key="name_6">surname:Chiang;given-names:Bryan</infon><infon key="pub-id_pmid">32319961</infon><infon key="section_type">REF</infon><infon key="source">Journal of Medical Internet Research</infon><infon key="type">ref</infon><infon key="volume">22</infon><infon key="year">2020</infon><offset>21726</offset><text>Toward Continuous Social Phenotyping: Analyzing Gaze Patterns in an Emotion Recognition Task for Children With Autism Through Wearable Smart Glasses</text></passage><passage><infon key="name_0">surname:Washington;given-names:Peter</infon><infon key="name_1">surname:Park;given-names:Natalie</infon><infon key="name_2">surname:Srivastava;given-names:Parishkrita</infon><infon key="name_3">surname:Voss;given-names:Catalin</infon><infon key="name_4">surname:Kline;given-names:Aaron</infon><infon key="name_5">surname:Varma;given-names:Maya</infon><infon key="name_6">surname:Tariq;given-names:Qandeel</infon><infon key="section_type">REF</infon><infon key="source">Biological Psychiatry: Cognitive Neuroscience and Neuroimaging</infon><infon key="type">ref</infon><infon key="year">2019</infon><offset>21875</offset><text>Data-driven diagnostics and the potential of mobile artificial intelligence for digital therapeutic phenotyping in computational psychiatry</text></passage><passage><infon key="fpage">411</infon><infon key="issue">5</infon><infon key="lpage">419</infon><infon key="name_0">surname:Paolacci;given-names:Gabriele</infon><infon key="name_1">surname:Chandler;given-names:Jesse</infon><infon key="name_2">surname:Ipeirotis;given-names:Panagiotis G.</infon><infon key="section_type">REF</infon><infon key="source">Judgment and Decision making</infon><infon key="type">ref</infon><infon key="volume">5</infon><infon key="year">2010</infon><offset>22015</offset><text>Running experiments on amazon mechanical turk</text></passage><passage><infon key="fpage">86</infon><infon key="issue">3</infon><infon key="name_0">surname:Washington;given-names:Peter</infon><infon key="name_1">surname:Leblanc;given-names:Emilie</infon><infon key="name_2">surname:Dunlap;given-names:Kaitlyn</infon><infon key="name_3">surname:Penev;given-names:Yordan</infon><infon key="name_4">surname:Kline;given-names:Aaron</infon><infon key="name_5">surname:Paskov;given-names:Kelley</infon><infon key="name_6">surname:Sun;given-names:Min Woo</infon><infon key="section_type">REF</infon><infon key="source">Journal of personalized medicine</infon><infon key="type">ref</infon><infon key="volume">10</infon><infon key="year">2020</infon><offset>22061</offset><text>Precision Telemedicine through Crowdsourced Machine Learning: Testing Variability of Crowd Workers for Video-Based Autism Feature Recognition</text></passage><passage><infon key="fpage">e13668</infon><infon key="issue">5</infon><infon key="name_0">surname:Washington;given-names:Peter</infon><infon key="name_1">surname:Kalantarian;given-names:Haik</infon><infon key="name_2">surname:Tariq;given-names:Qandeel</infon><infon key="name_3">surname:Schwartz;given-names:Jessey</infon><infon key="name_4">surname:Dunlap;given-names:Kaitlyn</infon><infon key="name_5">surname:Chrisman;given-names:Brianna</infon><infon key="name_6">surname:Varma;given-names:Maya</infon><infon key="pub-id_pmid">31124463</infon><infon key="section_type">REF</infon><infon key="source">Journal of medical Internet research</infon><infon key="type">ref</infon><infon key="volume">21</infon><infon key="year">2019</infon><offset>22203</offset><text>Validity of online screening for autism: crowdsourcing study comparing paid and unpaid diagnostic tasks</text></passage><passage><infon key="fpage">322</infon><infon key="lpage">329</infon><infon key="name_0">surname:Hirth;given-names:Matthias</infon><infon key="name_1">surname:Hoßfeld;given-names:Tobias</infon><infon key="name_2">surname:Tran-Gia;given-names:Phuoc</infon><infon key="section_type">REF</infon><infon key="source">Anatomy of a crowdsourcing platform-using the example of microworkers. com</infon><infon key="type">ref</infon><infon key="year">2011</infon><offset>22307</offset></passage><passage><infon key="fpage">16</infon><infon key="issue">2</infon><infon key="lpage">21</infon><infon key="name_0">surname:Ipeirotis;given-names:Panagiotis G.</infon><infon key="section_type">REF</infon><infon key="source">XRDS: Crossroads, The ACM Magazine for Students</infon><infon key="type">ref</infon><infon key="volume">17</infon><infon key="year">2010</infon><offset>22308</offset><text>Analyzing the amazon mechanical turk marketplace</text></passage><passage><infon key="fpage">1</infon><infon key="issue">1</infon><infon key="lpage">8</infon><infon key="name_0">surname:Abbas;given-names:Halim</infon><infon key="name_1">surname:Garberson;given-names:Ford</infon><infon key="name_2">surname:Liu-Mayo;given-names:Stuart</infon><infon key="name_3">surname:Glover;given-names:Eric</infon><infon key="name_4">surname:Wall;given-names:Dennis P.</infon><infon key="pub-id_pmid">31913322</infon><infon key="section_type">REF</infon><infon key="source">Scientific reports</infon><infon key="type">ref</infon><infon key="volume">10</infon><infon key="year">2020</infon><offset>22357</offset><text>Multi-modular Ai Approach to Streamline Autism Diagnosis in Young children</text></passage><passage><infon key="fpage">1000</infon><infon key="issue">8</infon><infon key="lpage">1007</infon><infon key="name_0">surname:Abbas;given-names:Halim</infon><infon key="name_1">surname:Garberson;given-names:Ford</infon><infon key="name_2">surname:Glover;given-names:Eric</infon><infon key="name_3">surname:Wall;given-names:Dennis P.</infon><infon key="pub-id_pmid">29741630</infon><infon key="section_type">REF</infon><infon key="source">Journal of the American Medical Informatics Association</infon><infon key="type">ref</infon><infon key="volume">25</infon><infon key="year">2018</infon><offset>22432</offset><text>Machine learning approach for early detection of autism by combining questionnaire and home video screening</text></passage><passage><infon key="fpage">1953</infon><infon key="issue">6</infon><infon key="lpage">19</infon><infon key="name_0">surname:Duda;given-names:Marlena</infon><infon key="name_1">surname:Daniels;given-names:Jena</infon><infon key="name_2">surname:Wall;given-names:Dennis P.</infon><infon key="pub-id_pmid">26873142</infon><infon key="section_type">REF</infon><infon key="source">Journal of autism and developmental disorders</infon><infon key="type">ref</infon><infon key="volume">46</infon><infon key="year">2016</infon><offset>22540</offset><text>Clinical evaluation of a novel and mobile autism risk assessment</text></passage><passage><infon key="fpage">e1133</infon><infon key="issue">5</infon><infon key="lpage">e1133</infon><infon key="name_0">surname:Duda;given-names:M</infon><infon key="name_1">surname:Haber;given-names:N</infon><infon key="name_2">surname:Daniels;given-names:J</infon><infon key="name_3">surname:Wall;given-names:DP</infon><infon key="pub-id_pmid">28509905</infon><infon key="section_type">REF</infon><infon key="source">Translational psychiatry</infon><infon key="type">ref</infon><infon key="volume">7</infon><infon key="year">2017</infon><offset>22605</offset><text>Crowdsourced validation of a machine-learning classification system for autism and ADHD</text></passage><passage><infon key="fpage">e424</infon><infon key="issue">8</infon><infon key="lpage">e424</infon><infon key="name_0">surname:Duda;given-names:M</infon><infon key="name_1">surname:Kosmicki;given-names:JA</infon><infon key="name_2">surname:Wall;given-names:DP</infon><infon key="pub-id_pmid">25116834</infon><infon key="section_type">REF</infon><infon key="source">Translational psychiatry</infon><infon key="type">ref</infon><infon key="volume">4</infon><infon key="year">2014</infon><offset>22693</offset><text>Testing the accuracy of an observation-based classifier for rapid detection of autism risk</text></passage><passage><infon key="fpage">e732</infon><infon key="issue">2</infon><infon key="lpage">e732</infon><infon key="name_0">surname:Duda;given-names:M</infon><infon key="name_1">surname:Ma;given-names:R</infon><infon key="name_2">surname:Haber;given-names:N</infon><infon key="name_3">surname:Wall;given-names:DP</infon><infon key="pub-id_pmid">26859815</infon><infon key="section_type">REF</infon><infon key="source">Translational psychiatry</infon><infon key="type">ref</infon><infon key="volume">6</infon><infon key="year">2016</infon><offset>22784</offset><text>Use of machine learning for behavioral distinction of autism and ADHD</text></passage><passage><infon key="fpage">178</infon><infon key="name_0">surname:Paskov;given-names:Kelley M.</infon><infon key="name_1">surname:Wall;given-names:Dennis P.</infon><infon key="section_type">REF</infon><infon key="source">AMIA Summits on Translational Science Proceedings</infon><infon key="type">ref</infon><infon key="volume">2018</infon><infon key="year">2018</infon><offset>22854</offset><text>A low rank model for phenotype imputation in autism spectrum disorder</text></passage><passage><infon key="fpage">e43855</infon><infon key="issue">8</infon><infon key="name_0">surname:Wall;given-names:Dennis P.</infon><infon key="name_1">surname:Dally;given-names:Rebecca</infon><infon key="name_2">surname:Luyster;given-names:Rhiannon</infon><infon key="name_3">surname:Jung;given-names:Jae-Yoon</infon><infon key="name_4">surname:DeLuca;given-names:Todd F.</infon><infon key="pub-id_pmid">22952789</infon><infon key="section_type">REF</infon><infon key="source">PloS one</infon><infon key="type">ref</infon><infon key="volume">7</infon><infon key="year">2012</infon><offset>22924</offset><text>Use of artificial intelligence to shorten the behavioral diagnosis of autism</text></passage><passage><infon key="fpage">e100</infon><infon key="issue">4</infon><infon key="lpage">e100</infon><infon key="name_0">surname:Wall;given-names:Dennis Paul</infon><infon key="name_1">surname:Kosmicki;given-names:J</infon><infon key="name_2">surname:Deluca;given-names:TF</infon><infon key="name_3">surname:Harstad;given-names:E</infon><infon key="name_4">surname:Fusaro;given-names:Vincent Alfred</infon><infon key="pub-id_pmid">22832900</infon><infon key="section_type">REF</infon><infon key="source">Translational psychiatry</infon><infon key="type">ref</infon><infon key="volume">2</infon><infon key="year">2012</infon><offset>23001</offset><text>Use of machine learning to shorten observation-based screening and diagnosis of autism</text></passage><passage><infon key="fpage">707</infon><infon key="lpage">718</infon><infon key="name_0">surname:Washington;given-names:Peter</infon><infon key="name_1">surname:Paskov;given-names:Kelley Marie</infon><infon key="name_2">surname:Kalantarian;given-names:Haik</infon><infon key="name_3">surname:Stockham;given-names:Nathaniel</infon><infon key="name_4">surname:Voss;given-names:Catalin</infon><infon key="name_5">surname:Kline;given-names:Aaron</infon><infon key="name_6">surname:Patnaik;given-names:Ritik</infon><infon key="pub-id_pmid">31797640</infon><infon key="section_type">REF</infon><infon key="source">Pac Symp Biocomput</infon><infon key="type">ref</infon><infon key="volume">25</infon><infon key="year">2020</infon><offset>23088</offset><text>Feature selection and dimension reduction of social autism data</text></passage><passage><infon key="fpage">S142</infon><infon key="issue">4</infon><infon key="lpage">S158</infon><infon key="name_0">surname:Deyo;given-names:Richard A.</infon><infon key="name_1">surname:Diehr;given-names:Paula</infon><infon key="name_2">surname:Patrick;given-names:Donald L.</infon><infon key="section_type">REF</infon><infon key="source">Controlled clinical trials</infon><infon key="type">ref</infon><infon key="volume">12</infon><infon key="year">1991</infon><offset>23152</offset><text>Reproducibility and responsiveness of health status measures statistics and strategies for evaluation</text></passage><passage><infon key="fpage">8</infon><infon key="issue">1</infon><infon key="name_0">surname:Paiva;given-names:Carlos Eduardo</infon><infon key="name_1">surname:Barroso;given-names:Eliane Marçon</infon><infon key="name_2">surname:Carneseca;given-names:Estela Cristina</infon><infon key="name_3">surname:de Pádua Souza;given-names:Cristiano</infon><infon key="name_4">surname:Dos Santos;given-names:Felipe Thomé</infon><infon key="name_5">surname:López;given-names:Rossana Verónica Mendoza</infon><infon key="name_6">surname:Paiva;given-names:Sakamoto Bianca Ribeiro</infon><infon key="pub-id_pmid">24447633</infon><infon key="section_type">REF</infon><infon key="source">BMC medical research methodology</infon><infon key="type">ref</infon><infon key="volume">14</infon><infon key="year">2014</infon><offset>23254</offset><text>A critical analysis of test-retest reliability in instrument validation studies of cancer patients under palliative care: a systematic review</text></passage><passage><infon key="fpage">1713</infon><infon key="issue">6</infon><infon key="lpage">1720</infon><infon key="name_0">surname:Polit;given-names:Denise F.</infon><infon key="pub-id_pmid">24504622</infon><infon key="section_type">REF</infon><infon key="source">Quality of Life Research</infon><infon key="type">ref</infon><infon key="volume">23</infon><infon key="year">2014</infon><offset>23396</offset><text>Getting serious about test–retest reliability: a critique of retest research and some recommendations</text></passage><passage><infon key="fpage">6622</infon><infon key="lpage">6625</infon><infon key="name_0">surname:Vilagut;given-names:Gemma</infon><infon key="section_type">REF</infon><infon key="source">Encyclopedia of quality of life and well-being research</infon><infon key="type">ref</infon><infon key="year">2014</infon><offset>23500</offset><text>Test-retest reliability</text></passage><passage><infon key="fpage">1121</infon><infon key="issue">5</infon><infon key="lpage">1136</infon><infon key="name_0">surname:Bone;given-names:Daniel</infon><infon key="name_1">surname:Goodwin;given-names:Matthew S.</infon><infon key="name_2">surname:Black;given-names:Matthew P.</infon><infon key="name_3">surname:Lee;given-names:Chi-Chun</infon><infon key="name_4">surname:Audhkhasi;given-names:Kartik</infon><infon key="name_5">surname:Narayanan;given-names:Shrikanth</infon><infon key="pub-id_pmid">25294649</infon><infon key="section_type">REF</infon><infon key="source">Journal of autism and developmental disorders</infon><infon key="type">ref</infon><infon key="volume">45</infon><infon key="year">2015</infon><offset>23524</offset><text>Applying machine learning to facilitate autism diagnostics: pitfalls and promises</text></passage><passage><infon key="fpage">e93533</infon><infon key="issue">4</infon><infon key="name_0">surname:Fusaro;given-names:Vincent A.</infon><infon key="name_1">surname:Daniels;given-names:Jena</infon><infon key="name_2">surname:Duda;given-names:Marlena</infon><infon key="name_3">surname:DeLuca;given-names:Todd F.</infon><infon key="name_4">surname:D’Angelo;given-names:Olivia</infon><infon key="name_5">surname:Tamburello;given-names:Jenna</infon><infon key="name_6">surname:Maniscalco;given-names:James</infon><infon key="name_7">surname:Wall;given-names:Dennis P.</infon><infon key="pub-id_pmid">24740236</infon><infon key="section_type">REF</infon><infon key="source">PLOS one</infon><infon key="type">ref</infon><infon key="volume">9</infon><infon key="year">2014</infon><offset>23606</offset><text>The potential of accelerating early detection of autism through content analysis of YouTube videos</text></passage><passage><infon key="fpage">e514</infon><infon key="issue">2</infon><infon key="lpage">e514</infon><infon key="name_0">surname:Kosmicki;given-names:JA</infon><infon key="name_1">surname:Sochat;given-names:V</infon><infon key="name_2">surname:Duda;given-names:M</infon><infon key="name_3">surname:Wall;given-names:DP</infon><infon key="pub-id_pmid">25710120</infon><infon key="section_type">REF</infon><infon key="source">Translational psychiatry</infon><infon key="type">ref</infon><infon key="volume">5</infon><infon key="year">2015</infon><offset>23705</offset><text>Searching for a minimal set of behaviors for autism detection through feature selection-based machine learning</text></passage><passage><infon key="fpage">65</infon><infon key="issue">1</infon><infon key="name_0">surname:Levy;given-names:Sebastien</infon><infon key="name_1">surname:Duda;given-names:Marlena</infon><infon key="name_2">surname:Haber;given-names:Nick</infon><infon key="name_3">surname:Wall;given-names:Dennis P.</infon><infon key="pub-id_pmid">29270283</infon><infon key="section_type">REF</infon><infon key="source">Molecular autism</infon><infon key="type">ref</infon><infon key="volume">8</infon><infon key="year">2017</infon><offset>23816</offset><text>Sparsifying machine learning models identify stable subsets of predictive features for behavioral detection of autism</text></passage><passage><infon key="fpage">e1002705</infon><infon key="issue">11</infon><infon key="name_0">surname:Tariq;given-names:Qandeel</infon><infon key="name_1">surname:Daniels;given-names:Jena</infon><infon key="name_2">surname:Schwartz;given-names:Jessey Nicole</infon><infon key="name_3">surname:Washington;given-names:Peter</infon><infon key="name_4">surname:Kalantarian;given-names:Haik</infon><infon key="name_5">surname:Wall;given-names:Dennis Paul</infon><infon key="pub-id_pmid">30481180</infon><infon key="section_type">REF</infon><infon key="source">PLoS medicine</infon><infon key="type">ref</infon><infon key="volume">15</infon><infon key="year">2018</infon><offset>23934</offset><text>Mobile detection of autism through machine learning on home video: A development and prospective validation study</text></passage><passage><infon key="fpage">e13822</infon><infon key="issue">4</infon><infon key="name_0">surname:Tariq;given-names:Qandeel</infon><infon key="name_1">surname:Fleming;given-names:Scott Lanyon</infon><infon key="name_2">surname:Schwartz;given-names:Jessey Nicole</infon><infon key="name_3">surname:Dunlap;given-names:Kaitlyn</infon><infon key="name_4">surname:Corbin;given-names:Conor</infon><infon key="name_5">surname:Washington;given-names:Peter</infon><infon key="name_6">surname:Kalantarian;given-names:Haik</infon><infon key="name_7">surname:Khan;given-names:Naila Z.</infon><infon key="name_8">surname:Darmstadt;given-names:Gary L.</infon><infon key="name_9">surname:Wall;given-names:Dennis Paul</infon><infon key="pub-id_pmid">31017583</infon><infon key="section_type">REF</infon><infon key="source">Journal of medical Internet research</infon><infon key="type">ref</infon><infon key="volume">21</infon><infon key="year">2019</infon><offset>24048</offset><text>Detecting developmental delay and autism through machine learning models using home videos of Bangladeshi children: Development and validation study</text></passage><passage><infon key="file">nihms-1649358-f0001.jpg</infon><infon key="id">F1</infon><infon key="section_type">FIG</infon><infon key="type">fig_caption</infon><offset>24197</offset><text>Crowd worker feature tagging user interface deployed on Microworkers.com. Each worker answered a series of multiple-choice questions corresponding to each input feature of a gold standard classifier.</text></passage><passage><infon key="file">nihms-1649358-f0002.jpg</infon><infon key="id">F2</infon><infon key="section_type">FIG</infon><infon key="type">fig_caption</infon><offset>24397</offset><text>Process for collecting the data needed to evaluate trust and reliability metrics for crowd workers. Each crowd worker watches unstructured videos of children with autism and neurotypical controls, answering multiple choice questions about each video. These multiple-choice answers serve as categorical ordinal feature vectors for a previously validated logistic regression classifier, trained on clinician-filled electronic health records, that predicts the probability that a child has autism.</text></passage><passage><infon key="file">nihms-1649358-f0003.jpg</infon><infon key="id">F3</infon><infon key="section_type">FIG</infon><infon key="type">fig_caption</infon><offset>24892</offset><text>Process for calculating trust and reliability metrics for crowd workers. The reliability of workers is determined by how different their answers are when rating the same video one month apart. The trustworthiness of workers is determined by whether they spend the minimal amount of time needed to properly answer the questions, whether they spend sufficient time when receiving a warning, and whether their original answers change after receiving the warning.</text></passage><passage><infon key="file">nihms-1649358-f0004.jpg</infon><infon key="id">F4</infon><infon key="section_type">FIG</infon><infon key="type">fig_caption</infon><offset>25352</offset><text>Correlations between metrics and probability of the correct class (PCC). (A) Correlation between mean same-child L1 distance and PCC. (B) Correlation between mean pairwise internal L1 distance and PCC. (C) Correlation between time spent (s) and PCC. (D) Lack of correlation between penalized time and PCC.</text></passage><passage><infon key="file">nihms-1649358-f0005.jpg</infon><infon key="id">F5</infon><infon key="section_type">FIG</infon><infon key="type">fig_caption</infon><offset>25658</offset><text>Lack of correlation between PCC and (A) the total time spent rating post-warning and (B) the L1 distance between the answer before and after the warning.</text></passage><passage><infon key="file">T1.xml</infon><infon key="id">T1</infon><infon key="section_type">TABLE</infon><infon key="type">table_caption</infon><offset>25812</offset><text>5-fold cross validated mean average error (MAE) of a linear regression model predicting the probability of the correct class for each worker using metrics on the same set of videos.</text></passage><passage><infon key="file">T1.xml</infon><infon key="id">T1</infon><infon key="section_type">TABLE</infon><infon key="type">table</infon><infon key="xml">&lt;?xml version=&quot;1.0&quot; encoding=&quot;UTF-8&quot;?&gt;
&lt;table frame=&quot;box&quot; rules=&quot;all&quot;&gt;&lt;colgroup span=&quot;1&quot;&gt;&lt;col align=&quot;left&quot; valign=&quot;middle&quot; span=&quot;1&quot;/&gt;&lt;col align=&quot;left&quot; valign=&quot;middle&quot; span=&quot;1&quot;/&gt;&lt;col align=&quot;left&quot; valign=&quot;middle&quot; span=&quot;1&quot;/&gt;&lt;col align=&quot;left&quot; valign=&quot;middle&quot; span=&quot;1&quot;/&gt;&lt;/colgroup&gt;&lt;thead&gt;&lt;tr&gt;&lt;th align=&quot;center&quot; valign=&quot;top&quot; rowspan=&quot;1&quot; colspan=&quot;1&quot;&gt;Input Features&lt;/th&gt;&lt;th align=&quot;center&quot; valign=&quot;top&quot; rowspan=&quot;1&quot; colspan=&quot;1&quot;&gt;5-fold MAE (%)&lt;break/&gt;All data points&lt;/th&gt;&lt;th align=&quot;center&quot; valign=&quot;top&quot; rowspan=&quot;1&quot; colspan=&quot;1&quot;&gt;5-fold MAE (%)&lt;break/&gt;55 workers with all&lt;break/&gt;metric data&lt;/th&gt;&lt;th align=&quot;center&quot; valign=&quot;top&quot; rowspan=&quot;1&quot; colspan=&quot;1&quot;&gt;N&lt;/th&gt;&lt;/tr&gt;&lt;/thead&gt;&lt;tbody&gt;&lt;tr&gt;&lt;td align=&quot;center&quot; valign=&quot;middle&quot; rowspan=&quot;1&quot; colspan=&quot;1&quot;&gt;MSCL&lt;sub&gt;1&lt;/sub&gt;, MPIL&lt;sub&gt;1&lt;/sub&gt;, mean time&lt;/td&gt;&lt;td align=&quot;center&quot; valign=&quot;middle&quot; rowspan=&quot;1&quot; colspan=&quot;1&quot;&gt;7.51&lt;/td&gt;&lt;td align=&quot;center&quot; valign=&quot;middle&quot; rowspan=&quot;1&quot; colspan=&quot;1&quot;&gt;7.51&lt;/td&gt;&lt;td align=&quot;center&quot; valign=&quot;middle&quot; rowspan=&quot;1&quot; colspan=&quot;1&quot;&gt;55&lt;/td&gt;&lt;/tr&gt;&lt;tr&gt;&lt;td align=&quot;center&quot; valign=&quot;middle&quot; rowspan=&quot;1&quot; colspan=&quot;1&quot;&gt;MSCL&lt;sub&gt;1&lt;/sub&gt;, mean time&lt;/td&gt;&lt;td align=&quot;center&quot; valign=&quot;middle&quot; rowspan=&quot;1&quot; colspan=&quot;1&quot;&gt;8.89&lt;/td&gt;&lt;td align=&quot;center&quot; valign=&quot;middle&quot; rowspan=&quot;1&quot; colspan=&quot;1&quot;&gt;8.89&lt;/td&gt;&lt;td align=&quot;center&quot; valign=&quot;middle&quot; rowspan=&quot;1&quot; colspan=&quot;1&quot;&gt;55&lt;/td&gt;&lt;/tr&gt;&lt;tr&gt;&lt;td align=&quot;center&quot; valign=&quot;middle&quot; rowspan=&quot;1&quot; colspan=&quot;1&quot;&gt;MPIL&lt;sub&gt;1&lt;/sub&gt;, mean time&lt;/td&gt;&lt;td align=&quot;center&quot; valign=&quot;middle&quot; rowspan=&quot;1&quot; colspan=&quot;1&quot;&gt;7.43&lt;/td&gt;&lt;td align=&quot;center&quot; valign=&quot;middle&quot; rowspan=&quot;1&quot; colspan=&quot;1&quot;&gt;6.97&lt;/td&gt;&lt;td align=&quot;center&quot; valign=&quot;middle&quot; rowspan=&quot;1&quot; colspan=&quot;1&quot;&gt;81&lt;/td&gt;&lt;/tr&gt;&lt;tr&gt;&lt;td align=&quot;center&quot; valign=&quot;middle&quot; rowspan=&quot;1&quot; colspan=&quot;1&quot;&gt;MSCL&lt;sub&gt;1&lt;/sub&gt;, MPIL&lt;sub&gt;1&lt;/sub&gt;&lt;/td&gt;&lt;td align=&quot;center&quot; valign=&quot;middle&quot; rowspan=&quot;1&quot; colspan=&quot;1&quot;&gt;7.51&lt;/td&gt;&lt;td align=&quot;center&quot; valign=&quot;middle&quot; rowspan=&quot;1&quot; colspan=&quot;1&quot;&gt;7.51&lt;/td&gt;&lt;td align=&quot;center&quot; valign=&quot;middle&quot; rowspan=&quot;1&quot; colspan=&quot;1&quot;&gt;55&lt;/td&gt;&lt;/tr&gt;&lt;tr&gt;&lt;td align=&quot;center&quot; valign=&quot;middle&quot; rowspan=&quot;1&quot; colspan=&quot;1&quot;&gt;MSCL&lt;sub&gt;1&lt;/sub&gt;&lt;/td&gt;&lt;td align=&quot;center&quot; valign=&quot;middle&quot; rowspan=&quot;1&quot; colspan=&quot;1&quot;&gt;9.24&lt;/td&gt;&lt;td align=&quot;center&quot; valign=&quot;middle&quot; rowspan=&quot;1&quot; colspan=&quot;1&quot;&gt;9.24&lt;/td&gt;&lt;td align=&quot;center&quot; valign=&quot;middle&quot; rowspan=&quot;1&quot; colspan=&quot;1&quot;&gt;55&lt;/td&gt;&lt;/tr&gt;&lt;tr&gt;&lt;td align=&quot;center&quot; valign=&quot;middle&quot; rowspan=&quot;1&quot; colspan=&quot;1&quot;&gt;MPIL&lt;sub&gt;1&lt;/sub&gt;&lt;/td&gt;&lt;td align=&quot;center&quot; valign=&quot;middle&quot; rowspan=&quot;1&quot; colspan=&quot;1&quot;&gt;7.39&lt;/td&gt;&lt;td align=&quot;center&quot; valign=&quot;middle&quot; rowspan=&quot;1&quot; colspan=&quot;1&quot;&gt;6.98&lt;/td&gt;&lt;td align=&quot;center&quot; valign=&quot;middle&quot; rowspan=&quot;1&quot; colspan=&quot;1&quot;&gt;81&lt;/td&gt;&lt;/tr&gt;&lt;tr&gt;&lt;td align=&quot;center&quot; valign=&quot;middle&quot; rowspan=&quot;1&quot; colspan=&quot;1&quot;&gt;Mean time&lt;/td&gt;&lt;td align=&quot;center&quot; valign=&quot;middle&quot; rowspan=&quot;1&quot; colspan=&quot;1&quot;&gt;15.56&lt;/td&gt;&lt;td align=&quot;center&quot; valign=&quot;middle&quot; rowspan=&quot;1&quot; colspan=&quot;1&quot;&gt;9.83&lt;/td&gt;&lt;td align=&quot;center&quot; valign=&quot;middle&quot; rowspan=&quot;1&quot; colspan=&quot;1&quot;&gt;193&lt;/td&gt;&lt;/tr&gt;&lt;/tbody&gt;&lt;/table&gt;
</infon><offset>25994</offset><text>Input Features	5-fold MAE (%)All data points	5-fold MAE (%)55 workers with allmetric data	N	 	MSCL1, MPIL1, mean time	7.51	7.51	55	 	MSCL1, mean time	8.89	8.89	55	 	MPIL1, mean time	7.43	6.97	81	 	MSCL1, MPIL1	7.51	7.51	55	 	MSCL1	9.24	9.24	55	 	MPIL1	7.39	6.98	81	 	Mean time	15.56	9.83	193	 	</text></passage><passage><infon key="file">T2.xml</infon><infon key="id">T2</infon><infon key="section_type">TABLE</infon><infon key="type">table_caption</infon><offset>26289</offset><text>Mean average error (MAE) of the linear regression model predicting the probability of the correct class for each worker using the same metric data and resulting classifier weights for the workers and videos used in
Table 1 and mean probability of the correct class calculations for a distinct set of videos for a distinct set of workers.</text></passage><passage><infon key="file">T2.xml</infon><infon key="id">T2</infon><infon key="section_type">TABLE</infon><infon key="type">table</infon><infon key="xml">&lt;?xml version=&quot;1.0&quot; encoding=&quot;UTF-8&quot;?&gt;
&lt;table frame=&quot;box&quot; rules=&quot;all&quot;&gt;&lt;colgroup span=&quot;1&quot;&gt;&lt;col align=&quot;left&quot; valign=&quot;middle&quot; span=&quot;1&quot;/&gt;&lt;col align=&quot;left&quot; valign=&quot;middle&quot; span=&quot;1&quot;/&gt;&lt;/colgroup&gt;&lt;thead&gt;&lt;tr&gt;&lt;th align=&quot;center&quot; valign=&quot;top&quot; rowspan=&quot;1&quot; colspan=&quot;1&quot;&gt;Input Features&lt;/th&gt;&lt;th align=&quot;center&quot; valign=&quot;top&quot; rowspan=&quot;1&quot; colspan=&quot;1&quot;&gt;MAE (%)&lt;break/&gt;All data points&lt;/th&gt;&lt;/tr&gt;&lt;/thead&gt;&lt;tbody&gt;&lt;tr&gt;&lt;td align=&quot;center&quot; valign=&quot;top&quot; rowspan=&quot;1&quot; colspan=&quot;1&quot;&gt;MSCL&lt;sub&gt;1&lt;/sub&gt;, MPIL&lt;sub&gt;1&lt;/sub&gt;, mean time&lt;/td&gt;&lt;td align=&quot;center&quot; valign=&quot;top&quot; rowspan=&quot;1&quot; colspan=&quot;1&quot;&gt;10.93&lt;/td&gt;&lt;/tr&gt;&lt;tr&gt;&lt;td align=&quot;center&quot; valign=&quot;top&quot; rowspan=&quot;1&quot; colspan=&quot;1&quot;&gt;MSCL&lt;sub&gt;1&lt;/sub&gt;, mean time&lt;/td&gt;&lt;td align=&quot;center&quot; valign=&quot;top&quot; rowspan=&quot;1&quot; colspan=&quot;1&quot;&gt;13.03&lt;/td&gt;&lt;/tr&gt;&lt;tr&gt;&lt;td align=&quot;center&quot; valign=&quot;top&quot; rowspan=&quot;1&quot; colspan=&quot;1&quot;&gt;MPIL&lt;sub&gt;1&lt;/sub&gt;, mean time&lt;/td&gt;&lt;td align=&quot;center&quot; valign=&quot;top&quot; rowspan=&quot;1&quot; colspan=&quot;1&quot;&gt;11.50&lt;/td&gt;&lt;/tr&gt;&lt;tr&gt;&lt;td align=&quot;center&quot; valign=&quot;top&quot; rowspan=&quot;1&quot; colspan=&quot;1&quot;&gt;MSCL&lt;sub&gt;1&lt;/sub&gt;, MPIL&lt;sub&gt;1&lt;/sub&gt;&lt;/td&gt;&lt;td align=&quot;center&quot; valign=&quot;top&quot; rowspan=&quot;1&quot; colspan=&quot;1&quot;&gt;10.41&lt;/td&gt;&lt;/tr&gt;&lt;tr&gt;&lt;td align=&quot;center&quot; valign=&quot;top&quot; rowspan=&quot;1&quot; colspan=&quot;1&quot;&gt;MSCL&lt;sub&gt;1&lt;/sub&gt;&lt;/td&gt;&lt;td align=&quot;center&quot; valign=&quot;top&quot; rowspan=&quot;1&quot; colspan=&quot;1&quot;&gt;11.87&lt;/td&gt;&lt;/tr&gt;&lt;tr&gt;&lt;td align=&quot;center&quot; valign=&quot;top&quot; rowspan=&quot;1&quot; colspan=&quot;1&quot;&gt;MPIL&lt;sub&gt;1&lt;/sub&gt;&lt;/td&gt;&lt;td align=&quot;center&quot; valign=&quot;top&quot; rowspan=&quot;1&quot; colspan=&quot;1&quot;&gt;10.91&lt;/td&gt;&lt;/tr&gt;&lt;tr&gt;&lt;td align=&quot;center&quot; valign=&quot;top&quot; rowspan=&quot;1&quot; colspan=&quot;1&quot;&gt;Mean time&lt;xref rid=&quot;TFN1&quot; ref-type=&quot;table-fn&quot;&gt;*&lt;/xref&gt;&lt;/td&gt;&lt;td align=&quot;center&quot; valign=&quot;top&quot; rowspan=&quot;1&quot; colspan=&quot;1&quot;&gt;12.10&lt;/td&gt;&lt;/tr&gt;&lt;/tbody&gt;&lt;/table&gt;
</infon><offset>26627</offset><text>Input Features	MAE (%)All data points	 	MSCL1, MPIL1, mean time	10.93	 	MSCL1, mean time	13.03	 	MPIL1, mean time	11.50	 	MSCL1, MPIL1	10.41	 	MSCL1	11.87	 	MPIL1	10.91	 	Mean time*	12.10	 	</text></passage><passage><infon key="file">T2.xml</infon><infon key="id">T2</infon><infon key="section_type">TABLE</infon><infon key="type">table_footnote</infon><offset>26818</offset><text>Mean time as the only feature is the only configuration of input features that requires a different set of data points: N=102 instead of a subset of size N=62 for all other configurations.</text></passage></document></collection>
