<?xml version="1.0" encoding="UTF-8"?>
<!DOCTYPE collection SYSTEM "BioC.dtd">
<collection><source>PMC</source><date>20210508</date><key>pmc.key</key><document><id>8059783</id><infon key="license">CC BY</infon><passage><infon key="article-id_doi">10.2196/23311</infon><infon key="article-id_pmc">8059783</infon><infon key="article-id_pmid">33822735</infon><infon key="article-id_publisher-id">v23i4e23311</infon><infon key="elocation-id">e23311</infon><infon key="issue">4</infon><infon key="kwd">nonpharmaceutical interventions on-duty deaths COVID-19 overwork death crowdsourced data intervention mortality casualty cross-sectional overwork stress</infon><infon key="license">This is an open-access article distributed under the terms of the Creative Commons Attribution License (https://creativecommons.org/licenses/by/4.0/), which permits unrestricted use, distribution, and reproduction in any medium, provided the original work, first published in the Journal of Medical Internet Research, is properly cited. The complete bibliographic information, a link to the original publication on http://www.jmir.org/, as well as this copyright and license information must be included.</infon><infon key="name_0">surname:Eysenbach;given-names:Gunther</infon><infon key="name_1">surname:Lalmuanawma;given-names:Samuel</infon><infon key="name_2">surname:Wang;given-names:Zhicheng</infon><infon key="name_3">surname:Lin;given-names:Leesa</infon><infon key="name_4">surname:Guo;given-names:Yan</infon><infon key="name_5">surname:Xiong;given-names:Huayi</infon><infon key="name_6">surname:Tang;given-names:Kun</infon><infon key="section_type">TITLE</infon><infon key="type">front</infon><infon key="volume">23</infon><infon key="year">2021</infon><offset>0</offset><text>The Uncounted Casualties of a Hidden COVID-19 Epidemic in China: Cross-sectional Study on Deaths Related to Overwork</text></passage><passage><infon key="section_type">ABSTRACT</infon><infon key="type">abstract_title_1</infon><offset>117</offset><text>Background</text></passage><passage><infon key="section_type">ABSTRACT</infon><infon key="type">abstract</infon><offset>128</offset><text>During the COVID-19 response, nonclinical essential workers usually worked overtime and experienced significant work stress, which subsequently increased their risk of mortality due to cardiovascular diseases, stroke, and pre-existing conditions. Deaths on duty, including deaths due to overwork, during the COVID-19 response were usually reported on web-based platforms for public recognition and solidarity. Although no official statistics are available for these casualties, a list of on-duty deaths has been made publicly available on the web by crowdsourcing.</text></passage><passage><infon key="section_type">ABSTRACT</infon><infon key="type">abstract_title_1</infon><offset>693</offset><text>Objective</text></passage><passage><infon key="section_type">ABSTRACT</infon><infon key="type">abstract</infon><offset>703</offset><text>This study aims to understand the trends and characteristics of deaths related to overwork among the frontline nonclinical essential workers participating in nonpharmaceutical interventions during the first wave of COVID-19 in China.</text></passage><passage><infon key="section_type">ABSTRACT</infon><infon key="type">abstract_title_1</infon><offset>937</offset><text>Methods</text></passage><passage><infon key="section_type">ABSTRACT</infon><infon key="type">abstract</infon><offset>945</offset><text>Based on a web-based crowdsourced list of deaths on duty during the first wave of the COVID-19 response in China, we manually verified all overwork-related death records against the full-text web reports from credible sources. After excluding deaths caused by COVID-19 infection and accidents, a total of 340 deaths related to overwork among nonclinical essential workers were attributed to combatting the COVID-19 crisis. We coded the key characteristics of the deceased workers, including sex, age at death, location, causes of death, date of incidence, date of death, containment duties, working area, and occupation. The temporal and spatial correlations between deaths from overwork and COVID-19 cases in China were also examined using Pearson correlation coefficient.</text></passage><passage><infon key="section_type">ABSTRACT</infon><infon key="type">abstract_title_1</infon><offset>1719</offset><text>Results</text></passage><passage><infon key="section_type">ABSTRACT</infon><infon key="type">abstract</infon><offset>1727</offset><text>From January 20 to April 26, 2020, at least 340 nonclinical frontline workers in China were reported to have died as a result of overwork while combatting COVID-19. The weekly overwork mortality was positively correlated with weekly COVID-19 cases (r=0.79, P&lt;.001). Two-thirds of deceased workers (230/340, 67.6%) were under 55 years old, and two major causes of deaths related to overwork were cardiovascular diseases (138/340, 40.6%) and cerebrovascular diseases (73/340, 21.5%). Outside of Hubei province, there were almost 2.5 times as many deaths caused by COVID-19–related overwork (308/340, 90.6%) than by COVID-19 itself (n=120).</text></passage><passage><infon key="section_type">ABSTRACT</infon><infon key="type">abstract_title_1</infon><offset>2367</offset><text>Conclusions</text></passage><passage><infon key="section_type">ABSTRACT</infon><infon key="type">abstract</infon><offset>2379</offset><text>The high number of deaths related to overwork among nonclinical essential workers at the frontline of the COVID-19 epidemic is alarming. Policies for occupational health protection against work hazards should therefore be prioritized and enforced.</text></passage><passage><infon key="section_type">INTRO</infon><infon key="type">title_1</infon><offset>2627</offset><text>Introduction</text></passage><passage><infon key="section_type">INTRO</infon><infon key="type">paragraph</infon><offset>2640</offset><text>The first wave of the COVID-19 epidemic in China was brought under control within 3 months—from mid-January 2020 (when human-to-human transmission of COVID-19 was confirmed) to the end of April 2020. The effective containment of the initial wave of COVID-19 in China was credited to not only the frontline medical response but also swift, massive, and aggressive nonpharmaceutical interventions (NPIs). Implementation of such interventions was time-sensitive and labor-intensive, demanding the continuous efforts of staff from all sectors to meet community health care and logistical needs, such as setting up checkpoints for temperature screening, conducting travel history inquiries to screen for suspected cases, and protecting incarcerated people in prisons and detention houses. However, although COVID-19 cases and related deaths among medical professionals have been well acknowledged, the health of nonclinical essential workers engaged in NPIs to contain the spread of COVID-19 should not be overlooked.</text></passage><passage><infon key="section_type">INTRO</infon><infon key="type">paragraph</infon><offset>3655</offset><text>In China, these frontline workers have suffered from high levels of psychological and physical stress, and they have worked long hours without sufficient rest for weeks, even months, due to the rapid acceleration of the epidemic and understaffing. It has long been recognized that “overwork” can kill, as prolonged working hours and heightened psychological stress increase the risk of coronary heart disease and stroke by inducing increased catecholamine secretion, eventually leading to increased mortality risk. However, the hidden casualties of these deaths from overwork have not been studied. Deaths on duty during the COVID-19 response were usually reported by web-based news platforms for reasons of public recognition and solidarity, but there are no official statistics concerning these casualties. Fortunately, a list of on-duty deaths in the combat against the COVID-19 crisis has been made publicly available on the social media platform Weibo by crowdsourcing and has been recognized by the Chinese public. This study aims to conduct a comprehensive search of web-based news reports to describe the trends and characteristics of deaths from overwork in the fight against the COVID-19 epidemic in China.</text></passage><passage><infon key="section_type">METHODS</infon><infon key="type">title_1</infon><offset>4876</offset><text>Methods</text></passage><passage><infon key="section_type">METHODS</infon><infon key="type">paragraph</infon><offset>4884</offset><text>Based on a widely recognized list of on-duty deaths in the fight against COVID-19 in China, from January 20 to April 26, 2020, a total of 496 deaths on duty were included in this study, with no duplication. All records of deaths in the line of duty were verified with the corresponding full-text, reports on the web from credible news platforms such as Xinhua News Agency, People’s Daily, Sohu.com, and Sina.com, as well as official government websites (detailed sources are presented in Multimedia Appendix 1). If the on-duty death reports explicitly mentioned overwork and the deaths were not attributed to COVID-19 or accidents, then those deaths would be identified as deaths related to overworks. After excluding the deaths caused by COVID-19 or accidents, we found that 340 of the 496 (68.5%) deaths related to overwork among nonclinical essential workers were attributed to combatting the COVID-19 crisis.</text></passage><passage><infon key="section_type">METHODS</infon><infon key="type">paragraph</infon><offset>5799</offset><text>We coded the key characteristics of the 340 deceased workers, including sex, age at death, location, causes of death, date of incidence, date of death, containment duties, working area, and occupation (see Table S1 in Multimedia Appendix 1). The date of incidence refers to the date when the frontline worker’s health condition deteriorated suddenly due to overwork, and they could no longer perform their duties, whereas the date of death refers to the date when the overwork-related death occurred. If a frontline worker died from overwork immediately or was found dead, the date of incidence and the date of death would be the same. However, if the frontline worker’s health condition deteriorated suddenly due to overwork, but they died only after several days of rescue and treatment at the hospital, then the date of incidence and date of death would be different. This study only used the date of incidence to analyze the trends and correlation of deaths from overwork and COVID-19 incidence, as it reflected the timely physical and psychological stress caused by the severity of the epidemic.</text></passage><passage><infon key="section_type">METHODS</infon><infon key="type">paragraph</infon><offset>6904</offset><text>In addition, the number of daily deaths from overwork and daily COVID-19 incidences were aggregated into weekly COVID-19 incidence to reflect the time trends of deaths from overwork and COVID-19 incidence. The temporal correlation between weekly overwork mortality and COVID-19 incidence and the spatial correlation between provincial deaths from overwork and COVID-19 case counts were also examined using Pearson correlation coefficient (r); the correlation was considered statistically significant at P&lt;.05. As a sensitivity analysis, we analyzed cases in which the death occurred within 2 days of the date of incidence to examine the correlation. This study was approved by the institutional review board of Research Center for Public Health, School of Medicine, Tsinghua University, Beijing, China (THUSM/PHREC 2020400-009).</text></passage><passage><infon key="section_type">RESULTS</infon><infon key="type">title_1</infon><offset>7733</offset><text>Results</text></passage><passage><infon key="section_type">RESULTS</infon><infon key="type">paragraph</infon><offset>7741</offset><text>The earliest deaths from overwork occurred on January 24, 2020, and during the 14 weeks from January 20 to April 26, 2020, at least 340 nonclinical frontline workers in China were reported to have died due to overwork in the fight against the COVID-19 epidemic. Both the number of COVID-19 cases (n=30,396) and the number of deaths from overwork (n=53) reached the peak in the fourth week after January 20 (Figure 1). Weekly overwork mortality was positively correlated with weekly COVID-19 cases (r=0.79, P&lt;.001). A total of 86.5% (294/340) of cases died within 2 days of the incidence. As indicated by the sensitivity analysis, if only considering the deaths within 2 days of incidence, the temporal correlation between weekly overwork mortality and weekly COVID-19 cases would increase to 0.81 (P&lt;.001).</text></passage><passage><infon key="section_type">RESULTS</infon><infon key="type">paragraph</infon><offset>8548</offset><text>Among those individuals who died due to overwork (Table 1), the mean age at death was 49.50 (SD 9.13) years, with two-thirds (230/340, 67.6%) of them under 55 years old. Two of the major specified underlying causes of death were cardiovascular diseases (138/340, 40.6%), including myocardial infarction and sudden cardiac arrest, and cerebrovascular diseases (73/340, 21.5%), including stroke. A majority of the deaths from overwork were among men (324/340, 95.3%) in China; this reflected that the epidemic containment responsibilities were carried out by village leaders (111/340, 32.6%), police (96/340, 28.2%), and civil servants (58/340, 17.1%), which are traditionally male-dominated occupations in China. Most deceased workers were involved in community mobilization and support (217/340, 63.8%), including community closure and access control, temperature screening, travel history collection, and delivery of daily necessities, followed by public security (77/340, 22.6%). Apart from working in rural (156/340, 45.9%) and urban (132/340, 38.8%) settings, 15.3% (52/340) of the deceased workers used to work at traffic checkpoints on expressways and in prisons and detention houses.</text></passage><passage><infon key="section_type">RESULTS</infon><infon key="type">paragraph</infon><offset>9739</offset><text>In addition, 32 of the 340 (9.4%) deaths from overwork occurred in Hubei province, which reported the highest prevalence of COVID-19 in China. Among the remaining 308 (90.6%) deaths reported outside Hubei province, provincial deaths related to overwork were positively correlated with the number of COVID-19 cases (r=0.55, P=.002). If only considering the deaths that occurred within 2 days of incidence, the correlation coefficient remains nearly the same (r=0.55, P=.002).</text></passage><passage><infon key="file">jmir_v23i4e23311_fig1.jpg</infon><infon key="id">figure1</infon><infon key="section_type">FIG</infon><infon key="type">fig_caption</infon><offset>10214</offset><text>Trends of weekly overwork-related deaths and COVID-19 incidence between January 20 and April 26, 2020, in China.</text></passage><passage><infon key="file">table1.xml</infon><infon key="id">table1</infon><infon key="section_type">TABLE</infon><infon key="type">table_caption</infon><offset>10327</offset><text>Characteristics of documented frontline workers who died due to overwork during the emergency response to COVID-19 in China between January 20 and April 26, 2020 (N=340).</text></passage><passage><infon key="file">table1.xml</infon><infon key="id">table1</infon><infon key="section_type">TABLE</infon><infon key="type">table</infon><infon key="xml">&lt;?xml version=&quot;1.0&quot; encoding=&quot;UTF-8&quot;?&gt;
&lt;table frame=&quot;hsides&quot; rules=&quot;groups&quot; width=&quot;1000&quot; cellpadding=&quot;5&quot; cellspacing=&quot;0&quot; border=&quot;1&quot;&gt;&lt;col width=&quot;30&quot; span=&quot;1&quot;/&gt;&lt;col width=&quot;470&quot; span=&quot;1&quot;/&gt;&lt;col width=&quot;0&quot; span=&quot;1&quot;/&gt;&lt;col width=&quot;500&quot; span=&quot;1&quot;/&gt;&lt;thead&gt;&lt;tr valign=&quot;top&quot;&gt;&lt;td colspan=&quot;3&quot; rowspan=&quot;1&quot;&gt;Characteristic&lt;/td&gt;&lt;td rowspan=&quot;1&quot; colspan=&quot;1&quot;&gt;Value, n (%)&lt;/td&gt;&lt;/tr&gt;&lt;/thead&gt;&lt;tbody&gt;&lt;tr valign=&quot;top&quot;&gt;&lt;td colspan=&quot;4&quot; rowspan=&quot;1&quot;&gt;
&lt;bold&gt;Sex&lt;/bold&gt;
&lt;/td&gt;&lt;/tr&gt;&lt;tr valign=&quot;top&quot;&gt;&lt;td rowspan=&quot;1&quot; colspan=&quot;1&quot;&gt;
&lt;break/&gt;
&lt;/td&gt;&lt;td rowspan=&quot;1&quot; colspan=&quot;1&quot;&gt;Female&lt;/td&gt;&lt;td colspan=&quot;2&quot; rowspan=&quot;1&quot;&gt;16 (4.7)&lt;/td&gt;&lt;/tr&gt;&lt;tr valign=&quot;top&quot;&gt;&lt;td rowspan=&quot;1&quot; colspan=&quot;1&quot;&gt;
&lt;break/&gt;
&lt;/td&gt;&lt;td rowspan=&quot;1&quot; colspan=&quot;1&quot;&gt;Male&lt;/td&gt;&lt;td colspan=&quot;2&quot; rowspan=&quot;1&quot;&gt;324 (95.3)&lt;/td&gt;&lt;/tr&gt;&lt;tr valign=&quot;top&quot;&gt;&lt;td colspan=&quot;4&quot; rowspan=&quot;1&quot;&gt;
&lt;bold&gt;Age range (years)&lt;/bold&gt;
&lt;/td&gt;&lt;/tr&gt;&lt;tr valign=&quot;top&quot;&gt;&lt;td rowspan=&quot;1&quot; colspan=&quot;1&quot;&gt;
&lt;break/&gt;
&lt;/td&gt;&lt;td rowspan=&quot;1&quot; colspan=&quot;1&quot;&gt;25-34&lt;/td&gt;&lt;td colspan=&quot;2&quot; rowspan=&quot;1&quot;&gt;21 (6.2)&lt;/td&gt;&lt;/tr&gt;&lt;tr valign=&quot;top&quot;&gt;&lt;td rowspan=&quot;1&quot; colspan=&quot;1&quot;&gt;
&lt;break/&gt;
&lt;/td&gt;&lt;td rowspan=&quot;1&quot; colspan=&quot;1&quot;&gt;35-44&lt;/td&gt;&lt;td colspan=&quot;2&quot; rowspan=&quot;1&quot;&gt;69 (20.3)&lt;/td&gt;&lt;/tr&gt;&lt;tr valign=&quot;top&quot;&gt;&lt;td rowspan=&quot;1&quot; colspan=&quot;1&quot;&gt;
&lt;break/&gt;
&lt;/td&gt;&lt;td rowspan=&quot;1&quot; colspan=&quot;1&quot;&gt;45-54&lt;/td&gt;&lt;td colspan=&quot;2&quot; rowspan=&quot;1&quot;&gt;140 (41.2)&lt;/td&gt;&lt;/tr&gt;&lt;tr valign=&quot;top&quot;&gt;&lt;td rowspan=&quot;1&quot; colspan=&quot;1&quot;&gt;
&lt;break/&gt;
&lt;/td&gt;&lt;td rowspan=&quot;1&quot; colspan=&quot;1&quot;&gt;55-64&lt;/td&gt;&lt;td colspan=&quot;2&quot; rowspan=&quot;1&quot;&gt;92 (27.1)&lt;/td&gt;&lt;/tr&gt;&lt;tr valign=&quot;top&quot;&gt;&lt;td rowspan=&quot;1&quot; colspan=&quot;1&quot;&gt;
&lt;break/&gt;
&lt;/td&gt;&lt;td rowspan=&quot;1&quot; colspan=&quot;1&quot;&gt;65-71&lt;/td&gt;&lt;td colspan=&quot;2&quot; rowspan=&quot;1&quot;&gt;15 (4.4)&lt;/td&gt;&lt;/tr&gt;&lt;tr valign=&quot;top&quot;&gt;&lt;td rowspan=&quot;1&quot; colspan=&quot;1&quot;&gt;
&lt;break/&gt;
&lt;/td&gt;&lt;td rowspan=&quot;1&quot; colspan=&quot;1&quot;&gt;Unspecified&lt;/td&gt;&lt;td colspan=&quot;2&quot; rowspan=&quot;1&quot;&gt;3 (0.9)&lt;/td&gt;&lt;/tr&gt;&lt;tr valign=&quot;top&quot;&gt;&lt;td colspan=&quot;4&quot; rowspan=&quot;1&quot;&gt;
&lt;bold&gt;Working area&lt;/bold&gt;
&lt;/td&gt;&lt;/tr&gt;&lt;tr valign=&quot;top&quot;&gt;&lt;td rowspan=&quot;1&quot; colspan=&quot;1&quot;&gt;
&lt;break/&gt;
&lt;/td&gt;&lt;td rowspan=&quot;1&quot; colspan=&quot;1&quot;&gt;Rural&lt;/td&gt;&lt;td colspan=&quot;2&quot; rowspan=&quot;1&quot;&gt;156 (45.9)&lt;/td&gt;&lt;/tr&gt;&lt;tr valign=&quot;top&quot;&gt;&lt;td rowspan=&quot;1&quot; colspan=&quot;1&quot;&gt;
&lt;break/&gt;
&lt;/td&gt;&lt;td rowspan=&quot;1&quot; colspan=&quot;1&quot;&gt;Urban&lt;/td&gt;&lt;td colspan=&quot;2&quot; rowspan=&quot;1&quot;&gt;132 (38.8)&lt;/td&gt;&lt;/tr&gt;&lt;tr valign=&quot;top&quot;&gt;&lt;td rowspan=&quot;1&quot; colspan=&quot;1&quot;&gt;
&lt;break/&gt;
&lt;/td&gt;&lt;td rowspan=&quot;1&quot; colspan=&quot;1&quot;&gt;Other&lt;sup&gt;a&lt;/sup&gt;&lt;/td&gt;&lt;td colspan=&quot;2&quot; rowspan=&quot;1&quot;&gt;52 (15.3)&lt;/td&gt;&lt;/tr&gt;&lt;tr valign=&quot;top&quot;&gt;&lt;td colspan=&quot;4&quot; rowspan=&quot;1&quot;&gt;
&lt;bold&gt;Underlying cause of death&lt;/bold&gt;
&lt;/td&gt;&lt;/tr&gt;&lt;tr valign=&quot;top&quot;&gt;&lt;td rowspan=&quot;1&quot; colspan=&quot;1&quot;&gt;
&lt;break/&gt;
&lt;/td&gt;&lt;td rowspan=&quot;1&quot; colspan=&quot;1&quot;&gt;Cardiovascular diseases&lt;/td&gt;&lt;td colspan=&quot;2&quot; rowspan=&quot;1&quot;&gt;138 (40.6)&lt;/td&gt;&lt;/tr&gt;&lt;tr valign=&quot;top&quot;&gt;&lt;td rowspan=&quot;1&quot; colspan=&quot;1&quot;&gt;
&lt;break/&gt;
&lt;/td&gt;&lt;td rowspan=&quot;1&quot; colspan=&quot;1&quot;&gt;Cerebrovascular diseases&lt;/td&gt;&lt;td colspan=&quot;2&quot; rowspan=&quot;1&quot;&gt;73 (21.5)&lt;/td&gt;&lt;/tr&gt;&lt;tr valign=&quot;top&quot;&gt;&lt;td rowspan=&quot;1&quot; colspan=&quot;1&quot;&gt;
&lt;break/&gt;
&lt;/td&gt;&lt;td rowspan=&quot;1&quot; colspan=&quot;1&quot;&gt;Other specific causes&lt;sup&gt;b&lt;/sup&gt;&lt;/td&gt;&lt;td colspan=&quot;2&quot; rowspan=&quot;1&quot;&gt;27 (7.9)&lt;/td&gt;&lt;/tr&gt;&lt;tr valign=&quot;top&quot;&gt;&lt;td rowspan=&quot;1&quot; colspan=&quot;1&quot;&gt;
&lt;break/&gt;
&lt;/td&gt;&lt;td rowspan=&quot;1&quot; colspan=&quot;1&quot;&gt;Unspecified&lt;/td&gt;&lt;td colspan=&quot;2&quot; rowspan=&quot;1&quot;&gt;102 (30)&lt;/td&gt;&lt;/tr&gt;&lt;tr valign=&quot;top&quot;&gt;&lt;td colspan=&quot;4&quot; rowspan=&quot;1&quot;&gt;
&lt;bold&gt;Epidemic containment duty&lt;/bold&gt;
&lt;/td&gt;&lt;/tr&gt;&lt;tr valign=&quot;top&quot;&gt;&lt;td rowspan=&quot;1&quot; colspan=&quot;1&quot;&gt;
&lt;break/&gt;
&lt;/td&gt;&lt;td rowspan=&quot;1&quot; colspan=&quot;1&quot;&gt;Community mobilization and support&lt;/td&gt;&lt;td colspan=&quot;2&quot; rowspan=&quot;1&quot;&gt;217 (63.8)&lt;/td&gt;&lt;/tr&gt;&lt;tr valign=&quot;top&quot;&gt;&lt;td rowspan=&quot;1&quot; colspan=&quot;1&quot;&gt;
&lt;break/&gt;
&lt;/td&gt;&lt;td rowspan=&quot;1&quot; colspan=&quot;1&quot;&gt;Public security&lt;/td&gt;&lt;td colspan=&quot;2&quot; rowspan=&quot;1&quot;&gt;77 (22.6)&lt;/td&gt;&lt;/tr&gt;&lt;tr valign=&quot;top&quot;&gt;&lt;td rowspan=&quot;1&quot; colspan=&quot;1&quot;&gt;
&lt;break/&gt;
&lt;/td&gt;&lt;td rowspan=&quot;1&quot; colspan=&quot;1&quot;&gt;Traffic checkpoint and control&lt;/td&gt;&lt;td colspan=&quot;2&quot; rowspan=&quot;1&quot;&gt;30 (8.5)&lt;/td&gt;&lt;/tr&gt;&lt;tr valign=&quot;top&quot;&gt;&lt;td rowspan=&quot;1&quot; colspan=&quot;1&quot;&gt;
&lt;break/&gt;
&lt;/td&gt;&lt;td rowspan=&quot;1&quot; colspan=&quot;1&quot;&gt;Other&lt;sup&gt;c&lt;/sup&gt;&lt;/td&gt;&lt;td colspan=&quot;2&quot; rowspan=&quot;1&quot;&gt;17 (5)&lt;/td&gt;&lt;/tr&gt;&lt;tr valign=&quot;top&quot;&gt;&lt;td colspan=&quot;4&quot; rowspan=&quot;1&quot;&gt;
&lt;bold&gt;Occupation&lt;/bold&gt;
&lt;/td&gt;&lt;/tr&gt;&lt;tr valign=&quot;top&quot;&gt;&lt;td rowspan=&quot;1&quot; colspan=&quot;1&quot;&gt;
&lt;break/&gt;
&lt;/td&gt;&lt;td rowspan=&quot;1&quot; colspan=&quot;1&quot;&gt;Village leaders&lt;/td&gt;&lt;td colspan=&quot;2&quot; rowspan=&quot;1&quot;&gt;111 (32.6)&lt;/td&gt;&lt;/tr&gt;&lt;tr valign=&quot;top&quot;&gt;&lt;td rowspan=&quot;1&quot; colspan=&quot;1&quot;&gt;
&lt;break/&gt;
&lt;/td&gt;&lt;td rowspan=&quot;1&quot; colspan=&quot;1&quot;&gt;Police&lt;/td&gt;&lt;td colspan=&quot;2&quot; rowspan=&quot;1&quot;&gt;96 (28.2)&lt;/td&gt;&lt;/tr&gt;&lt;tr valign=&quot;top&quot;&gt;&lt;td rowspan=&quot;1&quot; colspan=&quot;1&quot;&gt;
&lt;break/&gt;
&lt;/td&gt;&lt;td rowspan=&quot;1&quot; colspan=&quot;1&quot;&gt;Civil servant&lt;/td&gt;&lt;td colspan=&quot;2&quot; rowspan=&quot;1&quot;&gt;58 (17.1)&lt;/td&gt;&lt;/tr&gt;&lt;tr valign=&quot;top&quot;&gt;&lt;td rowspan=&quot;1&quot; colspan=&quot;1&quot;&gt;
&lt;break/&gt;
&lt;/td&gt;&lt;td rowspan=&quot;1&quot; colspan=&quot;1&quot;&gt;Volunteer&lt;/td&gt;&lt;td colspan=&quot;2&quot; rowspan=&quot;1&quot;&gt;32 (9.4)&lt;/td&gt;&lt;/tr&gt;&lt;tr valign=&quot;top&quot;&gt;&lt;td rowspan=&quot;1&quot; colspan=&quot;1&quot;&gt;
&lt;break/&gt;
&lt;/td&gt;&lt;td rowspan=&quot;1&quot; colspan=&quot;1&quot;&gt;Other public sectors&lt;sup&gt;d&lt;/sup&gt;&lt;/td&gt;&lt;td colspan=&quot;2&quot; rowspan=&quot;1&quot;&gt;26 (7.1)&lt;/td&gt;&lt;/tr&gt;&lt;tr valign=&quot;top&quot;&gt;&lt;td rowspan=&quot;1&quot; colspan=&quot;1&quot;&gt;
&lt;break/&gt;
&lt;/td&gt;&lt;td rowspan=&quot;1&quot; colspan=&quot;1&quot;&gt;Corporate employee&lt;/td&gt;&lt;td colspan=&quot;2&quot; rowspan=&quot;1&quot;&gt;17 (5)&lt;/td&gt;&lt;/tr&gt;&lt;tr valign=&quot;top&quot;&gt;&lt;td colspan=&quot;4&quot; rowspan=&quot;1&quot;&gt;
&lt;bold&gt;Location&lt;/bold&gt;
&lt;/td&gt;&lt;/tr&gt;&lt;tr valign=&quot;top&quot;&gt;&lt;td rowspan=&quot;1&quot; colspan=&quot;1&quot;&gt;
&lt;break/&gt;
&lt;/td&gt;&lt;td rowspan=&quot;1&quot; colspan=&quot;1&quot;&gt;Hubei province&lt;/td&gt;&lt;td colspan=&quot;2&quot; rowspan=&quot;1&quot;&gt;32 (9.4)&lt;/td&gt;&lt;/tr&gt;&lt;tr valign=&quot;top&quot;&gt;&lt;td rowspan=&quot;1&quot; colspan=&quot;1&quot;&gt;
&lt;break/&gt;
&lt;/td&gt;&lt;td rowspan=&quot;1&quot; colspan=&quot;1&quot;&gt;Outside Hubei province&lt;/td&gt;&lt;td colspan=&quot;2&quot; rowspan=&quot;1&quot;&gt;308 (90.6)&lt;/td&gt;&lt;/tr&gt;&lt;tr valign=&quot;top&quot;&gt;&lt;td colspan=&quot;4&quot; rowspan=&quot;1&quot;&gt;
&lt;bold&gt;Difference between date of incidence and data of death (days)&lt;/bold&gt;
&lt;/td&gt;&lt;/tr&gt;&lt;tr valign=&quot;top&quot;&gt;&lt;td rowspan=&quot;1&quot; colspan=&quot;1&quot;&gt;
&lt;break/&gt;
&lt;/td&gt;&lt;td rowspan=&quot;1&quot; colspan=&quot;1&quot;&gt;0&lt;/td&gt;&lt;td colspan=&quot;2&quot; rowspan=&quot;1&quot;&gt;244 (71.8)&lt;/td&gt;&lt;/tr&gt;&lt;tr valign=&quot;top&quot;&gt;&lt;td rowspan=&quot;1&quot; colspan=&quot;1&quot;&gt;
&lt;break/&gt;
&lt;/td&gt;&lt;td rowspan=&quot;1&quot; colspan=&quot;1&quot;&gt;1&lt;/td&gt;&lt;td colspan=&quot;2&quot; rowspan=&quot;1&quot;&gt;36 (10.6)&lt;/td&gt;&lt;/tr&gt;&lt;tr valign=&quot;top&quot;&gt;&lt;td rowspan=&quot;1&quot; colspan=&quot;1&quot;&gt;
&lt;break/&gt;
&lt;/td&gt;&lt;td rowspan=&quot;1&quot; colspan=&quot;1&quot;&gt;2&lt;/td&gt;&lt;td colspan=&quot;2&quot; rowspan=&quot;1&quot;&gt;14 (4.1)&lt;/td&gt;&lt;/tr&gt;&lt;tr valign=&quot;top&quot;&gt;&lt;td rowspan=&quot;1&quot; colspan=&quot;1&quot;&gt;
&lt;break/&gt;
&lt;/td&gt;&lt;td rowspan=&quot;1&quot; colspan=&quot;1&quot;&gt;&amp;gt;2&lt;/td&gt;&lt;td colspan=&quot;2&quot; rowspan=&quot;1&quot;&gt;46 (13.5)&lt;/td&gt;&lt;/tr&gt;&lt;/tbody&gt;&lt;/table&gt;
</infon><offset>10498</offset><text>Characteristic	Value, n (%)	 	Sex	 		Female	16 (4.7)	 		Male	324 (95.3)	 	Age range (years)	 		25-34	21 (6.2)	 		35-44	69 (20.3)	 		45-54	140 (41.2)	 		55-64	92 (27.1)	 		65-71	15 (4.4)	 		Unspecified	3 (0.9)	 	Working area	 		Rural	156 (45.9)	 		Urban	132 (38.8)	 		Othera	52 (15.3)	 	Underlying cause of death	 		Cardiovascular diseases	138 (40.6)	 		Cerebrovascular diseases	73 (21.5)	 		Other specific causesb	27 (7.9)	 		Unspecified	102 (30)	 	Epidemic containment duty	 		Community mobilization and support	217 (63.8)	 		Public security	77 (22.6)	 		Traffic checkpoint and control	30 (8.5)	 		Otherc	17 (5)	 	Occupation	 		Village leaders	111 (32.6)	 		Police	96 (28.2)	 		Civil servant	58 (17.1)	 		Volunteer	32 (9.4)	 		Other public sectorsd	26 (7.1)	 		Corporate employee	17 (5)	 	Location	 		Hubei province	32 (9.4)	 		Outside Hubei province	308 (90.6)	 	Difference between date of incidence and data of death (days)	 		0	244 (71.8)	 		1	36 (10.6)	 		2	14 (4.1)	 		&gt;2	46 (13.5)	 	</text></passage><passage><infon key="file">table1.xml</infon><infon key="id">table1</infon><infon key="section_type">TABLE</infon><infon key="type">table_footnote</infon><offset>11489</offset><text>aOther working areas include prisons, detention houses, and traffic checkpoints at the expressway.</text></passage><passage><infon key="file">table1.xml</infon><infon key="id">table1</infon><infon key="section_type">TABLE</infon><infon key="type">table_footnote</infon><offset>11588</offset><text>bOther causes of death include acute hepatic failure, acute pancreatitis, and pre-existing conditions.</text></passage><passage><infon key="file">table1.xml</infon><infon key="id">table1</infon><infon key="section_type">TABLE</infon><infon key="type">table_footnote</infon><offset>11691</offset><text>cOther epidemic containment duties include logistics, electricity or telecommunication maintenance, and health communication.</text></passage><passage><infon key="file">table1.xml</infon><infon key="id">table1</infon><infon key="section_type">TABLE</infon><infon key="type">table_footnote</infon><offset>11817</offset><text>dOther public sectors include schools and institutions funded by the government.</text></passage><passage><infon key="section_type">DISCUSS</infon><infon key="type">title_1</infon><offset>11898</offset><text>Discussion</text></passage><passage><infon key="section_type">DISCUSS</infon><infon key="type">title_2</infon><offset>11909</offset><text>Principal Findings</text></passage><passage><infon key="section_type">DISCUSS</infon><infon key="type">paragraph</infon><offset>11928</offset><text>This study utilized the manually verified crowdsourced data available on the internet to illustrate the trends and characteristics of deaths from overwork, which were casualties of the effort to contain the COVID-19 epidemic in China. The 340 deaths from overwork reveal a hidden “epidemic within the epidemic” that has not been documented thus far and has further sounded the alarm of fatigue and occupational burnout among nonclinical frontline workers. The severity of the epidemic presented a considerable health burden to those who were involved in the battle against COVID-19, and it explains why the peak of deaths from overwork was synchronized with the peak of the COVID-19 pandemic. Notably, outside Hubei province, there were over 2.5 times as many deaths caused by COVID-19–related overwork (308/340, 90.6%) than deaths caused by the disease itself (n=120), and these provincial deaths related to overwork were correlated with COVID-19 case counts, signaling the high intensity of NPIs to curb the COVID-19 epidemic.</text></passage><passage><infon key="section_type">DISCUSS</infon><infon key="type">paragraph</infon><offset>12963</offset><text>This epidemic embodies the health threats that all nonclinical essential workers faced. First, nonclinical essential workers had mental distress due to the fear of contracting COVID-19. Unlike ordinary residents under home quarantine, nonclinical essential workers had to work outside to perform their duties, especially screening for suspected COVID-19 cases. During the early stages of the epidemic in China, all personal protective equipment (PPE) was prioritized for clinical staff; thus, nonclinical workers faced a shortage of PPE, which may have heightened their fears of COVID-19 infection. Second, most of the containment strategies were implemented by public sector employees, and they were accountable by the law and regulation for containing the epidemic. Thus, they experienced considerable work stress and workload due to understaffing, especially in provinces other than Hubei. The Chinese central government dispatched many clinical and nonclinical workers from other provinces to support Hubei province, whereas for other provinces, they had to manage to contain the transmission of COVID-19 largely on their own. Nonclinical essential workers worked overtime at the peak of the epidemic, which may have increased the risk of death due to cardiovascular and cerebrovascular diseases. Third, due to understaffing, many workers with pre-existing conditions joined the workforce in the intensive battle against COVID-19. Those workers did not have enough time to rest and recover, and their pre-existing poor health conditions may have deteriorated and contributed to the observed deaths from overwork.</text></passage><passage><infon key="section_type">DISCUSS</infon><infon key="type">paragraph</infon><offset>14580</offset><text>The high number of deaths from overwork among essential workers serving at the frontline during the COVID-19 epidemic is alarming. Although protection for health care workers in the line of duty against COVID-19 has been a global focus, policies for occupational health protection against work hazards such as adequate training, sufficient PPE, and proper working shifts, should be prioritized and enforced. Counseling services should also be provided to mitigate the psychosocial impacts. The possibility of a second wave of COVID-19 cannot be ruled out, so NPIs will likely remain in place until there is a breakthrough in treatment or a vaccination becomes widely available.</text></passage><passage><infon key="section_type">DISCUSS</infon><infon key="type">title_2</infon><offset>15258</offset><text>Limitations</text></passage><passage><infon key="section_type">DISCUSS</infon><infon key="type">paragraph</infon><offset>15270</offset><text>Our study also has some limitations. First, the deaths related to overwork were identified based on news reports on the web, not from the hospital health records; hence, some misclassification of data may exist. We verified the full-text reports of all deaths from overwork by using credible and official sources to minimize this misclassification. Second, the length and details of the individual death reports varied and, as such, some characteristics could not be retrieved and coded. Finally, the number of deaths from overwork was likely to be underestimated, as not every incident was reported on the internet.</text></passage><passage><infon key="section_type">DISCUSS</infon><infon key="type">title_2</infon><offset>15887</offset><text>Conclusions</text></passage><passage><infon key="section_type">DISCUSS</infon><infon key="type">paragraph</infon><offset>15899</offset><text>This cross-sectional study based on web-based crowdsourced data emphasizes that deaths related to overwork among nonclinical essential workers should be acknowledged. Corresponding policies for occupational health protection against deaths due to overwork should be implemented. Nonclinical essential workers are the unsung heroes, and their safety and well-being should be prioritized as they constitute society’s frontline of defense against COVID-19.</text></passage><passage><infon key="section_type">DISCUSS</infon><infon key="type">footnote</infon><offset>16355</offset><text>Conflicts of Interest: None declared.</text></passage><passage><infon key="section_type">APPENDIX</infon><infon key="type">title</infon><offset>16393</offset><text>Appendix</text></passage><passage><infon key="section_type">ABBR</infon><infon key="type">title</infon><offset>16402</offset><text>Abbreviations</text></passage><passage><infon key="section_type">ABBR</infon><infon key="type">paragraph</infon><offset>16416</offset><text>NPIs</text></passage><passage><infon key="section_type">ABBR</infon><infon key="type">paragraph</infon><offset>16421</offset><text>nonpharmaceutical interventions</text></passage><passage><infon key="section_type">ABBR</infon><infon key="type">paragraph</infon><offset>16453</offset><text>PPE</text></passage><passage><infon key="section_type">ABBR</infon><infon key="type">paragraph</infon><offset>16457</offset><text>personal protective equipment</text></passage><passage><infon key="comment">http://english.scio.gov.cn/whitepapers/2020-06/07/content_76135269.htm</infon><infon key="section_type">REF</infon><infon key="source">The State Council Information Office – The People's Republic of China</infon><infon key="type">ref</infon><infon key="year">2020</infon><offset>16487</offset><text>Fighting Covid-19: China in Action</text></passage><passage><infon key="fpage">410</infon><infon key="issue">7825</infon><infon key="lpage">413</infon><infon key="name_0">surname:Lai;given-names:S</infon><infon key="name_1">surname:Ruktanonchai;given-names:NW</infon><infon key="name_10">surname:Yu;given-names:H</infon><infon key="name_11">surname:Tatem;given-names:AJ</infon><infon key="name_2">surname:Zhou;given-names:L</infon><infon key="name_3">surname:Prosper;given-names:O</infon><infon key="name_4">surname:Luo;given-names:W</infon><infon key="name_5">surname:Floyd;given-names:JR</infon><infon key="name_6">surname:Wesolowski;given-names:A</infon><infon key="name_7">surname:Santillana;given-names:M</infon><infon key="name_8">surname:Zhang;given-names:C</infon><infon key="name_9">surname:Du;given-names:X</infon><infon key="pub-id_doi">10.1038/s41586-020-2293-x</infon><infon key="pub-id_medline">32365354</infon><infon key="pub-id_pmid">32365354</infon><infon key="section_type">REF</infon><infon key="source">Nature</infon><infon key="type">ref</infon><infon key="volume">585</infon><infon key="year">2020</infon><offset>16522</offset><text>Effect of non-pharmaceutical interventions to contain COVID-19 in China</text></passage><passage><infon key="fpage">2267</infon><infon key="issue">23</infon><infon key="lpage">2268</infon><infon key="name_0">surname:Zhan;given-names:M</infon><infon key="name_1">surname:Qin;given-names:Y</infon><infon key="name_2">surname:Xue;given-names:X</infon><infon key="name_3">surname:Zhu;given-names:S</infon><infon key="pub-id_doi">10.1056/nejmc2005696</infon><infon key="pub-id_pmid">32294342</infon><infon key="section_type">REF</infon><infon key="source">N Engl J Med</infon><infon key="type">ref</infon><infon key="volume">382</infon><infon key="year">2020</infon><offset>16594</offset><text>Death from Covid-19 of 23 health care workers in China</text></passage><passage><infon key="comment">http://www.xinhuanet.com/politics/2020-04/03/c_1125812075.htm</infon><infon key="name_0">surname:Sun;given-names:S</infon><infon key="section_type">REF</infon><infon key="source">Xinhua News Agency</infon><infon key="type">ref</infon><offset>16649</offset><text>Heroes, just like this–portraits of heroes who sacrificed their lives in the fight against the epidemic Webpage in Chinese</text></passage><passage><infon key="fpage">921</infon><infon key="issue">7036</infon><infon key="lpage">2</infon><infon key="name_0">surname:Michie;given-names:S</infon><infon key="name_1">surname:Cockcroft;given-names:A</infon><infon key="pub-id_doi">10.1136/bmj.312.7036.921</infon><infon key="pub-id_medline">8616291</infon><infon key="pub-id_pmid">8616291</infon><infon key="section_type">REF</infon><infon key="source">BMJ</infon><infon key="type">ref</infon><infon key="volume">312</infon><infon key="year">1996</infon><offset>16774</offset><text>Overwork can kill</text></passage><passage><infon key="fpage">1739</infon><infon key="issue">10005</infon><infon key="lpage">1746</infon><infon key="name_0">surname:Kivimäki;given-names:M</infon><infon key="name_1">surname:Jokela;given-names:M</infon><infon key="name_10">surname:Clays;given-names:E</infon><infon key="name_11">surname:De Bacquer;given-names:D</infon><infon key="name_12">surname:Dragano;given-names:N</infon><infon key="name_13">surname:Erbel;given-names:R</infon><infon key="name_14">surname:Geuskens;given-names:GA</infon><infon key="name_15">surname:Hamer;given-names:M</infon><infon key="name_16">surname:Hooftman;given-names:WE</infon><infon key="name_17">surname:Houtman;given-names:IL</infon><infon key="name_18">surname:Jöckel;given-names:K</infon><infon key="name_19">surname:Kittel;given-names:F</infon><infon key="name_2">surname:Nyberg;given-names:ST</infon><infon key="name_20">surname:Knutsson;given-names:A</infon><infon key="name_21">surname:Koskenvuo;given-names:M</infon><infon key="name_22">surname:Lunau;given-names:T</infon><infon key="name_23">surname:Madsen;given-names:IEH</infon><infon key="name_24">surname:Nielsen;given-names:ML</infon><infon key="name_25">surname:Nordin;given-names:M</infon><infon key="name_26">surname:Oksanen;given-names:T</infon><infon key="name_27">surname:Pejtersen;given-names:JH</infon><infon key="name_28">surname:Pentti;given-names:J</infon><infon key="name_29">surname:Rugulies;given-names:R</infon><infon key="name_3">surname:Singh-Manoux;given-names:A</infon><infon key="name_30">surname:Salo;given-names:P</infon><infon key="name_31">surname:Shipley;given-names:MJ</infon><infon key="name_32">surname:Siegrist;given-names:J</infon><infon key="name_33">surname:Steptoe;given-names:A</infon><infon key="name_34">surname:Suominen;given-names:SB</infon><infon key="name_35">surname:Theorell;given-names:T</infon><infon key="name_36">surname:Vahtera;given-names:J</infon><infon key="name_37">surname:Westerholm;given-names:PJM</infon><infon key="name_38">surname:Westerlund;given-names:H</infon><infon key="name_39">surname:O'Reilly;given-names:D</infon><infon key="name_4">surname:Fransson;given-names:EI</infon><infon key="name_40">surname:Kumari;given-names:M</infon><infon key="name_41">surname:Batty;given-names:GD</infon><infon key="name_42">surname:Ferrie;given-names:JE</infon><infon key="name_43">surname:Virtanen;given-names:M</infon><infon key="name_5">surname:Alfredsson;given-names:L</infon><infon key="name_6">surname:Bjorner;given-names:JB</infon><infon key="name_7">surname:Borritz;given-names:M</infon><infon key="name_8">surname:Burr;given-names:H</infon><infon key="name_9">surname:Casini;given-names:A</infon><infon key="pub-id_doi">10.1016/s0140-6736(15)60295-1</infon><infon key="section_type">REF</infon><infon key="source">The Lancet</infon><infon key="type">ref</infon><infon key="volume">386</infon><infon key="year">2015</infon><offset>16792</offset><text>Long working hours and risk of coronary heart disease and stroke: a systematic review and meta-analysis of published and unpublished data for 603 838 individuals</text></passage><passage><infon key="fpage">67</infon><infon key="issue">1</infon><infon key="lpage">79</infon><infon key="name_0">surname:Backé;given-names:E-M</infon><infon key="name_1">surname:Seidler;given-names:A</infon><infon key="name_2">surname:Latza;given-names:U</infon><infon key="name_3">surname:Rossnagel;given-names:K</infon><infon key="name_4">surname:Schumann;given-names:B</infon><infon key="pub-id_doi">10.1007/s00420-011-0643-6</infon><infon key="pub-id_medline">21584721</infon><infon key="pub-id_pmid">21584721</infon><infon key="section_type">REF</infon><infon key="source">Int Arch Occup Environ Health</infon><infon key="type">ref</infon><infon key="volume">85</infon><infon key="year">2012</infon><offset>16956</offset><text>The role of psychosocial stress at work for the development of cardiovascular diseases: a systematic review</text></passage><passage><infon key="fpage">54</infon><infon key="issue">2</infon><infon key="lpage">9</infon><infon key="name_0">surname:Ke;given-names:D-S</infon><infon key="pub-id_medline">22879113</infon><infon key="pub-id_pmid">22879113</infon><infon key="section_type">REF</infon><infon key="source">Acta Neurol Taiwan</infon><infon key="type">ref</infon><infon key="volume">21</infon><infon key="year">2012</infon><offset>17064</offset><text>Overwork, stroke, and karoshi-death from overwork</text></passage><passage><infon key="comment">https://weibo.com/1887344341/IFBwOa5Ew</infon><infon key="section_type">REF</infon><infon key="source">Weibo</infon><infon key="type">ref</infon><infon key="year">2020</infon><offset>17114</offset><text>Pay tribute! 496 people have given their lives to fight the epidemic. Webpage in Chinese</text></passage><passage><infon key="comment">http://en.nhc.gov.cn/DailyBriefing.html</infon><infon key="section_type">REF</infon><infon key="source">National Health Commission of the People's Republic of China</infon><infon key="type">ref</infon><infon key="year">2020</infon><offset>17203</offset><text>Daily briefing on novel coronavirus cases in China</text></passage><passage><infon key="fpage">922</infon><infon key="issue">10228</infon><infon key="pub-id_doi">10.1016/s0140-6736(20)30644-9</infon><infon key="section_type">REF</infon><infon key="source">The Lancet</infon><infon key="type">ref</infon><infon key="volume">395</infon><infon key="year">2020</infon><offset>17254</offset><text>COVID-19: protecting health-care workers</text></passage><passage><infon key="fpage">147</infon><infon key="issue">1</infon><infon key="lpage">178</infon><infon key="name_0">surname:Zhang;given-names:Z</infon><infon key="name_1">surname:Yao;given-names:W</infon><infon key="name_2">surname:Wang;given-names:Y</infon><infon key="name_3">surname:Long;given-names:C</infon><infon key="name_4">surname:Fu;given-names:X</infon><infon key="pub-id_doi">10.1016/j.jinf.2020.03.018</infon><infon key="pub-id_medline">32209384</infon><infon key="section_type">REF</infon><infon key="source">J Infect</infon><infon key="type">ref</infon><infon key="volume">81</infon><infon key="year">2020</infon><offset>17295</offset><text>Wuhan and Hubei COVID-19 mortality analysis reveals the critical role of timely supply of medical resources</text></passage><passage><infon key="fpage">281</infon><infon key="issue">5</infon><infon key="lpage">282</infon><infon key="name_0">surname:Sim;given-names:MR</infon><infon key="pub-id_doi">10.1136/oemed-2020-106567</infon><infon key="pub-id_medline">32238444</infon><infon key="pub-id_pmid">32238444</infon><infon key="section_type">REF</infon><infon key="source">Occup Environ Med</infon><infon key="type">ref</infon><infon key="volume">77</infon><infon key="year">2020</infon><offset>17403</offset><text>The COVID-19 pandemic: major risks to healthcare and other workers on the front line</text></passage><passage><infon key="fpage">1321</infon><infon key="issue">10233</infon><infon key="lpage">1322</infon><infon key="name_0">surname:Xu;given-names:S</infon><infon key="name_1">surname:Li;given-names:Y</infon><infon key="pub-id_doi">10.1016/s0140-6736(20)30845-x</infon><infon key="section_type">REF</infon><infon key="source">The Lancet</infon><infon key="type">ref</infon><infon key="volume">395</infon><infon key="year">2020</infon><offset>17488</offset><text>Beware of the second wave of COVID-19</text></passage></document></collection>
