<?xml version="1.0" encoding="UTF-8"?>
<!DOCTYPE collection SYSTEM "BioC.dtd">
<collection><source>PMC</source><date>20220624</date><key>pmc.key</key><document><id>8416706</id><infon key="license">author_manuscript</infon><passage><infon key="article-id_doi">10.1158/1940-6207.CAPR-20-0622</infon><infon key="article-id_manuscript">NIHMS1694182</infon><infon key="article-id_pmc">8416706</infon><infon key="article-id_pmid">33846214</infon><infon key="fpage">839</infon><infon key="issue">9</infon><infon key="kwd">cancer surveillance and screening public health cervical cancer human papillomavirus health education</infon><infon key="license">
          This file is available for text mining. It may also be used consistent with the principles of fair use under the copyright law.
        </infon><infon key="lpage">844</infon><infon key="name_0">surname:Ogden;given-names:Shannon N.</infon><infon key="name_1">surname:Leskinen;given-names:Emily A.</infon><infon key="name_2">surname:Sarma;given-names:Elizabeth A.</infon><infon key="name_3">surname:Wainwright;given-names:Jocelyn V.</infon><infon key="name_4">surname:Rendle;given-names:Katharine A.</infon><infon key="section_type">TITLE</infon><infon key="type">front</infon><infon key="volume">14</infon><infon key="year">2022</infon><offset>0</offset><text>Effects of message framing on cervical cancer screening knowledge and intentions related to primary HPV testing</text></passage><passage><infon key="section_type">ABSTRACT</infon><infon key="type">abstract</infon><offset>112</offset><text>Numerous national guidelines now include primary human papillomavirus (HPV) testing as a recommended screening option for cervical cancer in the United States yet little is known regarding screening intentions for this specific screening strategy or interventions that may increase uptake. Gain- and loss-framed messaging can positively impact health behaviors; however, there is mixed evidence on which is more effective for cervical cancer screening, with no published evidence examining HPV testing. To help address this gap, this study compared the effects of message framing on screening knowledge and intentions related to primary HPV testing. We randomized females aged 21–65 (n=365) to receive brief messaging about cervical cancer screening with either gain- or loss-framing. In January-February 2020, participants completed pretest and posttest measures evaluating cervical cancer knowledge, beliefs, and intentions to be screened using HPV testing. We used generalized estimating equations to model message and framing effects on screening outcomes, controlling for age, education, race, and baseline measures. In comparison to pretest, messaging significantly increased HPV-related screening intentions [aOR: 2.4 (1., 3.5)] and knowledge [aOR: 1.7 (1.2, 2.4)], perceived effectiveness of HPV testing [aOR: 4.3 (2.8, 6.5)], and preference for primary HPV screening [aOR: 3.2 (1.2, 8.5), regardless of message framing. For all outcomes, no significant interaction by message framing was observed. Brief public health messaging positively impacted HPV-related screening intentions, knowledge, and beliefs, independent of message framing. In conjunction with other strategies, these results suggest that messaging could be an effective tool to increase uptake of primary HPV testing.</text></passage><passage><infon key="section_type">INTRO</infon><infon key="type">title_1</infon><offset>1906</offset><text>Introduction</text></passage><passage><infon key="section_type">INTRO</infon><infon key="type">paragraph</infon><offset>1919</offset><text>Population-based cervical cancer screening guidelines have evolved in the last two decades from annual screening with cytology (or Pap testing) to less frequent screening using human papillomavirus (HPV) testing with or without cytology. Building upon growing evidence that HPV tests are more sensitive and offer greater reassurance than cytology alone, numerous national guidelines now include primary HPV testing as a recommended or even preferred option for screening: beginning with 2015 interim guidelines that included it as an option for screening, followed by 2018 United States Preventive Services Task Force (USPSTF) guidelines that added it as a recommended option for women aged 30–65, and most recently with 2020 American Cancer Society (ACS) guidelines that stated it as the preferred screening modality for cervical cancer screening for females aged 25 through 65. Little is known regarding population awareness and knowledge of primary HPV testing or other factors that may shape screening intentions for this modality.</text></passage><passage><infon key="section_type">INTRO</infon><infon key="type">paragraph</infon><offset>2957</offset><text>Public health messaging can increase cancer screening, with mixed evidence indicating that message framing can differentially affect behavioral outcomes. Guided by prospect theory, messaging can be framed to communicate the benefits of engaging in a preventive behavior (gain-framed), risks of not completing a behavior (loss-framed), or simply the facts (neutral). Prior research suggests that individuals may be more likely to respond favorably to gain-framed messages than loss-framed for behaviors perceived as low-risk. For cancer screening, there is mixed evidence on which is more effective to increase screening intentions, with no published evidence examining message framing effects on intentions to be screened using primary HPV testing.</text></passage><passage><infon key="section_type">INTRO</infon><infon key="type">paragraph</infon><offset>3706</offset><text>Given the rapidly changing field of cervical cancer screening, spurred by new screening technologies and steadily increasing HPV vaccination, there is a key need to identify effective and low-touch strategies to increase awareness of changes in guidelines and ensure the benefits of population-based cervical cancer screening across the population. Even nearly a decade after 2012 consensus guidelines, which recommended against annual screening, research continues to show persistent challenges with changing established cervical cancer screening practices, with many studies indicating patients’ limited knowledge of guidelines and lack of provider recommendation as barriers to adoption of extended screening guidelines using 3-year Pap testing or 5-year co-testing (screening simultaneously using cytology and HPV testing). Given the more recent inclusion of primary HPV testing alone as a preferred screening strategy, there a great need to explore messaging strategies to inform patients of the current evidence-based recommendations to increase the uptake of primary HPV testing. To address this gap, we aimed to test the effect of message framing on HPV-related screening knowledge, beliefs, and intentions among females eligible for routine cervical cancer screening.</text></passage><passage><infon key="section_type">METHODS</infon><infon key="type">title_1</infon><offset>4985</offset><text>Materials and Methods</text></passage><passage><infon key="section_type">METHODS</infon><infon key="type">title_2</infon><offset>5007</offset><text>Recruitment</text></passage><passage><infon key="section_type">METHODS</infon><infon key="type">paragraph</infon><offset>5019</offset><text>We utilized the online crowdsourcing platform Amazon Mechanical Turk (MTurk), which is increasingly used for behavioral research, to identify and recruit respondents who met the following criteria: 1) English-speaking adult females in the United States; 2) eligible for routine cervical cancer screening (no history of CIN2+, cervical cancer, or in utero diethylstilbestrol exposure; not HIV+ or otherwise immunocompromised); and 3) held Master MTurk Qualifications (determined by Amazon to those who consistently submit reliable results). Following recruitment (January-February 2020), eligible respondents continued to the secure survey platform (Qualtrics). Interested respondents were then asked to review the consent form in the survey platform and provide written informed consent electronically before enrolling in the study.</text></passage><passage><infon key="section_type">METHODS</infon><infon key="type">title_2</infon><offset>5852</offset><text>Data Collection</text></passage><passage><infon key="section_type">METHODS</infon><infon key="type">paragraph</infon><offset>5868</offset><text>Enrolled participants first completed the pretest questionnaire assessing demographics, cervical cancer screening history, and screening outcomes (knowledge, beliefs, and intentions). Participants then viewed a randomly assigned message (gain- or loss-framed) and completed the posttest questionnaire. Participants completed all study procedures in 25 minutes on average and were compensated $5 for their time. The survey was designed to assess the effect of messaging on changes in screening guidelines overall including, but not limited to, primary HPV testing. As such, the study was powered to detect a minimum difference of 20% decrease in either arm of experiment (200 participants each) based on our prior study where 63% of participants believed they should receive annual Pap testing. This approach is similar to other studies testing effects of message framing on multicomponent guidelines. All activities were conducted after approval by the University of Pennsylvania Institutional Review Board and in accordance with U.S. Common Rule.</text></passage><passage><infon key="section_type">METHODS</infon><infon key="type">title_2</infon><offset>6916</offset><text>Messaging Content and Outcomes</text></passage><passage><infon key="section_type">METHODS</infon><infon key="type">paragraph</infon><offset>6947</offset><text>We drafted the messaging using publicly available CDC materials (https://www.cdc.gov/cancer/cervical/basic_info/screening.htm) and refined it for clarity, burden, and comprehension following pilot testing. The message consisted of neutral information about cervical cancer and screening recommendations, and began and ended with either gain-framed or loss-framed phrases (see Supplemental Table 1).</text></passage><passage><infon key="section_type">METHODS</infon><infon key="type">paragraph</infon><offset>7346</offset><text>Participants reported HPV testing intention by responding to the statement: “I intend to have an HPV test in the next 12 months” (Yes, No, or I don’t know). Screening preference was evaluated by the question: “If given the option by your doctor, what type of cervical cancer screening test would you choose to have?” (Pap smear only, HPV test only, Pap smear and HPV test at the same time, Whichever test my doctor recommended, or I don’t know). To assess perceived effectiveness, participants answered the question: “In your opinion, how successful is the HPV test at detecting cervical cancer in its earliest stages?” (5-point scale; 1=Not successful at all; 5=Very successful). To assess likelihood of following their doctor’s recommendation for HPV testing and concern over not having a Pap test, we asked participants to consider: “If your doctor recommended HPV testing alone as the best option for cervical cancer screening for you, how likely would you be to follow her or his recommendation?” (4-point scale; 1=Very unlikely; 4=Very likely) and “how much concern would you feel about not having a Pap smear?” (4-point scale; 1=No concern; 4=Much concern). We assessed screening knowledge using 10 items, adapted from previous surveys. All outcomes were assessed at pretest and posttest and dichotomized for analysis following similar studies.</text></passage><passage><infon key="section_type">METHODS</infon><infon key="type">title_2</infon><offset>8724</offset><text>Analysis</text></passage><passage><infon key="section_type">METHODS</infon><infon key="type">paragraph</infon><offset>8733</offset><text>From the full study sample (n=398), we excluded participants who are not eligible based on their age for routine cervical cancer screening based on USPSTF and ACS screening guidelines (n=48). Women over 65 who are still eligible for cervical cancer screening are not recommended to be screened using primary HPV testing every 5 years. While USPSTF guidelines do not recommend primary HPV testing for females under age 30, we included this group as they will be eligible as they age and ACS guidelines include ages 25 through 65. We assessed baseline characteristics and differences between randomized groups using descriptive statistics and Fisher’s exact test. We used generalized estimating equations to model population-level effects of messaging on screening outcomes, accounting for age, education, race, and repeated measures. We tested for effect modification by frame based on significance of the interaction term. All tests were considered statistically significant at p&lt;0.05 and analyses were performed in Stata 15 (StataCorp LP, College Station, TX).</text></passage><passage><infon key="section_type">RESULTS</infon><infon key="type">title_1</infon><offset>9797</offset><text>Results</text></passage><passage><infon key="section_type">RESULTS</infon><infon key="type">title_2</infon><offset>9805</offset><text>Participant Characteristics</text></passage><passage><infon key="section_type">RESULTS</infon><infon key="type">paragraph</infon><offset>9833</offset><text>The demographic characteristics of the 365 participants are displayed in Table 1. The majority of respondents (74.0%) identified as white with 9.3% and 6.0% identifying as Black and Asian respectively. About half (50.1%) had a bachelor’s degree or higher, 36.8% lived in a small city or rural location, and nearly all U.S. states (46/50) were represented. Similar to national estimates of ever-screening, most of the participants (88.8%) had received a Pap test before, but only 36.2% had ever received an HPV test. Randomization of messaging was nearly equal with 49.6% (n=181) and 50.4% (n=184) of participants receiving gain- or loss-framed messaging, respectively. There were no significant differences by baseline sociodemographics or screening between randomized groups.</text></passage><passage><infon key="section_type">RESULTS</infon><infon key="type">title_2</infon><offset>10612</offset><text>Effects of Messaging</text></passage><passage><infon key="section_type">RESULTS</infon><infon key="type">paragraph</infon><offset>10633</offset><text>Relative to pretest, exposure to messaging significantly increased intentions to receive HPV testing [aOR: 2.4 (1.6, 3.5)], preference for HPV testing alone [aOR: 3.2 (1.2, 8.5)], and perceived effectiveness of HPV testing against cervical cancer [aOR: 4.3 (2.8, 6.5)]. Guideline-related knowledge on Pap testing, cotesting, primary HPV testing, and recommended stopping age all increased significantly from pretest to posttest (Table 2). General cervical cancer knowledge also increased significantly for four of the six items. We found no significant differences in likelihood to undergo HPV testing if recommended by their provider or concern over not receiving a Pap test. For all outcomes, message framing did not have any significant moderating effects.</text></passage><passage><infon key="section_type">DISCUSS</infon><infon key="type">title_1</infon><offset>11393</offset><text>Discussion</text></passage><passage><infon key="section_type">DISCUSS</infon><infon key="type">paragraph</infon><offset>11404</offset><text>This study highlights the continued importance of public health messaging for increasing evidence-based HPV testing for cervical cancer screening. Half of our sample completed higher education and the majority had been screened before using cytology, but only a minority had accurate baseline knowledge of HPV testing or recommended guidelines. About two-thirds of the sample would undergo primary HPV testing if recommended by their provider; however, about 30% of participants remained concerned about not receiving a Pap test and may need additional counseling from their providers. Similar to a previous study on message framing for cytology-based cervical cancer screening, we did not observe any significant framing effects; however, this may be because both gain- and loss-framed messaging substantially increased screening knowledge and other outcomes. Findings indicate that brief messaging can influence women to consider utilizing a newer more effective screening modality, along with an increased understanding as to the reason behind the change in screening recommendations.</text></passage><passage><infon key="section_type">DISCUSS</infon><infon key="type">paragraph</infon><offset>12492</offset><text>This study is not without limitations but begins to address a significant gap in how to address patients’ limited knowledge and uptake of primary HPV testing. Although this study relies on self-report data and is therefore limited by lack of direct measurement of screening behaviors, self-reported screening intentions have been shown to predict screening behaviors, suggesting that our messaging could dramatically increase uptake of primary HPV testing. The majority of the sample had been screened for cervical cancer before; however, this reflects the general population of women eligible for screening in the United States, with about 93% of women aged 21–65 ever being screened with cytology, and it does not retract from the study purpose of understanding how we could utilize message framing to increase uptake of newer screening strategies—namely primary HPV testing alone—among screened and never screened populations. While the sample may not reflect all populations of women in the United States, our recruitment strategy enabled us to gather perspectives from a geographically diverse sample rather than being restricted to a single area or institution. Future research is needed to test the effect of messaging on screening behaviors and beliefs across diverse populations.</text></passage><passage><infon key="section_type">DISCUSS</infon><infon key="type">paragraph</infon><offset>13789</offset><text>Given the rapidly changing landscape of cervical cancer screening, effective strategies that increase awareness and uptake of evidence-based screening are needed. Lags in screening knowledge can decrease timely uptake and therefore effectiveness of population-based screening, particularly in populations with greater cervical cancer burden. Our findings suggest that providing brief messaging can increase awareness, knowledge, and intentions of primary HPV testing, regardless of frame. Although messaging is an important public health tool that can be deployed widely and at relatively low-cost, additional research is needed to identify other strategies to ensure all females are aware of the importance of cervical cancer screening and available screening modalities and receive recommended screening.</text></passage><passage><infon key="section_type">SUPPL</infon><infon key="type">title_1</infon><offset>14596</offset><text>Supplementary Material</text></passage><passage><infon key="section_type">SUPPL</infon><infon key="type">footnote</infon><offset>14619</offset><text>Conflict of Interest: The authors declare no potential conflicts of interest.</text></passage><passage><infon key="section_type">REF</infon><infon key="type">title</infon><offset>14697</offset><text>References</text></passage><passage><infon key="fpage">674</infon><infon key="issue">7</infon><infon key="lpage">686</infon><infon key="name_0">surname:Curry;given-names:SJ</infon><infon key="name_1">surname:Krist;given-names:AH</infon><infon key="name_2">surname:Owens;given-names:DK</infon><infon key="name_3">surname:Barry;given-names:MJ</infon><infon key="name_4">surname:Caughey;given-names:AB</infon><infon key="name_5">surname:Davidson;given-names:KW</infon><infon key="pub-id_doi">10.1001/jama.2018.10897</infon><infon key="pub-id_pmid">30140884</infon><infon key="section_type">REF</infon><infon key="source">JAMA</infon><infon key="type">ref</infon><infon key="volume">320</infon><infon key="year">2018</infon><offset>14708</offset><text>Screening for cervical cancer us preventive services task force recommendation statement</text></passage><passage><infon key="fpage">153</infon><infon key="issue">8</infon><infon key="name_0">surname:Gage;given-names:JC</infon><infon key="name_1">surname:Schiffman;given-names:M</infon><infon key="name_2">surname:Katki;given-names:HA</infon><infon key="name_3">surname:Castle;given-names:PE</infon><infon key="name_4">surname:Fetterman;given-names:B</infon><infon key="name_5">surname:Wentzensen;given-names:N</infon><infon key="pub-id_doi">10.1093/jnci/dju153</infon><infon key="section_type">REF</infon><infon key="source">J Natl Cancer Inst</infon><infon key="type">ref</infon><infon key="volume">106</infon><infon key="year">2014</infon><offset>14797</offset><text>Reassurance against future risk of precancer and cancer conferred by a negative human papillomavirus test</text></passage><passage><infon key="fpage">330</infon><infon key="issue">2</infon><infon key="lpage">337</infon><infon key="name_0">surname:Huh;given-names:WK</infon><infon key="name_1">surname:Ault;given-names:KA</infon><infon key="name_2">surname:Chelmow;given-names:D</infon><infon key="name_3">surname:Davey;given-names:DD</infon><infon key="name_4">surname:Goulart;given-names:RA</infon><infon key="name_5">surname:Garce;given-names:FAR</infon><infon key="pub-id_doi">10.1097/AOG.0000000000000669</infon><infon key="pub-id_pmid">25569009</infon><infon key="section_type">REF</infon><infon key="source">Obstet Gynecol</infon><infon key="type">ref</infon><infon key="volume">125</infon><infon key="year">2015</infon><offset>14903</offset><text>Use of primary high-risk human papillomavirus testing for cervical cancer screening: interim clinical guidance</text></passage><passage><infon key="comment">:caac.21628</infon><infon key="name_0">surname:Fontham;given-names:ETH</infon><infon key="name_1">surname:Wolf;given-names:AMD</infon><infon key="name_2">surname:Church;given-names:TR</infon><infon key="name_3">surname:Etzioni;given-names:R</infon><infon key="name_4">surname:Flowers;given-names:CR</infon><infon key="name_5">surname:Hezrig;given-names:A</infon><infon key="pub-id_doi">10.3322/caac.21628</infon><infon key="section_type">REF</infon><infon key="source">CA Cancer J Clin</infon><infon key="type">ref</infon><infon key="year">2020</infon><offset>15014</offset><text>Cervical cancer screening for individuals at average risk: 2020 guideline update from the american cancer society</text></passage><passage><infon key="name_0">surname:Ogden;given-names:SN</infon><infon key="name_1">surname:Glanz;given-names:K</infon><infon key="name_2">surname:Schapira;given-names:MM</infon><infon key="name_3">surname:Bocage;given-names:C</infon><infon key="name_4">surname:Eriksen;given-names:W</infon><infon key="name_5">surname:Rendle;given-names:KA</infon><infon key="pub-id_doi">10.1007/s11606-019-05175-4</infon><infon key="section_type">REF</infon><infon key="source">J Gen Intern Med</infon><infon key="type">ref</infon><infon key="year">2019</infon><offset>15128</offset><text>Patient perspectives on primary hpv testing for routine cervical cancer screening</text></passage><passage><infon key="fpage">213</infon><infon key="issue">1</infon><infon key="name_0">surname:Ogilvie;given-names:GS</infon><infon key="name_1">surname:Smith;given-names:LW</infon><infon key="name_2">surname:Van Niekerk;given-names:D</infon><infon key="name_3">surname:Khurshed;given-names:F</infon><infon key="name_4">surname:Pedersen;given-names:HN</infon><infon key="name_5">surname:Taylor;given-names:D</infon><infon key="pub-id_doi">10.1186/s12889-016-2865-8</infon><infon key="pub-id_pmid">26935960</infon><infon key="section_type">REF</infon><infon key="source">BMC Public Health</infon><infon key="type">ref</infon><infon key="volume">16</infon><infon key="year">2016</infon><offset>15210</offset><text>Correlates of women’s intentions to be screened for human papillomavirus for cervical cancer screening with an extended interval</text></passage><passage><infon key="fpage">3</infon><infon key="issue">1</infon><infon key="lpage">19</infon><infon key="name_0">surname:Rothman;given-names:AJ</infon><infon key="name_1">surname:Salovey;given-names:P</infon><infon key="pub-id_doi">10.1037//0033-2909.121.1.3</infon><infon key="pub-id_pmid">9000890</infon><infon key="section_type">REF</infon><infon key="source">Psychol Bull</infon><infon key="type">ref</infon><infon key="volume">121</infon><infon key="year">1997</infon><offset>15341</offset><text>Shaping perceptions to motivate healthy behavior: the role of message framing</text></passage><passage><infon key="fpage">263</infon><infon key="issue">2</infon><infon key="lpage">292</infon><infon key="name_0">surname:Kahneman;given-names:D</infon><infon key="name_1">surname:Tversky;given-names:A</infon><infon key="section_type">REF</infon><infon key="source">Econometrica</infon><infon key="type">ref</infon><infon key="volume">47</infon><infon key="year">1979</infon><offset>15419</offset><text>Prospect theory: an analysis of decision under risk</text></passage><passage><infon key="fpage">101</infon><infon key="issue">1</infon><infon key="lpage">116</infon><infon key="name_0">surname:Gallagher;given-names:KM</infon><infon key="name_1">surname:Updegraff;given-names:JA</infon><infon key="pub-id_doi">10.1007/s12160-011-9308-7</infon><infon key="pub-id_pmid">21993844</infon><infon key="section_type">REF</infon><infon key="source">Ann Behav Med</infon><infon key="type">ref</infon><infon key="volume">43</infon><infon key="year">2012</infon><offset>15471</offset><text>Health message framing effects on attitudes, intentions, and behavior: a meta-analytic review</text></passage><passage><infon key="fpage">747</infon><infon key="issue">6</infon><infon key="lpage">756</infon><infon key="name_0">surname:Lucas;given-names:T</infon><infon key="name_1">surname:Manning;given-names:M</infon><infon key="name_2">surname:Hayman;given-names:LW</infon><infon key="name_3">surname:Blessman;given-names:J</infon><infon key="pub-id_doi">10.1007/s10865-018-9933-8</infon><infon key="pub-id_pmid">29882172</infon><infon key="section_type">REF</infon><infon key="source">J Behav Med</infon><infon key="type">ref</infon><infon key="volume">41</infon><infon key="year">2018</infon><offset>15565</offset><text>Targeting and tailoring message-framing: the moderating effect of racial identity on receptivity to colorectal cancer screening among african–americans</text></passage><passage><infon key="fpage">1365</infon><infon key="issue">11</infon><infon key="lpage">1375</infon><infon key="name_0">surname:Adonis;given-names:L</infon><infon key="name_1">surname:Paramanund;given-names:J</infon><infon key="name_2">surname:Basu;given-names:D</infon><infon key="name_3">surname:Luiz;given-names:J</infon><infon key="pub-id_doi">10.1177/1359105316628735</infon><infon key="pub-id_pmid">26888327</infon><infon key="section_type">REF</infon><infon key="source">J Health Psychol</infon><infon key="type">ref</infon><infon key="volume">22</infon><infon key="year">2017</infon><offset>15719</offset><text>Framing preventive care messaging and cervical cancer screening in a health-insured population in south africa: implications for population-based communication?</text></passage><passage><infon key="fpage">317</infon><infon key="issue">2</infon><infon key="lpage">329</infon><infon key="name_0">surname:Silver;given-names:MI</infon><infon key="name_1">surname:Rositch;given-names:AF</infon><infon key="name_2">surname:Burke;given-names:AE</infon><infon key="name_3">surname:Chang;given-names:K</infon><infon key="name_4">surname:Viscidi;given-names:R</infon><infon key="name_5">surname:Gravitt;given-names:PE</infon><infon key="pub-id_doi">10.1097/AOG.0000000000000638</infon><infon key="pub-id_pmid">25568994</infon><infon key="section_type">REF</infon><infon key="source">Obstet Gynecol</infon><infon key="type">ref</infon><infon key="volume">125</infon><infon key="year">2015</infon><offset>15880</offset><text>Patient concerns about human papillomavirus testing and 5-year intervals in routine cervical cancer screening</text></passage><passage><infon key="fpage">1023</infon><infon key="issue">4</infon><infon key="lpage">1031</infon><infon key="name_0">surname:Peer;given-names:E</infon><infon key="name_1">surname:Vosgerau;given-names:J</infon><infon key="name_2">surname:Acquisti;given-names:A</infon><infon key="pub-id_doi">10.3758/s13428-013-0434-y</infon><infon key="pub-id_pmid">24356996</infon><infon key="section_type">REF</infon><infon key="source">Behav Res Methods</infon><infon key="type">ref</infon><infon key="volume">46</infon><infon key="year">2014</infon><offset>15990</offset><text>Reputation as a sufficient condition for data quality on amazon mechanical turk</text></passage><passage><infon key="fpage">48</infon><infon key="lpage">55</infon><infon key="name_0">surname:Evans;given-names:WD</infon><infon key="name_1">surname:Lantz;given-names:PM</infon><infon key="name_2">surname:Mead;given-names:K</infon><infon key="name_3">surname:Alvarez;given-names:C</infon><infon key="name_4">surname:Snider;given-names:J</infon><infon key="pub-id_doi">10.1016/j.ssmph.2015.11.003</infon><infon key="section_type">REF</infon><infon key="source">SSM - Popul Heal</infon><infon key="type">ref</infon><infon key="volume">1</infon><infon key="year">2015</infon><offset>16070</offset><text>Adherence to clinical preventive services guidelines: population-based online randomized trial</text></passage><passage><infon key="fpage">416</infon><infon key="lpage">425</infon><infon key="name_0">surname:Godinho;given-names:CA</infon><infon key="name_1">surname:Alvarez;given-names:MJ</infon><infon key="name_2">surname:Lima;given-names:ML</infon><infon key="pub-id_doi">10.1016/j.appet.2015.10.001</infon><infon key="pub-id_pmid">26455312</infon><infon key="section_type">REF</infon><infon key="source">Appetite</infon><infon key="type">ref</infon><infon key="volume">96</infon><infon key="year">2016</infon><offset>16165</offset><text>Emphasizing the losses or the gains: comparing situational and individual moderators of framed messages to promote fruit and vegetable intake</text></passage><passage><infon key="fpage">88</infon><infon key="issue">2</infon><infon key="lpage">95</infon><infon key="name_0">surname:Roland;given-names:KB</infon><infon key="name_1">surname:Benard;given-names:VB</infon><infon key="name_2">surname:Greek;given-names:A</infon><infon key="name_3">surname:Hawkins;given-names:NA</infon><infon key="name_4">surname:Lin;given-names:L</infon><infon key="pub-id_doi">10.1177/2150131915624869</infon><infon key="section_type">REF</infon><infon key="source">J Prim Care Community Heal</infon><infon key="type">ref</infon><infon key="volume">7</infon><infon key="year">2016</infon><offset>16307</offset><text>Changes in knowledge and beliefs about human papillomavirus and cervical cancer screening intervals in low-income women after an educational intervention</text></passage><passage><infon key="fpage">346</infon><infon key="issue">12</infon><infon key="pub-id_doi">10.15585/mmwr.mm6612a9</infon><infon key="pub-id_pmid">28358794</infon><infon key="section_type">REF</infon><infon key="source">MMWR Morb Mortal Wkly Rep</infon><infon key="type">ref</infon><infon key="volume">66</infon><infon key="year">2017</infon><offset>16461</offset><text>QuickStats: Percentage of u.s. women aged 21–65 years who never had a papanicolaou test (pap test), by place of birth and length of residence in the united states† — national health interview survey, 2013 and 2015</text></passage><passage><infon key="fpage">621</infon><infon key="issue">5</infon><infon key="lpage">626</infon><infon key="name_0">surname:Roncancio;given-names:AM</infon><infon key="name_1">surname:Ward;given-names:KK</infon><infon key="name_2">surname:Sanchez;given-names:IA</infon><infon key="name_3">surname:Cano;given-names:MA</infon><infon key="name_4">surname:Byrd;given-names:TL</infon><infon key="name_5">surname:Vernon;given-names:SW</infon><infon key="pub-id_doi">10.1177/1090198115571364</infon><infon key="pub-id_pmid">25712240</infon><infon key="section_type">REF</infon><infon key="source">Health Educ Behav</infon><infon key="type">ref</infon><infon key="volume">42</infon><infon key="year">2015</infon><offset>16681</offset><text>Using the theory of planned behavior to understand cervical cancer screening among latinas</text></passage><passage><infon key="file">T1.xml</infon><infon key="id">T1</infon><infon key="section_type">TABLE</infon><infon key="type">table_caption</infon><offset>16772</offset><text>Participant Baseline Characteristics by Received Message Framing, n (%)</text></passage><passage><infon key="file">T1.xml</infon><infon key="id">T1</infon><infon key="section_type">TABLE</infon><infon key="type">table</infon><infon key="xml">&lt;?xml version=&quot;1.0&quot; encoding=&quot;UTF-8&quot;?&gt;
&lt;table frame=&quot;box&quot; rules=&quot;all&quot;&gt;
        &lt;colgroup span=&quot;1&quot;&gt;
          &lt;col align=&quot;left&quot; valign=&quot;middle&quot; span=&quot;1&quot;/&gt;
          &lt;col align=&quot;left&quot; valign=&quot;middle&quot; span=&quot;1&quot;/&gt;
          &lt;col align=&quot;left&quot; valign=&quot;middle&quot; span=&quot;1&quot;/&gt;
          &lt;col align=&quot;left&quot; valign=&quot;middle&quot; span=&quot;1&quot;/&gt;
        &lt;/colgroup&gt;
        &lt;thead&gt;
          &lt;tr&gt;
            &lt;th align=&quot;left&quot; valign=&quot;top&quot; rowspan=&quot;1&quot; colspan=&quot;1&quot;&gt;Characteristic&lt;/th&gt;
            &lt;th align=&quot;left&quot; valign=&quot;top&quot; rowspan=&quot;1&quot; colspan=&quot;1&quot;&gt;Gain-Framed (n=181)&lt;/th&gt;
            &lt;th align=&quot;left&quot; valign=&quot;top&quot; rowspan=&quot;1&quot; colspan=&quot;1&quot;&gt;Loss-Framed (n=184)&lt;/th&gt;
            &lt;th align=&quot;left&quot; valign=&quot;top&quot; rowspan=&quot;1&quot; colspan=&quot;1&quot;&gt;Total (n=365)&lt;/th&gt;
          &lt;/tr&gt;
        &lt;/thead&gt;
        &lt;tbody&gt;
          &lt;tr&gt;
            &lt;td align=&quot;left&quot; valign=&quot;top&quot; rowspan=&quot;1&quot; colspan=&quot;1&quot;&gt;Age (years)&lt;/td&gt;
            &lt;td align=&quot;left&quot; valign=&quot;top&quot; rowspan=&quot;1&quot; colspan=&quot;1&quot;/&gt;
            &lt;td align=&quot;left&quot; valign=&quot;top&quot; rowspan=&quot;1&quot; colspan=&quot;1&quot;/&gt;
            &lt;td align=&quot;left&quot; valign=&quot;top&quot; rowspan=&quot;1&quot; colspan=&quot;1&quot;/&gt;
          &lt;/tr&gt;
          &lt;tr&gt;
            &lt;td align=&quot;left&quot; valign=&quot;top&quot; rowspan=&quot;1&quot; colspan=&quot;1&quot;&gt;  21–29&lt;/td&gt;
            &lt;td align=&quot;right&quot; valign=&quot;top&quot; rowspan=&quot;1&quot; colspan=&quot;1&quot;&gt;27 (14.9)&lt;/td&gt;
            &lt;td align=&quot;right&quot; valign=&quot;top&quot; rowspan=&quot;1&quot; colspan=&quot;1&quot;&gt;21 (11.4)&lt;/td&gt;
            &lt;td align=&quot;right&quot; valign=&quot;top&quot; rowspan=&quot;1&quot; colspan=&quot;1&quot;&gt;48 (13.2)&lt;/td&gt;
          &lt;/tr&gt;
          &lt;tr&gt;
            &lt;td align=&quot;left&quot; valign=&quot;top&quot; rowspan=&quot;1&quot; colspan=&quot;1&quot;&gt;  30–39&lt;/td&gt;
            &lt;td align=&quot;right&quot; valign=&quot;top&quot; rowspan=&quot;1&quot; colspan=&quot;1&quot;&gt;67 (37.0)&lt;/td&gt;
            &lt;td align=&quot;right&quot; valign=&quot;top&quot; rowspan=&quot;1&quot; colspan=&quot;1&quot;&gt;78 (42.4)&lt;/td&gt;
            &lt;td align=&quot;right&quot; valign=&quot;top&quot; rowspan=&quot;1&quot; colspan=&quot;1&quot;&gt;145 (39.7)&lt;/td&gt;
          &lt;/tr&gt;
          &lt;tr&gt;
            &lt;td align=&quot;left&quot; valign=&quot;top&quot; rowspan=&quot;1&quot; colspan=&quot;1&quot;&gt;  40–49&lt;/td&gt;
            &lt;td align=&quot;right&quot; valign=&quot;top&quot; rowspan=&quot;1&quot; colspan=&quot;1&quot;&gt;58 (32.0)&lt;/td&gt;
            &lt;td align=&quot;right&quot; valign=&quot;top&quot; rowspan=&quot;1&quot; colspan=&quot;1&quot;&gt;55 (29.9)&lt;/td&gt;
            &lt;td align=&quot;right&quot; valign=&quot;top&quot; rowspan=&quot;1&quot; colspan=&quot;1&quot;&gt;113 (31.0)&lt;/td&gt;
          &lt;/tr&gt;
          &lt;tr&gt;
            &lt;td align=&quot;left&quot; valign=&quot;top&quot; rowspan=&quot;1&quot; colspan=&quot;1&quot;&gt;  50–59&lt;/td&gt;
            &lt;td align=&quot;right&quot; valign=&quot;top&quot; rowspan=&quot;1&quot; colspan=&quot;1&quot;&gt;21 (11.6)&lt;/td&gt;
            &lt;td align=&quot;right&quot; valign=&quot;top&quot; rowspan=&quot;1&quot; colspan=&quot;1&quot;&gt;26 (14.1)&lt;/td&gt;
            &lt;td align=&quot;right&quot; valign=&quot;top&quot; rowspan=&quot;1&quot; colspan=&quot;1&quot;&gt;47 (12.9)&lt;/td&gt;
          &lt;/tr&gt;
          &lt;tr&gt;
            &lt;td align=&quot;left&quot; valign=&quot;top&quot; rowspan=&quot;1&quot; colspan=&quot;1&quot;&gt;  60–65&lt;/td&gt;
            &lt;td align=&quot;right&quot; valign=&quot;top&quot; rowspan=&quot;1&quot; colspan=&quot;1&quot;&gt;8 (4.4)&lt;/td&gt;
            &lt;td align=&quot;right&quot; valign=&quot;top&quot; rowspan=&quot;1&quot; colspan=&quot;1&quot;&gt;4 (2.2)&lt;/td&gt;
            &lt;td align=&quot;right&quot; valign=&quot;top&quot; rowspan=&quot;1&quot; colspan=&quot;1&quot;&gt;12 (3.3)&lt;/td&gt;
          &lt;/tr&gt;
          &lt;tr&gt;
            &lt;td align=&quot;left&quot; valign=&quot;top&quot; rowspan=&quot;1&quot; colspan=&quot;1&quot;&gt;Race/Ethnicity&lt;/td&gt;
            &lt;td align=&quot;right&quot; valign=&quot;top&quot; rowspan=&quot;1&quot; colspan=&quot;1&quot;/&gt;
            &lt;td align=&quot;right&quot; valign=&quot;top&quot; rowspan=&quot;1&quot; colspan=&quot;1&quot;/&gt;
            &lt;td align=&quot;right&quot; valign=&quot;top&quot; rowspan=&quot;1&quot; colspan=&quot;1&quot;/&gt;
          &lt;/tr&gt;
          &lt;tr&gt;
            &lt;td align=&quot;left&quot; valign=&quot;top&quot; rowspan=&quot;1&quot; colspan=&quot;1&quot;&gt;  Asian&lt;/td&gt;
            &lt;td align=&quot;right&quot; valign=&quot;top&quot; rowspan=&quot;1&quot; colspan=&quot;1&quot;&gt;10 (5.5)&lt;/td&gt;
            &lt;td align=&quot;right&quot; valign=&quot;top&quot; rowspan=&quot;1&quot; colspan=&quot;1&quot;&gt;12 (6.5)&lt;/td&gt;
            &lt;td align=&quot;right&quot; valign=&quot;top&quot; rowspan=&quot;1&quot; colspan=&quot;1&quot;&gt;22 (6.0)&lt;/td&gt;
          &lt;/tr&gt;
          &lt;tr&gt;
            &lt;td align=&quot;left&quot; valign=&quot;top&quot; rowspan=&quot;1&quot; colspan=&quot;1&quot;&gt;  Hispanic/Latina/Latinx&lt;/td&gt;
            &lt;td align=&quot;right&quot; valign=&quot;top&quot; rowspan=&quot;1&quot; colspan=&quot;1&quot;&gt;7 (3.9)&lt;/td&gt;
            &lt;td align=&quot;right&quot; valign=&quot;top&quot; rowspan=&quot;1&quot; colspan=&quot;1&quot;&gt;11 (6.0)&lt;/td&gt;
            &lt;td align=&quot;right&quot; valign=&quot;top&quot; rowspan=&quot;1&quot; colspan=&quot;1&quot;&gt;18 (4.9)&lt;/td&gt;
          &lt;/tr&gt;
          &lt;tr&gt;
            &lt;td align=&quot;left&quot; valign=&quot;top&quot; rowspan=&quot;1&quot; colspan=&quot;1&quot;&gt;  Non-Hispanic Black&lt;/td&gt;
            &lt;td align=&quot;right&quot; valign=&quot;top&quot; rowspan=&quot;1&quot; colspan=&quot;1&quot;&gt;18 (9.9)&lt;/td&gt;
            &lt;td align=&quot;right&quot; valign=&quot;top&quot; rowspan=&quot;1&quot; colspan=&quot;1&quot;&gt;16 (8.7)&lt;/td&gt;
            &lt;td align=&quot;right&quot; valign=&quot;top&quot; rowspan=&quot;1&quot; colspan=&quot;1&quot;&gt;34 (9.3)&lt;/td&gt;
          &lt;/tr&gt;
          &lt;tr&gt;
            &lt;td align=&quot;left&quot; valign=&quot;top&quot; rowspan=&quot;1&quot; colspan=&quot;1&quot;&gt;  Non-Hispanic White&lt;/td&gt;
            &lt;td align=&quot;right&quot; valign=&quot;top&quot; rowspan=&quot;1&quot; colspan=&quot;1&quot;&gt;135 (74.6)&lt;/td&gt;
            &lt;td align=&quot;right&quot; valign=&quot;top&quot; rowspan=&quot;1&quot; colspan=&quot;1&quot;&gt;135 (73.4)&lt;/td&gt;
            &lt;td align=&quot;right&quot; valign=&quot;top&quot; rowspan=&quot;1&quot; colspan=&quot;1&quot;&gt;270 (74.0)&lt;/td&gt;
          &lt;/tr&gt;
          &lt;tr&gt;
            &lt;td align=&quot;left&quot; valign=&quot;top&quot; rowspan=&quot;1&quot; colspan=&quot;1&quot;&gt;  Multiracial/Other&lt;/td&gt;
            &lt;td align=&quot;right&quot; valign=&quot;top&quot; rowspan=&quot;1&quot; colspan=&quot;1&quot;&gt;11 (6.1)&lt;/td&gt;
            &lt;td align=&quot;right&quot; valign=&quot;top&quot; rowspan=&quot;1&quot; colspan=&quot;1&quot;&gt;10 (5.4)&lt;/td&gt;
            &lt;td align=&quot;right&quot; valign=&quot;top&quot; rowspan=&quot;1&quot; colspan=&quot;1&quot;&gt;21 (5.6)&lt;/td&gt;
          &lt;/tr&gt;
          &lt;tr&gt;
            &lt;td align=&quot;left&quot; valign=&quot;top&quot; rowspan=&quot;1&quot; colspan=&quot;1&quot;&gt;Gender Identity&lt;/td&gt;
            &lt;td align=&quot;right&quot; valign=&quot;top&quot; rowspan=&quot;1&quot; colspan=&quot;1&quot;/&gt;
            &lt;td align=&quot;right&quot; valign=&quot;top&quot; rowspan=&quot;1&quot; colspan=&quot;1&quot;/&gt;
            &lt;td align=&quot;right&quot; valign=&quot;top&quot; rowspan=&quot;1&quot; colspan=&quot;1&quot;/&gt;
          &lt;/tr&gt;
          &lt;tr&gt;
            &lt;td align=&quot;left&quot; valign=&quot;top&quot; rowspan=&quot;1&quot; colspan=&quot;1&quot;&gt;  Female&lt;/td&gt;
            &lt;td align=&quot;right&quot; valign=&quot;top&quot; rowspan=&quot;1&quot; colspan=&quot;1&quot;&gt;173 (95.6)&lt;/td&gt;
            &lt;td align=&quot;right&quot; valign=&quot;top&quot; rowspan=&quot;1&quot; colspan=&quot;1&quot;&gt;180 (97.8)&lt;/td&gt;
            &lt;td align=&quot;right&quot; valign=&quot;top&quot; rowspan=&quot;1&quot; colspan=&quot;1&quot;&gt;353 (96.7)&lt;/td&gt;
          &lt;/tr&gt;
          &lt;tr&gt;
            &lt;td align=&quot;left&quot; valign=&quot;top&quot; rowspan=&quot;1&quot; colspan=&quot;1&quot;&gt;  Other Gender&lt;/td&gt;
            &lt;td align=&quot;right&quot; valign=&quot;top&quot; rowspan=&quot;1&quot; colspan=&quot;1&quot;&gt;8 (4.4)&lt;/td&gt;
            &lt;td align=&quot;right&quot; valign=&quot;top&quot; rowspan=&quot;1&quot; colspan=&quot;1&quot;&gt;4 (2.2)&lt;/td&gt;
            &lt;td align=&quot;right&quot; valign=&quot;top&quot; rowspan=&quot;1&quot; colspan=&quot;1&quot;&gt;12 (3.3)&lt;/td&gt;
          &lt;/tr&gt;
          &lt;tr&gt;
            &lt;td align=&quot;left&quot; valign=&quot;top&quot; rowspan=&quot;1&quot; colspan=&quot;1&quot;&gt;Sexual Identity&lt;/td&gt;
            &lt;td align=&quot;right&quot; valign=&quot;top&quot; rowspan=&quot;1&quot; colspan=&quot;1&quot;/&gt;
            &lt;td align=&quot;right&quot; valign=&quot;top&quot; rowspan=&quot;1&quot; colspan=&quot;1&quot;/&gt;
            &lt;td align=&quot;right&quot; valign=&quot;top&quot; rowspan=&quot;1&quot; colspan=&quot;1&quot;/&gt;
          &lt;/tr&gt;
          &lt;tr&gt;
            &lt;td align=&quot;left&quot; valign=&quot;top&quot; rowspan=&quot;1&quot; colspan=&quot;1&quot;&gt; Heterosexual&lt;/td&gt;
            &lt;td align=&quot;right&quot; valign=&quot;top&quot; rowspan=&quot;1&quot; colspan=&quot;1&quot;&gt;162 (90.0)&lt;/td&gt;
            &lt;td align=&quot;right&quot; valign=&quot;top&quot; rowspan=&quot;1&quot; colspan=&quot;1&quot;&gt;154 (86.7)&lt;/td&gt;
            &lt;td align=&quot;right&quot; valign=&quot;top&quot; rowspan=&quot;1&quot; colspan=&quot;1&quot;&gt;316 (86.8)&lt;/td&gt;
          &lt;/tr&gt;
          &lt;tr&gt;
            &lt;td align=&quot;left&quot; valign=&quot;top&quot; rowspan=&quot;1&quot; colspan=&quot;1&quot;&gt; Bisexual&lt;/td&gt;
            &lt;td align=&quot;right&quot; valign=&quot;top&quot; rowspan=&quot;1&quot; colspan=&quot;1&quot;&gt;15 (8.3)&lt;/td&gt;
            &lt;td align=&quot;right&quot; valign=&quot;top&quot; rowspan=&quot;1&quot; colspan=&quot;1&quot;&gt;18 (9.8)&lt;/td&gt;
            &lt;td align=&quot;right&quot; valign=&quot;top&quot; rowspan=&quot;1&quot; colspan=&quot;1&quot;&gt;33 (9.1)&lt;/td&gt;
          &lt;/tr&gt;
          &lt;tr&gt;
            &lt;td align=&quot;left&quot; valign=&quot;top&quot; rowspan=&quot;1&quot; colspan=&quot;1&quot;&gt; Lesbian, Gay, or Queer&lt;/td&gt;
            &lt;td align=&quot;right&quot; valign=&quot;top&quot; rowspan=&quot;1&quot; colspan=&quot;1&quot;&gt;1 (0.6)&lt;/td&gt;
            &lt;td align=&quot;right&quot; valign=&quot;top&quot; rowspan=&quot;1&quot; colspan=&quot;1&quot;&gt;7 (3.8)&lt;/td&gt;
            &lt;td align=&quot;right&quot; valign=&quot;top&quot; rowspan=&quot;1&quot; colspan=&quot;1&quot;&gt;8 (2.2)&lt;/td&gt;
          &lt;/tr&gt;
          &lt;tr&gt;
            &lt;td align=&quot;left&quot; valign=&quot;top&quot; rowspan=&quot;1&quot; colspan=&quot;1&quot;&gt; Other/Prefer Not to Say&lt;/td&gt;
            &lt;td align=&quot;right&quot; valign=&quot;top&quot; rowspan=&quot;1&quot; colspan=&quot;1&quot;&gt;2 (1.1)&lt;/td&gt;
            &lt;td align=&quot;right&quot; valign=&quot;top&quot; rowspan=&quot;1&quot; colspan=&quot;1&quot;&gt;5 (2.7)&lt;/td&gt;
            &lt;td align=&quot;right&quot; valign=&quot;top&quot; rowspan=&quot;1&quot; colspan=&quot;1&quot;&gt;7 (1.9)&lt;/td&gt;
          &lt;/tr&gt;
          &lt;tr&gt;
            &lt;td align=&quot;left&quot; valign=&quot;top&quot; rowspan=&quot;1&quot; colspan=&quot;1&quot;&gt;Education&lt;/td&gt;
            &lt;td align=&quot;right&quot; valign=&quot;top&quot; rowspan=&quot;1&quot; colspan=&quot;1&quot;/&gt;
            &lt;td align=&quot;right&quot; valign=&quot;top&quot; rowspan=&quot;1&quot; colspan=&quot;1&quot;/&gt;
            &lt;td align=&quot;right&quot; valign=&quot;top&quot; rowspan=&quot;1&quot; colspan=&quot;1&quot;/&gt;
          &lt;/tr&gt;
          &lt;tr&gt;
            &lt;td align=&quot;left&quot; valign=&quot;top&quot; rowspan=&quot;1&quot; colspan=&quot;1&quot;&gt; High School&lt;/td&gt;
            &lt;td align=&quot;right&quot; valign=&quot;top&quot; rowspan=&quot;1&quot; colspan=&quot;1&quot;&gt;26 (14.4)&lt;/td&gt;
            &lt;td align=&quot;right&quot; valign=&quot;top&quot; rowspan=&quot;1&quot; colspan=&quot;1&quot;&gt;18 (9.8)&lt;/td&gt;
            &lt;td align=&quot;right&quot; valign=&quot;top&quot; rowspan=&quot;1&quot; colspan=&quot;1&quot;&gt;44 (12.1)&lt;/td&gt;
          &lt;/tr&gt;
          &lt;tr&gt;
            &lt;td align=&quot;left&quot; valign=&quot;top&quot; rowspan=&quot;1&quot; colspan=&quot;1&quot;&gt; Some College&lt;/td&gt;
            &lt;td align=&quot;right&quot; valign=&quot;top&quot; rowspan=&quot;1&quot; colspan=&quot;1&quot;&gt;34 (18.8)&lt;/td&gt;
            &lt;td align=&quot;right&quot; valign=&quot;top&quot; rowspan=&quot;1&quot; colspan=&quot;1&quot;&gt;42 (22.8)&lt;/td&gt;
            &lt;td align=&quot;right&quot; valign=&quot;top&quot; rowspan=&quot;1&quot; colspan=&quot;1&quot;&gt;76 (20.8)&lt;/td&gt;
          &lt;/tr&gt;
          &lt;tr&gt;
            &lt;td align=&quot;left&quot; valign=&quot;top&quot; rowspan=&quot;1&quot; colspan=&quot;1&quot;&gt; Associate’s Degree&lt;/td&gt;
            &lt;td align=&quot;right&quot; valign=&quot;top&quot; rowspan=&quot;1&quot; colspan=&quot;1&quot;&gt;32 (17.7)&lt;/td&gt;
            &lt;td align=&quot;right&quot; valign=&quot;top&quot; rowspan=&quot;1&quot; colspan=&quot;1&quot;&gt;30 (16.3)&lt;/td&gt;
            &lt;td align=&quot;right&quot; valign=&quot;top&quot; rowspan=&quot;1&quot; colspan=&quot;1&quot;&gt;62 (17.0)&lt;/td&gt;
          &lt;/tr&gt;
          &lt;tr&gt;
            &lt;td align=&quot;left&quot; valign=&quot;top&quot; rowspan=&quot;1&quot; colspan=&quot;1&quot;&gt; Bachelor’s Degree&lt;/td&gt;
            &lt;td align=&quot;right&quot; valign=&quot;top&quot; rowspan=&quot;1&quot; colspan=&quot;1&quot;&gt;71 (39.2)&lt;/td&gt;
            &lt;td align=&quot;right&quot; valign=&quot;top&quot; rowspan=&quot;1&quot; colspan=&quot;1&quot;&gt;74 (40.2)&lt;/td&gt;
            &lt;td align=&quot;right&quot; valign=&quot;top&quot; rowspan=&quot;1&quot; colspan=&quot;1&quot;&gt;145 (39.7)&lt;/td&gt;
          &lt;/tr&gt;
          &lt;tr&gt;
            &lt;td align=&quot;left&quot; valign=&quot;top&quot; rowspan=&quot;1&quot; colspan=&quot;1&quot;&gt; Graduate Degree&lt;/td&gt;
            &lt;td align=&quot;right&quot; valign=&quot;top&quot; rowspan=&quot;1&quot; colspan=&quot;1&quot;&gt;18 (9.9)&lt;/td&gt;
            &lt;td align=&quot;right&quot; valign=&quot;top&quot; rowspan=&quot;1&quot; colspan=&quot;1&quot;&gt;20 (10.9)&lt;/td&gt;
            &lt;td align=&quot;right&quot; valign=&quot;top&quot; rowspan=&quot;1&quot; colspan=&quot;1&quot;&gt;38 (10.4)&lt;/td&gt;
          &lt;/tr&gt;
          &lt;tr&gt;
            &lt;td align=&quot;left&quot; valign=&quot;top&quot; rowspan=&quot;1&quot; colspan=&quot;1&quot;&gt;Annual Income ($)&lt;/td&gt;
            &lt;td align=&quot;right&quot; valign=&quot;top&quot; rowspan=&quot;1&quot; colspan=&quot;1&quot;/&gt;
            &lt;td align=&quot;right&quot; valign=&quot;top&quot; rowspan=&quot;1&quot; colspan=&quot;1&quot;/&gt;
            &lt;td align=&quot;right&quot; valign=&quot;top&quot; rowspan=&quot;1&quot; colspan=&quot;1&quot;/&gt;
          &lt;/tr&gt;
          &lt;tr&gt;
            &lt;td align=&quot;left&quot; valign=&quot;top&quot; rowspan=&quot;1&quot; colspan=&quot;1&quot;&gt; &amp;lt; 30,000&lt;/td&gt;
            &lt;td align=&quot;right&quot; valign=&quot;top&quot; rowspan=&quot;1&quot; colspan=&quot;1&quot;&gt;33 (18.2)&lt;/td&gt;
            &lt;td align=&quot;right&quot; valign=&quot;top&quot; rowspan=&quot;1&quot; colspan=&quot;1&quot;&gt;40 (21.7)&lt;/td&gt;
            &lt;td align=&quot;right&quot; valign=&quot;top&quot; rowspan=&quot;1&quot; colspan=&quot;1&quot;&gt;73 (20.0)&lt;/td&gt;
          &lt;/tr&gt;
          &lt;tr&gt;
            &lt;td align=&quot;left&quot; valign=&quot;top&quot; rowspan=&quot;1&quot; colspan=&quot;1&quot;&gt; 30,000–49,999&lt;/td&gt;
            &lt;td align=&quot;right&quot; valign=&quot;top&quot; rowspan=&quot;1&quot; colspan=&quot;1&quot;&gt;42 (23.2)&lt;/td&gt;
            &lt;td align=&quot;right&quot; valign=&quot;top&quot; rowspan=&quot;1&quot; colspan=&quot;1&quot;&gt;46 (25.0)&lt;/td&gt;
            &lt;td align=&quot;right&quot; valign=&quot;top&quot; rowspan=&quot;1&quot; colspan=&quot;1&quot;&gt;88 (24.1)&lt;/td&gt;
          &lt;/tr&gt;
          &lt;tr&gt;
            &lt;td align=&quot;left&quot; valign=&quot;top&quot; rowspan=&quot;1&quot; colspan=&quot;1&quot;&gt; 50,000–99,999&lt;/td&gt;
            &lt;td align=&quot;right&quot; valign=&quot;top&quot; rowspan=&quot;1&quot; colspan=&quot;1&quot;&gt;77 (42.5)&lt;/td&gt;
            &lt;td align=&quot;right&quot; valign=&quot;top&quot; rowspan=&quot;1&quot; colspan=&quot;1&quot;&gt;69 (37.5)&lt;/td&gt;
            &lt;td align=&quot;right&quot; valign=&quot;top&quot; rowspan=&quot;1&quot; colspan=&quot;1&quot;&gt;146 (40.0)&lt;/td&gt;
          &lt;/tr&gt;
          &lt;tr&gt;
            &lt;td align=&quot;left&quot; valign=&quot;top&quot; rowspan=&quot;1&quot; colspan=&quot;1&quot;&gt; ≥100,000&lt;/td&gt;
            &lt;td align=&quot;right&quot; valign=&quot;top&quot; rowspan=&quot;1&quot; colspan=&quot;1&quot;&gt;29 (16.0)&lt;/td&gt;
            &lt;td align=&quot;right&quot; valign=&quot;top&quot; rowspan=&quot;1&quot; colspan=&quot;1&quot;&gt;29 (15.8)&lt;/td&gt;
            &lt;td align=&quot;right&quot; valign=&quot;top&quot; rowspan=&quot;1&quot; colspan=&quot;1&quot;&gt;58 (15.9)&lt;/td&gt;
          &lt;/tr&gt;
          &lt;tr&gt;
            &lt;td align=&quot;left&quot; valign=&quot;top&quot; rowspan=&quot;1&quot; colspan=&quot;1&quot;&gt;Health Insurance&lt;/td&gt;
            &lt;td align=&quot;right&quot; valign=&quot;top&quot; rowspan=&quot;1&quot; colspan=&quot;1&quot;/&gt;
            &lt;td align=&quot;right&quot; valign=&quot;top&quot; rowspan=&quot;1&quot; colspan=&quot;1&quot;/&gt;
            &lt;td align=&quot;right&quot; valign=&quot;top&quot; rowspan=&quot;1&quot; colspan=&quot;1&quot;/&gt;
          &lt;/tr&gt;
          &lt;tr&gt;
            &lt;td align=&quot;left&quot; valign=&quot;top&quot; rowspan=&quot;1&quot; colspan=&quot;1&quot;&gt; Private&lt;/td&gt;
            &lt;td align=&quot;right&quot; valign=&quot;top&quot; rowspan=&quot;1&quot; colspan=&quot;1&quot;&gt;138 (76.2)&lt;/td&gt;
            &lt;td align=&quot;right&quot; valign=&quot;top&quot; rowspan=&quot;1&quot; colspan=&quot;1&quot;&gt;113 (61.4)&lt;/td&gt;
            &lt;td align=&quot;right&quot; valign=&quot;top&quot; rowspan=&quot;1&quot; colspan=&quot;1&quot;&gt;251 (68.8)&lt;/td&gt;
          &lt;/tr&gt;
          &lt;tr&gt;
            &lt;td align=&quot;left&quot; valign=&quot;top&quot; rowspan=&quot;1&quot; colspan=&quot;1&quot;&gt; Public/Medicare/Veteran&lt;/td&gt;
            &lt;td align=&quot;right&quot; valign=&quot;top&quot; rowspan=&quot;1&quot; colspan=&quot;1&quot;&gt;27 (14.9)&lt;/td&gt;
            &lt;td align=&quot;right&quot; valign=&quot;top&quot; rowspan=&quot;1&quot; colspan=&quot;1&quot;&gt;43 (23.3)&lt;/td&gt;
            &lt;td align=&quot;right&quot; valign=&quot;top&quot; rowspan=&quot;1&quot; colspan=&quot;1&quot;&gt;70 (19.2)&lt;/td&gt;
          &lt;/tr&gt;
          &lt;tr&gt;
            &lt;td align=&quot;left&quot; valign=&quot;top&quot; rowspan=&quot;1&quot; colspan=&quot;1&quot;&gt; Uninsured&lt;/td&gt;
            &lt;td align=&quot;right&quot; valign=&quot;top&quot; rowspan=&quot;1&quot; colspan=&quot;1&quot;&gt;16 (8.8)&lt;/td&gt;
            &lt;td align=&quot;right&quot; valign=&quot;top&quot; rowspan=&quot;1&quot; colspan=&quot;1&quot;&gt;28 (15.2)&lt;/td&gt;
            &lt;td align=&quot;right&quot; valign=&quot;top&quot; rowspan=&quot;1&quot; colspan=&quot;1&quot;&gt;44 (12.1)&lt;/td&gt;
          &lt;/tr&gt;
          &lt;tr&gt;
            &lt;td align=&quot;left&quot; valign=&quot;top&quot; rowspan=&quot;1&quot; colspan=&quot;1&quot;&gt;Place of Residence&lt;/td&gt;
            &lt;td align=&quot;right&quot; valign=&quot;top&quot; rowspan=&quot;1&quot; colspan=&quot;1&quot;/&gt;
            &lt;td align=&quot;right&quot; valign=&quot;top&quot; rowspan=&quot;1&quot; colspan=&quot;1&quot;/&gt;
            &lt;td align=&quot;right&quot; valign=&quot;top&quot; rowspan=&quot;1&quot; colspan=&quot;1&quot;/&gt;
          &lt;/tr&gt;
          &lt;tr&gt;
            &lt;td align=&quot;left&quot; valign=&quot;top&quot; rowspan=&quot;1&quot; colspan=&quot;1&quot;&gt; Large City&lt;/td&gt;
            &lt;td align=&quot;right&quot; valign=&quot;top&quot; rowspan=&quot;1&quot; colspan=&quot;1&quot;&gt;51 (28.2)&lt;/td&gt;
            &lt;td align=&quot;right&quot; valign=&quot;top&quot; rowspan=&quot;1&quot; colspan=&quot;1&quot;&gt;52 (28.3)&lt;/td&gt;
            &lt;td align=&quot;right&quot; valign=&quot;top&quot; rowspan=&quot;1&quot; colspan=&quot;1&quot;&gt;103 (28.2)&lt;/td&gt;
          &lt;/tr&gt;
          &lt;tr&gt;
            &lt;td align=&quot;left&quot; valign=&quot;top&quot; rowspan=&quot;1&quot; colspan=&quot;1&quot;&gt; Suburban&lt;/td&gt;
            &lt;td align=&quot;right&quot; valign=&quot;top&quot; rowspan=&quot;1&quot; colspan=&quot;1&quot;&gt;63 (34.8)&lt;/td&gt;
            &lt;td align=&quot;right&quot; valign=&quot;top&quot; rowspan=&quot;1&quot; colspan=&quot;1&quot;&gt;65 (35.3)&lt;/td&gt;
            &lt;td align=&quot;right&quot; valign=&quot;top&quot; rowspan=&quot;1&quot; colspan=&quot;1&quot;&gt;128 (35.1)&lt;/td&gt;
          &lt;/tr&gt;
          &lt;tr&gt;
            &lt;td align=&quot;left&quot; valign=&quot;top&quot; rowspan=&quot;1&quot; colspan=&quot;1&quot;&gt; Small City/Town&lt;/td&gt;
            &lt;td align=&quot;right&quot; valign=&quot;top&quot; rowspan=&quot;1&quot; colspan=&quot;1&quot;&gt;46 (25.4)&lt;/td&gt;
            &lt;td align=&quot;right&quot; valign=&quot;top&quot; rowspan=&quot;1&quot; colspan=&quot;1&quot;&gt;48 (26.1)&lt;/td&gt;
            &lt;td align=&quot;right&quot; valign=&quot;top&quot; rowspan=&quot;1&quot; colspan=&quot;1&quot;&gt;94 (25.8)&lt;/td&gt;
          &lt;/tr&gt;
          &lt;tr&gt;
            &lt;td align=&quot;left&quot; valign=&quot;top&quot; rowspan=&quot;1&quot; colspan=&quot;1&quot;&gt; Rural&lt;/td&gt;
            &lt;td align=&quot;right&quot; valign=&quot;top&quot; rowspan=&quot;1&quot; colspan=&quot;1&quot;&gt;21 (11.6)&lt;/td&gt;
            &lt;td align=&quot;right&quot; valign=&quot;top&quot; rowspan=&quot;1&quot; colspan=&quot;1&quot;&gt;19 (10.3)&lt;/td&gt;
            &lt;td align=&quot;right&quot; valign=&quot;top&quot; rowspan=&quot;1&quot; colspan=&quot;1&quot;&gt;40 (11.0)&lt;/td&gt;
          &lt;/tr&gt;
          &lt;tr&gt;
            &lt;td align=&quot;left&quot; valign=&quot;top&quot; rowspan=&quot;1&quot; colspan=&quot;1&quot;&gt;Health History (% yes)&lt;/td&gt;
            &lt;td align=&quot;right&quot; valign=&quot;top&quot; rowspan=&quot;1&quot; colspan=&quot;1&quot;/&gt;
            &lt;td align=&quot;right&quot; valign=&quot;top&quot; rowspan=&quot;1&quot; colspan=&quot;1&quot;/&gt;
            &lt;td align=&quot;right&quot; valign=&quot;top&quot; rowspan=&quot;1&quot; colspan=&quot;1&quot;/&gt;
          &lt;/tr&gt;
          &lt;tr&gt;
            &lt;td align=&quot;left&quot; valign=&quot;top&quot; rowspan=&quot;1&quot; colspan=&quot;1&quot;&gt; Routine check-up in past 2yrs&lt;/td&gt;
            &lt;td align=&quot;right&quot; valign=&quot;top&quot; rowspan=&quot;1&quot; colspan=&quot;1&quot;&gt;143 (79.0)&lt;/td&gt;
            &lt;td align=&quot;right&quot; valign=&quot;top&quot; rowspan=&quot;1&quot; colspan=&quot;1&quot;&gt;146 (79.4)&lt;/td&gt;
            &lt;td align=&quot;right&quot; valign=&quot;top&quot; rowspan=&quot;1&quot; colspan=&quot;1&quot;&gt;289 (79.2)&lt;/td&gt;
          &lt;/tr&gt;
          &lt;tr&gt;
            &lt;td align=&quot;left&quot; valign=&quot;top&quot; rowspan=&quot;1&quot; colspan=&quot;1&quot;&gt; Currently smokes every day*&lt;/td&gt;
            &lt;td align=&quot;right&quot; valign=&quot;top&quot; rowspan=&quot;1&quot; colspan=&quot;1&quot;&gt;44 (24.3)&lt;/td&gt;
            &lt;td align=&quot;right&quot; valign=&quot;top&quot; rowspan=&quot;1&quot; colspan=&quot;1&quot;&gt;29 (15.9)&lt;/td&gt;
            &lt;td align=&quot;right&quot; valign=&quot;top&quot; rowspan=&quot;1&quot; colspan=&quot;1&quot;&gt;73 (20.1)&lt;/td&gt;
          &lt;/tr&gt;
          &lt;tr&gt;
            &lt;td align=&quot;left&quot; valign=&quot;top&quot; rowspan=&quot;1&quot; colspan=&quot;1&quot;&gt; Ever had Pap test&lt;/td&gt;
            &lt;td align=&quot;right&quot; valign=&quot;top&quot; rowspan=&quot;1&quot; colspan=&quot;1&quot;&gt;159 (87.9)&lt;/td&gt;
            &lt;td align=&quot;right&quot; valign=&quot;top&quot; rowspan=&quot;1&quot; colspan=&quot;1&quot;&gt;165 (89.7)&lt;/td&gt;
            &lt;td align=&quot;right&quot; valign=&quot;top&quot; rowspan=&quot;1&quot; colspan=&quot;1&quot;&gt;324 (88.8)&lt;/td&gt;
          &lt;/tr&gt;
          &lt;tr&gt;
            &lt;td align=&quot;left&quot; valign=&quot;top&quot; rowspan=&quot;1&quot; colspan=&quot;1&quot;&gt; Ever had HPV test&lt;/td&gt;
            &lt;td align=&quot;right&quot; valign=&quot;top&quot; rowspan=&quot;1&quot; colspan=&quot;1&quot;&gt;64 (35.4)&lt;/td&gt;
            &lt;td align=&quot;right&quot; valign=&quot;top&quot; rowspan=&quot;1&quot; colspan=&quot;1&quot;&gt;68 (37.0)&lt;/td&gt;
            &lt;td align=&quot;right&quot; valign=&quot;top&quot; rowspan=&quot;1&quot; colspan=&quot;1&quot;&gt;132 (36.2)&lt;/td&gt;
          &lt;/tr&gt;
        &lt;/tbody&gt;
      &lt;/table&gt;
</infon><offset>16844</offset><text>Characteristic	Gain-Framed (n=181)	Loss-Framed (n=184)	Total (n=365)	 	Age (years)				 	  21–29	27 (14.9)	21 (11.4)	48 (13.2)	 	  30–39	67 (37.0)	78 (42.4)	145 (39.7)	 	  40–49	58 (32.0)	55 (29.9)	113 (31.0)	 	  50–59	21 (11.6)	26 (14.1)	47 (12.9)	 	  60–65	8 (4.4)	4 (2.2)	12 (3.3)	 	Race/Ethnicity				 	  Asian	10 (5.5)	12 (6.5)	22 (6.0)	 	  Hispanic/Latina/Latinx	7 (3.9)	11 (6.0)	18 (4.9)	 	  Non-Hispanic Black	18 (9.9)	16 (8.7)	34 (9.3)	 	  Non-Hispanic White	135 (74.6)	135 (73.4)	270 (74.0)	 	  Multiracial/Other	11 (6.1)	10 (5.4)	21 (5.6)	 	Gender Identity				 	  Female	173 (95.6)	180 (97.8)	353 (96.7)	 	  Other Gender	8 (4.4)	4 (2.2)	12 (3.3)	 	Sexual Identity				 	 Heterosexual	162 (90.0)	154 (86.7)	316 (86.8)	 	 Bisexual	15 (8.3)	18 (9.8)	33 (9.1)	 	 Lesbian, Gay, or Queer	1 (0.6)	7 (3.8)	8 (2.2)	 	 Other/Prefer Not to Say	2 (1.1)	5 (2.7)	7 (1.9)	 	Education				 	 High School	26 (14.4)	18 (9.8)	44 (12.1)	 	 Some College	34 (18.8)	42 (22.8)	76 (20.8)	 	 Associate’s Degree	32 (17.7)	30 (16.3)	62 (17.0)	 	 Bachelor’s Degree	71 (39.2)	74 (40.2)	145 (39.7)	 	 Graduate Degree	18 (9.9)	20 (10.9)	38 (10.4)	 	Annual Income ($)				 	 &lt; 30,000	33 (18.2)	40 (21.7)	73 (20.0)	 	 30,000–49,999	42 (23.2)	46 (25.0)	88 (24.1)	 	 50,000–99,999	77 (42.5)	69 (37.5)	146 (40.0)	 	 ≥100,000	29 (16.0)	29 (15.8)	58 (15.9)	 	Health Insurance				 	 Private	138 (76.2)	113 (61.4)	251 (68.8)	 	 Public/Medicare/Veteran	27 (14.9)	43 (23.3)	70 (19.2)	 	 Uninsured	16 (8.8)	28 (15.2)	44 (12.1)	 	Place of Residence				 	 Large City	51 (28.2)	52 (28.3)	103 (28.2)	 	 Suburban	63 (34.8)	65 (35.3)	128 (35.1)	 	 Small City/Town	46 (25.4)	48 (26.1)	94 (25.8)	 	 Rural	21 (11.6)	19 (10.3)	40 (11.0)	 	Health History (% yes)				 	 Routine check-up in past 2yrs	143 (79.0)	146 (79.4)	289 (79.2)	 	 Currently smokes every day*	44 (24.3)	29 (15.9)	73 (20.1)	 	 Ever had Pap test	159 (87.9)	165 (89.7)	324 (88.8)	 	 Ever had HPV test	64 (35.4)	68 (37.0)	132 (36.2)	 	</text></passage><passage><infon key="file">T1.xml</infon><infon key="id">T1</infon><infon key="section_type">TABLE</infon><infon key="type">table_footnote</infon><offset>18913</offset><text>Note. All percentages may not total to 100% due to missingness. No statistically significant (p&lt;0.05) differences by frame except for current smoking status (indicated by asterisk).</text></passage><passage><infon key="file">T2.xml</infon><infon key="id">T2</infon><infon key="section_type">TABLE</infon><infon key="type">table_caption</infon><offset>19095</offset><text>Effect of Messaging on Women’s Screening Intentions, Beliefs, and Knowledge related to Primary HPV Testing for Routine Cervical Cancer Screening (n=365)</text></passage><passage><infon key="file">T2.xml</infon><infon key="id">T2</infon><infon key="section_type">TABLE</infon><infon key="type">table</infon><infon key="xml">&lt;?xml version=&quot;1.0&quot; encoding=&quot;UTF-8&quot;?&gt;
&lt;table frame=&quot;box&quot; rules=&quot;all&quot;&gt;
        &lt;colgroup span=&quot;1&quot;&gt;
          &lt;col align=&quot;left&quot; valign=&quot;middle&quot; span=&quot;1&quot;/&gt;
          &lt;col align=&quot;left&quot; valign=&quot;middle&quot; span=&quot;1&quot;/&gt;
          &lt;col align=&quot;left&quot; valign=&quot;middle&quot; span=&quot;1&quot;/&gt;
          &lt;col align=&quot;left&quot; valign=&quot;middle&quot; span=&quot;1&quot;/&gt;
          &lt;col align=&quot;left&quot; valign=&quot;middle&quot; span=&quot;1&quot;/&gt;
          &lt;col align=&quot;left&quot; valign=&quot;middle&quot; span=&quot;1&quot;/&gt;
        &lt;/colgroup&gt;
        &lt;thead&gt;
          &lt;tr&gt;
            &lt;th align=&quot;left&quot; valign=&quot;top&quot; rowspan=&quot;1&quot; colspan=&quot;1&quot;/&gt;
            &lt;th colspan=&quot;2&quot; align=&quot;center&quot; valign=&quot;bottom&quot; rowspan=&quot;1&quot;&gt;Pretest&lt;break/&gt;n(%)&lt;/th&gt;
            &lt;th colspan=&quot;2&quot; align=&quot;center&quot; valign=&quot;middle&quot; rowspan=&quot;1&quot;&gt;Posttest&lt;break/&gt;n(%)&lt;/th&gt;
            &lt;th align=&quot;center&quot; valign=&quot;bottom&quot; rowspan=&quot;1&quot; colspan=&quot;1&quot;&gt;aOR&lt;xref rid=&quot;TFN2&quot; ref-type=&quot;table-fn&quot;&gt;*&lt;/xref&gt;&lt;break/&gt;(95% CI)&lt;/th&gt;
          &lt;/tr&gt;
        &lt;/thead&gt;
        &lt;tbody&gt;
          &lt;tr&gt;
            &lt;td align=&quot;left&quot; valign=&quot;top&quot; rowspan=&quot;1&quot; colspan=&quot;1&quot;/&gt;
            &lt;td align=&quot;center&quot; valign=&quot;bottom&quot; rowspan=&quot;1&quot; colspan=&quot;1&quot;&gt;Gain-Framed&lt;break/&gt;n=181&lt;/td&gt;
            &lt;td align=&quot;center&quot; valign=&quot;bottom&quot; rowspan=&quot;1&quot; colspan=&quot;1&quot;&gt;Loss-Framed&lt;break/&gt;n=184&lt;/td&gt;
            &lt;td align=&quot;center&quot; valign=&quot;bottom&quot; rowspan=&quot;1&quot; colspan=&quot;1&quot;&gt;Gain-Framed&lt;break/&gt;n=181&lt;/td&gt;
            &lt;td align=&quot;center&quot; valign=&quot;bottom&quot; rowspan=&quot;1&quot; colspan=&quot;1&quot;&gt;Loss-Framed&lt;break/&gt;n=184&lt;/td&gt;
            &lt;td align=&quot;center&quot; valign=&quot;bottom&quot; rowspan=&quot;1&quot; colspan=&quot;1&quot;&gt;Posttest difference&lt;/td&gt;
          &lt;/tr&gt;
          &lt;tr&gt;
            &lt;td align=&quot;left&quot; valign=&quot;top&quot; rowspan=&quot;1&quot; colspan=&quot;1&quot;&gt;
&lt;bold&gt;Screening Intention&lt;/bold&gt;
&lt;/td&gt;
            &lt;td align=&quot;right&quot; valign=&quot;bottom&quot; rowspan=&quot;1&quot; colspan=&quot;1&quot;/&gt;
            &lt;td align=&quot;right&quot; valign=&quot;bottom&quot; rowspan=&quot;1&quot; colspan=&quot;1&quot;/&gt;
            &lt;td align=&quot;right&quot; valign=&quot;bottom&quot; rowspan=&quot;1&quot; colspan=&quot;1&quot;/&gt;
            &lt;td align=&quot;right&quot; valign=&quot;bottom&quot; rowspan=&quot;1&quot; colspan=&quot;1&quot;/&gt;
            &lt;td align=&quot;right&quot; valign=&quot;middle&quot; rowspan=&quot;1&quot; colspan=&quot;1&quot;/&gt;
          &lt;/tr&gt;
          &lt;tr&gt;
            &lt;td align=&quot;left&quot; valign=&quot;top&quot; rowspan=&quot;1&quot; colspan=&quot;1&quot;&gt;HPV testing intention (% Yes)&lt;/td&gt;
            &lt;td align=&quot;right&quot; valign=&quot;bottom&quot; rowspan=&quot;1&quot; colspan=&quot;1&quot;&gt;42 (23.2)&lt;/td&gt;
            &lt;td align=&quot;right&quot; valign=&quot;bottom&quot; rowspan=&quot;1&quot; colspan=&quot;1&quot;&gt;43 (23.4)&lt;/td&gt;
            &lt;td align=&quot;right&quot; valign=&quot;bottom&quot; rowspan=&quot;1&quot; colspan=&quot;1&quot;&gt;73 (40.3)&lt;/td&gt;
            &lt;td align=&quot;right&quot; valign=&quot;bottom&quot; rowspan=&quot;1&quot; colspan=&quot;1&quot;&gt;68 (37.0)&lt;/td&gt;
            &lt;td align=&quot;right&quot; valign=&quot;bottom&quot; rowspan=&quot;1&quot; colspan=&quot;1&quot;&gt;2.4 (1.6, 3.5)&lt;/td&gt;
          &lt;/tr&gt;
          &lt;tr&gt;
            &lt;td align=&quot;left&quot; valign=&quot;top&quot; rowspan=&quot;1&quot; colspan=&quot;1&quot;&gt;
&lt;bold&gt;Screening Beliefs&lt;/bold&gt;
&lt;/td&gt;
            &lt;td align=&quot;right&quot; valign=&quot;bottom&quot; rowspan=&quot;1&quot; colspan=&quot;1&quot;/&gt;
            &lt;td align=&quot;right&quot; valign=&quot;bottom&quot; rowspan=&quot;1&quot; colspan=&quot;1&quot;/&gt;
            &lt;td align=&quot;right&quot; valign=&quot;bottom&quot; rowspan=&quot;1&quot; colspan=&quot;1&quot;/&gt;
            &lt;td align=&quot;right&quot; valign=&quot;bottom&quot; rowspan=&quot;1&quot; colspan=&quot;1&quot;/&gt;
            &lt;td align=&quot;right&quot; valign=&quot;bottom&quot; rowspan=&quot;1&quot; colspan=&quot;1&quot;/&gt;
          &lt;/tr&gt;
          &lt;tr&gt;
            &lt;td align=&quot;left&quot; valign=&quot;top&quot; rowspan=&quot;1&quot; colspan=&quot;1&quot;&gt;Screening preference (% HPV test only)&lt;/td&gt;
            &lt;td align=&quot;right&quot; valign=&quot;bottom&quot; rowspan=&quot;1&quot; colspan=&quot;1&quot;&gt;6 (3.31)&lt;/td&gt;
            &lt;td align=&quot;right&quot; valign=&quot;bottom&quot; rowspan=&quot;1&quot; colspan=&quot;1&quot;&gt;7 (3.8)&lt;/td&gt;
            &lt;td align=&quot;right&quot; valign=&quot;bottom&quot; rowspan=&quot;1&quot; colspan=&quot;1&quot;&gt;16 (8.8)&lt;/td&gt;
            &lt;td align=&quot;right&quot; valign=&quot;bottom&quot; rowspan=&quot;1&quot; colspan=&quot;1&quot;&gt;20 (10.9)&lt;/td&gt;
            &lt;td align=&quot;right&quot; valign=&quot;bottom&quot; rowspan=&quot;1&quot; colspan=&quot;1&quot;&gt;3.2 (1.2, 8.5)&lt;/td&gt;
          &lt;/tr&gt;
          &lt;tr&gt;
            &lt;td align=&quot;left&quot; valign=&quot;top&quot; rowspan=&quot;1&quot; colspan=&quot;1&quot;&gt;Effectiveness of HPV testing (% Pretty/Very Successful)&lt;/td&gt;
            &lt;td align=&quot;right&quot; valign=&quot;bottom&quot; rowspan=&quot;1&quot; colspan=&quot;1&quot;&gt;89 (49.2)&lt;/td&gt;
            &lt;td align=&quot;right&quot; valign=&quot;bottom&quot; rowspan=&quot;1&quot; colspan=&quot;1&quot;&gt;88 (47.8)&lt;/td&gt;
            &lt;td align=&quot;right&quot; valign=&quot;bottom&quot; rowspan=&quot;1&quot; colspan=&quot;1&quot;&gt;146 (80.7)&lt;/td&gt;
            &lt;td align=&quot;right&quot; valign=&quot;bottom&quot; rowspan=&quot;1&quot; colspan=&quot;1&quot;&gt;142 (77.2)&lt;/td&gt;
            &lt;td align=&quot;right&quot; valign=&quot;bottom&quot; rowspan=&quot;1&quot; colspan=&quot;1&quot;&gt;4.3 (2.8, 6.5)&lt;/td&gt;
          &lt;/tr&gt;
          &lt;tr&gt;
            &lt;td align=&quot;left&quot; valign=&quot;top&quot; rowspan=&quot;1&quot; colspan=&quot;1&quot;&gt;Likelihood of undergoing primary HPV testing, if recommended by provider (% Likely/Very Likely)&lt;/td&gt;
            &lt;td align=&quot;right&quot; valign=&quot;bottom&quot; rowspan=&quot;1&quot; colspan=&quot;1&quot;&gt;131 (72.4)&lt;/td&gt;
            &lt;td align=&quot;right&quot; valign=&quot;bottom&quot; rowspan=&quot;1&quot; colspan=&quot;1&quot;&gt;120 (65.2)&lt;/td&gt;
            &lt;td align=&quot;right&quot; valign=&quot;bottom&quot; rowspan=&quot;1&quot; colspan=&quot;1&quot;&gt;122 (67.4)&lt;/td&gt;
            &lt;td align=&quot;right&quot; valign=&quot;bottom&quot; rowspan=&quot;1&quot; colspan=&quot;1&quot;&gt;122 (66.3)&lt;/td&gt;
            &lt;td align=&quot;right&quot; valign=&quot;bottom&quot; rowspan=&quot;1&quot; colspan=&quot;1&quot;&gt;0.8 (0.6, 1.1)&lt;/td&gt;
          &lt;/tr&gt;
          &lt;tr&gt;
            &lt;td align=&quot;left&quot; valign=&quot;top&quot; rowspan=&quot;1&quot; colspan=&quot;1&quot;&gt;Concerned about not having a Pap test (% Moderate/Much concern)&lt;/td&gt;
            &lt;td align=&quot;right&quot; valign=&quot;bottom&quot; rowspan=&quot;1&quot; colspan=&quot;1&quot;&gt;55 (30.4)&lt;/td&gt;
            &lt;td align=&quot;right&quot; valign=&quot;bottom&quot; rowspan=&quot;1&quot; colspan=&quot;1&quot;&gt;68 (37.0)&lt;/td&gt;
            &lt;td align=&quot;right&quot; valign=&quot;bottom&quot; rowspan=&quot;1&quot; colspan=&quot;1&quot;&gt;52 (28.7)&lt;/td&gt;
            &lt;td align=&quot;right&quot; valign=&quot;bottom&quot; rowspan=&quot;1&quot; colspan=&quot;1&quot;&gt;50 (27.2)&lt;/td&gt;
            &lt;td align=&quot;right&quot; valign=&quot;bottom&quot; rowspan=&quot;1&quot; colspan=&quot;1&quot;&gt;0.8 (0.6, 1.2)&lt;/td&gt;
          &lt;/tr&gt;
          &lt;tr&gt;
            &lt;td align=&quot;left&quot; valign=&quot;bottom&quot; rowspan=&quot;1&quot; colspan=&quot;1&quot;&gt;
&lt;bold&gt;Screening Knowledge&lt;/bold&gt;
&lt;/td&gt;
            &lt;td align=&quot;right&quot; valign=&quot;bottom&quot; rowspan=&quot;1&quot; colspan=&quot;1&quot;/&gt;
            &lt;td align=&quot;right&quot; valign=&quot;bottom&quot; rowspan=&quot;1&quot; colspan=&quot;1&quot;/&gt;
            &lt;td align=&quot;right&quot; valign=&quot;bottom&quot; rowspan=&quot;1&quot; colspan=&quot;1&quot;/&gt;
            &lt;td align=&quot;right&quot; valign=&quot;bottom&quot; rowspan=&quot;1&quot; colspan=&quot;1&quot;/&gt;
            &lt;td align=&quot;right&quot; valign=&quot;bottom&quot; rowspan=&quot;1&quot; colspan=&quot;1&quot;/&gt;
          &lt;/tr&gt;
          &lt;tr&gt;
            &lt;td align=&quot;left&quot; valign=&quot;bottom&quot; rowspan=&quot;1&quot; colspan=&quot;1&quot;&gt;How often is a female your age recommended to be screened for cervical cancer if tested using Pap smear alone? (% Correct: Every 3 yrs)&lt;/td&gt;
            &lt;td align=&quot;right&quot; valign=&quot;bottom&quot; rowspan=&quot;1&quot; colspan=&quot;1&quot;&gt;35 (19.3)&lt;/td&gt;
            &lt;td align=&quot;right&quot; valign=&quot;bottom&quot; rowspan=&quot;1&quot; colspan=&quot;1&quot;&gt;38 (20.7)&lt;/td&gt;
            &lt;td align=&quot;right&quot; valign=&quot;bottom&quot; rowspan=&quot;1&quot; colspan=&quot;1&quot;&gt;157 (86.7)&lt;/td&gt;
            &lt;td align=&quot;right&quot; valign=&quot;bottom&quot; rowspan=&quot;1&quot; colspan=&quot;1&quot;&gt;156 (84.8)&lt;/td&gt;
            &lt;td align=&quot;right&quot; valign=&quot;bottom&quot; rowspan=&quot;1&quot; colspan=&quot;1&quot;&gt;33.9 (18.8, 61.2)&lt;/td&gt;
          &lt;/tr&gt;
          &lt;tr&gt;
            &lt;td align=&quot;left&quot; valign=&quot;bottom&quot; rowspan=&quot;1&quot; colspan=&quot;1&quot;&gt;How often is a female your age recommended to be screened for cervical cancer if tested using Pap smear and HPV testing at the same time? (% Correct: Every 5 yrs)&lt;/td&gt;
            &lt;td align=&quot;right&quot; valign=&quot;bottom&quot; rowspan=&quot;1&quot; colspan=&quot;1&quot;&gt;15 (8.3)&lt;/td&gt;
            &lt;td align=&quot;right&quot; valign=&quot;bottom&quot; rowspan=&quot;1&quot; colspan=&quot;1&quot;&gt;19 (10.3)&lt;/td&gt;
            &lt;td align=&quot;right&quot; valign=&quot;bottom&quot; rowspan=&quot;1&quot; colspan=&quot;1&quot;&gt;106 (58.6)&lt;/td&gt;
            &lt;td align=&quot;right&quot; valign=&quot;bottom&quot; rowspan=&quot;1&quot; colspan=&quot;1&quot;&gt;122 (66.3)&lt;/td&gt;
            &lt;td align=&quot;right&quot; valign=&quot;bottom&quot; rowspan=&quot;1&quot; colspan=&quot;1&quot;&gt;19.6 (10.6, 36.5)&lt;/td&gt;
          &lt;/tr&gt;
          &lt;tr&gt;
            &lt;td align=&quot;left&quot; valign=&quot;bottom&quot; rowspan=&quot;1&quot; colspan=&quot;1&quot;&gt;How often is a female your age recommended to be screened for cervical cancer if tested using HPV testing alone? (% Correct: Every 5 yrs)&lt;/td&gt;
            &lt;td align=&quot;right&quot; valign=&quot;bottom&quot; rowspan=&quot;1&quot; colspan=&quot;1&quot;&gt;12 (6.6)&lt;/td&gt;
            &lt;td align=&quot;right&quot; valign=&quot;bottom&quot; rowspan=&quot;1&quot; colspan=&quot;1&quot;&gt;17 (9.2)&lt;/td&gt;
            &lt;td align=&quot;right&quot; valign=&quot;bottom&quot; rowspan=&quot;1&quot; colspan=&quot;1&quot;&gt;106 (58.6)&lt;/td&gt;
            &lt;td align=&quot;right&quot; valign=&quot;bottom&quot; rowspan=&quot;1&quot; colspan=&quot;1&quot;&gt;125 (67.9)&lt;/td&gt;
            &lt;td align=&quot;right&quot; valign=&quot;bottom&quot; rowspan=&quot;1&quot; colspan=&quot;1&quot;&gt;24.7 (12.2, 50.2)&lt;/td&gt;
          &lt;/tr&gt;
          &lt;tr&gt;
            &lt;td align=&quot;left&quot; valign=&quot;bottom&quot; rowspan=&quot;1&quot; colspan=&quot;1&quot;&gt;At what age are most females recommended to stop being screening for cervical cancer? (% Correct: Age 65)&lt;/td&gt;
            &lt;td align=&quot;right&quot; valign=&quot;bottom&quot; rowspan=&quot;1&quot; colspan=&quot;1&quot;&gt;46 (25.4)&lt;/td&gt;
            &lt;td align=&quot;right&quot; valign=&quot;bottom&quot; rowspan=&quot;1&quot; colspan=&quot;1&quot;&gt;48 (26.1)&lt;/td&gt;
            &lt;td align=&quot;right&quot; valign=&quot;bottom&quot; rowspan=&quot;1&quot; colspan=&quot;1&quot;&gt;169 (93.4)&lt;/td&gt;
            &lt;td align=&quot;right&quot; valign=&quot;bottom&quot; rowspan=&quot;1&quot; colspan=&quot;1&quot;&gt;173 (94.0)&lt;/td&gt;
            &lt;td align=&quot;right&quot; valign=&quot;bottom&quot; rowspan=&quot;1&quot; colspan=&quot;1&quot;&gt;45.6 (22.9, 90.8)&lt;/td&gt;
          &lt;/tr&gt;
          &lt;tr&gt;
            &lt;td align=&quot;left&quot; valign=&quot;bottom&quot; rowspan=&quot;1&quot; colspan=&quot;1&quot;&gt;Females should get screened for cervical cancer only if they have symptoms. (% Correct: False)&lt;/td&gt;
            &lt;td align=&quot;right&quot; valign=&quot;bottom&quot; rowspan=&quot;1&quot; colspan=&quot;1&quot;&gt;169 (93.4)&lt;/td&gt;
            &lt;td align=&quot;right&quot; valign=&quot;bottom&quot; rowspan=&quot;1&quot; colspan=&quot;1&quot;&gt;166 (90.2)&lt;/td&gt;
            &lt;td align=&quot;right&quot; valign=&quot;bottom&quot; rowspan=&quot;1&quot; colspan=&quot;1&quot;&gt;172 (95.0)&lt;/td&gt;
            &lt;td align=&quot;right&quot; valign=&quot;bottom&quot; rowspan=&quot;1&quot; colspan=&quot;1&quot;&gt;176 (95.7)&lt;/td&gt;
            &lt;td align=&quot;right&quot; valign=&quot;bottom&quot; rowspan=&quot;1&quot; colspan=&quot;1&quot;&gt;1.1 (0.7, 1.8)&lt;/td&gt;
          &lt;/tr&gt;
          &lt;tr&gt;
            &lt;td align=&quot;left&quot; valign=&quot;bottom&quot; rowspan=&quot;1&quot; colspan=&quot;1&quot;&gt;Screening tests can help prevent cervical cancer. (% Correct: True)&lt;/td&gt;
            &lt;td align=&quot;right&quot; valign=&quot;bottom&quot; rowspan=&quot;1&quot; colspan=&quot;1&quot;&gt;118 (65.2)&lt;/td&gt;
            &lt;td align=&quot;right&quot; valign=&quot;bottom&quot; rowspan=&quot;1&quot; colspan=&quot;1&quot;&gt;141 (76.6)&lt;/td&gt;
            &lt;td align=&quot;right&quot; valign=&quot;bottom&quot; rowspan=&quot;1&quot; colspan=&quot;1&quot;&gt;142 (78.5)&lt;/td&gt;
            &lt;td align=&quot;right&quot; valign=&quot;bottom&quot; rowspan=&quot;1&quot; colspan=&quot;1&quot;&gt;146 (79.4)&lt;/td&gt;
            &lt;td align=&quot;right&quot; valign=&quot;bottom&quot; rowspan=&quot;1&quot; colspan=&quot;1&quot;&gt;1.9 (1.3, 2.8)&lt;/td&gt;
          &lt;/tr&gt;
          &lt;tr&gt;
            &lt;td align=&quot;left&quot; valign=&quot;bottom&quot; rowspan=&quot;1&quot; colspan=&quot;1&quot;&gt;There is no treatment for cervical cancer. (% Correct: False)&lt;/td&gt;
            &lt;td align=&quot;right&quot; valign=&quot;bottom&quot; rowspan=&quot;1&quot; colspan=&quot;1&quot;&gt;154 (85.1)&lt;/td&gt;
            &lt;td align=&quot;right&quot; valign=&quot;bottom&quot; rowspan=&quot;1&quot; colspan=&quot;1&quot;&gt;152 (82.6)&lt;/td&gt;
            &lt;td align=&quot;right&quot; valign=&quot;bottom&quot; rowspan=&quot;1&quot; colspan=&quot;1&quot;&gt;165 (91.2)&lt;/td&gt;
            &lt;td align=&quot;right&quot; valign=&quot;bottom&quot; rowspan=&quot;1&quot; colspan=&quot;1&quot;&gt;166 (90.2)&lt;/td&gt;
            &lt;td align=&quot;right&quot; valign=&quot;bottom&quot; rowspan=&quot;1&quot; colspan=&quot;1&quot;&gt;1.8 (1.0, 3.3)&lt;/td&gt;
          &lt;/tr&gt;
          &lt;tr&gt;
            &lt;td align=&quot;left&quot; valign=&quot;bottom&quot; rowspan=&quot;1&quot; colspan=&quot;1&quot;&gt;HPV causes cervical cancer. (% Correct: True)&lt;/td&gt;
            &lt;td align=&quot;right&quot; valign=&quot;bottom&quot; rowspan=&quot;1&quot; colspan=&quot;1&quot;&gt;132 (72.9)&lt;/td&gt;
            &lt;td align=&quot;right&quot; valign=&quot;bottom&quot; rowspan=&quot;1&quot; colspan=&quot;1&quot;&gt;132 (71.7)&lt;/td&gt;
            &lt;td align=&quot;right&quot; valign=&quot;bottom&quot; rowspan=&quot;1&quot; colspan=&quot;1&quot;&gt;148 (81.8)&lt;/td&gt;
            &lt;td align=&quot;right&quot; valign=&quot;bottom&quot; rowspan=&quot;1&quot; colspan=&quot;1&quot;&gt;151 (82.1)&lt;/td&gt;
            &lt;td align=&quot;right&quot; valign=&quot;bottom&quot; rowspan=&quot;1&quot; colspan=&quot;1&quot;&gt;1.7 (1.2, 2.4)&lt;/td&gt;
          &lt;/tr&gt;
          &lt;tr&gt;
            &lt;td align=&quot;left&quot; valign=&quot;bottom&quot; rowspan=&quot;1&quot; colspan=&quot;1&quot;&gt;HPV can cause abnormal Pap smears. (% Correct: True)&lt;/td&gt;
            &lt;td align=&quot;right&quot; valign=&quot;bottom&quot; rowspan=&quot;1&quot; colspan=&quot;1&quot;&gt;122 (67.4)&lt;/td&gt;
            &lt;td align=&quot;right&quot; valign=&quot;bottom&quot; rowspan=&quot;1&quot; colspan=&quot;1&quot;&gt;128 (69.6)&lt;/td&gt;
            &lt;td align=&quot;right&quot; valign=&quot;bottom&quot; rowspan=&quot;1&quot; colspan=&quot;1&quot;&gt;131 (72.4)&lt;/td&gt;
            &lt;td align=&quot;right&quot; valign=&quot;bottom&quot; rowspan=&quot;1&quot; colspan=&quot;1&quot;&gt;146 (79.4)&lt;/td&gt;
            &lt;td align=&quot;right&quot; valign=&quot;bottom&quot; rowspan=&quot;1&quot; colspan=&quot;1&quot;&gt;1.2 (0.8, 1.7)&lt;/td&gt;
          &lt;/tr&gt;
          &lt;tr&gt;
            &lt;td align=&quot;left&quot; valign=&quot;bottom&quot; rowspan=&quot;1&quot; colspan=&quot;1&quot;&gt;Pap smears look for changes on your cervix that indicate you are at risk for cancer. (% Correct: True)&lt;/td&gt;
            &lt;td align=&quot;right&quot; valign=&quot;bottom&quot; rowspan=&quot;1&quot; colspan=&quot;1&quot;&gt;148 (81.8)&lt;/td&gt;
            &lt;td align=&quot;right&quot; valign=&quot;bottom&quot; rowspan=&quot;1&quot; colspan=&quot;1&quot;&gt;155 (84.2)&lt;/td&gt;
            &lt;td align=&quot;right&quot; valign=&quot;bottom&quot; rowspan=&quot;1&quot; colspan=&quot;1&quot;&gt;169 (93.4)&lt;/td&gt;
            &lt;td align=&quot;right&quot; valign=&quot;bottom&quot; rowspan=&quot;1&quot; colspan=&quot;1&quot;&gt;170 (92.4)&lt;/td&gt;
            &lt;td align=&quot;right&quot; valign=&quot;bottom&quot; rowspan=&quot;1&quot; colspan=&quot;1&quot;&gt;3.1 (1.7, 5.6)&lt;/td&gt;
          &lt;/tr&gt;
        &lt;/tbody&gt;
      &lt;/table&gt;
</infon><offset>19250</offset><text>	Pretestn(%)	Posttestn(%)	aOR*(95% CI)	 		Gain-Framedn=181	Loss-Framedn=184	Gain-Framedn=181	Loss-Framedn=184	Posttest difference	 	Screening Intention						 	HPV testing intention (% Yes)	42 (23.2)	43 (23.4)	73 (40.3)	68 (37.0)	2.4 (1.6, 3.5)	 	Screening Beliefs						 	Screening preference (% HPV test only)	6 (3.31)	7 (3.8)	16 (8.8)	20 (10.9)	3.2 (1.2, 8.5)	 	Effectiveness of HPV testing (% Pretty/Very Successful)	89 (49.2)	88 (47.8)	146 (80.7)	142 (77.2)	4.3 (2.8, 6.5)	 	Likelihood of undergoing primary HPV testing, if recommended by provider (% Likely/Very Likely)	131 (72.4)	120 (65.2)	122 (67.4)	122 (66.3)	0.8 (0.6, 1.1)	 	Concerned about not having a Pap test (% Moderate/Much concern)	55 (30.4)	68 (37.0)	52 (28.7)	50 (27.2)	0.8 (0.6, 1.2)	 	Screening Knowledge						 	How often is a female your age recommended to be screened for cervical cancer if tested using Pap smear alone? (% Correct: Every 3 yrs)	35 (19.3)	38 (20.7)	157 (86.7)	156 (84.8)	33.9 (18.8, 61.2)	 	How often is a female your age recommended to be screened for cervical cancer if tested using Pap smear and HPV testing at the same time? (% Correct: Every 5 yrs)	15 (8.3)	19 (10.3)	106 (58.6)	122 (66.3)	19.6 (10.6, 36.5)	 	How often is a female your age recommended to be screened for cervical cancer if tested using HPV testing alone? (% Correct: Every 5 yrs)	12 (6.6)	17 (9.2)	106 (58.6)	125 (67.9)	24.7 (12.2, 50.2)	 	At what age are most females recommended to stop being screening for cervical cancer? (% Correct: Age 65)	46 (25.4)	48 (26.1)	169 (93.4)	173 (94.0)	45.6 (22.9, 90.8)	 	Females should get screened for cervical cancer only if they have symptoms. (% Correct: False)	169 (93.4)	166 (90.2)	172 (95.0)	176 (95.7)	1.1 (0.7, 1.8)	 	Screening tests can help prevent cervical cancer. (% Correct: True)	118 (65.2)	141 (76.6)	142 (78.5)	146 (79.4)	1.9 (1.3, 2.8)	 	There is no treatment for cervical cancer. (% Correct: False)	154 (85.1)	152 (82.6)	165 (91.2)	166 (90.2)	1.8 (1.0, 3.3)	 	HPV causes cervical cancer. (% Correct: True)	132 (72.9)	132 (71.7)	148 (81.8)	151 (82.1)	1.7 (1.2, 2.4)	 	HPV can cause abnormal Pap smears. (% Correct: True)	122 (67.4)	128 (69.6)	131 (72.4)	146 (79.4)	1.2 (0.8, 1.7)	 	Pap smears look for changes on your cervix that indicate you are at risk for cancer. (% Correct: True)	148 (81.8)	155 (84.2)	169 (93.4)	170 (92.4)	3.1 (1.7, 5.6)	 	</text></passage><passage><infon key="file">T2.xml</infon><infon key="id">T2</infon><infon key="section_type">TABLE</infon><infon key="type">table_footnote</infon><offset>21615</offset><text>Each GEE model assesses the adjusted odds of the average outcome at posttest in reference to average outcome at pretest and includes an interaction term for the frame. All models accounted for age, education, race, and repeated measures.</text></passage><passage><infon key="section_type">REF</infon><infon key="type">title_caption</infon><offset>21853</offset><text>Prevention Relevance:</text></passage><passage><infon key="section_type">REF</infon><infon key="type">paragraph</infon><offset>21875</offset><text>Primary HPV tests are more sensitive and offer greater reassurance than Pap tests alone yet use for routine cervical cancer screening remains low. Brief public health messaging can positively impact awareness, knowledge, and screening intention regarding primary HPV testing. Messaging campaigns paired with other strategies can increase uptake across populations.</text></passage></document></collection>
