<?xml version="1.0" encoding="UTF-8"?>
<!DOCTYPE collection SYSTEM "BioC.dtd">
<collection><source>PMC</source><date>20210507</date><key>pmc.key</key><document><id>8057548</id><infon key="license">CC BY-NC</infon><passage><infon key="article-id_doi">10.1136/bmjopen-2020-044310</infon><infon key="article-id_pmc">8057548</infon><infon key="article-id_pmid">33875443</infon><infon key="article-id_publisher-id">bmjopen-2020-044310</infon><infon key="elocation-id">e044310</infon><infon key="issue">4</infon><infon key="kwd">quality in healthcare obstetrics risk management ergonomics</infon><infon key="license">This is an open access article distributed in accordance with the Creative Commons Attribution Non Commercial (CC BY-NC 4.0) license, which permits others to distribute, remix, adapt, build upon this work non-commercially, and license their derivative works on different terms, provided the original work is properly cited, appropriate credit is given, any changes made indicated, and the use is non-commercial. See: http://creativecommons.org/licenses/by-nc/4.0/.</infon><infon key="name_0">surname:Woodward;given-names:Matthew</infon><infon key="name_1">surname:Ansari;given-names:Akbar</infon><infon key="name_2">surname:Draycott;given-names:Tim</infon><infon key="name_3">surname:Winter;given-names:Cathy</infon><infon key="name_4">surname:Marjanovic;given-names:Sonja</infon><infon key="name_5">surname:Dixon-Woods;given-names:Mary</infon><infon key="section_type">TITLE</infon><infon key="type">front</infon><infon key="volume">11</infon><infon key="year">2021</infon><offset>0</offset><text>Characterising and describing postpartum haemorrhage emergency kits in context: a protocol for a mixed-methods study</text></passage><passage><infon key="section_type">ABSTRACT</infon><infon key="type">abstract_title_1</infon><offset>117</offset><text>Introduction</text></passage><passage><infon key="section_type">ABSTRACT</infon><infon key="type">abstract</infon><offset>130</offset><text>Postpartum haemorrhage (PPH) is an obstetric emergency requiring prompt and accurate response. PPH emergency kits containing equipment and medications can facilitate this kind of intervention, but their design and contents vary, potentially introducing risk of confusion or delay. Designs may be suboptimal, and relying on localised kit contents may result in supply chain costs, increased waste and missed opportunities for economies of scale. This study aims to characterise contextual influences on current practice in relation to PPH kits and to describe the range of kits currently employed in UK maternity units.</text></passage><passage><infon key="section_type">ABSTRACT</infon><infon key="type">abstract_title_1</infon><offset>749</offset><text>Methods and analysis</text></passage><passage><infon key="section_type">ABSTRACT</infon><infon key="type">abstract</infon><offset>770</offset><text>This mixed-methods study comprises two phases. The first will use field observations and semistructured interviews to research PPH kits in a small number (3–5) of maternity units that will be selected to represent diversity. Analysis will be conducted both using an established human factors and ergonomics framework and using the constant comparative method for qualitative data analysis. The second phase will use a research and development platform (Thiscovery) to conduct a crowdsourced photography-based audit of PPH kits currently in use in the UK. Participants will tag images to indicate which objects have been photographed. Quantitative analysis will report the frequency of inclusion of each item in kits and the content differences between kit and unit types. All maternity units in the UK will be invited to take part, with additional targeted recruitment strategies used, if necessary, to ensure that the final sample includes different maternity unit types, sizes and PPH kit types. Study results will inform future work to develop consensus on effective PPH kit designs.</text></passage><passage><infon key="section_type">ABSTRACT</infon><infon key="type">abstract_title_1</infon><offset>1859</offset><text>Ethics and dissemination</text></passage><passage><infon key="section_type">ABSTRACT</infon><infon key="type">abstract</infon><offset>1884</offset><text>Approval has been received from the UK Health Research Authority (project ID 274147). Study results will be reported through the research institute’s website, presented at conferences and published in peer-reviewed journals.</text></passage><passage><infon key="section_type">INTRO</infon><infon key="type">title_caption</infon><offset>2111</offset><text>Strengths and limitations of this study</text></passage><passage><infon key="section_type">INTRO</infon><infon key="type">paragraph</infon><offset>2151</offset><text>Field observations from the perspectives of human factors and ergonomics, and social science research will be used to investigate contextual influences on postpartum haemorrhage (PPH) kit use.</text></passage><passage><infon key="section_type">INTRO</infon><infon key="type">paragraph</infon><offset>2344</offset><text>For ethical reasons, PPH emergencies will not be observed directly, thereby potentially limiting insight into real-life use of kits.</text></passage><passage><infon key="section_type">INTRO</infon><infon key="type">paragraph</infon><offset>2477</offset><text>Transferability of findings from field observations may be limited by the small sample size.</text></passage><passage><infon key="section_type">INTRO</infon><infon key="type">paragraph</infon><offset>2570</offset><text>Crowdsourcing photography methods will offer an innovative and potentially engaging means of auditing the types and contents of PPH emergency kits in the UK for the first time.</text></passage><passage><infon key="section_type">INTRO</infon><infon key="type">paragraph</infon><offset>2747</offset><text>There is a risk of some sampling bias associated with the audit as participation is voluntary and may be affected by the characteristics of maternity units.</text></passage><passage><infon key="section_type">INTRO</infon><infon key="type">title_1</infon><offset>2904</offset><text>Introduction</text></passage><passage><infon key="section_type">INTRO</infon><infon key="type">paragraph</infon><offset>2917</offset><text>Postpartum haemorrhage (PPH) is an obstetric emergency responsible for 100 000 maternal deaths worldwide, with the majority of these in low/middle-income countries. The incidence of major PPH (more than 1000 mL of blood) is rising in high-income countries, now complicating 1.2% of births. Most maternal deaths related to PPH in healthcare settings can be avoided through effective clinical management. This involves prompt initiation of several simultaneous actions, including uterine massage, intravenous fluid resuscitation and administration of medication (uterotonics to contract the uterus and tranexamic acid to treat major haemorrhage).</text></passage><passage><infon key="section_type">INTRO</infon><infon key="type">paragraph</infon><offset>3566</offset><text>Treatment delay is highly consequential for outcome: deaths from PPH peak at 2–3 hours after childbirth. Thus, for example, although tranexamic acid (an antifibrinolytic) improves survival, it must be given early—within 3 hours. Every 15 min of delay reduces the survival benefit by about 10%. It is therefore important that healthcare professionals are able to mobilise quickly, use evidence-based practice and have ready access to the appropriate supplies. But even in high-income countries, the equipment and other resources needed to manage a PPH are not always reliably available in an accessible form at the time of emergency.</text></passage><passage><infon key="section_type">INTRO</infon><infon key="type">title_2</infon><offset>4209</offset><text>PPH kits</text></passage><passage><infon key="section_type">INTRO</infon><infon key="type">paragraph</infon><offset>4218</offset><text>One solution, based on principles from ergonomics, is that PPH kits that collate all medicines, supplies and instruments needed for the immediate response to a PPH should be readily available as soon as an emergency occurs. The advantage of a preassembled kit is that time is not wasted searching for, and retrieving, individual items, allowing the response team to focus on clinical tasks. Where obstetric emergency kits have been introduced, they have been associated with improvements in outcomes in hospital-based maternity care, and where deployed as part of training programmes, reductions in maternal mortality of 34% have been reported.</text></passage><passage><infon key="section_type">INTRO</infon><infon key="type">paragraph</infon><offset>4863</offset><text>An emergency kit may include cannulation equipment and intravenous fluids for administering infusions, blood bottles for transfusion requests, a urinary catheter and medications. However, there is currently no standard design for kits or their contents: they may take the form of a PPH box, a dedicated PPH trolley/cart, specific drawers inside a general maternity emergency trolley and a variety of other forms. The various kits are packed in different ways and the contents vary, for example, some include medicines, whereas others do not. Some kits incorporate a treatment algorithm to guide the clinical team in the steps required to manage the emergency, including medication dosages and a documentation pro forma, but these are not ubiquitous or standard.</text></passage><passage><infon key="section_type">INTRO</infon><infon key="type">paragraph</infon><offset>5625</offset><text>In the UK, the design and contents of the kits are currently agreed locally at individual maternity unit level, and they tend to vary from one unit to the next. This kind of variation is likely to impose a learning overhead as professionals move between maternity units and introduces the possibility of error, confusion or lost time as staff attempt to find and use resources in an emergency situation where they are unfamiliar with local practice. There also is a risk that some emergency kits, or the supply chains needed to ensure their functionality and availability, may be suboptimal because local teams do not typically have access to specialist design and ergonomics expertise. Given these challenges, a recent World Health Organization-led systematic review of supply kits for antenatal and childbirth care recommended further research in this area.</text></passage><passage><infon key="section_type">INTRO</infon><infon key="type">title_2</infon><offset>6485</offset><text>Standardisation and its challenges</text></passage><passage><infon key="section_type">INTRO</infon><infon key="type">paragraph</infon><offset>6520</offset><text>One response might be to seek standardisation of PPH kits, which would be in line with some current thinking about how to address many of the challenges facing quality and safety in healthcare. Broadly defined, standards are specifications of rules, guidelines or characteristics for designing products or carrying out activities. Standardisation has a promising role in reducing error, removing unnecessary variation and reducing uncertainty in clinical interactions. Standardisation reduces complexity and helps unambiguous, routine actions to be taken and, when well designed, allows flexibility to deliver the best care for the woman and her partner. But healthcare remains characterised by often highly localised development of processes and procedures and subsequent maintenance through inertia and deimplementation barriers. There are few well-established examples of large-scale standardisation of important everyday, low-tech objects, such as PPH kits.</text></passage><passage><infon key="section_type">INTRO</infon><infon key="type">paragraph</infon><offset>7482</offset><text>Attempts to standardise are often challenging. Standards are defined and implemented through complex sociotechnical processes requiring multiple kinds of purposeful effort during development, implementation and maintenance stages. The challenges mean that sometimes interventions and solutions are left up to local innovation when they should be standardised, or at a minimum harmonised, across the National Health Service (NHS). But imposed, top-down solutions are no panacea either. Standards are not implemented in a vacuum; they need to fit into an ecology of pre-existing systems, norms, behaviours and established practices, and multiple networks of stakeholders and specific constraints.</text></passage><passage><infon key="section_type">INTRO</infon><infon key="type">paragraph</infon><offset>8177</offset><text>Imposing top-down standardisation without sensitivity to heterogeneity of practice and local work system interactions is unlikely to be well-received or sustainable. For instance, some variability in the design and contents of PPH kits may be linked to local context, including the size and type of unit. Improvement efforts that propose standardisation should therefore be based on a sound analysis of work systems and context of use. Localised designs may be understood as an organic development in response to the environment, and understanding these environments can offer valuable insights into design constraints (eg, local configurations of physical space and workforce) that are crucial to performance and safety. Analysis of how these factors interact in daily practice lays the foundation for informed design.</text></passage><passage><infon key="section_type">INTRO</infon><infon key="type">title_2</infon><offset>8997</offset><text>Understanding current practice</text></passage><passage><infon key="section_type">INTRO</infon><infon key="type">paragraph</infon><offset>9028</offset><text>The discipline of human factors and ergonomics (HFE) studies the interaction between people and their work environment. One of its core tenets is that any intervention effort should first invest resource in understanding how tasks are conducted in practice, in contrast to how they are documented or prescribed. Bringing a non-clinical ‘outside’ view to give voice and support to the ‘inside’ reality of work might be of particular value in delineating where differences between prescription and practice are found. Another principle of HFE is that of developing solutions in partnership with the end-users. Documented procedures provide a starting point for describing a task, but it is the adaptions and workarounds that reveal what makes a task-equipment combination ‘work’ across a range of scenarios. Detailed analysis of work systems using HFE methods is therefore likely to be of benefit.</text></passage><passage><infon key="section_type">INTRO</infon><infon key="type">paragraph</infon><offset>9936</offset><text>A second important and complementary methodological approach to understanding work systems involves the use of qualitative techniques drawn from the social sciences, specifically observations and interviews. These methods can be used to access people’s points of view and can allow for an exploration of the normative, cultural and organisational features that can influence a work system, including how social relations are mediated and produced through everyday objects and technologies. In addition, it draws on literature that highlights how standardisation can be very much about relationships, values and judgements.</text></passage><passage><infon key="section_type">INTRO</infon><infon key="type">paragraph</infon><offset>10561</offset><text>This kind of detailed work at unit level can yield deep insights into the nature of work systems and the influences on them, but understanding of practice at scale is also needed. Audit-based methods offer an efficient means of describing what is happening in a large number of units. However, traditional forms of data input (eg, surveys requiring structured responses or text) are not well suited to scenarios where the requirement is to gain a visual understanding of a piece of equipment or kit, and where solely text-based descriptions would be tedious to complete or prone to error.</text></passage><passage><infon key="section_type">INTRO</infon><infon key="type">title_2</infon><offset>11150</offset><text>Crowdsourcing</text></passage><passage><infon key="section_type">INTRO</infon><infon key="type">paragraph</infon><offset>11164</offset><text>Crowdsourcing, using large numbers of people to help gather, process or interpret data, is rapidly becoming established as a potentially effective, efficient and engaging way of conducting research and audit. Crowds can provide large volumes of data covering many geographical locations, rendering what may otherwise be daunting or expensive exercises more efficient and feasible. As an added benefit, such approaches can promote dialogue between researchers and citizens, which can help members of the public become more involved in research and make research more democratic.</text></passage><passage><infon key="section_type">INTRO</infon><infon key="type">paragraph</infon><offset>11742</offset><text>Crowdsourcing has now been used in a range of academic disciplines. Photographs have particular value in such projects. In the social sciences, images have been used as a way of collecting data for a number of years and are increasingly a feature of health research. The emergence of smartphones has provided new opportunities to use participant-driven photography in innovative ways, though it is important to ensure that data are of the required quality. This may be achieved, for example, by developing a clear understanding of the user’s task steps, providing instructions and training on how to collect the data and use the upload platform, and automated input into photo labelling. It is also important to ensure that data are sourced from a sufficient range of sites rather than a limited number, as has happened in previous studies.</text></passage><passage><infon key="section_type">INTRO</infon><infon key="type">title_2</infon><offset>12585</offset><text>Aim</text></passage><passage><infon key="section_type">INTRO</infon><infon key="type">paragraph</infon><offset>12589</offset><text>The aim of this study is twofold:</text></passage><passage><infon key="section_type">INTRO</infon><infon key="type">paragraph</infon><offset>12623</offset><text>Characterise the contextual influences on current practice in relation to PPH emergency kits.</text></passage><passage><infon key="section_type">INTRO</infon><infon key="type">paragraph</infon><offset>12717</offset><text>Comprehensively map the current range of PPH kits and contents currently in use across UK maternity units using photography-based audit.</text></passage><passage><infon key="section_type">METHODS</infon><infon key="type">title_1</infon><offset>12854</offset><text>Methods and analysis</text></passage><passage><infon key="section_type">METHODS</infon><infon key="type">paragraph</infon><offset>12875</offset><text>The study will be conducted in two phases: the first will combine the use of human factors and qualitative methods in a small number of units to characterise work systems and contextual influences relevant to PPH kit use; the second will use crowdsourcing methods to audit and describe the range of kits currently in use. The phases will run in sequence, the first phase followed by the second (figure 1).</text></passage><passage><infon key="file">bmjopen-2020-044310f01.jpg</infon><infon key="id">F1</infon><infon key="section_type">FIG</infon><infon key="type">fig_caption</infon><offset>13281</offset><text>Study overview, dates and associated methods. HFE, human factors and ergonomics; PPH, postpartum haemorrhage.</text></passage><passage><infon key="section_type">METHODS</infon><infon key="type">title_2</infon><offset>13391</offset><text>Patient and public involvement</text></passage><passage><infon key="section_type">METHODS</infon><infon key="type">paragraph</infon><offset>13422</offset><text>The study will be supported by a multidisciplinary Expert Collaborative Group (ECG), which will include representation from women who have experienced PPH and their partners, as well as NHS staff and researchers. The role of the ECG will be to provide advice as the study progresses and to ensure that all stakeholder perspectives are considered.</text></passage><passage><infon key="section_type">METHODS</infon><infon key="type">title_2</infon><offset>13769</offset><text>Phase I: work systems and contextual influences</text></passage><passage><infon key="section_type">METHODS</infon><infon key="type">title_3</infon><offset>13817</offset><text>Data collection</text></passage><passage><infon key="section_type">METHODS</infon><infon key="type">paragraph</infon><offset>13833</offset><text>We will conduct field observations and semistructured interviews with healthcare professionals in three to five maternity units in England. Two researchers, a social scientist and a human factors engineer, will collect data over a period of 2–4 days in each unit (either together or at different times). Observations will be made over 8-hour periods during day and night shifts.</text></passage><passage><infon key="section_type">METHODS</infon><infon key="type">paragraph</infon><offset>14216</offset><text>The field observations will be undertaken to collect data about the social, organisational and technical features of using, packing, checking and restocking PPH kits. Participants will be asked to walk through a PPH emergency response and access the kit items as they are required. This will involve moving around the workspace, indicating storage locations, and unpacking and restocking items. When doing this, the researchers will check with staff in real time about entering any clinical areas to ensure it is appropriate and acceptable at that moment. Observations will be recorded in a notebook in the form of brief anonymised field notes; at the end of each fieldwork day, researchers will have the option of dictating and recording their notes in full using an encrypted voice recorder for later transcription or writing them up manually.</text></passage><passage><infon key="section_type">METHODS</infon><infon key="type">paragraph</infon><offset>15062</offset><text>A pro forma will be used by the human factors engineer to survey the work system based on the Systems Engineering Initiative for Patient Safety (SEIPS) model, which offers a well-established framework that makes explicit the interaction between five work system components in healthcare settings: person(s), task, tools and technology, organisation and environment. This pro forma (see online supplemental material 1) will be used to document the interaction between the different SEIPS components, particularly the tasks associated with PPH kits. Observations by the social scientist will explore how the routines of checking and stocking the kits are shaped by role expectations and social norms.</text></passage><passage><infon key="section_type">METHODS</infon><infon key="type">paragraph</infon><offset>15761</offset><text>We will also identify system components that might be relevant to data collection in phase II to inform, for example, the development of audit instructions. These will include the technology available (eg, Wi-Fi network coverage), environmental factors (eg, light levels) and organisational constraints (eg, work time available for such activity, policy on mobile phone use and photography in clinical areas).</text></passage><passage><infon key="section_type">METHODS</infon><infon key="type">paragraph</infon><offset>16171</offset><text>During each site visit, we will conduct around 4 interviews of around 45 min each with staff who use or have responsibility for PPH kits, meaning that up to 20 interviews will be conducted across the study (3–5 sites). Purposive sampling will be used so that at least one participant per site will be a clinician with experience in using the PPH kit for clinical care and at least one participant per site will be a person responsible for checking, packing and/or restocking the kit. We will use the principle of ‘information power’, which, to determine the final size of the sample, assesses the variety of experiences and views, and examines sample specificity, use of established theory, quality of dialogue and analysis strategy in light of the goals of the study.</text></passage><passage><infon key="section_type">METHODS</infon><infon key="type">paragraph</infon><offset>16948</offset><text>Each participant will be interviewed either by the social scientist or by the human factors engineer. The social scientist’s interviews will be centred on the emotional, ethical, cultural and organisational factors; the human factors engineer will be focused on technical aspects that influence the use of PPH kits. Two interview guides of around 15 questions each have been developed from the experience of hospital fieldwork and reviewed by the clinical co-investigators and the principal investigator. The guides include questions on clinical practice, for example, ‘Do you always conduct the task with respect to the PPH emergency kit in the same way? How and why does the task vary?’ and on organisational influences, for example, ‘Can you think of a time when you have changed practices and/or equipment with regard to managing PPH? Why did the change happen?’ All interviews will be audio-recorded on an encrypted voice recorder (with the participant’s consent), transcribed verbatim and anonymised. Supporting documentation (eg, PPH kit checklists) will be requested as required.</text></passage><passage><infon key="section_type">METHODS</infon><infon key="type">title_3</infon><offset>18048</offset><text>Study setting</text></passage><passage><infon key="section_type">METHODS</infon><infon key="type">paragraph</infon><offset>18062</offset><text>The study setting will be maternity units in England. A minimum of three and a maximum of five maternity units will be included in phase I. They will be selected purposively based on unit size (eg, large, medium, small) and the design of their PPH kit (eg, box, trolley). We will include an example of a free-standing midwifery unit in which the unit is separate from an obstetric unit. The objective of this sampling strategy is to look for diverse examples of system-level factors that influence the design and contents of PPH Kits.</text></passage><passage><infon key="section_type">METHODS</infon><infon key="type">paragraph</infon><offset>18597</offset><text>We will conduct the same research activities in each participating site in phase I. In each site, we will identify a local collaborator, who will be an individual in a relevant senior position. This individual will be our main point of contact during the setting up of the study (eg, obtaining local permissions to run the study) and will be a conduit for informing staff about the study, identifying participants and providing study information.</text></passage><passage><infon key="section_type">METHODS</infon><infon key="type">title_3</infon><offset>19044</offset><text>Data analysis</text></passage><passage><infon key="section_type">METHODS</infon><infon key="type">paragraph</infon><offset>19058</offset><text>Data analysis will run alongside ongoing fieldwork and will be conducted in two stages. In the first stage of analysis, the social scientist and the human factors engineer will adopt different but complementary approaches. The human factors engineer’s analysis will be conducted from a sociotechnical systems perspective, which describes the interactions and variations between person, task, equipment and environment using task analyses as a basis; the SEIPS framework will be used to structure the analysis. Observations will be subcategorised under the framework’s five headings, with a sensitivity to factors that are task enablers or barriers. Using a matrix, the interactions between primary enablers, barriers and other components will be summarised.</text></passage><passage><infon key="section_type">METHODS</infon><infon key="type">paragraph</infon><offset>19820</offset><text>The social scientist’s analysis will be based on the constant comparative method. The social scientist will start by closely engaging with the data collected in each maternity unit to produce a situated account of the processes, values, social interactions and meanings that appeared to be linked with the practice of employing PPH kits. Data will be compared across contexts to identify motives for their differences and similarities and will draw on concepts from the sociology of work.</text></passage><passage><infon key="section_type">METHODS</infon><infon key="type">paragraph</infon><offset>20311</offset><text>To provide a comprehensive account of practice, the two researchers will combine their analyses. Attention will be paid to the overlap between the technical account of task conduct and the social influences. The output will be a set of cases that illustrate and describe the systems found in different maternity units.</text></passage><passage><infon key="section_type">METHODS</infon><infon key="type">title_2</infon><offset>20630</offset><text>Phase II: using crowdsourcing methods to audit current practices in relation to PPH kits</text></passage><passage><infon key="section_type">METHODS</infon><infon key="type">title_3</infon><offset>20719</offset><text>Data collection</text></passage><passage><infon key="section_type">METHODS</infon><infon key="type">paragraph</infon><offset>20735</offset><text>We will invite staff from UK NHS maternity units to provide information on the design and contents of PPH kits in their units using photographs. One advantage of this method is that photographs can provide details relevant to design, such as layouts and relative sizes, that a written list of objects would not offer. By using a novel data collection technique, the study also seeks to generate interest and engagement, and thus increase participation.</text></passage><passage><infon key="section_type">METHODS</infon><infon key="type">paragraph</infon><offset>21188</offset><text>An online platform called Thiscovery, which has been developed by The Healthcare Improvement Studies Institute at the University of Cambridge, will be used for data collection. First, participants will be asked to provide unit details to include unit name, type and size. Then, participants will be asked to complete four steps to (1) unpack the local PPH emergency kit, (2) photograph the design, layout and contents of the kit, (3) upload the photographs and (4) tag (label) the photographs to clarify their content.</text></passage><passage><infon key="section_type">METHODS</infon><infon key="type">paragraph</infon><offset>21707</offset><text>It is important that this method is as straightforward and user-friendly as possible, placing a low time burden on participants and avoiding the need for specialised training. Thus, a user-centred design approach will be applied to develop the research activities in parallel with the platform. In practice, this means three principles from HFE will be applied:</text></passage><passage><infon key="section_type">METHODS</infon><infon key="type">paragraph</infon><offset>22069</offset><text>An explicit understanding of the photo collection activity will be central to design.</text></passage><passage><infon key="section_type">METHODS</infon><infon key="type">paragraph</infon><offset>22155</offset><text>The context of the work system will be considered with respect to enablers and barriers.</text></passage><passage><infon key="section_type">METHODS</infon><infon key="type">paragraph</infon><offset>22244</offset><text>End-users will be engaged throughout an iterative development process.</text></passage><passage><infon key="section_type">METHODS</infon><infon key="type">paragraph</infon><offset>22315</offset><text>To follow the first principle, a task analysis will be developed to explicitly describe the sequence of actions required, the interaction with technology and confirmatory feedback required. In addition to supporting platform development, this analysis will underpin the writing of clear user instructions, such as providing examples of good versus poor data collection practice. For the second principle, potential failure points will be assessed, and a pilot study will be conducted with the objectives of assuring both platform usability and task feasibility using the proposed online instructions. This will be conducted initially in the research institute and then in a small number of maternity sites involved in phase I. Consistent with the third principle, the ECG, which will include end-users, will be engaged to advise on the research process, review content (for example activity instructions) and provide domain-specific expertise.</text></passage><passage><infon key="section_type">METHODS</infon><infon key="type">title_3</infon><offset>23259</offset><text>Study setting</text></passage><passage><infon key="section_type">METHODS</infon><infon key="type">paragraph</infon><offset>23273</offset><text>All maternity units across the UK will be eligible for involvement using a convenience sample in which each unit self-selects inclusion. The 2019 National Maternity and Perinatal Audit reports 288 maternity sites in the UK: 218 in England, 34 in Scotland, 25 in Wales and 11 in Northern Ireland. The majority of these comprise an obstetric unit co-located with an alongside midwifery unit, though others are free-standing midwifery or obstetric units. We will invite all maternity units in the UK to take part, with a minimum target of 58. This response level provides a reasonable degree of representativeness of item inclusion (margin of error &lt;12%). We will track the responses as the study proceeds to ensure that we are achieving a diverse sample (with respect to unit size, type and PPH kit form) and will increase recruitment effort for under-represented unit profiles as required.</text></passage><passage><infon key="section_type">METHODS</infon><infon key="type">paragraph</infon><offset>24162</offset><text>Sites will be recruited by emailing invitations to participate to lead midwives in each maternity unit. We anticipate recruiting one or two individuals per unit to undertake this activity, for example, local Practice Development Midwives. A brief project overview and participant information sheet will be sent together with a link to the Thiscovery platform. A communications campaign will be conducted, for example, through collaborations to be established with bodies such as the Royal College of Midwives, the Royal College of Obstetricians and Gynaecologists and the Obstetric Anaesthetists’ Association.</text></passage><passage><infon key="section_type">METHODS</infon><infon key="type">title_3</infon><offset>24774</offset><text>Data analysis</text></passage><passage><infon key="section_type">METHODS</infon><infon key="type">paragraph</infon><offset>24788</offset><text>Initially, we will review photo quality and the completeness of photo tags, from which a summary will be compiled indicating the proportion of missing or ambiguous tags. Where there are omissions or potential errors in labelling, the ECG will be engaged to apply their knowledge to complete omissions where possible to do so. A second stage of analysis will describe and quantify the different forms of kit, the proportion of kits that are accompanied by the PPH algorithm, the proportion of kits in which a particular item is found and the number of items in each kit.</text></passage><passage><infon key="section_type">METHODS</infon><infon key="type">paragraph</infon><offset>25358</offset><text>The analysis of kit contents will establish the key ways that the contents are organised within boxes/trolleys (eg, into compartments, trays). Further analysis will draw out the relative co-occurrence of items in different stages/compartments/panels of the kit to inform a potential future design process (eg, if tape and cannulas are frequently co-located, this might be indicative of a possible benefit in doing so). Using the task analysis as a reference, judgements of how closely the grouping of items matches the task sequence and requirements will be made. With input from the ECG, examples of good versus suboptimal organisation will be produced.</text></passage><passage><infon key="section_type">METHODS</infon><infon key="type">paragraph</infon><offset>26013</offset><text>It is anticipated that unit-level variables may be associated with differences in PPH kit design and contents. For example, larger units may be more likely to use trolleys and may include a greater quantity of each item in the kit. The χ2 test will be used to test for differences in item inclusion across three predictor variables: unit size, unit type and kit form, and descriptive statistics will be used to visually represent the distribution of the quantities of kit contents.</text></passage><passage><infon key="section_type">METHODS</infon><infon key="type">title_1</infon><offset>26497</offset><text>Ethics and dissemination</text></passage><passage><infon key="section_type">METHODS</infon><infon key="type">paragraph</infon><offset>26522</offset><text>The first phase of this study has received ethics approval from the UK Health Research Authority and the North West Haydock Research Ethics Committee (project ID 274147).</text></passage><passage><infon key="section_type">METHODS</infon><infon key="type">paragraph</infon><offset>26693</offset><text>The principal ethical concerns for this study are in phase I, where there is need to maintain the confidentiality of staff participants and assure privacy and respect for women in maternity units. We will ensure staff, women and partners are informed about the project using information sheets and posters and we will obtain verbal permission to observe. The lead fieldwork researcher has considerable experience of conducting observations in hospital settings, and the team will be sensitive to the needs and wishes of staff and women. The researchers will spend time alongside members of maternity staff and will not enter areas such as labour rooms when clinical treatments are being provided. They will only enter such areas with the permission of women and staff, and when it is appropriate to do so. Field notes will not include the names of the observed participants or any other personally identifiable information. Obstetric emergencies will not be observed directly to protect the privacy of women: the focus will be on the routines for packing, checking and preparation of emergency kits.</text></passage><passage><infon key="section_type">METHODS</infon><infon key="type">paragraph</infon><offset>27793</offset><text>We will obtain informed verbal and written consent for all recorded interviews. Where recorded interviews are planned, participants will receive, at the earliest possible opportunity, written information about what the study involves, what would be requested in terms of their participation, and what precautions will be taken to ensure the anonymisation of digital recordings and transcripts. All participants will have the opportunity to ask questions about the study directly to the researcher.</text></passage><passage><infon key="section_type">METHODS</infon><infon key="type">paragraph</infon><offset>28291</offset><text>For the second phase, which does not require researcher presence on hospital sites, appropriate ethical approval will be sought if deemed necessary (current assessment suggests that it falls on the boundary of service evaluation and research according to the Health Research Authority definitions). The subject of the photographs will be equipment, but there is a small risk that identifying information relating to individuals might inadvertently be included in an image. This risk will be minimised by providing clear instructions about the scope of task and asking participants to check whether the content is appropriate at the point of upload. Should any identifying information be photographed and uploaded, it will be redacted from the image.</text></passage><passage><infon key="section_type">METHODS</infon><infon key="type">paragraph</infon><offset>29041</offset><text>On registration with Thiscovery, participants will be asked to agree to the privacy statement and the terms and conditions specific to the platform if they wish to proceed. They will be required to provide contact information: their name and their email address which will be stored on the Thiscovery database. Following submission, the research data (the photos and tags) will be disassociated from the personally identifiable data and handled separately from the database.</text></passage><passage><infon key="section_type">METHODS</infon><infon key="type">paragraph</infon><offset>29516</offset><text>The academic study results will be presented at conferences, reported through the research institute’s website and published in peer-reviewed journals. A communications strategy will be prepared to ensure maximum impact, including implementation of study findings. Social media will be used to generate awareness of the study’s output. A brief for practitioners, written using accessible language, will be produced to include the methods, salient findings and recommendations. Stakeholder engagement (eg, with royal colleges, professional associations and policy-makers) will be used to gain support for the recommendations and facilitate uptake.</text></passage><passage><infon key="section_type">SUPPL</infon><infon key="type">title_1</infon><offset>30167</offset><text>Supplementary Material</text></passage><passage><infon key="section_type">SUPPL</infon><infon key="type">footnote</infon><offset>30190</offset><text>Contributors: MD-W, TD, CW, MW and AA conceived the idea for the study. MW, AA, SM and MD-W wrote the protocol with review from TD and CW. MW wrote the paper with input from AA and MDW. All authors approved the submitted version of the paper.</text></passage><passage><infon key="section_type">SUPPL</infon><infon key="type">footnote</infon><offset>30433</offset><text>Funding: This project was supported by Health Foundation’s grant (RHZF/001-RG88620) to the University of Cambridge for The Healthcare Improvement Studies (THIS) Institute. THIS Institute is supported by the Health Foundation—an independent charity committed to bringing about better health and healthcare for people in the UK.</text></passage><passage><infon key="section_type">SUPPL</infon><infon key="type">footnote</infon><offset>30764</offset><text>Competing interests: TD is a paid speaker for Ferring Pharmaceuticals and Royal College of Obstetricians and Gynaecologists.</text></passage><passage><infon key="section_type">SUPPL</infon><infon key="type">footnote</infon><offset>30889</offset><text>Provenance and peer review: Not commissioned; externally peer reviewed.</text></passage><passage><infon key="section_type">SUPPL</infon><infon key="type">footnote</infon><offset>30961</offset><text>Supplemental material: This content has been supplied by the author(s). It has not been vetted by BMJ Publishing Group Limited (BMJ) and may not have been peer-reviewed. Any opinions or recommendations discussed are solely those of the author(s) and are not endorsed by BMJ. BMJ disclaims all liability and responsibility arising from any reliance placed on the content. Where the content includes any translated material, BMJ does not warrant the accuracy and reliability of the translations (including but not limited to local regulations, clinical guidelines, terminology, drug names and drug dosages), and is not responsible for any error and/or omissions arising from translation and adaptation or otherwise.</text></passage><passage><infon key="section_type">REF</infon><infon key="type">title</infon><offset>31675</offset><text>References</text></passage><passage><infon key="fpage">e323</infon><infon key="lpage">33</infon><infon key="pub-id_doi">10.1016/S2214-109X(14)70227-X</infon><infon key="pub-id_pmid">25103301</infon><infon key="section_type">REF</infon><infon key="source">Lancet Glob Health</infon><infon key="type">ref</infon><infon key="volume">2</infon><infon key="year">2014</infon><offset>31686</offset><text>Global causes of maternal death: a WHO systematic analysis</text></passage><passage><infon key="fpage">853</infon><infon key="lpage">62</infon><infon key="pub-id_doi">10.1111/1471-0528.12149</infon><infon key="pub-id_pmid">23464351</infon><infon key="section_type">REF</infon><infon key="source">BJOG</infon><infon key="type">ref</infon><infon key="volume">120</infon><infon key="year">2013</infon><offset>31745</offset><text>Epidemiological investigation of a temporal increase in atonic postpartum haemorrhage: a population-based retrospective cohort study</text></passage><passage><infon key="fpage">1104</infon><infon key="lpage">10</infon><infon key="pub-id_doi">10.1111/aogs.12950</infon><infon key="pub-id_pmid">27460955</infon><infon key="section_type">REF</infon><infon key="source">Acta Obstet Gynecol Scand</infon><infon key="type">ref</infon><infon key="volume">95</infon><infon key="year">2016</infon><offset>31878</offset><text>Increasing incidence of postpartum hemorrhage: the Dutch piece of the puzzle</text></passage><passage><infon key="fpage">125</infon><infon key="lpage">32</infon><infon key="pub-id_doi">10.1016/S0140-6736(17)32455-8</infon><infon key="section_type">REF</infon><infon key="source">The Lancet</infon><infon key="type">ref</infon><infon key="volume">391</infon><infon key="year">2018</infon><offset>31955</offset><text>Effect of treatment delay on the effectiveness and safety of antifibrinolytics in acute severe haemorrhage: a meta-analysis of individual patient-level data from 40 138 bleeding patients</text></passage><passage><infon key="fpage">2105</infon><infon key="lpage">16</infon><infon key="pub-id_doi">10.1016/S0140-6736(17)30638-4</infon><infon key="pub-id_pmid">28456509</infon><infon key="section_type">REF</infon><infon key="source">Lancet</infon><infon key="type">ref</infon><infon key="volume">389</infon><infon key="year">2017</infon><offset>32144</offset><text>Effect of early tranexamic acid administration on mortality, hysterectomy, and other morbidities in women with post-partum haemorrhage (woman): an international, randomised, double-blind, placebo-controlled trial</text></passage><passage><infon key="fpage">5</infon><infon key="lpage">13</infon><infon key="pub-id_doi">10.1111/1471-0528.12636</infon><infon key="pub-id_pmid">24641530</infon><infon key="section_type">REF</infon><infon key="source">BJOG</infon><infon key="type">ref</infon><infon key="volume">121 Suppl 1</infon><infon key="year">2014</infon><offset>32357</offset><text>Postpartum haemorrhage management, risks, and maternal outcomes: findings from the world Health organization multicountry survey on maternal and newborn health</text></passage><passage><infon key="fpage">26</infon><infon key="lpage">30</infon><infon key="pub-id_doi">10.12968/bjom.2000.8.1.8195</infon><infon key="section_type">REF</infon><infon key="source">British Journal of Midwifery</infon><infon key="type">ref</infon><infon key="volume">8</infon><infon key="year">2000</infon><offset>32517</offset><text>The development of an eclampsia box and fire drill</text></passage><passage><infon key="section_type">REF</infon><infon key="type">ref</infon><infon key="year">2018</infon><offset>32568</offset><text>Prompt implementation reduces maternal, neonatal mortality Quezon City: Republic of the Philippines</text></passage><passage><infon key="fpage">347</infon><infon key="lpage">51</infon><infon key="pub-id_doi">10.2471/BLT.14.145532</infon><infon key="pub-id_pmid">26229206</infon><infon key="section_type">REF</infon><infon key="source">Bull World Health Organ</infon><infon key="type">ref</infon><infon key="volume">93</infon><infon key="year">2015</infon><offset>32668</offset><text>Onsite training of doctors, midwives and nurses in obstetric emergencies, Zimbabwe</text></passage><passage><infon key="fpage">l5514</infon><infon key="pub-id_doi">10.1136/bmj.l5514</infon><infon key="pub-id_pmid">31575526</infon><infon key="section_type">REF</infon><infon key="source">BMJ</infon><infon key="type">ref</infon><infon key="volume">367</infon><infon key="year">2019</infon><offset>32751</offset><text>How to improve healthcare improvement-an essay by Mary Dixon-Woods</text></passage><passage><infon key="fpage">540</infon><infon key="lpage">13</infon><infon key="pub-id_doi">10.1186/s12978-017-0436-9</infon><infon key="section_type">REF</infon><infon key="source">Reprod Health</infon><infon key="type">ref</infon><infon key="volume">14</infon><infon key="year">2017</infon><offset>32818</offset><text>Supply kits for antenatal and childbirth care: a systematic review</text></passage><passage><infon key="fpage">89</infon><infon key="lpage">94</infon><infon key="pub-id_doi">10.1007/s10111-014-0299-6</infon><infon key="pub-id_pmid">25667566</infon><infon key="section_type">REF</infon><infon key="source">Cogn Technol Work</infon><infon key="type">ref</infon><infon key="volume">17</infon><infon key="year">2015</infon><offset>32885</offset><text>Standardisation and its discontents</text></passage><passage><infon key="fpage">245</infon><infon key="lpage">68</infon><infon key="section_type">REF</infon><infon key="source">Error reduction in health care: a systems approach to improving patient care</infon><infon key="type">ref</infon><infon key="year">2011</infon><offset>32921</offset></passage><passage><infon key="fpage">76</infon><infon key="section_type">REF</infon><infon key="source">Standardization and related activities — General vocabulary</infon><infon key="type">ref</infon><infon key="year">2004</infon><offset>32922</offset></passage><passage><infon key="fpage">217</infon><infon key="lpage">44</infon><infon key="section_type">REF</infon><infon key="source">Error reduction in health care: a systems approach to improving patient safety</infon><infon key="type">ref</infon><infon key="year">2011</infon><offset>32923</offset></passage><passage><infon key="fpage">A14</infon><infon key="lpage">15</infon><infon key="pub-id_doi">10.1016/j.resuscitation.2017.03.025</infon><infon key="pub-id_pmid">28341349</infon><infon key="section_type">REF</infon><infon key="source">Resuscitation</infon><infon key="type">ref</infon><infon key="volume">115</infon><infon key="year">2017</infon><offset>32924</offset><text>Implementing a standard internal telephone number 2222 for cardiac arrest calls in all hospitals in Europe</text></passage><passage><infon key="fpage">5</infon><infon key="lpage">14</infon><infon key="pub-id_doi">10.1016/S1549-3741(04)30001-8</infon><infon key="pub-id_pmid">14738031</infon><infon key="section_type">REF</infon><infon key="source">Jt Comm J Qual Saf</infon><infon key="type">ref</infon><infon key="volume">30</infon><infon key="year">2004</infon><offset>33031</offset><text>Standardization as a mechanism to improve safety in health care</text></passage><passage><infon key="elocation-id">e25</infon><infon key="pub-id_doi">10.1016/j.resuscitation.2016.05.011</infon><infon key="pub-id_pmid">27241331</infon><infon key="section_type">REF</infon><infon key="source">Resuscitation</infon><infon key="type">ref</infon><infon key="volume">105</infon><infon key="year">2016</infon><offset>33095</offset><text>Establishing a standard 'Cardiac Arrest Call' telephone number for all hospitals in Europe-2222</text></passage><passage><infon key="fpage">423</infon><infon key="lpage">7</infon><infon key="pub-id_doi">10.1111/imj.12668</infon><infon key="pub-id_pmid">25827509</infon><infon key="section_type">REF</infon><infon key="source">Intern Med J</infon><infon key="type">ref</infon><infon key="volume">45</infon><infon key="year">2015</infon><offset>33191</offset><text>Overview of shorthand medical glossary (OMG) study</text></passage><passage><infon key="fpage">69</infon><infon key="lpage">89</infon><infon key="pub-id_doi">10.1146/annurev.soc.012809.102629</infon><infon key="section_type">REF</infon><infon key="source">Annu Rev Sociol</infon><infon key="type">ref</infon><infon key="volume">36</infon><infon key="year">2010</infon><offset>33242</offset><text>A world of standards but not a standard world: toward a sociology of standards and standardization</text></passage><passage><infon key="fpage">191</infon><infon key="lpage">4</infon><infon key="pub-id_doi">10.7861/futurehosp.3-3-191</infon><infon key="pub-id_pmid">31098223</infon><infon key="section_type">REF</infon><infon key="source">Future Hosp J</infon><infon key="type">ref</infon><infon key="volume">3</infon><infon key="year">2016</infon><offset>33341</offset><text>Does quality improvement improve quality?</text></passage><passage><infon key="elocation-id">e031771</infon><infon key="pub-id_doi">10.1136/bmjopen-2019-031771</infon><infon key="section_type">REF</infon><infon key="source">BMJ Open</infon><infon key="type">ref</infon><infon key="volume">9</infon><infon key="year">2019</infon><offset>33383</offset><text>Challenges in making standardisation work in healthcare: lessons from a qualitative interview study of a line-labelling policy in a UK region</text></passage><passage><infon key="fpage">e96</infon><infon key="lpage">106</infon><infon key="pub-id_doi">10.1016/j.ijmedinf.2012.11.004</infon><infon key="pub-id_pmid">23266062</infon><infon key="section_type">REF</infon><infon key="source">Int J Med Inform</infon><infon key="type">ref</infon><infon key="volume">82</infon><infon key="year">2013</infon><offset>33525</offset><text>The implications of e-health system delivery strategies for integrated healthcare: lessons from England</text></passage><passage><infon key="fpage">586</infon><infon key="lpage">91</infon><infon key="pub-id_doi">10.1016/j.jss.2013.02.038</infon><infon key="pub-id_pmid">23587454</infon><infon key="section_type">REF</infon><infon key="source">J Surg Res</infon><infon key="type">ref</infon><infon key="volume">184</infon><infon key="year">2013</infon><offset>33629</offset><text>Flow disruptions in trauma care handoffs</text></passage><passage><infon key="fpage">580</infon><infon key="lpage">1</infon><infon key="pub-id_doi">10.1016/j.annemergmed.2012.07.113</infon><infon key="pub-id_pmid">22921163</infon><infon key="section_type">REF</infon><infon key="source">Ann Emerg Med</infon><infon key="type">ref</infon><infon key="volume">60</infon><infon key="year">2012</infon><offset>33670</offset><text>The problem of orthodoxy in safety research: time for a reformation</text></passage><passage><infon key="fpage">962</infon><infon key="lpage">8</infon><infon key="pub-id_doi">10.1001/jamasurg.2014.1208</infon><infon key="pub-id_pmid">25103360</infon><infon key="section_type">REF</infon><infon key="source">JAMA Surg</infon><infon key="type">ref</infon><infon key="volume">149</infon><infon key="year">2014</infon><offset>33738</offset><text>A human factors subsystems approach to trauma care</text></passage><passage><infon key="fpage">i59</infon><infon key="lpage">65</infon><infon key="pub-id_doi">10.1136/qshc.2005.015974</infon><infon key="pub-id_pmid">17142611</infon><infon key="section_type">REF</infon><infon key="source">Qual Saf Health Care</infon><infon key="type">ref</infon><infon key="volume">15 Suppl 1</infon><infon key="year">2006</infon><offset>33789</offset><text>A human factors engineering paradigm for patient safety: designing to support the performance of the healthcare professional</text></passage><passage><infon key="fpage">315</infon><infon key="lpage">26</infon><infon key="section_type">REF</infon><infon key="source">How to design a safety organization: test case for resilience engineering</infon><infon key="type">ref</infon><infon key="year">2006</infon><offset>33914</offset></passage><passage><infon key="fpage">1011</infon><infon key="lpage">35</infon><infon key="pub-id_doi">10.1177/0170840606065708</infon><infon key="section_type">REF</infon><infon key="source">Organization Studies</infon><infon key="type">ref</infon><infon key="volume">27</infon><infon key="year">2006</infon><offset>33915</offset><text>Discovering healthcare cognition: the use of cognitive artifacts to reveal cognitive work</text></passage><passage><infon key="fpage">480</infon><infon key="lpage">4</infon><infon key="pub-id_doi">10.1136/bmjqs-2015-005074</infon><infon key="section_type">REF</infon><infon key="source">BMJ Qual Saf</infon><infon key="type">ref</infon><infon key="volume">25</infon><infon key="year">2016</infon><offset>34005</offset><text>Human factors in healthcare: welcome progress, but still scratching the surface</text></passage><passage><infon key="fpage">508</infon><infon key="lpage">17</infon><infon key="pub-id_doi">10.1111/anae.14519</infon><infon key="pub-id_pmid">30585298</infon><infon key="section_type">REF</infon><infon key="source">Anaesthesia</infon><infon key="type">ref</infon><infon key="volume">74</infon><infon key="year">2019</infon><offset>34085</offset><text>People, systems and safety: resilience and excellence in healthcare practice</text></passage><passage><infon key="fpage">689</infon><infon key="lpage">92</infon><infon key="pub-id_doi">10.1109/TSMCA.2004.836802</infon><infon key="section_type">REF</infon><infon key="source">IEEE Trans. Syst., Man, Cybern. A</infon><infon key="type">ref</infon><infon key="volume">34</infon><infon key="year">2004</infon><offset>34162</offset><text>The messy details: insights from the study of technical work in healthcare</text></passage><passage><infon key="fpage">145</infon><infon key="lpage">51</infon><infon key="pub-id_pmid">16636706</infon><infon key="section_type">REF</infon><infon key="source">J Med Libr Assoc</infon><infon key="type">ref</infon><infon key="volume">94</infon><infon key="year">2006</infon><offset>34237</offset><text>The information seeking of on-duty critical care nurses: evidence from participant observation and in-context interviews</text></passage><passage><infon key="fpage">1332</infon><infon key="lpage">40</infon><infon key="pub-id_doi">10.1016/j.socscimed.2010.06.028</infon><infon key="pub-id_pmid">20702013</infon><infon key="section_type">REF</infon><infon key="source">Soc Sci Med</infon><infon key="type">ref</infon><infon key="volume">71</infon><infon key="year">2010</infon><offset>34358</offset><text>Lean healthcare: rhetoric, ritual and resistance</text></passage><passage><infon key="section_type">REF</infon><infon key="source">Mundane governance: ontology and accountability</infon><infon key="type">ref</infon><infon key="year">2013</infon><offset>34407</offset></passage><passage><infon key="fpage">97</infon><infon key="lpage">114</infon><infon key="pub-id_doi">10.1111/1467-9566.00342</infon><infon key="pub-id_pmid">14498932</infon><infon key="section_type">REF</infon><infon key="source">Sociol Health Illn</infon><infon key="type">ref</infon><infon key="volume">25</infon><infon key="year">2003</infon><offset>34408</offset><text>The practice of medical technology</text></passage><passage><infon key="fpage">47</infon><infon key="lpage">56</infon><infon key="pub-id_doi">10.7861/clinmedicine.19-1-47</infon><infon key="section_type">REF</infon><infon key="source">Clin Med</infon><infon key="type">ref</infon><infon key="volume">19</infon><infon key="year">2019</infon><offset>34443</offset><text>Harveian Oration 2018: Improving quality and safety in healthcare</text></passage><passage><infon key="fpage">134</infon><infon key="lpage">45</infon><infon key="pub-id_doi">10.1016/j.bja.2018.04.010</infon><infon key="pub-id_pmid">29935565</infon><infon key="section_type">REF</infon><infon key="source">Br J Anaesth</infon><infon key="type">ref</infon><infon key="volume">121</infon><infon key="year">2018</infon><offset>34509</offset><text>An observational national study of anaesthetic workload and seniority across the working week and weekend in the UK in 2016: the 6th national audit project (NAP6) activity survey</text></passage><passage><infon key="fpage">A03</infon><infon key="pub-id_doi">10.22323/2.15030203</infon><infon key="section_type">REF</infon><infon key="source">Journal of Science Communication</infon><infon key="type">ref</infon><infon key="volume">15</infon><infon key="year">2016</infon><offset>34688</offset><text>Crowdsourcing the human Gut. Is crowdsourcing also ‘citizen science'?</text></passage><passage><infon key="fpage">2124</infon><infon key="lpage">30</infon><infon key="pub-id_doi">10.2105/AJPH.2015.302696</infon><infon key="pub-id_pmid">26270299</infon><infon key="section_type">REF</infon><infon key="source">Am J Public Health</infon><infon key="type">ref</infon><infon key="volume">105</infon><infon key="year">2015</infon><offset>34760</offset><text>Flu near you: crowdsourced symptom reporting spanning 2 influenza seasons</text></passage><passage><infon key="fpage">27</infon><infon key="lpage">33</infon><infon key="pub-id_doi">10.1093/bmb/ldw044</infon><infon key="pub-id_pmid">27941038</infon><infon key="section_type">REF</infon><infon key="source">Br Med Bull</infon><infon key="type">ref</infon><infon key="volume">120</infon><infon key="year">2016</infon><offset>34834</offset><text>Globalizing and crowdsourcing biomedical research</text></passage><passage><infon key="fpage">7</infon><infon key="lpage">12</infon><infon key="pub-id_doi">10.1128/jmbe.v17i1.1052</infon><infon key="pub-id_pmid">27047581</infon><infon key="section_type">REF</infon><infon key="source">J Microbiol Biol Educ</infon><infon key="type">ref</infon><infon key="volume">17</infon><infon key="year">2016</infon><offset>34884</offset><text>The power of engaging citizen scientists for scientific progress</text></passage><passage><infon key="fpage">229</infon><infon key="lpage">36</infon><infon key="pub-id_doi">10.1161/CIRCOUTCOMES.113.000140</infon><infon key="pub-id_pmid">23481522</infon><infon key="section_type">REF</infon><infon key="source">Circ Cardiovasc Qual Outcomes</infon><infon key="type">ref</infon><infon key="volume">6</infon><infon key="year">2013</infon><offset>34949</offset><text>A crowdsourcing innovation challenge to locate and MAP automated external defibrillators</text></passage><passage><infon key="section_type">REF</infon><infon key="type">ref</infon><infon key="year">2016</infon><offset>35038</offset><text>‘Citizen science and the flint water crisis.’ The governance Lab @ NYU: GovLab Digest</text></passage><passage><infon key="section_type">REF</infon><infon key="type">ref</infon><infon key="year">2016</infon><offset>35128</offset><text>‘7 citizen science projects for bird lovers.’: Cool green science</text></passage><passage><infon key="elocation-id">11215</infon><infon key="pub-id_doi">10.1038/s41598-017-10581-x</infon><infon key="pub-id_pmid">28894157</infon><infon key="section_type">REF</infon><infon key="source">Sci Rep</infon><infon key="type">ref</infon><infon key="volume">7</infon><infon key="year">2017</infon><offset>35198</offset><text>Utilization of Photographs taken by citizens for estimating bumblebee distributions</text></passage><passage><infon key="section_type">REF</infon><infon key="source">Citizen science technologies and new opportunities for participation</infon><infon key="type">ref</infon><infon key="year">2018</infon><offset>35282</offset></passage><passage><infon key="fpage">1</infon><infon key="lpage">12</infon><infon key="section_type">REF</infon><infon key="source">Visual Methodologies</infon><infon key="type">ref</infon><infon key="volume">4</infon><infon key="year">2016</infon><offset>35283</offset><text>Participatory photography in qualitative research: a methodological review</text></passage><passage><infon key="fpage">63</infon><infon key="lpage">77</infon><infon key="pub-id_doi">10.1080/14725860801908544</infon><infon key="section_type">REF</infon><infon key="source">Visual Studies</infon><infon key="type">ref</infon><infon key="volume">23</infon><infon key="year">2008</infon><offset>35358</offset><text>‘I'm gonna show you what it’s really like out here’: the power and limitation of participatory visual methods</text></passage><passage><infon key="fpage">175</infon><infon key="lpage">88</infon><infon key="pub-id_doi">10.1080/1472586X.2010.502676</infon><infon key="section_type">REF</infon><infon key="source">Visual Studies</infon><infon key="type">ref</infon><infon key="volume">25</infon><infon key="year">2010</infon><offset>35474</offset><text>Questions of process in participant-generated visual methodologies</text></passage><passage><infon key="section_type">REF</infon><infon key="source">Images of information: still photography in the social sciences</infon><infon key="type">ref</infon><infon key="year">1979</infon><offset>35541</offset></passage><passage><infon key="fpage">1</infon><infon key="lpage">14</infon><infon key="pub-id_doi">10.1155/2012/349630</infon><infon key="section_type">REF</infon><infon key="source">International Journal of Zoology</infon><infon key="type">ref</infon><infon key="volume">2012</infon><infon key="year">2012</infon><offset>35542</offset><text>The citizen science landscape: from volunteers to citizen sensors and beyond</text></passage><passage><infon key="fpage">313</infon><infon key="lpage">5</infon><infon key="pub-id_doi">10.1029/2011EO380002</infon><infon key="section_type">REF</infon><infon key="source">Eos, Transactions American Geophysical Union</infon><infon key="type">ref</infon><infon key="volume">92</infon><infon key="year">2011</infon><offset>35619</offset><text>Using mobile phones to engage citizen scientists in research</text></passage><passage><infon key="fpage">303</infon><infon key="lpage">19</infon><infon key="pub-id_doi">10.1177/160940691201100401</infon><infon key="section_type">REF</infon><infon key="source">International Journal of Qualitative Methods</infon><infon key="type">ref</infon><infon key="volume">11</infon><infon key="year">2012</infon><offset>35680</offset><text>A literature review to evaluate the choice and use of visual methods</text></passage><passage><infon key="fpage">50</infon><infon key="lpage">62</infon><infon key="pub-id_doi">10.1080/14725860801908536</infon><infon key="section_type">REF</infon><infon key="source">Visual Studies</infon><infon key="type">ref</infon><infon key="volume">23</infon><infon key="year">2008</infon><offset>35749</offset><text>The photo‐survey research method: capturing life in the City</text></passage><passage><infon key="section_type">REF</infon><infon key="type">ref</infon><infon key="year">2017</infon><offset>35812</offset><text>Advancing citizen science for coastal and ocean research. European Marine Board IVZW</text></passage><passage><infon key="fpage">475</infon><infon key="lpage">81</infon><infon key="pub-id_doi">10.1016/j.envsci.2015.05.008</infon><infon key="section_type">REF</infon><infon key="source">Environ Sci Policy</infon><infon key="type">ref</infon><infon key="volume">54</infon><infon key="year">2015</infon><offset>35897</offset><text>A framework for addressing ethical issues in citizen science</text></passage><passage><infon key="elocation-id">13</infon><infon key="pub-id_doi">10.1186/s12898-016-0062-3</infon><infon key="pub-id_pmid">27459851</infon><infon key="section_type">REF</infon><infon key="source">BMC Ecol</infon><infon key="type">ref</infon><infon key="volume">16 Suppl 1</infon><infon key="year">2016</infon><offset>35958</offset><text>Initiating and continuing participation in citizen science for natural history</text></passage><passage><infon key="fpage">332</infon><infon key="lpage">40</infon><infon key="pub-id_doi">10.1177/1751143716658912</infon><infon key="pub-id_pmid">28979518</infon><infon key="section_type">REF</infon><infon key="source">Journal of the Intensive Care Society</infon><infon key="type">ref</infon><infon key="volume">17</infon><infon key="year">2016</infon><offset>36037</offset><text>A consensus to determine the ideal critical care transfer bag</text></passage><passage><infon key="fpage">1669</infon><infon key="lpage">86</infon><infon key="pub-id_doi">10.1080/00140139.2013.838643</infon><infon key="pub-id_pmid">24088063</infon><infon key="section_type">REF</infon><infon key="source">Ergonomics</infon><infon key="type">ref</infon><infon key="volume">56</infon><infon key="year">2013</infon><offset>36099</offset><text>SEIPS 2.0: a human factors framework for studying and improving the work of healthcare professionals and patients</text></passage><passage><infon key="fpage">1753</infon><infon key="lpage">60</infon><infon key="pub-id_doi">10.1177/1049732315617444</infon><infon key="pub-id_pmid">26613970</infon><infon key="section_type">REF</infon><infon key="source">Qual Health Res</infon><infon key="type">ref</infon><infon key="volume">26</infon><infon key="year">2016</infon><offset>36213</offset><text>Sample size in qualitative interview studies: guided by information power</text></passage><passage><infon key="fpage">i50</infon><infon key="lpage">8</infon><infon key="pub-id_doi">10.1136/qshc.2005.015842</infon><infon key="pub-id_pmid">17142610</infon><infon key="section_type">REF</infon><infon key="source">Qual Saf Health Care</infon><infon key="type">ref</infon><infon key="volume">15 Suppl 1</infon><infon key="year">2006</infon><offset>36287</offset><text>Work system design for patient safety: the SEIPS model</text></passage><passage><infon key="section_type">REF</infon><infon key="source">Constructing grounded theory: a practical guide through qualitative analysis</infon><infon key="type">ref</infon><infon key="year">2006</infon><offset>36342</offset></passage><passage><infon key="section_type">REF</infon><infon key="type">ref</infon><infon key="year">2019</infon><offset>36343</offset><text>National maternity and perinatal audit: organisational report 2019</text></passage><passage><infon key="section_type">REF</infon><infon key="type">ref</infon><infon key="year">2017</infon><offset>36410</offset><text>Uk policy framework for health and social care research: Health Research Authority</text></passage></document></collection>
