<?xml version="1.0" encoding="UTF-8"?>
<!DOCTYPE collection SYSTEM "BioC.dtd">
<collection><source>PMC</source><date>20210617</date><key>pmc.key</key><document><id>8206667</id><infon key="license">CC BY-NC-ND</infon><passage><infon key="alt-title">Krzyzanowski et al.</infon><infon key="article-id_doi">10.1002/cpz1.111</infon><infon key="article-id_pmc">8206667</infon><infon key="article-id_pmid">33905618</infon><infon key="article-id_publisher-id">CPZ1111</infon><infon key="elocation-id">e111</infon><infon key="issue">4</infon><infon key="kwd">common data elements COVID‐19 health disparities PhenX standard measures</infon><infon key="license">This is an open access article under the terms of the http://creativecommons.org/licenses/by-nc-nd/4.0/ License, which permits use and distribution in any medium, provided the original work is properly cited, the use is non‐commercial and no modifications or adaptations are made.</infon><infon key="name_0">surname:Krzyzanowski;given-names:Michelle C.</infon><infon key="name_1">surname:Terry;given-names:Ian</infon><infon key="name_2">surname:Williams;given-names:David</infon><infon key="name_3">surname:West;given-names:Pat</infon><infon key="name_4">surname:Gridley;given-names:Lauren N.</infon><infon key="name_5">surname:Hamilton;given-names:Carol M.</infon><infon key="notes">

, , , , , &amp;  (). . , , . doi: 

</infon><infon key="pub-id_doi">10.1002/cpz1.111</infon><infon key="pub-id_pmid">33905618</infon><infon key="section_type">TITLE</infon><infon key="source">Current Protocols</infon><infon key="type">front</infon><infon key="volume">1</infon><infon key="year">2021</infon><offset>0</offset><text>The PhenX Toolkit: Establishing Standard Measures for COVID‐19 Research The PhenX Toolkit: Establishing standard measures for COVID‐19 research</text></passage><passage><infon key="section_type">ABSTRACT</infon><infon key="type">abstract_title_1</infon><offset>148</offset><text>Abstract</text></passage><passage><infon key="section_type">ABSTRACT</infon><infon key="type">abstract</infon><offset>157</offset><text>The PhenX (consensus measures for Phenotypes and eXposures) Toolkit (https://www.phenxtoolkit.org/) is a publicly available, web‐based catalog of recommended, well‐established measurement protocols of phenotypes and exposures. The goal of PhenX is to facilitate the use of standard measures, enhance data interoperability, and promote collaborative and translational research. PhenX is driven by the scientific community and historically has depended on working groups of experts to recommend measures for release in the PhenX Toolkit. The urgent need for recommended, standard measures for COVID‐19 research triggered the development of a “rapid release” process for releasing new content in the PhenX Toolkit. Initially, PhenX collaborated with the National Institutes of Health (NIH) Office of Behavioral and Social Sciences Research, the National Human Genome Research Institute, and the NIH Disaster Research Response (DR2) program to create a library of COVID‐19 measurement protocols. With additional support from NIH, PhenX adapted crowdsourcing techniques to accelerate prioritization and recommendation of protocols for release in the PhenX Toolkit. Prioritized COVID‐19‐specific protocols were used to anchor and define specialty collections of protocols that were subject to review and approval by the PhenX Steering Committee. In addition to the COVID‐19‐specific protocols, the specialty collections include existing, well‐established PhenX protocols, use of which will further enhance data interoperability and cross‐study analysis. The COVID‐19 specialty collections are Behaviors and Risks; Ethnicity, Race and Demographics; History, Treatment and Outcomes; Information Resources; Psychosocial and Mental Health; and Socioeconomic. The development and usage of PhenX COVID‐19 specialty collections are described in this article. © 2021 The Authors.</text></passage><passage><infon key="section_type">ABSTRACT</infon><infon key="type">abstract</infon><offset>2052</offset><text> Basic Protocol: Selecting COVID‐19 protocols</text></passage><passage><infon key="section_type">INTRO</infon><infon key="type">title_1</infon><offset>2100</offset><text>INTRODUCTION</text></passage><passage><infon key="section_type">INTRO</infon><infon key="type">paragraph</infon><offset>2113</offset><text>The NIH‐Wide Strategic Plan for COVID‐19 Research states that the National Institutes of Health (NIH) “will facilitate the use of COVID‐19 data to the greatest extent possible, both by those generating the data and by other researchers” (HHS/NIH, 2020, p. 29) and has responded with key behavioral‐ and social science−related efforts as part of the NIH coronavirus disease 2019 (COVID‐19) research response (Riley et al., 2020). The NIH engaged PhenX (consensus measures for Phenotypes and eXposures) to help make COVID‐19 data collection more consistent and results more readily comparable. Historically, the PhenX consensus process has relied on the contributions of working groups of experts, feedback from the scientific community, and overarching guidance from the PhenX Steering Committee (SC) to recommend well‐established, standard measures for release in the PhenX Toolkit (https://www.phenxtoolkit.org/). The urgent need for recommended, standard measures for COVID‐19 research triggered the development of a “rapid release” process for new Toolkit content (for terminology, see Table 1 and Table 2). Prioritized COVID‐19‐specific protocols were used to anchor and define specialty collections of protocols that were subject to review and approval by the PhenX Steering Committee. In addition to the COVID‐19‐specific protocols, the specialty collections include existing, well‐established PhenX protocols, use of which will improve the consistency of data collection and enhance cross‐study analysis. Initially, PhenX collaborated with the NIH Office of Behavioral and Social Sciences Research, the National Human Genome Research Institute, and the NIH Disaster Research Response (DR2) program to create a library of COVID‐19 measurement protocols (referred to as protocols; see Table 1). With additional support from the NIH, PhenX adapted crowdsourcing techniques to accelerate prioritization and recommendation of COVID‐19 protocols for release in the PhenX Toolkit, established COVID‐19 collections of protocols, and made it easier to find COVID‐19 protocols in the PhenX COVID‐19 library.</text></passage><passage><infon key="file">cpz1111-tbl-0001.xml</infon><infon key="id">cpz1111-tbl-0001</infon><infon key="section_type">TABLE</infon><infon key="type">table_caption</infon><offset>4267</offset><text>PhenX Concepts and Terminology</text></passage><passage><infon key="file">cpz1111-tbl-0001.xml</infon><infon key="id">cpz1111-tbl-0001</infon><infon key="section_type">TABLE</infon><infon key="type">table</infon><infon key="xml">&lt;?xml version=&quot;1.0&quot; encoding=&quot;UTF-8&quot;?&gt;
&lt;table frame=&quot;hsides&quot; rules=&quot;groups&quot;&gt;&lt;col align=&quot;left&quot; span=&quot;1&quot;/&gt;&lt;col align=&quot;left&quot; span=&quot;1&quot;/&gt;&lt;thead&gt;&lt;tr style=&quot;border-bottom:solid 1px #000000&quot;&gt;&lt;th align=&quot;left&quot; rowspan=&quot;1&quot; colspan=&quot;1&quot;&gt;Concept&lt;/th&gt;&lt;th align=&quot;left&quot; rowspan=&quot;1&quot; colspan=&quot;1&quot;&gt;Definition&lt;/th&gt;&lt;/tr&gt;&lt;/thead&gt;&lt;tbody&gt;&lt;tr&gt;&lt;td align=&quot;left&quot; rowspan=&quot;1&quot; colspan=&quot;1&quot;&gt;Domain&lt;/td&gt;&lt;td align=&quot;left&quot; rowspan=&quot;1&quot; colspan=&quot;1&quot;&gt;A PhenX (consensus measures for Phenotypes and eXposures) domain is a field of research with a unifying theme and easily enumerated quantitative and qualitative measures (e.g., demographics, anthropometrics, organ systems, complex diseases, and lifestyle factors).&lt;/td&gt;&lt;/tr&gt;&lt;tr&gt;&lt;td align=&quot;left&quot; rowspan=&quot;1&quot; colspan=&quot;1&quot;&gt;Collection&lt;/td&gt;&lt;td align=&quot;left&quot; rowspan=&quot;1&quot; colspan=&quot;1&quot;&gt;A collection of measures with a shared characteristic, target population, or topic. The measures included in a collection may cut across research domains.&lt;/td&gt;&lt;/tr&gt;&lt;tr&gt;&lt;td align=&quot;left&quot; rowspan=&quot;1&quot; colspan=&quot;1&quot;&gt;Measure&lt;/td&gt;&lt;td align=&quot;left&quot; rowspan=&quot;1&quot; colspan=&quot;1&quot;&gt;A measure refers broadly to a standardized way of capturing data on a certain characteristic of, or relating to, a study subject.&lt;/td&gt;&lt;/tr&gt;&lt;tr&gt;&lt;td align=&quot;left&quot; rowspan=&quot;1&quot; colspan=&quot;1&quot;&gt;Protocol&lt;/td&gt;&lt;td align=&quot;left&quot; rowspan=&quot;1&quot; colspan=&quot;1&quot;&gt;A protocol is a standard procedure recommended by a Working Group for investigators to collect and record a measure.&lt;/td&gt;&lt;/tr&gt;&lt;/tbody&gt;&lt;/table&gt;
</infon><offset>4298</offset><text>Concept	Definition	 	Domain	A PhenX (consensus measures for Phenotypes and eXposures) domain is a field of research with a unifying theme and easily enumerated quantitative and qualitative measures (e.g., demographics, anthropometrics, organ systems, complex diseases, and lifestyle factors).	 	Collection	A collection of measures with a shared characteristic, target population, or topic. The measures included in a collection may cut across research domains.	 	Measure	A measure refers broadly to a standardized way of capturing data on a certain characteristic of, or relating to, a study subject.	 	Protocol	A protocol is a standard procedure recommended by a Working Group for investigators to collect and record a measure.	 	</text></passage><passage><infon key="file">cpz1111-tbl-0001.xml</infon><infon key="id">cpz1111-tbl-0001</infon><infon key="section_type">TABLE</infon><infon key="type">table</infon><infon key="xml">&lt;?xml version=&quot;1.0&quot; encoding=&quot;UTF-8&quot;?&gt;
&lt;table frame=&quot;hsides&quot; rules=&quot;groups&quot;&gt;&lt;col align=&quot;left&quot; span=&quot;1&quot;/&gt;&lt;col align=&quot;left&quot; span=&quot;1&quot;/&gt;&lt;thead&gt;&lt;tr style=&quot;border-bottom:solid 1px #000000&quot;&gt;&lt;th align=&quot;left&quot; rowspan=&quot;1&quot; colspan=&quot;1&quot;&gt;Concept&lt;/th&gt;&lt;th align=&quot;left&quot; rowspan=&quot;1&quot; colspan=&quot;1&quot;&gt;Definition&lt;/th&gt;&lt;/tr&gt;&lt;/thead&gt;&lt;tbody&gt;&lt;tr&gt;&lt;td align=&quot;left&quot; rowspan=&quot;1&quot; colspan=&quot;1&quot;&gt;Domain&lt;/td&gt;&lt;td align=&quot;left&quot; rowspan=&quot;1&quot; colspan=&quot;1&quot;&gt;A PhenX (consensus measures for Phenotypes and eXposures) domain is a field of research with a unifying theme and easily enumerated quantitative and qualitative measures (e.g., demographics, anthropometrics, organ systems, complex diseases, and lifestyle factors).&lt;/td&gt;&lt;/tr&gt;&lt;tr&gt;&lt;td align=&quot;left&quot; rowspan=&quot;1&quot; colspan=&quot;1&quot;&gt;Collection&lt;/td&gt;&lt;td align=&quot;left&quot; rowspan=&quot;1&quot; colspan=&quot;1&quot;&gt;A collection of measures with a shared characteristic, target population, or topic. The measures included in a collection may cut across research domains.&lt;/td&gt;&lt;/tr&gt;&lt;tr&gt;&lt;td align=&quot;left&quot; rowspan=&quot;1&quot; colspan=&quot;1&quot;&gt;Measure&lt;/td&gt;&lt;td align=&quot;left&quot; rowspan=&quot;1&quot; colspan=&quot;1&quot;&gt;A measure refers broadly to a standardized way of capturing data on a certain characteristic of, or relating to, a study subject.&lt;/td&gt;&lt;/tr&gt;&lt;tr&gt;&lt;td align=&quot;left&quot; rowspan=&quot;1&quot; colspan=&quot;1&quot;&gt;Protocol&lt;/td&gt;&lt;td align=&quot;left&quot; rowspan=&quot;1&quot; colspan=&quot;1&quot;&gt;A protocol is a standard procedure recommended by a Working Group for investigators to collect and record a measure.&lt;/td&gt;&lt;/tr&gt;&lt;/tbody&gt;&lt;/table&gt;
</infon><offset>5030</offset><text>This article is being made freely available through PubMed Central as part of the COVID-19 public health emergency response. It can be used for unrestricted research re-use and analysis in any form or by any means with acknowledgement of the original source, for the duration of the public health emergency.	 	</text></passage><passage><infon key="file">cpz1111-tbl-0002.xml</infon><infon key="id">cpz1111-tbl-0002</infon><infon key="section_type">TABLE</infon><infon key="type">table_caption</infon><offset>5341</offset><text>PhenX Release Details</text></passage><passage><infon key="file">cpz1111-tbl-0002.xml</infon><infon key="id">cpz1111-tbl-0002</infon><infon key="section_type">TABLE</infon><infon key="type">table</infon><infon key="xml">&lt;?xml version=&quot;1.0&quot; encoding=&quot;UTF-8&quot;?&gt;
&lt;table frame=&quot;hsides&quot; rules=&quot;groups&quot;&gt;&lt;col align=&quot;left&quot; span=&quot;1&quot;/&gt;&lt;col align=&quot;left&quot; span=&quot;1&quot;/&gt;&lt;thead&gt;&lt;tr style=&quot;border-bottom:solid 1px #000000&quot;&gt;&lt;th align=&quot;left&quot; rowspan=&quot;1&quot; colspan=&quot;1&quot;&gt;Release type&lt;/th&gt;&lt;th align=&quot;left&quot; rowspan=&quot;1&quot; colspan=&quot;1&quot;&gt;Description&lt;/th&gt;&lt;/tr&gt;&lt;/thead&gt;&lt;tbody&gt;&lt;tr&gt;&lt;td align=&quot;left&quot; rowspan=&quot;1&quot; colspan=&quot;1&quot;&gt;Standard release&lt;/td&gt;&lt;td align=&quot;left&quot; rowspan=&quot;1&quot; colspan=&quot;1&quot;&gt;Uses an established PhenX (consensus measures for Phenotypes and eXposures) consensus process to release protocols in the PhenX Toolkit. Working Groups recommend measures for inclusion based on these criteria:&lt;xref ref-type=&quot;fn&quot; rid=&quot;cpz1111-tbl2-note-0001&quot;&gt;
&lt;sup&gt;&lt;italic&gt;a&lt;/italic&gt;&lt;/sup&gt;
&lt;/xref&gt;
&lt;list list-type=&quot;bullet&quot; id=&quot;cpz1111-list-0001&quot;&gt;&lt;list-item&gt;&lt;p&gt;Clearly defined&lt;/p&gt;&lt;/list-item&gt;&lt;list-item&gt;&lt;p&gt;Well‐established&lt;/p&gt;&lt;/list-item&gt;&lt;list-item&gt;&lt;p&gt;Broadly applicable and generally accepted&lt;/p&gt;&lt;/list-item&gt;&lt;list-item&gt;&lt;p&gt;Low burden to participants and investigators&lt;/p&gt;&lt;/list-item&gt;&lt;list-item&gt;&lt;p&gt;Broadly validated and demonstrated utility&lt;/p&gt;&lt;/list-item&gt;&lt;list-item&gt;&lt;p&gt;Reproducible&lt;/p&gt;&lt;/list-item&gt;&lt;list-item&gt;&lt;p&gt;Specific&lt;/p&gt;&lt;/list-item&gt;&lt;list-item&gt;&lt;p&gt;Reliable&lt;/p&gt;&lt;/list-item&gt;&lt;list-item&gt;&lt;p&gt;Standard measurement protocols exist&lt;/p&gt;&lt;/list-item&gt;&lt;/list&gt;
&lt;/td&gt;&lt;/tr&gt;&lt;tr&gt;&lt;td align=&quot;left&quot; rowspan=&quot;1&quot; colspan=&quot;1&quot;&gt;Rapid release&lt;/td&gt;&lt;td align=&quot;left&quot; rowspan=&quot;1&quot; colspan=&quot;1&quot;&gt;An evolved PhenX method to make these cutting‐edge data‐collection protocols quickly available to the research community. The PhenX Steering Committee recommends measures for inclusion based on these criteria:&lt;list list-type=&quot;bullet&quot; id=&quot;cpz1111-list-0002&quot;&gt;&lt;list-item&gt;&lt;p&gt;Reputable source&lt;/p&gt;&lt;/list-item&gt;&lt;list-item&gt;&lt;p&gt;Broadly applicable to both research and clinical assessments&lt;/p&gt;&lt;/list-item&gt;&lt;list-item&gt;&lt;p&gt;Input from crowdsourcing results&lt;/p&gt;&lt;/list-item&gt;&lt;/list&gt;
&lt;/td&gt;&lt;/tr&gt;&lt;/tbody&gt;&lt;/table&gt;
</infon><offset>5363</offset><text>Release type	Description	 	Standard release	Uses an established PhenX (consensus measures for Phenotypes and eXposures) consensus process to release protocols in the PhenX Toolkit. Working Groups recommend measures for inclusion based on these criteria:aClearly definedWell‐establishedBroadly applicable and generally acceptedLow burden to participants and investigatorsBroadly validated and demonstrated utilityReproducibleSpecificReliableStandard measurement protocols exist	 	Rapid release	An evolved PhenX method to make these cutting‐edge data‐collection protocols quickly available to the research community. The PhenX Steering Committee recommends measures for inclusion based on these criteria:Reputable sourceBroadly applicable to both research and clinical assessmentsInput from crowdsourcing results	 	</text></passage><passage><infon key="file">cpz1111-tbl-0002.xml</infon><infon key="id">cpz1111-tbl-0002</infon><infon key="section_type">TABLE</infon><infon key="type">table_footnote</infon><offset>6183</offset><text>Recommendations are reviewed and approved by the PhenX Steering Committee before measures are released in the PhenX Toolkit.</text></passage><passage><infon key="file">cpz1111-tbl-0002.xml</infon><infon key="id">cpz1111-tbl-0002</infon><infon key="section_type">TABLE</infon><infon key="type">table</infon><infon key="xml">&lt;?xml version=&quot;1.0&quot; encoding=&quot;UTF-8&quot;?&gt;
&lt;table frame=&quot;hsides&quot; rules=&quot;groups&quot;&gt;&lt;col align=&quot;left&quot; span=&quot;1&quot;/&gt;&lt;col align=&quot;left&quot; span=&quot;1&quot;/&gt;&lt;thead&gt;&lt;tr style=&quot;border-bottom:solid 1px #000000&quot;&gt;&lt;th align=&quot;left&quot; rowspan=&quot;1&quot; colspan=&quot;1&quot;&gt;Release type&lt;/th&gt;&lt;th align=&quot;left&quot; rowspan=&quot;1&quot; colspan=&quot;1&quot;&gt;Description&lt;/th&gt;&lt;/tr&gt;&lt;/thead&gt;&lt;tbody&gt;&lt;tr&gt;&lt;td align=&quot;left&quot; rowspan=&quot;1&quot; colspan=&quot;1&quot;&gt;Standard release&lt;/td&gt;&lt;td align=&quot;left&quot; rowspan=&quot;1&quot; colspan=&quot;1&quot;&gt;Uses an established PhenX (consensus measures for Phenotypes and eXposures) consensus process to release protocols in the PhenX Toolkit. Working Groups recommend measures for inclusion based on these criteria:&lt;xref ref-type=&quot;fn&quot; rid=&quot;cpz1111-tbl2-note-0001&quot;&gt;
&lt;sup&gt;&lt;italic&gt;a&lt;/italic&gt;&lt;/sup&gt;
&lt;/xref&gt;
&lt;list list-type=&quot;bullet&quot; id=&quot;cpz1111-list-0001&quot;&gt;&lt;list-item&gt;&lt;p&gt;Clearly defined&lt;/p&gt;&lt;/list-item&gt;&lt;list-item&gt;&lt;p&gt;Well‐established&lt;/p&gt;&lt;/list-item&gt;&lt;list-item&gt;&lt;p&gt;Broadly applicable and generally accepted&lt;/p&gt;&lt;/list-item&gt;&lt;list-item&gt;&lt;p&gt;Low burden to participants and investigators&lt;/p&gt;&lt;/list-item&gt;&lt;list-item&gt;&lt;p&gt;Broadly validated and demonstrated utility&lt;/p&gt;&lt;/list-item&gt;&lt;list-item&gt;&lt;p&gt;Reproducible&lt;/p&gt;&lt;/list-item&gt;&lt;list-item&gt;&lt;p&gt;Specific&lt;/p&gt;&lt;/list-item&gt;&lt;list-item&gt;&lt;p&gt;Reliable&lt;/p&gt;&lt;/list-item&gt;&lt;list-item&gt;&lt;p&gt;Standard measurement protocols exist&lt;/p&gt;&lt;/list-item&gt;&lt;/list&gt;
&lt;/td&gt;&lt;/tr&gt;&lt;tr&gt;&lt;td align=&quot;left&quot; rowspan=&quot;1&quot; colspan=&quot;1&quot;&gt;Rapid release&lt;/td&gt;&lt;td align=&quot;left&quot; rowspan=&quot;1&quot; colspan=&quot;1&quot;&gt;An evolved PhenX method to make these cutting‐edge data‐collection protocols quickly available to the research community. The PhenX Steering Committee recommends measures for inclusion based on these criteria:&lt;list list-type=&quot;bullet&quot; id=&quot;cpz1111-list-0002&quot;&gt;&lt;list-item&gt;&lt;p&gt;Reputable source&lt;/p&gt;&lt;/list-item&gt;&lt;list-item&gt;&lt;p&gt;Broadly applicable to both research and clinical assessments&lt;/p&gt;&lt;/list-item&gt;&lt;list-item&gt;&lt;p&gt;Input from crowdsourcing results&lt;/p&gt;&lt;/list-item&gt;&lt;/list&gt;
&lt;/td&gt;&lt;/tr&gt;&lt;/tbody&gt;&lt;/table&gt;
</infon><offset>6308</offset><text>This article is being made freely available through PubMed Central as part of the COVID-19 public health emergency response. It can be used for unrestricted research re-use and analysis in any form or by any means with acknowledgement of the original source, for the duration of the public health emergency.	 	</text></passage><passage><infon key="section_type">INTRO</infon><infon key="type">paragraph</infon><offset>6619</offset><text>Accordingly, the PhenX Toolkit provides two different resources for investigators interested in COVID‐19 research: COVID‐19 collections of protocols that are recommended as standard measures or common data elements, and a COVID‐19 library of protocols currently in use. The COVID‐19 collections of protocols are fully integrated into the PhenX Toolkit and include a combination of COVID‐19‐specific rapid release protocols and well‐established PhenX protocols. Toolkit features to select and implement these collections of protocols are described. The COVID‐19 library (of pdf files) is provided as a reference so that investigators can see what other COVID‐19 protocols are in use. Search and sort features help visitors explore more than 100 measurement protocols and 400 modules (components of measurement protocols). The COVID‐19 collections of protocols (https://www.phenxtoolkit.org/collections/view/8) can be reached by clicking the COVID‐19 Research button on the homepage (Fig. 1). The PhenX SC also recommends use of the Social Determinants of Health (SDOH) Core collection of protocols for COVID‐19 research. The SDOH collections (https://www.phenxtoolkit.org/collections/view/6) can be reached directly from the homepage or from the COVID‐19 Research Collections page.</text></passage><passage><infon key="file">CPZ1-1-e111-g005.jpg</infon><infon key="id">cpz1111-fig-0001</infon><infon key="section_type">FIG</infon><infon key="type">fig_caption</infon><offset>7926</offset><text>The PhenX Toolkit homepage.</text></passage><passage><infon key="section_type">INTRO</infon><infon key="type">title_2</infon><offset>7954</offset><text>Strategic Planning</text></passage><passage><infon key="section_type">INTRO</infon><infon key="type">title_3</infon><offset>7973</offset><text>PhenX Toolkit COVID‐19 library</text></passage><passage><infon key="section_type">INTRO</infon><infon key="type">paragraph</infon><offset>8006</offset><text>In a collaboration with NIH DR2, PhenX created a COVID‐19 library (Fig. 2). It is important for users to understand that this a resource separate from the typical PhenX infrastructure, for protocols that are processed through the PhenX consensus process and bioinformatics pipeline. The purpose of this resource is to provide current protocols focused on COVID‐19 research; it was intended to help reduce the proliferation of new COVID‐19 measurement protocols (related terminology found in Table 3). The PhenX COVID‐19 library provides currently in use, publicly available COVID‐19‐related measurement protocols (case report forms, data clarification forms, surveys, questionnaires), and consists of 127 full instruments (or “measurement protocols”, Table 3) and 506 modules in PDF format. These protocols were submitted to NIH and then sent to PhenX for further processing. There are 14 main topics, which come from NIH DR2, and over 100 subtopics, which are PhenX‐created. The full protocols are broken into modules, which are subject‐specific. The protocols listed cover a range of topics, from COVID‐19 symptoms and treatments to mental health and socioeconomic changes due to the pandemic. Protocols are categorized both by their source organization and by main topics and subtopics. Each module is assigned from 1 to 3 subtopics. The goal of this page is to provide a one‐stop directory for investigators interested in incorporating existing protocols for COVID‐19 research—rather than creating new ones—in their studies. This page is publicly available for use at no cost to the scientific community in a web‐based resource.</text></passage><passage><infon key="file">CPZ1-1-e111-g007.jpg</infon><infon key="id">cpz1111-fig-0002</infon><infon key="section_type">FIG</infon><infon key="type">fig_caption</infon><offset>9671</offset><text>PhenX COVID‐19 library.</text></passage><passage><infon key="file">cpz1111-tbl-0003.xml</infon><infon key="id">cpz1111-tbl-0003</infon><infon key="section_type">TABLE</infon><infon key="type">table_caption</infon><offset>9697</offset><text>Key PhenX COVID‐19 Concepts</text></passage><passage><infon key="file">cpz1111-tbl-0003.xml</infon><infon key="id">cpz1111-tbl-0003</infon><infon key="section_type">TABLE</infon><infon key="type">table</infon><infon key="xml">&lt;?xml version=&quot;1.0&quot; encoding=&quot;UTF-8&quot;?&gt;
&lt;table frame=&quot;hsides&quot; rules=&quot;groups&quot;&gt;&lt;col align=&quot;left&quot; span=&quot;1&quot;/&gt;&lt;col align=&quot;left&quot; span=&quot;1&quot;/&gt;&lt;thead&gt;&lt;tr style=&quot;border-bottom:solid 1px #000000&quot;&gt;&lt;th align=&quot;left&quot; rowspan=&quot;1&quot; colspan=&quot;1&quot;&gt;Concept&lt;/th&gt;&lt;th align=&quot;left&quot; rowspan=&quot;1&quot; colspan=&quot;1&quot;&gt;Definition&lt;/th&gt;&lt;/tr&gt;&lt;/thead&gt;&lt;tbody&gt;&lt;tr&gt;&lt;td align=&quot;left&quot; rowspan=&quot;1&quot; colspan=&quot;1&quot;&gt;Full Instrument&lt;/td&gt;&lt;td align=&quot;left&quot; rowspan=&quot;1&quot; colspan=&quot;1&quot;&gt;The full‐length protocol or questionnaire submitted by the original authors.&lt;/td&gt;&lt;/tr&gt;&lt;tr&gt;&lt;td align=&quot;left&quot; rowspan=&quot;1&quot; colspan=&quot;1&quot;&gt;Module&lt;/td&gt;&lt;td align=&quot;left&quot; rowspan=&quot;1&quot; colspan=&quot;1&quot;&gt;A section or portion of a full instrument. These subject‐related sections are suggested by the authors and the National Institutes of Health (NIH). PhenX (consensus measures for Phenotypes and eXposures) creates modules from the full instruments and assigns sub‐topics.&lt;/td&gt;&lt;/tr&gt;&lt;tr&gt;&lt;td align=&quot;left&quot; rowspan=&quot;1&quot; colspan=&quot;1&quot;&gt;Main Topic&lt;/td&gt;&lt;td align=&quot;left&quot; rowspan=&quot;1&quot; colspan=&quot;1&quot;&gt;NIH Disaster Research Response (DR2) categories.&lt;/td&gt;&lt;/tr&gt;&lt;tr&gt;&lt;td align=&quot;left&quot; rowspan=&quot;1&quot; colspan=&quot;1&quot;&gt;Subtopic&lt;/td&gt;&lt;td align=&quot;left&quot; rowspan=&quot;1&quot; colspan=&quot;1&quot;&gt;PhenX‐created categories to describe the content of the modules.&lt;/td&gt;&lt;/tr&gt;&lt;/tbody&gt;&lt;/table&gt;
</infon><offset>9727</offset><text>Concept	Definition	 	Full Instrument	The full‐length protocol or questionnaire submitted by the original authors.	 	Module	A section or portion of a full instrument. These subject‐related sections are suggested by the authors and the National Institutes of Health (NIH). PhenX (consensus measures for Phenotypes and eXposures) creates modules from the full instruments and assigns sub‐topics.	 	Main Topic	NIH Disaster Research Response (DR2) categories.	 	Subtopic	PhenX‐created categories to describe the content of the modules.	 	</text></passage><passage><infon key="file">cpz1111-tbl-0003.xml</infon><infon key="id">cpz1111-tbl-0003</infon><infon key="section_type">TABLE</infon><infon key="type">table</infon><infon key="xml">&lt;?xml version=&quot;1.0&quot; encoding=&quot;UTF-8&quot;?&gt;
&lt;table frame=&quot;hsides&quot; rules=&quot;groups&quot;&gt;&lt;col align=&quot;left&quot; span=&quot;1&quot;/&gt;&lt;col align=&quot;left&quot; span=&quot;1&quot;/&gt;&lt;thead&gt;&lt;tr style=&quot;border-bottom:solid 1px #000000&quot;&gt;&lt;th align=&quot;left&quot; rowspan=&quot;1&quot; colspan=&quot;1&quot;&gt;Concept&lt;/th&gt;&lt;th align=&quot;left&quot; rowspan=&quot;1&quot; colspan=&quot;1&quot;&gt;Definition&lt;/th&gt;&lt;/tr&gt;&lt;/thead&gt;&lt;tbody&gt;&lt;tr&gt;&lt;td align=&quot;left&quot; rowspan=&quot;1&quot; colspan=&quot;1&quot;&gt;Full Instrument&lt;/td&gt;&lt;td align=&quot;left&quot; rowspan=&quot;1&quot; colspan=&quot;1&quot;&gt;The full‐length protocol or questionnaire submitted by the original authors.&lt;/td&gt;&lt;/tr&gt;&lt;tr&gt;&lt;td align=&quot;left&quot; rowspan=&quot;1&quot; colspan=&quot;1&quot;&gt;Module&lt;/td&gt;&lt;td align=&quot;left&quot; rowspan=&quot;1&quot; colspan=&quot;1&quot;&gt;A section or portion of a full instrument. These subject‐related sections are suggested by the authors and the National Institutes of Health (NIH). PhenX (consensus measures for Phenotypes and eXposures) creates modules from the full instruments and assigns sub‐topics.&lt;/td&gt;&lt;/tr&gt;&lt;tr&gt;&lt;td align=&quot;left&quot; rowspan=&quot;1&quot; colspan=&quot;1&quot;&gt;Main Topic&lt;/td&gt;&lt;td align=&quot;left&quot; rowspan=&quot;1&quot; colspan=&quot;1&quot;&gt;NIH Disaster Research Response (DR2) categories.&lt;/td&gt;&lt;/tr&gt;&lt;tr&gt;&lt;td align=&quot;left&quot; rowspan=&quot;1&quot; colspan=&quot;1&quot;&gt;Subtopic&lt;/td&gt;&lt;td align=&quot;left&quot; rowspan=&quot;1&quot; colspan=&quot;1&quot;&gt;PhenX‐created categories to describe the content of the modules.&lt;/td&gt;&lt;/tr&gt;&lt;/tbody&gt;&lt;/table&gt;
</infon><offset>10269</offset><text>This article is being made freely available through PubMed Central as part of the COVID-19 public health emergency response. It can be used for unrestricted research re-use and analysis in any form or by any means with acknowledgement of the original source, for the duration of the public health emergency.	 	</text></passage><passage><infon key="section_type">INTRO</infon><infon key="type">title_3</infon><offset>10580</offset><text>Creating COVID‐19 collections</text></passage><passage><infon key="section_type">INTRO</infon><infon key="type">paragraph</infon><offset>10612</offset><text>Based on PhenX SC recommendations, crowdsourcing was implemented to rapidly filter and recommend a subset of the COVID‐19 protocols that had been submitted to NIH. PhenX used crowdsourcing to help inform the subject focus of the collections and the content of the collections. The PhenX COVID crowdsourcing campaign took place in three distinct phases. The phases were distinguished based on their intended purpose rather than their touchpoint with participants. The crowdsourcing effort's full breadth is a novel approach, but is grounded in these preexisting methodologies to ensure functional outcomes.</text></passage><passage><infon key="section_type">INTRO</infon><infon key="type">paragraph</infon><offset>11220</offset><text>A web‐based platform called OptimalSort (https://www.optimalworkshop.com/optimalsort/) was employed to create and distribute all phases of crowdsourcing. Questionnaires appropriate for each phase were programmed in this platform and distributed over e‐mail listservs. Phase 1's intention was to discover the protocol areas that researchers, and the general public, felt were important in COVID‐19 research. This step used individual “cards” to sort; participants were presented these cards with a 5‐min time limit to perform this task. Phase 2's intention was to group the results of Phase 1 into possible collections, using a Dendrogram Study methodology, and using the top 75% of topics from Phase 1 to form the basis of the next card‐sort methodology. This step of the process used an “open card sort,” where individuals produced buckets of their design to create groupings without the bias introduced by the study hosts. Phase 2.5 verified the results from Phase 2 by having the participants pick a group for each topic area and place topics into the buckets in which they believed the topics belonged. These categories also should have received their highest‐rated naming by the results of Phase 1 and Phase 2 and informed the COVID‐19 collection names and study areas. Topics slotted into the categories in Phases 1‐2.5 also provided a foundation used to inform which PhenX protocols and new COVID‐19 protocols would be a part of these collections. Phase 3 was intended to pick the measurement protocols that would end up in the final collections. Since this step was very time intensive for the user, standard triage measures were used to trim the number of options for each task to a manageable level for participants. Individuals read through the possible protocol options and selected the one they believed was the best option. These were then ranked by the overall vote each one received.</text></passage><passage><infon key="section_type">INTRO</infon><infon key="type">paragraph</infon><offset>13146</offset><text>PhenX then utilized the results to inform which existing PhenX protocols and which new COVID‐19 protocols would be in these collections. The PhenX steering committee (SC) conducted a final review, and protocols were designated as “rapid release” as part of the evolved PhenX process. Overall, a typical start‐to‐finish process for a collection takes around 1 year; the process to release the COVID‐19 collections took about 3 months. The collections were finalized and released in the PhenX Toolkit on October 30, 2020.</text></passage><passage><infon key="section_type">INTRO</infon><infon key="type">title_3</infon><offset>13678</offset><text>COVID‐19 collections</text></passage><passage><infon key="section_type">INTRO</infon><infon key="type">paragraph</infon><offset>13701</offset><text>The PhenX Toolkit created six COVID‐19 Research specialty collections (Fig. 3, Table 4) to promote use of common data elements. The protocols were released with a “rapid release” status, indicating our effort to make these cutting‐edge data collection protocols quickly available to the research community. Primary considerations for selection of the recommended COVID‐19 protocols included their being from a reputable source, that they were broadly applicable to both research and clinical assessment, and that that they were based on input from crowdsourcing results. Other considerations included availability in other languages, applicability to people of various life stages, being available free of charge to the public, and willingness to address health disparities.</text></passage><passage><infon key="file">CPZ1-1-e111-g010.jpg</infon><infon key="id">cpz1111-fig-0003</infon><infon key="section_type">FIG</infon><infon key="type">fig_caption</infon><offset>14486</offset><text>The PhenX COVID‐19 Research Collections page.</text></passage><passage><infon key="file">cpz1111-tbl-0004.xml</infon><infon key="id">cpz1111-tbl-0004</infon><infon key="section_type">TABLE</infon><infon key="type">table_caption</infon><offset>14534</offset><text>PhenX COVID‐19 Research Collections</text></passage><passage><infon key="file">cpz1111-tbl-0004.xml</infon><infon key="id">cpz1111-tbl-0004</infon><infon key="section_type">TABLE</infon><infon key="type">table</infon><infon key="xml">&lt;?xml version=&quot;1.0&quot; encoding=&quot;UTF-8&quot;?&gt;
&lt;table frame=&quot;hsides&quot; rules=&quot;groups&quot;&gt;&lt;col align=&quot;left&quot; span=&quot;1&quot;/&gt;&lt;col align=&quot;left&quot; span=&quot;1&quot;/&gt;&lt;thead&gt;&lt;tr style=&quot;border-bottom:solid 1px #000000&quot;&gt;&lt;th align=&quot;left&quot; rowspan=&quot;1&quot; colspan=&quot;1&quot;&gt;Specialty collection&lt;/th&gt;&lt;th align=&quot;left&quot; rowspan=&quot;1&quot; colspan=&quot;1&quot;&gt;Protocols&lt;/th&gt;&lt;/tr&gt;&lt;/thead&gt;&lt;tbody&gt;&lt;tr&gt;&lt;td align=&quot;left&quot; rowspan=&quot;1&quot; colspan=&quot;1&quot;&gt;Behaviors and risks&lt;/td&gt;&lt;td align=&quot;left&quot; rowspan=&quot;1&quot; colspan=&quot;1&quot;&gt;
&lt;p&gt;Alcohol‐Treatment for alcohol usage&lt;/p&gt;
&lt;p&gt;Body Mass Index&lt;/p&gt;
&lt;p&gt;COVID‐19 Knowledge, Attitudes, and Avoidant Behaviors&lt;xref ref-type=&quot;fn&quot; rid=&quot;cpz1111-tbl4-note-0001&quot;&gt;
&lt;sup&gt;&lt;italic&gt;a&lt;/italic&gt;&lt;/sup&gt;
&lt;/xref&gt;
&lt;/p&gt;
&lt;p&gt;COVID‐19 Related Social Distancing Experiences&lt;xref ref-type=&quot;fn&quot; rid=&quot;cpz1111-tbl4-note-0001&quot;&gt;
&lt;sup&gt;&lt;italic&gt;a&lt;/italic&gt;&lt;/sup&gt;
&lt;/xref&gt;
&lt;/p&gt;
&lt;p&gt;COVID‐19 Related Social Distancing Experiences (Spanish)&lt;xref ref-type=&quot;fn&quot; rid=&quot;cpz1111-tbl4-note-0001&quot;&gt;
&lt;sup&gt;&lt;italic&gt;a&lt;/italic&gt;&lt;/sup&gt;
&lt;/xref&gt;
&lt;/p&gt;
&lt;p&gt;COVID‐19 Related Social Interactions&lt;xref ref-type=&quot;fn&quot; rid=&quot;cpz1111-tbl4-note-0001&quot;&gt;
&lt;sup&gt;&lt;italic&gt;a&lt;/italic&gt;&lt;/sup&gt;
&lt;/xref&gt;
&lt;/p&gt;
&lt;p&gt;Injection Drug Use&lt;/p&gt;
&lt;p&gt;Substance Abuse and Dependence–Past Year–Drugs&lt;/p&gt;
&lt;p&gt;Substances‐Lifetime Use&lt;/p&gt;
&lt;p&gt;Treatment Availability and Level of Care&lt;/p&gt;
&lt;p&gt;Use of Personal Protective Equipment (PPE) by Healthcare Workers&lt;xref ref-type=&quot;fn&quot; rid=&quot;cpz1111-tbl4-note-0001&quot;&gt;
&lt;sup&gt;&lt;italic&gt;a&lt;/italic&gt;&lt;/sup&gt;
&lt;/xref&gt;
&lt;/p&gt;
&lt;p&gt;Use of Tobacco Products&lt;/p&gt;
&lt;/td&gt;&lt;/tr&gt;&lt;tr&gt;&lt;td align=&quot;left&quot; rowspan=&quot;1&quot; colspan=&quot;1&quot;&gt;Ethnicity, race and demographics&lt;/td&gt;&lt;td align=&quot;left&quot; rowspan=&quot;1&quot; colspan=&quot;1&quot;&gt;
&lt;p&gt;Birthplace&lt;/p&gt;
&lt;p&gt;Current Employment Status&lt;/p&gt;
&lt;p&gt;Current Marital Status&lt;/p&gt;
&lt;p&gt;Cyberbullying Due to Racial/Ethnic Bias&lt;xref ref-type=&quot;fn&quot; rid=&quot;cpz1111-tbl4-note-0001&quot;&gt;
&lt;sup&gt;&lt;italic&gt;a&lt;/italic&gt;&lt;/sup&gt;
&lt;/xref&gt;
&lt;/p&gt;
&lt;p&gt;Discrimination&lt;/p&gt;
&lt;p&gt;Disparate Health Care Quality&lt;/p&gt;
&lt;p&gt;Educational Impact Due to COVID‐19&lt;xref ref-type=&quot;fn&quot; rid=&quot;cpz1111-tbl4-note-0001&quot;&gt;
&lt;sup&gt;&lt;italic&gt;a&lt;/italic&gt;&lt;/sup&gt;
&lt;/xref&gt;
&lt;/p&gt;
&lt;p&gt;Ethnicity and Race&lt;/p&gt;
&lt;p&gt;Race/Ethnic Residential Segregation–American Community Survey&lt;/p&gt;
&lt;p&gt;Race/Ethnic Residential Segregation–Separation (S) Index, Unbiased&lt;/p&gt;
&lt;p&gt;Race/Ethnic Residential Segregation–U.S. Census&lt;/p&gt;
&lt;p&gt;Years Living in the U.S.&lt;/p&gt;
&lt;/td&gt;&lt;/tr&gt;&lt;tr&gt;&lt;td align=&quot;left&quot; rowspan=&quot;1&quot; colspan=&quot;1&quot;&gt;History, treatment and outcomes&lt;/td&gt;&lt;td align=&quot;left&quot; rowspan=&quot;1&quot; colspan=&quot;1&quot;&gt;
&lt;p&gt;Access to Health Services&lt;/p&gt;
&lt;p&gt;COVID‐19 Related Health Questions&lt;xref ref-type=&quot;fn&quot; rid=&quot;cpz1111-tbl4-note-0001&quot;&gt;
&lt;sup&gt;&lt;italic&gt;a&lt;/italic&gt;&lt;/sup&gt;
&lt;/xref&gt;
&lt;/p&gt;
&lt;p&gt;Health Conditions, Medications and Health Care During COVID‐19 Pandemic&lt;xref ref-type=&quot;fn&quot; rid=&quot;cpz1111-tbl4-note-0001&quot;&gt;
&lt;sup&gt;&lt;italic&gt;a&lt;/italic&gt;&lt;/sup&gt;
&lt;/xref&gt;
&lt;/p&gt;
&lt;p&gt;Medical History&lt;/p&gt;
&lt;p&gt;Medication Inventory&lt;/p&gt;
&lt;p&gt;Personal History of Allergies, Infectious Diseases, and Immunizations–Adult&lt;/p&gt;
&lt;p&gt;Personal Medical History of Allergies, Infectious Diseases, and Immunizations–Child&lt;/p&gt;
&lt;p&gt;Vulnerability and Exposure to COVID‐19&lt;xref ref-type=&quot;fn&quot; rid=&quot;cpz1111-tbl4-note-0001&quot;&gt;
&lt;sup&gt;&lt;italic&gt;a&lt;/italic&gt;&lt;/sup&gt;
&lt;/xref&gt;
&lt;/p&gt;
&lt;/td&gt;&lt;/tr&gt;&lt;tr&gt;&lt;td align=&quot;left&quot; rowspan=&quot;1&quot; colspan=&quot;1&quot;&gt;Information resources&lt;/td&gt;&lt;td align=&quot;left&quot; rowspan=&quot;1&quot; colspan=&quot;1&quot;&gt;
&lt;p&gt;Access to Health Technology&lt;/p&gt;
&lt;p&gt;COVID‐19 Related Information and Trust in News and Government Institutions&lt;xref ref-type=&quot;fn&quot; rid=&quot;cpz1111-tbl4-note-0001&quot;&gt;
&lt;sup&gt;&lt;italic&gt;a&lt;/italic&gt;&lt;/sup&gt;
&lt;/xref&gt;
&lt;/p&gt;
&lt;p&gt;Media Use&lt;/p&gt;
&lt;p&gt;Media Use During COVID‐19 &lt;xref ref-type=&quot;fn&quot; rid=&quot;cpz1111-tbl4-note-0001&quot;&gt;
&lt;sup&gt;&lt;italic&gt;a&lt;/italic&gt;&lt;/sup&gt;
&lt;/xref&gt;
&lt;/p&gt;
&lt;/td&gt;&lt;/tr&gt;&lt;tr&gt;&lt;td align=&quot;left&quot; rowspan=&quot;1&quot; colspan=&quot;1&quot;&gt;Psychosocial and mental health&lt;/td&gt;&lt;td align=&quot;left&quot; rowspan=&quot;1&quot; colspan=&quot;1&quot;&gt;
&lt;p&gt;Broad Psychopathology–Adult&lt;/p&gt;
&lt;p&gt;Coping with COVID‐19 &lt;xref ref-type=&quot;fn&quot; rid=&quot;cpz1111-tbl4-note-0001&quot;&gt;
&lt;sup&gt;&lt;italic&gt;a&lt;/italic&gt;&lt;/sup&gt;
&lt;/xref&gt;
&lt;/p&gt;
&lt;p&gt;Coronavirus Anxiety Scale&lt;xref ref-type=&quot;fn&quot; rid=&quot;cpz1111-tbl4-note-0001&quot;&gt;
&lt;sup&gt;&lt;italic&gt;a&lt;/italic&gt;&lt;/sup&gt;
&lt;/xref&gt;
&lt;/p&gt;
&lt;p&gt;COVID‐19 and Mental Health Impacts&lt;xref ref-type=&quot;fn&quot; rid=&quot;cpz1111-tbl4-note-0001&quot;&gt;
&lt;sup&gt;&lt;italic&gt;a&lt;/italic&gt;&lt;/sup&gt;
&lt;/xref&gt;
&lt;/p&gt;
&lt;p&gt;COVID‐19 Related Impact on Sleep&lt;xref ref-type=&quot;fn&quot; rid=&quot;cpz1111-tbl4-note-0001&quot;&gt;
&lt;sup&gt;&lt;italic&gt;a&lt;/italic&gt;&lt;/sup&gt;
&lt;/xref&gt;
&lt;/p&gt;
&lt;p&gt;Effects of COVID‐19 Outbreak–Adult&lt;xref ref-type=&quot;fn&quot; rid=&quot;cpz1111-tbl4-note-0001&quot;&gt;
&lt;sup&gt;&lt;italic&gt;a&lt;/italic&gt;&lt;/sup&gt;
&lt;/xref&gt;
&lt;/p&gt;
&lt;p&gt;Effects of COVID‐19 Outbreak–Adult (Spanish)&lt;xref ref-type=&quot;fn&quot; rid=&quot;cpz1111-tbl4-note-0001&quot;&gt;
&lt;sup&gt;&lt;italic&gt;a&lt;/italic&gt;&lt;/sup&gt;
&lt;/xref&gt;
&lt;/p&gt;
&lt;p&gt;Effects of COVID‐19 Outbreak–Child Parent‐Report&lt;xref ref-type=&quot;fn&quot; rid=&quot;cpz1111-tbl4-note-0001&quot;&gt;
&lt;sup&gt;&lt;italic&gt;a&lt;/italic&gt;&lt;/sup&gt;
&lt;/xref&gt;
&lt;/p&gt;
&lt;p&gt;Effects of COVID‐19 Outbreak–Child Parent‐Report (Spanish)&lt;xref ref-type=&quot;fn&quot; rid=&quot;cpz1111-tbl4-note-0001&quot;&gt;
&lt;sup&gt;&lt;italic&gt;a&lt;/italic&gt;&lt;/sup&gt;
&lt;/xref&gt;
&lt;/p&gt;
&lt;p&gt;Effects of COVID‐19 Outbreak–Child Self‐Report&lt;xref ref-type=&quot;fn&quot; rid=&quot;cpz1111-tbl4-note-0001&quot;&gt;
&lt;sup&gt;&lt;italic&gt;a&lt;/italic&gt;&lt;/sup&gt;
&lt;/xref&gt;
&lt;/p&gt;
&lt;p&gt;Effects of COVID‐19 Outbreak–Child Self‐Report (Spanish)&lt;xref ref-type=&quot;fn&quot; rid=&quot;cpz1111-tbl4-note-0001&quot;&gt;
&lt;sup&gt;&lt;italic&gt;a&lt;/italic&gt;&lt;/sup&gt;
&lt;/xref&gt;
&lt;/p&gt;
&lt;p&gt;Perceived Stress&lt;/p&gt;
&lt;p&gt;Quality of Life‐Adult&lt;/p&gt;
&lt;p&gt;Quality of Life‐Pediatric&lt;/p&gt;
&lt;/td&gt;&lt;/tr&gt;&lt;tr&gt;&lt;td align=&quot;left&quot; rowspan=&quot;1&quot; colspan=&quot;1&quot;&gt;Socioeconomic&lt;/td&gt;&lt;td align=&quot;left&quot; rowspan=&quot;1&quot; colspan=&quot;1&quot;&gt;
&lt;p&gt;Annual Family Income&lt;/p&gt;
&lt;p&gt;COVID‐19 Related Employment Status&lt;xref ref-type=&quot;fn&quot; rid=&quot;cpz1111-tbl4-note-0001&quot;&gt;
&lt;sup&gt;&lt;italic&gt;a&lt;/italic&gt;&lt;/sup&gt;
&lt;/xref&gt;
&lt;/p&gt;
&lt;p&gt;COVID‐19 Related Household Finances&lt;xref ref-type=&quot;fn&quot; rid=&quot;cpz1111-tbl4-note-0001&quot;&gt;
&lt;sup&gt;&lt;italic&gt;a&lt;/italic&gt;&lt;/sup&gt;
&lt;/xref&gt;
&lt;/p&gt;
&lt;p&gt;Current Employment Status&lt;/p&gt;
&lt;p&gt;Educational Attainment–Individual&lt;/p&gt;
&lt;p&gt;Family Interpersonal Relationships&lt;/p&gt;
&lt;p&gt;Food Insecurity&lt;/p&gt;
&lt;p&gt;Health Insurance Coverage&lt;/p&gt;
&lt;p&gt;Job Insecurity&lt;/p&gt;
&lt;p&gt;School Social Environment&lt;/p&gt;
&lt;p&gt;Social Networks&lt;/p&gt;
&lt;p&gt;Wealth&lt;/p&gt;
&lt;/td&gt;&lt;/tr&gt;&lt;/tbody&gt;&lt;/table&gt;
</infon><offset>14572</offset><text>Specialty collection	Protocols	 	Behaviors and risks	Alcohol‐Treatment for alcohol usageBody Mass IndexCOVID‐19 Knowledge, Attitudes, and Avoidant BehaviorsaCOVID‐19 Related Social Distancing ExperiencesaCOVID‐19 Related Social Distancing Experiences (Spanish)aCOVID‐19 Related Social InteractionsaInjection Drug UseSubstance Abuse and Dependence–Past Year–DrugsSubstances‐Lifetime UseTreatment Availability and Level of CareUse of Personal Protective Equipment (PPE) by Healthcare WorkersaUse of Tobacco Products	 	Ethnicity, race and demographics	BirthplaceCurrent Employment StatusCurrent Marital StatusCyberbullying Due to Racial/Ethnic BiasaDiscriminationDisparate Health Care QualityEducational Impact Due to COVID‐19aEthnicity and RaceRace/Ethnic Residential Segregation–American Community SurveyRace/Ethnic Residential Segregation–Separation (S) Index, UnbiasedRace/Ethnic Residential Segregation–U.S. CensusYears Living in the U.S.	 	History, treatment and outcomes	Access to Health ServicesCOVID‐19 Related Health QuestionsaHealth Conditions, Medications and Health Care During COVID‐19 PandemicaMedical HistoryMedication InventoryPersonal History of Allergies, Infectious Diseases, and Immunizations–AdultPersonal Medical History of Allergies, Infectious Diseases, and Immunizations–ChildVulnerability and Exposure to COVID‐19a	 	Information resources	Access to Health TechnologyCOVID‐19 Related Information and Trust in News and Government InstitutionsaMedia UseMedia Use During COVID‐19 a	 	Psychosocial and mental health	Broad Psychopathology–AdultCoping with COVID‐19 aCoronavirus Anxiety ScaleaCOVID‐19 and Mental Health ImpactsaCOVID‐19 Related Impact on SleepaEffects of COVID‐19 Outbreak–AdultaEffects of COVID‐19 Outbreak–Adult (Spanish)aEffects of COVID‐19 Outbreak–Child Parent‐ReportaEffects of COVID‐19 Outbreak–Child Parent‐Report (Spanish)aEffects of COVID‐19 Outbreak–Child Self‐ReportaEffects of COVID‐19 Outbreak–Child Self‐Report (Spanish)aPerceived StressQuality of Life‐AdultQuality of Life‐Pediatric	 	Socioeconomic	Annual Family IncomeCOVID‐19 Related Employment StatusaCOVID‐19 Related Household FinancesaCurrent Employment StatusEducational Attainment–IndividualFamily Interpersonal RelationshipsFood InsecurityHealth Insurance CoverageJob InsecuritySchool Social EnvironmentSocial NetworksWealth	 	</text></passage><passage><infon key="file">cpz1111-tbl-0004.xml</infon><infon key="id">cpz1111-tbl-0004</infon><infon key="section_type">TABLE</infon><infon key="type">table_footnote</infon><offset>16996</offset><text>Indicates “rapid release” COVID‐19 protocols. Note that all other protocols are PhenX protocols that were released using the traditional PhenX process.</text></passage><passage><infon key="file">cpz1111-tbl-0004.xml</infon><infon key="id">cpz1111-tbl-0004</infon><infon key="section_type">TABLE</infon><infon key="type">table</infon><infon key="xml">&lt;?xml version=&quot;1.0&quot; encoding=&quot;UTF-8&quot;?&gt;
&lt;table frame=&quot;hsides&quot; rules=&quot;groups&quot;&gt;&lt;col align=&quot;left&quot; span=&quot;1&quot;/&gt;&lt;col align=&quot;left&quot; span=&quot;1&quot;/&gt;&lt;thead&gt;&lt;tr style=&quot;border-bottom:solid 1px #000000&quot;&gt;&lt;th align=&quot;left&quot; rowspan=&quot;1&quot; colspan=&quot;1&quot;&gt;Specialty collection&lt;/th&gt;&lt;th align=&quot;left&quot; rowspan=&quot;1&quot; colspan=&quot;1&quot;&gt;Protocols&lt;/th&gt;&lt;/tr&gt;&lt;/thead&gt;&lt;tbody&gt;&lt;tr&gt;&lt;td align=&quot;left&quot; rowspan=&quot;1&quot; colspan=&quot;1&quot;&gt;Behaviors and risks&lt;/td&gt;&lt;td align=&quot;left&quot; rowspan=&quot;1&quot; colspan=&quot;1&quot;&gt;
&lt;p&gt;Alcohol‐Treatment for alcohol usage&lt;/p&gt;
&lt;p&gt;Body Mass Index&lt;/p&gt;
&lt;p&gt;COVID‐19 Knowledge, Attitudes, and Avoidant Behaviors&lt;xref ref-type=&quot;fn&quot; rid=&quot;cpz1111-tbl4-note-0001&quot;&gt;
&lt;sup&gt;&lt;italic&gt;a&lt;/italic&gt;&lt;/sup&gt;
&lt;/xref&gt;
&lt;/p&gt;
&lt;p&gt;COVID‐19 Related Social Distancing Experiences&lt;xref ref-type=&quot;fn&quot; rid=&quot;cpz1111-tbl4-note-0001&quot;&gt;
&lt;sup&gt;&lt;italic&gt;a&lt;/italic&gt;&lt;/sup&gt;
&lt;/xref&gt;
&lt;/p&gt;
&lt;p&gt;COVID‐19 Related Social Distancing Experiences (Spanish)&lt;xref ref-type=&quot;fn&quot; rid=&quot;cpz1111-tbl4-note-0001&quot;&gt;
&lt;sup&gt;&lt;italic&gt;a&lt;/italic&gt;&lt;/sup&gt;
&lt;/xref&gt;
&lt;/p&gt;
&lt;p&gt;COVID‐19 Related Social Interactions&lt;xref ref-type=&quot;fn&quot; rid=&quot;cpz1111-tbl4-note-0001&quot;&gt;
&lt;sup&gt;&lt;italic&gt;a&lt;/italic&gt;&lt;/sup&gt;
&lt;/xref&gt;
&lt;/p&gt;
&lt;p&gt;Injection Drug Use&lt;/p&gt;
&lt;p&gt;Substance Abuse and Dependence–Past Year–Drugs&lt;/p&gt;
&lt;p&gt;Substances‐Lifetime Use&lt;/p&gt;
&lt;p&gt;Treatment Availability and Level of Care&lt;/p&gt;
&lt;p&gt;Use of Personal Protective Equipment (PPE) by Healthcare Workers&lt;xref ref-type=&quot;fn&quot; rid=&quot;cpz1111-tbl4-note-0001&quot;&gt;
&lt;sup&gt;&lt;italic&gt;a&lt;/italic&gt;&lt;/sup&gt;
&lt;/xref&gt;
&lt;/p&gt;
&lt;p&gt;Use of Tobacco Products&lt;/p&gt;
&lt;/td&gt;&lt;/tr&gt;&lt;tr&gt;&lt;td align=&quot;left&quot; rowspan=&quot;1&quot; colspan=&quot;1&quot;&gt;Ethnicity, race and demographics&lt;/td&gt;&lt;td align=&quot;left&quot; rowspan=&quot;1&quot; colspan=&quot;1&quot;&gt;
&lt;p&gt;Birthplace&lt;/p&gt;
&lt;p&gt;Current Employment Status&lt;/p&gt;
&lt;p&gt;Current Marital Status&lt;/p&gt;
&lt;p&gt;Cyberbullying Due to Racial/Ethnic Bias&lt;xref ref-type=&quot;fn&quot; rid=&quot;cpz1111-tbl4-note-0001&quot;&gt;
&lt;sup&gt;&lt;italic&gt;a&lt;/italic&gt;&lt;/sup&gt;
&lt;/xref&gt;
&lt;/p&gt;
&lt;p&gt;Discrimination&lt;/p&gt;
&lt;p&gt;Disparate Health Care Quality&lt;/p&gt;
&lt;p&gt;Educational Impact Due to COVID‐19&lt;xref ref-type=&quot;fn&quot; rid=&quot;cpz1111-tbl4-note-0001&quot;&gt;
&lt;sup&gt;&lt;italic&gt;a&lt;/italic&gt;&lt;/sup&gt;
&lt;/xref&gt;
&lt;/p&gt;
&lt;p&gt;Ethnicity and Race&lt;/p&gt;
&lt;p&gt;Race/Ethnic Residential Segregation–American Community Survey&lt;/p&gt;
&lt;p&gt;Race/Ethnic Residential Segregation–Separation (S) Index, Unbiased&lt;/p&gt;
&lt;p&gt;Race/Ethnic Residential Segregation–U.S. Census&lt;/p&gt;
&lt;p&gt;Years Living in the U.S.&lt;/p&gt;
&lt;/td&gt;&lt;/tr&gt;&lt;tr&gt;&lt;td align=&quot;left&quot; rowspan=&quot;1&quot; colspan=&quot;1&quot;&gt;History, treatment and outcomes&lt;/td&gt;&lt;td align=&quot;left&quot; rowspan=&quot;1&quot; colspan=&quot;1&quot;&gt;
&lt;p&gt;Access to Health Services&lt;/p&gt;
&lt;p&gt;COVID‐19 Related Health Questions&lt;xref ref-type=&quot;fn&quot; rid=&quot;cpz1111-tbl4-note-0001&quot;&gt;
&lt;sup&gt;&lt;italic&gt;a&lt;/italic&gt;&lt;/sup&gt;
&lt;/xref&gt;
&lt;/p&gt;
&lt;p&gt;Health Conditions, Medications and Health Care During COVID‐19 Pandemic&lt;xref ref-type=&quot;fn&quot; rid=&quot;cpz1111-tbl4-note-0001&quot;&gt;
&lt;sup&gt;&lt;italic&gt;a&lt;/italic&gt;&lt;/sup&gt;
&lt;/xref&gt;
&lt;/p&gt;
&lt;p&gt;Medical History&lt;/p&gt;
&lt;p&gt;Medication Inventory&lt;/p&gt;
&lt;p&gt;Personal History of Allergies, Infectious Diseases, and Immunizations–Adult&lt;/p&gt;
&lt;p&gt;Personal Medical History of Allergies, Infectious Diseases, and Immunizations–Child&lt;/p&gt;
&lt;p&gt;Vulnerability and Exposure to COVID‐19&lt;xref ref-type=&quot;fn&quot; rid=&quot;cpz1111-tbl4-note-0001&quot;&gt;
&lt;sup&gt;&lt;italic&gt;a&lt;/italic&gt;&lt;/sup&gt;
&lt;/xref&gt;
&lt;/p&gt;
&lt;/td&gt;&lt;/tr&gt;&lt;tr&gt;&lt;td align=&quot;left&quot; rowspan=&quot;1&quot; colspan=&quot;1&quot;&gt;Information resources&lt;/td&gt;&lt;td align=&quot;left&quot; rowspan=&quot;1&quot; colspan=&quot;1&quot;&gt;
&lt;p&gt;Access to Health Technology&lt;/p&gt;
&lt;p&gt;COVID‐19 Related Information and Trust in News and Government Institutions&lt;xref ref-type=&quot;fn&quot; rid=&quot;cpz1111-tbl4-note-0001&quot;&gt;
&lt;sup&gt;&lt;italic&gt;a&lt;/italic&gt;&lt;/sup&gt;
&lt;/xref&gt;
&lt;/p&gt;
&lt;p&gt;Media Use&lt;/p&gt;
&lt;p&gt;Media Use During COVID‐19 &lt;xref ref-type=&quot;fn&quot; rid=&quot;cpz1111-tbl4-note-0001&quot;&gt;
&lt;sup&gt;&lt;italic&gt;a&lt;/italic&gt;&lt;/sup&gt;
&lt;/xref&gt;
&lt;/p&gt;
&lt;/td&gt;&lt;/tr&gt;&lt;tr&gt;&lt;td align=&quot;left&quot; rowspan=&quot;1&quot; colspan=&quot;1&quot;&gt;Psychosocial and mental health&lt;/td&gt;&lt;td align=&quot;left&quot; rowspan=&quot;1&quot; colspan=&quot;1&quot;&gt;
&lt;p&gt;Broad Psychopathology–Adult&lt;/p&gt;
&lt;p&gt;Coping with COVID‐19 &lt;xref ref-type=&quot;fn&quot; rid=&quot;cpz1111-tbl4-note-0001&quot;&gt;
&lt;sup&gt;&lt;italic&gt;a&lt;/italic&gt;&lt;/sup&gt;
&lt;/xref&gt;
&lt;/p&gt;
&lt;p&gt;Coronavirus Anxiety Scale&lt;xref ref-type=&quot;fn&quot; rid=&quot;cpz1111-tbl4-note-0001&quot;&gt;
&lt;sup&gt;&lt;italic&gt;a&lt;/italic&gt;&lt;/sup&gt;
&lt;/xref&gt;
&lt;/p&gt;
&lt;p&gt;COVID‐19 and Mental Health Impacts&lt;xref ref-type=&quot;fn&quot; rid=&quot;cpz1111-tbl4-note-0001&quot;&gt;
&lt;sup&gt;&lt;italic&gt;a&lt;/italic&gt;&lt;/sup&gt;
&lt;/xref&gt;
&lt;/p&gt;
&lt;p&gt;COVID‐19 Related Impact on Sleep&lt;xref ref-type=&quot;fn&quot; rid=&quot;cpz1111-tbl4-note-0001&quot;&gt;
&lt;sup&gt;&lt;italic&gt;a&lt;/italic&gt;&lt;/sup&gt;
&lt;/xref&gt;
&lt;/p&gt;
&lt;p&gt;Effects of COVID‐19 Outbreak–Adult&lt;xref ref-type=&quot;fn&quot; rid=&quot;cpz1111-tbl4-note-0001&quot;&gt;
&lt;sup&gt;&lt;italic&gt;a&lt;/italic&gt;&lt;/sup&gt;
&lt;/xref&gt;
&lt;/p&gt;
&lt;p&gt;Effects of COVID‐19 Outbreak–Adult (Spanish)&lt;xref ref-type=&quot;fn&quot; rid=&quot;cpz1111-tbl4-note-0001&quot;&gt;
&lt;sup&gt;&lt;italic&gt;a&lt;/italic&gt;&lt;/sup&gt;
&lt;/xref&gt;
&lt;/p&gt;
&lt;p&gt;Effects of COVID‐19 Outbreak–Child Parent‐Report&lt;xref ref-type=&quot;fn&quot; rid=&quot;cpz1111-tbl4-note-0001&quot;&gt;
&lt;sup&gt;&lt;italic&gt;a&lt;/italic&gt;&lt;/sup&gt;
&lt;/xref&gt;
&lt;/p&gt;
&lt;p&gt;Effects of COVID‐19 Outbreak–Child Parent‐Report (Spanish)&lt;xref ref-type=&quot;fn&quot; rid=&quot;cpz1111-tbl4-note-0001&quot;&gt;
&lt;sup&gt;&lt;italic&gt;a&lt;/italic&gt;&lt;/sup&gt;
&lt;/xref&gt;
&lt;/p&gt;
&lt;p&gt;Effects of COVID‐19 Outbreak–Child Self‐Report&lt;xref ref-type=&quot;fn&quot; rid=&quot;cpz1111-tbl4-note-0001&quot;&gt;
&lt;sup&gt;&lt;italic&gt;a&lt;/italic&gt;&lt;/sup&gt;
&lt;/xref&gt;
&lt;/p&gt;
&lt;p&gt;Effects of COVID‐19 Outbreak–Child Self‐Report (Spanish)&lt;xref ref-type=&quot;fn&quot; rid=&quot;cpz1111-tbl4-note-0001&quot;&gt;
&lt;sup&gt;&lt;italic&gt;a&lt;/italic&gt;&lt;/sup&gt;
&lt;/xref&gt;
&lt;/p&gt;
&lt;p&gt;Perceived Stress&lt;/p&gt;
&lt;p&gt;Quality of Life‐Adult&lt;/p&gt;
&lt;p&gt;Quality of Life‐Pediatric&lt;/p&gt;
&lt;/td&gt;&lt;/tr&gt;&lt;tr&gt;&lt;td align=&quot;left&quot; rowspan=&quot;1&quot; colspan=&quot;1&quot;&gt;Socioeconomic&lt;/td&gt;&lt;td align=&quot;left&quot; rowspan=&quot;1&quot; colspan=&quot;1&quot;&gt;
&lt;p&gt;Annual Family Income&lt;/p&gt;
&lt;p&gt;COVID‐19 Related Employment Status&lt;xref ref-type=&quot;fn&quot; rid=&quot;cpz1111-tbl4-note-0001&quot;&gt;
&lt;sup&gt;&lt;italic&gt;a&lt;/italic&gt;&lt;/sup&gt;
&lt;/xref&gt;
&lt;/p&gt;
&lt;p&gt;COVID‐19 Related Household Finances&lt;xref ref-type=&quot;fn&quot; rid=&quot;cpz1111-tbl4-note-0001&quot;&gt;
&lt;sup&gt;&lt;italic&gt;a&lt;/italic&gt;&lt;/sup&gt;
&lt;/xref&gt;
&lt;/p&gt;
&lt;p&gt;Current Employment Status&lt;/p&gt;
&lt;p&gt;Educational Attainment–Individual&lt;/p&gt;
&lt;p&gt;Family Interpersonal Relationships&lt;/p&gt;
&lt;p&gt;Food Insecurity&lt;/p&gt;
&lt;p&gt;Health Insurance Coverage&lt;/p&gt;
&lt;p&gt;Job Insecurity&lt;/p&gt;
&lt;p&gt;School Social Environment&lt;/p&gt;
&lt;p&gt;Social Networks&lt;/p&gt;
&lt;p&gt;Wealth&lt;/p&gt;
&lt;/td&gt;&lt;/tr&gt;&lt;/tbody&gt;&lt;/table&gt;
</infon><offset>17154</offset><text>This article is being made freely available through PubMed Central as part of the COVID-19 public health emergency response. It can be used for unrestricted research re-use and analysis in any form or by any means with acknowledgement of the original source, for the duration of the public health emergency.	 	</text></passage><passage><infon key="section_type">INTRO</infon><infon key="type">paragraph</infon><offset>17465</offset><text>The creation of COVID‐19 Research collections fully integrates the rapid release COVID‐19 protocols into the PhenX Toolkit. That is, the Toolkit provides a brief description of each measurement protocol, the purpose and rationale for the measurement protocol's inclusion, standard protocols, references, and requirements (e.g., training, personnel, equipment, applicable licensing fees) for data or specimen collection (Figs. 4, 5, 6, 7, 8). Toolkit users can search or browse for these COVID‐19‐related protocols and save selected protocols in My Toolkit. Users can also download a custom Data Collection Worksheet (DCW) that details their selections and allows them to easily “cut and paste” protocols to incorporate them into their data collection study design documentation. Finally, users can also download a REDCap (Research Electronic Data Capture) instance for data collection.</text></passage><passage><infon key="file">CPZ1-1-e111-g001.jpg</infon><infon key="id">cpz1111-fig-0004</infon><infon key="section_type">FIG</infon><infon key="type">fig_caption</infon><offset>18363</offset><text>A measurement protocol information tab.</text></passage><passage><infon key="section_type">INTRO</infon><infon key="type">title_1</infon><offset>18403</offset><text>SELECTING COVID‐19 PROTOCOLS</text></passage><passage><infon key="section_type">INTRO</infon><infon key="type">paragraph</infon><offset>18434</offset><text>The following provides a step‐by‐step process in selecting COVID‐19 protocols to include in a new study. In this scenario, an investigator has designed an epidemiological study of the effects of the COVID‐19 pandemic on minority populations. The investigator plans to assess a variety of phenotypes and exposures. The investigator is interested in how minority populations may be disproportionately affected by COVID‐19 infections and by impacts due to shutdown mandates. The investigator wants to include high‐quality measures, ensure consistent data collection, and be well positioned for data sharing and cross‐study analysis when the study is complete.</text></passage><passage><infon key="section_type">INTRO</infon><infon key="type">paragraph</infon><offset>19105</offset><text>The investigator has designed the study to include collection of basic demographic information and changes that may have occurred since the start of the COVID‐19 pandemic. The investigator recognizes that using PhenX measurement protocols in the study will facilitate combining their data with other studies that have also used PhenX protocols and will allow them to more readily replicate findings from other studies. The investigator visits the PhenX Toolkit to identify recommended protocols of phenotypes and exposures that could be included in their COVID‐19 study.</text></passage><passage><infon key="section_type">INTRO</infon><infon key="type">title_2</infon><offset>19680</offset><text>Materials</text></passage><passage><infon key="section_type">INTRO</infon><infon key="type">paragraph</infon><offset>19690</offset><text>Computer or laptop</text></passage><passage><infon key="section_type">INTRO</infon><infon key="type">paragraph</infon><offset>19709</offset><text>Internet browser</text></passage><passage><infon key="section_type">INTRO</infon><infon key="type">paragraph</infon><offset>19726</offset><text>Navigate to https://www.phenxtoolkit.org and browse protocols in the COVID‐19 Research Specialty Collections (see Fig. 3).</text></passage><passage><infon key="section_type">INTRO</infon><infon key="type">paragraph</infon><offset>19851</offset><text>Add the entire Ethnicity, Race and Demographics collection to your toolkit. This will display the contents of the toolkit (Fig. 9).</text></passage><passage><infon key="section_type">INTRO</infon><infon key="type">paragraph</infon><offset>19983</offset><text>Scroll to the bottom of the page and select “Add all Essential Protocols to your Toolkit” (Fig. 10).</text></passage><passage><infon key="section_type">INTRO</infon><infon key="type">paragraph</infon><offset>20088</offset><text>After protocols are added to My Toolkit, the Toolkit presents “Essential Protocols” identified by domain experts. For example, “Current Age” is essential to interpreting the results of two protocols: “COVID‐19 Related Employment Status,” and “COVID‐19 Related Household Finances.” As a result, the investigator clicks “Add all Essential Protocols to your Toolkit,” and these protocols are now added to My Toolkit.</text></passage><passage><infon key="section_type">INTRO</infon><infon key="type">paragraph</infon><offset>20526</offset><text>Browse Social Determinants of Health: Core (Fig. 11).</text></passage><passage><infon key="section_type">INTRO</infon><infon key="type">paragraph</infon><offset>20580</offset><text>Based upon research needs, investigators can customize their toolkit by returning to the COVID‐19 Research Collections page (Fig. 3) and adding additional collections that might be of interest.</text></passage><passage><infon key="section_type">INTRO</infon><infon key="type">paragraph</infon><offset>20776</offset><text>Search the entire Toolkit for additional measurement protocols (Fig. 12)</text></passage><passage><infon key="section_type">INTRO</infon><infon key="type">paragraph</infon><offset>20849</offset><text>Optional: If investigators do not identify a collection of interest by name alone, they can utilize the Search bar at the top of every page to look for specific measurement protocols.</text></passage><passage><infon key="section_type">INTRO</infon><infon key="type">paragraph</infon><offset>21033</offset><text>To see additional COVID‐19‐related measurement protocols already in use, investigators can visit https://www.phenxtoolkit.org/covid19 to browse the COVID‐19 Protocol Library.</text></passage><passage><infon key="section_type">INTRO</infon><infon key="type">paragraph</infon><offset>21214</offset><text>COVID‐19 measurement protocols and modules can be sorted either by subtopic (Fig. 13) or source organization. Source organization and source contact e‐mail are also provided. The library is also searchable by keywords.</text></passage><passage><infon key="section_type">INTRO</infon><infon key="type">paragraph</infon><offset>21437</offset><text>Once all protocols have been added to “My Toolkit,” click “Select All” or individually select protocols to highlight the protocols of interest.</text></passage><passage><infon key="section_type">INTRO</infon><infon key="type">paragraph</infon><offset>21589</offset><text>Basic Reports include a listing of all of the protocols in “My Toolkit” and the essential measures associated with them. For each protocol, it lists protocol ID, protocol description, specific instructions, and the protocol text.</text></passage><passage><infon key="section_type">INTRO</infon><infon key="type">paragraph</infon><offset>21823</offset><text>Detailed reports include a listing of all of the protocols in “My Toolkit” and the essential measures associated with them. For each protocol, it lists protocol ID, protocol description, specific instructions, protocol text, selection rationale, language, participants, personnel and training required to perform the protocol, equipment needs, standards, references, protocol type, derived variables, and requirements.</text></passage><passage><infon key="section_type">INTRO</infon><infon key="type">paragraph</infon><offset>22246</offset><text>Data Collection Worksheet(s) include questions to collect information from research participants.</text></passage><passage><infon key="section_type">INTRO</infon><infon key="type">paragraph</infon><offset>22344</offset><text>Data Dictionaries provides definitions of variables and other relevant parameters for a study's data management system. It also provides detailed information about each variable as well as skip patterns that are implemented throughout.</text></passage><passage><infon key="section_type">INTRO</infon><infon key="type">paragraph</infon><offset>22580</offset><text>Downloading in REDCap format allows investigators to upload directly to their pre‐existing REDCap data collections</text></passage><passage><infon key="section_type">INTRO</infon><infon key="type">paragraph</infon><offset>22697</offset><text>By selecting “Download,” investigators can choose to download a basic report, a detailed report, a data collection worksheet (multiple language options), or a data dictionary (multiple formats).  </text></passage><passage><infon key="section_type">DISCUSS</infon><infon key="type">title_1</infon><offset>22898</offset><text>COMMENTARY</text></passage><passage><infon key="section_type">DISCUSS</infon><infon key="type">title_2</infon><offset>22909</offset><text>Background Information</text></passage><passage><infon key="section_type">DISCUSS</infon><infon key="type">paragraph</infon><offset>22932</offset><text>The PhenX Toolkit is a web‐based resource that makes it easy for researchers to add high‐quality, well‐established standard measures to their studies. The value of standard measures is widely recognized (Fortier et al., 2010, 2011; Hendershot et al., 2015; Windle, Bennett, &amp; Noyes, 2011) because they facilitate cross‐study analysis and are relevant for genome‐wide association studies and other biomedical studies. Without standard measures, investigators must infer correspondence between data that are conceptually related but were collected using different methodologies, and attempt to harmonize disparate data across multiple studies. This can be a time‐consuming and difficult process that often reduces the number of variables that can be used for data analysis.</text></passage><passage><infon key="section_type">DISCUSS</infon><infon key="type">paragraph</infon><offset>23718</offset><text>This article highlights the features of the PhenX Toolkit that allow researchers to access and incorporate recommended COVID‐19 protocols into their studies. These COVID‐19 collections of protocols cover key subject areas related to the COVID‐19 pandemic. In addition, researchers can utilize the COVID‐19 library to access additional COVID‐19‐related protocols currently in use by a wide array of sources, such as the World Health Organization and the Environmental Influences on Child Health Outcomes Program. This overview is intended to introduce the PhenX Toolkit COVID‐19 specialty collections and to promote the use of these COVID‐19 measures and common data elements.</text></passage><passage><infon key="section_type">DISCUSS</infon><infon key="type">title_2</infon><offset>24410</offset><text>Critical Parameters and Troubleshooting</text></passage><passage><infon key="section_type">DISCUSS</infon><infon key="type">paragraph</infon><offset>24450</offset><text>Related Protocols are other protocols in the Toolkit that may be of interest (related protocols are suggestions only);</text></passage><passage><infon key="section_type">DISCUSS</infon><infon key="type">paragraph</infon><offset>24569</offset><text>Essential Protocols that are required to correctly interpret selected protocols;</text></passage><passage><infon key="section_type">DISCUSS</infon><infon key="type">paragraph</infon><offset>24650</offset><text>DCW to improve consistency of data collection; and</text></passage><passage><infon key="section_type">DISCUSS</infon><infon key="type">paragraph</infon><offset>24701</offset><text>Data Dictionary (DD) to enhance data sharing and compatibility with REDCap.</text></passage><passage><infon key="section_type">DISCUSS</infon><infon key="type">paragraph</infon><offset>24777</offset><text>The PhenX Toolkit is intended to provide support for a variety of study designs. Because not all protocols are suitable for all study designs, decisions on which protocols to select are the responsibility of the investigator. For the protocols included in the COVID‐19 Research collections and the entire PhenX Toolkit, the Toolkit provides the following:  </text></passage><passage><infon key="section_type">DISCUSS</infon><infon key="type">paragraph</infon><offset>25137</offset><text>For example, Current Age is considered essential to interpreting COVID‐19 Related Employment Status. When a user selects COVID‐19 Related Employment Status, they are encouraged to also select Current Age. The Toolkit also offers a DCW and REDCap DD. The DCW helps investigators integrate PhenX protocols into their existing research and also helps ensure that investigators collect the data needed for their measures. The DD describes the variables associated with the selected measures.</text></passage><passage><infon key="section_type">DISCUSS</infon><infon key="type">title_2</infon><offset>25629</offset><text>Understanding Results</text></passage><passage><infon key="section_type">DISCUSS</infon><infon key="type">paragraph</infon><offset>25651</offset><text>PhenX provides a resource of recommended and standard measurement protocols for use by the research community. By incorporating standard protocols into their studies, investigators can amplify their results by comparing or combining their data with other studies using the same standard protocols. NIH is supporting and coordinating multiple data science and research efforts to better understand, treat, and mitigate COVID‐19. Specifically, NIH supports data sharing and data interoperability via the PhenX Toolkit, the NIH Public Health Emergency and Disaster Research Response (DR2), and the Systemic Harmonization and Interoperability Enhancement for Laboratory Data (SHIELD). NIH also supports COVID‐19 research initiatives and development of new technologies, as evidenced by the newly established Collaborating Network of Networks for Evaluating COVID‐19 and Therapeutic Strategies (CONNECTS), the National COVID Cohort Collaborative (N3C), and the Rapid Acceleration of Diagnostics (RADx) initiative.</text></passage><passage><infon key="section_type">DISCUSS</infon><infon key="type">paragraph</infon><offset>26666</offset><text>NIH has posted 11 requests for application, 9 notices, and 1 program announcement related to COVID that mention PhenX in 2020 from the Office of the Director, National Institute on Drug Abuse, National Institute on Minority Health and Health Disparities (NIMHD), and National Institute of Mental Health (NIMH). These funding opportunities from the Office of the Director, NIMHD, and NIMH encourage the use of both the PhenX COVID‐19 library and collections.</text></passage><passage><infon key="section_type">DISCUSS</infon><infon key="type">paragraph</infon><offset>27126</offset><text>For the PhenX COVID‐19 collections, the process is an evolution of the PhenX consensus process that allows for more rapid identification of high‐quality measures suitable for release in the Toolkit. PhenX will add a variable compare tool that is envisioned to assist investigators in finding protocols best suited for their research needs.</text></passage><passage><infon key="section_type">DISCUSS</infon><infon key="type">paragraph</infon><offset>27470</offset><text>The COVID‐19 collections will allow researchers to combine and compare studies with increasing ease. Studies need to be compared in order to replicate results. In addition, combining studies increases the sample size, thus providing the statistical power needed. Widespread adoption of PhenX measures will have a dramatic impact on biomedical research and ultimately on the health and well‐being of the population. Using the NIH‐recommended COVID‐19 efforts alongside PhenX will help increase understanding of the COVID‐19 pandemic and its related socioeconomic effects.</text></passage><passage><infon key="section_type">DISCUSS</infon><infon key="type">title_2</infon><offset>28051</offset><text>Time Considerations</text></passage><passage><infon key="section_type">DISCUSS</infon><infon key="type">paragraph</infon><offset>28071</offset><text>The time required to collect data on a particular measure is addressed in the Requirements Table (see Fig. 5) for each specific protocol. Time as it pertains to use of the PhenX Toolkit is difficult to estimate. It could take as little as an hour for an investigator to select a few measures and request a Report, DCW, and DD. However, it is more likely that an investigator would spend an hour or two becoming familiar with the Toolkit, select a few measures, and then return to the Toolkit later to select additional measures. The PhenX Toolkit should be used as an integral part of the development of a new study.</text></passage><passage><infon key="file">CPZ1-1-e111-g009.jpg</infon><infon key="id">cpz1111-fig-0005</infon><infon key="section_type">FIG</infon><infon key="type">fig_caption</infon><offset>28688</offset><text>A measurement protocol administration information tab.</text></passage><passage><infon key="file">CPZ1-1-e111-g006.jpg</infon><infon key="id">cpz1111-fig-0006</infon><infon key="section_type">FIG</infon><infon key="type">fig_caption</infon><offset>28743</offset><text>A measurement protocol detailed information tab.</text></passage><passage><infon key="file">CPZ1-1-e111-g008.jpg</infon><infon key="id">cpz1111-fig-0007</infon><infon key="section_type">FIG</infon><infon key="type">fig_caption</infon><offset>28792</offset><text>A measurement protocol source information tab.</text></passage><passage><infon key="file">CPZ1-1-e111-g011.jpg</infon><infon key="id">cpz1111-fig-0008</infon><infon key="section_type">FIG</infon><infon key="type">fig_caption</infon><offset>28839</offset><text>A measurement protocol general information tab.</text></passage><passage><infon key="file">CPZ1-1-e111-g004.jpg</infon><infon key="id">cpz1111-fig-0009</infon><infon key="section_type">FIG</infon><infon key="type">fig_caption</infon><offset>28887</offset><text>My Toolkit contents after selecting measurement protocols.</text></passage><passage><infon key="file">CPZ1-1-e111-g012.jpg</infon><infon key="id">cpz1111-fig-0010</infon><infon key="section_type">FIG</infon><infon key="type">fig_caption</infon><offset>28946</offset><text>My Toolkit showing need to add Essential Protocols.</text></passage><passage><infon key="file">CPZ1-1-e111-g002.jpg</infon><infon key="id">cpz1111-fig-0011</infon><infon key="section_type">FIG</infon><infon key="type">fig_caption</infon><offset>28998</offset><text>The Social Determinants of Health: Core collection (protocols not seen in the figure: Health Insurance Coverage, Health Literacy, Occupational Prestige, Sexual Orientation).</text></passage><passage><infon key="file">CPZ1-1-e111-g013.jpg</infon><infon key="id">cpz1111-fig-0012</infon><infon key="section_type">FIG</infon><infon key="type">fig_caption</infon><offset>29172</offset><text>Results of search using keyword “nutrition.”</text></passage><passage><infon key="file">CPZ1-1-e111-g003.jpg</infon><infon key="id">cpz1111-fig-0013</infon><infon key="section_type">FIG</infon><infon key="type">fig_caption</infon><offset>29221</offset><text>PhenX COVID‐19 page sorted by subtopic.</text></passage><passage><infon key="section_type">DISCUSS</infon><infon key="type">title_2</infon><offset>29263</offset><text>Author Contributions</text></passage><passage><infon key="section_type">DISCUSS</infon><infon key="type">paragraph</infon><offset>29284</offset><text>Michelle C. Krzyzanowski: Conceptualization, Data curation, Funding acquisition, Methodology, Software, Supervision, Writing‐original draft, Writing‐review &amp; editing, Ian Terry: Data curation, Formal analysis, Methodology, Software, David Williams: Data curation, Software, Writing‐review &amp; editing, Pat West: Writing‐review &amp; editing, Lauren N. Gridley: Data curation, Resources, Carol M. Hamilton: Conceptualization, Funding acquisition, Investigation, Project administration, Supervision, Writing‐original draft, Writing‐review &amp; editing</text></passage><passage><infon key="section_type">DISCUSS</infon><infon key="type">title_2</infon><offset>29837</offset><text>Conflict of Interest</text></passage><passage><infon key="section_type">DISCUSS</infon><infon key="type">paragraph</infon><offset>29858</offset><text>The authors declare no conflict of interest.</text></passage><passage><infon key="section_type">SUPPL</infon><infon key="type">title_1</infon><offset>29903</offset><text>Data Availability Statement</text></passage><passage><infon key="section_type">SUPPL</infon><infon key="type">paragraph</infon><offset>29931</offset><text>No new data is reported in this protocol paper, and so none is being made available.</text></passage><passage><infon key="section_type">REF</infon><infon key="type">title</infon><offset>30016</offset><text>Literature Cited</text></passage><passage><infon key="fpage">1383</infon><infon key="issue">5</infon><infon key="lpage">1393</infon><infon key="pub-id_doi">10.1093/ije/dyq139</infon><infon key="pub-id_pmid">20813861</infon><infon key="section_type">REF</infon><infon key="source">International Journal of Epidemiology</infon><infon key="type">ref</infon><infon key="volume">39</infon><infon key="year">2010</infon><offset>30033</offset><text>Quality, quantity and harmony: The DataSHaPER approach to integrating data across bioclinical studies</text></passage><passage><infon key="fpage">261</infon><infon key="issue">3</infon><infon key="lpage">264</infon><infon key="pub-id_doi">10.1093/aje/kwr194</infon><infon key="pub-id_pmid">21749975</infon><infon key="section_type">REF</infon><infon key="source">American Journal of Epidemiology</infon><infon key="type">ref</infon><infon key="volume">174</infon><infon key="year">2011</infon><offset>30135</offset><text>Invited commentary: Consolidating data harmonization—How to obtain quality and applicability?</text></passage><passage><infon key="fpage">1.21.1</infon><infon key="lpage">1.21.17</infon><infon key="pub-id_doi">10.1002/0471142905.hg0121s86</infon><infon key="pub-id_pmid">26132000</infon><infon key="section_type">REF</infon><infon key="source">Current Protocols in Human Genetics</infon><infon key="type">ref</infon><infon key="volume">86</infon><infon key="year">2015</infon><offset>30231</offset><text>Using the PhenX Toolkit to add standard measures to a study</text></passage><passage><infon key="pub-id_doi">10.3768/rtipress.2013.mr.0027.1310</infon><infon key="section_type">REF</infon><infon key="source">PhenX—Establishing a consensus process to select common measures for collaborative research</infon><infon key="type">ref</infon><infon key="year">2013</infon><offset>30291</offset></passage><passage><infon key="fpage">857</infon><infon key="issue">4</infon><infon key="lpage">861</infon><infon key="pub-id_doi">10.1093/tbm/ibaa075</infon><infon key="pub-id_pmid">32716038</infon><infon key="section_type">REF</infon><infon key="source">Translational Behavioral Medicine</infon><infon key="type">ref</infon><infon key="volume">10</infon><infon key="year">2020</infon><offset>30292</offset><text>National Institutes of Health social and behavioral research in response to the SARS‐CoV2 pandemic</text></passage><passage><infon key="section_type">REF</infon><infon key="source">NIH‐wide strategic plan for COVID‐19 research</infon><infon key="type">ref</infon><infon key="year">2020</infon><offset>30393</offset></passage><passage><infon key="elocation-id">8</infon><infon key="pub-id_doi">10.1186/1477-7525-9-8</infon><infon key="pub-id_pmid">21294858</infon><infon key="section_type">REF</infon><infon key="source">Health and Quality of Life Outcomes</infon><infon key="type">ref</infon><infon key="volume">9</infon><infon key="year">2011</infon><offset>30394</offset><text>A methodological review of resilience measurement scales</text></passage></document></collection>
