<?xml version="1.0" encoding="UTF-8"?>
<!DOCTYPE collection SYSTEM "BioC.dtd">
<collection><source>PMC</source><date>20210604</date><key>pmc.key</key><document><id>8166032</id><infon key="license">CC BY</infon><passage><infon key="article-id_doi">10.1186/s12879-021-06212-6</infon><infon key="article-id_pmc">8166032</infon><infon key="article-id_pmid">34059014</infon><infon key="article-id_publisher-id">6212</infon><infon key="elocation-id">505</infon><infon key="kwd">Designathon Crowdsourcing Youth Human immunodeficiency virus (HIV) Self-test Nigeria</infon><infon key="license">Open AccessThis article is licensed under a Creative Commons Attribution 4.0 International License, which permits use, sharing, adaptation, distribution and reproduction in any medium or format, as long as you give appropriate credit to the original author(s) and the source, provide a link to the Creative Commons licence, and indicate if changes were made. The images or other third party material in this article are included in the article's Creative Commons licence, unless indicated otherwise in a credit line to the material. If material is not included in the article's Creative Commons licence and your intended use is not permitted by statutory regulation or exceeds the permitted use, you will need to obtain permission directly from the copyright holder. To view a copy of this licence, visit http://creativecommons.org/licenses/by/4.0/. The Creative Commons Public Domain Dedication waiver (http://creativecommons.org/publicdomain/zero/1.0/) applies to the data made available in this article, unless otherwise stated in a credit line to the data.</infon><infon key="name_0">surname:Tahlil;given-names:Kadija M.</infon><infon key="name_1">surname:Obiezu-Umeh;given-names:Chisom</infon><infon key="name_10">surname:Airhihenbuwa;given-names:Collins O.</infon><infon key="name_11">surname:Rosenberg;given-names:Nora E.</infon><infon key="name_12">surname:Tang;given-names:Weiming</infon><infon key="name_13">surname:Ong;given-names:Jason J.</infon><infon key="name_14">surname:Conserve;given-names:Donaldson F.</infon><infon key="name_15">surname:Iwelunmor;given-names:Juliet</infon><infon key="name_16">surname:Ezechi;given-names:Oliver</infon><infon key="name_17">surname:Tucker;given-names:Joseph D.</infon><infon key="name_2">surname:Gbajabiamila;given-names:Titi</infon><infon key="name_3">surname:Nwaozuru;given-names:Ucheoma</infon><infon key="name_4">surname:Oladele;given-names:David</infon><infon key="name_5">surname:Musa;given-names:Adesola Z.</infon><infon key="name_6">surname:Idigbe;given-names:Ifeoma</infon><infon key="name_7">surname:Okwuzu;given-names:Jane</infon><infon key="name_8">surname:David;given-names:Agatha N.</infon><infon key="name_9">surname:Bamidele;given-names:Tajudeen A.</infon><infon key="section_type">TITLE</infon><infon key="title">Keywords</infon><infon key="type">front</infon><infon key="volume">21</infon><infon key="year">2021</infon><offset>0</offset><text>A designathon to co-create community-driven HIV self-testing services for Nigerian youth: findings from a participatory event</text></passage><passage><infon key="section_type">ABSTRACT</infon><infon key="type">abstract_title_1</infon><offset>126</offset><text>Background</text></passage><passage><infon key="section_type">ABSTRACT</infon><infon key="type">abstract</infon><offset>137</offset><text>Youth are at high risk for HIV, but are often left out of designing interventions, including those focused on adolescents. We organized a designathon for Nigerian youth to develop HIV self-testing (HIVST) strategies for potential implementation in their local communities. A designathon is a problem-focused event where participants work together over a short period to create and present solutions to a judging panel.</text></passage><passage><infon key="section_type">ABSTRACT</infon><infon key="type">abstract_title_1</infon><offset>556</offset><text>Methods</text></passage><passage><infon key="section_type">ABSTRACT</infon><infon key="type">abstract</infon><offset>564</offset><text>We organized a 72-h designathon for youth (14–24 years old) in Nigeria to design strategies to increase youth HIVST uptake. Proposals included details about HIVST kit service delivery, method of distribution, promotional strategy, and youth audience. Teams pitched their proposals to a diverse seven-member judging panel who scored proposals based on desirability, feasibility, potential impact and teamwork. We examined participants’ socio-demographic characteristics and summarized themes from their HIVST proposals.</text></passage><passage><infon key="section_type">ABSTRACT</infon><infon key="type">abstract_title_1</infon><offset>1089</offset><text>Results</text></passage><passage><infon key="section_type">ABSTRACT</infon><infon key="type">abstract</infon><offset>1097</offset><text>Forty-two youth on 13 teams participated in the designathon. The median team size was 3 participants (IQR: 2–4). The median age was 22.5 years (IQR: 21–24), 66.7% were male, 47.4% completed tertiary education, and 50% lived in Lagos State. Themes from proposals included HIVST integration with other health services, digital marketing and distribution approaches, and engaging students. Judges identified seven teams with exceptional HIVST proposals and five teams were supported for further training.</text></passage><passage><infon key="section_type">ABSTRACT</infon><infon key="type">abstract_title_1</infon><offset>1605</offset><text>Conclusions</text></passage><passage><infon key="section_type">ABSTRACT</infon><infon key="type">abstract</infon><offset>1617</offset><text>The designathon provided a structured method for incorporating youth ideas into HIV service delivery. This approach could differentiate HIV services to be more youth-friendly in Nigeria and other settings.</text></passage><passage><infon key="section_type">ABSTRACT</infon><infon key="type">abstract_title_1</infon><offset>1823</offset><text>Supplementary Information</text></passage><passage><infon key="section_type">ABSTRACT</infon><infon key="type">abstract</infon><offset>1849</offset><text>The online version contains supplementary material available at 10.1186/s12879-021-06212-6.</text></passage><passage><infon key="section_type">INTRO</infon><infon key="type">title_1</infon><offset>1941</offset><text>Background</text></passage><passage><infon key="section_type">INTRO</infon><infon key="type">paragraph</infon><offset>1952</offset><text>Youth (age14–24 years) account for an estimated one-third of all new HIV infections globally. Although youth are disproportionately affected by HIV, their contributions to the development of interventions designed for them have often been limited and sometimes tokenistic. Youth typically contribute to research as participants, key informants, and assistants. While some studies have expanded youth engagement in HIV research by creating youth advisory boards (YABs), the extent of meaningful engagement varies. Providing youth with opportunities to create solutions to health problems that affect them can enhance program implementation and build capacity for youth as co-creators.</text></passage><passage><infon key="section_type">INTRO</infon><infon key="type">paragraph</infon><offset>2640</offset><text>One strategy to meaningfully engage youth is crowdsourcing, a practice in which solutions to a social problem are solicited from multiple individuals and then shared with the public. It provides space for people with diverse backgrounds to work together and share their solutions with local communities. One form of crowdsourcing is a designathon, a problem-solving event, typically held over a few days, in which participants work together to create, design, and present their proposed solutions to a panel of judges. Designathons have been previously used to solve problems in education, technology, and public health. Designathons foster multi-disciplinary collaboration and can result in innovative solutions.</text></passage><passage><infon key="section_type">INTRO</infon><infon key="type">paragraph</infon><offset>3354</offset><text>Responding to the need for youth engagement in HIV intervention design, we organized a designathon in Nigeria. The purpose was to develop ideas on how to promote HIV self-testing (HIVST) services among youth. This is part of the “Innovative Tools to Expand HIV Self-Testing” (ITEST) project, locally known as “4 Youth By Youth”. HIVST is a process by which individuals collect their own oral fluid or blood specimen, conduct the HIV test, and interpret their results. HIVST can help expand HIV testing services among those who have never tested before, such as many youth in Nigeria. The objective of this paper is to describe the designathon, summarize the resulting HIVST proposals, and discuss public health implications.</text></passage><passage><infon key="section_type">METHODS</infon><infon key="type">title_1</infon><offset>4087</offset><text>Methods</text></passage><passage><infon key="section_type">METHODS</infon><infon key="type">paragraph</infon><offset>4095</offset><text>The designathon was part of a multi-phase contest in which young people shared their ideas on how to promote HIVST among youth in Nigeria. This event was one component within the study’s broader youth participatory process and we frame its processes and outcomes within this multi-phase context. We describe the initial contest (phase I) preceding the designathon and the training program (phase III) succeeding the designathon in supplementary materials (see Additional file 1: Supplement 1). We describe the designathon (phase II) below.</text></passage><passage><infon key="section_type">METHODS</infon><infon key="type">paragraph</infon><offset>4639</offset><text>Between March 29–31, 2019, we hosted the designathon in Lagos, where 13 youth teams selected to participate designed strategies to increase youth HIVST. The expected deliverables included a prototype of teams’ HIVST kit service delivery and a presentation of their idea to a panel of judges. We instructed teams to develop a community-based, youth-friendly model that would rely on modest payments. The price point was determined by earlier discrete choice experiments.</text></passage><passage><infon key="file">12879_2021_6212_Fig1_HTML.jpg</infon><infon key="id">Fig1</infon><infon key="section_type">FIG</infon><infon key="type">fig_caption</infon><offset>5113</offset><text>Designathon team discussing their project and receiving mentorship from member of the contest advisory panel</text></passage><passage><infon key="section_type">METHODS</infon><infon key="type">paragraph</infon><offset>5222</offset><text>Day 1: We shared the purpose, rules, and expected deliverables of the contest to the teams. We familiarized participants with HIVST and briefed them about different testing kits in the Nigerian market. We scheduled panel discussions on challenges associated with standard HIV testing services and understanding the process of innovative problem-solving. Following the panel discussions, we asked participants to spend the remainder of the day in their teams to begin developing their HIVST proposals (Fig. 1). </text></passage><passage><infon key="section_type">METHODS</infon><infon key="type">paragraph</infon><offset>5734</offset><text>Day 2: The teams participated in a presentation on how to effectively pitch their HIVST ideas. They continued working on their proposals, receiving tailored feedback (see Additional file 2: Supplement 2).</text></passage><passage><infon key="section_type">METHODS</infon><infon key="type">paragraph</infon><offset>5941</offset><text>Day 3: We invited an independent panel of seven judges to listen to, review any support materials, ask questions and score teams’ HIVST proposals. The judges’ expertise included telecommunications, technology, product design, youth ambassadorship, and environmental sustainability. Each team, in turn, finalized their deliverables and presented their prototypes to the judges.</text></passage><passage><infon key="section_type">METHODS</infon><infon key="type">paragraph</infon><offset>6322</offset><text>The judges evaluated proposals based on desirability, feasibility, impact, and teamwork. Desirability was defined as being appealing and meeting the needs of youth. Feasibility was defined as being easy to implement Nigeria. Impact was defined as having the potential to influence young people to self-test for HIV. Teamwork was defined as effectively working together. Each domain was scored on a three-point scale, with one being a low score, two being a medium score and three being a high score. The maximum score allotted to a team, from each judge, was 12 points. The top three teams were announced at the end of the designathon. The judges’ scores for each team’s HIVST proposal can be found in the supplementary materials (see Additional file 3: Supplement 3). We provided cash prizes to the top three teams: NGN 250,000 ($694) for first place, NGN 150,000 ($416) for second place, and NGN 50,000 ($138) for third place. We provided food, transportation, and accommodation to all participants.</text></passage><passage><infon key="section_type">METHODS</infon><infon key="type">title_2</infon><offset>7330</offset><text>Data analysis</text></passage><passage><infon key="section_type">METHODS</infon><infon key="type">paragraph</infon><offset>7344</offset><text>We performed descriptive statistics to characterize demographic data of participants. We summarized teams’ HIVST ideas with respect to their HIVST service delivery, method of distribution, promotional strategies, and youth audience.</text></passage><passage><infon key="section_type">RESULTS</infon><infon key="type">title_1</infon><offset>7579</offset><text>Results</text></passage><passage><infon key="section_type">RESULTS</infon><infon key="type">title_2</infon><offset>7587</offset><text>Participant characteristics</text></passage><passage><infon key="file">Tab1.xml</infon><infon key="id">Tab1</infon><infon key="section_type">TABLE</infon><infon key="type">table_caption</infon><offset>7615</offset><text>Characteristics of participants at the designathon: Nigeria 2019 (N = 42)</text></passage><passage><infon key="file">Tab1.xml</infon><infon key="id">Tab1</infon><infon key="section_type">TABLE</infon><infon key="type">table</infon><infon key="xml">&lt;?xml version=&quot;1.0&quot; encoding=&quot;UTF-8&quot;?&gt;
&lt;table frame=&quot;hsides&quot; rules=&quot;groups&quot;&gt;&lt;thead&gt;&lt;tr&gt;&lt;th/&gt;&lt;th&gt;n&lt;/th&gt;&lt;th&gt;%&lt;/th&gt;&lt;/tr&gt;&lt;/thead&gt;&lt;tbody&gt;&lt;tr&gt;&lt;td colspan=&quot;3&quot;&gt;&lt;bold&gt;Age (Years)&lt;/bold&gt;&lt;/td&gt;&lt;/tr&gt;&lt;tr&gt;&lt;td&gt; 18–21&lt;/td&gt;&lt;td&gt;14&lt;/td&gt;&lt;td&gt;33.3&lt;/td&gt;&lt;/tr&gt;&lt;tr&gt;&lt;td&gt; 22–24&lt;/td&gt;&lt;td&gt;28&lt;/td&gt;&lt;td&gt;66.7&lt;/td&gt;&lt;/tr&gt;&lt;tr&gt;&lt;td colspan=&quot;3&quot;&gt;&lt;bold&gt;Gender&lt;/bold&gt;&lt;/td&gt;&lt;/tr&gt;&lt;tr&gt;&lt;td&gt; Female&lt;/td&gt;&lt;td&gt;14&lt;/td&gt;&lt;td&gt;33.3&lt;/td&gt;&lt;/tr&gt;&lt;tr&gt;&lt;td&gt; Male&lt;/td&gt;&lt;td&gt;28&lt;/td&gt;&lt;td&gt;66.7&lt;/td&gt;&lt;/tr&gt;&lt;tr&gt;&lt;td colspan=&quot;3&quot;&gt;&lt;bold&gt;Location (State)&lt;/bold&gt;&lt;/td&gt;&lt;/tr&gt;&lt;tr&gt;&lt;td&gt; Abuja&lt;/td&gt;&lt;td&gt;2&lt;/td&gt;&lt;td&gt;4.8&lt;/td&gt;&lt;/tr&gt;&lt;tr&gt;&lt;td&gt; Cross River&lt;/td&gt;&lt;td&gt;4&lt;/td&gt;&lt;td&gt;9.5&lt;/td&gt;&lt;/tr&gt;&lt;tr&gt;&lt;td&gt; Edo&lt;/td&gt;&lt;td&gt;1&lt;/td&gt;&lt;td&gt;2.4&lt;/td&gt;&lt;/tr&gt;&lt;tr&gt;&lt;td&gt; Enugu&lt;/td&gt;&lt;td&gt;5&lt;/td&gt;&lt;td&gt;11.9&lt;/td&gt;&lt;/tr&gt;&lt;tr&gt;&lt;td&gt; Kwara&lt;/td&gt;&lt;td&gt;1&lt;/td&gt;&lt;td&gt;2.4&lt;/td&gt;&lt;/tr&gt;&lt;tr&gt;&lt;td&gt; Lagos&lt;/td&gt;&lt;td&gt;21&lt;/td&gt;&lt;td&gt;50&lt;/td&gt;&lt;/tr&gt;&lt;tr&gt;&lt;td&gt; Ondo&lt;/td&gt;&lt;td&gt;2&lt;/td&gt;&lt;td&gt;4.8&lt;/td&gt;&lt;/tr&gt;&lt;tr&gt;&lt;td&gt; Osun&lt;/td&gt;&lt;td&gt;1&lt;/td&gt;&lt;td&gt;2.4&lt;/td&gt;&lt;/tr&gt;&lt;tr&gt;&lt;td&gt; Oyo&lt;/td&gt;&lt;td&gt;4&lt;/td&gt;&lt;td&gt;9.5&lt;/td&gt;&lt;/tr&gt;&lt;tr&gt;&lt;td&gt; Rivers&lt;/td&gt;&lt;td&gt;1&lt;/td&gt;&lt;td&gt;2.4&lt;/td&gt;&lt;/tr&gt;&lt;tr&gt;&lt;td colspan=&quot;3&quot;&gt;&lt;bold&gt;Highest Level of Education&lt;/bold&gt;&lt;/td&gt;&lt;/tr&gt;&lt;tr&gt;&lt;td&gt; Senior Secondary&lt;/td&gt;&lt;td&gt;15&lt;/td&gt;&lt;td&gt;39.5&lt;/td&gt;&lt;/tr&gt;&lt;tr&gt;&lt;td&gt; Some Tertiary&lt;/td&gt;&lt;td&gt;5&lt;/td&gt;&lt;td&gt;13.2&lt;/td&gt;&lt;/tr&gt;&lt;tr&gt;&lt;td&gt; Tertiary&lt;/td&gt;&lt;td&gt;18&lt;/td&gt;&lt;td&gt;47.4&lt;/td&gt;&lt;/tr&gt;&lt;tr&gt;&lt;td&gt; Missing&lt;/td&gt;&lt;td&gt;4&lt;/td&gt;&lt;td/&gt;&lt;/tr&gt;&lt;tr&gt;&lt;td colspan=&quot;3&quot;&gt;&lt;bold&gt;Occupation&lt;/bold&gt;&lt;/td&gt;&lt;/tr&gt;&lt;tr&gt;&lt;td&gt; Employed&lt;/td&gt;&lt;td&gt;11&lt;/td&gt;&lt;td&gt;30.6&lt;/td&gt;&lt;/tr&gt;&lt;tr&gt;&lt;td&gt; Self Employed/Entrepreneur&lt;/td&gt;&lt;td&gt;4&lt;/td&gt;&lt;td&gt;11.1&lt;/td&gt;&lt;/tr&gt;&lt;tr&gt;&lt;td&gt; Student&lt;/td&gt;&lt;td&gt;21&lt;/td&gt;&lt;td&gt;58.3&lt;/td&gt;&lt;/tr&gt;&lt;tr&gt;&lt;td&gt; Missing&lt;/td&gt;&lt;td&gt;6&lt;/td&gt;&lt;td/&gt;&lt;/tr&gt;&lt;/tbody&gt;&lt;/table&gt;
</infon><offset>7693</offset><text>	n	%	 	Age (Years)	 	 18–21	14	33.3	 	 22–24	28	66.7	 	Gender	 	 Female	14	33.3	 	 Male	28	66.7	 	Location (State)	 	 Abuja	2	4.8	 	 Cross River	4	9.5	 	 Edo	1	2.4	 	 Enugu	5	11.9	 	 Kwara	1	2.4	 	 Lagos	21	50	 	 Ondo	2	4.8	 	 Osun	1	2.4	 	 Oyo	4	9.5	 	 Rivers	1	2.4	 	Highest Level of Education	 	 Senior Secondary	15	39.5	 	 Some Tertiary	5	13.2	 	 Tertiary	18	47.4	 	 Missing	4		 	Occupation	 	 Employed	11	30.6	 	 Self Employed/Entrepreneur	4	11.1	 	 Student	21	58.3	 	 Missing	6		 	</text></passage><passage><infon key="section_type">RESULTS</infon><infon key="type">paragraph</infon><offset>8229</offset><text>Forty-two young Nigerians were selected to participate in 13 teams (Table 1). The median team size was three participants (interquartile range: 2–4). The median age was 22.5 years (interquartile range: 21–24), 66.7% were male, 47.4% completed tertiary education, and 50% resided in Lagos State. Twenty-one (58.3%) participants were students and four (11.1%) were self-employed or entrepreneurs. Of 11 (30.6%) employed participants, five were members of the National Youth Service Corps (NYSC), two were nurses, two were employees at a private company, one was a laboratory assistant, and one worked in human resources. </text></passage><passage><infon key="section_type">RESULTS</infon><infon key="type">title_2</infon><offset>8856</offset><text>Designathon pitches</text></passage><passage><infon key="file">Tab2.xml</infon><infon key="id">Tab2</infon><infon key="section_type">TABLE</infon><infon key="type">table_caption</infon><offset>8876</offset><text>HIV self-testing (HIVST) services proposed by the thirteen teams at the designathon: Nigeria 2019</text></passage><passage><infon key="file">Tab2.xml</infon><infon key="id">Tab2</infon><infon key="section_type">TABLE</infon><infon key="type">table</infon><infon key="xml">&lt;?xml version=&quot;1.0&quot; encoding=&quot;UTF-8&quot;?&gt;
&lt;table frame=&quot;hsides&quot; rules=&quot;groups&quot;&gt;&lt;thead&gt;&lt;tr&gt;&lt;th&gt;Rank&lt;/th&gt;&lt;th&gt;Team Characteristics&lt;/th&gt;&lt;th&gt;Members&lt;/th&gt;&lt;th&gt;State&lt;/th&gt;&lt;th&gt;HIVST Project Proposal&lt;/th&gt;&lt;th&gt;Digital Approaches&lt;/th&gt;&lt;th&gt;Youth Audience&lt;/th&gt;&lt;th&gt;Score&lt;sup&gt;&lt;bold&gt;b&lt;/bold&gt;&lt;/sup&gt;&lt;/th&gt;&lt;/tr&gt;&lt;/thead&gt;&lt;tbody&gt;&lt;tr&gt;&lt;td&gt;1&lt;/td&gt;&lt;td&gt;Public Health Professionals&lt;/td&gt;&lt;td&gt;2&lt;/td&gt;&lt;td&gt;Oyo&lt;/td&gt;&lt;td&gt;Develop a website that will allow individuals to purchase HIVST and other STI kits. The website will provide access to trained volunteers, instructions on how to self-test, and information on post-testing services. This team will utilize peer-to-peer referral to increase distribution of kits.&lt;/td&gt;&lt;td&gt;None specified.&lt;/td&gt;&lt;td&gt;Rural adolescent girls NYSC members&lt;/td&gt;&lt;td&gt;71&lt;/td&gt;&lt;/tr&gt;&lt;tr&gt;&lt;td&gt;2&lt;/td&gt;&lt;td&gt;Tertiary Students&lt;/td&gt;&lt;td&gt;4&lt;/td&gt;&lt;td&gt;Enugu&lt;/td&gt;&lt;td&gt;HIVST kits will be distributed through various offline retailers and social media. The kits will be equipped with a code that individuals will need to gain access to the team’ social media app. The social media app wil allow individuals to report their results and find their nearest youth-friendly clinic.&lt;/td&gt;&lt;td&gt;&lt;p&gt;Create a social media app for young people who have purchased HIVST kits.&lt;/p&gt;&lt;p&gt;Conduct an online marketing campaign through social media.&lt;/p&gt;&lt;p&gt;Distribute kits through WhatsApp, Facebook, Twitter and Instagram.&lt;/p&gt;&lt;/td&gt;&lt;td&gt;&lt;p&gt;Tertiary students&lt;/p&gt;&lt;p&gt;Young people on social media&lt;/p&gt;&lt;/td&gt;&lt;td&gt;70&lt;/td&gt;&lt;/tr&gt;&lt;tr&gt;&lt;td&gt;3&lt;sup&gt;a&lt;/sup&gt;&lt;/td&gt;&lt;td&gt;&lt;p&gt;NYSC Members&lt;/p&gt;&lt;p&gt;Entrepreneur&lt;/p&gt;&lt;/td&gt;&lt;td&gt;5&lt;/td&gt;&lt;td&gt;Lagos&lt;/td&gt;&lt;td&gt;HIVST kits will be packaged with self care products (condoms, sanitary pads, soaps). Young people will buy the kit online, at a pharmacy, gym or retail outlet. Upon completion of the self-test, individuals can submit their results to a study phone number and receive post-test services.&lt;/td&gt;&lt;td&gt;Conduct an online marketing campaign through social media.&lt;/td&gt;&lt;td/&gt;&lt;td&gt;62&lt;/td&gt;&lt;/tr&gt;&lt;tr&gt;&lt;td&gt;4&lt;/td&gt;&lt;td&gt;Tertiary Students&lt;/td&gt;&lt;td&gt;5&lt;/td&gt;&lt;td&gt;Lagos&lt;/td&gt;&lt;td&gt;HIVST kits will be packaged with self care products (condoms and lubricants). The kits will be distributed through online and offline platforms. In additon to online marketing, the team will rely on peer-to-peer referral to increase distribution of kits.&lt;/td&gt;&lt;td&gt;Conduct an online marketing campaign through social media.&lt;/td&gt;&lt;td&gt;&lt;p&gt;Out-of-school AYPs&lt;/p&gt;&lt;p&gt;FSWs&lt;/p&gt;&lt;p&gt;MSM&lt;/p&gt;&lt;/td&gt;&lt;td&gt;63&lt;/td&gt;&lt;/tr&gt;&lt;tr&gt;&lt;td&gt;5&lt;/td&gt;&lt;td&gt;Tertiary Students&lt;/td&gt;&lt;td&gt;2&lt;/td&gt;&lt;td&gt;Lagos&lt;/td&gt;&lt;td&gt;Develop a mobile/web app that will allow individuals to purchase HIVST kits, record their test results, obtain information on HIV, and access post-testing services. The team will utilize peer-to-peer referral to increase distribution of kits.&lt;/td&gt;&lt;td&gt;Conduct an online marketing campaign through social media.&lt;/td&gt;&lt;td&gt;Secondary and tertiary students&lt;/td&gt;&lt;td&gt;61&lt;/td&gt;&lt;/tr&gt;&lt;tr&gt;&lt;td&gt;6&lt;/td&gt;&lt;td&gt;Tertiary Students&lt;/td&gt;&lt;td&gt;2&lt;/td&gt;&lt;td&gt;Ondo&lt;/td&gt;&lt;td&gt;HIVST kits will be packaged with nutritional supplements. Students will buy the kits at pharmacies, or through campus ambassadors. Upon completion of the self-test, students can access offline or online post-test services.&lt;/td&gt;&lt;td&gt;Conduct an online marketing campaign through social media.&lt;/td&gt;&lt;td&gt;Tertiary students&lt;/td&gt;&lt;td&gt;51&lt;/td&gt;&lt;/tr&gt;&lt;tr&gt;&lt;td&gt;7&lt;/td&gt;&lt;td&gt;Tertiary Students&lt;/td&gt;&lt;td&gt;2&lt;/td&gt;&lt;td&gt;Oyo&lt;/td&gt;&lt;td&gt;HIVST kits will distributed through recharge card vendors and SIM registration centers.&lt;/td&gt;&lt;td&gt;Conduct an online marketing campaign through social media.&lt;/td&gt;&lt;td/&gt;&lt;td&gt;51&lt;/td&gt;&lt;/tr&gt;&lt;tr&gt;&lt;td&gt;8&lt;/td&gt;&lt;td&gt;&lt;p&gt;Tertiary Students&lt;/p&gt;&lt;p&gt;Human Resources Professional&lt;/p&gt;&lt;/td&gt;&lt;td&gt;3&lt;/td&gt;&lt;td&gt;Lagos&lt;/td&gt;&lt;td&gt;HIVST kits will be distributed through vending machines. Young people will provide their phone numbers during the purchase and receive a link to download the team’s app, which will give them access to various health services.&lt;/td&gt;&lt;td&gt;None specified.&lt;/td&gt;&lt;td&gt;Tertiary students&lt;/td&gt;&lt;td&gt;49&lt;/td&gt;&lt;/tr&gt;&lt;tr&gt;&lt;td&gt;9&lt;/td&gt;&lt;td&gt;&lt;p&gt;Tertiary Students&lt;/p&gt;&lt;p&gt;Entrepreneur&lt;/p&gt;&lt;/td&gt;&lt;td&gt;5&lt;/td&gt;&lt;td&gt;&lt;p&gt;Edo&lt;/p&gt;&lt;p&gt;Lagos&lt;/p&gt;&lt;/td&gt;&lt;td&gt;HIVST and other STI kits will be packaged with self care products (condoms, sanitary pads, soaps). The kits will be equipped with a code that individuals can use to text the team for follow-up.&lt;/td&gt;&lt;td&gt;None specified.&lt;/td&gt;&lt;td/&gt;&lt;td&gt;47&lt;/td&gt;&lt;/tr&gt;&lt;tr&gt;&lt;td&gt;10&lt;/td&gt;&lt;td&gt;NYSC Members&lt;/td&gt;&lt;td&gt;2&lt;/td&gt;&lt;td&gt;Lagos&lt;/td&gt;&lt;td&gt;Develop a website that will direct individuals to their nearest health facility to collect HIVST kits and receive pre-counseling services. The kits will contain an instruction manual on how to use the kit and information on the appropriate post-testing services.&lt;/td&gt;&lt;td&gt;None specified.&lt;/td&gt;&lt;td&gt;&lt;p&gt;Tertiary students&lt;/p&gt;&lt;p&gt;NYSC members&lt;/p&gt;&lt;/td&gt;&lt;td&gt;47&lt;/td&gt;&lt;/tr&gt;&lt;tr&gt;&lt;td&gt;11&lt;/td&gt;&lt;td&gt;&lt;p&gt;Tertiary Student&lt;/p&gt;&lt;p&gt;Nurses&lt;/p&gt;&lt;p&gt;Laboratory Teaching Assistant&lt;/p&gt;&lt;/td&gt;&lt;td&gt;4&lt;/td&gt;&lt;td&gt;&lt;p&gt;Kwara&lt;/p&gt;&lt;p&gt;Osun&lt;/p&gt;&lt;p&gt;Enugu&lt;/p&gt;&lt;p&gt;Rivers&lt;/p&gt;&lt;/td&gt;&lt;td&gt;Develop a mobile app that will allow young people to purchase HIVST and other STI kits. Individuals will use the mobile app to access post-test counseling services, get information about HIV risk-reduction strategies, and be referred for confirmatory testing and care.&lt;/td&gt;&lt;td&gt;None specified.&lt;/td&gt;&lt;td/&gt;&lt;td&gt;47&lt;/td&gt;&lt;/tr&gt;&lt;tr&gt;&lt;td&gt;12&lt;/td&gt;&lt;td&gt;Private Company Employees&lt;/td&gt;&lt;td&gt;2&lt;/td&gt;&lt;td&gt;Abuja FCT&lt;/td&gt;&lt;td&gt;Develop a mobile app that will allow Individuals to play an interactive game. Throughout the game, individuals will be provided with information about HIVST. At the end of the game, individuals will be shown a toll-free number they can call to acquire HIVST kits and information about HIV and other STDs.&lt;/td&gt;&lt;td&gt;None specified.&lt;/td&gt;&lt;td/&gt;&lt;td&gt;45&lt;/td&gt;&lt;/tr&gt;&lt;tr&gt;&lt;td&gt;13&lt;/td&gt;&lt;td&gt;&lt;p&gt;Tertiary Students&lt;/p&gt;&lt;p&gt;Self-employed Professionals&lt;/p&gt;&lt;/td&gt;&lt;td&gt;4&lt;/td&gt;&lt;td&gt;Cross River&lt;/td&gt;&lt;td&gt;Develop a website that will direct individuals to their nearest health facility to collect HIVST kits. Individuals with no internet access can use their mobile phones to dial a short code and get information about where to obtain HIVST kits.&lt;/td&gt;&lt;td&gt;Conduct an online marketing campaign through social media.&lt;/td&gt;&lt;td/&gt;&lt;td&gt;42&lt;/td&gt;&lt;/tr&gt;&lt;/tbody&gt;&lt;/table&gt;
</infon><offset>8974</offset><text>Rank	Team Characteristics	Members	State	HIVST Project Proposal	Digital Approaches	Youth Audience	Scoreb	 	1	Public Health Professionals	2	Oyo	Develop a website that will allow individuals to purchase HIVST and other STI kits. The website will provide access to trained volunteers, instructions on how to self-test, and information on post-testing services. This team will utilize peer-to-peer referral to increase distribution of kits.	None specified.	Rural adolescent girls NYSC members	71	 	2	Tertiary Students	4	Enugu	HIVST kits will be distributed through various offline retailers and social media. The kits will be equipped with a code that individuals will need to gain access to the team’ social media app. The social media app wil allow individuals to report their results and find their nearest youth-friendly clinic.	Create a social media app for young people who have purchased HIVST kits.Conduct an online marketing campaign through social media.Distribute kits through WhatsApp, Facebook, Twitter and Instagram.	Tertiary studentsYoung people on social media	70	 	3a	NYSC MembersEntrepreneur	5	Lagos	HIVST kits will be packaged with self care products (condoms, sanitary pads, soaps). Young people will buy the kit online, at a pharmacy, gym or retail outlet. Upon completion of the self-test, individuals can submit their results to a study phone number and receive post-test services.	Conduct an online marketing campaign through social media.		62	 	4	Tertiary Students	5	Lagos	HIVST kits will be packaged with self care products (condoms and lubricants). The kits will be distributed through online and offline platforms. In additon to online marketing, the team will rely on peer-to-peer referral to increase distribution of kits.	Conduct an online marketing campaign through social media.	Out-of-school AYPsFSWsMSM	63	 	5	Tertiary Students	2	Lagos	Develop a mobile/web app that will allow individuals to purchase HIVST kits, record their test results, obtain information on HIV, and access post-testing services. The team will utilize peer-to-peer referral to increase distribution of kits.	Conduct an online marketing campaign through social media.	Secondary and tertiary students	61	 	6	Tertiary Students	2	Ondo	HIVST kits will be packaged with nutritional supplements. Students will buy the kits at pharmacies, or through campus ambassadors. Upon completion of the self-test, students can access offline or online post-test services.	Conduct an online marketing campaign through social media.	Tertiary students	51	 	7	Tertiary Students	2	Oyo	HIVST kits will distributed through recharge card vendors and SIM registration centers.	Conduct an online marketing campaign through social media.		51	 	8	Tertiary StudentsHuman Resources Professional	3	Lagos	HIVST kits will be distributed through vending machines. Young people will provide their phone numbers during the purchase and receive a link to download the team’s app, which will give them access to various health services.	None specified.	Tertiary students	49	 	9	Tertiary StudentsEntrepreneur	5	EdoLagos	HIVST and other STI kits will be packaged with self care products (condoms, sanitary pads, soaps). The kits will be equipped with a code that individuals can use to text the team for follow-up.	None specified.		47	 	10	NYSC Members	2	Lagos	Develop a website that will direct individuals to their nearest health facility to collect HIVST kits and receive pre-counseling services. The kits will contain an instruction manual on how to use the kit and information on the appropriate post-testing services.	None specified.	Tertiary studentsNYSC members	47	 	11	Tertiary StudentNursesLaboratory Teaching Assistant	4	KwaraOsunEnuguRivers	Develop a mobile app that will allow young people to purchase HIVST and other STI kits. Individuals will use the mobile app to access post-test counseling services, get information about HIV risk-reduction strategies, and be referred for confirmatory testing and care.	None specified.		47	 	12	Private Company Employees	2	Abuja FCT	Develop a mobile app that will allow Individuals to play an interactive game. Throughout the game, individuals will be provided with information about HIVST. At the end of the game, individuals will be shown a toll-free number they can call to acquire HIVST kits and information about HIV and other STDs.	None specified.		45	 	13	Tertiary StudentsSelf-employed Professionals	4	Cross River	Develop a website that will direct individuals to their nearest health facility to collect HIVST kits. Individuals with no internet access can use their mobile phones to dial a short code and get information about where to obtain HIVST kits.	Conduct an online marketing campaign through social media.		42	 	</text></passage><passage><infon key="file">Tab2.xml</infon><infon key="id">Tab2</infon><infon key="section_type">TABLE</infon><infon key="type">table_foot</infon><offset>13719</offset><text>Tertiary students in Nigeria are individuals who attend universities, polytechnics, monotechnics, or colleges of education</text></passage><passage><infon key="file">Tab2.xml</infon><infon key="id">Tab2</infon><infon key="section_type">TABLE</infon><infon key="type">table_foot</infon><offset>13842</offset><text>HIVST HIV self-testing, NYSC National Youth Service Corps, AYPs Adolescent and Young People, FSWs Female Sex Workers, MSM Men who have sex with men</text></passage><passage><infon key="file">Tab2.xml</infon><infon key="id">Tab2</infon><infon key="section_type">TABLE</infon><infon key="type">table_foot</infon><offset>13990</offset><text>aThis team scored lower than the fourth place team, but the judges deliberated and decided to elevate this team to third place because their concept was more attractive and could better appeal to young people</text></passage><passage><infon key="file">Tab2.xml</infon><infon key="id">Tab2</infon><infon key="section_type">TABLE</infon><infon key="type">table_foot</infon><offset>14199</offset><text>bScores were rounded to the nearest whole number</text></passage><passage><infon key="section_type">RESULTS</infon><infon key="type">paragraph</infon><offset>14248</offset><text>The primary goal of pitches by teams was to propose solutions on how to increase HIVST among youth in Nigeria (Table 2). Their ideas varied across the HIVST service delivery, method of distribution, promotional strategies, and youth audience. </text></passage><passage><infon key="section_type">RESULTS</infon><infon key="type">title_2</infon><offset>14492</offset><text>HIVST service delivery</text></passage><passage><infon key="section_type">RESULTS</infon><infon key="type">paragraph</infon><offset>14515</offset><text>Five teams proposed delivering HIVST kits with other STI testing or health products. Three of these teams focused on creating a bundle product that combined HIVST with self-care products (e.g. condoms, lubricants, panty liners), one of which finished in third place. Of the remaining two teams, one pitched selling two HIVST kits in one set to reduce the purchasing cost for young people and another proposed complementing HIVST with nutritional supplements.</text></passage><passage><infon key="section_type">RESULTS</infon><infon key="type">title_2</infon><offset>14974</offset><text>Method of distribution</text></passage><passage><infon key="section_type">RESULTS</infon><infon key="type">paragraph</infon><offset>14997</offset><text>Six teams proposed an online platform to sell kits. These online platforms included websites, online retail stores, and mobile phone applications. Among the six teams with an online platform, three also had an offline distribution strategy, such as placing their kits at pharmacies, retail outlets, or gyms to reach young people who may not have access to phones or the internet. Six teams proposed to distribute their kits solely offline. Among these six teams, two developed creative methods to distribute their kits. One team proposed to stock vending machines with HIVST kits in areas with more youth and another team would partner with mobile phone card vendors.</text></passage><passage><infon key="section_type">RESULTS</infon><infon key="type">title_2</infon><offset>15665</offset><text>Promotional strategies</text></passage><passage><infon key="section_type">RESULTS</infon><infon key="type">paragraph</infon><offset>15688</offset><text>Seven teams planned to use social media (WhatsApp, Facebook, Instagram, and Twitter) to conduct online marketing campaigns for their kits. One team, which finished in second place, developed their own social media application where youth could report their test results and find post-test HIV services. Three teams described a peer referral system to enhance HIVST uptake, of which two incentivized youth for peer referrals.</text></passage><passage><infon key="section_type">RESULTS</infon><infon key="type">title_2</infon><offset>16113</offset><text>Youth audience</text></passage><passage><infon key="section_type">RESULTS</infon><infon key="type">paragraph</infon><offset>16128</offset><text>Five teams planned to focus on youth in school. Four teams focused on tertiary students and one team focused on both secondary and tertiary students. One team planned to engage hard-to-reach populations such as out-of-school youth, female sex workers, and men who have sex with men. One team proposed to recruit rural adolescent girls and members of the National Youth Service Corps (NYSC), a mandatory service program for Nigerian youth. This team, which finished in first place, proposed leveraging youth service networks to distribute kits and encourage HIVST.</text></passage><passage><infon key="section_type">RESULTS</infon><infon key="type">paragraph</infon><offset>16692</offset><text>Designathon proposals shared the following characteristics: educating youth on their health status and where to obtain appropriate services; offering care relevant to the needs of youth; and providing the opportunity for youth to participate in health service delivery. Furthermore, the teams provided youth with alternatives to clinical settings to access HIV and services. Moreover, all teams underscored the importance of maintaining young peoples’ rights to privacy and confidentiality. The teams also proposed to partner with institutions (e.g. schools, local community centers) where youth frequent to advertise and distribute their kits.</text></passage><passage><infon key="section_type">DISCUSS</infon><infon key="type">title_1</infon><offset>17339</offset><text>Discussion</text></passage><passage><infon key="section_type">DISCUSS</infon><infon key="type">paragraph</infon><offset>17350</offset><text>We organized a designathon in which we crowdsourced ideas on how to increase HIVST among Nigerian youth. This designathon provided an opportunity for young Nigerians to collaborate and develop strategies. We extend the literature by using a designathon methodology, allowing robust input from youth, and providing structured feedback and mentorship.</text></passage><passage><infon key="section_type">DISCUSS</infon><infon key="type">paragraph</infon><offset>17700</offset><text>The designathon generated proposals that were determined by a judging panel to be potentially feasible, desirable, and impactful. The participants’ diverse backgrounds and expertise may have helped in the development of promising proposals. Youth with different perspectives can draw from their experiences to develop potentially feasible interventions. This insight is consistent with a previous designathon in the United States that brought together diverse individuals. The high quality of submissions may also have been related to their knowledge of local health services and youth preferences.</text></passage><passage><infon key="section_type">DISCUSS</infon><infon key="type">paragraph</infon><offset>18301</offset><text>The designathon engaged local youth and allowed them to meaningfully contribute. Youth participants led the design of HIVST interventions, which is rare in health research. There are implications for allowing youth to design solutions to health problems. Although the designathon was open to youth age 14–24 years, individuals selected to participate were all 18–24 years. Thus, older adolescents were more successful in presenting promising HIVST ideas. Moreover, participants were aware selected finalists would be allowed to not only design an HIVST strategy but implement it in their local areas. It is possible that this designathon encouraged a sense of community ownership among participants, which has been observed in a previous HIV-related designathon.</text></passage><passage><infon key="section_type">DISCUSS</infon><infon key="type">paragraph</infon><offset>19072</offset><text>Several proposals integrated HIVST with sexual/reproductive health services. This finding is consistent with larger literature underlining the importance of integrating HIV testing services and sexual/reproductive health services. In these other contexts, HIV testing service had been embedded within family planning, STI testing, and sexual health counseling. These studies demonstrate the integration of HIV services with other health services increases testing acceptability and health service use, improving the quality of care. Given that many youth at risk for HIV also need other services, integrated HIV care may be an effective approach to reach young people.</text></passage><passage><infon key="section_type">DISCUSS</infon><infon key="type">paragraph</infon><offset>19741</offset><text>Our study has several limitations. First, the judges selected HIVST proposals that had the potential to be feasible, desirable, and impactful. Judges did not have outcome data on these domains when judging, but pilots are now underway. Second, designathons are typically held over a few days, much shorter than would allow them to develop a comprehensive HIVST plan. However, following our designathon, selected finalists were then invited to a four-week training program to build research and entrepreneurial skills and implement and manage their programs. Finally, the designathon is resource-intensive, which can be challenging in resource-limited settings. To minimize costs, we leveraged local resources, such as staffing from the Nigerian implementing team and passionate volunteers to serve as mentors.</text></passage><passage><infon key="section_type">DISCUSS</infon><infon key="type">paragraph</infon><offset>20551</offset><text>The designathon contained novel features, which has implications for public health research and policy. First, this event allowed youth to lead in the development of interventions that could benefit them, which is rare in many HIV programs for youth in low and middle-income countries. Designathons may provide an opportunity for youth to take health ownership and lead health research. Furthermore, results from these teams’ proposals can help HIV testing services be more responsive to the unique needs of youth. Further implementation science is needed to evaluate the effectiveness of the proposed ideas.</text></passage><passage><infon key="section_type">CONCL</infon><infon key="type">title_1</infon><offset>21162</offset><text>Conclusions</text></passage><passage><infon key="section_type">CONCL</infon><infon key="type">paragraph</infon><offset>21174</offset><text>We described the processes and outcomes of the first health-related designathon in Nigeria that focused on improving HIVST among youth. Youth-led development of HIVST strategies offers promising solutions to expand HIVST among young people in Nigeria.</text></passage><passage><infon key="section_type">SUPPL</infon><infon key="type">title_1</infon><offset>21426</offset><text>Supplementary Information</text></passage><passage><infon key="section_type">ABBR</infon><infon key="type">title</infon><offset>21452</offset><text>Abbreviations</text></passage><passage><infon key="section_type">ABBR</infon><infon key="type">paragraph</infon><offset>21466</offset><text>AIDS</text></passage><passage><infon key="section_type">ABBR</infon><infon key="type">paragraph</infon><offset>21471</offset><text>Acquired Immunodeficiency Syndrome</text></passage><passage><infon key="section_type">ABBR</infon><infon key="type">paragraph</infon><offset>21506</offset><text>HIV</text></passage><passage><infon key="section_type">ABBR</infon><infon key="type">paragraph</infon><offset>21510</offset><text>Human Immunodeficiency Virus</text></passage><passage><infon key="section_type">ABBR</infon><infon key="type">paragraph</infon><offset>21539</offset><text>HIVST</text></passage><passage><infon key="section_type">ABBR</infon><infon key="type">paragraph</infon><offset>21545</offset><text>HIV Self-testing</text></passage><passage><infon key="section_type">ABBR</infon><infon key="type">paragraph</infon><offset>21562</offset><text>ITEST</text></passage><passage><infon key="section_type">ABBR</infon><infon key="type">paragraph</infon><offset>21568</offset><text>Innovative Tools to Expand HIV Self-Testing</text></passage><passage><infon key="section_type">ABBR</infon><infon key="type">paragraph</infon><offset>21612</offset><text>NGN</text></passage><passage><infon key="section_type">ABBR</infon><infon key="type">paragraph</infon><offset>21616</offset><text>Nigerian Naira</text></passage><passage><infon key="section_type">ABBR</infon><infon key="type">paragraph</infon><offset>21631</offset><text>NYSC</text></passage><passage><infon key="section_type">ABBR</infon><infon key="type">paragraph</infon><offset>21636</offset><text>National Youth Service Corps</text></passage><passage><infon key="section_type">ABBR</infon><infon key="type">paragraph</infon><offset>21665</offset><text>STI</text></passage><passage><infon key="section_type">ABBR</infon><infon key="type">paragraph</infon><offset>21669</offset><text>Sexually Transmitted Infection</text></passage><passage><infon key="section_type">ABBR</infon><infon key="type">paragraph</infon><offset>21700</offset><text>YAB</text></passage><passage><infon key="section_type">ABBR</infon><infon key="type">paragraph</infon><offset>21704</offset><text>Youth Advisory Board</text></passage><passage><infon key="section_type">ABBR</infon><infon key="type">footnote</infon><offset>21725</offset><text>Publisher’s Note</text></passage><passage><infon key="section_type">ABBR</infon><infon key="type">footnote</infon><offset>21744</offset><text>Springer Nature remains neutral with regard to jurisdictional claims in published maps and institutional affiliations.</text></passage><passage><infon key="section_type">ABBR</infon><infon key="type">footnote</infon><offset>21863</offset><text>Kadija M. Tahlil, Chisom Obiezu-Umeh and Titi Gbajabiamila are Co-first authors.</text></passage><passage><infon key="section_type">ABBR</infon><infon key="type">footnote</infon><offset>21944</offset><text>Juliet Iwelunmor, Oliver Ezechi and Joseph D. Tucker are Co-senior authors.</text></passage><passage><infon key="section_type">AUTH_CONT</infon><infon key="type">title</infon><offset>22020</offset><text>Authors’ contributions</text></passage><passage><infon key="section_type">AUTH_CONT</infon><infon key="type">paragraph</infon><offset>22045</offset><text>KMT: data analysis, writing the manuscript. CO, TG: project administration, data collection and analysis, writing the manuscript. UN: project administration, data collection, reviewing and editing the manuscript. DO, AZM, II, JO, AND, TAB: project administration, reviewing and editing the manuscript. COA, NER, WT, JJO, DFC: reviewing and editing the manuscript. JI, OE, JDT: project conceptualization and administration, reviewing and editing the manuscript, overall oversight. All authors read and approved the final manuscript.</text></passage><passage><infon key="section_type">ACK_FUND</infon><infon key="type">title</infon><offset>22577</offset><text>Funding</text></passage><passage><infon key="section_type">ACK_FUND</infon><infon key="type">paragraph</infon><offset>22585</offset><text>This work was made possible by the Eunice Kennedy Shriver National Institute of Child Health and Human Development (NICHD) Grant number: UG3HD096929, UH3HD096929 and NIAID K24AI143471. The funders played no role in the design of the study and collection, analysis, interpretation of data and in writing the manuscript.</text></passage><passage><infon key="section_type">METHODS</infon><infon key="type">title</infon><offset>22904</offset><text>Availability of data and materials</text></passage><passage><infon key="section_type">METHODS</infon><infon key="type">paragraph</infon><offset>22939</offset><text>The datasets used and/or analyzed during the current study are available from the corresponding author on reasonable request.</text></passage><passage><infon key="section_type">METHODS</infon><infon key="type">title</infon><offset>23065</offset><text>Declarations</text></passage><passage><infon key="section_type">METHODS</infon><infon key="type">title</infon><offset>23078</offset><text>Ethics approval and consent to participate</text></passage><passage><infon key="section_type">METHODS</infon><infon key="type">paragraph</infon><offset>23121</offset><text>We obtained ethical approval from the institutional review boards of Saint Louis University (St. Louis, MO), University of North Carolina at Chapel Hill (Chapel Hill, NC), and the Nigerian Institute of Medical Research (Lagos, Nigeria). We received a waiver of written informed consent for the designathon and used an online consent form to obtain informed consent. All participants provided consent to participate. The age of research consent in Nigeria is 14 years old.</text></passage><passage><infon key="section_type">METHODS</infon><infon key="type">title</infon><offset>23595</offset><text>Consent for publication</text></passage><passage><infon key="section_type">METHODS</infon><infon key="type">paragraph</infon><offset>23619</offset><text>We obtained verbal consent from designathon participants to publish photographs of their participation in the event. We used an online consent form to obtain informed consent from participants. Before entering the online study materials, participants were presented with contest terms and conditions that included the following statement: “by continuing any use of this website and by submitting an application to the HIV self-testing designathon, you expressly consent to the official rules and terms.” Participants had the option to click “I agree” or “I disagree” to acknowledge that they had read and understood the informed consent, and either agree or disagree to participate in the study.</text></passage><passage><infon key="section_type">COMP_INT</infon><infon key="type">title</infon><offset>24327</offset><text>Competing interests</text></passage><passage><infon key="section_type">COMP_INT</infon><infon key="type">paragraph</infon><offset>24347</offset><text>The authors declare that they have no competing interests.</text></passage><passage><infon key="section_type">REF</infon><infon key="type">title</infon><offset>24406</offset><text>References</text></passage><passage><infon key="section_type">REF</infon><infon key="source">Towards an AIDS-free generation-children and AIDS: sixth stocktaking report</infon><infon key="type">ref</infon><infon key="year">2013</infon><offset>24417</offset></passage><passage><infon key="fpage">S195</infon><infon key="issue">Suppl 3</infon><infon key="lpage">S201</infon><infon key="name_0">surname:Denison;given-names:JA</infon><infon key="name_1">surname:Pettifor;given-names:A</infon><infon key="name_10">surname:Kerrigan;given-names:D</infon><infon key="name_2">surname:Mofenson;given-names:LM</infon><infon key="name_3">surname:Kasedde;given-names:S</infon><infon key="name_4">surname:Marcus;given-names:R</infon><infon key="name_5">surname:Konayuma;given-names:KJ</infon><infon key="name_6">surname:Koboto;given-names:K</infon><infon key="name_7">surname:Ngcobo;given-names:ML</infon><infon key="name_8">surname:Ndleleni;given-names:N</infon><infon key="name_9">surname:Pulerwitz;given-names:J</infon><infon key="pub-id_doi">10.1097/QAD.0000000000001509</infon><infon key="pub-id_pmid">28665877</infon><infon key="section_type">REF</infon><infon key="source">AIDS</infon><infon key="type">ref</infon><infon key="volume">31</infon><infon key="year">2017</infon><offset>24418</offset><text>Youth engagement in developing an implementation science research agenda on adolescent HIV testing and care linkages in sub-Saharan Africa</text></passage><passage><infon key="fpage">S27</infon><infon key="issue">Suppl 1</infon><infon key="lpage">S31</infon><infon key="name_0">surname:Oliveras;given-names:C</infon><infon key="name_1">surname:Cluver;given-names:L</infon><infon key="name_2">surname:Bernays;given-names:S</infon><infon key="name_3">surname:Armstrong;given-names:A</infon><infon key="pub-id_doi">10.1097/QAI.0000000000001746</infon><infon key="pub-id_pmid">29994917</infon><infon key="section_type">REF</infon><infon key="source">J Acquir Immune Defic Syndr</infon><infon key="type">ref</infon><infon key="volume">78</infon><infon key="year">2018</infon><offset>24557</offset><text>Nothing about us without RIGHTS-meaningful engagement of children and youth: from research prioritization to clinical trials, implementation science, and policy</text></passage><passage><infon key="name_0">surname:McLaughlin;given-names:K</infon><infon key="section_type">REF</infon><infon key="source">Empowerment: a critique</infon><infon key="type">ref</infon><infon key="year">2016</infon><offset>24718</offset></passage><passage><infon key="fpage">216</infon><infon key="issue">4</infon><infon key="lpage">224</infon><infon key="name_0">surname:Arnstein;given-names:SR</infon><infon key="pub-id_doi">10.1080/01944366908977225</infon><infon key="section_type">REF</infon><infon key="source">J Am Inst Plann</infon><infon key="type">ref</infon><infon key="volume">35</infon><infon key="year">1969</infon><offset>24719</offset><text>A ladder of citizen participation</text></passage><passage><infon key="fpage">e69</infon><infon key="issue">1</infon><infon key="lpage">e74</infon><infon key="name_0">surname:Yang;given-names:F</infon><infon key="name_1">surname:Janamnuaysook;given-names:R</infon><infon key="name_2">surname:Boyd;given-names:MA</infon><infon key="name_3">surname:Phanuphak;given-names:N</infon><infon key="name_4">surname:Tucker;given-names:JD</infon><infon key="pub-id_doi">10.1016/S2352-3018(19)30347-9</infon><infon key="pub-id_pmid">31818717</infon><infon key="section_type">REF</infon><infon key="source">Lancet HIV</infon><infon key="type">ref</infon><infon key="volume">7</infon><infon key="year">2020</infon><offset>24753</offset><text>Key populations and power: people-centred social innovation in Asian HIV services</text></passage><passage><infon key="name_0">surname:Hart;given-names:RA</infon><infon key="section_type">REF</infon><infon key="source">Children’s Participation: From tokenism to citizenship. Innocenti Essay no. 4</infon><infon key="type">ref</infon><infon key="year">1992</infon><offset>24835</offset></passage><passage><infon key="fpage">15</infon><infon key="lpage">26</infon><infon key="name_0">surname:O'Donoghue;given-names:J</infon><infon key="name_1">surname:Kirshner;given-names:B</infon><infon key="name_2">surname:McLaughlin;given-names:M</infon><infon key="section_type">REF</infon><infon key="source">New directions for youth development: theory, practice and research, no. 96</infon><infon key="type">ref</infon><infon key="year">2003</infon><offset>24836</offset><text>Introduction: moving youth participation forward</text></passage><passage><infon key="fpage">e25061</infon><infon key="issue">Suppl Suppl 1</infon><infon key="name_0">surname:Gleeson;given-names:HS</infon><infon key="name_1">surname:Oliveras Rodriguez;given-names:CA</infon><infon key="name_2">surname:Hatane;given-names:L</infon><infon key="name_3">surname:Hart;given-names:D</infon><infon key="pub-id_doi">10.1002/jia2.25061</infon><infon key="section_type">REF</infon><infon key="source">J Int AIDS Soc</infon><infon key="type">ref</infon><infon key="volume">21 Suppl 1</infon><infon key="year">2018</infon><offset>24885</offset><text>Ending AIDS by 2030: the importance of an interlinked approach and meaningful youth leadership</text></passage><passage><infon key="fpage">1531</infon><infon key="lpage">1156</infon><infon key="name_0">surname:Kirshner;given-names:B</infon><infon key="name_1">surname:O'Donoghue;given-names:J</infon><infon key="name_2">surname:McLaughlin;given-names:M</infon><infon key="section_type">REF</infon><infon key="source">Organized activities as contexts of development: extracurricular activities, after-school and community programs</infon><infon key="type">ref</infon><infon key="year">2005</infon><offset>24980</offset><text>Youth-adult research collaborations: bringing youth voice to the research process</text></passage><passage><infon key="fpage">944</infon><infon key="issue">6</infon><infon key="lpage">949</infon><infon key="name_0">surname:Hawke;given-names:LD</infon><infon key="name_1">surname:Relihan;given-names:J</infon><infon key="name_2">surname:Miller;given-names:J</infon><infon key="name_3">surname:McCann;given-names:E</infon><infon key="name_4">surname:Rong;given-names:J</infon><infon key="name_5">surname:Darnay;given-names:K</infon><infon key="name_6">surname:Docherty;given-names:S</infon><infon key="name_7">surname:Chaim;given-names:G</infon><infon key="name_8">surname:Henderson;given-names:JL</infon><infon key="pub-id_doi">10.1111/hex.12795</infon><infon key="pub-id_pmid">29858526</infon><infon key="section_type">REF</infon><infon key="source">Health Expect</infon><infon key="type">ref</infon><infon key="volume">21</infon><infon key="year">2018</infon><offset>25062</offset><text>Engaging youth in research planning, design and execution: practical recommendations for researchers</text></passage><passage><infon key="section_type">REF</infon><infon key="type">ref</infon><offset>25163</offset><text>Underwood C, Hachonda H, Serlemitsos E, Bharath-Kumar U. Reducing the risk of HIV transmission among adolescents in Zambia: Psychosocial and behavioral correlates of viewing a risk-reduction media campaign. J Adolesc Health. 2006;38(1). 10.1016/j.jadohealth.2004.09.022.</text></passage><passage><infon key="fpage">269</infon><infon key="issue">4</infon><infon key="lpage">286</infon><infon key="name_0">surname:Lawrence;given-names:JSS</infon><infon key="name_1">surname:Seloilwe;given-names:E</infon><infon key="name_2">surname:Magowe;given-names:M</infon><infon key="name_3">surname:Dithole;given-names:K</infon><infon key="name_4">surname:Kgosikwena;given-names:B</infon><infon key="name_5">surname:Kokoro;given-names:E</infon><infon key="pub-id_doi">10.1521/aeap.2013.25.4.269</infon><infon key="pub-id_pmid">23837806</infon><infon key="section_type">REF</infon><infon key="source">AIDS Educ Prev</infon><infon key="type">ref</infon><infon key="volume">25</infon><infon key="year">2013</infon><offset>25434</offset><text>Cross-cultural adaptation of an adolescent HIV prevention program: social validation of social contexts and behavior among Botswana adolescents</text></passage><passage><infon key="fpage">145</infon><infon key="issue">1</infon><infon key="lpage">156</infon><infon key="name_0">surname:Wilson;given-names:PA</infon><infon key="name_1">surname:Cherenack;given-names:EM</infon><infon key="name_2">surname:Jadwin-Cakmak;given-names:L</infon><infon key="name_3">surname:Harper;given-names:GW</infon><infon key="pub-id_doi">10.1177/1524839917711384</infon><infon key="pub-id_pmid">28627319</infon><infon key="section_type">REF</infon><infon key="source">Health Promot Pract</infon><infon key="type">ref</infon><infon key="volume">19</infon><infon key="year">2017</infon><offset>25578</offset><text>Adolescent medicine trials network for HIV/AIDS interventions. Selection and evaluation of Media for Behavioral Health Interventions Employing Critical Media Analysis</text></passage><passage><infon key="fpage">51</infon><infon key="issue">sup4</infon><infon key="lpage">58</infon><infon key="name_0">surname:Hussen;given-names:SA</infon><infon key="name_1">surname:Jones;given-names:M</infon><infon key="name_2">surname:Moore;given-names:S</infon><infon key="name_3">surname:Hood;given-names:J</infon><infon key="name_4">surname:Smith;given-names:JC</infon><infon key="name_5">surname:Camacho-Gonzalez;given-names:A</infon><infon key="pub-id_doi">10.1080/09540121.2018.1527007</infon><infon key="pub-id_pmid">30626207</infon><infon key="section_type">REF</infon><infon key="source">AIDS Care</infon><infon key="type">ref</infon><infon key="volume">30</infon><infon key="year">2018</infon><offset>25745</offset><text>Brothers building brothers by breaking barriers: development of a resilience-building social capital intervention for young black gay and bisexual men living with HIV</text></passage><passage><infon key="fpage">269</infon><infon key="issue">4</infon><infon key="lpage">279</infon><infon key="name_0">surname:Rennie;given-names:S</infon><infon key="name_1">surname:Groves;given-names:AK</infon><infon key="name_2">surname:Hallfors;given-names:DD</infon><infon key="name_3">surname:Iritani;given-names:BJ</infon><infon key="name_4">surname:Odongo;given-names:FS</infon><infon key="name_5">surname:Luseno;given-names:WK</infon><infon key="pub-id_doi">10.1177/1556264617721556</infon><infon key="pub-id_pmid">28728497</infon><infon key="section_type">REF</infon><infon key="source">J Empir Res Hum Res Ethics</infon><infon key="type">ref</infon><infon key="volume">12</infon><infon key="year">2017</infon><offset>25912</offset><text>The significance of benefit perceptions for the ethics of HIV research involving adolescents in Kenya</text></passage><passage><infon key="fpage">227</infon><infon key="issue">3</infon><infon key="lpage">239</infon><infon key="name_0">surname:Groves;given-names:AK</infon><infon key="name_1">surname:Hallfors;given-names:DD</infon><infon key="name_2">surname:Iritani;given-names:BJ</infon><infon key="name_3">surname:Rennie;given-names:S</infon><infon key="name_4">surname:Odongo;given-names:FS</infon><infon key="name_5">surname:Kwaro;given-names:D</infon><infon key="name_6">surname:Amek;given-names:N</infon><infon key="name_7">surname:Luseno;given-names:WK</infon><infon key="pub-id_doi">10.2989/16085906.2018.1504805</infon><infon key="pub-id_pmid">30319046</infon><infon key="section_type">REF</infon><infon key="source">Afr J AIDS Res</infon><infon key="type">ref</infon><infon key="volume">17</infon><infon key="year">2018</infon><offset>26014</offset><text>&quot;I think the parent should be there because no one was born alone&quot;: Kenyan adolescents' perspectives on parental involvement in HIV research</text></passage><passage><infon key="fpage">3312</infon><infon key="issue">12</infon><infon key="lpage">3327</infon><infon key="name_0">surname:Reisner;given-names:SL</infon><infon key="name_1">surname:Jadwin-Cakmak;given-names:L</infon><infon key="name_2">surname:White Hughto;given-names:JM</infon><infon key="name_3">surname:Martinez;given-names:M</infon><infon key="name_4">surname:Salomon;given-names:L</infon><infon key="name_5">surname:Harper;given-names:GW</infon><infon key="pub-id_doi">10.1007/s10461-017-1938-8</infon><infon key="pub-id_pmid">29138982</infon><infon key="section_type">REF</infon><infon key="source">AIDS Behav</infon><infon key="type">ref</infon><infon key="volume">21</infon><infon key="year">2017</infon><offset>26155</offset><text>Characterizing the HIV prevention and care continua in a sample of transgender youth in the U.S</text></passage><passage><infon key="fpage">e34</infon><infon key="issue">2</infon><infon key="name_0">surname:Hightow-Weidman;given-names:L</infon><infon key="name_1">surname:Muessig;given-names:K</infon><infon key="name_2">surname:Knudtson;given-names:K</infon><infon key="name_3">surname:Srivatsa;given-names:M</infon><infon key="name_4">surname:Lawrence;given-names:E</infon><infon key="name_5">surname:LeGrand;given-names:S</infon><infon key="pub-id_doi">10.2196/publichealth.8923</infon><infon key="pub-id_pmid">29712626</infon><infon key="section_type">REF</infon><infon key="source">JMIR Public Health Surveill</infon><infon key="type">ref</infon><infon key="volume">4</infon><infon key="year">2018</infon><offset>26251</offset><text>A Gamified Smartphone App to Support Engagement in Care and Medication Adherence for HIV-Positive Young Men Who Have Sex With Men (AllyQuest): Development and Pilot Study</text></passage><passage><infon key="fpage">1531</infon><infon key="issue">1</infon><infon key="name_0">surname:Jadwin-Cakmak;given-names:L</infon><infon key="name_1">surname:Reisner;given-names:SL</infon><infon key="name_2">surname:Hughto;given-names:JMW</infon><infon key="name_3">surname:Salomon;given-names:L</infon><infon key="name_4">surname:Martinez;given-names:M</infon><infon key="name_5">surname:Popoff;given-names:E</infon><infon key="pub-id_doi">10.1186/s12889-019-7605-4</infon><infon key="pub-id_pmid">31730450</infon><infon key="section_type">REF</infon><infon key="source">BMC Public Health</infon><infon key="type">ref</infon><infon key="volume">19</infon><infon key="year">2019</infon><offset>26422</offset><text>HIV prevention and HIV care among transgender and gender diverse youth: design and implementation of a multisite mixed-methods study protocol in the U.S</text></passage><passage><infon key="fpage">e028522</infon><infon key="issue">7</infon><infon key="name_0">surname:Wootton;given-names:AR</infon><infon key="name_1">surname:Legnitto;given-names:DA</infon><infon key="name_2">surname:Gruber;given-names:VA</infon><infon key="name_3">surname:Dawson-Rose;given-names:C</infon><infon key="name_4">surname:Neilands;given-names:TB</infon><infon key="name_5">surname:Johnson;given-names:MO</infon><infon key="pub-id_doi">10.1136/bmjopen-2018-028522</infon><infon key="pub-id_pmid">31315868</infon><infon key="section_type">REF</infon><infon key="source">BMJ Open</infon><infon key="type">ref</infon><infon key="volume">9</infon><infon key="year">2019</infon><offset>26575</offset><text>Telehealth and texting intervention to improve HIV care engagement, mental health and substance use outcomes in youth living with HIV: a pilot feasibility and acceptability study protocol</text></passage><passage><infon key="fpage">S79</infon><infon key="lpage">S87</infon><infon key="name_0">surname:Powers;given-names:JL</infon><infon key="name_1">surname:Tiffany;given-names:JS</infon><infon key="pub-id_doi">10.1097/00124784-200611001-00015</infon><infon key="section_type">REF</infon><infon key="source">J Public Health Manage Pract</infon><infon key="type">ref</infon><infon key="volume">12</infon><infon key="year">2006</infon><offset>26763</offset><text>Engaging youth in participatory research and evaluation</text></passage><passage><infon key="section_type">REF</infon><infon key="source">Crowdsourcing in health and health research: a practical guide</infon><infon key="type">ref</infon><infon key="year">2018</infon><offset>26819</offset></passage><passage><infon key="fpage">46</infon><infon key="issue">2</infon><infon key="lpage">50</infon><infon key="name_0">surname:Tucker;given-names:JD</infon><infon key="name_1">surname:Tang;given-names:W</infon><infon key="name_2">surname:Li;given-names:H</infon><infon key="name_3">surname:Chuncheng;given-names:L</infon><infon key="name_4">surname:Rong;given-names:F</infon><infon key="name_5">surname:Songyuan;given-names:T</infon><infon key="pub-id_doi">10.1136/bmjinnov-2017-000216</infon><infon key="section_type">REF</infon><infon key="source">BMJ Innovations</infon><infon key="type">ref</infon><infon key="volume">4</infon><infon key="year">2018</infon><offset>26820</offset><text>Crowdsourcing designathon: a new model for multisectoral collaboration</text></passage><passage><infon key="fpage">1</infon><infon key="lpage">8</infon><infon key="name_0">surname:Artiles;given-names:J</infon><infon key="name_1">surname:Wallace;given-names:D</infon><infon key="section_type">REF</infon><infon key="source">Borrowing from hackathons: overnight designathons as a template for creative idea hubs in the space of hands-on learning, digital learning, and systems re-thinking</infon><infon key="type">ref</infon><infon key="year">2013</infon><offset>26891</offset></passage><passage><infon key="name_0">surname:Holtzblatt;given-names:K</infon><infon key="name_1">surname:Marsden;given-names:N</infon><infon key="section_type">REF</infon><infon key="source">Extended abstracts of the 2018 CHI conference on human factors in computing systems - CHI 18</infon><infon key="type">ref</infon><infon key="year">2018</infon><offset>26892</offset><text>Designathon to support women in tech</text></passage><passage><infon key="section_type">REF</infon><infon key="type">ref</infon><offset>26929</offset><text>Iwelunmor J, Ezechi O, Obiezu-Umeh C, Gbajabiamila T, Nwaozuru U, Oladele D, et al. The 4 youth by youth HIV self-testing contest: A crowdsourced contest to promote HIV self-testing among young people in Nigeria. In: [Abstract TUPEC471] 10th IAS Conference on HIV Science (IAS 2019). Mexico City: International AIDS Society; 2019.</text></passage><passage><infon key="section_type">REF</infon><infon key="source">Guidelines on HIV self-testing and partner notification</infon><infon key="type">ref</infon><infon key="year">2016</infon><offset>27260</offset></passage><passage><infon key="fpage">A113</infon><infon key="issue">S1</infon><infon key="name_0">surname:Oginni;given-names:A</infon><infon key="name_1">surname:Obianwu;given-names:O</infon><infon key="name_2">surname:Adebajo;given-names:S</infon><infon key="pub-id_doi">10.1089/aid.2014.5216.abstract</infon><infon key="section_type">REF</infon><infon key="source">AIDS Res Hum Retrovir</infon><infon key="type">ref</infon><infon key="volume">30</infon><infon key="year">2014</infon><offset>27261</offset><text>Socio-demographic factors associated with uptake of HIV counseling and testing (HCT) among Nigerian youth</text></passage><passage><infon key="fpage">1003</infon><infon key="issue">1</infon><infon key="name_0">surname:Nwaozuru;given-names:U</infon><infon key="name_1">surname:Iwelunmor;given-names:J</infon><infon key="name_2">surname:Ong;given-names:JJ</infon><infon key="name_3">surname:Salah;given-names:S</infon><infon key="name_4">surname:Obiezu-Umeh;given-names:C</infon><infon key="name_5">surname:Ezechi;given-names:O</infon><infon key="pub-id_doi">10.1186/s12913-019-4847-x</infon><infon key="pub-id_pmid">31881959</infon><infon key="section_type">REF</infon><infon key="source">BMC Health Serv Res</infon><infon key="type">ref</infon><infon key="volume">19</infon><infon key="year">2019</infon><offset>27367</offset><text>Preferences for HIV testing services among young people in Nigeria</text></passage><passage><infon key="fpage">529</infon><infon key="issue">4</infon><infon key="lpage">547</infon><infon key="name_0">surname:Reed;given-names:SJ</infon><infon key="name_1">surname:Miller;given-names:RL</infon><infon key="pub-id_doi">10.1177/0044118X12443372</infon><infon key="pub-id_pmid">25328252</infon><infon key="section_type">REF</infon><infon key="source">Youth Soc</infon><infon key="type">ref</infon><infon key="volume">46</infon><infon key="year">2014</infon><offset>27434</offset><text>The adolescent medicine trials network for HIV/AIDS interventions. The benefits of youth engagement in HIV-preventive structural change interventions</text></passage><passage><infon key="fpage">100</infon><infon key="issue">1-2</infon><infon key="lpage">114</infon><infon key="name_0">surname:Wong;given-names:NT</infon><infon key="name_1">surname:Zimmerman;given-names:MA</infon><infon key="name_2">surname:Parker;given-names:EA</infon><infon key="pub-id_doi">10.1007/s10464-010-9330-0</infon><infon key="pub-id_pmid">20549334</infon><infon key="section_type">REF</infon><infon key="source">Am J Community Psychol</infon><infon key="type">ref</infon><infon key="volume">46</infon><infon key="year">2010</infon><offset>27584</offset><text>A typology of youth participation and empowerment for child and adolescent health promotion</text></passage><passage><infon key="fpage">458</infon><infon key="issue">4</infon><infon key="lpage">466</infon><infon key="name_0">surname:Rosenberg;given-names:NE</infon><infon key="name_1">surname:Bhushan;given-names:NL</infon><infon key="name_10">surname:Myers;given-names:L</infon><infon key="name_11">surname:Tang;given-names:J</infon><infon key="name_12">surname:Hosseinipour;given-names:MC</infon><infon key="name_13">surname:Bekker;given-names:LG</infon><infon key="name_14">surname:Pettifor;given-names:AE</infon><infon key="name_2">surname:Vansia;given-names:D</infon><infon key="name_3">surname:Phanga;given-names:T</infon><infon key="name_4">surname:Maseko;given-names:B</infon><infon key="name_5">surname:Nthani;given-names:T</infon><infon key="name_6">surname:Libale;given-names:C</infon><infon key="name_7">surname:Bamuya;given-names:C</infon><infon key="name_8">surname:Kamtsendero;given-names:L</infon><infon key="name_9">surname:Kachigamba;given-names:A</infon><infon key="pub-id_doi">10.1097/QAI.0000000000001830</infon><infon key="pub-id_pmid">30085953</infon><infon key="section_type">REF</infon><infon key="source">J Acquir Immune Defic Syndr</infon><infon key="type">ref</infon><infon key="volume">79</infon><infon key="year">2018</infon><offset>27676</offset><text>Comparing youth-friendly health services to the standard of care through &quot;girl power-Malawi&quot;: a quasi-experimental cohort study</text></passage><passage><infon key="fpage">130</infon><infon key="issue">Suppl 1</infon><infon key="lpage">138</infon><infon key="name_0">surname:Buzi;given-names:RS</infon><infon key="name_1">surname:Madanay;given-names:FL</infon><infon key="name_2">surname:Smith;given-names:PB</infon><infon key="pub-id_doi">10.1177/00333549161310S115</infon><infon key="pub-id_pmid">26862238</infon><infon key="section_type">REF</infon><infon key="source">Public Health Rep</infon><infon key="type">ref</infon><infon key="volume">131 Suppl 1</infon><infon key="year">2016</infon><offset>27804</offset><text>Integrating routine HIV testing into family planning clinics that treat adolescents and young adults</text></passage><passage><infon key="fpage">175</infon><infon key="issue">2</infon><infon key="lpage">180</infon><infon key="name_0">surname:Campos-Outcalt;given-names:D</infon><infon key="name_1">surname:Mickey;given-names:T</infon><infon key="name_2">surname:Weisbuch;given-names:J</infon><infon key="name_3">surname:Jones;given-names:R</infon><infon key="pub-id_doi">10.1177/003335490612100212</infon><infon key="pub-id_pmid">16528951</infon><infon key="section_type">REF</infon><infon key="source">Public Health Rep</infon><infon key="type">ref</infon><infon key="volume">121</infon><infon key="year">2006</infon><offset>27905</offset><text>Integrating routine HIV testing into a public health STD clinic</text></passage><passage><infon key="fpage">1118</infon><infon key="name_0">surname:Dukers-Muijrers;given-names:NH</infon><infon key="name_1">surname:Somers;given-names:C</infon><infon key="name_2">surname:Hoebe;given-names:CJ</infon><infon key="name_3">surname:Lowe;given-names:SH</infon><infon key="name_4">surname:Niekamp;given-names:AM</infon><infon key="name_5">surname:Oude Lashof;given-names:A</infon><infon key="pub-id_doi">10.1186/1471-2458-12-1118</infon><infon key="pub-id_pmid">23270463</infon><infon key="section_type">REF</infon><infon key="source">BMC Public Health</infon><infon key="type">ref</infon><infon key="volume">12</infon><infon key="year">2012</infon><offset>27969</offset><text>Improving sexual health for HIV patients by providing a combination of integrated public health and hospital care services; a one-group pre- and post test intervention comparison</text></passage><passage><infon key="fpage">420</infon><infon key="issue">6</infon><infon key="lpage">421</infon><infon key="name_0">surname:Coyne;given-names:KM</infon><infon key="name_1">surname:Hawkins;given-names:F</infon><infon key="name_2">surname:Desmond;given-names:N</infon><infon key="pub-id_doi">10.1258/095646207781024766</infon><infon key="pub-id_pmid">17609036</infon><infon key="section_type">REF</infon><infon key="source">Int J STD AIDS</infon><infon key="type">ref</infon><infon key="volume">18</infon><infon key="year">2007</infon><offset>28148</offset><text>Sexual and reproductive health in HIV-positive women: a dedicated clinic improves service</text></passage><passage><infon key="fpage">S12</infon><infon key="issue">Suppl 1</infon><infon key="name_0">surname:Nwaozuru;given-names:U</infon><infon key="name_1">surname:Gbajabiamila;given-names:T</infon><infon key="name_10">surname:Ezechi;given-names:O</infon><infon key="name_11">surname:Tucker;given-names:J</infon><infon key="name_12">surname:Iwelunmor;given-names:J</infon><infon key="name_2">surname:Obiezu-Umeh;given-names:C</infon><infon key="name_3">surname:Uzoaru;given-names:F</infon><infon key="name_4">surname:Mason;given-names:S</infon><infon key="name_5">surname:Tahlil;given-names:K</infon><infon key="name_6">surname:Oladele;given-names:D</infon><infon key="name_7">surname:Musa;given-names:A</infon><infon key="name_8">surname:Idigbe;given-names:I</infon><infon key="name_9">surname:Airhihenbuwa;given-names:C</infon><infon key="pub-id_doi">10.1016/S2214-109X(20)30153-4</infon><infon key="section_type">REF</infon><infon key="source">Lancet Glob Health</infon><infon key="type">ref</infon><infon key="volume">8</infon><infon key="year">2020</infon><offset>28238</offset><text>An innovation bootcamp model to develop HIV self-testing social enterprise among young people in Nigeria: a youth participatory design approach</text></passage></document></collection>
