<?xml version="1.0" encoding="UTF-8"?>
<!DOCTYPE collection SYSTEM "BioC.dtd">
<collection><source>PMC</source><date>20210611</date><key>pmc.key</key><document><id>8185952</id><infon key="license">CC BY</infon><passage><infon key="article-id_doi">10.1186/s12942-021-00277-x</infon><infon key="article-id_pmc">8185952</infon><infon key="article-id_pmid">34098981</infon><infon key="article-id_publisher-id">277</infon><infon key="elocation-id">27</infon><infon key="kwd">Feature extraction Mapathon Essential immunization Population estimates Microplanning Satellite imagery Building footprints</infon><infon key="license">Open AccessThis article is licensed under a Creative Commons Attribution 4.0 International License, which permits use, sharing, adaptation, distribution and reproduction in any medium or format, as long as you give appropriate credit to the original author(s) and the source, provide a link to the Creative Commons licence, and indicate if changes were made. The images or other third party material in this article are included in the article's Creative Commons licence, unless indicated otherwise in a credit line to the material. If material is not included in the article's Creative Commons licence and your intended use is not permitted by statutory regulation or exceeds the permitted use, you will need to obtain permission directly from the copyright holder. To view a copy of this licence, visit http://creativecommons.org/licenses/by/4.0/. The Creative Commons Public Domain Dedication waiver (http://creativecommons.org/publicdomain/zero/1.0/) applies to the data made available in this article, unless otherwise stated in a credit line to the data.</infon><infon key="name_0">surname:Mendes;given-names:Amalia</infon><infon key="name_1">surname:Palmer;given-names:Tess</infon><infon key="name_2">surname:Berens;given-names:Andrew</infon><infon key="name_3">surname:Espey;given-names:Julie</infon><infon key="name_4">surname:Price;given-names:Rhiannan</infon><infon key="name_5">surname:Mallya;given-names:Apoorva</infon><infon key="name_6">surname:Brown;given-names:Sidney</infon><infon key="name_7">surname:Martinez;given-names:Maureen</infon><infon key="name_8">surname:Farag;given-names:Noha</infon><infon key="name_9">surname:Kaplan;given-names:Brian</infon><infon key="section_type">TITLE</infon><infon key="title">Keywords</infon><infon key="type">front</infon><infon key="volume">20</infon><infon key="year">2021</infon><offset>0</offset><text>Mapathons versus automated feature extraction: a comparative analysis for strengthening immunization microplanning</text></passage><passage><infon key="section_type">ABSTRACT</infon><infon key="type">abstract_title_1</infon><offset>115</offset><text>Background</text></passage><passage><infon key="section_type">ABSTRACT</infon><infon key="type">abstract</infon><offset>126</offset><text>Social instability and logistical factors like the displacement of vulnerable populations, the difficulty of accessing these populations, and the lack of geographic information for hard-to-reach areas continue to serve as barriers to global essential immunizations (EI). Microplanning, a population-based, healthcare intervention planning method has begun to leverage geographic information system (GIS) technology and geospatial methods to improve the remote identification and mapping of vulnerable populations to ensure inclusion in outreach and immunization services, when feasible. We compare two methods of accomplishing a remote inventory of building locations to assess their accuracy and similarity to currently employed microplan line-lists in the study area.</text></passage><passage><infon key="section_type">ABSTRACT</infon><infon key="type">abstract_title_1</infon><offset>896</offset><text>Methods</text></passage><passage><infon key="section_type">ABSTRACT</infon><infon key="type">abstract</infon><offset>904</offset><text>The outputs of a crowd-sourced digitization effort, or mapathon, were compared to those of a machine-learning algorithm for digitization, referred to as automatic feature extraction (AFE). The following accuracy assessments were employed to determine the performance of each feature generation method: (1) an agreement analysis of the two methods assessed the occurrence of matches across the two outputs, where agreements were labeled as “befriended” and disagreements as “lonely”; (2) true and false positive percentages of each method were calculated in comparison to satellite imagery; (3) counts of features generated from both the mapathon and AFE were statistically compared to the number of features listed in the microplan line-list for the study area; and (4) population estimates for both feature generation method were determined for every structure identified assuming a total of three households per compound, with each household averaging two adults and 5 children.</text></passage><passage><infon key="section_type">ABSTRACT</infon><infon key="type">abstract_title_1</infon><offset>1893</offset><text>Results</text></passage><passage><infon key="section_type">ABSTRACT</infon><infon key="type">abstract</infon><offset>1901</offset><text>The mapathon and AFE outputs detected 92,713 and 53,150 features, respectively. A higher proportion (30%) of AFE features were befriended compared with befriended mapathon points (28%). The AFE had a higher true positive rate (90.5%) of identifying structures than the mapathon (84.5%). The difference in the average number of features identified per area between the microplan and mapathon points was larger (t = 3.56) than the microplan and AFE (t = − 2.09) (alpha = 0.05).</text></passage><passage><infon key="section_type">ABSTRACT</infon><infon key="type">abstract_title_1</infon><offset>2393</offset><text>Conclusions</text></passage><passage><infon key="section_type">ABSTRACT</infon><infon key="type">abstract</infon><offset>2405</offset><text>Our findings indicate AFE outputs had higher agreement (i.e., befriended), slightly higher likelihood of correctly identifying a structure, and were more similar to the local microplan line-lists than the mapathon outputs. These findings suggest AFE may be more accurate for identifying structures in high-resolution satellite imagery than mapathons. However, they both had their advantages and the ideal method would utilize both methods in tandem.</text></passage><passage><infon key="section_type">INTRO</infon><infon key="type">title_1</infon><offset>2855</offset><text>Background</text></passage><passage><infon key="section_type">INTRO</infon><infon key="type">paragraph</infon><offset>2866</offset><text>Of the 20 million children across the world with incomplete or no essential immunization (EI) for vaccine-preventable diseases, nearly half live in countries with conflicts and population displacement (e.g., Afghanistan, Central African Republic, Iraq, Mali, Nigeria, Pakistan, and Somalia). Conflicts and regional instabilities generally lead to poor vaccination coverage and interrupted vaccine schedules due to disruption of health systems and impeded access to care resulting in vaccine delivery inequities. Currently, the barriers to vaccine preventable disease control are less about pathogen biology and more about the identification of sub-populations missed by the Expanded Programme on Immunization and therefore left without equitable access to interventions like essential immunization and supplementary vaccination campaigns. Immunization programs miss or underserve hard-to-reach sub-populations for various reasons including geographic inaccessibility, irregular population migration due to regional instabilities, and nomadic lifestyles. For this reason, it remains imperative to employ innovative and effective technologies to improve remote identification of hard-to-reach sub-populations, thereby allowing service delivery during periods of accessibility.</text></passage><passage><infon key="section_type">INTRO</infon><infon key="type">paragraph</infon><offset>4141</offset><text>Understanding the geographic distribution of target populations for health interventions is a critical component of microplanning—an epidemiologic database aimed at delivering health-care interventions like childhood essential immunizations by addressing the implementation demands of a specific setting. Microplans critically inform decisions regarding appropriate delivery strategies (i.e., fixed-post, outreach, or mobile) and logistics needed to reach children targeted for the intervention (i.e., target populations). Each microplan is composed of a line-list where every row represents data pertaining to the geographic unit of analysis being studied while columns illustrate variables containing demographic information (example- children under 5 years of age, number of households to be visited, estimates of total resources needed, etc.). Despite the utility of current microplans, arguments have been made for updated methods of microplanning that leverage Geographic Information Systems (GIS) and satellite imagery to generate high quality and up-to-date maps of target population distributions and maps of built features such as residential structures and settlements. In their Reach Every District (RED) strategy for essential immunization, the World Health Organization (WHO) and the United Nations Children’s Fund (UNICEF) recognized the need for these updated methods and outlined new GIS-enhanced microplanning tactics for improved location surveillance of some populations.</text></passage><passage><infon key="section_type">INTRO</infon><infon key="type">paragraph</infon><offset>5638</offset><text>In some situations, GIS-based microplanning incurs higher costs than traditional, non-GIS based microplanning; however, this does not necessarily imply cost ineffectiveness. A recent cost-effectiveness analysis conducted in two Nigerian states determined that increased cost for GIS-based microplanning was mostly due to purchasing additional vaccines for populations previously uncounted and unreached by traditional microplanning methods. Not only does GIS-based microplanning save resources when executed appropriately, it also protects the lives of field workers in settings where conflict could compromise their security by reducing the need for deployment to high-risk areas. When in-person access is safe and feasible, having field workers physically present in the region of interest allows for ground-truthing which is needed to validate maps generated remotely (i.e., generated using imagery and without physical access to the area of interest). Supplementing microplanning methods with the integration of GIS technologies could further support other public health interventions, such as spraying insecticides for mosquito abatement and malaria prevention and the provision of maternal and child health care services.</text></passage><passage><infon key="section_type">INTRO</infon><infon key="type">paragraph</infon><offset>6866</offset><text>To support the integration of GIS technology in public health planning, researchers take advantage of high- or very high-resolution (VHR) satellite imagery generated by satellites like GeoEye, QuickBird, RapidEye, and WorldView. Sub-meter resolution imagery from these satellites allows analysts to digitize features such as buildings, rooftops, roads, nomadic camps, and informal settlements. The size of a population can even be modeled from these footprints.</text></passage><passage><infon key="section_type">INTRO</infon><infon key="type">paragraph</infon><offset>7328</offset><text>Large-scale feature digitization (e.g., digitization of individual structures across multiple districts or provinces) from imagery without automated methods is very time-consuming for a small group of analysts, especially when the features of interest are sparse in the imagery. Consequently, a method of participatory data acquisition has gained popularity—the “mapathon”—which is a time-limited, crowd-sourced effort by a group of trained participants with or without formal geospatial analysis backgrounds. Participants, used in this paper to describe both the group of contributors and validators, generate spatial data of features like residential structures or informal settlements within a specific area of interest by using GIS platforms, such as OpenStreetMap and ArcGIS Online. Generally there is no financial incentive for contributions made during a mapathon and anyone with a computer and internet connection can contribute. Consequently, humanitarian efforts frequently rely on mapathons to identify mobile populations and undetected settlements. Similarly, data generated from mapathons are useful for detecting and enumerating populations missed during immunization campaigns; thereby, optimizing immunization campaign microplans. Mapathons also provide data that are used to map health facility catchment areas when merged with other key information.</text></passage><passage><infon key="section_type">INTRO</infon><infon key="type">paragraph</infon><offset>8704</offset><text>An alternative method to using mapathons is automated feature extraction (AFE), a type of model-based feature generation, which can be semi- (i.e., some human support) or fully automated (i.e., no human support). After an initial time investment to manually develop training data using selected examples of features of interest (e.g., man-made structures) and examples of features not of interest (e.g., large boulders), AFE does not require time-consuming and labor-intensive steps such as identifying structures and placing points or drawing polygons manually on a computer. AFE relies on computer algorithms and models to learn patterns, edges, and shapes of features (e.g., rooftops or settlement footprints) to digitize and categorize. Machine learning algorithms are designed to enhance performance by effectively teaching the computer how to extract the desired spatial data from imagery with both precision and accuracy. AFE has been leveraged for a myriad of purposes, such as mapping agricultural land use and water boundaries, estimating human and livestock populations, road feature extraction, building feature extraction, and to support disaster relief efforts.</text></passage><passage><infon key="section_type">INTRO</infon><infon key="type">paragraph</infon><offset>9880</offset><text>Like mapathons, AFE relies on high-resolution imagery for optimal performance, but image collection parameters can be refined to account for cloud cover, thick vegetation, and low spectral resolution. Additionally, using a time-series of images can improve the accuracy of feature detection by minimizing false-positives and is especially helpful when analyzing pre- and post-disaster impacts to roads and facilities.</text></passage><passage><infon key="section_type">INTRO</infon><infon key="type">paragraph</infon><offset>10298</offset><text>There is currently no information on how results from participatory mapping compare to the results from AFE; if researchers determine AFE to be as accurate and precise as mapathons but faster at generating spatial data, increasing its use could save valuable resources and time for public health programs without compromising quality. Additionally, as geospatial professionals gain a deeper understanding of the strengths of each method, future projects can more optimally combine the two to complement and enhance their end-products.</text></passage><passage><infon key="section_type">INTRO</infon><infon key="type">paragraph</infon><offset>10833</offset><text>Disparities in equitable access to health services will decrease when additional sub-populations are identified in microplans and serviced by EI campaigns and other public health interventions. Here, we seek to explore and compare the accuracy of two methods of feature generation—mapathons and AFE—to provide evidence for the suitability of each method in identifying hard-to-reach populations vulnerable to vaccine-preventable diseases in inaccessible areas and whether the two methods can work in a complementary or synergistic way.</text></passage><passage><infon key="section_type">METHODS</infon><infon key="type">title_1</infon><offset>11373</offset><text>Methods</text></passage><passage><infon key="section_type">METHODS</infon><infon key="type">paragraph</infon><offset>11381</offset><text>Both feature generation events (i.e., mapathon and AFE) studied here used the same satellite imagery. The study area comprises two districts in Central Asia that were inaccessible to EI at the time of the study. To protect the security of populations living in our study region, the specific geographic areas will not be disclosed. The varied terrain of the urban and rural study areas included rocky and forested mountainous regions, low plateau areas with desert terrain, and some fertile plains used for farmland. The climate in the study area is arid to semiarid with low rainfall in most areas of the region. Permanent and temporary housing structures were visible in the satellite imagery used for the study and included small mud free-standing structures, larger mud-brick and stone compounds surrounded by walls, modern free-standing structures and housing complexes in urban areas, small cliff dwellings, and temporary tents or yurts.</text></passage><passage><infon key="section_type">METHODS</infon><infon key="type">title_2</infon><offset>12325</offset><text>Mapathon</text></passage><passage><infon key="section_type">METHODS</infon><infon key="type">paragraph</infon><offset>12334</offset><text>We conducted the mapathon for this project under the guidance of the WHO and the Geospatial Research, Analysis, and Services Program (GRASP) at the Centers for Disease Control and Prevention (CDC). The mapathon coordinators created a dedicated ArcGIS Online (ESRI, Redlands, CA) hub page for enrolling and training both novice and experienced mappers. This mapathon resource repository included registration information, tutorials on digitizing and application use, a real-time monitoring dashboard to analyze participant progress, links to communication channels, and sections on frequently asked questions. Mapathon participants from the CDC and WHO were recruited via emails and hardcopy informational posters. Participants logged into an ArcGIS Online web application with basic data editing functionality to view current, high-resolution (0.3–0.5 m) satellite imagery downloaded from DigitalGlobe (DG) with the goal of identifying structures inside the two study districts.</text></passage><passage><infon key="section_type">METHODS</infon><infon key="type">paragraph</infon><offset>13316</offset><text>The imagery for both districts covered a total area of 6146 square kilometers. The entire area of interest was divided into 1 km × 1 km grid cells for the contributors who then digitized features of interest within one cell at a time. For each cell, contributors placed one spatially linked point on the center of any man-made structure that was larger than 9 m2 in the image (Fig. 1). If multiple structures existed within a compound (i.e. several structures surrounded by a common wall), the contributors digitized any eligible structure within the compound rather than counting the compound grouping of structures as just one point. Digitized features could be structures used for any purpose. Additionally, contributors were instructed to place points on structures that seemed to be under construction, regardless of shape, while avoiding those that appeared to be destroyed. Structures partially within the grid were treated as within the grid and were digitized. When a contributor marked a cell as complete, all man-made structures larger than 9 m2 and visible in the imagery should have been digitized as point feature class data (a discrete location represented by longitude and latitude coordinates). GIS experts served as validators within the mapathon coordination team, using a separate ArcGIS Online web application to validate any cells marked as complete by the contributors. Validators did not evaluate the quality of digitized points submitted by each contributor but ensured that all features of interest in the underlying satellite image were correctly digitized by contributors and made edits as needed before finalizing each cell. Because the mapathon contributors and validators had little-to-no knowledge about the setting, they did not make any classifications regarding the current use of the buildings they digitized.</text></passage><passage><infon key="section_type">METHODS</infon><infon key="type">title_2</infon><offset>15171</offset><text>Automated feature extraction</text></passage><passage><infon key="section_type">METHODS</infon><infon key="type">paragraph</infon><offset>15200</offset><text>The alternative method of acquiring spatial data for this project leveraged semi-automated feature extraction (Fig. 2) using the results from machine-learning deployments on millions of structures across various developing countries. The results gathered from previously conducted deployments supported Ecopia Tech’s (Toronto, ON, Canada) proprietary machine-learning models in generating building footprints for structures of interest detected in the imagery.</text></passage><passage><infon key="section_type">METHODS</infon><infon key="type">paragraph</infon><offset>15663</offset><text>To support the models in extracting building footprints, relevant imagery was broken into a grid of 256 × 256-pixel chips. Within each chip, a classifier ran through every pixel and assigned each one a probability score for containing a feature of interest, using a variety of textural feature data from neighboring pixels in its calculations. The classifier algorithm used is a proprietary algorithm developed by Ecopia which measures the shearing of pixels along with color gradients to determine the likelihood that a structure falls within a pixel. Shearing in straight and/or circular lines can be indicative of man-made materials. If sheering, texture and contrast scores exceeded Ecopia’s internal threshold of 1 then the pixels were classified as likely containing or being a part of a structure. The classifier algorithm then digitized each structure’s boundary, using the confidence scores previously generated for each pixel. Any chips that did not contain structures were removed from the algorithm’s output. A team of former geospatial professionals and remote sensing enthusiasts who are expert annotators then reviewed the resulting data sets, manually corrected any errors, and provided any necessary updates to the classifier algorithm. Using a “CrowdRank” algorithm we were able to classify users who perform better when compared against other users completing the same task. Users who regularly fall below a pre-defined benchmark are removed from the project in an iterative fashion to promote the highest accuracy possible. Informed by the updated and improved data, the classifier algorithm then iteratively reproduced the process to increase overall accuracy. During these iterations, the annotators continued to manually revise any incorrectly generated vector edges and updated the classifier algorithm accordingly. Furthermore, the annotators manually digitized obscured structures to reflect accurate footprints of structures of interest. Prior to this deployment, Ecopia Tech developed an AFE algorithm capable of classifying footprints and partnered with Maxar Technologies (Westminster, CO) to utilize their very high-resolution imagery mosaics and guidance on categorizing the building footprint outputs. To accurately categorize footprints as commercial, compound, or residential, expert imagery analysts from Ecopia manually identified examples of each from the imagery to use in training data for the machine-learning model. Guided by discussions with local consultants, Ecopia defined a compound as typically including several structures along with a yard surrounded by a wall. Non-walled, free-standing structures were then categorized as either commercial or residential depending on other contextual factors, such as the proximity and presence of latrines, farmlands, vehicles, and other indicators of human activity (Fig. 3). The AFE algorithm excluded structures that were round and smaller than 9 m2 to ensure boulders were not mistaken for structures. The outputs of the model were polygons drawn around the perimeter of all free-standing structures larger than 9 m2 (whether categorized as commercial or residential) and all residential compounds (Fig. 1). Unlike the mapathon, compounds, regardless of the number of structures contained inside, were treated as one polygon feature.</text></passage><passage><infon key="file">12942_2021_277_Fig2_HTML.jpg</infon><infon key="id">Fig1</infon><infon key="section_type">FIG</infon><infon key="type">fig_caption</infon><offset>19010</offset><text>Feature generation using two methods: mapathon (point) and automated feature extraction algorithm (polygon)</text></passage><passage><infon key="file">12942_2021_277_Fig1_HTML.jpg</infon><infon key="id">Fig2</infon><infon key="section_type">FIG</infon><infon key="type">fig_caption</infon><offset>19118</offset><text>Sequence of steps employed for automated feature extraction (AFE)</text></passage><passage><infon key="file">12942_2021_277_Fig3_HTML.jpg</infon><infon key="id">Fig3</infon><infon key="section_type">FIG</infon><infon key="type">fig_caption</infon><offset>19184</offset><text>Example of free-standing structures in the study area, categorized as commercial (left) and residential (right) </text></passage><passage><infon key="file">12942_2021_277_Fig3_HTML.jpg</infon><infon key="id">Fig3</infon><infon key="section_type">FIG</infon><infon key="type">fig_caption</infon><offset>19297</offset><text>(© 2020 Maxar Technologies)</text></passage><passage><infon key="section_type">METHODS</infon><infon key="type">paragraph</infon><offset>19326</offset><text>An estimate of the population inhabiting the structures captured by each method was calculated employing the assumption that a compound includes three households, where each household has an average of 2 adults and 5 children. Therefore, it was estimated that each compound housed an average of 21 individuals.</text></passage><passage><infon key="section_type">METHODS</infon><infon key="type">title_2</infon><offset>19637</offset><text>Accuracy assessment</text></passage><passage><infon key="section_type">METHODS</infon><infon key="type">paragraph</infon><offset>19657</offset><text>The study areas were selected for two reasons: their geographic heterogeneity despite the low spectral diversity (e.g., deserts, arid mountainous, alluvial plains, etc.) and the inaccessibility of local ground-truth data due to continuous insecurity.</text></passage><passage><infon key="section_type">METHODS</infon><infon key="type">paragraph</infon><offset>19908</offset><text>We employed the following accuracy assessment techniques to determine how well each feature generation method—mapathon or AFE—captured the actual location of features of interest.</text></passage><passage><infon key="section_type">METHODS</infon><infon key="type">title_3</infon><offset>20092</offset><text>Assessment 1</text></passage><passage><infon key="section_type">METHODS</infon><infon key="type">paragraph</infon><offset>20105</offset><text>We conducted an agreement analysis of the two feature classes to assess matches across the two outputs. To ensure a uniform comparison across both sets of features, we only considered the non-compound AFE features and the mapathon points that were not part of a compound. A simple ‘select by location’ query was used within ArcGIS Pro, whereby both feature types, point and polygon, were analyzed together.</text></passage><passage><infon key="file">12942_2021_277_Fig4_HTML.jpg</infon><infon key="id">Fig4</infon><infon key="section_type">FIG</infon><infon key="type">fig_caption</infon><offset>20516</offset><text>Comparing the results of two feature generation methods: match assessments categorized as “befriended” or “lonely”. 1For illustrative purposes only. 2AFE = automated feature extraction. 3Five-meter buffers were measured around each point and measured from the edges of each polygon. For clarity of illustration, 5-m polygon buffers are only shown for the lonely polygon</text></passage><passage><infon key="section_type">METHODS</infon><infon key="type">paragraph</infon><offset>20898</offset><text>To allow for small shifts in geographic location when comparing mapathon points and AFE polygons, features within 5 m of another polygon’s perimeter were considered a match and labeled as “befriended” (Fig. 4). If a point from the mapathon did not fall within an AFE polygon or have an AFE polygon within 5 m of it, we labeled that point as “lonely”. Similarly, if a polygon from AFE did not have a corresponding mapathon point within 5 m of the polygon’s edge, we labeled that polygon as “lonely”. Five meter buffers were applied to points and polygons separately, rather than simultaneously, such that the consideration of a potential 5 m shift in the location of the polygon or the point was analyzed first for one of the feature types and then the other.</text></passage><passage><infon key="section_type">METHODS</infon><infon key="type">title_3</infon><offset>21678</offset><text>Assessment 2</text></passage><passage><infon key="section_type">METHODS</infon><infon key="type">paragraph</infon><offset>21691</offset><text>We conducted a subset analysis of the data from both feature generation methods. Two GIS experts who were not part of the mapathon validation team, independently analyzed the same set of 100 random, lonely points and 100 random, lonely polygons against the same high-resolution imagery. The subset analysis was limited to lonely points and lonely polygons as lonely features were not considered to be matches from Assessment 1. The GIS experts did not have access to ground truth due to security reasons in the study region. As an alternative, high-resolution satellite imagery was used as the source of verification for their assessment. They classified points and polygons correctly corresponding to a structure as true positives (TP) based on verification against satellite imagery and classified the remaining features as false positives (FP), also based on verification against satellite imagery. Finally, the true positive percentage was calculated by averaging the number of TP and FP yielded by the two GIS experts.</text></passage><passage><infon key="section_type">METHODS</infon><infon key="type">title_3</infon><offset>22715</offset><text>Assessment 3</text></passage><passage><infon key="section_type">METHODS</infon><infon key="type">paragraph</infon><offset>22728</offset><text>The third accuracy assessment involved statistically comparing the features generated from both the mapathon and AFE to a microplan, considered the gold-standard data, shared by the local-level team from one of the study districts. The microplan was developed by the local health authorities and is created by listing out the known settlements in the areas targeted for vaccination and estimating the number of households that vaccination teams should expect to find in each settlement. The study district consisted of 44 operational sub-districts called clusters and one vaccination team was assigned to work in each cluster. The microplan included cluster names, number of households per cluster, number of vaccination teams, the population aged 0–59 months (i.e., target age for vaccination), and total population.</text></passage><passage><infon key="section_type">METHODS</infon><infon key="type">paragraph</infon><offset>23549</offset><text>To account for differences in feature extraction techniques and parameters, we analyzed residential or compound polygons and mapathon points. Because mapathon points captured structures of any use while the AFE and microplan indicated household structures of residential use only, the count of mapathon points per cluster was recalculated to better approximate the number of households in the cluster. To count only one mapathon point per compound, we first removed mapathon points that fell inside of AFE polygons categorized as compounds from the analysis. We then multiplied the percentage of AFE compounds containing at least one mapathon point (83%) with the number of compounds in each of the 44 clusters and added that number to the mapathon points for each cluster, thus creating a more comparable dataset to the AFE polygons and microplan.</text></passage><passage><infon key="section_type">METHODS</infon><infon key="type">paragraph</infon><offset>24398</offset><text>The null hypothesis for this assessment assumed no significant differences between the average number of features per cluster in the microplan in comparison with the average number of features per cluster obtained from each feature generation method. To test this assumption, we conducted 2-sample t-tests: (a) comparing the average number of points per cluster from the mapathon to the microplan and (b) comparing the average number of polygons per cluster from AFE to the microplan. T-statistics indicated whether there were significant differences (p &lt; 0.05) between each feature generation method and the microplan.</text></passage><passage><infon key="section_type">METHODS</infon><infon key="type">title_3</infon><offset>25022</offset><text>Assessment 4</text></passage><passage><infon key="section_type">METHODS</infon><infon key="type">paragraph</infon><offset>25035</offset><text>Population in the study area was estimated by applying the following assumptions to the mapathon and AFE data—A compound consists of 3 households and a household consists of 7 individuals. This assumption was based on advice from in-country colleagues. Therefore, population estimates were calculated based on the number of free-standing (7 individuals) residences and the number of compound residences (21 individuals).</text></passage><passage><infon key="section_type">RESULTS</infon><infon key="type">title_1</infon><offset>25458</offset><text>Results</text></passage><passage><infon key="section_type">RESULTS</infon><infon key="type">title_2</infon><offset>25466</offset><text>Descriptive statistics of mapathon and validation</text></passage><passage><infon key="section_type">RESULTS</infon><infon key="type">paragraph</infon><offset>25516</offset><text>The mapathon took place in August 2018 over five days and recruited 107 participants. Seven organizers spent approximately 840 h, or approximately 120 h per person, preparing for and conducting the event. The contributors and validators captured a total of 92,713 valid individual structures across an area of 6146 km2 during the mapathon. The total number of individual structures did not take into account, the adjustments made by validators where mapathon points of insufficient quality were deleted. The number of digitized features differed widely between participants, with a minimum point count of 1 and a maximum of 10,134. Participants spent a total of 98 h digitizing, averaging 748 features per person.</text></passage><passage><infon key="section_type">RESULTS</infon><infon key="type">paragraph</infon><offset>26233</offset><text>Of the 92,713 structures digitized during the mapathon, the vast majority (n = 79,640, 85.9%) required no revision by a validator, a sizeable proportion (n = 12,608, 13.6%) were uniquely generated by the validators because contributors missed these structures entirely, and &lt; 0.5% were edited by the validators or contributors themselves.</text></passage><passage><infon key="section_type">RESULTS</infon><infon key="type">title_2</infon><offset>26584</offset><text>Descriptive statistics of automated feature extraction</text></passage><passage><infon key="section_type">RESULTS</infon><infon key="type">paragraph</infon><offset>26639</offset><text>The AFE process required a total of nine days to complete, costing $25,000. This cost included image mosaic preparation, training data development, model deployment and iterations, and quality checks for a total area of 6146 km2. The semi-automated method identified 53,150 individual structures and compounds. The combined use of Maxar satellite imagery processing and Ecopia algorithms enabled the generation of building footprints and consequent categorization of those footprints. Due to the difference in methodologies, it is expected that the AFE method would result in fewer features than the mapathon. The AFE classifier categorized 80.7% (n) of the building footprints as compound structures, 16.4% (n) as commercial structures, and 2.9% (n) as residential structures. The average area of all AFE polygons, representing the footprints of compounds, was 808.2 m2, while the average area for commercial and residential building footprints were 24.4 m2 and 65.3 m2, respectively.</text></passage><passage><infon key="section_type">RESULTS</infon><infon key="type">title_2</infon><offset>27628</offset><text>Assessment 1: Comparing mapathon and AFE</text></passage><passage><infon key="section_type">RESULTS</infon><infon key="type">paragraph</infon><offset>27669</offset><text>Based on the matches assessed across the two feature generation outputs (Fig. 4), 30% (n/N) of the non-compound AFE-identified structures intersected or were within 5 m of a mapathon point, while 70% (n/N) were not. Comparatively, 28% (n/N) of the mapathon points that were not part of a compound fell inside of or were within 5 m of an AFE polygon, while 72% (n/N) did not. A slightly higher proportion of AFE features were befriended (30%) than the proportion of mapathon points that were befriended (28%). 2% more identified polygons were corroborated by a mapathon point than identified mapathon points were corroborated by a polygon.</text></passage><passage><infon key="section_type">RESULTS</infon><infon key="type">title_2</infon><offset>28311</offset><text>Assessment 2: Subset analysis</text></passage><passage><infon key="section_type">RESULTS</infon><infon key="type">paragraph</infon><offset>28341</offset><text>The subset analysis demonstrated that the AFE method, including residential and commercial structures, had a higher true positive percent (90.5%) than the mapathon (84.5%) in identifying structures (see Appendix 1).</text></passage><passage><infon key="section_type">RESULTS</infon><infon key="type">title_2</infon><offset>28557</offset><text>Assessment 3: Comparing average number of features per cluster against the microplan</text></passage><passage><infon key="file">12942_2021_277_Fig5_HTML.jpg</infon><infon key="id">Fig5</infon><infon key="section_type">FIG</infon><infon key="type">fig_caption</infon><offset>28642</offset><text>Count of features across all clusters by feature generation or listing technique</text></passage><passage><infon key="section_type">RESULTS</infon><infon key="type">paragraph</infon><offset>28723</offset><text>When compared against the 25,141 total features included in the microplan, the mapathon identified an additional 20,804 features. The difference between the microplan and the AFE results was smaller (8142). Figure 5 shows the variation of all features, resulting from the three different techniques in one district of the study area.</text></passage><passage><infon key="section_type">RESULTS</infon><infon key="type">paragraph</infon><offset>29057</offset><text>The average number of features per cluster in the microplan was 571.39 and the average number of mapathon points per cluster was statistically significantly higher (mean = 1044.20, t = 3.56, p &lt; 0.001) as was the average number of AFE polygons per cluster (mean = 756.43, t = 2.09, p = 0.04). Both comparisons indicate that the microplans were missing structures in the clusters reviewed or that both the methods overestimated the number of structures in the microplan clusters. The p-value was significant (alpha = 0.05) for both t-tests, providing sufficient support to reject the null hypothesis, which assumed no significant difference between the average number of features obtained through both extraction methods and the microplan (Table 1).</text></passage><passage><infon key="section_type">RESULTS</infon><infon key="type">title_2</infon><offset>29834</offset><text>Assessment 4: Estimating population</text></passage><passage><infon key="file">Tab1.xml</infon><infon key="id">Tab1</infon><infon key="section_type">TABLE</infon><infon key="type">table_caption</infon><offset>29870</offset><text>Two-Sample t-Test results comparing features per cluster</text></passage><passage><infon key="file">Tab1.xml</infon><infon key="id">Tab1</infon><infon key="section_type">TABLE</infon><infon key="type">table</infon><infon key="xml">&lt;?xml version=&quot;1.0&quot; encoding=&quot;UTF-8&quot;?&gt;
&lt;table frame=&quot;hsides&quot; rules=&quot;groups&quot;&gt;&lt;thead&gt;&lt;tr&gt;&lt;th align=&quot;left&quot; colspan=&quot;6&quot;&gt;t-Test: two-sample assuming unequal variances&lt;/th&gt;&lt;/tr&gt;&lt;tr&gt;&lt;th align=&quot;left&quot;/&gt;&lt;th align=&quot;left&quot;&gt;Mapathon points&lt;/th&gt;&lt;th align=&quot;left&quot;&gt;Microplan&lt;/th&gt;&lt;th align=&quot;left&quot;/&gt;&lt;th align=&quot;left&quot;&gt;AFE features&lt;/th&gt;&lt;th align=&quot;left&quot;&gt;Microplan&lt;/th&gt;&lt;/tr&gt;&lt;/thead&gt;&lt;tbody&gt;&lt;tr&gt;&lt;td align=&quot;left&quot;&gt;Mean&lt;/td&gt;&lt;td align=&quot;left&quot;&gt;1044.20&lt;/td&gt;&lt;td align=&quot;left&quot;&gt;571.39&lt;/td&gt;&lt;td align=&quot;left&quot;&gt;Mean&lt;/td&gt;&lt;td align=&quot;left&quot;&gt;756.43&lt;/td&gt;&lt;td align=&quot;left&quot;&gt;571.39&lt;/td&gt;&lt;/tr&gt;&lt;tr&gt;&lt;td align=&quot;left&quot;&gt;Variance&lt;/td&gt;&lt;td align=&quot;left&quot;&gt;717,621.79&lt;/td&gt;&lt;td align=&quot;left&quot;&gt;60,285.87&lt;/td&gt;&lt;td align=&quot;left&quot;&gt;Variance&lt;/td&gt;&lt;td align=&quot;left&quot;&gt;284,076.30&lt;/td&gt;&lt;td align=&quot;left&quot;&gt;60,285.87&lt;/td&gt;&lt;/tr&gt;&lt;tr&gt;&lt;td align=&quot;left&quot;&gt;Observations&lt;/td&gt;&lt;td align=&quot;left&quot;&gt;44&lt;/td&gt;&lt;td align=&quot;left&quot;&gt;44&lt;/td&gt;&lt;td align=&quot;left&quot;&gt;Observations&lt;/td&gt;&lt;td align=&quot;left&quot;&gt;44&lt;/td&gt;&lt;td align=&quot;left&quot;&gt;44&lt;/td&gt;&lt;/tr&gt;&lt;tr&gt;&lt;td align=&quot;left&quot;&gt;Hypothesized mean difference&lt;/td&gt;&lt;td align=&quot;left&quot;&gt;0&lt;/td&gt;&lt;td align=&quot;left&quot;/&gt;&lt;td align=&quot;left&quot;&gt;Hypothesized mean difference&lt;/td&gt;&lt;td align=&quot;left&quot;&gt;0&lt;/td&gt;&lt;td align=&quot;left&quot;/&gt;&lt;/tr&gt;&lt;tr&gt;&lt;td align=&quot;left&quot;&gt;df&lt;/td&gt;&lt;td align=&quot;left&quot;&gt;50&lt;/td&gt;&lt;td align=&quot;left&quot;/&gt;&lt;td align=&quot;left&quot;&gt;df&lt;/td&gt;&lt;td align=&quot;left&quot;&gt;60&lt;/td&gt;&lt;td align=&quot;left&quot;/&gt;&lt;/tr&gt;&lt;tr&gt;&lt;td align=&quot;left&quot;&gt;t Stat&lt;/td&gt;&lt;td align=&quot;left&quot;&gt;3.56&lt;/td&gt;&lt;td align=&quot;left&quot;/&gt;&lt;td align=&quot;left&quot;&gt;t Stat&lt;/td&gt;&lt;td align=&quot;left&quot;&gt;2.09&lt;/td&gt;&lt;td align=&quot;left&quot;/&gt;&lt;/tr&gt;&lt;tr&gt;&lt;td align=&quot;left&quot;&gt;P(T ≤ t) two-tail&lt;/td&gt;&lt;td align=&quot;left&quot;&gt;0.00083&lt;/td&gt;&lt;td align=&quot;left&quot;/&gt;&lt;td align=&quot;left&quot;&gt;P(T ≤ t) two-tail&lt;/td&gt;&lt;td align=&quot;left&quot;&gt;0.04071&lt;/td&gt;&lt;td align=&quot;left&quot;/&gt;&lt;/tr&gt;&lt;tr&gt;&lt;td align=&quot;left&quot;&gt;t Critical two-tail&lt;/td&gt;&lt;td align=&quot;left&quot;&gt;2.01&lt;/td&gt;&lt;td align=&quot;left&quot;/&gt;&lt;td align=&quot;left&quot;&gt;t Critical two-tail&lt;/td&gt;&lt;td align=&quot;left&quot;&gt;2.00&lt;/td&gt;&lt;td align=&quot;left&quot;/&gt;&lt;/tr&gt;&lt;/tbody&gt;&lt;/table&gt;
</infon><offset>29927</offset><text>t-Test: two-sample assuming unequal variances	 		Mapathon points	Microplan		AFE features	Microplan	 	Mean	1044.20	571.39	Mean	756.43	571.39	 	Variance	717,621.79	60,285.87	Variance	284,076.30	60,285.87	 	Observations	44	44	Observations	44	44	 	Hypothesized mean difference	0		Hypothesized mean difference	0		 	df	50		df	60		 	t Stat	3.56		t Stat	2.09		 	P(T ≤ t) two-tail	0.00083		P(T ≤ t) two-tail	0.04071		 	t Critical two-tail	2.01		t Critical two-tail	2.00		 	</text></passage><passage><infon key="file">Tab2.xml</infon><infon key="id">Tab2</infon><infon key="section_type">TABLE</infon><infon key="type">table_caption</infon><offset>30404</offset><text>Comparison of feature generation techniques</text></passage><passage><infon key="file">Tab2.xml</infon><infon key="id">Tab2</infon><infon key="section_type">TABLE</infon><infon key="type">table</infon><infon key="xml">&lt;?xml version=&quot;1.0&quot; encoding=&quot;UTF-8&quot;?&gt;
&lt;table frame=&quot;hsides&quot; rules=&quot;groups&quot;&gt;&lt;thead&gt;&lt;tr&gt;&lt;th align=&quot;left&quot;&gt;Mapathon&lt;/th&gt;&lt;th align=&quot;left&quot;&gt;Indicator&lt;/th&gt;&lt;th align=&quot;left&quot;&gt;Automated feature extraction&lt;/th&gt;&lt;/tr&gt;&lt;/thead&gt;&lt;tbody&gt;&lt;tr&gt;&lt;td align=&quot;left&quot; colspan=&quot;3&quot;&gt;A. generic indicators&lt;/td&gt;&lt;/tr&gt;&lt;tr&gt;&lt;td align=&quot;left&quot;&gt;60 days&lt;/td&gt;&lt;td align=&quot;left&quot;&gt;Time&lt;/td&gt;&lt;td align=&quot;left&quot;&gt;9 days&lt;/td&gt;&lt;/tr&gt;&lt;tr&gt;&lt;td align=&quot;left&quot;&gt;Cost of organizational ArcGIS Online licenses (creator license = $1000/year, Editor license = $200/year). Labor cost for coordinators (based on salary of coordinators). Participants were unpaid volunteers&lt;/td&gt;&lt;td align=&quot;left&quot;&gt;Cost&lt;sup&gt;a&lt;/sup&gt; to conduct project&lt;/td&gt;&lt;td align=&quot;left&quot;&gt;$25,000 for 6146 km&lt;sup&gt;2&lt;/sup&gt;&lt;/td&gt;&lt;/tr&gt;&lt;tr&gt;&lt;td align=&quot;left&quot;&gt;Specialized application development expertise required of coordinators&lt;/td&gt;&lt;td align=&quot;left&quot;&gt;Skill level&lt;/td&gt;&lt;td align=&quot;left&quot;&gt;Specialized machine-learning expertise required&lt;/td&gt;&lt;/tr&gt;&lt;tr&gt;&lt;td align=&quot;left&quot;&gt;Smaller geographic regions&lt;/td&gt;&lt;td align=&quot;left&quot;&gt;Area (best suited for)&lt;/td&gt;&lt;td align=&quot;left&quot;&gt;Larger geographic areas&lt;/td&gt;&lt;/tr&gt;&lt;tr&gt;&lt;td align=&quot;left&quot; colspan=&quot;3&quot;&gt;B. Performance Indicators&lt;/td&gt;&lt;/tr&gt;&lt;tr&gt;&lt;td align=&quot;left&quot;&gt;92,713&lt;/td&gt;&lt;td align=&quot;left&quot;&gt;Number of structures identified&lt;/td&gt;&lt;td align=&quot;left&quot;&gt;53,150&lt;/td&gt;&lt;/tr&gt;&lt;tr&gt;&lt;td align=&quot;left&quot;&gt;+20,804&lt;/td&gt;&lt;td align=&quot;left&quot;&gt;Difference in structures identified compared to microplan&lt;/td&gt;&lt;td align=&quot;left&quot;&gt;+8142&lt;/td&gt;&lt;/tr&gt;&lt;tr&gt;&lt;td align=&quot;left&quot;&gt;28%&lt;/td&gt;&lt;td align=&quot;left&quot;&gt;Non-compound match rate (%befriended)&lt;/td&gt;&lt;td align=&quot;left&quot;&gt;30%&lt;/td&gt;&lt;/tr&gt;&lt;tr&gt;&lt;td align=&quot;left&quot;&gt;30,904&lt;/td&gt;&lt;td align=&quot;left&quot;&gt;Number of compounds identified&lt;/td&gt;&lt;td align=&quot;left&quot;&gt;43,395&lt;/td&gt;&lt;/tr&gt;&lt;tr&gt;&lt;td align=&quot;left&quot;&gt;84.50%&lt;/td&gt;&lt;td align=&quot;left&quot;&gt;True positive percent&lt;/td&gt;&lt;td align=&quot;left&quot;&gt;90.50%&lt;/td&gt;&lt;/tr&gt;&lt;tr&gt;&lt;td align=&quot;left&quot;&gt;648,991&lt;/td&gt;&lt;td align=&quot;left&quot;&gt;Estimated population&lt;sup&gt;b&lt;/sup&gt;&lt;/td&gt;&lt;td align=&quot;left&quot;&gt;911,302&lt;/td&gt;&lt;/tr&gt;&lt;/tbody&gt;&lt;/table&gt;
</infon><offset>30448</offset><text>Mapathon	Indicator	Automated feature extraction	 	A. generic indicators	 	60 days	Time	9 days	 	Cost of organizational ArcGIS Online licenses (creator license = $1000/year, Editor license = $200/year). Labor cost for coordinators (based on salary of coordinators). Participants were unpaid volunteers	Costa to conduct project	$25,000 for 6146 km2	 	Specialized application development expertise required of coordinators	Skill level	Specialized machine-learning expertise required	 	Smaller geographic regions	Area (best suited for)	Larger geographic areas	 	B. Performance Indicators	 	92,713	Number of structures identified	53,150	 	+20,804	Difference in structures identified compared to microplan	+8142	 	28%	Non-compound match rate (%befriended)	30%	 	30,904	Number of compounds identified	43,395	 	84.50%	True positive percent	90.50%	 	648,991	Estimated populationb	911,302	 	</text></passage><passage><infon key="file">Tab2.xml</infon><infon key="id">Tab2</infon><infon key="section_type">TABLE</infon><infon key="type">table_foot</infon><offset>31340</offset><text>aCost does not take cost of imagery into account, as imagery did not have a stand-alone procurement fee for the specific event studied here</text></passage><passage><infon key="file">Tab2.xml</infon><infon key="id">Tab2</infon><infon key="section_type">TABLE</infon><infon key="type">table_foot</infon><offset>31480</offset><text>bPopulation was estimated by applying the following assumptions to the mapathon and AFE data: a compound consists of 3 households and a household consists of 7 individuals</text></passage><passage><infon key="section_type">RESULTS</infon><infon key="type">paragraph</infon><offset>31652</offset><text>The population in the study area estimated from mapathon results was 648,991 and the population based on AFE results was 911,302.</text></passage><passage><infon key="section_type">DISCUSS</infon><infon key="type">title_1</infon><offset>31782</offset><text>Discussion</text></passage><passage><infon key="section_type">DISCUSS</infon><infon key="type">paragraph</infon><offset>31793</offset><text>The results obtained from both feature generation methods were compared to estimates from the current field-level source, a microplan line-list. Even though the study compared differing methodologies for feature generation, measures to ensure a uniform comparison were taken into consideration, including the exclusion of commercial structures and recalculation of mapathon points to better approximate the number of households in the cluster. Results of the t-tests indicated statistically significant differences for each technique in comparison with the microplan, with the total number of features per cluster larger than the microplan and in the case of the mapathon, almost twice the average. The AFE was found to be similar to the microplan when looking at absolute feature counts. While the accuracy of the field-level microplan itself is unknown, it is the best comparison dataset the authors had to compare mapathon and AFE results to. AFE outputs had a higher true positive percent (90.5%) than the mapathon (84.5%), meaning the AFE was slightly better at correctly identifying a structure in the satellite imagery as a structure. The two techniques could be optimized to more accurately detect structures, as both were subject to false positives and an unknown number of false negatives. Large boulders and trees were accidentally digitized manually as structures in the mapathon which could be avoided by using various indices that enhance spectral diversity and by conducting more training with the participants. Likewise, numerous structures amidst cliffs and hilly terrain were not captured by the AFE technique.</text></passage><passage><infon key="section_type">DISCUSS</infon><infon key="type">paragraph</infon><offset>33422</offset><text>Population estimates in inaccessible regions are often difficult to ascertain due to dynamic population changes and the enumeration process being labor-intensive. This has important consequences for planning immunization campaigns and estimating vaccination coverage for EI. Acquiring precise population estimates translates into improved vaccine delivery programs once areas become accessible and more accurate evaluations on the coverage of the campaign. This analysis was able to produce rough population estimates for the study area derived from each feature generation method, based on structure to population ratio assumptions supplied by country level partners. Our overarching purpose in comparing both feature generation methods was to determine which method more accurately identified structures in high-resolution satellite imagery and how the two methods might best complement one another. The most accurate population estimates are a result of optimum accuracy in structure identification.</text></passage><passage><infon key="section_type">DISCUSS</infon><infon key="type">paragraph</infon><offset>34425</offset><text>As populations and population movements continue to fluctuate across large geographic areas, the availability of up-to-date information on the distribution of human settlements constantly changes. These are circumstances in which AFE that can be rerun and retrained quickly could make valuable contributions to data availability compared to mapathons that require time-consuming manual inspections for updates. This AFE process required two days for mosaic preparation, and seven days for training data curation, model deployment iterations, and quality checks. Algorithms like the ones used here are useful for expediting work while maintaining or enhancing quality; however, these algorithms are costly. The cost of the pilot AFE project was $25,000 across 6146 km2 of the study area and required highly specialized technical expertise (Table 2). As this technology becomes more commonly used and explored, it is expected that the cost could decrease over time, making it more accessible. In contrast, participatory and collaborative mapping like mapathons require an extensive amount of manpower and time, making it much harder to translate into monetary costs and are therefore most valuable when timeliness is less of a priority, the geographic scale of the study is limited, and current, high-resolution imagery is available (Table 2).</text></passage><passage><infon key="section_type">DISCUSS</infon><infon key="type">paragraph</infon><offset>35767</offset><text>The use of mapathons for public health interventions has increased meaningfully in recent years. Mapathons have the ability to promote effective community engagement, creating a sustainable mechanism of generating geographic data that can be used by local immunizers during campaigns, ensuring the inclusion of all settlements. This collaborative style of mapping can recruit a range of expertise and be conducted mostly free of cost; however, the two main methodological challenges are the uncertainty of the quality of data generated by participants and the number of hours it takes to organize and conduct a mapathon.</text></passage><passage><infon key="section_type">DISCUSS</infon><infon key="type">paragraph</infon><offset>36388</offset><text>Manual feature generation and model-driven feature generations are also useful methods to utilize in tandem to exploit the merits of each and develop a product superior to that which would be created by using only one method alone. For example, smaller scale mapathon efforts are an efficient means of training data creation for AFE. Additionally, AFE footprints can be added to an online application to assist mapathon validators in assessing incoming results during a mapathon event. Both AFE footprints and mapathon points, or a combination of the two, can be utilized as inputs for population estimation models whereby structures are a proxy for the population. The researchers suggest that parameters, such as terrain type, delivery deadline, budget, human resources, computing resources, imagery availability, and requirements of the data output should be considered to strike an appropriate balance in using these two methods together or to decide if one method is more favorable than the other for a particular project. Although assessing whether the mapathons together with AFE provide more accurate results was outside of the scope of this paper, future work might include an analysis of how these two methods could be used in tandem.</text></passage><passage><infon key="section_type">DISCUSS</infon><infon key="type">title_1</infon><offset>37633</offset><text>Limitations</text></passage><passage><infon key="section_type">DISCUSS</infon><infon key="type">paragraph</infon><offset>37645</offset><text>While the strengths of this study included the use of current, equivalent satellite imagery across the two feature generation methods compared, multiple assessments to understand the ways in which the results of each method were similar and different, and a thorough logistical comparison on how to decide which method to employ (when you must choose only one), the study also had limitations. An important caveat for interpreting our findings is the lack of a true gold standard, in the form of ground-truthed data collection, which made it impossible to calculate the false-negative rate for each method. Furthermore, due to the insecurity of the area, building footprints and points generated through the study could not be validated in the field for potential inaccuracies. Instead, the findings were compared to a microplan line-list developed by the country’s local teams and considered closest to ground truth. However, microplans are also limited because they capture known areas of settlements and may not reflect newly established or abandoned settlements. Finally, the over and underestimation of structures extracted through both techniques cannot be investigated on ground due to pending security access within the region. The authors suggest replicating this study in accessible areas to evaluate and compare findings. Another inherent challenge in this study is the use of different feature extraction techniques. The mapathon participants were instructed to place one point per unique rooftop included within compounds, while the AFE grouped numerous structures into one feature (as shown in Fig. 1) when the polygon feature represented a compound. This resulted in a considerable underestimation of individual structures (39,563 fewer structures) with the AFE technique, which can be an issue if using individual structure counts to estimate population.</text></passage><passage><infon key="section_type">DISCUSS</infon><infon key="type">paragraph</infon><offset>39519</offset><text>Another important limitation is the lack of equivalent, constant oversight and the introduction of human bias by the mapathon participants in comparison with AFE. While mapathon participants were provided with training resources and had access to constant communication with GIS experts through an online chat application, mapathon coordinators were not able to monitor every point placed by novice contributors. Mapathon validators did confirm the accuracy of each digitized point and made any necessary edits following submission by the contributors, but human error could still be present in this validation process. The AFE method involved in this study also utilized human input as part of the validation process after the classification algorithm was run, but the possibility of human error is lower than that of the mapathon because much less human input was involved.</text></passage><passage><infon key="section_type">CONCL</infon><infon key="type">title_1</infon><offset>40395</offset><text>Conclusions</text></passage><passage><infon key="section_type">CONCL</infon><infon key="type">paragraph</infon><offset>40407</offset><text>We presented results comparing two feature extraction methods with the objective of determining how accurately each method identified settlements in hard-to-reach areas for the purpose of improving EI efforts. The findings suggest that the AFE is more robust in detecting structures when compared to the mapathon; however, the results need to be validated in the field when feasible in order to calculate sensitivity and specificity compared to the gold standard of data collected on the ground (i.e., ground truthing). AFE could be particularly useful for essential immunization efforts because it generates spatial data from imagery rapidly and has the potential to be more accurate than mapathons. The geographic data obtained from this study will be used to improve existing microplans with the intent of increasing the EI coverage rate in our study area. Future comparison studies must consider a consistent methodological framework across both feature extraction techniques to improve the findings presented in this study. Although both feature generation techniques could be improved further, this study is a step towards strengthening the understanding of potential methods of mapping population distribution in inaccessible areas to support public health interventions.</text></passage><passage><infon key="section_type">APPENDIX</infon><infon key="type">title_1</infon><offset>41686</offset><text>Appendix 1</text></passage><passage><infon key="file">Taba.xml</infon><infon key="id">Taba</infon><infon key="section_type">TABLE</infon><infon key="type">table</infon><infon key="xml">&lt;?xml version=&quot;1.0&quot; encoding=&quot;UTF-8&quot;?&gt;
&lt;table frame=&quot;hsides&quot; rules=&quot;groups&quot;&gt;&lt;thead&gt;&lt;tr&gt;&lt;th align=&quot;left&quot; rowspan=&quot;2&quot;&gt;GIS Analyst&lt;/th&gt;&lt;th align=&quot;left&quot; colspan=&quot;2&quot;&gt;Mapathon points&lt;/th&gt;&lt;th align=&quot;left&quot; colspan=&quot;2&quot;&gt;AFE polygons&lt;/th&gt;&lt;/tr&gt;&lt;tr&gt;&lt;th align=&quot;left&quot;&gt;True positive&lt;/th&gt;&lt;th align=&quot;left&quot;&gt;False positive&lt;/th&gt;&lt;th align=&quot;left&quot;&gt;True positive&lt;/th&gt;&lt;th align=&quot;left&quot;&gt;False positive&lt;/th&gt;&lt;/tr&gt;&lt;/thead&gt;&lt;tbody&gt;&lt;tr&gt;&lt;td align=&quot;left&quot;&gt;A&lt;/td&gt;&lt;td align=&quot;left&quot;&gt;91&lt;/td&gt;&lt;td align=&quot;left&quot;&gt;9&lt;/td&gt;&lt;td align=&quot;left&quot;&gt;94&lt;/td&gt;&lt;td align=&quot;left&quot;&gt;9&lt;/td&gt;&lt;/tr&gt;&lt;tr&gt;&lt;td align=&quot;left&quot;&gt;B&lt;/td&gt;&lt;td align=&quot;left&quot;&gt;78&lt;/td&gt;&lt;td align=&quot;left&quot;&gt;22&lt;/td&gt;&lt;td align=&quot;left&quot;&gt;87&lt;/td&gt;&lt;td align=&quot;left&quot;&gt;13&lt;/td&gt;&lt;/tr&gt;&lt;tr&gt;&lt;td align=&quot;left&quot;&gt;Total&lt;/td&gt;&lt;td align=&quot;left&quot;&gt;169&lt;/td&gt;&lt;td align=&quot;left&quot;&gt;31&lt;/td&gt;&lt;td align=&quot;left&quot;&gt;181&lt;/td&gt;&lt;td align=&quot;left&quot;&gt;22&lt;/td&gt;&lt;/tr&gt;&lt;tr&gt;&lt;td align=&quot;left&quot;&gt;Average percent&lt;/td&gt;&lt;td align=&quot;left&quot;&gt;84.5%&lt;/td&gt;&lt;td align=&quot;left&quot;&gt;15.5%&lt;/td&gt;&lt;td align=&quot;left&quot;&gt;90.5%&lt;/td&gt;&lt;td align=&quot;left&quot;&gt;11%&lt;/td&gt;&lt;/tr&gt;&lt;/tbody&gt;&lt;/table&gt;
</infon><offset>41697</offset><text>GIS Analyst	Mapathon points	AFE polygons	 	True positive	False positive	True positive	False positive	 	A	91	9	94	9	 	B	78	22	87	13	 	Total	169	31	181	22	 	Average percent	84.5%	15.5%	90.5%	11%	 	</text></passage><passage><infon key="section_type">APPENDIX</infon><infon key="type">paragraph</infon><offset>41893</offset><text>Assessment 2: Subset analysis results.</text></passage><passage><infon key="section_type">ABBR</infon><infon key="type">title</infon><offset>41932</offset><text>Abbreviations</text></passage><passage><infon key="section_type">ABBR</infon><infon key="type">paragraph</infon><offset>41946</offset><text>AFE</text></passage><passage><infon key="section_type">ABBR</infon><infon key="type">paragraph</infon><offset>41950</offset><text>Automatic feature extraction</text></passage><passage><infon key="section_type">ABBR</infon><infon key="type">paragraph</infon><offset>41979</offset><text>CDC</text></passage><passage><infon key="section_type">ABBR</infon><infon key="type">paragraph</infon><offset>41983</offset><text>Centers for Disease Control and Prevention</text></passage><passage><infon key="section_type">ABBR</infon><infon key="type">paragraph</infon><offset>42026</offset><text>DG</text></passage><passage><infon key="section_type">ABBR</infon><infon key="type">paragraph</infon><offset>42029</offset><text>DigitalGlobe</text></passage><passage><infon key="section_type">ABBR</infon><infon key="type">paragraph</infon><offset>42042</offset><text>EI</text></passage><passage><infon key="section_type">ABBR</infon><infon key="type">paragraph</infon><offset>42045</offset><text>Essential immunization</text></passage><passage><infon key="section_type">ABBR</infon><infon key="type">paragraph</infon><offset>42068</offset><text>FP</text></passage><passage><infon key="section_type">ABBR</infon><infon key="type">paragraph</infon><offset>42071</offset><text>False positives</text></passage><passage><infon key="section_type">ABBR</infon><infon key="type">paragraph</infon><offset>42087</offset><text>GIS</text></passage><passage><infon key="section_type">ABBR</infon><infon key="type">paragraph</infon><offset>42091</offset><text>Geographic information system</text></passage><passage><infon key="section_type">ABBR</infon><infon key="type">paragraph</infon><offset>42121</offset><text>GRASP</text></passage><passage><infon key="section_type">ABBR</infon><infon key="type">paragraph</infon><offset>42127</offset><text>Geospatial Research, Analysis, and Services Program</text></passage><passage><infon key="section_type">ABBR</infon><infon key="type">paragraph</infon><offset>42179</offset><text>RED</text></passage><passage><infon key="section_type">ABBR</infon><infon key="type">paragraph</infon><offset>42183</offset><text>Reach every district</text></passage><passage><infon key="section_type">ABBR</infon><infon key="type">paragraph</infon><offset>42204</offset><text>TP</text></passage><passage><infon key="section_type">ABBR</infon><infon key="type">paragraph</infon><offset>42207</offset><text>True positives</text></passage><passage><infon key="section_type">ABBR</infon><infon key="type">paragraph</infon><offset>42222</offset><text>UNICEF</text></passage><passage><infon key="section_type">ABBR</infon><infon key="type">paragraph</infon><offset>42229</offset><text>United Nations Children’s Fund</text></passage><passage><infon key="section_type">ABBR</infon><infon key="type">paragraph</infon><offset>42262</offset><text>VHR</text></passage><passage><infon key="section_type">ABBR</infon><infon key="type">paragraph</infon><offset>42266</offset><text>Very high-resolution</text></passage><passage><infon key="section_type">ABBR</infon><infon key="type">paragraph</infon><offset>42287</offset><text>WHO</text></passage><passage><infon key="section_type">ABBR</infon><infon key="type">paragraph</infon><offset>42291</offset><text>World Health Organization</text></passage><passage><infon key="section_type">ABBR</infon><infon key="type">footnote</infon><offset>42317</offset><text>Publisher's Note</text></passage><passage><infon key="section_type">ABBR</infon><infon key="type">footnote</infon><offset>42334</offset><text>Springer Nature remains neutral with regard to jurisdictional claims in published maps and institutional affiliations.</text></passage><passage><infon key="section_type">AUTH_CONT</infon><infon key="type">title</infon><offset>42453</offset><text>Authors’ contributions</text></passage><passage><infon key="section_type">AUTH_CONT</infon><infon key="type">paragraph</infon><offset>42478</offset><text>TP participated in study design and coordination, drafted the manuscript, and contributed to the data collection, analysis, and paper conceptualization. AB contributed to the paper conceptualization. AM participated in coordination, drafted manuscript, and contributed to the data collection, analysis, and paper conceptualization. JE participated in coordination, drafted the manuscript, conducted analyses and contributed to the paper conceptualization. BK conceived and designed study and contributed to data collection and coordination. RP conceived of study, conducted analyses, and participated in study design. AM contributed to the paper conceptualization. SB contributed to the paper conceptualization. MM conceived of study and participated in coordination and study design. NH contributed to the paper conceptualization. All authors reviewed and provided feedback to the manuscript. All authors read and approved the final manuscript.</text></passage><passage><infon key="section_type">ACK_FUND</infon><infon key="type">title</infon><offset>43424</offset><text>Funding</text></passage><passage><infon key="section_type">ACK_FUND</infon><infon key="type">paragraph</infon><offset>43432</offset><text>This research received no specific grant from any funding agency in the public, commercial, or not-for-profit sectors.</text></passage><passage><infon key="section_type">METHODS</infon><infon key="type">title</infon><offset>43551</offset><text>Availability of data and materials</text></passage><passage><infon key="section_type">METHODS</infon><infon key="type">paragraph</infon><offset>43586</offset><text>The datasets generated during and/or analyzed during the current study are not publicly available to protect the security of populations living in our study region but are available from the corresponding author on reasonable request.</text></passage><passage><infon key="section_type">METHODS</infon><infon key="type">title</infon><offset>43821</offset><text>Declarations</text></passage><passage><infon key="section_type">METHODS</infon><infon key="type">title</infon><offset>43834</offset><text>Ethics approval and consent to participate</text></passage><passage><infon key="section_type">METHODS</infon><infon key="type">paragraph</infon><offset>43877</offset><text>Not applicable.</text></passage><passage><infon key="section_type">METHODS</infon><infon key="type">title</infon><offset>43893</offset><text>Consent for publication</text></passage><passage><infon key="section_type">METHODS</infon><infon key="type">paragraph</infon><offset>43917</offset><text>Not applicable.</text></passage><passage><infon key="section_type">COMP_INT</infon><infon key="type">title</infon><offset>43933</offset><text>Competing interests</text></passage><passage><infon key="section_type">COMP_INT</infon><infon key="type">paragraph</infon><offset>43953</offset><text>The authors declare that they have no competing interests.</text></passage><passage><infon key="section_type">REF</infon><infon key="type">title</infon><offset>44012</offset><text>References</text></passage><passage><infon key="section_type">REF</infon><infon key="type">ref</infon><offset>44023</offset><text>WHO. National Immunization Coverage Scorecards Estimates for 2018; 2018. https://www.who.int/docs/default-source/immunization/pertussis/gvap-national-immunization-coverage-scorecards-estimates-2018.pdf?sfvrsn=46a24831_2. Accessed 13 Dec 2019.</text></passage><passage><infon key="fpage">5</infon><infon key="lpage">14</infon><infon key="name_0">surname:Sodha;given-names:S</infon><infon key="name_1">surname:Dietz;given-names:V</infon><infon key="pub-id_doi">10.1093/bmb/ldv001</infon><infon key="pub-id_pmid">25649959</infon><infon key="section_type">REF</infon><infon key="source">Br Med Bull</infon><infon key="type">ref</infon><infon key="volume">113</infon><infon key="year">2015</infon><offset>44266</offset><text>Strengthening routine immunization systems to improve global vaccination coverage</text></passage><passage><infon key="section_type">REF</infon><infon key="type">ref</infon><offset>44348</offset><text>WHO. Global Vaccine Action Plan 2011–2020; 2013. https://www.who.int/immunization/global_vaccine_action_plan/GVAP_doc_2011_2020/en/. Accessed 13 Dec 2019.</text></passage><passage><infon key="section_type">REF</infon><infon key="type">ref</infon><offset>44505</offset><text>GPEI. Polio Endgame Strategy 2019–2023: Eradication, integration, certification and containment; 2019. http://polioeradication.org/wp-content/uploads/2019/06/english-polio-endgame-strategy.pdf. Accessed 17 Dec 2019.</text></passage><passage><infon key="section_type">REF</infon><infon key="type">ref</infon><offset>44723</offset><text>WHO. Global Polio Eradication Initiative: Best Practices in Microplanning for Polio Eradication; 2018. http://polioeradication.org/wp-content/uploads/2018/12/Best-practices-in-mircoplanning-for-polio-eradication.pdf. Accessed 19 Dec 2019.</text></passage><passage><infon key="section_type">REF</infon><infon key="type">ref</infon><offset>44962</offset><text>WHO. Microplanning for immunization service delivery using the Reaching Every District (RED) strategy; 2009. https://www.who.int/immunization/sage/9_Final_RED_280909.pdf. Accessed 19 Dec 2019.</text></passage><passage><infon key="fpage">1408</infon><infon key="lpage">1415</infon><infon key="name_0">surname:Ali;given-names:D</infon><infon key="name_1">surname:Levin;given-names:A</infon><infon key="name_2">surname:Abdulkarim;given-names:M</infon><infon key="name_3">surname:Tijjani;given-names:U</infon><infon key="name_4">surname:Ahmed;given-names:B</infon><infon key="name_5">surname:Namalam;given-names:F</infon><infon key="pub-id_doi">10.1016/j.vaccine.2019.12.002</infon><infon key="pub-id_pmid">31924428</infon><infon key="section_type">REF</infon><infon key="source">Vaccine</infon><infon key="type">ref</infon><infon key="volume">38</infon><infon key="year">2020</infon><offset>45155</offset><text>A cost-effectiveness analysis of traditional and geographic information system-supported microplanning approaches for routine immunization program management in northern Nigeria</text></passage><passage><infon key="section_type">REF</infon><infon key="type">ref</infon><offset>45333</offset><text>WHO. Global routine immunization strategies and practices (GRISP)-a companion document to the Global Vaccine Action Plan (GVAP); 2016. https://apps.who.int/iris/bitstream/handle/10665/204500/9789241510103_eng.pdf. Accessed 7 Jan 2020.</text></passage><passage><infon key="fpage">345</infon><infon key="issue">1</infon><infon key="name_0">surname:Kamanga;given-names:A</infon><infon key="name_1">surname:Renn;given-names:S</infon><infon key="name_2">surname:Pollard;given-names:D</infon><infon key="name_3">surname:Bridges;given-names:DJ</infon><infon key="name_4">surname:Chirwa;given-names:B</infon><infon key="name_5">surname:Pinchoff;given-names:J</infon><infon key="pub-id_doi">10.1186/s12936-015-0831-z</infon><infon key="pub-id_pmid">26376980</infon><infon key="section_type">REF</infon><infon key="source">Malar J</infon><infon key="type">ref</infon><infon key="volume">14</infon><infon key="year">2015</infon><offset>45568</offset><text>Open-source satellite enumeration to map households: planning and targeting indoor residual spraying for malaria</text></passage><passage><infon key="fpage">21</infon><infon key="lpage">31</infon><infon key="name_0">surname:Kelly;given-names:G</infon><infon key="name_1">surname:Seng;given-names:CM</infon><infon key="name_2">surname:Donald;given-names:W</infon><infon key="name_3">surname:Taleo;given-names:G</infon><infon key="name_4">surname:Nausien;given-names:J</infon><infon key="name_5">surname:Batarii;given-names:W</infon><infon key="pub-id_doi">10.4081/gh.2011.154</infon><infon key="pub-id_pmid">22109860</infon><infon key="section_type">REF</infon><infon key="source">Geospat Health</infon><infon key="type">ref</infon><infon key="volume">6</infon><infon key="year">2011</infon><offset>45681</offset><text>A spatial decision support system for guiding focal indoor residual spraying interventions in a malaria elimination zone</text></passage><passage><infon key="fpage">55</infon><infon key="issue">5</infon><infon key="name_0">surname:See;given-names:L</infon><infon key="name_1">surname:Mooney;given-names:P</infon><infon key="name_2">surname:Foody;given-names:G</infon><infon key="name_3">surname:Bastin;given-names:L</infon><infon key="name_4">surname:Comber;given-names:A</infon><infon key="name_5">surname:Estima;given-names:J</infon><infon key="pub-id_doi">10.3390/ijgi5050055</infon><infon key="section_type">REF</infon><infon key="source">ISPRS Int J Geo Inf</infon><infon key="type">ref</infon><infon key="volume">5</infon><infon key="year">2016</infon><offset>45802</offset><text>Crowdsourcing, citizen science or volunteered geographic information? The current state of crowdsourced geographic information</text></passage><passage><infon key="section_type">REF</infon><infon key="type">ref</infon><offset>45929</offset><text>de Albuquerque JY, G.; Pitidis, V.; Ulbrich, P. Towards a participatory methodology for community data generation to analyse urban health inequalities: a multi-country case study. In: 52nd Hawaii International Conference on System Sciences; Hawaii; 2019.</text></passage><passage><infon key="section_type">REF</infon><infon key="type">ref</infon><offset>46184</offset><text>Brown M, McCarty J. Remote sensing data and methods for identifying urban and peri-urban smallholder agriculture in developing countries and in the United States. 2017.</text></passage><passage><infon key="fpage">210</infon><infon key="lpage">221</infon><infon key="name_0">surname:Debats;given-names:SR</infon><infon key="name_1">surname:Luo;given-names:D</infon><infon key="name_2">surname:Estes;given-names:LD</infon><infon key="name_3">surname:Fuchs;given-names:TJ</infon><infon key="name_4">surname:Caylor;given-names:KK</infon><infon key="pub-id_doi">10.1016/j.rse.2016.03.010</infon><infon key="section_type">REF</infon><infon key="source">Remote Sens Environ</infon><infon key="type">ref</infon><infon key="volume">179</infon><infon key="year">2016</infon><offset>46353</offset><text>A generalized computer vision approach to mapping crop fields in heterogeneous agricultural landscapes</text></passage><passage><infon key="fpage">184</infon><infon key="lpage">196</infon><infon key="name_0">surname:Ellis;given-names:P</infon><infon key="name_1">surname:Griscom;given-names:B</infon><infon key="name_2">surname:Walker;given-names:W</infon><infon key="name_3">surname:Gonçalves;given-names:F</infon><infon key="name_4">surname:Cormier;given-names:T</infon><infon key="pub-id_doi">10.1016/j.foreco.2016.01.020</infon><infon key="section_type">REF</infon><infon key="source">For Ecol Manag</infon><infon key="type">ref</infon><infon key="volume">365</infon><infon key="year">2016</infon><offset>46456</offset><text>Mapping selective logging impacts in Borneo with GPS and airborne lidar</text></passage><passage><infon key="fpage">237</infon><infon key="issue">1</infon><infon key="lpage">251</infon><infon key="name_0">surname:North;given-names:HC</infon><infon key="name_1">surname:Pairman;given-names:D</infon><infon key="name_2">surname:Belliss;given-names:SE</infon><infon key="pub-id_doi">10.1109/JSTARS.2018.2884513</infon><infon key="section_type">REF</infon><infon key="source">IEEE J Select Topics Appl Earth Obs Remote Sens</infon><infon key="type">ref</infon><infon key="volume">12</infon><infon key="year">2019</infon><offset>46528</offset><text>Boundary delineation of agricultural fields in multitemporal satellite imagery</text></passage><passage><infon key="fpage">11</infon><infon key="lpage">21</infon><infon key="name_0">surname:Rishikeshan;given-names:CR</infon><infon key="name_1">surname:An;given-names:H</infon><infon key="pub-id_doi">10.1016/j.isprsjprs.2018.08.014</infon><infon key="section_type">REF</infon><infon key="source">ISPRS J Photogramm Remote Sens</infon><infon key="type">ref</infon><infon key="volume">146</infon><infon key="year">2018</infon><offset>46607</offset><text>automated mathematical morphology driven algorithm for water body extraction from remotely sensed images</text></passage><passage><infon key="fpage">149</infon><infon key="lpage">170</infon><infon key="name_0">surname:Zimba;given-names:H</infon><infon key="name_1">surname:Kawawa;given-names:B</infon><infon key="name_2">surname:Chabala;given-names:A</infon><infon key="name_3">surname:Phiri;given-names:W</infon><infon key="name_4">surname:Selsam;given-names:P</infon><infon key="name_5">surname:Meinhardt;given-names:M</infon><infon key="pub-id_doi">10.1016/j.ejrh.2018.01.002</infon><infon key="section_type">REF</infon><infon key="source">J Hydrol Reg Stud</infon><infon key="type">ref</infon><infon key="volume">15</infon><infon key="year">2018</infon><offset>46712</offset><text>Assessment of trends in inundation extent in the Barotse Floodplain, upper Zambezi River Basin: a remote sensing-based approach</text></passage><passage><infon key="fpage">139</infon><infon key="lpage">153</infon><infon key="name_0">surname:Kellenberger;given-names:B</infon><infon key="name_1">surname:Marcos;given-names:D</infon><infon key="name_2">surname:Tuia;given-names:D</infon><infon key="pub-id_doi">10.1016/j.rse.2018.06.028</infon><infon key="section_type">REF</infon><infon key="source">Remote Sens Environ</infon><infon key="type">ref</infon><infon key="volume">216</infon><infon key="year">2018</infon><offset>46840</offset><text>Detecting mammals in UAV images: best practices to address a substantially imbalanced dataset with deep learning</text></passage><passage><infon key="fpage">35</infon><infon key="lpage">44</infon><infon key="name_0">surname:Wania;given-names:A</infon><infon key="name_1">surname:Kemper;given-names:T</infon><infon key="name_2">surname:Tiede;given-names:D</infon><infon key="name_3">surname:Zeil;given-names:P</infon><infon key="pub-id_doi">10.1016/j.apgeog.2013.10.005</infon><infon key="section_type">REF</infon><infon key="source">Appl Geogr</infon><infon key="type">ref</infon><infon key="volume">46</infon><infon key="year">2014</infon><offset>46953</offset><text>Mapping recent built-up area changes in the city of Harare with high resolution satellite imagery</text></passage><passage><infon key="fpage">4853</infon><infon key="issue">10</infon><infon key="lpage">4862</infon><infon key="name_0">surname:Miao;given-names:Z</infon><infon key="name_1">surname:Shi;given-names:W</infon><infon key="name_2">surname:Gamba;given-names:P</infon><infon key="name_3">surname:Li;given-names:Z</infon><infon key="pub-id_doi">10.1109/JSTARS.2015.2443552</infon><infon key="section_type">REF</infon><infon key="source">IEEE J Select Topics Appl Earth Obs Remote Sens</infon><infon key="type">ref</infon><infon key="volume">8</infon><infon key="year">2015</infon><offset>47051</offset><text>An object-based method for road network extraction in VHR satellite images</text></passage><passage><infon key="fpage">485</infon><infon key="issue">4</infon><infon key="lpage">502</infon><infon key="name_0">surname:Nunes;given-names:DM</infon><infon key="name_1">surname:Medeiros;given-names:ND</infon><infon key="name_2">surname:Santos;given-names:AD</infon><infon key="pub-id_doi">10.1590/s1982-21702018000400030</infon><infon key="section_type">REF</infon><infon key="source">Boletim de Ciências Geodésicas</infon><infon key="type">ref</infon><infon key="volume">24</infon><infon key="year">2018</infon><offset>47126</offset><text>Semi-automatic road network extraction from digital images using object-based classification and morphological operators</text></passage><passage><infon key="fpage">337</infon><infon key="issue">3</infon><infon key="lpage">348</infon><infon key="name_0">surname:Arun;given-names:P</infon><infon key="name_1">surname:Katiyar;given-names:S</infon><infon key="pub-id_doi">10.1080/15481603.2013.802870</infon><infon key="section_type">REF</infon><infon key="source">GIScience Remote Sens</infon><infon key="type">ref</infon><infon key="volume">50</infon><infon key="year">2013</infon><offset>47247</offset><text>An intelligent approach towards automatic shape modelling and object extraction from satellite images using cellular automata-based algorithms</text></passage><passage><infon key="fpage">1635</infon><infon key="issue">4</infon><infon key="lpage">1650</infon><infon key="name_0">surname:Dumitru;given-names:CO</infon><infon key="name_1">surname:Cui;given-names:S</infon><infon key="name_2">surname:Schwarz;given-names:G</infon><infon key="name_3">surname:Datcu;given-names:M</infon><infon key="pub-id_doi">10.1109/JSTARS.2014.2363595</infon><infon key="section_type">REF</infon><infon key="source">IEEE J Select Topics Appl Earth Obs Remote Sens</infon><infon key="type">ref</infon><infon key="volume">8</infon><infon key="year">2014</infon><offset>47390</offset><text>Information content of very-high-resolution SAR images: semantics, geospatial context, and ontologies</text></passage><passage><infon key="fpage">793</infon><infon key="issue">6</infon><infon key="lpage">816</infon><infon key="name_0">surname:Hung;given-names:CLJ</infon><infon key="name_1">surname:James;given-names:LA</infon><infon key="name_2">surname:Hodgson;given-names:ME</infon><infon key="pub-id_doi">10.1080/15481603.2018.1452588</infon><infon key="section_type">REF</infon><infon key="source">GIScience Remote Sens</infon><infon key="type">ref</infon><infon key="volume">55</infon><infon key="year">2018</infon><offset>47492</offset><text>An automated algorithm for mapping building impervious areas from airborne LiDAR point-cloud data for flood hydrology</text></passage><passage><infon key="fpage">888</infon><infon key="issue">3</infon><infon key="lpage">905</infon><infon key="name_0">surname:Konstantinidis;given-names:D</infon><infon key="name_1">surname:Stathaki;given-names:T</infon><infon key="name_2">surname:Argyriou;given-names:V</infon><infon key="name_3">surname:Grammalidis;given-names:N</infon><infon key="pub-id_doi">10.1109/JSTARS.2016.2602439</infon><infon key="section_type">REF</infon><infon key="source">IEEE J Select Topics Appl Earth Obs Remote Sens</infon><infon key="type">ref</infon><infon key="volume">10</infon><infon key="year">2016</infon><offset>47610</offset><text>Building detection using enhanced HOG–LBP features and region refinement processes</text></passage><passage><infon key="fpage">2140</infon><infon key="issue">10</infon><infon key="lpage">2144</infon><infon key="name_0">surname:Manno-Kovács;given-names:A</infon><infon key="name_1">surname:Ok;given-names:AO</infon><infon key="pub-id_doi">10.1109/LGRS.2015.2452962</infon><infon key="section_type">REF</infon><infon key="source">IEEE Geosci Remote Sens Lett</infon><infon key="type">ref</infon><infon key="volume">12</infon><infon key="year">2015</infon><offset>47695</offset><text>Building detection from monocular VHR images by integrated urban area knowledge</text></passage><passage><infon key="fpage">62</infon><infon key="lpage">71</infon><infon key="name_0">surname:Sedaghat;given-names:A</infon><infon key="name_1">surname:Ebadi;given-names:H</infon><infon key="pub-id_doi">10.1016/j.isprsjprs.2015.06.003</infon><infon key="section_type">REF</infon><infon key="source">ISPRS J Photogramm Remote Sens</infon><infon key="type">ref</infon><infon key="volume">108</infon><infon key="year">2015</infon><offset>47775</offset><text>Distinctive order based self-similarity descriptor for multi-sensor remote sensing image matching</text></passage><passage><infon key="fpage">158</infon><infon key="lpage">166</infon><infon key="name_0">surname:Yousefi;given-names:B</infon><infon key="name_1">surname:Mirhassani;given-names:SM</infon><infon key="name_2">surname:AhmadiFard;given-names:A</infon><infon key="name_3">surname:Hosseini;given-names:MM</infon><infon key="pub-id_doi">10.1016/j.jag.2014.01.014</infon><infon key="section_type">REF</infon><infon key="source">Int J Appl Earth Obs Geoinf</infon><infon key="type">ref</infon><infon key="volume">30</infon><infon key="year">2014</infon><offset>47873</offset><text>Hierarchical segmentation of urban satellite imagery</text></passage><passage><infon key="fpage">238</infon><infon key="issue">1</infon><infon key="lpage">248</infon><infon key="name_0">surname:Coulibaly;given-names:I</infon><infon key="name_1">surname:Spiric;given-names:N</infon><infon key="name_2">surname:Lepage;given-names:R</infon><infon key="name_3">surname:St-Jacques;given-names:M</infon><infon key="pub-id_doi">10.1109/JSTARS.2017.2760282</infon><infon key="section_type">REF</infon><infon key="source">IEEE J Select Topics Appl Earth Obs Remote Sens</infon><infon key="type">ref</infon><infon key="volume">11</infon><infon key="year">2017</infon><offset>47926</offset><text>Semiautomatic road extraction from VHR images based on multiscale and spectral angle in case of earthquake</text></passage><passage><infon key="fpage">4167</infon><infon key="issue">10</infon><infon key="lpage">4176</infon><infon key="name_0">surname:Dubois;given-names:D</infon><infon key="name_1">surname:Lepage;given-names:R</infon><infon key="pub-id_doi">10.1109/JSTARS.2014.2336236</infon><infon key="section_type">REF</infon><infon key="source">IEEE J Select Topics Appl Earth Obs Remote Sens</infon><infon key="type">ref</infon><infon key="volume">7</infon><infon key="year">2014</infon><offset>48033</offset><text>Fast and efficient evaluation of building damage from very high resolution optical satellite images</text></passage><passage><infon key="section_type">REF</infon><infon key="type">ref</infon><offset>48133</offset><text>Maxar. Technologies M, editor; 2013. [cited 2021]. https://blog.maxar.com/earth-intelligence/2013/moore. Accessed 4 May 2021.</text></passage><passage><infon key="fpage">4</infon><infon key="issue">1</infon><infon key="name_0">surname:Kamadjeu;given-names:R</infon><infon key="pub-id_doi">10.1186/1476-072X-8-4</infon><infon key="pub-id_pmid">19161606</infon><infon key="section_type">REF</infon><infon key="source">Int J Health Geogr</infon><infon key="type">ref</infon><infon key="volume">8</infon><infon key="year">2009</infon><offset>48259</offset><text>Tracking the polio virus down the Congo River: a case study on the use of Google EarthTM in public health planning and mapping</text></passage><passage><infon key="fpage">30</infon><infon key="lpage">42</infon><infon key="name_0">surname:Esch;given-names:T</infon><infon key="name_1">surname:Heldens;given-names:W</infon><infon key="name_2">surname:Hirner;given-names:A</infon><infon key="name_3">surname:Keil;given-names:M</infon><infon key="name_4">surname:Marconcini;given-names:M</infon><infon key="name_5">surname:Roth;given-names:A</infon><infon key="pub-id_doi">10.1016/j.isprsjprs.2017.10.012</infon><infon key="section_type">REF</infon><infon key="source">ISPRS J Photogramm Remote Sens</infon><infon key="type">ref</infon><infon key="volume">134</infon><infon key="year">2017</infon><offset>48386</offset><text>Breaking new ground in mapping human settlements from space—the Global Urban Footprint</text></passage><passage><infon key="section_type">REF</infon><infon key="type">ref</infon><offset>48475</offset><text>Coetzee SM, Minghini M, Solis P, Rautenbach V, Green C. Towards understanding the impact of mapathons - reflecting on Youthmappers experiences. Int Arch Photogramm Remote Sens Spat Inf Sci. 2018.</text></passage></document></collection>
