<?xml version="1.0" encoding="UTF-8"?>
<!DOCTYPE collection SYSTEM "BioC.dtd">
<collection><source>PMC</source><date>20210722</date><key>pmc.key</key><document><id>8260877</id><infon key="license">CC BY-NC-ND</infon><passage><infon key="article-id_doi">10.1016/j.xpro.2021.100639</infon><infon key="article-id_pii">S2666-1667(21)00346-4</infon><infon key="article-id_pmc">8260877</infon><infon key="article-id_pmid">34258599</infon><infon key="article-id_publisher-id">100639</infon><infon key="elocation-id">100639</infon><infon key="issue">3</infon><infon key="kwd">Bioinformatics Health Sciences Clinical Protocol</infon><infon key="license">This is an open access article under the CC BY-NC-ND license (http://creativecommons.org/licenses/by-nc-nd/4.0/).</infon><infon key="name_0">surname:Zhang;given-names:Hanrui</infon><infon key="name_1">surname:Yi;given-names:Daiyao</infon><infon key="name_2">surname:Guan;given-names:Yuanfang</infon><infon key="section_type">TITLE</infon><infon key="title">Subject areas</infon><infon key="type">front</infon><infon key="volume">2</infon><infon key="year">2021</infon><offset>0</offset><text>Timesias: A machine learning pipeline for predicting outcomes from time-series clinical records</text></passage><passage><infon key="section_type">ABSTRACT</infon><infon key="type">abstract_title_1</infon><offset>96</offset><text>Summary</text></passage><passage><infon key="section_type">ABSTRACT</infon><infon key="type">abstract</infon><offset>104</offset><text>The prediction of outcomes is a critical part of the clinical surveillance for hospitalized patients. Here, we present Timesias, a machine learning pipeline which predicts outcomes from real-time sequential clinical data. The strategy implemented in Timesias is the first-place solution in the crowd-sourcing DII (discover, innovate, impact) National Data Science Challenge involving more than 100,000 patients, achieving 0.85 as evaluated by AUROC (area under receiver operator characteristic curve) in predicting the early onset of sepsis status. Timesias is freely available via PyPI and GitHub.</text></passage><passage><infon key="section_type">ABSTRACT</infon><infon key="type">abstract</infon><offset>703</offset><text>For complete details on the use and execution of this protocol, please refer to.</text></passage><passage><infon key="section_type">ABSTRACT</infon><infon key="type">abstract_title_1</infon><offset>784</offset><text>Graphical abstract</text></passage><passage><infon key="section_type">ABSTRACT</infon><infon key="type">abstract_title_1</infon><offset>803</offset><text>Highlights</text></passage><passage><infon key="section_type">ABSTRACT</infon><infon key="type">abstract</infon><offset>814</offset><text>Timesisas can predict outcomes from time-series data with excellent performance</text></passage><passage><infon key="section_type">ABSTRACT</infon><infon key="type">abstract</infon><offset>894</offset><text>The last few time points can contain adequate information for outcome predictions.</text></passage><passage><infon key="section_type">ABSTRACT</infon><infon key="type">abstract</infon><offset>977</offset><text>Missing value patterns contain useful information for outcome predictions</text></passage><passage><infon key="section_type">ABSTRACT</infon><infon key="type">abstract</infon><offset>1051</offset><text>Timesias provides instant visualization of top features by AI interpretation methods</text></passage><passage><infon key="section_type">ABSTRACT</infon><infon key="type">abstract</infon><offset>1136</offset><text>The prediction of outcomes is a critical part of the clinical surveillance for hospitalized patients. Here, we present Timesias, a machine learning pipeline which predicts outcomes from real-time sequential clinical data. The strategy implemented in Timesias is the first-place solution in the crowd-sourcing DII National Data Science Challenge involving more than 100,000 patients, achieving 0.85 as evaluated by AUC in predicting the early onset of sepsis status. Timesias is freely available via PyPI and GitHub.</text></passage><passage><infon key="section_type">INTRO</infon><infon key="type">title_1</infon><offset>1652</offset><text>Before you begin</text></passage><passage><infon key="section_type">INTRO</infon><infon key="type">paragraph</infon><offset>1669</offset><text>The application of digital systems in the clinical system stimulates an exponential growth of Electronic Health Records (EHR) in the last decade, enabling the potential secondary usage of such records to further improve the clinical practice. Outcome prediction from EHR is one of the most interesting topics in the field of clinical informatics and so far has attracted growing efforts in developing algorithms addressing this task. More specifically, predicting clinical outcomes from real-time sequential data from clinical surveillance is crucial for preventing sudden outburst of an emergency.</text></passage><passage><infon key="section_type">INTRO</infon><infon key="type">paragraph</infon><offset>2268</offset><text>A variety of machine learning models has been drawn in EHR clinical outcome prediction, including mathematical models, such as Linear and Logistic regression. Machine learning models such as SVM and Random Forest have also been used. Deep learning models, including Gated Recurrent Units (GRU), LSTM (Long Short-term Memory) Neural Network, CNN (Convolution Neural Network) and Attention Network have also been used to capture the longitudinal information in the time-series records. Recently, the light-weight gradient boosting machine, such as LightGBM, has become the top performer in dozens of Data Science challenges. The advantage of LightGBM against the other model is its significant speed in training on large datasets.</text></passage><passage><infon key="section_type">INTRO</infon><infon key="type">paragraph</infon><offset>2997</offset><text>One of the biggest challenges for employing EHR data is the unavoidable missing information in the sequential timely records. However, previous observations provided substantial support that the missing values can also convey informative data suggesting patients' health status. Therefore, besides the temporal changes in health status, the pattern of missing information may further assist the clinical outcome prediction and was taken advantage of by our feature design.</text></passage><passage><infon key="section_type">INTRO</infon><infon key="type">paragraph</infon><offset>3470</offset><text>Here we introduce Timesias, a LightGBM machine learning pipeline utilizing time-series EHR data to predict clinical outcomes. Our algorithm, which placed first in the 2019 DII National Data Science Challenge and then in the ongoing COVID-19 EHR DREAM Challenge, is highly versatile and can be easily accommodated to different time-series data inputs. Here we implemented Timesias as a user-friendly command line interface, allowing non-programmers to train predictive machine learning models for their own purpose. Meanwhile, Timesias also allows users to visualize the top ranked features selected by the machine learning models using SHAP analysis, improving interpretability of the black box models.</text></passage><passage><infon key="section_type">INTRO</infon><infon key="type">title_2</infon><offset>4173</offset><text>Software prerequisites and data requirements</text></passage><passage><infon key="section_type">INTRO</infon><infon key="type">paragraph</infon><offset>4218</offset><text>Our model is installed and run under the Linux or Mac system. Before launching our program, pre-installed Python (&gt;= v.3.6) and LightGBM (&gt;=v.3.1.1) modules are required. You should also prepare your own timely EHR records with the clinical outcomes of interest. The example of prerequisites and input data format can be found from our GitHub repository: https://github.com/GuanLab/timesias.git.</text></passage><passage><infon key="section_type">INTRO</infon><infon key="type">paragraph</infon><offset>4614</offset><text>While this protocol can be applied to any time-series records, here we describe how to perform our pipeline on the randomly generated time series EHR data in predicting sepsis onset, a binary classification task. Timesias can also be used for multiclass classification or regression tasks.</text></passage><passage><infon key="section_type">TABLE</infon><infon key="type">title_1</infon><offset>4904</offset><text>Key resources table</text></passage><passage><infon key="file">undtbl1.xml</infon><infon key="id">undtbl1</infon><infon key="section_type">TABLE</infon><infon key="type">table</infon><infon key="xml">&lt;?xml version=&quot;1.0&quot; encoding=&quot;UTF-8&quot;?&gt;
&lt;table xmlns:xlink=&quot;http://www.w3.org/1999/xlink&quot; frame=&quot;hsides&quot; rules=&quot;groups&quot;&gt;&lt;thead&gt;&lt;tr&gt;&lt;th&gt;REAGENT or RESOURCE&lt;/th&gt;&lt;th&gt;SOURCE&lt;/th&gt;&lt;th&gt;IDENTIFIER&lt;/th&gt;&lt;/tr&gt;&lt;/thead&gt;&lt;tbody&gt;&lt;tr&gt;&lt;td colspan=&quot;3&quot;&gt;&lt;bold&gt;Deposited data&lt;/bold&gt;&lt;/td&gt;&lt;/tr&gt;&lt;tr&gt;&lt;td colspan=&quot;3&quot;&gt;&lt;hr/&gt;&lt;/td&gt;&lt;/tr&gt;&lt;tr&gt;&lt;td&gt;example.gs.file&lt;/td&gt;&lt;td&gt;This paper (mock sepsis diagnosis for 100 patients)&lt;/td&gt;&lt;td&gt;N/A&lt;/td&gt;&lt;/tr&gt;&lt;tr&gt;&lt;td&gt;./data/∗.psv&lt;/td&gt;&lt;td&gt;This paper (mock time series EHR for 100 patients)&lt;/td&gt;&lt;td&gt;N/A&lt;/td&gt;&lt;/tr&gt;&lt;tr&gt;&lt;td colspan=&quot;3&quot;&gt;&lt;hr/&gt;&lt;/td&gt;&lt;/tr&gt;&lt;tr&gt;&lt;td colspan=&quot;3&quot;&gt;&lt;bold&gt;Software and algorithms&lt;/bold&gt;&lt;/td&gt;&lt;/tr&gt;&lt;tr&gt;&lt;td colspan=&quot;3&quot;&gt;&lt;hr/&gt;&lt;/td&gt;&lt;/tr&gt;&lt;tr&gt;&lt;td&gt;Python (&amp;gt;=3.6)&lt;/td&gt;&lt;td&gt;Python Software Foundation, 2021: high-level programming language&lt;/td&gt;&lt;td&gt;&lt;ext-link ext-link-type=&quot;uri&quot; xlink:href=&quot;https://www.python.org/downloads/release/python-365/&quot; id=&quot;intref0040&quot;&gt;https://www.python.org/downloads/release/python-365/&lt;/ext-link&gt;&lt;/td&gt;&lt;/tr&gt;&lt;tr&gt;&lt;td&gt;numpy (&amp;gt;=1.14.1)&lt;/td&gt;&lt;td&gt;Community project, 2021: array processing for numbers, strings, records, and objects&lt;/td&gt;&lt;td&gt;&lt;ext-link ext-link-type=&quot;uri&quot; xlink:href=&quot;https://pypi.org/project/numpy/&quot; id=&quot;intref0045&quot;&gt;https://pypi.org/project/numpy/&lt;/ext-link&gt;&lt;/td&gt;&lt;/tr&gt;&lt;tr&gt;&lt;td&gt;scikit-learn (&amp;gt;=0.24.1)&lt;/td&gt;&lt;td&gt;Original by David Cournapeau as a Google Summer of Code Project 2021: a Python module for machine learning&lt;/td&gt;&lt;td&gt;&lt;ext-link ext-link-type=&quot;uri&quot; xlink:href=&quot;https://pypi.org/project/scikit-learn/&quot; id=&quot;intref0050&quot;&gt;https://pypi.org/project/scikit-learn/&lt;/ext-link&gt;&lt;/td&gt;&lt;/tr&gt;&lt;tr&gt;&lt;td&gt;lightgbm (&amp;gt;=3.1.1)&lt;/td&gt;&lt;td&gt;Microsoft Corporation, 2020: a gradient boosting framework&lt;/td&gt;&lt;td&gt;&lt;ext-link ext-link-type=&quot;uri&quot; xlink:href=&quot;https://pypi.org/project/lightgbm/&quot; id=&quot;intref0055&quot;&gt;https://pypi.org/project/lightgbm/&lt;/ext-link&gt;&lt;/td&gt;&lt;/tr&gt;&lt;tr&gt;&lt;td&gt;shap (0.35.0)&lt;/td&gt;&lt;td&gt;Scott Lundberg, 2021: a unified approach to explain the output of any machine learning model.&lt;/td&gt;&lt;td&gt;&lt;ext-link ext-link-type=&quot;uri&quot; xlink:href=&quot;https://pypi.org/project/shap/0.35.0/&quot; id=&quot;intref0060&quot;&gt;https://pypi.org/project/shap/0.35.0/&lt;/ext-link&gt;&lt;/td&gt;&lt;/tr&gt;&lt;tr&gt;&lt;td&gt;bokeh (&amp;gt;=2.3.0)&lt;/td&gt;&lt;td&gt;Numfocus, 2021: an interactive visualization library for modern web browsers&lt;/td&gt;&lt;td&gt;&lt;ext-link ext-link-type=&quot;uri&quot; xlink:href=&quot;https://docs.bokeh.org/en/latest/docs/first_steps/installation.html&quot; id=&quot;intref0065&quot;&gt;https://docs.bokeh.org/en/latest/docs/first_steps/installation.html&lt;/ext-link&gt;&lt;/td&gt;&lt;/tr&gt;&lt;tr&gt;&lt;td&gt;Timesias&lt;/td&gt;&lt;td&gt;This paper&lt;/td&gt;&lt;td&gt;&lt;ext-link ext-link-type=&quot;uri&quot; xlink:href=&quot;https://pypi.org/project/timesias/&quot; id=&quot;intref0070&quot;&gt;https://pypi.org/project/timesias/&lt;/ext-link&gt; or &lt;ext-link ext-link-type=&quot;uri&quot; xlink:href=&quot;https://github.com/GuanLab/timesias&quot; id=&quot;intref0075&quot;&gt;https://github.com/GuanLab/timesias&lt;/ext-link&gt;&lt;/td&gt;&lt;/tr&gt;&lt;/tbody&gt;&lt;/table&gt;
</infon><offset>4924</offset><text>REAGENT or RESOURCE	SOURCE	IDENTIFIER	 	Deposited data	 		 	example.gs.file	This paper (mock sepsis diagnosis for 100 patients)	N/A	 	./data/∗.psv	This paper (mock time series EHR for 100 patients)	N/A	 		 	Software and algorithms	 		 	Python (&gt;=3.6)	Python Software Foundation, 2021: high-level programming language	https://www.python.org/downloads/release/python-365/	 	numpy (&gt;=1.14.1)	Community project, 2021: array processing for numbers, strings, records, and objects	https://pypi.org/project/numpy/	 	scikit-learn (&gt;=0.24.1)	Original by David Cournapeau as a Google Summer of Code Project 2021: a Python module for machine learning	https://pypi.org/project/scikit-learn/	 	lightgbm (&gt;=3.1.1)	Microsoft Corporation, 2020: a gradient boosting framework	https://pypi.org/project/lightgbm/	 	shap (0.35.0)	Scott Lundberg, 2021: a unified approach to explain the output of any machine learning model.	https://pypi.org/project/shap/0.35.0/	 	bokeh (&gt;=2.3.0)	Numfocus, 2021: an interactive visualization library for modern web browsers	https://docs.bokeh.org/en/latest/docs/first_steps/installation.html	 	Timesias	This paper	https://pypi.org/project/timesias/ or https://github.com/GuanLab/timesias	 	</text></passage><passage><infon key="section_type">METHODS</infon><infon key="type">title_1</infon><offset>6129</offset><text>Materials and equipment</text></passage><passage><infon key="section_type">METHODS</infon><infon key="type">paragraph</infon><offset>6153</offset><text>CRITICAL: The implementation of the model is light weight. However, the required memory usage in practice depends on the size of your own data.</text></passage><passage><infon key="section_type">METHODS</infon><infon key="type">paragraph</infon><offset>6297</offset><text>Alternatives: 1. Our model can work with fewer CPU cores and less RAM memory, although it may take longer time for a large dataset. 2. This model can also be run and tested on MacOS system (Version 10.15.7)</text></passage><passage><infon key="file">tbl1.xml</infon><infon key="id">tbl1</infon><infon key="section_type">TABLE</infon><infon key="type">table_caption</infon><offset>6504</offset><text>Computation resources used in this study</text></passage><passage><infon key="file">tbl1.xml</infon><infon key="id">tbl1</infon><infon key="section_type">TABLE</infon><infon key="type">table</infon><infon key="xml">&lt;?xml version=&quot;1.0&quot; encoding=&quot;UTF-8&quot;?&gt;
&lt;table frame=&quot;hsides&quot; rules=&quot;groups&quot;&gt;&lt;thead&gt;&lt;tr&gt;&lt;th&gt;CPU information&lt;/th&gt;&lt;th&gt;Parameter&lt;/th&gt;&lt;/tr&gt;&lt;/thead&gt;&lt;tbody&gt;&lt;tr&gt;&lt;td&gt;RAM Memory&lt;/td&gt;&lt;td&gt;503GB&lt;/td&gt;&lt;/tr&gt;&lt;tr&gt;&lt;td&gt;Total number of cores&lt;/td&gt;&lt;td&gt;40&lt;/td&gt;&lt;/tr&gt;&lt;tr&gt;&lt;td&gt;Processor speed&lt;/td&gt;&lt;td&gt;2.40 GHz&lt;/td&gt;&lt;/tr&gt;&lt;/tbody&gt;&lt;/table&gt;
</infon><offset>6545</offset><text>Operating system	Version	 	Ubuntu	18.04.2 (Bionic Beaver)	 	</text></passage><passage><infon key="file">tbl1.xml</infon><infon key="id">tbl1</infon><infon key="section_type">TABLE</infon><infon key="type">table</infon><infon key="xml">&lt;?xml version=&quot;1.0&quot; encoding=&quot;UTF-8&quot;?&gt;
&lt;table frame=&quot;hsides&quot; rules=&quot;groups&quot;&gt;&lt;thead&gt;&lt;tr&gt;&lt;th&gt;CPU information&lt;/th&gt;&lt;th&gt;Parameter&lt;/th&gt;&lt;/tr&gt;&lt;/thead&gt;&lt;tbody&gt;&lt;tr&gt;&lt;td&gt;RAM Memory&lt;/td&gt;&lt;td&gt;503GB&lt;/td&gt;&lt;/tr&gt;&lt;tr&gt;&lt;td&gt;Total number of cores&lt;/td&gt;&lt;td&gt;40&lt;/td&gt;&lt;/tr&gt;&lt;tr&gt;&lt;td&gt;Processor speed&lt;/td&gt;&lt;td&gt;2.40 GHz&lt;/td&gt;&lt;/tr&gt;&lt;/tbody&gt;&lt;/table&gt;
</infon><offset>6606</offset><text>CPU information	Parameter	 	RAM Memory	503GB	 	Total number of cores	40	 	Processor speed	2.40 GHz	 	</text></passage><passage><infon key="section_type">METHODS</infon><infon key="type">paragraph</infon><offset>6708</offset><text>The program in this protocol was written in the Ubuntu Linux system using Python language (&gt;=v.3.6). All experiments were carried out and evaluated under the Ubuntu system with the computational resources listed in Table 1.</text></passage><passage><infon key="section_type">METHODS</infon><infon key="type">title_1</infon><offset>6932</offset><text>Step-by-step method details</text></passage><passage><infon key="section_type">METHODS</infon><infon key="type">title_2</infon><offset>6960</offset><text>Download our package and install the prerequisites</text></passage><passage><infon key="section_type">METHODS</infon><infon key="type">paragraph</infon><offset>7011</offset><text>Timing: &lt;5min</text></passage><passage><infon key="section_type">METHODS</infon><infon key="type">paragraph</infon><offset>7026</offset><text>pip install timesias</text></passage><passage><infon key="file">gr1.jpg</infon><infon key="id">fig1</infon><infon key="section_type">FIG</infon><infon key="type">fig_caption</infon><offset>7047</offset><text>Model installation from GitHub and the required dependencies</text></passage><passage><infon key="section_type">METHODS</infon><infon key="type">paragraph</infon><offset>7108</offset><text>or clone the whole package from our GitHub repository using the following command to your local directory using the following command (Figure 1):</text></passage><passage><infon key="section_type">METHODS</infon><infon key="type">paragraph</infon><offset>7255</offset><text>git clone https://github.com/GuanLab/timesias.git</text></passage><passage><infon key="section_type">METHODS</infon><infon key="type">paragraph</infon><offset>7305</offset><text>install the latest version of Timesias via pip:</text></passage><passage><infon key="section_type">METHODS</infon><infon key="type">paragraph</infon><offset>7353</offset><text>CRITICAL: check if all required dependencies listed in key resources table are correctly downloaded and installed. Originally, installing Timesias via pip will automatically check for and install the required dependencies. However, errors during installation could occur when installing on computational environments (Troubleshooting 1).</text></passage><passage><infon key="section_type">METHODS</infon><infon key="type">title_2</infon><offset>7691</offset><text>Prepare data</text></passage><passage><infon key="section_type">METHODS</infon><infon key="type">paragraph</infon><offset>7704</offset><text>Timing: &lt;10min</text></passage><passage><infon key="section_type">METHODS</infon><infon key="type">paragraph</infon><offset>7720</offset><text>first column: path of the time-series record files. the details of the time-series record files which will be detailed later.</text></passage><passage><infon key="section_type">METHODS</infon><infon key="type">paragraph</infon><offset>7846</offset><text>The second column: gold standard, or label for the time-series record files. In the example data, we use binary label 1/0 to indicate failure/survival, which is the status of sepsis onset of the patients.</text></passage><passage><infon key="file">tbl2.xml</infon><infon key="id">tbl2</infon><infon key="section_type">TABLE</infon><infon key="type">table_caption</infon><offset>8051</offset><text>Example data format for gold standard file</text></passage><passage><infon key="file">tbl2.xml</infon><infon key="id">tbl2</infon><infon key="section_type">TABLE</infon><infon key="type">table</infon><infon key="xml">&lt;?xml version=&quot;1.0&quot; encoding=&quot;UTF-8&quot;?&gt;
&lt;table frame=&quot;hsides&quot; rules=&quot;groups&quot;&gt;&lt;thead&gt;&lt;tr&gt;&lt;th&gt;./Data/0.psv&lt;/th&gt;&lt;th&gt;0&lt;/th&gt;&lt;/tr&gt;&lt;/thead&gt;&lt;tbody&gt;&lt;tr&gt;&lt;td&gt;./data/1.psv&lt;/td&gt;&lt;td&gt;1&lt;/td&gt;&lt;/tr&gt;&lt;tr&gt;&lt;td&gt;...&lt;/td&gt;&lt;td&gt;…&lt;/td&gt;&lt;/tr&gt;&lt;tr&gt;&lt;td&gt;./data/n.psv&lt;/td&gt;&lt;td&gt;0&lt;/td&gt;&lt;/tr&gt;&lt;/tbody&gt;&lt;/table&gt;
</infon><offset>8094</offset><text>./Data/0.psv	0	 	./data/1.psv	1	 	...	…	 	./data/n.psv	0	 	</text></passage><passage><infon key="section_type">METHODS</infon><infon key="type">paragraph</infon><offset>8156</offset><text>Gold standard file (for example: example.gs.file): a ‘,’ delimited table with two columns. Each row in the gold standard file represents a sample. The details of gold standard file are described below (Table 2):</text></passage><passage><infon key="section_type">METHODS</infon><infon key="type">paragraph</infon><offset>8372</offset><text>The first row, or the header: the clinical measurements (Features). The first header should be the time point, and from the second column to the end, the header should be the clinical measurements recorded at each time point.</text></passage><passage><infon key="section_type">METHODS</infon><infon key="type">paragraph</infon><offset>8598</offset><text>The first column, or the row names: the exact time points in ascending order.</text></passage><passage><infon key="section_type">METHODS</infon><infon key="type">paragraph</infon><offset>8676</offset><text>From the second column to the last, the values should be the observed values for each clinical measurement at the nth time point.</text></passage><passage><infon key="file">tbl3.xml</infon><infon key="id">tbl3</infon><infon key="section_type">TABLE</infon><infon key="type">table_caption</infon><offset>8806</offset><text>Example data format for time-series record file</text></passage><passage><infon key="file">tbl3.xml</infon><infon key="id">tbl3</infon><infon key="section_type">TABLE</infon><infon key="type">table</infon><infon key="xml">&lt;?xml version=&quot;1.0&quot; encoding=&quot;UTF-8&quot;?&gt;
&lt;table frame=&quot;hsides&quot; rules=&quot;groups&quot;&gt;&lt;thead&gt;&lt;tr&gt;&lt;th&gt;Time point&lt;/th&gt;&lt;th&gt;Feature 1&lt;/th&gt;&lt;th&gt;Feature 2&lt;/th&gt;&lt;th&gt;… …&lt;/th&gt;&lt;th&gt;Feature 4&lt;/th&gt;&lt;th&gt;Feature 5&lt;/th&gt;&lt;th&gt;… …&lt;/th&gt;&lt;/tr&gt;&lt;/thead&gt;&lt;tbody&gt;&lt;tr&gt;&lt;td&gt;1&lt;/td&gt;&lt;td/&gt;&lt;td/&gt;&lt;td/&gt;&lt;td/&gt;&lt;td/&gt;&lt;td/&gt;&lt;/tr&gt;&lt;tr&gt;&lt;td&gt;2&lt;/td&gt;&lt;td/&gt;&lt;td/&gt;&lt;td/&gt;&lt;td/&gt;&lt;td/&gt;&lt;td/&gt;&lt;/tr&gt;&lt;tr&gt;&lt;td colspan=&quot;7&quot;&gt;………&lt;/td&gt;&lt;/tr&gt;&lt;tr&gt;&lt;td&gt;N&lt;/td&gt;&lt;td/&gt;&lt;td/&gt;&lt;td/&gt;&lt;td/&gt;&lt;td/&gt;&lt;td/&gt;&lt;/tr&gt;&lt;/tbody&gt;&lt;/table&gt;
</infon><offset>8854</offset><text>Time point	Feature 1	Feature 2	… …	Feature 4	Feature 5	… …	 	1							 	2							 	………	 	N							 	</text></passage><passage><infon key="section_type">METHODS</infon><infon key="type">paragraph</infon><offset>8966</offset><text>Record files (for example: ∗.psv): “|” delimited time series records. The record files should be corresponding to the first column in the gold standard file, which are the time-series records for each individual sample/patient. Each individual sample should have one record file. The record file should be in the following format (Table 3):</text></passage><passage><infon key="section_type">METHODS</infon><infon key="type">paragraph</infon><offset>9313</offset><text>Two types of data should be prepared for model training and prediction: 1) gold standard file, which contains the names of the record file from patients and the corresponding gold standard (clinical outcome of that patient). 2) time-series records files, which are “|” delimited time series records. The two types of data mentioned above should follow the following formats:</text></passage><passage><infon key="section_type">METHODS</infon><infon key="type">paragraph</infon><offset>9692</offset><text>CRITICAL: 1. Both types of datasets should follow the format described above. 2. Make sure that the first column in the gold standard file matches the file name of the records. Namely, the total number of rows in the gold standard file is always equal to the total number of records.</text></passage><passage><infon key="section_type">METHODS</infon><infon key="type">paragraph</infon><offset>9976</offset><text>It is worth noting that, for some time points, some features might be missing. Therefore, it is recommended that researchers fill the missing values as ‘NaN’ instead of leaving them blank. The demonstrated datasets can be found in our Timesias GitHub repository (https://github.com/GuanLab/timesias/tree/master/data).</text></passage><passage><infon key="section_type">METHODS</infon><infon key="type">title_2</infon><offset>10298</offset><text>Train models, evaluate results, and visualize top features</text></passage><passage><infon key="section_type">METHODS</infon><infon key="type">paragraph</infon><offset>10357</offset><text>Timing: ∼0.5 h (depending on your data)</text></passage><passage><infon key="section_type">METHODS</infon><infon key="type">paragraph</infon><offset>10399</offset><text>To start training the LightGBM regression model, five-fold cross-validation and top feature analysis on your data, simply run the following command: timesias -g [GS_FILE_PATH] -t [LAST_N_RECORDS] -f [EXTRA_FEATURES] -e [EVA_METRICS] --shap</text></passage><passage><infon key="section_type">METHODS</infon><infon key="type">paragraph</infon><offset>10639</offset><text>-g [GS_FILE_PATH]: the path to the gold standard file (example.gs.file) you prepared in step 2.</text></passage><passage><infon key="section_type">METHODS</infon><infon key="type">paragraph</infon><offset>10735</offset><text>Note: The missing values contain critical information for outcome predictions. Here we introduce a specific feature construction method implemented in Timesias to preserve the missing value information (Figure3). First, for each feature in a certain time point, we add an additional value to annotate the binary status if it is missing or not (1/0). This will double the total number of features in the matrix. For example, if we use the last  time points of the record of  features, the original feature matrix would be an  matrix. After the missing value annotation step, the processed feature matrix will be . At the same time, the missing values in the original feature matrix will be replaced by an arbitrary constant, here we set it to ‘−3000’ as default. As we have designated a fixed length  for all timely records by using the argument -t [LAST_N_RECORDS], if the provided record (with  timepoints) is shorter than , we will fill the missing earliest timepoints of the original record with another arbitrary constant. Here we use ‘−5000’ as default. Otherwise, the record will be cropped to the last timepoints. The replacement values of the above missing information can also be changed according to your own data (Troubleshooting 2). The above are the feature preprocessing step, which generates a  matrix, from which extra features can be generated as described next.</text></passage><passage><infon key="section_type">METHODS</infon><infon key="type">paragraph</infon><offset>12127</offset><text>-t [LAST_N_RECORDS]: the last n records you want to use for prediction, default is 16.</text></passage><passage><infon key="section_type">METHODS</infon><infon key="type">paragraph</infon><offset>12214</offset><text>-f [EXTRA_FEATURES]: additional features you want to include for prediction. We provide four additional features to construct based on your original data: norm, std, missing portion and baseline.</text></passage><passage><infon key="section_type">METHODS</infon><infon key="type">paragraph</infon><offset>12410</offset><text>Note: These additional features will capture the temporal changes as well as the patterns of missing values in the timely records. The details of the extra features are described here:</text></passage><passage><infon key="file">gr3.jpg</infon><infon key="id">fig3</infon><infon key="section_type">FIG</infon><infon key="type">fig_caption</infon><offset>12595</offset><text>Overview of the feature construction process</text></passage><passage><infon key="file">gr3.jpg</infon><infon key="id">fig3</infon><infon key="section_type">FIG</infon><infon key="type">fig_caption</infon><offset>12640</offset><text>First, the missing information will be replaced by different replacement values (for missing feature values (gray), replace with −3000; for missing timepoints (green), replace with −5000). Then we compute four types of characteristics for each feature: ‘std’, ‘norm’, ‘missing portion’ and ‘baseline’. Then the final feature matrix will be generated by concatenating all generated features together.</text></passage><passage><infon key="section_type">METHODS</infon><infon key="type">paragraph</infon><offset>13060</offset><text>1) ‘norm’: normalized feature values. For each column  in the  matrix, we calculate the mean and standard deviation across all rows. The normed new feature value  will bewhere is value of the th timepoint in the  th column, is the mean for the  th column through the timeline;  is the standard deviation for the  th column through the timeline; : total number of time points; and  is the total number of features.</text></passage><passage><infon key="section_type">METHODS</infon><infon key="type">paragraph</infon><offset>13478</offset><text>2) ‘std’: as mentioned above, is the standard deviation () of each feature throughout the whole time-course:where  is the value of the th feature in the  th column; is mean for the  th feature through the timeline; and  is the total number of time points.</text></passage><passage><infon key="section_type">METHODS</infon><infon key="type">paragraph</infon><offset>13738</offset><text>3) ‘missing portion’: the percentage of missing points for each feature, which is calculated as:where  is the number of missing values of the  th feature.</text></passage><passage><infon key="section_type">METHODS</infon><infon key="type">paragraph</infon><offset>13897</offset><text>4) ‘baseline’: for each feature, we record the earliest time point for each feature to be collected and the corresponding feature value.</text></passage><passage><infon key="section_type">METHODS</infon><infon key="type">paragraph</infon><offset>14038</offset><text>-e [EVA_METRICS]: evaluation metrics you choose. Our program primarily provides five options: AUROC, AUPRC, C-index, Spearman’s r and Pearson’s r, which are used for different prediction tasks (binary/multiclass classification and regression). The details for the above metrics are described in Quantification and Statistical Analysis.</text></passage><passage><infon key="section_type">METHODS</infon><infon key="type">paragraph</infon><offset>14378</offset><text>--shap: an optional argument. If used, SHAP analysis will be carried out, using the trained model from five-fold cross-validation on the test set to visualize the top measurements and time points.</text></passage><passage><infon key="section_type">METHODS</infon><infon key="type">paragraph</infon><offset>14575</offset><text>The arguments are defined as follows:</text></passage><passage><infon key="section_type">METHODS</infon><infon key="type">paragraph</infon><offset>14613</offset><text>Note: Our program also provides an option to analyze the top features by SHAP analysis by using the --shap argument. If additional features were constructed from the original features, we group the corresponding values of the original feature to analyze its overall importance. According to the additivity of SHAP values, the grouped SHAP values of features and time points can be computed following the formula below:</text></passage><passage><infon key="file">gr2.jpg</infon><infon key="id">fig2</infon><infon key="section_type">FIG</infon><infon key="type">fig_caption</infon><offset>15032</offset><text>The workflow of the main program using a one-line command</text></passage><passage><infon key="file">gr2.jpg</infon><infon key="id">fig2</infon><infon key="section_type">FIG</infon><infon key="type">fig_caption</infon><offset>15090</offset><text>This includes model training, validation and SHAP analysis.</text></passage><passage><infon key="section_type">METHODS</infon><infon key="type">paragraph</infon><offset>15150</offset><text>Our package provides a one-line command to perform feature construction, model training and five-fold cross-validation at the same time, followed by the SHAP analysis with a visualization report of top contributing features (Figure 2).where X is all features of interests. For example, if we want to know the aggregated SHAP importance of the last 6th time point, can be all features from the last 6th timepoint. The top features (clinical measurements and timepoints) are visualized in bar graphs.</text></passage><passage><infon key="section_type">METHODS</infon><infon key="type">paragraph</infon><offset>15650</offset><text>CRITICAL: 1. To successfully run through the model training and cross-validation process, make sure the gold standard file path (-g) is correct (Troubleshooting 3). Also, check if the time-series records are correctly formatted. Problems with time-series records could lead to aborted programs (See Troubleshooting 4 and Troubleshooting 5). Additionally, we require all feature values in the time-series data to be numeric, and categorical features need to be encoded in advance (See Troubleshooting 6). 2. The default length of the last n records (-t) is 16. However, the choice of -t can affect the model performance, CPU occupancy and training time. We recommend different trials of -t for a proper choice (See Troubleshooting 7). 3. While the default settings of the hyperparameters of the LightGBM models are the same as the winning algorithm in the DII Data Science Challenge, we also encourage the users to adjust the model hyperparameters in respect to their own dataset (See Troubleshooting 8). 4. While the example only presents the prediction of binary outcomes, our model also can take continuous values as gold standards. However, suitable evaluation metrics should be selected per prediction task. For example, in the demonstrated binary classification task, AUROC and AUPRC were selected. For regression tasks, C-index, Pearson’s correlation or Spearman’s correlation can be used. The users can also use their own customized evaluation metrics on the prediction results by modifying the code in statistics.py (https://github.com/GuanLab/timesias/blob/master/src/statistics.py).</text></passage><passage><infon key="section_type">METHODS</infon><infon key="type">paragraph</infon><offset>17247</offset><text>Then the program will start training the prediction model using the arguments you specified. When model training is finished, the models will be automatically saved to ‘./model’, and the evaluation on the test set will be automatically performed. Also, if --shap is used, the program will start SHAP analysis after prediction performance evaluation.</text></passage><passage><infon key="section_type">METHODS</infon><infon key="type">title_1</infon><offset>17601</offset><text>Expected outcomes</text></passage><passage><infon key="section_type">METHODS</infon><infon key="type">paragraph</infon><offset>17619</offset><text>The above command will generate the following results from your training data: Saved models: five models resulting from five-fold cross-validation will be saved in ./models/finalized_model.sav.∗ and can reload by the standard pickle module in Python. Evaluation results (e.g., AUROC and AUPRC) from five-fold cross validation, which will be saved in ‘./results/eva.tsv’.</text></passage><passage><infon key="file">gr4.jpg</infon><infon key="id">fig4</infon><infon key="section_type">FIG</infon><infon key="type">fig_caption</infon><offset>17996</offset><text>Results from SHAP analysis shows the top 50 measurements (upper panel) and time points (lower panel) for outcome prediction</text></passage><passage><infon key="file">gr4.jpg</infon><infon key="id">fig4</infon><infon key="section_type">FIG</infon><infon key="type">fig_caption</infon><offset>18120</offset><text>The top measurements and timepoints were ordered by the average of absolute shap values for all five models generated by five fold cross validations.</text></passage><passage><infon key="section_type">METHODS</infon><infon key="type">paragraph</infon><offset>18270</offset><text>if --shap is specified, results from SHAP analysis will be stored in the following files: ‘./results/shap_group_by_measurment.csv’: Feature importance of all measurements resulted from SHAP analysis using the five models in five-fold cross-validation; ‘./results/shap_group_by_timeslot.csv’: Feature importance of all time points resulted from SHAP analysis using the five models in five-fold cross-validation;‘./results/top_feature_report.html’: the top features (measurements and timepoints) visualized in bar graphs (Figure 4).</text></passage><passage><infon key="section_type">METHODS</infon><infon key="type">title_1</infon><offset>18814</offset><text>Quantification and statistical analysis</text></passage><passage><infon key="section_type">METHODS</infon><infon key="type">paragraph</infon><offset>18854</offset><text>AUROC (Area under the Receiver Operating Characteristics curve): The ROC plots the false positive rate (FPR) versus the true positive rate (TPR), where:</text></passage><passage><infon key="section_type">METHODS</infon><infon key="type">paragraph</infon><offset>19007</offset><text>Timesias provide the following matrices to evaluate the model performance, which can be specified using -e argument:</text></passage><passage><infon key="section_type">METHODS</infon><infon key="type">paragraph</infon><offset>19124</offset><text>TP: True Positive; TN: True Negative; FP: False Positive; FN: False Negative.</text></passage><passage><infon key="section_type">METHODS</infon><infon key="type">paragraph</infon><offset>19202</offset><text>AUPRC (Area under the precision-recall curve): The PR curve plots precisions versus recall, where:</text></passage><passage><infon key="section_type">METHODS</infon><infon key="type">paragraph</infon><offset>19301</offset><text>Generally, an AUROC of 0.5 indicates random prediction (no signal) and 1 indicates perfect prediction.</text></passage><passage><infon key="section_type">METHODS</infon><infon key="type">paragraph</infon><offset>19404</offset><text>C-index (Harrell’s C-index, or Concordance index): It is the generalization of AUROC into censored data. C-index can be calculated using the following formula:</text></passage><passage><infon key="section_type">METHODS</infon><infon key="type">paragraph</infon><offset>19566</offset><text>The expected value of AUPRC is the proportion of true positive cases in the dataset.</text></passage><passage><infon key="section_type">METHODS</infon><infon key="type">paragraph</infon><offset>19651</offset><text>: prediction value, or predicted risk of disease of sample</text></passage><passage><infon key="section_type">METHODS</infon><infon key="type">paragraph</infon><offset>19710</offset><text>: gold standard, or survival time, of sample</text></passage><passage><infon key="section_type">METHODS</infon><infon key="type">paragraph</infon><offset>19755</offset><text>: an auxiliary variable indicating whether sampleis censored. if uncensored, is 1; else 0.</text></passage><passage><infon key="section_type">METHODS</infon><infon key="type">paragraph</infon><offset>19846</offset><text>Pearson’s r (Pearson’s correlation coefficient): which evaluates the linear correlation between the prediction value and gold standards:</text></passage><passage><infon key="section_type">METHODS</infon><infon key="type">paragraph</infon><offset>19987</offset><text>C-index = 0.5 represents random and 1 represents perfect prediction.</text></passage><passage><infon key="section_type">METHODS</infon><infon key="type">paragraph</infon><offset>20057</offset><text>: prediction value of sample</text></passage><passage><infon key="section_type">METHODS</infon><infon key="type">paragraph</infon><offset>20086</offset><text>: average of all prediction values</text></passage><passage><infon key="section_type">METHODS</infon><infon key="type">paragraph</infon><offset>20121</offset><text>: gold standard of sample</text></passage><passage><infon key="section_type">METHODS</infon><infon key="type">paragraph</infon><offset>20147</offset><text>Spearman’s r (Pearson’s correlation coefficient): which evaluates the ranked correlation between the prediction value and gold standards:</text></passage><passage><infon key="section_type">METHODS</infon><infon key="type">paragraph</infon><offset>20289</offset><text>: average of all gold standard valueswhere Pearson’s r = 0 represents random and 1 represents perfect predictions.</text></passage><passage><infon key="section_type">METHODS</infon><infon key="type">paragraph</infon><offset>20407</offset><text>: difference between the ranks of prediction and gold standard in sample</text></passage><passage><infon key="section_type">METHODS</infon><infon key="type">paragraph</infon><offset>20480</offset><text>: number of observationswhere Spearman’s r = 0 represents random and 1 represents perfect predictions.</text></passage><passage><infon key="section_type">METHODS</infon><infon key="type">paragraph</infon><offset>20586</offset><text>Among the above, AUROC and AUPRC can be used for binary classification problems, and C-index, Pearson’s r and Spearman’s r can be used for regression problems. The users can also implement other customized evaluation metrics.</text></passage><passage><infon key="section_type">DISCUSS</infon><infon key="type">title_1</infon><offset>20816</offset><text>Limitations</text></passage><passage><infon key="section_type">DISCUSS</infon><infon key="type">paragraph</infon><offset>20828</offset><text>One possible limitation of Timesias is the memory usage. After filling all missing values, the feature matrices will increase to more than twice of the original input, depending on how many time points you decided to use (Figure 3). Additionally, when using the full set of features (norm, std, missing portion, baseline), the feature number will also increase. Therefore, when there are many samples (for example, in the DII National Data Science Challenge, the training data could be up to ∼100, 000 samples), the CPU memory could be a potential limitation of our method.</text></passage><passage><infon key="section_type">DISCUSS</infon><infon key="type">title_1</infon><offset>21405</offset><text>Troubleshooting</text></passage><passage><infon key="section_type">DISCUSS</infon><infon key="type">title_2</infon><offset>21421</offset><text>Problem 1</text></passage><passage><infon key="section_type">DISCUSS</infon><infon key="type">paragraph</infon><offset>21431</offset><text>Installation of Timesias fails due to uninstalled prerequisites (step 1).</text></passage><passage><infon key="section_type">DISCUSS</infon><infon key="type">title_2</infon><offset>21505</offset><text>Potential solution</text></passage><passage><infon key="section_type">DISCUSS</infon><infon key="type">paragraph</infon><offset>21524</offset><text>Please install the required dependencies manually through the links we provided in key resources table, and then try installing Timesias again.</text></passage><passage><infon key="section_type">DISCUSS</infon><infon key="type">title_2</infon><offset>21668</offset><text>Problem 2</text></passage><passage><infon key="file">tbl4.xml</infon><infon key="id">tbl4</infon><infon key="section_type">TABLE</infon><infon key="type">table_caption</infon><offset>21678</offset><text>Prediction performance (AUROC) with different replacements for missing feature value and timepoints on the toy data</text></passage><passage><infon key="file">tbl4.xml</infon><infon key="id">tbl4</infon><infon key="section_type">TABLE</infon><infon key="type">table</infon><infon key="xml">&lt;?xml version=&quot;1.0&quot; encoding=&quot;UTF-8&quot;?&gt;
&lt;table frame=&quot;hsides&quot; rules=&quot;groups&quot;&gt;&lt;thead&gt;&lt;tr&gt;&lt;th&gt;MIssing feature replacement&lt;/th&gt;&lt;th&gt;Time point replacement&lt;/th&gt;&lt;th&gt;AUROC&lt;/th&gt;&lt;th&gt;AUPRC&lt;/th&gt;&lt;/tr&gt;&lt;/thead&gt;&lt;tbody&gt;&lt;tr&gt;&lt;td&gt;−3000&lt;/td&gt;&lt;td&gt;−5000&lt;/td&gt;&lt;td&gt;0.6484&lt;/td&gt;&lt;td&gt;0.7699&lt;/td&gt;&lt;/tr&gt;&lt;tr&gt;&lt;td&gt;−5000&lt;/td&gt;&lt;td&gt;−5000&lt;/td&gt;&lt;td&gt;0.6484&lt;/td&gt;&lt;td&gt;0.7699&lt;/td&gt;&lt;/tr&gt;&lt;tr&gt;&lt;td&gt;−5000&lt;/td&gt;&lt;td&gt;−3000&lt;/td&gt;&lt;td&gt;0.6484&lt;/td&gt;&lt;td&gt;0.7699&lt;/td&gt;&lt;/tr&gt;&lt;tr&gt;&lt;td&gt;−1000&lt;/td&gt;&lt;td&gt;−1000&lt;/td&gt;&lt;td&gt;0.6484&lt;/td&gt;&lt;td&gt;0.7699&lt;/td&gt;&lt;/tr&gt;&lt;tr&gt;&lt;td&gt;−100&lt;/td&gt;&lt;td&gt;−100&lt;/td&gt;&lt;td&gt;0.6153&lt;/td&gt;&lt;td&gt;0.7267&lt;/td&gt;&lt;/tr&gt;&lt;tr&gt;&lt;td&gt;100&lt;/td&gt;&lt;td&gt;100&lt;/td&gt;&lt;td&gt;0.5826&lt;/td&gt;&lt;td&gt;0.7490&lt;/td&gt;&lt;/tr&gt;&lt;tr&gt;&lt;td&gt;3000&lt;/td&gt;&lt;td&gt;5000&lt;/td&gt;&lt;td&gt;0.6044&lt;/td&gt;&lt;td&gt;0.7626&lt;/td&gt;&lt;/tr&gt;&lt;/tbody&gt;&lt;/table&gt;
</infon><offset>21794</offset><text>MIssing feature replacement	Time point replacement	AUROC	AUPRC	 	−3000	−5000	0.6484	0.7699	 	−5000	−5000	0.6484	0.7699	 	−5000	−3000	0.6484	0.7699	 	−1000	−1000	0.6484	0.7699	 	−100	−100	0.6153	0.7267	 	100	100	0.5826	0.7490	 	3000	5000	0.6044	0.7626	 	</text></passage><passage><infon key="section_type">DISCUSS</infon><infon key="type">paragraph</infon><offset>22068</offset><text>Different missing value replacement could affect the prediction performance. In our default setting, the missing feature values are replaced with −3000 and the missing timepoints are replaced with −5000. Difference replacement values may have a significant influence on the prediction accuracy (Table 4). (step 4)</text></passage><passage><infon key="section_type">DISCUSS</infon><infon key="type">title_2</infon><offset>22386</offset><text>Potential solution</text></passage><passage><infon key="file">gr5.jpg</infon><infon key="id">fig5</infon><infon key="section_type">FIG</infon><infon key="type">fig_caption</infon><offset>22405</offset><text>Default missing value settings for missing record values (val_rep) and missing timepoints (t_rep)</text></passage><passage><infon key="section_type">DISCUSS</infon><infon key="type">paragraph</infon><offset>22503</offset><text>Use other replacement values for missing feature value replacement and missing time point replacement. To change missing value/timepoint replacement, in utils.py, assign val_rep/t_rep with other values you would like instead of −3000 and −5000 (Figure 5).</text></passage><passage><infon key="section_type">DISCUSS</infon><infon key="type">paragraph</infon><offset>22764</offset><text>Usually, the replacement values should be lower than the lowest feature value. Also, we recommend that val_rep and t_rep not be equal to retain more information in the dataset.</text></passage><passage><infon key="section_type">DISCUSS</infon><infon key="type">title_2</infon><offset>22941</offset><text>Problem 3</text></passage><passage><infon key="file">gr6.jpg</infon><infon key="id">fig6</infon><infon key="section_type">FIG</infon><infon key="type">fig_caption</infon><offset>22951</offset><text>Screenshot of the terminal if the gold standard file path is wrong</text></passage><passage><infon key="section_type">DISCUSS</infon><infon key="type">paragraph</infon><offset>23018</offset><text>The program will check if the gold standard file exists. If not, the program will halt and print the following information in the terminal (Figure 6). (step 4)</text></passage><passage><infon key="section_type">DISCUSS</infon><infon key="type">title_2</infon><offset>23179</offset><text>Potential solution</text></passage><passage><infon key="section_type">DISCUSS</infon><infon key="type">paragraph</infon><offset>23198</offset><text>Check if the gold standard file path (-g) is correct.</text></passage><passage><infon key="section_type">DISCUSS</infon><infon key="type">title_2</infon><offset>23252</offset><text>Problem 4</text></passage><passage><infon key="file">gr7.jpg</infon><infon key="id">fig7</infon><infon key="section_type">FIG</infon><infon key="type">fig_caption</infon><offset>23262</offset><text>Screenshot of the terminal if the time-series file doesn’t exist</text></passage><passage><infon key="section_type">DISCUSS</infon><infon key="type">paragraph</infon><offset>23329</offset><text>If the program fails to read the time-series records, the terminal prints out the following assertion error (Figure 7). (step 4)</text></passage><passage><infon key="section_type">DISCUSS</infon><infon key="type">paragraph</infon><offset>23459</offset><text>It means the file path of the time series records are wrong (∗.psv file).</text></passage><passage><infon key="section_type">DISCUSS</infon><infon key="type">title_2</infon><offset>23535</offset><text>Potential solution</text></passage><passage><infon key="section_type">DISCUSS</infon><infon key="type">paragraph</infon><offset>23554</offset><text>Check if the training record paths (first column) listed in the gold standard file are correct.</text></passage><passage><infon key="section_type">DISCUSS</infon><infon key="type">title_2</infon><offset>23650</offset><text>Problem 5</text></passage><passage><infon key="file">gr8.jpg</infon><infon key="id">fig8</infon><infon key="section_type">FIG</infon><infon key="type">fig_caption</infon><offset>23660</offset><text>Screenshot of the terminal if the time-series file is empty</text></passage><passage><infon key="section_type">DISCUSS</infon><infon key="type">paragraph</infon><offset>23720</offset><text>If the time-series record file is empty, the following errors could be raised (Figure 8). (step 4)</text></passage><passage><infon key="section_type">DISCUSS</infon><infon key="type">title_2</infon><offset>23820</offset><text>Potential solution</text></passage><passage><infon key="section_type">DISCUSS</infon><infon key="type">paragraph</infon><offset>23839</offset><text>Check the file in the training data, and exclude it from the training data if it is not available.</text></passage><passage><infon key="section_type">DISCUSS</infon><infon key="type">title_2</infon><offset>23938</offset><text>Problem 6</text></passage><passage><infon key="file">gr9.jpg</infon><infon key="id">fig9</infon><infon key="section_type">FIG</infon><infon key="type">fig_caption</infon><offset>23948</offset><text>Screenshot of the terminal when there are categorical features in the time-series data</text></passage><passage><infon key="section_type">DISCUSS</infon><infon key="type">paragraph</infon><offset>24035</offset><text>Feature value error. We assume all feature values used for prediction should be numeric. However, if the feature value is a string, the following error could occur (Figure 9). (step 4)</text></passage><passage><infon key="section_type">DISCUSS</infon><infon key="type">title_2</infon><offset>24221</offset><text>Potential solution</text></passage><passage><infon key="section_type">DISCUSS</infon><infon key="type">paragraph</infon><offset>24240</offset><text>If categorical features are used, you can encode them as numeric values before training with our program.</text></passage><passage><infon key="section_type">DISCUSS</infon><infon key="type">title_2</infon><offset>24346</offset><text>Problem 7</text></passage><passage><infon key="file">gr10.jpg</infon><infon key="id">fig10</infon><infon key="section_type">FIG</infon><infon key="type">fig_caption</infon><offset>24356</offset><text>The relationship between the number of time point selected and time/CPU occupancy required</text></passage><passage><infon key="section_type">DISCUSS</infon><infon key="type">paragraph</infon><offset>24447</offset><text>While the default value of -t is 16, usually a larger -t could retain more information, while increasing CPU usage and training time correspondingly. We plot the memory (CPU) and time versus last n point using the deposited data (100 samples) (Figure 10). (step 4)</text></passage><passage><infon key="section_type">DISCUSS</infon><infon key="type">title_2</infon><offset>24714</offset><text>Potential solution</text></passage><passage><infon key="section_type">DISCUSS</infon><infon key="type">paragraph</infon><offset>24733</offset><text>Choose a proper number for -t. We also encourage the users to try different -t and compare the performance/resource requirements for a most preferred choice.</text></passage><passage><infon key="section_type">DISCUSS</infon><infon key="type">title_2</infon><offset>24891</offset><text>Problem 8</text></passage><passage><infon key="file">gr11.jpg</infon><infon key="id">fig11</infon><infon key="section_type">FIG</infon><infon key="type">fig_caption</infon><offset>24901</offset><text>Default parameter settings in the LightGBM model</text></passage><passage><infon key="section_type">DISCUSS</infon><infon key="type">paragraph</infon><offset>24950</offset><text>We also encourage the users to tune the hyperparameters of the LightGBM model for better performance. The default parameters for the LightGBM regression model are set as Figure 11 and default boosting round is set to 1000. However, the default setting may not be optimal for variable datasets. (step 4)</text></passage><passage><infon key="section_type">DISCUSS</infon><infon key="type">title_2</infon><offset>25254</offset><text>Potential solution</text></passage><passage><infon key="section_type">DISCUSS</infon><infon key="type">paragraph</infon><offset>25273</offset><text>The model parameters in model.py can be modified. If the model overfits, choose smaller ‘num_leaves’ and ‘n_estimator’ and smaller boosting rounds. If the model underfits, choose larger ‘num_leaves’ and ‘n_estimator’ and larger boosting rounds. Larger ‘learning_rate’ could speed up the training process while a smaller ‘learning_rate’ with larger boosting rounds may help achieve better prediction accuracy.</text></passage><passage><infon key="section_type">SUPPL</infon><infon key="type">title_1</infon><offset>25706</offset><text>Resource availability</text></passage><passage><infon key="section_type">SUPPL</infon><infon key="type">title_2</infon><offset>25728</offset><text>Lead contact</text></passage><passage><infon key="section_type">SUPPL</infon><infon key="type">paragraph</infon><offset>25741</offset><text>Further information and requests for resources and reagents should be directed to and will be fulfilled by the lead contact, Yuanfang Guan (gyuanfan@umich.edu).</text></passage><passage><infon key="section_type">SUPPL</infon><infon key="type">title_2</infon><offset>25902</offset><text>Materials availability</text></passage><passage><infon key="section_type">SUPPL</infon><infon key="type">paragraph</infon><offset>25925</offset><text>This study did not generate new unique reagents.</text></passage><passage><infon key="section_type">SUPPL</infon><infon key="type">title_2</infon><offset>25974</offset><text>Data and code availability</text></passage><passage><infon key="section_type">SUPPL</infon><infon key="type">paragraph</infon><offset>26001</offset><text>The code generated in this study is available at [https://github.com/GuanLab/timesias]. The mock dataset used for display in this paper is deposited to and available at [https://github.com/GuanLab/timesias/tree/master/data].</text></passage><passage><infon key="section_type">REF</infon><infon key="type">title</infon><offset>26226</offset><text>References</text></passage><passage><infon key="fpage">5</infon><infon key="lpage">32</infon><infon key="name_0">surname:Breiman;given-names:L.</infon><infon key="section_type">REF</infon><infon key="source">Mach. Learn.</infon><infon key="type">ref</infon><infon key="volume">45</infon><infon key="year">2001</infon><offset>26237</offset><text>Random forests</text></passage><passage><infon key="name_0">surname:Chatterjee;given-names:S.</infon><infon key="name_1">surname:Hadi;given-names:A.S.</infon><infon key="section_type">REF</infon><infon key="type">ref</infon><infon key="year">2015</infon><offset>26252</offset></passage><passage><infon key="fpage">371</infon><infon key="lpage">380</infon><infon key="name_0">surname:Che;given-names:Z.</infon><infon key="name_1">surname:Purushotham;given-names:S.</infon><infon key="name_2">surname:Khemani;given-names:R.</infon><infon key="name_3">surname:Liu;given-names:Y.</infon><infon key="pub-id_pmid">28269832</infon><infon key="section_type">REF</infon><infon key="source">AMIA Annu. Symp. Proc.</infon><infon key="type">ref</infon><infon key="volume">2016</infon><infon key="year">2016</infon><offset>26253</offset><text>Interpretable deep models for ICU outcome prediction</text></passage><passage><infon key="name_0">surname:Dash;given-names:S.</infon><infon key="name_1">surname:Acharya;given-names:B.R.</infon><infon key="name_2">surname:Mittal;given-names:M.</infon><infon key="name_3">surname:Abraham;given-names:A.</infon><infon key="name_4">surname:Kelemen;given-names:A.</infon><infon key="section_type">REF</infon><infon key="type">ref</infon><infon key="year">2019</infon><offset>26306</offset></passage><passage><infon key="element-citation">https://sbmi.uth.edu/dii-challenge/index-new.htm</infon><infon key="section_type">REF</infon><infon key="type">ref</infon><infon key="year">2019</infon><offset>26307</offset></passage><passage><infon key="pub-id_doi">10.1002/0471722073.ch5</infon><infon key="section_type">REF</infon><infon key="type">ref</infon><offset>26308</offset></passage><passage><infon key="fpage">102106</infon><infon key="name_0">surname:Guan;given-names:Y.</infon><infon key="name_1">surname:Wang;given-names:X.</infon><infon key="name_2">surname:Chen;given-names:X.</infon><infon key="name_3">surname:Yi;given-names:D.</infon><infon key="name_4">surname:Chen;given-names:L.</infon><infon key="name_5">surname:Jiang;given-names:X.</infon><infon key="pub-id_pmid">33659874</infon><infon key="section_type">REF</infon><infon key="source">iScience</infon><infon key="type">ref</infon><infon key="volume">24</infon><infon key="year">2021</infon><offset>26309</offset><text>Assessment of the timeliness and robustness for predicting adult sepsis</text></passage><passage><infon key="fpage">1735</infon><infon key="lpage">1780</infon><infon key="name_0">surname:Hochreiter;given-names:S.</infon><infon key="name_1">surname:Schmidhuber;given-names:J.</infon><infon key="pub-id_pmid">9377276</infon><infon key="section_type">REF</infon><infon key="source">Neural Comput.</infon><infon key="type">ref</infon><infon key="volume">9</infon><infon key="year">1997</infon><offset>26381</offset><text>Long short-term memory</text></passage><passage><infon key="fpage">3146</infon><infon key="lpage">3154</infon><infon key="name_0">surname:Ke;given-names:G.</infon><infon key="name_1">surname:Menge;given-names:Q.</infon><infon key="name_2">surname:Finley;given-names:T.</infon><infon key="name_3">surname:Wang;given-names:T.</infon><infon key="name_4">surname:Chen;given-names:W.</infon><infon key="name_5">surname:Ma;given-names:W.</infon><infon key="name_6">surname:Ye;given-names:Q.</infon><infon key="name_7">surname:Liu;given-names:T.</infon><infon key="name_8">surname:Guyon;given-names:I.</infon><infon key="section_type">REF</infon><infon key="source">Advances in Neural Information Processing Systems 30</infon><infon key="type">ref</infon><infon key="year">2017</infon><offset>26404</offset></passage><passage><infon key="fpage">436</infon><infon key="lpage">444</infon><infon key="name_0">surname:LeCun;given-names:Y.</infon><infon key="name_1">surname:Bengio;given-names:Y.</infon><infon key="name_2">surname:Hinton;given-names:G.</infon><infon key="pub-id_doi">10.1038/nature14539</infon><infon key="section_type">REF</infon><infon key="source">Nature</infon><infon key="type">ref</infon><infon key="year">2015</infon><offset>26405</offset><text>Deep learning</text></passage><passage><infon key="fpage">597</infon><infon key="lpage">606</infon><infon key="name_0">surname:Liu;given-names:L.</infon><infon key="name_1">surname:Li;given-names:H.</infon><infon key="name_2">surname:Hu;given-names:Z.</infon><infon key="name_3">surname:Shi;given-names:H.</infon><infon key="name_4">surname:Wang;given-names:Z.</infon><infon key="name_5">surname:Tang;given-names:J.</infon><infon key="name_6">surname:Zhang;given-names:M.</infon><infon key="pub-id_pmid">32308854</infon><infon key="section_type">REF</infon><infon key="source">AMIA Annu. Symp. Proc.</infon><infon key="type">ref</infon><infon key="volume">2019</infon><infon key="year">2019</infon><offset>26419</offset><text>Learning hierarchical representations of electronic health records for clinical outcome prediction</text></passage><passage><infon key="fpage">4765</infon><infon key="lpage">4774</infon><infon key="name_0">surname:Lundberg;given-names:S.M.</infon><infon key="name_1">surname:Lee;given-names:S.-I.</infon><infon key="name_2">surname:Guyon;given-names:I.</infon><infon key="section_type">REF</infon><infon key="source">Advances in Neural Information Processing Systems 30</infon><infon key="type">ref</infon><infon key="year">2017</infon><offset>26518</offset></passage><passage><infon key="fpage">e7</infon><infon key="lpage">e13</infon><infon key="name_0">surname:Morawski;given-names:K.</infon><infon key="name_1">surname:Dvorkis;given-names:Y.</infon><infon key="name_2">surname:Monsen;given-names:C.B.</infon><infon key="pub-id_pmid">31951361</infon><infon key="section_type">REF</infon><infon key="source">Am. J. Manag. Care</infon><infon key="type">ref</infon><infon key="volume">26</infon><infon key="year">2020</infon><offset>26519</offset><text>Predicting hospitalizations from electronic health record data</text></passage><passage><infon key="element-citation">https://www.synapse.org/#!Synapse:syn21849255/wiki/</infon><infon key="section_type">REF</infon><infon key="type">ref</infon><infon key="year">2020</infon><offset>26582</offset></passage><passage><infon key="fpage">116</infon><infon key="lpage">126</infon><infon key="name_0">surname:Shamout;given-names:F.</infon><infon key="name_1">surname:Zhu;given-names:T.</infon><infon key="name_2">surname:Clifton;given-names:D.A.</infon><infon key="pub-id_pmid">32746368</infon><infon key="section_type">REF</infon><infon key="source">IEEE Rev. Biomed. Eng.</infon><infon key="type">ref</infon><infon key="volume">14</infon><infon key="year">2021</infon><offset>26583</offset><text>Machine learning for clinical outcome prediction</text></passage><passage><infon key="fpage">e11605</infon><infon key="name_0">surname:Sharafoddini;given-names:A.</infon><infon key="name_1">surname:Dubin;given-names:J.A.</infon><infon key="name_2">surname:Maslove;given-names:D.M.</infon><infon key="name_3">surname:Lee;given-names:J.</infon><infon key="pub-id_pmid">30622091</infon><infon key="section_type">REF</infon><infon key="source">JMIR Med. Inform.</infon><infon key="type">ref</infon><infon key="volume">7</infon><infon key="year">2019</infon><offset>26632</offset><text>A new insight into missing data in intensive care unit patient profiles: observational study</text></passage><passage><infon key="fpage">1589</infon><infon key="lpage">1604</infon><infon key="name_0">surname:Shickel;given-names:B.</infon><infon key="name_1">surname:Tighe;given-names:P.J.</infon><infon key="name_2">surname:Bihorac;given-names:A.</infon><infon key="name_3">surname:Rashidi;given-names:P.</infon><infon key="pub-id_pmid">29989977</infon><infon key="section_type">REF</infon><infon key="source">IEEE J. Biomed. Health Inform.</infon><infon key="type">ref</infon><infon key="volume">22</infon><infon key="year">2018</infon><offset>26725</offset><text>Deep EHR: a survey of recent advances in deep learning techniques for electronic health record (EHR) analysis</text></passage></document></collection>
