<?xml version="1.0" encoding="UTF-8"?>
<!DOCTYPE collection SYSTEM "BioC.dtd">
<collection><source>PMC</source><date>20211126</date><key>pmc.key</key><document><id>8604111</id><infon key="license">CC BY</infon><passage><infon key="alt-title">KOPSCO et al.</infon><infon key="article-id_doi">10.1002/vms3.586</infon><infon key="article-id_pmc">8604111</infon><infon key="article-id_pmid">34414695</infon><infon key="article-id_publisher-id">VMS3586</infon><infon key="fpage">2198</infon><infon key="issue">6</infon><infon key="kwd">cats community science dogs tick‐borne disease</infon><infon key="license">This is an open access article under the terms of the http://creativecommons.org/licenses/by/4.0/ License, which permits use, distribution and reproduction in any medium, provided the original work is properly cited.</infon><infon key="lpage">2208</infon><infon key="name_0">surname:Kopsco;given-names:Heather L.</infon><infon key="name_1">surname:Duhaime;given-names:Roland J.</infon><infon key="name_2">surname:Mather;given-names:Thomas N.</infon><infon key="notes">

, , &amp;  (). . , , –. 

</infon><infon key="pub-id_doi">10.1002/vms3.586</infon><infon key="section_type">TITLE</infon><infon key="source">Veterinary Medicine and Science</infon><infon key="type">front</infon><infon key="volume">7</infon><infon key="year">2021</infon><offset>0</offset><text>An analysis of companion animal tick encounters as revealed by photograph‐based crowdsourced data</text></passage><passage><infon key="section_type">ABSTRACT</infon><infon key="type">abstract_title_1</infon><offset>100</offset><text>Abstract</text></passage><passage><infon key="section_type">ABSTRACT</infon><infon key="type">abstract_title_1</infon><offset>109</offset><text>Background</text></passage><passage><infon key="section_type">ABSTRACT</infon><infon key="type">abstract</infon><offset>120</offset><text>Community science is increasingly utilized to track important vectors of companion animal disease, providing a scalable, cost‐effective strategy for identifying new foci, changing phenology, and disease prevalence across wide geographies.</text></passage><passage><infon key="section_type">ABSTRACT</infon><infon key="type">abstract_title_1</infon><offset>361</offset><text>Objectives</text></passage><passage><infon key="section_type">ABSTRACT</infon><infon key="type">abstract</infon><offset>372</offset><text>We examined photographs of ticks found attached to predominately dogs and cats reported to a photograph‐based tick surveillance program to identify potential areas for improvements in tick prevention education and risk intervention.</text></passage><passage><infon key="section_type">ABSTRACT</infon><infon key="type">abstract_title_1</infon><offset>607</offset><text>Methods</text></passage><passage><infon key="section_type">ABSTRACT</infon><infon key="type">abstract</infon><offset>615</offset><text>We compared estimated days of tick attachment using a Kruskal–Wallis one‐way analysis of variance, and a Pearson's chi‐square analysis of variance on the number of submissions by host type submitted for each season.</text></passage><passage><infon key="section_type">ABSTRACT</infon><infon key="type">abstract_title_1</infon><offset>837</offset><text>Results</text></passage><passage><infon key="section_type">ABSTRACT</infon><infon key="type">abstract</infon><offset>845</offset><text>The blacklegged tick (Ixodes scapularis) was the most common species reported (39.8%). Tick photographs submitted were almost entirely adults (89.5%), and ticks found on companion animals exhibited an estimated median engorgement time of 2.5 days. Ixodes scapularis displayed the highest median engorgement of the top tick species found feeding on companion animals (χ 2 = 98.96, p &lt; 0.001). Ticks were spotted year‐round; during spring and summer, ticks collected from pets represented 15.4 and 12.8% of all submissions, but increased to 28.5 and 35.2% during autumn and winter, respectively.</text></passage><passage><infon key="section_type">ABSTRACT</infon><infon key="type">abstract_title_1</infon><offset>1446</offset><text>Conclusions</text></passage><passage><infon key="section_type">ABSTRACT</infon><infon key="type">abstract</infon><offset>1458</offset><text>Crowdsourced data reveal that mostly adult ticks are detected on pets, and they are found at a point in the blood‐feeding process that puts pets at heightened risk for disease transmission. The increase in proportion of ticks found on pets during colder months may reveal a critical knowledge gap amongst pet owners regarding seasonal activity of I. scapularis, a vector of Lyme disease, providing an opportunity for prevention‐education.</text></passage><passage><infon key="section_type">ABSTRACT</infon><infon key="type">abstract</infon><offset>1901</offset><text>Crowdsourced data reveal that mostly adult ticks are spotted on pets, and that they are detected later in the blood‐feeding process than were ticks attached to humans, putting pets at heightened risk for tick‐borne disease transmission. The doubling of reports of ticks found on pets during autumn and winter may reveal a critical knowledge gap amongst the pet‐owning general public regarding seasonal activity of I. scapularis, vector of Lyme disease, providing an opportunity for prevention‐education to pet owners.  </text></passage><passage><infon key="section_type">INTRO</infon><infon key="type">title_1</infon><offset>2429</offset><text>INTRODUCTION</text></passage><passage><infon key="section_type">INTRO</infon><infon key="type">paragraph</infon><offset>2442</offset><text>Tick vectors can pose serious health risks to domestic companion animals and their owners. Dogs, cats and other domestic animals are susceptible to numerous potentially deadly tick‐borne bacterial and protozoal diseases, including Lyme disease, spotted fever rickettsioses, American canine hepatozoonosis, cytauxzoonosis and tick paralysis toxicosis (Bowman; Chomel; Kidd &amp; Breitschwerdt; Little et al.,; Nagamori &amp; Reichard; Reichard et al.,; Shaw et al.,). Even in cases where animals are asymptomatic or display sub‐clinical signs of tick‐borne disease infection, they can act as potential reservoirs for zoonotic pathogens (Fritz; Mather et al.,; Shannon et al.,; Shaw et al.,). Several studies have demonstrated that those living in households with either dogs or cats are at higher risk of tick encounters and tick‐borne illnesses than those in households without pets (de Wet et al.,; Jones et al.,). Cats that live entirely indoors have been found infested with species of attached ticks that originate in outdoor habitats (Little et al.,). This finding suggests that cats, and perhaps even dogs or humans can carry loose ticks indoors that then attach to other hosts. The strong association among pets, their owners and zoonotic tick‐borne illness is evident in the literature, as dogs often act as sentinels for tick‐borne illness, particularly in cases of Rocky Mountain Spotted Fever (Elchos &amp; Goddard), and Lyme disease (Bowman et al.,; Eng et al.,; Guerra et al.,; Johnson et al.,; Lindenmayer et al.,; Little et al.,; Wagner &amp; Erb).</text></passage><passage><infon key="section_type">INTRO</infon><infon key="type">paragraph</infon><offset>4017</offset><text>Recent reports suggest that cases of human tick‐borne disease are more than double over the past decade (Rosenberg et al.,), no doubt also increasing significantly the tick‐borne disease prevention challenges faced by pet owners and veterinary professionals. The factors contributing to more cases of tick‐borne diseases are complex. Broad ecological changes, including alterations in climate and land‐use patterns (Allan et al.,; Brownstein et al.,; Gilliam et al.,; Guerra et al.,; Hall et al.,; Ostfeld &amp; Brunner; Salkeld et al.,; Tran &amp; Waller), and increases in deer and other wildlife populations overlapping with human‐inhabited space, are highly associated with increases in tick encounters and tick‐borne disease prevalence (Ginsberg &amp; Zhioua; Rand et al.,; White &amp; Gaff). Additionally, changes in human behaviour resulting in enhanced exposure risks (Fischhoff et al.,; Zeimes et al.,), and overall improvements in disease diagnosis, surveillance and reporting (Rosenberg et al.,) are also responsible for higher occurrence of disease. Concurrently, distributions of tick species are changing, especially blacklegged ticks (Ixodes scapularis Say) and lone star ticks (Amblyomma americanum L.) (Dahlgren et al.,; Eisen et al.,; Springer et al.,), exacerbating the problem while changing climate trends can alter the timing and length of tick and host activity periods, as well as the length of the overlap in companion animal outdoor activity in tick habitat (Alkishe et al.,; Ogden &amp; Lindsay; Ogden et al.,). Redistribution of wildlife, especially cervids, such as white‐tail deer, and movement of ticks on migrating birds, is resulting in the incursion of ticks into more densely populated suburban, peri‐urban and even urban areas (Shaw et al.,). As a result, new endemic foci (Schwartz et al.,; Sonenshine) are putting a larger demographic of humans and pets at risk for tick attachment and illness.</text></passage><passage><infon key="section_type">INTRO</infon><infon key="type">title_2</infon><offset>5964</offset><text>IMPACTS</text></passage><passage><infon key="section_type">INTRO</infon><infon key="type">paragraph</infon><offset>5972</offset><text>The blacklegged (deer) tick was the most commonly reported tick attached to companion animals.</text></passage><passage><infon key="section_type">INTRO</infon><infon key="type">paragraph</infon><offset>6067</offset><text>Ticks found attached to companion animals have been fed a median of 2.5 days longer than compared to those found attached to humans. The blacklegged (deer) tick had the highest median engorgement of the five top tick species found feeding on companion animals.</text></passage><passage><infon key="section_type">INTRO</infon><infon key="type">paragraph</infon><offset>6328</offset><text>The percentage of reports of ticks found on companion animals is more than doubled in the fall and winter seasons from what was reported in the spring and summer seasons.</text></passage><passage><infon key="section_type">INTRO</infon><infon key="type">paragraph</infon><offset>6499</offset><text>Passive surveillance, particularly involving the contributions of community science, has become an increasingly popular method for tracking ticks on pets and associated pathogens. Often, ticks are collected from pet owners at veterinary offices or other research centres (Johnson et al.,; Nieto et al.,; Saleh et al.,; Xu et al.,), identified to species, and tested for a wide range of pathogens. These large‐scale collection efforts can be examined over time to observe trends in tick distributions and infection rates (Saleh et al.,; Sánchez‐Vizcaíno et al.,; Tulloch et al.,). Ventures using big data, including internet search terms, social media and electronic health records, are also showing promise as a means of tracking tick‐borne disease in companion animals in an increasingly digital world (Guernier et al.,; Tulloch et al.,).</text></passage><passage><infon key="section_type">INTRO</infon><infon key="type">paragraph</infon><offset>7356</offset><text>Photographs of encountered ticks have been shown to be another reliable method of rapid identification of commonly encountered ticks of medical concern (Fernandez et al.,; Koffi et al.,; Kopsco et al.,) that can be used to not only track tick trends, but also relay important information about potential disease risk to pet owners or veterinarians. The TickSpotters program at the University of Rhode Island's Tick Encounter Resource Centre (TERC) is an online, photograph‐based passive surveillance system, staffed by PhD and other graduate‐level tick researchers, with an overall accuracy of 96.7% for North American ticks most commonly encountered by humans and their companion animals, particularly I. scapularis, Dermacentor variabilis, and A. americanum (Kopsco et al.,). These three tick species are the most commonly encountered tick species by dogs and cats throughout the United States (Duncan et al.,; Ghosh et al.,; Saleh et al.,). The system allows users to submit photographs of ticks along with information surrounding each encounter. Moreover, a response email is sent within 24‐h that confirms the identity of the tick to species and stage, estimates a duration window of attachment, and provides tailored guidance regarding likely riskiness for infection and best next actions to prevent disease and avoid future tick encounters.</text></passage><passage><infon key="section_type">INTRO</infon><infon key="type">paragraph</infon><offset>8717</offset><text>The purpose of this study was to examine photographs of ticks found attached to pets and reported to TickSpotters photograph‐based tick surveillance to identify potential areas for improvements in tick prevention education and risk intervention. We anticipated that photographed tick submissions from pets would exhibit unique characteristics that differed from submissions of ticks found on humans. Specifically, we expected that proportionally more ticks would be detected on pets than on humans during the fall and winter seasons when owners potentially assume that ticks are no longer an active concern, and that ticks attached to pets would be found later in the feeding process (i.e., would display engorgement indicative of a longer feeding duration) than ticks reported from humans.</text></passage><passage><infon key="section_type">METHODS</infon><infon key="type">title_1</infon><offset>9510</offset><text>METHODS</text></passage><passage><infon key="section_type">METHODS</infon><infon key="type">title_2</infon><offset>9518</offset><text>Data collection</text></passage><passage><infon key="section_type">METHODS</infon><infon key="type">paragraph</infon><offset>9534</offset><text>We performed a retrospective analysis on data collected through the TickSpotters photograph‐based crowdsourced surveillance program (Wufoo online forms, SurveyMonkey, Inc.) from January 1, 2014 to December 31st, 2018 to describe a sample of domestic animal tick encounters as reported by their owners or veterinarians, and to compare key aspects of these animal tick encounters to those experienced by humans. The survey was advertised on a weekly basis through the TERC social media pages (Facebook and Twitter), and participants were directed to submit details of their tick encounter along with a photograph on the submission website (https://tickencounter.org/tickspotters/submit_form). Prior to uploading a photograph of the specimen to the system, instructions were provided to participants on how to take a photograph of the specimen with a size reference, proper lighting and clear focus to ensure the image highlighting the necessary anatomy to facilitate correct identification by researchers. Submissions with pictures that could not be identified by TERC researchers were recorded as ‘Unknown’, and a request was sent for an additional improved photograph. Records were accordingly updated with an identification if a better picture was sent in response to this request. TERC medical entomologists and staff trained in tick identification reviewed entries daily, and tick photographs were identified to species, stage and an attachment duration estimate. A visual estimated tick feeding duration chart (https://web.uri.edu/tickencounter/fieldguide/tick‐growth‐comparison‐charts/) was previously established for the most commonly encountered tick species and their life stages by feeding groups of five or more ticks of each species and stage featured in the TERC pictorial chart on New Zealand white rabbits, and removing the ticks at specified time points (24, 36, 48 h, etc.). A scutal index (ratio of scutum width to body length) was calculated for each fed tick based on previous methods performed for I. scapularis ticks (Falco et al.,; Yeh et al.,), and the tick demonstrating the median size was photographed as representative for that time point (Mather, unpublished data). Tick photographs were examined against the TERC pictorial chart displaying different species at half‐day fed intervals and the closest estimated feeding window was assigned. Feeding duration of tick species that did not have a representative image was compared to the life stage of the other validated tick species and a 24‐h feeding window was estimated. A tailored email response was sent to the participant with species identification confirmation and a riskiness assessment based on the tick/stage‐specific diseases and tick infection estimates of those diseases derived from published studies if available for the region where the tick was encountered. Information also was provided in the email on how to prevent future tick encounters and attachments by conducting regular tick checks, using permethrin repellent and various tick ‘knock‐down’ pet products (i.e., products where ticks are not only repelled but by which are also quickly immobilized and killed), and resources to submit ticks for testing should concern exist regarding infection. The collection survey was approved and overseen by the University of Rhode Island Institutional Review Board (# HU1819‐092).</text></passage><passage><infon key="section_type">METHODS</infon><infon key="type">title_2</infon><offset>12934</offset><text>Statistics</text></passage><passage><infon key="section_type">METHODS</infon><infon key="type">paragraph</infon><offset>12945</offset><text>We calculated basic descriptive statistics and proportions to understand the relative contributions of different tick species and feeding times to the overall submission of ticks from companion animals. To determine whether there were significant differences in duration of attachment (based on an engorgement index) among tick species, we compared estimated days of attachment using a Kruskal–Wallis one‐way analysis of variance due to unequal variances and non‐normal distribution of the tick feeding times (Shapiro–Wilk Normality Test for Engorgement (Days): p‐value = &lt; 0.001, and Bartlett's test for homogeneity of variances for factor Species: p‐value = &lt; 0.001). Post‐hoc pairwise analysis using the Dwass—Steel–Crichtlow–Fligner method and adjusted p‐values was subsequently conducted to identify differences between species. We also performed a Pearson's chi‐square analysis of variance on the number of tick submissions by host type submitted for each season (spring, summer, fall winter). Effect sizes to understand the magnitude of the significant differences for both of these analyses were calculated (epsilon‐squared and Cramer's V, respectively) and listed along with significant p‐values and confidence intervals (Rea &amp; Parker).</text></passage><passage><infon key="section_type">RESULTS</infon><infon key="type">title_1</infon><offset>14225</offset><text>RESULTS</text></passage><passage><infon key="section_type">RESULTS</infon><infon key="type">paragraph</infon><offset>14233</offset><text>From January 1, 2014 to December 31st, 2018 TickSpotters received 31,684 photo submissions from throughout the United States and several other countries. Of those reported from the United States (n = 29,528), 17.3% (n = 5,132) of submissions were specimens removed from domestic animals stated or assumed to be pets, while 72.4% (n = 21,366) were reportedly found on human hosts (Kopsco et al.,), and 10.3% (n = 3,030) were found unattached to a host (i.e., loose and wandering). Over 70% of the specimens reported from pets came from Northeastern (Maine, New Hampshire, Vermont, Massachusetts, Rhode Island), Mid‐Atlantic (Connecticut, Delaware, District of Columbia, Maryland, New York, New Jersey, Pennsylvania, Virginia) and midwestern (Illinois, Indiana, Iowa, Kansas, Michigan, Minnesota, Missouri, Nebraska, North Dakota, Ohio, South Dakota, Wisconsin) states, with less than 20% of submissions coming from each of the other regions of the country (Table 1). Roughly half (53.5%) of submissions came from states considered endemic for Lyme disease (CT, DE, MA, MD, ME, MN, NH, NJ, NY, PA, RI, VA, VT, WI) (i.e., the 14 states reporting 95% of human Lyme disease cases as of 2015) (CDC 2020; Diuk‐Wasser et al.,; Schwartz et al.,) (Table 1). Reports were of specimens largely found on pet dogs (45.7%), however, nearly half of submissions did not specify either dog or cat because this information was not split when collected by the submission form until the end of 2017. Participants noted when ticks were found on an animal that was neither a dog nor a cat, for example, a companion horse, or in the case of wildlife encountered in a wildlife clinic setting.</text></passage><passage><infon key="file">vms3586-tbl-0001.xml</infon><infon key="id">vms3586-tbl-0001</infon><infon key="section_type">TABLE</infon><infon key="type">table_caption</infon><offset>15918</offset><text>Distribution of confirmed TickSpotters submissions from pets, 2014 to 2018 (n = 5132)</text></passage><passage><infon key="file">vms3586-tbl-0001.xml</infon><infon key="id">vms3586-tbl-0001</infon><infon key="section_type">TABLE</infon><infon key="type">table</infon><infon key="xml">&lt;?xml version=&quot;1.0&quot; encoding=&quot;UTF-8&quot;?&gt;
&lt;table frame=&quot;hsides&quot; rules=&quot;groups&quot;&gt;&lt;col align=&quot;left&quot; span=&quot;1&quot;/&gt;&lt;col align=&quot;left&quot; span=&quot;1&quot;/&gt;&lt;thead&gt;&lt;tr style=&quot;border-bottom:solid 1px #000000&quot;&gt;&lt;th align=&quot;left&quot; rowspan=&quot;1&quot; colspan=&quot;1&quot;&gt;Animal type&lt;xref rid=&quot;vms3586-tbl1-note-0001&quot; ref-type=&quot;table-fn&quot;&gt;*&lt;/xref&gt;
&lt;/th&gt;&lt;th align=&quot;left&quot; rowspan=&quot;1&quot; colspan=&quot;1&quot;&gt;n = 5132 (%)&lt;/th&gt;&lt;/tr&gt;&lt;/thead&gt;&lt;tbody&gt;&lt;tr&gt;&lt;td align=&quot;left&quot; rowspan=&quot;1&quot; colspan=&quot;1&quot;&gt;Dog&lt;/td&gt;&lt;td align=&quot;left&quot; rowspan=&quot;1&quot; colspan=&quot;1&quot;&gt;2345 (45.7)&lt;/td&gt;&lt;/tr&gt;&lt;tr&gt;&lt;td align=&quot;left&quot; rowspan=&quot;1&quot; colspan=&quot;1&quot;&gt;Cat&lt;/td&gt;&lt;td align=&quot;left&quot; rowspan=&quot;1&quot; colspan=&quot;1&quot;&gt;204 (4.0)&lt;/td&gt;&lt;/tr&gt;&lt;tr&gt;&lt;td align=&quot;left&quot; rowspan=&quot;1&quot; colspan=&quot;1&quot;&gt;Either dog or cat&lt;xref rid=&quot;vms3586-tbl1-note-0003&quot; ref-type=&quot;table-fn&quot;&gt;**&lt;/xref&gt;
&lt;/td&gt;&lt;td align=&quot;left&quot; rowspan=&quot;1&quot; colspan=&quot;1&quot;&gt;2541 (49.5)&lt;/td&gt;&lt;/tr&gt;&lt;/tbody&gt;&lt;/table&gt;
</infon><offset>16006</offset><text>Species	n = 5132 (%)	 	Blacklegged tick (Ixodes scapularis)	2044 (39.8)	 	American dog tick (Dermacentor variabilis)	1625 (31.6)	 	Lone star tick (Amblyomma americanum)	400 (7.8)	 	Brown dog tick (Rhipicephalus sanguineus sensu lato)	263 (5.1)	 	Western‐blacklegged tick (Ixodes pacificus)	230 (4.5)	 	Unknown tick species	207 (4.0)	 	Rocky Mountain wood tick (Dermacentor andersoni)	148 (2.9)	 	Gulf coast tick (Amblyomma maculatum)	65 (1.3)	 	Not a tick	59 (1.1)	 	Pacific coast tick (Dermacentor occidentalis)	53 (1.0)	 	Ixodes angustus	15 (0.3)	 	Rabbit tick (Haemaphysalis leporispalustris)	7 (0.1)	 	Winter tick (Dermacentor albipictus)	4 (0.07)	 	Soft tick (Argasidae sp.)	3 (0.06)	 	East Asian longhorned tick (Haemaphysalis longicornis)	2 (0.04)	 	Spinose ear tick (Otobious megnini)	2 (0.04)	 	Woodchuck tick (Ixodes cookei)	2 (0.04)	 	Raccoon tick (Ixodes texanus)	1 (0.02)	 	Amblyomma spp.	1 (0.02)	 	Poultry tick (Argas persicus)	1 (0.02)	 	</text></passage><passage><infon key="file">vms3586-tbl-0001.xml</infon><infon key="id">vms3586-tbl-0001</infon><infon key="section_type">TABLE</infon><infon key="type">table</infon><infon key="xml">&lt;?xml version=&quot;1.0&quot; encoding=&quot;UTF-8&quot;?&gt;
&lt;table frame=&quot;hsides&quot; rules=&quot;groups&quot;&gt;&lt;col align=&quot;left&quot; span=&quot;1&quot;/&gt;&lt;col align=&quot;left&quot; span=&quot;1&quot;/&gt;&lt;thead&gt;&lt;tr style=&quot;border-bottom:solid 1px #000000&quot;&gt;&lt;th align=&quot;left&quot; rowspan=&quot;1&quot; colspan=&quot;1&quot;&gt;Animal type&lt;xref rid=&quot;vms3586-tbl1-note-0001&quot; ref-type=&quot;table-fn&quot;&gt;*&lt;/xref&gt;
&lt;/th&gt;&lt;th align=&quot;left&quot; rowspan=&quot;1&quot; colspan=&quot;1&quot;&gt;n = 5132 (%)&lt;/th&gt;&lt;/tr&gt;&lt;/thead&gt;&lt;tbody&gt;&lt;tr&gt;&lt;td align=&quot;left&quot; rowspan=&quot;1&quot; colspan=&quot;1&quot;&gt;Dog&lt;/td&gt;&lt;td align=&quot;left&quot; rowspan=&quot;1&quot; colspan=&quot;1&quot;&gt;2345 (45.7)&lt;/td&gt;&lt;/tr&gt;&lt;tr&gt;&lt;td align=&quot;left&quot; rowspan=&quot;1&quot; colspan=&quot;1&quot;&gt;Cat&lt;/td&gt;&lt;td align=&quot;left&quot; rowspan=&quot;1&quot; colspan=&quot;1&quot;&gt;204 (4.0)&lt;/td&gt;&lt;/tr&gt;&lt;tr&gt;&lt;td align=&quot;left&quot; rowspan=&quot;1&quot; colspan=&quot;1&quot;&gt;Either dog or cat&lt;xref rid=&quot;vms3586-tbl1-note-0003&quot; ref-type=&quot;table-fn&quot;&gt;**&lt;/xref&gt;
&lt;/td&gt;&lt;td align=&quot;left&quot; rowspan=&quot;1&quot; colspan=&quot;1&quot;&gt;2541 (49.5)&lt;/td&gt;&lt;/tr&gt;&lt;/tbody&gt;&lt;/table&gt;
</infon><offset>16965</offset><text>Life stage	n = 5132 (%)	 	Adult	4594 (89.5)	 	Nymph	207 (4.03)	 	Larva	52 (1.01)	 	Unknown	279 (5.43)	 	</text></passage><passage><infon key="file">vms3586-tbl-0001.xml</infon><infon key="id">vms3586-tbl-0001</infon><infon key="section_type">TABLE</infon><infon key="type">table</infon><infon key="xml">&lt;?xml version=&quot;1.0&quot; encoding=&quot;UTF-8&quot;?&gt;
&lt;table frame=&quot;hsides&quot; rules=&quot;groups&quot;&gt;&lt;col align=&quot;left&quot; span=&quot;1&quot;/&gt;&lt;col align=&quot;left&quot; span=&quot;1&quot;/&gt;&lt;thead&gt;&lt;tr style=&quot;border-bottom:solid 1px #000000&quot;&gt;&lt;th align=&quot;left&quot; rowspan=&quot;1&quot; colspan=&quot;1&quot;&gt;Animal type&lt;xref rid=&quot;vms3586-tbl1-note-0001&quot; ref-type=&quot;table-fn&quot;&gt;*&lt;/xref&gt;
&lt;/th&gt;&lt;th align=&quot;left&quot; rowspan=&quot;1&quot; colspan=&quot;1&quot;&gt;n = 5132 (%)&lt;/th&gt;&lt;/tr&gt;&lt;/thead&gt;&lt;tbody&gt;&lt;tr&gt;&lt;td align=&quot;left&quot; rowspan=&quot;1&quot; colspan=&quot;1&quot;&gt;Dog&lt;/td&gt;&lt;td align=&quot;left&quot; rowspan=&quot;1&quot; colspan=&quot;1&quot;&gt;2345 (45.7)&lt;/td&gt;&lt;/tr&gt;&lt;tr&gt;&lt;td align=&quot;left&quot; rowspan=&quot;1&quot; colspan=&quot;1&quot;&gt;Cat&lt;/td&gt;&lt;td align=&quot;left&quot; rowspan=&quot;1&quot; colspan=&quot;1&quot;&gt;204 (4.0)&lt;/td&gt;&lt;/tr&gt;&lt;tr&gt;&lt;td align=&quot;left&quot; rowspan=&quot;1&quot; colspan=&quot;1&quot;&gt;Either dog or cat&lt;xref rid=&quot;vms3586-tbl1-note-0003&quot; ref-type=&quot;table-fn&quot;&gt;**&lt;/xref&gt;
&lt;/td&gt;&lt;td align=&quot;left&quot; rowspan=&quot;1&quot; colspan=&quot;1&quot;&gt;2541 (49.5)&lt;/td&gt;&lt;/tr&gt;&lt;/tbody&gt;&lt;/table&gt;
</infon><offset>17072</offset><text>Tick engorgement estimate	n = 5033 (%)	 	Less than one day	1781 (35.4)	 	1‐2 days	698 (13.9)	 	2.5‐3.5 days	1065 (21.2)	 	4‐5 days	1194 (23.7)	 	5.5‐7.5	276 (5.5)	 	 &gt;7.5 days	19 (0.38)	 	</text></passage><passage><infon key="file">vms3586-tbl-0001.xml</infon><infon key="id">vms3586-tbl-0001</infon><infon key="section_type">TABLE</infon><infon key="type">table</infon><infon key="xml">&lt;?xml version=&quot;1.0&quot; encoding=&quot;UTF-8&quot;?&gt;
&lt;table frame=&quot;hsides&quot; rules=&quot;groups&quot;&gt;&lt;col align=&quot;left&quot; span=&quot;1&quot;/&gt;&lt;col align=&quot;left&quot; span=&quot;1&quot;/&gt;&lt;thead&gt;&lt;tr style=&quot;border-bottom:solid 1px #000000&quot;&gt;&lt;th align=&quot;left&quot; rowspan=&quot;1&quot; colspan=&quot;1&quot;&gt;Animal type&lt;xref rid=&quot;vms3586-tbl1-note-0001&quot; ref-type=&quot;table-fn&quot;&gt;*&lt;/xref&gt;
&lt;/th&gt;&lt;th align=&quot;left&quot; rowspan=&quot;1&quot; colspan=&quot;1&quot;&gt;n = 5132 (%)&lt;/th&gt;&lt;/tr&gt;&lt;/thead&gt;&lt;tbody&gt;&lt;tr&gt;&lt;td align=&quot;left&quot; rowspan=&quot;1&quot; colspan=&quot;1&quot;&gt;Dog&lt;/td&gt;&lt;td align=&quot;left&quot; rowspan=&quot;1&quot; colspan=&quot;1&quot;&gt;2345 (45.7)&lt;/td&gt;&lt;/tr&gt;&lt;tr&gt;&lt;td align=&quot;left&quot; rowspan=&quot;1&quot; colspan=&quot;1&quot;&gt;Cat&lt;/td&gt;&lt;td align=&quot;left&quot; rowspan=&quot;1&quot; colspan=&quot;1&quot;&gt;204 (4.0)&lt;/td&gt;&lt;/tr&gt;&lt;tr&gt;&lt;td align=&quot;left&quot; rowspan=&quot;1&quot; colspan=&quot;1&quot;&gt;Either dog or cat&lt;xref rid=&quot;vms3586-tbl1-note-0003&quot; ref-type=&quot;table-fn&quot;&gt;**&lt;/xref&gt;
&lt;/td&gt;&lt;td align=&quot;left&quot; rowspan=&quot;1&quot; colspan=&quot;1&quot;&gt;2541 (49.5)&lt;/td&gt;&lt;/tr&gt;&lt;/tbody&gt;&lt;/table&gt;
</infon><offset>17272</offset><text> Region	n = 5132 (%)	 	New England (CT, ME, MA, NH, RI, VT)	945 (18.4)	 	Middle Atlantic (NJ, NY, PA)	1190 (23.2)	 	South Atlantic (DC, DE, FL, GA, MD, NC, SC, VA, WV)	559 (10.9)	 	East South Central (AL, KY, MS, TN)	162 (3.2)	 	West South Central (AR, LA, OK, TX)	222 (4.4)	 	East North Central (IL, IN, MI, OH, WI)	953 (18.6)	 	West North Central (IA, KS, MN, MO, ND, NE, SD)	196 (3.8)	 	Mountain (AZ, CO, ID, MT, NM, NV, UT, WY)	235 (4.6)	 	Pacific (AK, CA, HI, OR, WA)	670 (12.9)	 	</text></passage><passage><infon key="file">vms3586-tbl-0001.xml</infon><infon key="id">vms3586-tbl-0001</infon><infon key="section_type">TABLE</infon><infon key="type">table</infon><infon key="xml">&lt;?xml version=&quot;1.0&quot; encoding=&quot;UTF-8&quot;?&gt;
&lt;table frame=&quot;hsides&quot; rules=&quot;groups&quot;&gt;&lt;col align=&quot;left&quot; span=&quot;1&quot;/&gt;&lt;col align=&quot;left&quot; span=&quot;1&quot;/&gt;&lt;thead&gt;&lt;tr style=&quot;border-bottom:solid 1px #000000&quot;&gt;&lt;th align=&quot;left&quot; rowspan=&quot;1&quot; colspan=&quot;1&quot;&gt;Animal type&lt;xref rid=&quot;vms3586-tbl1-note-0001&quot; ref-type=&quot;table-fn&quot;&gt;*&lt;/xref&gt;
&lt;/th&gt;&lt;th align=&quot;left&quot; rowspan=&quot;1&quot; colspan=&quot;1&quot;&gt;n = 5132 (%)&lt;/th&gt;&lt;/tr&gt;&lt;/thead&gt;&lt;tbody&gt;&lt;tr&gt;&lt;td align=&quot;left&quot; rowspan=&quot;1&quot; colspan=&quot;1&quot;&gt;Dog&lt;/td&gt;&lt;td align=&quot;left&quot; rowspan=&quot;1&quot; colspan=&quot;1&quot;&gt;2345 (45.7)&lt;/td&gt;&lt;/tr&gt;&lt;tr&gt;&lt;td align=&quot;left&quot; rowspan=&quot;1&quot; colspan=&quot;1&quot;&gt;Cat&lt;/td&gt;&lt;td align=&quot;left&quot; rowspan=&quot;1&quot; colspan=&quot;1&quot;&gt;204 (4.0)&lt;/td&gt;&lt;/tr&gt;&lt;tr&gt;&lt;td align=&quot;left&quot; rowspan=&quot;1&quot; colspan=&quot;1&quot;&gt;Either dog or cat&lt;xref rid=&quot;vms3586-tbl1-note-0003&quot; ref-type=&quot;table-fn&quot;&gt;**&lt;/xref&gt;
&lt;/td&gt;&lt;td align=&quot;left&quot; rowspan=&quot;1&quot; colspan=&quot;1&quot;&gt;2541 (49.5)&lt;/td&gt;&lt;/tr&gt;&lt;/tbody&gt;&lt;/table&gt;
</infon><offset>17762</offset><text>Lyme endemicity	n = 5132 (%)	 	Endemic states (CT, DE, MA, MD, ME, MN, NH, NJ, NY, PA, RI, VA, VT, WI)	2746 (53.5)	 	Non‐endemic states	2386 (46.5)	 	</text></passage><passage><infon key="file">vms3586-tbl-0001.xml</infon><infon key="id">vms3586-tbl-0001</infon><infon key="section_type">TABLE</infon><infon key="type">table</infon><infon key="xml">&lt;?xml version=&quot;1.0&quot; encoding=&quot;UTF-8&quot;?&gt;
&lt;table frame=&quot;hsides&quot; rules=&quot;groups&quot;&gt;&lt;col align=&quot;left&quot; span=&quot;1&quot;/&gt;&lt;col align=&quot;left&quot; span=&quot;1&quot;/&gt;&lt;thead&gt;&lt;tr style=&quot;border-bottom:solid 1px #000000&quot;&gt;&lt;th align=&quot;left&quot; rowspan=&quot;1&quot; colspan=&quot;1&quot;&gt;Animal type&lt;xref rid=&quot;vms3586-tbl1-note-0001&quot; ref-type=&quot;table-fn&quot;&gt;*&lt;/xref&gt;
&lt;/th&gt;&lt;th align=&quot;left&quot; rowspan=&quot;1&quot; colspan=&quot;1&quot;&gt;n = 5132 (%)&lt;/th&gt;&lt;/tr&gt;&lt;/thead&gt;&lt;tbody&gt;&lt;tr&gt;&lt;td align=&quot;left&quot; rowspan=&quot;1&quot; colspan=&quot;1&quot;&gt;Dog&lt;/td&gt;&lt;td align=&quot;left&quot; rowspan=&quot;1&quot; colspan=&quot;1&quot;&gt;2345 (45.7)&lt;/td&gt;&lt;/tr&gt;&lt;tr&gt;&lt;td align=&quot;left&quot; rowspan=&quot;1&quot; colspan=&quot;1&quot;&gt;Cat&lt;/td&gt;&lt;td align=&quot;left&quot; rowspan=&quot;1&quot; colspan=&quot;1&quot;&gt;204 (4.0)&lt;/td&gt;&lt;/tr&gt;&lt;tr&gt;&lt;td align=&quot;left&quot; rowspan=&quot;1&quot; colspan=&quot;1&quot;&gt;Either dog or cat&lt;xref rid=&quot;vms3586-tbl1-note-0003&quot; ref-type=&quot;table-fn&quot;&gt;**&lt;/xref&gt;
&lt;/td&gt;&lt;td align=&quot;left&quot; rowspan=&quot;1&quot; colspan=&quot;1&quot;&gt;2541 (49.5)&lt;/td&gt;&lt;/tr&gt;&lt;/tbody&gt;&lt;/table&gt;
</infon><offset>17917</offset><text>Animal type*	n = 5132 (%)	 	Dog	2345 (45.7)	 	Cat	204 (4.0)	 	Either dog or cat**	2541 (49.5)	 	</text></passage><passage><infon key="file">vms3586-tbl-0001.xml</infon><infon key="id">vms3586-tbl-0001</infon><infon key="section_type">TABLE</infon><infon key="type">table_footnote</infon><offset>18016</offset><text>Engorgement estimates were determined by comparison to a tick engorgement gauge based on the scutal index. Lyme endemic states include CT, DE, MA, MD, ME, MN, NH, NJ, NY, PA, RI, VA, VT, WI (Bacon et al.,; Diuk‐Wasser et al.,; CDC 2020). States are grouped into regions according to the US Census Bureau and Hook et al.,. Proportions and totals for tick engorgement are based on the total number of ticks submitted (i.e., minus the ‘Not ticks’ and unknown tick species for which a duration of attachment could not be made).</text></passage><passage><infon key="file">vms3586-tbl-0001.xml</infon><infon key="id">vms3586-tbl-0001</infon><infon key="section_type">TABLE</infon><infon key="type">table_footnote</infon><offset>18549</offset><text>A total of 42 (0.8%) submissions were ticks from family livestock companions (e.g., horses) or patients at wildlife clinics.</text></passage><passage><infon key="file">vms3586-tbl-0001.xml</infon><infon key="id">vms3586-tbl-0001</infon><infon key="section_type">TABLE</infon><infon key="type">table_footnote</infon><offset>18674</offset><text>Dogs and cats recorded separately beginning in 2017.</text></passage><passage><infon key="section_type">RESULTS</infon><infon key="type">paragraph</infon><offset>18727</offset><text>The four most commonly encountered tick species by pets were blacklegged ticks (I. scapularis) (40.5%), followed by American dog ticks (D. variabilis) (28.2%), lone star ticks (A. americanum) (8.2%) and brown dog ticks (Rhipicephalus sanguineus sensu lato) (6.5%). Adult stage ticks comprised 90.8% of the submitted tick photographs for pets, and while 35.4% of tick photos submitted showed ticks that had been attached to pets for less than 1 day, more than 50% of ticks were attached for approximately 2.5 days or longer (Table 1). The median engorgement of ticks fed on pets was 2.5 days (standard deviation = 2.11, range 1‐9 days), while the median engorgement of ticks reported from humans was 1 day (standard deviation = 1.39, range 1‐8 days), and those found unattached (either unfed or fed to repletion and detached) also fed for a median of 1 day (standard deviation = 2.29, range = 1‐9 days) (Figure 1). There was a significant difference in tick feeding duration among host type (person, pet, unattached) (χ 2 = 4486.2, p &lt; 0.001), and a large effect size (Cramer's V = 0.28, CI [0.27, 0.29] (Figure 1) (Rea &amp; Parker). All tick feeding duration time categories displayed significantly different (p &lt; 0.001 or 0.01) proportions of hosts with ticks of that engorgement. Feeding duration estimated at the 5.5 day feeding window was not statistically significant because we only received one tick submission that was estimated to be attached for 5.5 days on a human, and at the 9‐day estimated time because we received only two ticks estimated at approximately 9 days each (one on a pet and one was found on the floor after detaching from an unknown host) (Figure 1).</text></passage><passage><infon key="file">VMS3-7-2198-g004.jpg</infon><infon key="id">vms3586-fig-0001</infon><infon key="section_type">FIG</infon><infon key="type">fig_caption</infon><offset>20432</offset><text>Comparison of estimated tick feeding time (days) on companion animals versus those found on humans or found unattached for ticks reported to the TickSpotters Program from 2014 to 2018. Tick feeding time was assessed by comparison to a pictorial tick engorgement chart based on the scutal index. Median engorgement for human‐encountered ticks (n = 20,710) was 1 day‐fed (SD = 1.39, SE = 0.01, range = 0‐8 days). Median attachment for pet‐encountered ticks (n = 5033) was 2.5‐days‐fed (SD = 2.11, SE = 0.01, range = 0‐9 days). Median engorgement for unattached ticks (unfed or replete) (n = 1880) was 0 days‐fed (SD = 2.29, SE = 0.05, range = 0–9 days). *** p &lt; 0.001. ** p &lt; 0.01. ns = Not significant</text></passage><passage><infon key="section_type">RESULTS</infon><infon key="type">paragraph</infon><offset>21182</offset><text>Of the five most commonly submitted tick species, blacklegged ticks (both I. scapularis and Ixodes pacificus) displayed the highest median attachment duration at the time they were detected on pets based on their engorgement index (3 days), followed by brown dog ticks (2.5 days), lone star ticks (2 days) and American dog ticks (&lt;1 day). There was a highly significant difference among these five species (χ 2 = 546.91, p &lt; 0.001) in their attachment duration, but the effect size, or practical magnitude of this difference was only moderate (ε 2 = 0.12, CI [0.10‐0.14]) (Figure 2) (Rea &amp; Parker). Post‐hoc pairwise comparisons showed highly significant (p &lt; 0.001) differences between attachment durations at detection for each of these tick species when feeding on pets (Figure 2).</text></passage><passage><infon key="file">VMS3-7-2198-g002.jpg</infon><infon key="id">vms3586-fig-0002</infon><infon key="section_type">FIG</infon><infon key="type">fig_caption</infon><offset>21984</offset><text>Violin boxplot displaying engorgement at detection (days) of the five most commonly reported tick species found on pets that were submitted to TickSpotters from 2014 to 2018. Feeding times were estimated by comparison to a pictorial tick engorgement chart created by TERC that removed feeding ticks from hosts at half day intervals, and was based on the scutal index. The horizontal bar within the box represents the median engorgement for each species. The dots represent the mean engorgement. Kruskal–Wallis nonparametric analysis of variance tested statistical difference among the species engorgement distributions. Effect size is denoted by episilon2. Post‐hoc pairwise comparisons were conducted using the Dwass‐Steel‐Crichtlow‐Fligner method and (Holm) adjusted p‐values for statistically significant distributions are noted between species whose overall submissions were statistically different in engorgement</text></passage><passage><infon key="section_type">RESULTS</infon><infon key="type">paragraph</infon><offset>22914</offset><text>The proportion of ticks submitted from pets was significantly different from those found on humans and from tick found unattached in each season (p &lt; 0.001), as well as across seasons (p &lt; 0.001 (Figure 3). In the spring (March‐May) and summer (June‐August), ticks reported on pets constituted only 16 and 12% of all submissions, respectively, but rose to 29% of all submissions in the fall (September‐November) and 34% of all submissions in the winter months (December‐February) (Figure 3). The proportion of submissions reporting unattached specimens remained relatively constant across months (between 9 and 12% of all submissions) (Figure 3).</text></passage><passage><infon key="file">VMS3-7-2198-g001.jpg</infon><infon key="id">vms3586-fig-0003</infon><infon key="section_type">FIG</infon><infon key="type">fig_caption</infon><offset>23576</offset><text>Comparison of seasonal tick encounter submissions by host (i.e., on whom or how the tick was found) out of the total United States submissions (no pet tick encounters were submitted from other countries) using Pearson's chi‐square analysis. Effect size is denoted by Cramer's V. ***p &lt; 0.001</text></passage><passage><infon key="section_type">DISCUSS</infon><infon key="type">title_1</infon><offset>23872</offset><text>DISCUSSION</text></passage><passage><infon key="section_type">DISCUSS</infon><infon key="type">paragraph</infon><offset>23883</offset><text>We described 5132 domestic companion animal tick encounters reported to a photograph‐based passive tick surveillance system during a 4‐year period. Overall, we found that this group of domestic animals encounters commonly occurring tick species that present a potential disease risk, and also pose a threat to the humans with whom they share a household (Jones et al.,). Blacklegged ticks (I. scapularis) were the most frequently reported species encountered by companion animals, and the species demonstrating the highest median feeding duration rate of the five most commonly encountered ticks. It is well documented that risk for transmission of tick‐borne pathogens increases with longer duration of tick feeding (des Vignes et al.,; Dolan et al.,; Eisen; Kidd &amp; Breitschwerdt; Piesman et al.,; Sood et al.,). The proportion of ticks reported from pets was more than double in the fall and winter months (Figure 3) indicating that there remains a general lack of awareness that colder months still pose a risk for tick encounters. These findings echo similar results from other investigations into ticks reported from pets (Saleh et al.,). Taken together, these observations are troubling due to the numerous diseases that I. scapularis can vector and transmit to both pets and humans. A recent survey of pet owners found that people whose pets had a tick encounter within the past 6 months were more likely to encounter a tick themselves (de Wet et al.,). Opportunities exist to increase awareness on this point among pet owners through education by both veterinarians and public health agencies promoting a One Health focus to tick‐borne disease prevention. We propose below several targeted areas for educational intervention that can potentially address our findings and help protect pet and human health.</text></passage><passage><infon key="section_type">DISCUSS</infon><infon key="type">paragraph</infon><offset>25713</offset><text>It is imperative that the public have knowledge of seasonal tick activity in their locale (Dryden &amp; Payne). Misconceptions regarding which ticks are capable of transmitting which diseases is pervasive (Halperin et al.,) and can lead to both undiagnosed disease cases, and falsely believing that one is infected. In particular, Lyme disease is often surrounded in controversy and confusion (Auwaerter et al.,). Awareness that I. scapularis and I. pacificus ticks potentially carrying the Lyme disease agent are still active in the fall and winter would help support year‐round tick prevention in areas where these ticks occur (Dryden &amp; Payne). Our findings emphasize the importance of more broadly publicizing these ticks’ seasonal activity. We recommend that this information be disseminated before and during the fall tick season via veterinary clinics, mass media and through public health social media pages.</text></passage><passage><infon key="section_type">DISCUSS</infon><infon key="type">paragraph</infon><offset>26631</offset><text>Tick checks on pets are important for detecting and removing loose and wandering ticks before attachment, and early on in the feeding process due to transmission delays for pathogens (Dolan et al.,; Eisen; Kidd &amp; Breitschwerdt; Piesman et al.,; Sood et al.,). Pet checks should be conducted routinely, both immediately after outdoor activity and during regular intervals after the pet has come indoors, to catch any ticks that may have been missed in previous checks. Common areas for tick attachment include the head and ears, back, axillary, inguinal, feet and tail/perianal regions (Little et al., 2019; Saleh et al.,), and these ticks should be removed as soon as they are found using fine‐tipped tweezers (Jones et al.,). While it may be that the higher proportion of ‘found’ ticks on pets than humans during fall and winter is related to fewer ticks successfully attaching to humans due to more clothing barriers, the longer duration of tick attachment on pets compared to humans is suggestive that pets are not being checked regularly or thoroughly enough, or that owners are less inclined to continue use of effective tick prevention products when they believe tick activity is lower.</text></passage><passage><infon key="section_type">DISCUSS</infon><infon key="type">paragraph</infon><offset>27836</offset><text>Effective industry‐tested products, including topical tick preventative (synthetic pyrethroid‐based formulations), systemic medications (isoxazolines) and vaccines (e.g., against Lyme disease‐causing bacterial species) are a necessary part of the tick‐borne disease prevention toolkit in pets (de la Fuente et al.,; Littman et al.,). Numerous topical products exist but often do not repel or kill all species of ticks, and many require a tick to attach in order to get a lethal dose of the pesticide. We first recommend products that repel and kill or immobilize ticks before attachment, but suggest veterinarians and public health professionals discuss with pet owners their concerns regarding pesticide usages and develop a solution that both placates fears regarding synthetic chemical usage and still keep pets protected (Isman &amp; Grieneisen; Johnson).</text></passage><passage><infon key="section_type">DISCUSS</infon><infon key="type">paragraph</infon><offset>28702</offset><text>Dog and cat owners should be aware that traveling with pets to areas with different tick species can potentially result in tick importation. Passive tick surveillance in the United Kingdom revealed that over the past 10 years, canine travel resulted in the introduction of ten new tick species from 15 different countries, including the importation of R. sanguineus from Cyprus and Spain (Abdullah et al.,; Hansford et al.,). TickSpotters surveillance has spotlighted known ‘hotspots’ of high R. sanguineus activity in the south‐western and south‐eastern US, suggesting that pets were not properly protected from tick activity while in these regions. Pet owners and veterinarians need to be mindful of travel to and from these areas so pets can be properly protected and avoid transporting ticks. Pets are capable of transporting the newly invasive Asian longhorned tick (Haemaphysalis longicornis) into new foci, as evidenced by dogs being a common host for this species throughout its realized range. Notably, the single occurrence of H. longicornis in Arkansas to date was from a dog (Beard et al.,). One confirmed TickSpotter report demonstrated pet transport of an adult female H. longicornis from New Jersey to Colorado. Movement of even a single engorged female on a pet could potentially establish a new population of H. longicornis since this tick currently reproduces parthenogenically in the United States (Chen et al.,; Rainey et al.,).</text></passage><passage><infon key="section_type">DISCUSS</infon><infon key="type">paragraph</infon><offset>30164</offset><text>Photograph‐based tick surveillance can provide a complementary strategy for broadly monitoring common tick species encounters with domestic companion animals, even on a national scale. In particular, this method can identify important gaps in pet owner behaviour and practices related to tick prevention, and inform and encourage users of the platform about best tick prevention practices through timely, tailored emailed responses. We, however, acknowledge several limitations to this method, including photographic identification of less commonly encountered tick species, precise estimation of tick attachment time and regional sampling bias. The method used to validate tick identification by photograph did not focus specifically on R. sanguineus (Kopsco et al.,), however, the characteristic shape of the palps and one‐host behaviour of this tick species, with active indoor infestations often reported by participants along with photographs, assisted in confirming identification of this tick. The vast majority of tick species submitted via photographs were identified as either I. scapularis or D. variabilis. In most cases where less commonly encountered ticks were suspected, we did not request that the participant submit an in‐hand specimen for identification unless the suspected tick seemed out of its expected geographical range or seasonal activity. One exception to this was for suspected H. longicornis due to its close similarity to Haemaphysalis leporispalustris and the currently standard procedure for confirming this tick by molecular diagnostics or submission to the USDA National Veterinary Services laboratory. Whenever a Haemaphysalis spp. tick photograph was submitted, we sent a prepaid envelope to the participant to mail us the specimen so that it could be confirmed by microscopic investigation, and then by molecular sequencing at the USDA National Veterinary Services Laboratory. The method used to estimate tick feeding duration based on the scutal index was only validated for three species and their life stages under laboratory conditions, so we were only able to provide a window of attachment estimates, instead of precise time points. Ticks feeding times can vary to some extent depending on various conditions, including temperature (Pollock et al.,) and host/tick infection status (Couret et al.,), but a 24‐h window of feeding time provides appropriate coverage of most tick‐borne pathogen transmission windows. However, this estimate may not be sufficient for properly identifying risk if a tick was subjected to interrupted feeding, and pathogen transmission time was expedited (Tahir et al.,). We recognize that the north‐eastern and mid‐Atlantic regions of the country were overrepresented in this sample, and therefore, these results cannot be extrapolated to all areas of the United States, and future work should strive to obtain a balanced proportion of submissions from all regions.</text></passage><passage><infon key="section_type">DISCUSS</infon><infon key="type">paragraph</infon><offset>33119</offset><text>In cases where there was a question about photograph quality, additional photographs were requested of both ventral and dorsal sides of the tick. Since the submission of samples was heavily skewed to the northeast and middle Atlantic regions of the United States, the description of which tick most frequently infests companion animals cannot be generalized to, and may not reflect the larger population of pet encounters. Additionally, many of the 3,030 ticks classified as loose and wandering in the TickSpotters surveillance system were fully engorged ticks that could have fallen off of a pet. Since we did not know for certain if there was a pet in the household in those cases, we still provided pet‐tailored prevention information. Ultimately, our investigation identified several important opportunities for prevention‐education to pet owners, and suggests the utility of this type of surveillance for companion animal tick encounters.</text></passage><passage><infon key="section_type">AUTH_CONT</infon><infon key="type">title_1</infon><offset>34067</offset><text>AUTHOR CONTRIBUTIONS</text></passage><passage><infon key="section_type">AUTH_CONT</infon><infon key="type">paragraph</infon><offset>34088</offset><text>Roland J. Duhaime: Data curation; resources; software; writing‐review &amp; editing. Thomas N. Mather: Conceptualization; data curation; funding acquisition; project administration; supervision; writing‐review &amp; editing.</text></passage><passage><infon key="section_type">COMP_INT</infon><infon key="type">title_1</infon><offset>34309</offset><text>CONFLICT OF INTEREST</text></passage><passage><infon key="section_type">COMP_INT</infon><infon key="type">paragraph</infon><offset>34330</offset><text>All authors declare that they have no conflict of interest.</text></passage><passage><infon key="section_type">COMP_INT</infon><infon key="type">title_1</infon><offset>34390</offset><text>ETHICAL STATEMENT</text></passage><passage><infon key="section_type">COMP_INT</infon><infon key="type">paragraph</infon><offset>34408</offset><text>The authors confirm that the ethical policies of the journal, as noted on the journal's author guidelines page, have been adhered to. Ethical approval was maintained through the University of Rhode Island's Institutional Review Board.</text></passage><passage><infon key="section_type">COMP_INT</infon><infon key="type">title_2</infon><offset>34643</offset><text>PEER REVIEW</text></passage><passage><infon key="section_type">COMP_INT</infon><infon key="type">paragraph</infon><offset>34655</offset><text>The peer review history for this article is available at https://publons.com/publon/10.1002/vms3.586 </text></passage><passage><infon key="section_type">SUPPL</infon><infon key="type">title_1</infon><offset>34757</offset><text>DATA AVAILABILITY STATEMENT</text></passage><passage><infon key="section_type">SUPPL</infon><infon key="type">paragraph</infon><offset>34785</offset><text>The data that support the findings of this study are available from the corresponding author upon reasonable request.</text></passage><passage><infon key="section_type">REF</infon><infon key="type">title</infon><offset>34905</offset><text>REFERENCES</text></passage><passage><infon key="fpage">391</infon><infon key="issue">1</infon><infon key="pub-id_pmid">27388169</infon><infon key="section_type">REF</infon><infon key="source">Parasites &amp; Vectors</infon><infon key="type">ref</infon><infon key="volume">9</infon><infon key="year">2016</infon><offset>34916</offset><text>Ticks infesting domestic dogs in the UK: A large‐scale surveillance programme</text></passage><passage><infon key="fpage">225</infon><infon key="issue">3</infon><infon key="pub-id_pmid">33807736</infon><infon key="section_type">REF</infon><infon key="source">Insects</infon><infon key="type">ref</infon><infon key="volume">12</infon><infon key="year">2021</infon><offset>34996</offset><text>Likely geographic distributional shifts among medically important tick species and tick‐associated diseases under climate change in North America: A review</text></passage><passage><infon key="fpage">267</infon><infon key="issue">1</infon><infon key="lpage">272</infon><infon key="section_type">REF</infon><infon key="source">Conservation Biology: The Journal of the Society for Conservation Biology</infon><infon key="type">ref</infon><infon key="volume">17</infon><infon key="year">2003</infon><offset>35154</offset><text>Effect of forest fragmentation on lyme disease risk</text></passage><passage><infon key="fpage">713</infon><infon key="issue">9</infon><infon key="lpage">719</infon><infon key="pub-id_pmid">21867956</infon><infon key="section_type">REF</infon><infon key="source">Lancet Infectious Diseases</infon><infon key="type">ref</infon><infon key="volume">11</infon><infon key="year">2011</infon><offset>35206</offset><text>Antiscience and ethical concerns associated with advocacy of Lyme disease</text></passage><passage><infon key="fpage">1</infon><infon key="issue">10</infon><infon key="lpage">9</infon><infon key="section_type">REF</infon><infon key="type">ref</infon><infon key="volume">57</infon><infon key="year">2008</infon><offset>35280</offset><text>Surveillance for Lyme disease–United States, 1992‐2006. Morbidity and Mortality Weekly Report</text></passage><passage><infon key="fpage">1310</infon><infon key="issue">47</infon><infon key="lpage">1313</infon><infon key="pub-id_pmid">30496158</infon><infon key="section_type">REF</infon><infon key="source">MMWR. Morbidity and Mortality Weekly Report</infon><infon key="type">ref</infon><infon key="volume">67</infon><infon key="year">2018</infon><offset>35378</offset><text>Multistate infestation with the exotic disease‐vector tick Haemaphysalis longicornis—United States, August 2017‐September 2018</text></passage><passage><infon key="fpage">138</infon><infon key="issue">1‐2</infon><infon key="lpage">148</infon><infon key="pub-id_pmid">19150176</infon><infon key="section_type">REF</infon><infon key="source">Veterinary Parasitology</infon><infon key="type">ref</infon><infon key="volume">160</infon><infon key="year">2009</infon><offset>35511</offset><text>Prevalence and geographic distribution of Dirofilaria immitis, Borrelia burgdorferi, Ehrlichia canis, and Anaplasma phagocytophilum in dogs in the United States: results of a national clinic‐based serologic survey</text></passage><passage><infon key="fpage">38</infon><infon key="issue">1</infon><infon key="lpage">46</infon><infon key="pub-id_pmid">19008966</infon><infon key="section_type">REF</infon><infon key="source">EcoHealth</infon><infon key="type">ref</infon><infon key="volume">2</infon><infon key="year">2005</infon><offset>35727</offset><text>Effect of climate change on lyme disease risk in North America</text></passage><passage><infon key="fpage">308</infon><infon key="lpage">314</infon><infon key="section_type">REF</infon><infon key="source">Infection, Genetics and Evolution: Journal of Molecular Epidemiology and Evolutionary Genetics in Infectious Diseases</infon><infon key="type">ref</infon><infon key="volume">21</infon><infon key="year">2014</infon><offset>35790</offset><text>Multiple lines of evidence on the genetic relatedness of the parthenogenetic and bisexual Haemaphysalis longicornis (Acari: Ixodidae)</text></passage><passage><infon key="fpage">294</infon><infon key="issue">4</infon><infon key="lpage">301</infon><infon key="pub-id_pmid">21777730</infon><infon key="section_type">REF</infon><infon key="source">Veterinary Parasitology</infon><infon key="type">ref</infon><infon key="volume">179</infon><infon key="year">2011</infon><offset>35924</offset><text>Tick‐borne infections in dogs—An emerging infectious threat</text></passage><passage><infon key="fpage">1055</infon><infon key="issue">4</infon><infon key="lpage">1060</infon><infon key="pub-id_pmid">28399208</infon><infon key="section_type">REF</infon><infon key="source">Journal of Medical Entomology</infon><infon key="type">ref</infon><infon key="volume">54</infon><infon key="year">2017</infon><offset>35988</offset><text>Acquisition of Borrelia burgdorferi infection by larval Ixodes scapularis (Acari: Ixodidae) associated with engorgement measures</text></passage><passage><infon key="fpage">35</infon><infon key="issue">1</infon><infon key="lpage">42</infon><infon key="section_type">REF</infon><infon key="source">American Journal of Tropical Medicine and Hygiene</infon><infon key="type">ref</infon><infon key="volume">94</infon><infon key="year">2016</infon><offset>36117</offset><text>Expanding range of amblyomma americanum and simultaneous changes in the epidemiology of spotted fever group rickettsiosis in the United States</text></passage><passage><infon key="fpage">26</infon><infon key="issue">1‐2</infon><infon key="lpage">29</infon><infon key="pub-id_pmid">25555312</infon><infon key="section_type">REF</infon><infon key="source">Veterinary Parasitology</infon><infon key="type">ref</infon><infon key="volume">208</infon><infon key="year">2015</infon><offset>36260</offset><text>Prospects for vaccination against the ticks of pets and the potential impact on pathogen transmission</text></passage><passage><infon key="fpage">876</infon><infon key="issue">8</infon><infon key="lpage">881</infon><infon key="pub-id_pmid">33112510</infon><infon key="section_type">REF</infon><infon key="source">Zoonoses and Public Health</infon><infon key="type">ref</infon><infon key="volume">67</infon><infon key="year">2020</infon><offset>36362</offset><text>Love the ones you're with: Characteristics and behaviour of Maryland pets and their owners in relation to tick encounters</text></passage><passage><infon key="fpage">773</infon><infon key="issue">5</infon><infon key="lpage">778</infon><infon key="section_type">REF</infon><infon key="source">Journal of Infectious Diseases</infon><infon key="type">ref</infon><infon key="volume">183</infon><infon key="year">2001</infon><offset>36484</offset><text>Effect of tick removal on transmission of Borrelia burgdorferi and Ehrlichia phagocytophila by Ixodes scapularis nymphs</text></passage><passage><infon key="fpage">320</infon><infon key="issue">2</infon><infon key="lpage">327</infon><infon key="pub-id_pmid">22302869</infon><infon key="section_type">REF</infon><infon key="source">The American Journal of Tropical Medicine and Hygiene</infon><infon key="type">ref</infon><infon key="volume">86</infon><infon key="year">2012</infon><offset>36604</offset><text>Human risk of infection with Borrelia burgdorferi, the Lyme disease agent, in eastern United States</text></passage><passage><infon key="fpage">1360</infon><infon key="issue">5</infon><infon key="lpage">1364</infon><infon key="pub-id_pmid">28874016</infon><infon key="section_type">REF</infon><infon key="source">Journal of Medical Entomology</infon><infon key="type">ref</infon><infon key="volume">54</infon><infon key="year">2017</infon><offset>36704</offset><text>Transmission of the Lyme disease spirochete Borrelia mayonii in relation to duration of attachment by nymphal Ixodes scapularis (Acari:Ixodidae)</text></passage><passage><infon key="fpage">139</infon><infon key="issue">2</infon><infon key="lpage">154</infon><infon key="pub-id_pmid">15468011</infon><infon key="section_type">REF</infon><infon key="source">Veterinary Therapeutics: Research in Applied Veterinary Medicine</infon><infon key="type">ref</infon><infon key="volume">5</infon><infon key="year">2004</infon><offset>36849</offset><text>Biology and control of ticks infesting dogs and cats in North America</text></passage><passage><infon key="fpage">1241</infon><infon key="lpage">1247</infon><infon key="pub-id_pmid">33615364</infon><infon key="section_type">REF</infon><infon key="source">Journal of Medical Entomology</infon><infon key="type">ref</infon><infon key="volume">58</infon><infon key="year">2021</infon><offset>36919</offset><text> Dermacentor variabilis is the predominant Dermacentor spp. (Acari: Ixodidae) feeding on dogs and cats throughout the United States</text></passage><passage><infon key="fpage">535</infon><infon key="issue">3</infon><infon key="lpage">542</infon><infon key="pub-id_pmid">29398603</infon><infon key="section_type">REF</infon><infon key="source">Ticks and Tick‐Borne Diseases</infon><infon key="type">ref</infon><infon key="volume">9</infon><infon key="year">2018</infon><offset>37051</offset><text>Pathogen transmission in relation to duration of attachment by Ixodes scapularis ticks</text></passage><passage><infon key="fpage">349</infon><infon key="issue">2</infon><infon key="lpage">386</infon><infon key="pub-id_pmid">26783367</infon><infon key="section_type">REF</infon><infon key="source">Journal of Medical Entomology</infon><infon key="type">ref</infon><infon key="volume">53</infon><infon key="year">2016</infon><offset>37138</offset><text>County‐scale distribution of Ixodes scapularis and Ixodes pacificus (Acari: Ixodidae) in the continental United States</text></passage><passage><infon key="fpage">1450</infon><infon key="issue">10</infon><infon key="lpage">1452</infon><infon key="pub-id_pmid">14627095</infon><infon key="section_type">REF</infon><infon key="source">Journal of the American Veterinary Medical Association</infon><infon key="type">ref</infon><infon key="volume">223</infon><infon key="year">2003</infon><offset>37259</offset><text>Implications of presumptive fatal Rocky Mountain spotted fever in two dogs and their owner</text></passage><passage><infon key="fpage">1410</infon><infon key="issue">6</infon><infon key="lpage">1411</infon><infon key="section_type">REF</infon><infon key="source">Journal of Infectious Diseases</infon><infon key="type">ref</infon><infon key="volume">158</infon><infon key="year">1988</infon><offset>37350</offset><text>Greater risk of Borrelia burgdorferi infection in dogs than in people</text></passage><passage><infon key="fpage">614</infon><infon key="issue">4</infon><infon key="lpage">616</infon><infon key="pub-id_pmid">29579163</infon><infon key="section_type">REF</infon><infon key="source">Clinical Infectious Diseases: An Official Publication of the Infectious Diseases Society of America</infon><infon key="type">ref</infon><infon key="volume">67</infon><infon key="year">2018</infon><offset>37420</offset><text>Assessment of duration of tick feeding by the scutal index reduces need for antibiotic prophylaxis after Ixodes scapularis tick bites</text></passage><passage><infon key="elocation-id">e14769</infon><infon key="issue">10</infon><infon key="pub-id_pmid">31651409</infon><infon key="section_type">REF</infon><infon key="source">JMIR mHealth and uHealth</infon><infon key="type">ref</infon><infon key="volume">7</infon><infon key="year">2019</infon><offset>37554</offset><text>Usability and feasibility of a smartphone app to assess human behavioral factors associated with tick exposure (The Tick App): Quantitative and qualitative study</text></passage><passage><infon key="fpage">1420</infon><infon key="lpage">1427</infon><infon key="pub-id_pmid">31120510</infon><infon key="section_type">REF</infon><infon key="source">Journal of Medical Entomology</infon><infon key="type">ref</infon><infon key="volume">56</infon><infon key="year">2019</infon><offset>37716</offset><text>Assessing effectiveness of recommended residential yard management measures against ticks</text></passage><passage><infon key="fpage">265</infon><infon key="issue">2</infon><infon key="lpage">278</infon><infon key="pub-id_pmid">19185193</infon><infon key="section_type">REF</infon><infon key="source">The Veterinary Clinics of North America. Small Animal Practice</infon><infon key="type">ref</infon><infon key="volume">39</infon><infon key="year">2009</infon><offset>37806</offset><text>Emerging tick‐borne diseases</text></passage><passage><infon key="fpage">11</infon><infon key="issue">1</infon><infon key="lpage">19</infon><infon key="pub-id_pmid">32986535</infon><infon key="section_type">REF</infon><infon key="source">Vector Borne and Zoonotic Diseases</infon><infon key="type">ref</infon><infon key="volume">21</infon><infon key="year">2021</infon><offset>37837</offset><text>Ixodes spp. from Dogs and Cats in the United States: Diversity, Seasonality, and Prevalence of Borrelia burgdorferi and Anaplasma phagocytophilum</text></passage><passage><infon key="fpage">36</infon><infon key="issue">2</infon><infon key="section_type">REF</infon><infon key="source">Insects</infon><infon key="type">ref</infon><infon key="volume">9</infon><infon key="year">2018</infon><offset>37983</offset><text>The influence of prescribed fire, habitat, and weather on Amblyomma americanum (Ixodida: Ixodidae) in West‐Central Illinois, USA</text></passage><passage><infon key="fpage">376</infon><infon key="issue">3</infon><infon key="lpage">381</infon><infon key="pub-id_pmid">10337111</infon><infon key="section_type">REF</infon><infon key="source">Journal of Medical Entomology</infon><infon key="type">ref</infon><infon key="volume">36</infon><infon key="year">1999</infon><offset>38114</offset><text>Influence of deer abundance on the abundance of questing adult Ixodes scapularis (Acari: Ixodidae)</text></passage><passage><infon key="fpage">303</infon><infon key="issue">1</infon><infon key="pub-id_pmid">27215214</infon><infon key="section_type">REF</infon><infon key="source">Parasites &amp; Vectors</infon><infon key="type">ref</infon><infon key="volume">9</infon><infon key="year">2016</infon><offset>38213</offset><text>Use of big data in the surveillance of veterinary diseases: Early detection of tick paralysis in companion animals</text></passage><passage><infon key="fpage">289</infon><infon key="issue">3</infon><infon key="lpage">297</infon><infon key="pub-id_pmid">11927027</infon><infon key="section_type">REF</infon><infon key="source">Emerging Infectious Diseases</infon><infon key="type">ref</infon><infon key="volume">8</infon><infon key="year">2002</infon><offset>38328</offset><text>Predicting the risk of Lyme disease: Habitat suitability for Ixodes scapularis in the north central United States</text></passage><passage><infon key="fpage">546</infon><infon key="issue">5</infon><infon key="lpage">552</infon><infon key="section_type">REF</infon><infon key="source">American Journal of Tropical Medicine and Hygiene</infon><infon key="type">ref</infon><infon key="volume">65</infon><infon key="year">2001</infon><offset>38442</offset><text>Canine surveillance system for Lyme borreliosis in Wisconsin and northern Illinois: Geographic distribution and risk factor analysis</text></passage><passage><infon key="fpage">1319</infon><infon key="issue">10‐11</infon><infon key="lpage">1335</infon><infon key="section_type">REF</infon><infon key="source">Journal of Biogeography</infon><infon key="type">ref</infon><infon key="volume">29</infon><infon key="year">2002</infon><offset>38575</offset><text>Three hundred years of forest and land‐use change in Massachusetts, USA</text></passage><passage><infon key="fpage">264</infon><infon key="issue">3</infon><infon key="section_type">REF</infon><infon key="source">American Journal of Medicine</infon><infon key="type">ref</infon><infon key="volume">126</infon><infon key="year">2013</infon><offset>38649</offset><text>Common misconceptions about Lyme disease</text></passage><passage><infon key="fpage">107</infon><infon key="issue">4</infon><infon key="section_type">REF</infon><infon key="source">Veterinary Record</infon><infon key="type">ref</infon><infon key="volume">182</infon><infon key="year">2018</infon><offset>38690</offset><text>Potential risk posed by the importation of ticks into the UK on animals: records from the Tick Surveillance Scheme</text></passage><passage><infon key="fpage">483</infon><infon key="issue">4</infon><infon key="lpage">488</infon><infon key="pub-id_pmid">25887156</infon><infon key="section_type">REF</infon><infon key="source">Ticks and Tick‐Borne Diseases</infon><infon key="type">ref</infon><infon key="volume">6</infon><infon key="year">2015</infon><offset>38805</offset><text>U.S. public's experience with ticks and tick‐borne diseases: Results from national HealthStyles surveys</text></passage><passage><infon key="fpage">140</infon><infon key="issue">3</infon><infon key="lpage">145</infon><infon key="pub-id_pmid">24332226</infon><infon key="section_type">REF</infon><infon key="source">Trends in Plant Science</infon><infon key="type">ref</infon><infon key="volume">19</infon><infon key="year">2014</infon><offset>38911</offset><text>Botanical insecticide research: Many publications, limited useful data</text></passage><passage><infon key="fpage">137</infon><infon key="issue">2</infon><infon key="lpage">142</infon><infon key="section_type">REF</infon><infon key="source">Vectorborne and Zoonotic Diseases</infon><infon key="type">ref</infon><infon key="volume">4</infon><infon key="year">2004</infon><offset>38982</offset><text>Passive tick surveillance, dog seropositivity, and incidence of human Lyme disease</text></passage><passage><infon key="fpage">338</infon><infon key="issue">4</infon><infon key="lpage">376</infon><infon key="section_type">REF</infon><infon key="source">Science &amp; Technology Libraries</infon><infon key="type">ref</infon><infon key="volume">37</infon><infon key="year">2018</infon><offset>39065</offset><text>Complementary and alternative veterinary medicine: Where things stand for feline health</text></passage><passage><infon key="fpage">74</infon><infon key="issue">1</infon><infon key="lpage">79</infon><infon key="pub-id_pmid">28631423</infon><infon key="section_type">REF</infon><infon key="source">Zoonoses and Public Health</infon><infon key="type">ref</infon><infon key="volume">65</infon><infon key="year">2018</infon><offset>39153</offset><text>Pet ownership increases human risk of encountering ticks</text></passage><passage><infon key="fpage">47</infon><infon key="issue">1</infon><infon key="lpage">50</infon><infon key="pub-id_pmid">12093423</infon><infon key="section_type">REF</infon><infon key="source">American Journal of Preventive Medicine</infon><infon key="type">ref</infon><infon key="volume">23</infon><infon key="year">2002</infon><offset>39210</offset><text>Risk factors for tick exposure and suboptimal adherence to preventive recommendations</text></passage><passage><infon key="fpage">742</infon><infon key="issue">10</infon><infon key="lpage">751</infon><infon key="section_type">REF</infon><infon key="source">Compendium</infon><infon key="type">ref</infon><infon key="volume">25</infon><infon key="year">2003</infon><offset>39296</offset><text>Transmission times and prevention of tick‐borne diseases in dogs</text></passage><passage><infon key="fpage">877</infon><infon key="issue">7</infon><infon key="lpage">883</infon><infon key="pub-id_pmid">28345501</infon><infon key="section_type">REF</infon><infon key="source">Parasitology</infon><infon key="type">ref</infon><infon key="volume">144</infon><infon key="year">2017</infon><offset>39363</offset><text>Evaluating the submission of digital images as a method of surveillance for Ixodes scapularis ticks</text></passage><passage><infon key="fpage">837</infon><infon key="issue">2</infon><infon key="lpage">846</infon><infon key="pub-id_pmid">33146378</infon><infon key="section_type">REF</infon><infon key="source">Journal of Medical Entomology</infon><infon key="type">ref</infon><infon key="volume">58</infon><infon key="year">2021</infon><offset>39463</offset><text>Assessing public tick identification ability and tick bite riskiness using passive photograph‐based crowdsourced tick surveillance</text></passage><passage><infon key="fpage">1955</infon><infon key="issue">6</infon><infon key="lpage">1963</infon><infon key="pub-id_pmid">32812635</infon><infon key="section_type">REF</infon><infon key="source">Journal of Medical Entomology</infon><infon key="type">ref</infon><infon key="volume">57</infon><infon key="year">2020</infon><offset>39596</offset><text>Crowdsourced photographs as an effective method for large‐scale passive tick surveillance</text></passage><passage><infon key="section_type">REF</infon><infon key="type">ref</infon><infon key="year">2020</infon><offset>39688</offset><text>Centers for Disease Control and Prevention, National Center for Emerging and Zoonotic Infectious Diseases (NCEZID), Division of Vector‐Borne Diseases (DVBD)</text></passage><passage><infon key="fpage">1448</infon><infon key="issue">11</infon><infon key="lpage">1455</infon><infon key="pub-id_pmid">1951802</infon><infon key="section_type">REF</infon><infon key="source">American Journal of Public Health</infon><infon key="type">ref</infon><infon key="volume">81</infon><infon key="year">1991</infon><offset>39847</offset><text>Dogs as sentinels for Lyme disease in Massachusetts</text></passage><passage><infon key="fpage">15</infon><infon key="lpage">20</infon><infon key="pub-id_pmid">29907187</infon><infon key="section_type">REF</infon><infon key="source">Veterinary Parasitology</infon><infon key="type">ref</infon><infon key="volume">257</infon><infon key="year">2018</infon><offset>39899</offset><text>Ticks from cats in the United States: Patterns of infestation and infection with pathogens</text></passage><passage><infon key="fpage">257</infon><infon key="pub-id_pmid">24886589</infon><infon key="section_type">REF</infon><infon key="source">Parasites &amp; Vectors</infon><infon key="type">ref</infon><infon key="volume">7</infon><infon key="year">2014</infon><offset>39990</offset><text>Canine infection with Dirofilaria immitis, Borrelia burgdorferi, Anaplasma spp., and Ehrlichia spp. in the United States, 2010–2012</text></passage><passage><infon key="fpage">422</infon><infon key="issue">2</infon><infon key="lpage">434</infon><infon key="section_type">REF</infon><infon key="source">Journal of Veterinary Internal Medicine/American College of Veterinary Internal Medicine</infon><infon key="type">ref</infon><infon key="volume">20</infon><infon key="year">2018</infon><offset>40124</offset><text>ACVIM Small animal consensus statement on lyme disease in dogs: Diagnosis, treatment, and prevention</text></passage><passage><infon key="fpage">186</infon><infon key="lpage">188</infon><infon key="pub-id_pmid">7928571</infon><infon key="section_type">REF</infon><infon key="source">JAVMA</infon><infon key="type">ref</infon><infon key="volume">205</infon><infon key="year">1994</infon><offset>40225</offset><text>Competence of dogs as reservoirs for Lyme disease spirochetes (Borrelia burgdorferi)</text></passage><passage><infon key="fpage">69</infon><infon key="lpage">74</infon><infon key="section_type">REF</infon><infon key="source">Today Veterinary Practice</infon><infon key="type">ref</infon><infon key="volume">3</infon><infon key="year">2015</infon><offset>40310</offset><text>Feline tick‐borne diseases</text></passage><passage><infon key="elocation-id">e0199644</infon><infon key="issue">7</infon><infon key="pub-id_pmid">30001350</infon><infon key="section_type">REF</infon><infon key="source">PloS One</infon><infon key="type">ref</infon><infon key="volume">13</infon><infon key="year">2018</infon><offset>40339</offset><text>Using citizen science to describe the prevalence and distribution of tick bite and exposure to tick‐borne diseases in the United States</text></passage><passage><infon key="fpage">646</infon><infon key="issue">8</infon><infon key="lpage">656</infon><infon key="pub-id_pmid">27260548</infon><infon key="section_type">REF</infon><infon key="source">Trends in Parasitology</infon><infon key="type">ref</infon><infon key="volume">32</infon><infon key="year">2016</infon><offset>40477</offset><text>Effects of climate and climate change on vectors and vector‐borne diseases: Ticks are different</text></passage><passage><infon key="fpage">631</infon><infon key="issue">6</infon><infon key="lpage">638</infon><infon key="pub-id_pmid">24627295</infon><infon key="section_type">REF</infon><infon key="source">Environmental Health Perspectives</infon><infon key="type">ref</infon><infon key="volume">122</infon><infon key="year">2014</infon><offset>40575</offset><text>Estimated effects of projected climate change on the basic reproductive number of the Lyme disease vector Ixodes scapularis </text></passage><passage><infon key="elocation-id">20140051</infon><infon key="issue">1665</infon><infon key="pub-id_pmid">25688022</infon><infon key="section_type">REF</infon><infon key="source">Philosophical Transactions of the Royal Society of London. Series B, Biological Sciences</infon><infon key="type">ref</infon><infon key="volume">370</infon><infon key="year">2015</infon><offset>40700</offset><text>Climate change and Ixodes tick‐borne diseases of humans</text></passage><passage><infon key="fpage">557</infon><infon key="issue">3</infon><infon key="pub-id_pmid">3571459</infon><infon key="section_type">REF</infon><infon key="source">Journal of Clinical Microbiology</infon><infon key="type">ref</infon><infon key="volume">25</infon><infon key="year">1987</infon><offset>40758</offset><text>Duration of tick attachment and Borrelia burgdorferi transmission</text></passage><passage><infon key="fpage">299</infon><infon key="issue">2</infon><infon key="lpage">307</infon><infon key="pub-id_pmid">26188858</infon><infon key="section_type">REF</infon><infon key="source">Experimental &amp; Applied Acarology</infon><infon key="type">ref</infon><infon key="volume">67</infon><infon key="year">2015</infon><offset>40824</offset><text>Effects of temperature on feeding duration, success, and efficiency of larval western black‐legged ticks (Acari: Ixodidae) on western fence lizards</text></passage><passage><infon key="fpage">757</infon><infon key="lpage">759</infon><infon key="pub-id_pmid">29471482</infon><infon key="section_type">REF</infon><infon key="source">Journal of Medical Entomology</infon><infon key="type">ref</infon><infon key="volume">55</infon><infon key="year">2018</infon><offset>40974</offset><text>Discovery of Haemaphysalis longicornis (Ixodida: Ixodidae) parasitizing a sheep in New Jersey, United States</text></passage><passage><infon key="fpage">179</infon><infon key="issue">2</infon><infon key="lpage">184</infon><infon key="pub-id_pmid">12693846</infon><infon key="section_type">REF</infon><infon key="source">Journal of Medical Entomology</infon><infon key="type">ref</infon><infon key="volume">40</infon><infon key="year">2003</infon><offset>41083</offset><text>Deer density and the abundance of Ixodes scapularis (Acari: Ixodidae)</text></passage><passage><infon key="section_type">REF</infon><infon key="source">Designing and conducting survey research: a comprehensive guide</infon><infon key="type">ref</infon><infon key="year">1992</infon><offset>41153</offset></passage><passage><infon key="fpage">890</infon><infon key="lpage">896</infon><infon key="pub-id_pmid">20939386</infon><infon key="section_type">REF</infon><infon key="source">Journal of Medical Entomology</infon><infon key="type">ref</infon><infon key="volume">47</infon><infon key="year">2010</infon><offset>41154</offset><text>Confirmation of Amblyomma americanum (Acari: Ixodidae) as a vector for Cytauxzoon felis (Piroplasmorida: Theileriidae) to domestic cats</text></passage><passage><infon key="fpage">496</infon><infon key="issue">17</infon><infon key="lpage">501</infon><infon key="pub-id_pmid">29723166</infon><infon key="section_type">REF</infon><infon key="source">MMWR. Morbidity and Mortality Weekly Report</infon><infon key="type">ref</infon><infon key="volume">67</infon><infon key="year">2018</infon><offset>41290</offset><text> Vital signs: Trends in reported vectorborne disease cases—United States and Territories, 2004–2016</text></passage><passage><infon key="fpage">595</infon><infon key="issue">1</infon><infon key="pub-id_pmid">31856893</infon><infon key="section_type">REF</infon><infon key="source">Parasites &amp; Vectors</infon><infon key="type">ref</infon><infon key="volume">12</infon><infon key="year">2019</infon><offset>41394</offset><text>Show us your ticks: a survey of ticks infesting dogs and cats across the USA</text></passage><passage><infon key="elocation-id">e0134812</infon><infon key="issue">8</infon><infon key="pub-id_pmid">26288371</infon><infon key="section_type">REF</infon><infon key="source">PloS One</infon><infon key="type">ref</infon><infon key="volume">10</infon><infon key="year">2015</infon><offset>41471</offset><text>Disease risk &amp; landscape attributes of tick‐borne borrelia pathogens in the San Francisco Bay Area, California</text></passage><passage><infon key="fpage">358</infon><infon key="issue">14</infon><infon key="section_type">REF</infon><infon key="source">Veterinary Record</infon><infon key="type">ref</infon><infon key="volume">179</infon><infon key="year">2016</infon><offset>41584</offset><text>Canine babesiosis and tick activity monitored using companion animal electronic health records in the UK</text></passage><passage><infon key="fpage">1</infon><infon key="issue">22</infon><infon key="lpage">12</infon><infon key="section_type">REF</infon><infon key="source">Morbidity and Mortality Weekly Report. Surveillance Summaries</infon><infon key="type">ref</infon><infon key="volume">66</infon><infon key="year">2017</infon><offset>41689</offset><text>Surveillance for Lyme Disease—United States, 2008–2015</text></passage><passage><infon key="fpage">816</infon><infon key="issue">4</infon><infon key="lpage">820</infon><infon key="pub-id_pmid">28879619</infon><infon key="section_type">REF</infon><infon key="source">EcoHealth</infon><infon key="type">ref</infon><infon key="volume">14</infon><infon key="year">2017</infon><offset>41748</offset><text> Borrelia miyamotoi, Other vector‐borne agents in cat blood and ticks in Eastern Maryland</text></passage><passage><infon key="fpage">74</infon><infon key="issue">2</infon><infon key="lpage">80</infon><infon key="pub-id_pmid">11228013</infon><infon key="section_type">REF</infon><infon key="source">Trends in Parasitology</infon><infon key="type">ref</infon><infon key="volume">17</infon><infon key="year">2001</infon><offset>41840</offset><text>Tick‐borne infectious diseases of dogs</text></passage><passage><infon key="fpage">478</infon><infon key="issue">3</infon><infon key="section_type">REF</infon><infon key="source">International Journal of Environmental Research and Public Health</infon><infon key="type">ref</infon><infon key="volume">15</infon><infon key="year">2018</infon><offset>41881</offset><text>Range expansion of tick disease vectors in North America: Implications for spread of tick‐borne disease</text></passage><passage><infon key="fpage">996</infon><infon key="lpage">999</infon><infon key="section_type">REF</infon><infon key="source">Journal of Infectious Diseases</infon><infon key="type">ref</infon><infon key="volume">175</infon><infon key="year">1997</infon><offset>41987</offset><text>Duration of tick attachment as a predictor of the risk of Lyme disease in an area in which Lyme disease is endemic</text></passage><passage><infon key="fpage">342</infon><infon key="issue">2</infon><infon key="lpage">351</infon><infon key="pub-id_pmid">24724282</infon><infon key="section_type">REF</infon><infon key="source">Journal of Medical Entomology</infon><infon key="type">ref</infon><infon key="volume">51</infon><infon key="year">2014</infon><offset>42102</offset><text>Spatial distribution of counties in the continental United States with records of occurrence of Amblyomma americanum (Ixodida: Ixodidae)</text></passage><passage><infon key="fpage">910</infon><infon key="issue">6</infon><infon key="section_type">REF</infon><infon key="source">Microorganisms</infon><infon key="type">ref</infon><infon key="volume">8</infon><infon key="year">2020</infon><offset>42239</offset><text>Interrupted blood feeding in ticks: causes and consequences</text></passage><passage><infon key="fpage">394</infon><infon key="issue">4</infon><infon key="lpage">404</infon><infon key="pub-id_pmid">24419663</infon><infon key="section_type">REF</infon><infon key="source">EcoHealth</infon><infon key="type">ref</infon><infon key="volume">10</infon><infon key="year">2013</infon><offset>42299</offset><text>Effects of landscape fragmentation and climate on Lyme disease incidence in the northeastern United States</text></passage><passage><infon key="fpage">2020</infon><infon key="issue">10</infon><infon key="lpage">2029</infon><infon key="pub-id_pmid">28462753</infon><infon key="section_type">REF</infon><infon key="source">Epidemiology and Infection</infon><infon key="type">ref</infon><infon key="volume">145</infon><infon key="year">2017</infon><offset>42406</offset><text>The passive surveillance of ticks using companion animal electronic health records</text></passage><passage><infon key="elocation-id">100060</infon><infon key="section_type">REF</infon><infon key="source">Journal of Biomedical Informatics: X</infon><infon key="type">ref</infon><infon key="volume">4</infon><infon key="year">2019</infon><offset>42489</offset><text>Mapping tweets to a known disease epidemiology: A case study of Lyme disease in the United Kingdom and Republic of Ireland</text></passage><passage><infon key="fpage">275</infon><infon key="issue">3‐4</infon><infon key="lpage">279</infon><infon key="pub-id_pmid">22841496</infon><infon key="section_type">REF</infon><infon key="source">Preventive Veterinary Medicine</infon><infon key="type">ref</infon><infon key="volume">107</infon><infon key="year">2012</infon><offset>42612</offset><text>Dogs and horses with antibodies to outer‐surface protein C as on‐time sentinels for ticks infected with Borrelia burgdorferi in New York State in 2011</text></passage><passage><infon key="fpage">12</infon><infon key="issue">1</infon><infon key="section_type">REF</infon><infon key="source">Journal of Integrated Pest Management</infon><infon key="type">ref</infon><infon key="volume">9</infon><infon key="year">2018</infon><offset>42767</offset><text>Review: Application of tick control technologies for blacklegged, lone star, and american dog ticks</text></passage><passage><infon key="fpage">520</infon><infon key="issue">8</infon><infon key="lpage">527</infon><infon key="pub-id_pmid">27248292</infon><infon key="section_type">REF</infon><infon key="source">Vector‐Borne and Zoonotic Diseases</infon><infon key="type">ref</infon><infon key="volume">16</infon><infon key="year">2016</infon><offset>42867</offset><text>Passive Surveillance of Ixodes scapularis (Say), their biting activity, and associated pathogens in Massachusetts</text></passage><passage><infon key="fpage">853</infon><infon key="issue">6</infon><infon key="lpage">858</infon><infon key="pub-id_pmid">8551509</infon><infon key="section_type">REF</infon><infon key="source">Journal of Medical Entomology</infon><infon key="type">ref</infon><infon key="volume">32</infon><infon key="year">1995</infon><offset>42981</offset><text>Determining the duration of Ixodes scapularis (Acari: Ixodidae) attachment to tick‐bite victims</text></passage><passage><infon key="fpage">370</infon><infon key="issue">1</infon><infon key="pub-id_pmid">25128197</infon><infon key="section_type">REF</infon><infon key="source">Parasites &amp; Vectors</infon><infon key="type">ref</infon><infon key="volume">7</infon><infon key="year">2014</infon><offset>43079</offset><text>Shaping zoonosis risk: landscape ecology vs. landscape attractiveness for people, the case of tick‐borne encephalitis in Sweden</text></passage></document></collection>
