<?xml version="1.0" encoding="UTF-8"?>
<!DOCTYPE collection SYSTEM "BioC.dtd">
<collection><source>PMC</source><date>20210103</date><key>pmc.key</key><document><id>5976485</id><infon key="license">author_manuscript</infon><passage><infon key="article-id_doi">10.3414/ME16-01-0098</infon><infon key="article-id_manuscript">NIHMS964071</infon><infon key="article-id_pmc">5976485</infon><infon key="article-id_pmid">28451689</infon><infon key="fpage">344</infon><infon key="issue">5</infon><infon key="kwd">computers informatics human factors and engineering human-computer interface</infon><infon key="license">
          This file is available for text mining. It may also be used consistent with the principles of fair use under the copyright law.
        </infon><infon key="lpage">349</infon><infon key="name_0">surname:Dufendach;given-names:K.R.</infon><infon key="name_1">surname:Koch;given-names:S.</infon><infon key="name_2">surname:Unertl;given-names:K.M.</infon><infon key="name_3">surname:Lehmann;given-names:C.U.</infon><infon key="section_type">TITLE</infon><infon key="type">front</infon><infon key="volume">56</infon><infon key="year">2018</infon><offset>0</offset><text>A Randomized Trial Comparing Classical Participatory Design to VandAID, an Interactive Crowdsourcing Platform</text></passage><passage><infon key="section_type">ABSTRACT</infon><infon key="type">abstract_title_1</infon><offset>110</offset><text>Background</text></passage><passage><infon key="section_type">ABSTRACT</infon><infon key="type">abstract</infon><offset>121</offset><text>Early involvement of stakeholders in the design of medical software is particularly important due to the need to incorporate complex knowledge and actions associated with clinical work. Standard user-centered design methods include focus groups and participatory design sessions with individual stakeholders, which generally limit user involvement to a small number of individuals due to the significant time investments from designers and end users.</text></passage><passage><infon key="section_type">ABSTRACT</infon><infon key="type">abstract_title_1</infon><offset>572</offset><text>Objectives</text></passage><passage><infon key="section_type">ABSTRACT</infon><infon key="type">abstract</infon><offset>583</offset><text>The goal of this project was to reduce the effort for end users to participate in co-design of a software user interface by developing an interactive web-based crowdsourcing platform.</text></passage><passage><infon key="section_type">ABSTRACT</infon><infon key="type">abstract_title_1</infon><offset>767</offset><text>Methods</text></passage><passage><infon key="section_type">ABSTRACT</infon><infon key="type">abstract</infon><offset>775</offset><text>In a randomized trial, we compared a new web-based crowdsourcing platform to standard participatory design sessions. We developed an interactive, modular platform that allows responsive remote customization and design feedback on a visual user interface based on user preferences. The responsive canvas is a dynamic HTML template that responds in real time to user preference selections. Upon completion, the design team can view the user’s interface creations through an administrator portal and download the structured selections through a REDCap interface.</text></passage><passage><infon key="section_type">ABSTRACT</infon><infon key="type">abstract_title_1</infon><offset>1337</offset><text>Results</text></passage><passage><infon key="section_type">ABSTRACT</infon><infon key="type">abstract</infon><offset>1345</offset><text>We have created a software platform that allows users to customize a user interface and see the results of that customization in real time, receiving immediate feedback on the impact of their design choices. Neonatal clinicians used the new platform to successfully design and customize a neonatal handoff tool. They received no specific instruction and yet were able to use the software easily and reported high usability.</text></passage><passage><infon key="section_type">ABSTRACT</infon><infon key="type">abstract_title_1</infon><offset>1769</offset><text>Conclusions</text></passage><passage><infon key="section_type">ABSTRACT</infon><infon key="type">abstract</infon><offset>1781</offset><text>VandAID, a new web-based crowdsourcing platform, can involve multiple users in user-centered design simultaneously and provides means of obtaining design feedback remotely. The software can provide design feedback at any stage in the design process, but it will be of greatest utility for specifying user requirements and evaluating iterative designs with multiple options.</text></passage><passage><infon key="section_type">INTRO</infon><infon key="type">title_1</infon><offset>2155</offset><text>Introduction</text></passage><passage><infon key="section_type">INTRO</infon><infon key="type">paragraph</infon><offset>2168</offset><text>One of the goals of the 2009 Health Information Technology for Economic and Clinical Health (HITECH) Act was to improve the safety of medical care through the investment in electronic health record systems. However, safety results vary significantly between specific systems and locations. E-iatrogenesis — the unintended negative consequences of implementing health information technology — had been described as early as 2007. If not implemented carefully, unintended consequences of automation can contribute tomedical errors. By applying human factors principles into the design of medical software alerts, Russ et al. demonstrated improved usability and decreased prescribing errors in a simulated crossover trial.</text></passage><passage><infon key="section_type">INTRO</infon><infon key="type">paragraph</infon><offset>2892</offset><text>Despite advances in existing technology, clinician dissatisfaction with Electronic Health Records (EHR) increased from 24% in 2010 to 39% in 2012. A significant proportion of end user dissatisfaction in healthcare systems is attributable to poorly designed interfaces unresponsive to user workflows and needs. Change management knowledge mandates that end users must be included in the design process and that “workflow and information needs of end users must be studied and analyzed, and the effect of the new intervention must be modeled on workflow, new work demands, interruption of other tasks, and local culture and conditions.” Development of health information technology software requires establishment of common ground between design and the clinical work that needs to be performed. Medical software design requires input from real users, who “alone have the relevant knowledge and understanding of the actions, and the consequences, of their work.”</text></passage><passage><infon key="section_type">INTRO</infon><infon key="type">paragraph</infon><offset>3861</offset><text>User-centered software design seeks to involve end users throughout the design process to create a product that better matches the user’s expectations and experience. Developing software based on the user’s needs and requirements (for example, by including all data elements required by a user to complete a task on the screen), allows the software to better match the end user’s optimal workflow as opposed to forcing users to change their behavior to accommodate the product’s design (like having to interrupt the task and search for the required information elsewhere only to come back to complete the task).</text></passage><passage><infon key="section_type">INTRO</infon><infon key="type">paragraph</infon><offset>4481</offset><text>Current EHR certification requirements from the Office of the National Coordinator for Health Information Technology require EHR vendors to attest to implementing user-centered design practices in the creation of their software products. However, a study examining the user-centered design processes of eleven EHR vendors from February to August 2013 found a wide range of user-centered design practices ranging from full in-depth contextual analysis to simply providing methods of receiving requests and feedback from users. Despite variance from robust to basic user-centered design strategies, all EHR software designers indicated that they felt user-centered design to be important and wished they had more resources to pursue it further. Yet, a recent examination of usability practices of 50 top electronic health record vendors found that fewer than half used the recommended 15 participants in usability testing, and only 8 of those used at least 15 individuals with a clinical background.</text></passage><passage><infon key="section_type">INTRO</infon><infon key="type">paragraph</infon><offset>5479</offset><text>Basic user-centered design employs interviews and surveys, but these techniques can prove inadequate, as most users neither know their own requirements nor can they articulate them in ways computable to the design team. Involving users in cooperative design or guided user-driven innovation allows end users to become a source of innovation in the design process, but such methods have limitations due to the time and expertise demanded on both designers and end users, alike. Due to these demands, end user involvement is often limited to just a small number of stakeholders, which may not encapsulate the complexity in healthcare information technology systems, which often involve multiple stakeholders in varying contexts of use.</text></passage><passage><infon key="section_type">INTRO</infon><infon key="type">title_1</infon><offset>6213</offset><text>Objectives</text></passage><passage><infon key="section_type">INTRO</infon><infon key="type">paragraph</infon><offset>6224</offset><text>The goal of this project was to reduce the effort for end users to participate in co-design of a software user interface by developing an interactive web-based crowdsourcing platform.</text></passage><passage><infon key="section_type">METHODS</infon><infon key="type">title_1</infon><offset>6408</offset><text>Methods</text></passage><passage><infon key="section_type">METHODS</infon><infon key="type">paragraph</infon><offset>6416</offset><text>We developed VandAID (Vanderbilt Active Interface Design), an interactive web-based platform that allows responsive remote customization and feedback of a visual user interface (Figure 1). Users can express their preferences in the software’s dynamic canvas, where the user interface is built and modified by the user. This canvas responds to settings and preferences from a toolbox available to users.</text></passage><passage><infon key="section_type">METHODS</infon><infon key="type">paragraph</infon><offset>6821</offset><text>The platform is written as a single page application using hypertext markup language (HTML) and JavaScript with the AngularJS 1.5.x framework. AngularJS facilitates data binding between HTML elements and settings stored in the JavaScript data model.</text></passage><passage><infon key="section_type">METHODS</infon><infon key="type">title_2</infon><offset>7071</offset><text>Canvas</text></passage><passage><infon key="section_type">METHODS</infon><infon key="type">paragraph</infon><offset>7078</offset><text>With the creation of any user interface, a design team must decide which data elements to display and how to present them in regards to color, font, location on the screen, and other design choices. With VandAID, the dynamic canvas allows the design team to test different display options by letting the users select the ones that best match their expectations and workflow. The canvas responds dynamically to the selections and preferences made by users, giving them direct feedback on the results of their decisions.</text></passage><passage><infon key="section_type">METHODS</infon><infon key="type">paragraph</infon><offset>7597</offset><text>The dynamic canvas itself is an HTML document that leverages the power and customizability of HTML 5 and JavaScript. Any graphics, formatting, and even scripts that can be included in a web page can be built directly into the dynamic canvas. This makes this platform ideal for designing custom HTML-based software, such as might be done in creating a SMART (Substitutable Medical Apps, Reusable Technologies) on FHIR (Fast Healthcare Interoperability Resource) application that can be embedded into an EHR.</text></passage><passage><infon key="section_type">METHODS</infon><infon key="type">title_2</infon><offset>8104</offset><text>Preferences Pane</text></passage><passage><infon key="section_type">METHODS</infon><infon key="type">paragraph</infon><offset>8121</offset><text>The preferences pane provides a toolbox from which the user builds the application by first selecting which elements should appear on the canvas and then setting specific element option fields, such as whether out of range values should be bold or how numerical data should be displayed (Figure 2). The option fields are based on standard survey questions such as multiple choice, checkbox, yes-no, text, and other options. The toolbox supports advanced survey options like branching logic, which allows irrelevant options to be hidden until needed.</text></passage><passage><infon key="section_type">METHODS</infon><infon key="type">paragraph</infon><offset>8671</offset><text>The canvas responds to the user’s selections and preferences by accessing the values of the preference fields through interfacing with a JavaScript field manager. Although any JavaScript can be used to access the field values, this platform is optimized to use AngularJS directives that allow direct manipulation of the HTML document object model (DOM) based on the values of fields.</text></passage><passage><infon key="section_type">METHODS</infon><infon key="type">title_2</infon><offset>9057</offset><text>Integration with REDCap</text></passage><passage><infon key="section_type">METHODS</infon><infon key="type">paragraph</infon><offset>9081</offset><text>By representing each design option as a standard survey field, the VandAID platform is able to interface directly with the powerful REDCap survey and database software. Using the secure REDCap API, the platform can import data collection instrument fields directly into the software for use in the preferences pane and then save each user’s selections as a unique submission in the project. REDCap can also be used to create automated email invitations to users. This can allow anonymous feedback submission on the interface being designed as well as end user voting on preferred interface settings. The REDCap integration also provides designers with a secure, centralized location to store user submissions and to export the raw data for statistical analyses.</text></passage><passage><infon key="section_type">METHODS</infon><infon key="type">title_3</infon><offset>9845</offset><text>Evaluation Interface</text></passage><passage><infon key="section_type">METHODS</infon><infon key="type">paragraph</infon><offset>9866</offset><text>In addition to performing statistical analyses on the raw data, administrators from the design team can also use the evaluation interface to view each individual submission. This view is built directly into the VandAID platform itself and allows designers to jump between the various submissions to see the design product from each end user.</text></passage><passage><infon key="section_type">METHODS</infon><infon key="type">title_3</infon><offset>10208</offset><text>Comparison of Classical Participatory Design with the VandAID Platform</text></passage><passage><infon key="section_type">METHODS</infon><infon key="type">paragraph</infon><offset>10279</offset><text>We compared the new VandAID platform to classical participatory design (PD) through a parallel randomized controlled trial of neonatal intensive care clinicians. Our initial test case for this platform seeks to establish the list and formatting necessary to create an effective neonatal patient list for use in a handoff between neonatal clinicians.</text></passage><passage><infon key="section_type">METHODS</infon><infon key="type">paragraph</infon><offset>10629</offset><text>Eligible neonatal clinicians for the study included all neonatal attendings, fellows, and nurse practitioners at Vanderbilt University Medical Center, excepting the two individuals who participated in creation of the VandAID software platform itself. We invited all eligible clinicians to provide feedback on a neonatal handoff tool. Of those who expressed interest, two from each professional group were randomly selected, using R software, to participate in one-on-one PD sessions. Invitations and reminders were sent using REDCap.</text></passage><passage><infon key="section_type">METHODS</infon><infon key="type">paragraph</infon><offset>11163</offset><text>One-on-one PD sessions were conducted directly by the first author. Participants were given the opportunity to design a neonatal handoff tool using pens, paper, sticky notes, scissors, and other materials. They were also given a prompt of pre-enumerated potential items, which were the same items available to the VandAID group. Each session was video recorded and then transcribed for further evaluation. All creations were collected by the design team at the conclusion of the session.</text></passage><passage><infon key="section_type">METHODS</infon><infon key="type">paragraph</infon><offset>11651</offset><text>All remaining clinicians were sent email invitations with an individualized link to provide design feedback on a neonatal handoff tool using the VandAID software. The VandAID version allowed users to weigh the benefits of adding more information with the space required to present that information. VandAID additionally allowed users to customize the presentation of the data, such as by indicating whether out of range labs should appear in bold and if new labs should appear in italics.</text></passage><passage><infon key="section_type">METHODS</infon><infon key="type">paragraph</infon><offset>12140</offset><text>Following each PD or VandAID session, users provided feedback on the usability of the specific user-centered design method by completing a standardized system usability scale survey.</text></passage><passage><infon key="section_type">RESULTS</infon><infon key="type">title_1</infon><offset>12323</offset><text>Results</text></passage><passage><infon key="section_type">RESULTS</infon><infon key="type">paragraph</infon><offset>12331</offset><text>We successfully created a software platform that allows users to customize a user interface and see the results of that customization in real time, receiving immediate feedback on the impact of their choices. We invited all 67 eligible neonatal clinicians to participate in the randomized trial. Of these, 42 expressed interest and were randomized. All 6 randomized to PD completed the sessions, and 29 used the VandAID platform to design and customize a neonatal handoff tool (Figure 3).</text></passage><passage><infon key="section_type">RESULTS</infon><infon key="type">paragraph</infon><offset>12820</offset><text>Several similarities existed between the items selected with VandAID and the PD sessions (Figure 4). All individuals requested a to-do list. The patient name was forced to be included with the VandAID software, although users could choose how it should appear. Nearly all requested the patient’s location, age and weight information, ventilation settings, and a medication list. No individual requested detailed vital signs. Of note, only 63% of individuals selected the medical record number to appear, which could be considered an important safety concern.</text></passage><passage><infon key="section_type">RESULTS</infon><infon key="type">paragraph</infon><offset>13381</offset><text>When contrasting the PD sessions with the VandAID designs, we observed differences between the two groups in the items included. Only one of the PD users included the care team name, and only one included a plan by system, both of which were included in over half of the VandAID software designs in which it could be selected as an option. PD participants also generally did not comment on item formatting, such as bold or italicized data, although one individual did volunteer that they would like to have resuscitation status bold if not “full code.” Most PD participants also required prompting from the facilitator specify how laboratory values should appear, whether in a table or in a stick figure diagram. Many VandAID participants left additional free text comments with additional ideas and options not presented in the specific example, some of which had also been enumerated in PD sessions.</text></passage><passage><infon key="section_type">RESULTS</infon><infon key="type">paragraph</infon><offset>14287</offset><text>Time spent creating a handoff design was significantly shorter for VandAID users with a mean of 9.6 minutes per user (median 9, 95% confidence interval 7.4–11.8 minutes) compared with the PD sessions, which lasted a mean of 26.3 minutes (median 27.5, 95% confidence interval 20.3–32.3 minutes). Results of the system usability scale survey for VandAID users gave a mean of 84.3 (95% CI 80.2–88.4), which places it in the 96th percentile for usability with this standardized survey. For comparison, the PD sessions achieved a mean 75.4 (75th percentile), but also had a very large confidence interval (95% CI 52.3–98.5). Other than a short prompt at the top of the canvas pointing them to the left-sided toolbox and the save and submit button, users received no instruction on using the tool itself, and at no time did any of the clinicians contact a research team member to request additional instruction on using the tool.</text></passage><passage><infon key="section_type">RESULTS</infon><infon key="type">title_2</infon><offset>15219</offset><text>Source Code</text></passage><passage><infon key="section_type">RESULTS</infon><infon key="type">paragraph</infon><offset>15231</offset><text>The source code for this initial use case project is available at https://github.com/KevinDufendach/vandaid-nicuhandoff.</text></passage><passage><infon key="section_type">CONCL</infon><infon key="type">title_1</infon><offset>15352</offset><text>Conclusions</text></passage><passage><infon key="section_type">CONCL</infon><infon key="type">paragraph</infon><offset>15364</offset><text>This study compared two user-centered design methods to help design a neonatal handoff tool, classical one-on-one PD sessions and VandAID, a new web-based crowdsourcing platform. Both methods provided important information, and they proved complementary to each other. VandAID prompted users with examples of possible data elements, which may have allowed users to better weigh the value of displaying certain elements. Compared to the PD session, the use of the VandAID tool was significantly faster and less onerous to providers and researchers while yielding similar results.</text></passage><passage><infon key="section_type">CONCL</infon><infon key="type">paragraph</infon><offset>15943</offset><text>Part of the success of the initial use of VandAID may be attributable to the fact that the lead designer of the software (KRD) is a neonatologist and thus a domain subject expert, leading to user-driven innovation. Identification of items for the toolbox and design of the example items was enhanced by having the expertise of an informatics-trained user. Lacking such a dual perspective would likely have required earlier PD sessions or other user-centered techniques.</text></passage><passage><infon key="section_type">CONCL</infon><infon key="type">paragraph</infon><offset>16413</offset><text>Our new design platform provides a means of crowdsourcing electronic health record design from multiple users remotely and asynchronously. The versatility of the interactive canvas means that interface designers can use this process at multiple steps throughout the design cycle as the product moves from rough sketches to high fidelity prototypes and ultimately to a fully functional release candidate. An initial canvas may have little more than plain text or hand drawings, while a design in its later stages may be a fully functional SMART on FHIR application that draws data from a live EHR. Using REDCap functionalities, this tool could be used to incorporate input from much larger groups, including external sites.</text></passage><passage><infon key="section_type">CONCL</infon><infon key="type">paragraph</infon><offset>17136</offset><text>Involving stakeholders at the start of the design process has been shown to improve end user satisfaction and efficiency by matching the final product to the user’s workflow. This new design platform adds another low-cost tool that can complement other user-centered design methods and facilitate involvement of multiple users throughout the design process.</text></passage><passage><infon key="section_type">CONCL</infon><infon key="type">footnote</infon><offset>17496</offset><text>           Human Subject Protection         </text></passage><passage><infon key="section_type">CONCL</infon><infon key="type">footnote</infon><offset>17541</offset><text>This study was approved by the investigational review board of Vanderbilt University Medical Center (study ID 160124) and followed procedures in compliance with the ethical standards of the responsible committee on human experimentation and with the World Medical Association Declaration of Helsinki on Ethical Principles for Medical Research Involving Human Subjects.</text></passage><passage><infon key="fpage">655</infon><infon key="issue">4</infon><infon key="lpage">663</infon><infon key="name_0">surname:Metzger;given-names:J</infon><infon key="name_1">surname:Welebob;given-names:E</infon><infon key="name_2">surname:Bates;given-names:DW</infon><infon key="name_3">surname:Lipsitz;given-names:S</infon><infon key="name_4">surname:Classen;given-names:DC</infon><infon key="section_type">REF</infon><infon key="source">Health Aff Proj Hope</infon><infon key="type">ref</infon><infon key="volume">29</infon><infon key="year">2010</infon><offset>17910</offset><text>Mixed results in the safety performance of computerized physician order entry</text></passage><passage><infon key="comment">discussion 389</infon><infon key="fpage">387</infon><infon key="issue">3</infon><infon key="lpage">388</infon><infon key="name_0">surname:Weiner;given-names:JP</infon><infon key="name_1">surname:Kfuri;given-names:T</infon><infon key="name_2">surname:Chan;given-names:K</infon><infon key="name_3">surname:Fowles;given-names:JB</infon><infon key="pub-id_pmid">17329719</infon><infon key="section_type">REF</infon><infon key="source">J Am Med Inform Assoc JAMIA</infon><infon key="type">ref</infon><infon key="volume">14</infon><infon key="year">2007</infon><offset>17988</offset><text>e-Iatrogenesis: the most critical unintended consequence of CPOE and other HIT</text></passage><passage><infon key="comment">http://www.latimes.com/ct-met-technology-errors-20110627-story.html. Accessed 2016-4-15.</infon><infon key="name_0">surname:Graham;given-names:J</infon><infon key="name_1">surname:Dizikes;given-names:C</infon><infon key="section_type">REF</infon><infon key="source">Los Angelas Times</infon><infon key="type">ref</infon><infon key="year">2011</infon><offset>18067</offset><text>Baby’s death spotlights safety risks linked to computerized systems</text></passage><passage><infon key="fpage">e287</infon><infon key="issue">e2</infon><infon key="lpage">296</infon><infon key="name_0">surname:Russ;given-names:AL</infon><infon key="name_1">surname:Zillich;given-names:AJ</infon><infon key="name_10">surname:Hawsey;given-names:JM</infon><infon key="name_11">surname:Puleo;given-names:AG</infon><infon key="name_12">surname:Doebbeling;given-names:BN</infon><infon key="name_13">surname:Saleem;given-names:JJ</infon><infon key="name_2">surname:Melton;given-names:BL</infon><infon key="name_3">surname:Russell;given-names:SA</infon><infon key="name_4">surname:Chen;given-names:S</infon><infon key="name_5">surname:Spina;given-names:JR</infon><infon key="name_6">surname:Weiner;given-names:M</infon><infon key="name_7">surname:Johnson;given-names:EG</infon><infon key="name_8">surname:Daggy;given-names:JK</infon><infon key="name_9">surname:McManus;given-names:MS</infon><infon key="pub-id_pmid">24668841</infon><infon key="section_type">REF</infon><infon key="source">J Am Med Inform Assoc JAMIA</infon><infon key="type">ref</infon><infon key="volume">21</infon><infon key="year">2014</infon><offset>18137</offset><text>Applying human factors principles to alert design increases efficiency and reduces prescribing errors in a scenario-based simulation</text></passage><passage><infon key="comment">https://www.acponline.org/acp-newsroom/survey-of-clinicians-user-satisfaction-with-electronic-health-records-has-decreased-since-2010?hp=. Accessed 2016-4-15.</infon><infon key="section_type">REF</infon><infon key="source">Survey of Clinicians: User satisfaction with electronic health records has decreased since 2010</infon><infon key="type">ref</infon><infon key="year">2013</infon><offset>18270</offset></passage><passage><infon key="comment">http://link.springer.com/chapter/10.1007/978-3-319-22753-5_18. Accessed 2016-6-15.</infon><infon key="fpage">435</infon><infon key="lpage">456</infon><infon key="name_0">surname:Lehmann;given-names:CU</infon><infon key="name_1">surname:Unertl;given-names:KM</infon><infon key="name_2">surname:Rioth;given-names:MJ</infon><infon key="name_3">surname:Lorenzi;given-names:NM</infon><infon key="name_4">surname:Finnell;given-names:JT</infon><infon key="name_5">surname:Dixon;given-names:BE</infon><infon key="section_type">REF</infon><infon key="source">Clinical Informatics Study Guide</infon><infon key="type">ref</infon><infon key="year">2016</infon><offset>18271</offset><text>Change Management for the Successful Adoption of Clinical Information Systems</text></passage><passage><infon key="fpage">557</infon><infon key="issue">4</infon><infon key="lpage">569</infon><infon key="name_0">surname:Scandurra;given-names:I</infon><infon key="name_1">surname:Hägglund;given-names:M</infon><infon key="name_2">surname:Koch;given-names:S</infon><infon key="pub-id_pmid">18394969</infon><infon key="section_type">REF</infon><infon key="source">J Biomed Inform</infon><infon key="type">ref</infon><infon key="volume">41</infon><infon key="year">2008</infon><offset>18349</offset><text>From user needs to system specifications: multi-disciplinary thematic seminars as a collaborative design method for development of health information systems</text></passage><passage><infon key="fpage">832</infon><infon key="issue">5</infon><infon key="lpage">841</infon><infon key="name_0">surname:McCoy;given-names:AB</infon><infon key="name_1">surname:Waitman;given-names:LR</infon><infon key="name_2">surname:Gadd;given-names:CS</infon><infon key="name_3">surname:Danciu;given-names:I</infon><infon key="name_4">surname:Smith;given-names:JP</infon><infon key="name_5">surname:Lewis;given-names:JB</infon><infon key="name_6">surname:Schildcrout;given-names:JS</infon><infon key="name_7">surname:Peterson;given-names:JF</infon><infon key="section_type">REF</infon><infon key="source">Am J Kidney Dis Off J Natl Kidney Found</infon><infon key="type">ref</infon><infon key="volume">56</infon><infon key="year">2010</infon><offset>18507</offset><text>A computerized provider order entry intervention for medication safety during acute kidney injury: a quality improvement report</text></passage><passage><infon key="comment">http://www.healthcareusability.com/article/onc-meaningful-use-and-usability-testing. Accessed 2016-6-15.</infon><infon key="section_type">REF</infon><infon key="source">ONC Meaningful Use and Usability Testing</infon><infon key="type">ref</infon><infon key="year">2013</infon><offset>18635</offset></passage><passage><infon key="fpage">1179</infon><infon key="issue">6</infon><infon key="lpage">1182</infon><infon key="name_0">surname:Ratwani;given-names:RM</infon><infon key="name_1">surname:Fairbanks;given-names:RJ</infon><infon key="name_2">surname:Hettinger;given-names:AZ</infon><infon key="name_3">surname:Benda;given-names:NC</infon><infon key="pub-id_pmid">26049532</infon><infon key="section_type">REF</infon><infon key="source">J Am Med Inform Assoc JAMIA</infon><infon key="type">ref</infon><infon key="volume">22</infon><infon key="year">2015</infon><offset>18636</offset><text>Electronic health record usability: analysis of the user-centered design processes of eleven electronic health record vendors</text></passage><passage><infon key="fpage">1070</infon><infon key="issue">10</infon><infon key="lpage">1071</infon><infon key="name_0">surname:Ratwani;given-names:RM</infon><infon key="name_1">surname:Benda;given-names:NC</infon><infon key="name_2">surname:Hettinger;given-names:AZ</infon><infon key="name_3">surname:Fairbanks;given-names:RJ</infon><infon key="pub-id_pmid">26348757</infon><infon key="section_type">REF</infon><infon key="source">JAMA</infon><infon key="type">ref</infon><infon key="volume">314</infon><infon key="year">2015</infon><offset>18762</offset><text>Electronic Health Record Vendor Adherence to Usability Certification Requirements and Testing Standards</text></passage><passage><infon key="fpage">45</infon><infon key="issue">5</infon><infon key="lpage">52</infon><infon key="name_0">surname:Beyer;given-names:HR</infon><infon key="name_1">surname:Holtzblatt;given-names:K</infon><infon key="section_type">REF</infon><infon key="source">Commun ACM</infon><infon key="type">ref</infon><infon key="volume">38</infon><infon key="year">1995</infon><offset>18866</offset><text>Apprenticing with the Customer</text></passage><passage><infon key="fpage">139</infon><infon key="lpage">151</infon><infon key="name_0">surname:Andre;given-names:K</infon><infon key="name_1">surname:Christian;given-names:N</infon><infon key="section_type">REF</infon><infon key="source">Stud Health Technol Inform</infon><infon key="type">ref</infon><infon key="year">2016</infon><offset>18897</offset><text>Participatory Design, User Involvement and Health IT Evaluation</text></passage><passage><infon key="comment">[date unknown]; https://angularjs.org/. Accessed 2016-6-15.</infon><infon key="section_type">REF</infon><infon key="source">AngularJS — Superheroic JavaScript MVW Framework</infon><infon key="type">ref</infon><offset>18961</offset></passage><passage><infon key="comment">http://smarthealthit.org/smart-on-fhir/. Accessed 2016-6-15.</infon><infon key="section_type">REF</infon><infon key="source">SMART Health IT</infon><infon key="type">ref</infon><infon key="year">2014</infon><offset>18962</offset></passage><passage><infon key="fpage">899</infon><infon key="issue">5</infon><infon key="lpage">908</infon><infon key="name_0">surname:Mandel;given-names:JC</infon><infon key="name_1">surname:Kreda;given-names:DA</infon><infon key="name_2">surname:Mandl;given-names:KD</infon><infon key="name_3">surname:Kohane;given-names:IS</infon><infon key="name_4">surname:Ramoni;given-names:RB</infon><infon key="pub-id_pmid">26911829</infon><infon key="section_type">REF</infon><infon key="source">J Am Med Inform Assoc JAMIA</infon><infon key="type">ref</infon><infon key="volume">23</infon><infon key="year">2016</infon><offset>18963</offset><text>SMART on FHIR: a standards-based, interoperable apps platform for electronic health records</text></passage><passage><infon key="comment">http://hl7.org/fhir/summary.html. Accessed 2017-1-5.</infon><infon key="section_type">REF</infon><infon key="type">ref</infon><infon key="year">2015</infon><offset>19055</offset></passage><passage><infon key="fpage">377</infon><infon key="issue">2</infon><infon key="lpage">381</infon><infon key="name_0">surname:Harris;given-names:PA</infon><infon key="name_1">surname:Taylor;given-names:R</infon><infon key="name_2">surname:Thielke;given-names:R</infon><infon key="name_3">surname:Payne;given-names:J</infon><infon key="name_4">surname:Gonzalez;given-names:N</infon><infon key="name_5">surname:Conde;given-names:JG</infon><infon key="pub-id_pmid">18929686</infon><infon key="section_type">REF</infon><infon key="source">J Biomed Inform</infon><infon key="type">ref</infon><infon key="volume">42</infon><infon key="year">2009</infon><offset>19056</offset><text>Research electronic data capture (REDCap)–a metadata-driven methodology and workflow process for providing translational research informatics support</text></passage><passage><infon key="comment">https://www.r-project.org/. Accessed 2016-7-19.</infon><infon key="section_type">REF</infon><infon key="source">R: The R Project for Statistical Computing [date unknown]</infon><infon key="type">ref</infon><offset>19208</offset></passage><passage><infon key="comment">http://www.usability.gov/how-to-and-tools/methods/system-usability-scale.html. Accessed 2016-6-15</infon><infon key="section_type">REF</infon><infon key="source">System Usability Scale (SUS)</infon><infon key="type">ref</infon><infon key="year">2013</infon><offset>19209</offset></passage><passage><infon key="name_0">surname:Sauro;given-names:J</infon><infon key="section_type">REF</infon><infon key="source">A practical guide to the system usability scale: background, benchmarks &amp; best practices</infon><infon key="type">ref</infon><infon key="year">2011</infon><offset>19210</offset></passage><passage><infon key="file">nihms964071f1.jpg</infon><infon key="id">F1</infon><infon key="section_type">FIG</infon><infon key="type">fig_caption</infon><offset>19211</offset><text>VandAID interface. On the left-hand, the user selects content and formatting design decisions from the toolbox. On the right the user experiences the results of all selections in real time on the dynamic canvas.</text></passage><passage><infon key="file">nihms964071f2.jpg</infon><infon key="id">F2</infon><infon key="section_type">FIG</infon><infon key="type">fig_caption</infon><offset>19423</offset><text>Responsiveness of the VandAID interface. By changing ventilation display setting from a table (panel A) to a diagram (panel B), the canvas updates itself dynamically to reflect the change.</text></passage><passage><infon key="file">nihms964071f3.jpg</infon><infon key="id">F3</infon><infon key="section_type">FIG</infon><infon key="type">fig_caption</infon><offset>19612</offset><text>Randomized trial flow diagram</text></passage><passage><infon key="file">nihms964071f4.jpg</infon><infon key="id">F4</infon><infon key="section_type">FIG</infon><infon key="type">fig_caption</infon><offset>19642</offset><text>Percentage of individuals who selected each item on the handoff list, per clinical role. PD participant data are illustrated with the lighter bars, while data from VandAID participants are shown with dark bars.</text></passage></document></collection>
