<?xml version="1.0" encoding="UTF-8"?>
<!DOCTYPE collection SYSTEM "BioC.dtd">
<collection><source>PMC</source><date>20201220</date><key>pmc.key</key><document><id>5990549</id><infon key="license">CC BY</infon><passage><infon key="article-id_doi">10.3758/s13428-017-0930-6</infon><infon key="article-id_pmc">5990549</infon><infon key="article-id_pmid">28710716</infon><infon key="article-id_publisher-id">930</infon><infon key="fpage">1116</infon><infon key="issue">3</infon><infon key="kwd">Humor Crowd-sourcing Ratings Gender differences</infon><infon key="license">
Open Access This article is distributed under the terms of the Creative Commons Attribution 4.0 International License (http://creativecommons.org/licenses/by/4.0/), which permits unrestricted use, distribution, and reproduction in any medium, provided you give appropriate credit to the original author(s) and the source, provide a link to the Creative Commons license, and indicate if changes were made.</infon><infon key="lpage">1124</infon><infon key="name_0">surname:Engelthaler;given-names:Tomas</infon><infon key="name_1">surname:Hills;given-names:Thomas T.</infon><infon key="section_type">TITLE</infon><infon key="title">Keywords</infon><infon key="type">front</infon><infon key="volume">50</infon><infon key="year">2018</infon><offset>0</offset><text>Humor norms for 4,997 English words</text></passage><passage><infon key="section_type">ABSTRACT</infon><infon key="type">abstract</infon><offset>36</offset><text>Humor ratings are provided for 4,997 English words collected from 821 participants using an online crowd-sourcing platform. Each participant rated 211 words on a scale from 1 (humorless) to 5 (humorous). To provide for comparisons across norms, words were chosen from a set common to a number of previously collected norms (e.g., arousal, valence, dominance, concreteness, age of acquisition, and reaction time). The complete dataset provides researchers with a list of humor ratings and includes information on gender, age, and educational differences. Results of analyses show that the ratings have reliability on a par with previous ratings and are not well predicted by existing norms.</text></passage><passage><infon key="section_type">INTRO</infon><infon key="type">title_1</infon><offset>726</offset><text>Introduction</text></passage><passage><infon key="section_type">INTRO</infon><infon key="type">paragraph</infon><offset>739</offset><text>The appreciation of humor is a fundamental, albeit mysterious, part of human cognition. We laugh at things like Monty Python and the work of Douglas Adams, but find topics like mass shootings and the Holocaust off limits. Other topics, like sunsets and freedom, may lie somewhere in between. What makes one thing funnier than another? And what makes some topics inviolable in relation to humor? To help develop this research, we provide the first set of humor norms for a large collection of 4,997 common words. The aim of providing this data is to help enrich the resources available for understanding the cognitive, developmental, and applied aspects of humor.</text></passage><passage><infon key="section_type">INTRO</infon><infon key="type">paragraph</infon><offset>1402</offset><text>Humor has a long history of theoretical investigation. Darwin called humor “tickling the mind.” Thomas Hobbes referred to it as a feeling of “sudden glory.” These represent a selection from a long list of efforts to provide a theory of humor (reviewed in Hurley, Dennett, &amp; Adams,; Keith-Spiegel,; Wyer &amp; Collins,). These include biological theories – such as the Darwin-Hecker hypothesis that humor is a cognitive analogue of physical tickling (Fridlund &amp; Loftis,; Harris &amp; Christenfeld,); superiority theories, such as Hobbes notion of “sudden glory” over another individual or one’s previous self (Hobbes,); release theories, such as that proposed by Spencer and later Freud, that humor is a means of reducing excessive arousal; incongruity-resolution theories (Shultz,; Suls,), perhaps first noted by Kant (1790/), in his observation that “In everything that is to excite a lively convulsive laugh there must be something absurd,” and later developed by Schopenhauer (for an overview, see Roeckelein,), who suggested the “ludicrous” required a “contrast…between representation of perception and abstract representations.” Still further theories have focused on the adaptive value of humor as an error correction mechanism and faulty logic detection system (Minsky,), most recently and thoroughly developed by Hurley, Dennett, and Adams. A similar version of this theory has been called the benign violation theory (McGraw &amp; Warren,), which suggests a person must realize the stimuli is incongruous with their expectations (violation), but also that this incongruity is not harmful given the context (benign).</text></passage><passage><infon key="section_type">INTRO</infon><infon key="type">paragraph</infon><offset>3045</offset><text>The onslaught of theories aimed at understanding humor reflects our common experience that humor is a key ingredient in what it means to be a healthy human. It may even be uniquely human and, continuing the noble history validating intuition with Latin, Koestler referred to humans as Homo ridens, “laughing man” (see also Milner,). Whether or not it is unique to humans, humor has well-documented influences on well-being and health, including self-concept, coping with stress, and positive affect (Cann &amp; Collette,; Galloway &amp; Cropley,; Martin et al.,; Mora-Ripoll,). Humor research also contains a wide body of literature concerned with understanding adult and child personality development (Martin,; McGhee,) and gender differences (Abel, &amp; Flick,; Hay,; Mickes, Walker, Parris, Mankoff, &amp; Christenfeld,). The latter associated with the evolutionary hypothesis that humor plays a role in male mating displays (McGee &amp; Shevlin,), and which is further supported by gender differences in response to humor in the brain (Azim, Mobbs, Jo, Menon, &amp; Reiss,; see also Goel &amp; Dolan,).</text></passage><passage><infon key="section_type">INTRO</infon><infon key="type">paragraph</infon><offset>4129</offset><text>In addition, cracking the riddle of what makes things funny has also been the motivation for a number computational algorithms designed to create humor, such as JAPE (Binsted, Pain, &amp; Ritchie,), STANDUP (Manurung et al.,), WISCRAIC (McKay,), and HAHAcronym (Stock &amp; Strapparava,), as well as algorithms to detect and classify humor (Davidov, Tsur, &amp; Rappoport,; Mihalcea &amp; Strapparava,).</text></passage><passage><infon key="section_type">INTRO</infon><infon key="type">paragraph</infon><offset>4517</offset><text>Much of the theory and empirical work briefly outlined above focuses on complete multi-word jokes, such as this zinger by Steven Wright: “I couldn’t repair your brakes, so I made your horn louder.” To this end, a number of studies have taken to rating and creating databases of jokes in an effort to allow researchers disaggregate the various mechanisms that make them work (e.g., Goldberg, Roeder, Gupta, &amp; Perkins,; Wicker, Thorelli, Barron III, &amp; Willis,). A few studies have looked at single non-words (Westbury, Shaoul, Moroschan, &amp; Ramscar,), suggesting the absurdness of a non-word results in associated humor. None, to our knowledge, have focused on single English words.</text></passage><passage><infon key="section_type">INTRO</infon><infon key="type">paragraph</infon><offset>5203</offset><text>The database we present here offers a basis for studying humor in perhaps a highly rudimentary “fruit fly” version, at the level of a single word. If single words have reliable humor ratings, they provide humor in miniature, allowing us to investigate humor in relation to the many existing lexical norms. These include some that are directly related to past theories – such as Freud’s arousal theory – and others that offer at least some insight into processing and expectation, such as reaction times and frequency.</text></passage><passage><infon key="section_type">INTRO</infon><infon key="type">paragraph</infon><offset>5731</offset><text>The collection of the humor norms follows on previous work demonstrating the advantage of crowd-sourcing in psychological norm development: for example, Warriner, Kuperman, and Brysbaert have collected valence, arousal, and dominance ratings for 13,915 English words; Brysbaert, Warriner, and Kuperman collected concreteness ratings for nearly 40,000 English words; and Kuperman, Stadthagen-Gonzalez, and Brysbaert, collected age of acquisition ratings for 30,000 English words. These were in turn based on the value of previous norms, such as the Affective Norms for English, provided by Bradley and Lang.1 Still other normative ratings have investigated different word properties, which have provided the basis for further investigating their influence on cognition, such as imageability and familiarity (Stadthagen-Gonzalez &amp; Davis,), pleasantness (Bellezza, Greenwald, &amp; Banaji,), and meaningfulness (Paivio, Yuille, &amp; Madigan,).</text></passage><passage><infon key="section_type">INTRO</infon><infon key="type">paragraph</infon><offset>6665</offset><text>These normative datasets have proven highly fruitful. For illustration, Dodds et al. used valence ratings to assess a universal positivity bias. Alhothali and Hoey used valence ratings to predict readers’ responses to news articles. And Hills and colleagues (Hills &amp; Adelman,; Hills, Adelman, &amp; Noguchi,) used concreteness, age of acquisition, and lexical reaction times to evaluate the changing history of American English over the last 200 hundred years.</text></passage><passage><infon key="section_type">INTRO</infon><infon key="type">paragraph</infon><offset>7124</offset><text>Here, we provide a large dataset of single-word humor ratings along with the demographics of the raters. The list of rated words was formed from the intersection of overlapping previous non-humor word norms, allowing us to provide an analysis of how word-level humor relates to valence, arousal, word length, concreteness, word processing time and word frequency. Secondly, breaking down our dataset by demographics, we provide a separation of humor by gender.</text></passage><passage><infon key="section_type">METHODS</infon><infon key="type">title_1</infon><offset>7585</offset><text>Methods</text></passage><passage><infon key="section_type">METHODS</infon><infon key="type">title_2</infon><offset>7593</offset><text>Stimuli</text></passage><passage><infon key="section_type">METHODS</infon><infon key="type">paragraph</infon><offset>7601</offset><text>The words in the norms are chosen from the intersection of the valence, arousal, and dominance norms (Warriner, Kuperman, &amp; Brysbaert,), age of acquisition norms (Kuperman, Stadthagen-Gonzalez, &amp; Brysbaert,), lexical decision norms (Keuleers, Lacey, Rastle, &amp; Brysbaert,), and frequency norms (Van Heuven, Mandera, Keuleers, &amp; Brysbaert,). This resulted in 7,775 words, from which the final word list of 5,000 words was randomly sampled. This reduction in list size increases the number of raters exposed to a single word, given a fixed number of participants.</text></passage><passage><infon key="file">Tab1.xml</infon><infon key="id">Tab1</infon><infon key="section_type">TABLE</infon><infon key="type">table_caption</infon><offset>8162</offset><text>Calibrator words presented to participants</text></passage><passage><infon key="file">Tab1.xml</infon><infon key="id">Tab1</infon><infon key="section_type">TABLE</infon><infon key="type">table</infon><infon key="xml">&lt;?xml version=&quot;1.0&quot; encoding=&quot;UTF-8&quot;?&gt;
&lt;table frame=&quot;hsides&quot; rules=&quot;groups&quot;&gt;&lt;thead&gt;&lt;tr&gt;&lt;th&gt;Word&lt;/th&gt;&lt;th&gt;
&lt;italic&gt;Mean humor rating (Pilot)&lt;/italic&gt;
&lt;/th&gt;&lt;/tr&gt;&lt;/thead&gt;&lt;tbody&gt;&lt;tr&gt;&lt;td&gt;Drought&lt;/td&gt;&lt;td&gt;1.13&lt;/td&gt;&lt;/tr&gt;&lt;tr&gt;&lt;td&gt;Deathbed&lt;/td&gt;&lt;td&gt;1.55&lt;/td&gt;&lt;/tr&gt;&lt;tr&gt;&lt;td&gt;Cleaver&lt;/td&gt;&lt;td&gt;1.69&lt;/td&gt;&lt;/tr&gt;&lt;tr&gt;&lt;td&gt;Oxide&lt;/td&gt;&lt;td&gt;1.8&lt;/td&gt;&lt;/tr&gt;&lt;tr&gt;&lt;td&gt;Rainstorm&lt;/td&gt;&lt;td&gt;1.91&lt;/td&gt;&lt;/tr&gt;&lt;tr&gt;&lt;td&gt;Lurch&lt;/td&gt;&lt;td&gt;2&lt;/td&gt;&lt;/tr&gt;&lt;tr&gt;&lt;td&gt;Maroon&lt;/td&gt;&lt;td&gt;2.08&lt;/td&gt;&lt;/tr&gt;&lt;tr&gt;&lt;td&gt;Driftwood&lt;/td&gt;&lt;td&gt;2.23&lt;/td&gt;&lt;/tr&gt;&lt;tr&gt;&lt;td&gt;Cleat&lt;/td&gt;&lt;td&gt;2.4&lt;/td&gt;&lt;/tr&gt;&lt;tr&gt;&lt;td&gt;Walnut&lt;/td&gt;&lt;td&gt;2.67&lt;/td&gt;&lt;/tr&gt;&lt;tr&gt;&lt;td&gt;Turd&lt;/td&gt;&lt;td&gt;3.78&lt;/td&gt;&lt;/tr&gt;&lt;/tbody&gt;&lt;/table&gt;
</infon><offset>8205</offset><text>Word	Mean humor rating (Pilot)	 	Drought	1.13	 	Deathbed	1.55	 	Cleaver	1.69	 	Oxide	1.8	 	Rainstorm	1.91	 	Lurch	2	 	Maroon	2.08	 	Driftwood	2.23	 	Cleat	2.4	 	Walnut	2.67	 	Turd	3.78	 	</text></passage><passage><infon key="section_type">METHODS</infon><infon key="type">paragraph</infon><offset>8393</offset><text>Participants provide information in response to demographic questions (age, gender, language, country growing up, and education), the humor rating of calibrator words, and the humor rating of 200 words randomly sampled from the pool of 5,000 words. The calibrator words are a list of 11 words that spanned the range of humor rating in a pilot study (with 150 participants and 500 randomly sampled words). The calibrator words are presented in Table 1. Following previous studies (e.g., Brysbaert et al.,; Warriner et al.,), participants saw the calibrator words first, with the aim of showing the participant the range of the humor scale and increasing the reliability of subsequent ratings. The calibrator words were followed by the random sample of 200 words. The word sample was different for each participant, generated in real time when the participant opened the online questionnaire. </text></passage><passage><infon key="section_type">METHODS</infon><infon key="type">title_2</infon><offset>9285</offset><text>Data collection and participants</text></passage><passage><infon key="section_type">METHODS</infon><infon key="type">paragraph</infon><offset>9318</offset><text>You will rate how you felt while reading each word. There will be approximately 200 words. The rating scale ranges from 1 (humorless = not funny at all) to 5 (humorous = most funny). At one extreme of the scale, you find the word dull or unfunny; in that case, you should give the word a rating of 1. At the other extreme of the scale, you feel the word is amusing or likely to be associated with humorous thought or language (for example, it is absurd, amusing, hilarious, playful, silly, whimsical, or laughable); in this case, you should give the word a rating of 5. The scale also allows you to describe intermediate of humor; if you feel the word is neutral (neither humorous nor humorless), select the middle of the scale (rating 3).</text></passage><passage><infon key="section_type">METHODS</infon><infon key="type">paragraph</infon><offset>10058</offset><text>After you fill out some basic information about yourself, a word list will appear. Simply click the most accurate humor rating for each word. Once you finish rating the words, we will ask you a couple of questions about the way you use humor. Please work at a rapid pace and don't spend too much time thinking about each word. Rather, make your ratings based on your first and immediate reaction as you read each word.</text></passage><passage><infon key="section_type">METHODS</infon><infon key="type">paragraph</infon><offset>10477</offset><text>Participants were recruited using Amazon Mechanical Turk. Any registered member of Amazon Mechanical Turk was allowed to participate, with the requirement of fully completing the study (partial data was not recorded), and only doing the study once. Upon accepting the study, the participant was redirected to a website that delivered the instructions and words for rating. The introduction read as follows: </text></passage><passage><infon key="section_type">METHODS</infon><infon key="type">paragraph</infon><offset>10885</offset><text>The introduction was followed by the list of 211 words, each word having five buttons presented just below it, numbered from 1 to 5, with the extremes labeled “humorless” (1) and “humorous” (5). The first 11 words were the calibrator words. The combination of the remaining 200 words was different across participants. After selecting a rating for a word, the word disappeared from the list. Upon rating all words, the participant could press the “Submit” button. The participant was then presented with a debrief page and directed back to Amazon. Each participant was paid US$1. The study took approximately 15 min to complete, including reading the instructions and the debrief page.</text></passage><passage><infon key="section_type">RESULTS</infon><infon key="type">title_1</infon><offset>11584</offset><text>Results</text></passage><passage><infon key="section_type">RESULTS</infon><infon key="type">title_2</infon><offset>11592</offset><text>Data trimming</text></passage><passage><infon key="section_type">RESULTS</infon><infon key="type">paragraph</infon><offset>11606</offset><text>The data were presented to 950 participants. 102 participants were removed due to incomplete submissions, errors in the data and improperly submitting their responses. Five participants were removed due to low variability of their responses (the standard deviation of their humor ratings, on a 1–5 scale, was smaller than 0.2, indicating they chose roughly the same value for all words). Twenty-two participants were removed because they indicated their primary language was not English. The final data consisted of 821 participants. The raw data had 173,231 individual data points, referring to a single rating of a single word. Ratings were collected for 4,997 words, with each word rated by at least 15 participants. The average number of participants rating a word was 33 (M = 32.93, SD = 5.64, n = 4986). The 11 calibrators were rated by all 821 participants.</text></passage><passage><infon key="section_type">RESULTS</infon><infon key="type">title_2</infon><offset>12473</offset><text>Demographics</text></passage><passage><infon key="file">Tab2.xml</infon><infon key="id">Tab2</infon><infon key="section_type">TABLE</infon><infon key="type">table_caption</infon><offset>12486</offset><text>Education distribution of the participants</text></passage><passage><infon key="file">Tab2.xml</infon><infon key="id">Tab2</infon><infon key="section_type">TABLE</infon><infon key="type">table</infon><infon key="xml">&lt;?xml version=&quot;1.0&quot; encoding=&quot;UTF-8&quot;?&gt;
&lt;table frame=&quot;hsides&quot; rules=&quot;groups&quot;&gt;&lt;thead&gt;&lt;tr&gt;&lt;th&gt;Education type&lt;/th&gt;&lt;th&gt;
&lt;italic&gt;Number of participants&lt;/italic&gt;
&lt;/th&gt;&lt;th&gt;
&lt;italic&gt;% of participants&lt;/italic&gt;
&lt;/th&gt;&lt;/tr&gt;&lt;/thead&gt;&lt;tbody&gt;&lt;tr&gt;&lt;td&gt;Elementary School&lt;/td&gt;&lt;td&gt;5&lt;/td&gt;&lt;td&gt;&amp;lt;1%&lt;/td&gt;&lt;/tr&gt;&lt;tr&gt;&lt;td&gt;Some High School&lt;/td&gt;&lt;td&gt;5&lt;/td&gt;&lt;td&gt;&amp;lt;1%&lt;/td&gt;&lt;/tr&gt;&lt;tr&gt;&lt;td&gt;High School Diploma&lt;/td&gt;&lt;td&gt;235&lt;/td&gt;&lt;td&gt;29%&lt;/td&gt;&lt;/tr&gt;&lt;tr&gt;&lt;td&gt;Undergraduate Degree&lt;/td&gt;&lt;td&gt;434&lt;/td&gt;&lt;td&gt;53%&lt;/td&gt;&lt;/tr&gt;&lt;tr&gt;&lt;td&gt;Postgraduate Degree&lt;/td&gt;&lt;td&gt;126&lt;/td&gt;&lt;td&gt;15%&lt;/td&gt;&lt;/tr&gt;&lt;tr&gt;&lt;td&gt;Higher than Postgraduate Degree&lt;/td&gt;&lt;td&gt;16&lt;/td&gt;&lt;td&gt;2%&lt;/td&gt;&lt;/tr&gt;&lt;/tbody&gt;&lt;/table&gt;
</infon><offset>12529</offset><text>Education type	Number of participants	% of participants	 	Elementary School	5	&lt;1%	 	Some High School	5	&lt;1%	 	High School Diploma	235	29%	 	Undergraduate Degree	434	53%	 	Postgraduate Degree	126	15%	 	Higher than Postgraduate Degree	16	2%	 	</text></passage><passage><infon key="section_type">RESULTS</infon><infon key="type">paragraph</infon><offset>12770</offset><text>Participants identified as female in 478 cases (58%), as male in 341 cases (42%), and two participants chose not to answer (&lt;1%). The mean age of participants was 35 years (M = 35.37, SD = 11.74, n = 821), ranging from 18 to 78 years. Table 2 presents the education demographics. </text></passage><passage><infon key="section_type">RESULTS</infon><infon key="type">title_2</infon><offset>13053</offset><text>Humor ratings</text></passage><passage><infon key="file">Tab3.xml</infon><infon key="id">Tab3</infon><infon key="section_type">TABLE</infon><infon key="type">table_caption</infon><offset>13067</offset><text>Descriptive statistics of mean humor ratings (MHR)</text></passage><passage><infon key="file">Tab3.xml</infon><infon key="id">Tab3</infon><infon key="section_type">TABLE</infon><infon key="type">table</infon><infon key="xml">&lt;?xml version=&quot;1.0&quot; encoding=&quot;UTF-8&quot;?&gt;
&lt;table frame=&quot;hsides&quot; rules=&quot;groups&quot;&gt;&lt;thead&gt;&lt;tr&gt;&lt;th&gt;Statistic&lt;/th&gt;&lt;th&gt;
&lt;italic&gt;Value&lt;/italic&gt;
&lt;/th&gt;&lt;/tr&gt;&lt;/thead&gt;&lt;tbody&gt;&lt;tr&gt;&lt;td&gt;Mean&lt;/td&gt;&lt;td char=&quot;.&quot; align=&quot;char&quot;&gt;2.41&lt;/td&gt;&lt;/tr&gt;&lt;tr&gt;&lt;td&gt;Standard deviation&lt;/td&gt;&lt;td char=&quot;.&quot; align=&quot;char&quot;&gt;0.44&lt;/td&gt;&lt;/tr&gt;&lt;tr&gt;&lt;td&gt;Median&lt;/td&gt;&lt;td char=&quot;.&quot; align=&quot;char&quot;&gt;2.34&lt;/td&gt;&lt;/tr&gt;&lt;tr&gt;&lt;td&gt;Minimum&lt;/td&gt;&lt;td char=&quot;.&quot; align=&quot;char&quot;&gt;1.18&lt;/td&gt;&lt;/tr&gt;&lt;tr&gt;&lt;td&gt;Maximum&lt;/td&gt;&lt;td char=&quot;.&quot; align=&quot;char&quot;&gt;4.32&lt;/td&gt;&lt;/tr&gt;&lt;tr&gt;&lt;td&gt;Skew&lt;/td&gt;&lt;td char=&quot;.&quot; align=&quot;char&quot;&gt;0.78&lt;/td&gt;&lt;/tr&gt;&lt;tr&gt;&lt;td&gt;Kurtosis&lt;/td&gt;&lt;td char=&quot;.&quot; align=&quot;char&quot;&gt;0.87&lt;/td&gt;&lt;/tr&gt;&lt;/tbody&gt;&lt;/table&gt;
</infon><offset>13118</offset><text>Statistic	Value	 	Mean	2.41	 	Standard deviation	0.44	 	Median	2.34	 	Minimum	1.18	 	Maximum	4.32	 	Skew	0.78	 	Kurtosis	0.87	 	</text></passage><passage><infon key="file">Tab4.xml</infon><infon key="id">Tab4</infon><infon key="section_type">TABLE</infon><infon key="type">table_caption</infon><offset>13247</offset><text>Words with the most extreme mean humor ratings</text></passage><passage><infon key="file">Tab4.xml</infon><infon key="id">Tab4</infon><infon key="section_type">TABLE</infon><infon key="type">table</infon><infon key="xml">&lt;?xml version=&quot;1.0&quot; encoding=&quot;UTF-8&quot;?&gt;
&lt;table frame=&quot;hsides&quot; rules=&quot;groups&quot;&gt;&lt;thead&gt;&lt;tr&gt;&lt;th&gt;Positive extreme&lt;/th&gt;&lt;th&gt;
&lt;italic&gt;Negative extreme&lt;/italic&gt;
&lt;/th&gt;&lt;/tr&gt;&lt;/thead&gt;&lt;tbody&gt;&lt;tr&gt;&lt;td&gt;Booty (4.32)&lt;/td&gt;&lt;td&gt;Rape (1.18)&lt;/td&gt;&lt;/tr&gt;&lt;tr&gt;&lt;td&gt;Tit (4.25)&lt;/td&gt;&lt;td&gt;Torture (1.26)&lt;/td&gt;&lt;/tr&gt;&lt;tr&gt;&lt;td&gt;Booby (4.13)&lt;/td&gt;&lt;td&gt;Torment (1.3)&lt;/td&gt;&lt;/tr&gt;&lt;tr&gt;&lt;td&gt;Hooter (4.13)&lt;/td&gt;&lt;td&gt;Gunshot (1.31)&lt;/td&gt;&lt;/tr&gt;&lt;tr&gt;&lt;td&gt;Nitwit (4.03)&lt;/td&gt;&lt;td&gt;Death (1.32)&lt;/td&gt;&lt;/tr&gt;&lt;tr&gt;&lt;td&gt;Twit (4)&lt;/td&gt;&lt;td&gt;Nightmare (1.33)&lt;/td&gt;&lt;/tr&gt;&lt;tr&gt;&lt;td&gt;Waddle (4)&lt;/td&gt;&lt;td&gt;War (1.33)&lt;/td&gt;&lt;/tr&gt;&lt;tr&gt;&lt;td&gt;Tinkle (3.94)&lt;/td&gt;&lt;td&gt;Trauma (1.35)&lt;/td&gt;&lt;/tr&gt;&lt;tr&gt;&lt;td&gt;Bebop (3.93)&lt;/td&gt;&lt;td&gt;Rapist (1.37)&lt;/td&gt;&lt;/tr&gt;&lt;tr&gt;&lt;td&gt;Egghead (3.92)&lt;/td&gt;&lt;td&gt;Distrust (1.38)&lt;/td&gt;&lt;/tr&gt;&lt;tr&gt;&lt;td&gt;Ass (3.92)&lt;/td&gt;&lt;td&gt;Deathbed (1.39)&lt;/td&gt;&lt;/tr&gt;&lt;tr&gt;&lt;td&gt;Twerp (3.92)&lt;/td&gt;&lt;td&gt;Pain (1.39)&lt;/td&gt;&lt;/tr&gt;&lt;/tbody&gt;&lt;/table&gt;
</infon><offset>13294</offset><text>Positive extreme	Negative extreme	 	Booty (4.32)	Rape (1.18)	 	Tit (4.25)	Torture (1.26)	 	Booby (4.13)	Torment (1.3)	 	Hooter (4.13)	Gunshot (1.31)	 	Nitwit (4.03)	Death (1.32)	 	Twit (4)	Nightmare (1.33)	 	Waddle (4)	War (1.33)	 	Tinkle (3.94)	Trauma (1.35)	 	Bebop (3.93)	Rapist (1.37)	 	Egghead (3.92)	Distrust (1.38)	 	Ass (3.92)	Deathbed (1.39)	 	Twerp (3.92)	Pain (1.39)	 	</text></passage><passage><infon key="section_type">RESULTS</infon><infon key="type">paragraph</infon><offset>13675</offset><text>For each word, all of the humor ratings were summed and divided by the number of participants rating the word. This resulted in a Mean Humor Rating (MHR) of each word. The split-half reliability of the individual ratings was 0.64, slightly lower than previously collected for arousal ratings (0.69 in Warriner, Kuperman, &amp; Brysbaert,). This suggests there are considerable individual differences, which may be of interest for future research. The MHR for each word is provided in the supplementary material. MHR were also computed for each gender separately. Table 3 and 4 shows the descriptive statistics of MHR across all participants.  </text></passage><passage><infon key="file">13428_2017_930_Fig1_HTML.jpg</infon><infon key="id">Fig1</infon><infon key="section_type">FIG</infon><infon key="type">fig_caption</infon><offset>14315</offset><text>Distribution of mean humor ratings (MHR) across 4,997 English words. The distribution of MHR covers a range of 3.14 units. The most humorless word in the norms is “rape” (1.18) and the most humorous word is “booty” (4.32). Table 4 lists the 12 most extreme words at the end of the distribution</text></passage><passage><infon key="section_type">RESULTS</infon><infon key="type">paragraph</infon><offset>14618</offset><text>The MHR distribution was positively skewed, indicating that more words are rated as humorless than humorous. This is in contrast to previously collected valence norms, which tend to be negatively skewed. People have an intrinsic positive bias for valence, interpreting most words as positive (Dodds et al.,; Warinner et al.,). For humor, the opposite is true – most words are rated closer to humorless than humorous. The shape of the MHR distribution is shown in Fig. 1. </text></passage><passage><infon key="file">13428_2017_930_Fig2_HTML.jpg</infon><infon key="id">Fig2</infon><infon key="section_type">FIG</infon><infon key="type">fig_caption</infon><offset>15093</offset><text>Distribution of ratings over all participants for each of the 11 calibrator words</text></passage><passage><infon key="section_type">RESULTS</infon><infon key="type">paragraph</infon><offset>15175</offset><text>The calibrator words were presented to all 821 participants. Their distributions were calculated individually. To provide an indication of how words across the distribution are rated by all of the participants, Fig. 2 presents the distributions for each of the calibrator words separately. </text></passage><passage><infon key="section_type">RESULTS</infon><infon key="type">title_2</infon><offset>15467</offset><text>Correlations</text></passage><passage><infon key="file">Tab5.xml</infon><infon key="id">Tab5</infon><infon key="section_type">TABLE</infon><infon key="type">table_caption</infon><offset>15480</offset><text>Correlations between 11 lexical measures</text></passage><passage><infon key="file">Tab5.xml</infon><infon key="id">Tab5</infon><infon key="section_type">TABLE</infon><infon key="type">table</infon><infon key="xml">&lt;?xml version=&quot;1.0&quot; encoding=&quot;UTF-8&quot;?&gt;
&lt;table frame=&quot;hsides&quot; rules=&quot;groups&quot;&gt;&lt;thead&gt;&lt;tr&gt;&lt;th colspan=&quot;2&quot;&gt;Variable&lt;/th&gt;&lt;th&gt;1&lt;/th&gt;&lt;th&gt;2&lt;/th&gt;&lt;th&gt;3&lt;/th&gt;&lt;th&gt;4&lt;/th&gt;&lt;th&gt;5&lt;/th&gt;&lt;th&gt;6&lt;/th&gt;&lt;th&gt;7&lt;/th&gt;&lt;th&gt;8&lt;/th&gt;&lt;th&gt;9&lt;/th&gt;&lt;th&gt;10&lt;/th&gt;&lt;th&gt;11&lt;/th&gt;&lt;/tr&gt;&lt;/thead&gt;&lt;tbody&gt;&lt;tr&gt;&lt;td align=&quot;left&quot;&gt;1&lt;/td&gt;&lt;td&gt;Mean Humor Rating&lt;/td&gt;&lt;td/&gt;&lt;td/&gt;&lt;td/&gt;&lt;td/&gt;&lt;td/&gt;&lt;td/&gt;&lt;td/&gt;&lt;td/&gt;&lt;td/&gt;&lt;td/&gt;&lt;td/&gt;&lt;/tr&gt;&lt;tr&gt;&lt;td align=&quot;left&quot;&gt;2&lt;/td&gt;&lt;td&gt;Age of Acquisition&lt;/td&gt;&lt;td align=&quot;left&quot;&gt;0.08&lt;/td&gt;&lt;td align=&quot;left&quot;/&gt;&lt;td/&gt;&lt;td/&gt;&lt;td/&gt;&lt;td/&gt;&lt;td/&gt;&lt;td/&gt;&lt;td/&gt;&lt;td/&gt;&lt;td/&gt;&lt;/tr&gt;&lt;tr&gt;&lt;td&gt;3&lt;/td&gt;&lt;td&gt;Word Length&lt;/td&gt;&lt;td&gt;-0.06&lt;/td&gt;&lt;td&gt;0.26&lt;/td&gt;&lt;td/&gt;&lt;td/&gt;&lt;td/&gt;&lt;td/&gt;&lt;td/&gt;&lt;td/&gt;&lt;td/&gt;&lt;td/&gt;&lt;td/&gt;&lt;/tr&gt;&lt;tr&gt;&lt;td&gt;4&lt;/td&gt;&lt;td&gt;Frequency (BNC)&lt;/td&gt;&lt;td&gt;-0.42&lt;/td&gt;&lt;td&gt;-0.40&lt;/td&gt;&lt;td&gt;-0.26&lt;/td&gt;&lt;td/&gt;&lt;td/&gt;&lt;td/&gt;&lt;td/&gt;&lt;td/&gt;&lt;td/&gt;&lt;td/&gt;&lt;td/&gt;&lt;/tr&gt;&lt;tr&gt;&lt;td&gt;5&lt;/td&gt;&lt;td&gt;Frequency (SUBTLEX)&lt;/td&gt;&lt;td&gt;-0.30&lt;/td&gt;&lt;td&gt;-0.57&lt;/td&gt;&lt;td&gt;-0.33&lt;/td&gt;&lt;td&gt;0.78&lt;/td&gt;&lt;td/&gt;&lt;td/&gt;&lt;td/&gt;&lt;td/&gt;&lt;td/&gt;&lt;td/&gt;&lt;td/&gt;&lt;/tr&gt;&lt;tr&gt;&lt;td&gt;6&lt;/td&gt;&lt;td&gt;Lexicality RT&lt;/td&gt;&lt;td&gt;0.27&lt;/td&gt;&lt;td&gt;0.56&lt;/td&gt;&lt;td&gt;0.30&lt;/td&gt;&lt;td&gt;-0.71&lt;/td&gt;&lt;td&gt;-0.73&lt;/td&gt;&lt;td/&gt;&lt;td/&gt;&lt;td/&gt;&lt;td/&gt;&lt;td/&gt;&lt;td/&gt;&lt;/tr&gt;&lt;tr&gt;&lt;td&gt;7&lt;/td&gt;&lt;td&gt;Valence&lt;/td&gt;&lt;td&gt;0.09&lt;/td&gt;&lt;td&gt;-0.29&lt;/td&gt;&lt;td&gt;0.03&lt;/td&gt;&lt;td&gt;0.23&lt;/td&gt;&lt;td&gt;0.19&lt;/td&gt;&lt;td&gt;-0.22&lt;/td&gt;&lt;td/&gt;&lt;td/&gt;&lt;td/&gt;&lt;td/&gt;&lt;td/&gt;&lt;/tr&gt;&lt;tr&gt;&lt;td&gt;8&lt;/td&gt;&lt;td&gt;Arousal&lt;/td&gt;&lt;td&gt;0.05&lt;/td&gt;&lt;td&gt;0.07&lt;/td&gt;&lt;td&gt;0.05&lt;/td&gt;&lt;td&gt;-0.06&lt;/td&gt;&lt;td&gt;0.07&lt;/td&gt;&lt;td&gt;-0.04&lt;/td&gt;&lt;td&gt;-0.16&lt;/td&gt;&lt;td/&gt;&lt;td/&gt;&lt;td/&gt;&lt;td/&gt;&lt;/tr&gt;&lt;tr&gt;&lt;td&gt;9&lt;/td&gt;&lt;td&gt;Dominance&lt;/td&gt;&lt;td&gt;0.01&lt;/td&gt;&lt;td&gt;-0.22&lt;/td&gt;&lt;td&gt;0.00&lt;/td&gt;&lt;td&gt;0.23&lt;/td&gt;&lt;td&gt;0.18&lt;/td&gt;&lt;td&gt;-0.20&lt;/td&gt;&lt;td&gt;0.61&lt;/td&gt;&lt;td&gt;-0.15&lt;/td&gt;&lt;td/&gt;&lt;td/&gt;&lt;td/&gt;&lt;/tr&gt;&lt;tr&gt;&lt;td&gt;10&lt;/td&gt;&lt;td&gt;Concreteness&lt;/td&gt;&lt;td&gt;0.12&lt;/td&gt;&lt;td&gt;-0.35&lt;/td&gt;&lt;td&gt;-0.05&lt;/td&gt;&lt;td&gt;-0.11&lt;/td&gt;&lt;td&gt;0.00&lt;/td&gt;&lt;td&gt;-0.05&lt;/td&gt;&lt;td&gt;0.11&lt;/td&gt;&lt;td&gt;-0.18&lt;/td&gt;&lt;td&gt;0.05&lt;/td&gt;&lt;td/&gt;&lt;td/&gt;&lt;/tr&gt;&lt;tr&gt;&lt;td&gt;11&lt;/td&gt;&lt;td&gt;Frequency (ANC)&lt;/td&gt;&lt;td&gt;-0.40&lt;/td&gt;&lt;td&gt;-0.38&lt;/td&gt;&lt;td&gt;-0.27&lt;/td&gt;&lt;td&gt;0.88&lt;/td&gt;&lt;td&gt;0.78&lt;/td&gt;&lt;td&gt;-0.68&lt;/td&gt;&lt;td&gt;0.22&lt;/td&gt;&lt;td&gt;0.00&lt;/td&gt;&lt;td&gt;0.22&lt;/td&gt;&lt;td&gt;-0.15&lt;/td&gt;&lt;td/&gt;&lt;/tr&gt;&lt;/tbody&gt;&lt;/table&gt;
</infon><offset>15521</offset><text>Variable	1	2	3	4	5	6	7	8	9	10	11	 	1	Mean Humor Rating												 	2	Age of Acquisition	0.08											 	3	Word Length	-0.06	0.26										 	4	Frequency (BNC)	-0.42	-0.40	-0.26									 	5	Frequency (SUBTLEX)	-0.30	-0.57	-0.33	0.78								 	6	Lexicality RT	0.27	0.56	0.30	-0.71	-0.73							 	7	Valence	0.09	-0.29	0.03	0.23	0.19	-0.22						 	8	Arousal	0.05	0.07	0.05	-0.06	0.07	-0.04	-0.16					 	9	Dominance	0.01	-0.22	0.00	0.23	0.18	-0.20	0.61	-0.15				 	10	Concreteness	0.12	-0.35	-0.05	-0.11	0.00	-0.05	0.11	-0.18	0.05			 	11	Frequency (ANC)	-0.40	-0.38	-0.27	0.88	0.78	-0.68	0.22	0.00	0.22	-0.15		 	</text></passage><passage><infon key="section_type">RESULTS</infon><infon key="type">paragraph</infon><offset>16125</offset><text>Table 5 shows the correlations of the MHR with other linguistic metrics available from existing norms. The strongest correlation is with frequency (British National Corpus), with less frequent words rated as more humorous. Words less frequent in SUBTLEX (movie subtitles) were also rated as more humorous. Words that are associated with longer reaction times in lexical decision tasks were also rated as more humorous. </text></passage><passage><infon key="section_type">RESULTS</infon><infon key="type">title_2</infon><offset>16545</offset><text>Gender differences</text></passage><passage><infon key="file">Tab6.xml</infon><infon key="id">Tab6</infon><infon key="section_type">TABLE</infon><infon key="type">table_caption</infon><offset>16564</offset><text>Words with the largest differences between male and female ratings</text></passage><passage><infon key="file">Tab6.xml</infon><infon key="id">Tab6</infon><infon key="section_type">TABLE</infon><infon key="type">table</infon><infon key="xml">&lt;?xml version=&quot;1.0&quot; encoding=&quot;UTF-8&quot;?&gt;
&lt;table frame=&quot;hsides&quot; rules=&quot;groups&quot;&gt;&lt;thead&gt;&lt;tr&gt;&lt;th&gt;Words rated more humorous by males&lt;/th&gt;&lt;th&gt;
&lt;italic&gt;Words rated more humorous by females&lt;/italic&gt;
&lt;/th&gt;&lt;/tr&gt;&lt;/thead&gt;&lt;tbody&gt;&lt;tr&gt;&lt;td&gt;Bondage (1.55)&lt;/td&gt;&lt;td&gt;Giggle (-1.92)&lt;/td&gt;&lt;/tr&gt;&lt;tr&gt;&lt;td&gt;Birthmark (1.47)&lt;/td&gt;&lt;td&gt;Beast (-1.61)&lt;/td&gt;&lt;/tr&gt;&lt;tr&gt;&lt;td&gt;Orgy (1.47)&lt;/td&gt;&lt;td&gt;Circus (-1.6)&lt;/td&gt;&lt;/tr&gt;&lt;tr&gt;&lt;td&gt;Brand (1.46)&lt;/td&gt;&lt;td&gt;Grand (-1.5)&lt;/td&gt;&lt;/tr&gt;&lt;tr&gt;&lt;td&gt;Chauffeur (1.35)&lt;/td&gt;&lt;td&gt;Juju (-1.45)&lt;/td&gt;&lt;/tr&gt;&lt;tr&gt;&lt;td&gt;Doze (1.34)&lt;/td&gt;&lt;td&gt;Humbug (-1.38)&lt;/td&gt;&lt;/tr&gt;&lt;tr&gt;&lt;td&gt;Buzzard (1.34)&lt;/td&gt;&lt;td&gt;Slicker (-1.38)&lt;/td&gt;&lt;/tr&gt;&lt;tr&gt;&lt;td&gt;Czar (1.30)&lt;/td&gt;&lt;td&gt;Sweat (-1.38)&lt;/td&gt;&lt;/tr&gt;&lt;tr&gt;&lt;td&gt;Weld (1.29)&lt;/td&gt;&lt;td&gt;Ennui (-1.36)&lt;/td&gt;&lt;/tr&gt;&lt;tr&gt;&lt;td&gt;Prod (1.27)&lt;/td&gt;&lt;td&gt;Holder (-1.35)&lt;/td&gt;&lt;/tr&gt;&lt;tr&gt;&lt;td&gt;Corn (1.27)&lt;/td&gt;&lt;td&gt;Momma (-1.35)&lt;/td&gt;&lt;/tr&gt;&lt;tr&gt;&lt;td&gt;Raccoon (1.26)&lt;/td&gt;&lt;td&gt;Sod (-1.35)&lt;/td&gt;&lt;/tr&gt;&lt;/tbody&gt;&lt;/table&gt;
</infon><offset>16631</offset><text>Words rated more humorous by males	Words rated more humorous by females	 	Bondage (1.55)	Giggle (-1.92)	 	Birthmark (1.47)	Beast (-1.61)	 	Orgy (1.47)	Circus (-1.6)	 	Brand (1.46)	Grand (-1.5)	 	Chauffeur (1.35)	Juju (-1.45)	 	Doze (1.34)	Humbug (-1.38)	 	Buzzard (1.34)	Slicker (-1.38)	 	Czar (1.30)	Sweat (-1.38)	 	Weld (1.29)	Ennui (-1.36)	 	Prod (1.27)	Holder (-1.35)	 	Corn (1.27)	Momma (-1.35)	 	Raccoon (1.26)	Sod (-1.35)	 	</text></passage><passage><infon key="file">Tab6.xml</infon><infon key="id">Tab6</infon><infon key="section_type">TABLE</infon><infon key="type">table_foot</infon><offset>17063</offset><text>
Note. Numbers in brackets are the difference in ratings between genders. They are computed as MHRM – MHRF: a positive value means the word is rated as more humorous by males, a negative value means it was rated as more humorous by females</text></passage><passage><infon key="section_type">RESULTS</infon><infon key="type">paragraph</infon><offset>17305</offset><text>The mean ratings for the two genders were identical (M M = 2.41, SD M = 0.51; M F = 2.41, SD F = 0.48; males and females rate the same number of words, n = 4,997). The male and female ratings are strongly correlated, r(4,995) = .60, p &lt; .001. There are, however, gender differences in the ratings of individual words. Table 6 shows words with the biggest disagreement between genders. </text></passage><passage><infon key="file">13428_2017_930_Fig3_HTML.jpg</infon><infon key="id">Fig3</infon><infon key="section_type">FIG</infon><infon key="type">fig_caption</infon><offset>17693</offset><text>A plot of male and female mean humor ratings (MHR) for each of the 4,997 words. Words having an absolute gender difference larger than 1.25 are labeled in red. The blue line has an equation of y = x. Slight jittering was applied to the word labels to improve readability</text></passage><passage><infon key="section_type">RESULTS</infon><infon key="type">paragraph</infon><offset>17964</offset><text>The words of biggest disagreement are in essence the outliers of an MHRM – MHRF plot, where MHRM is the mean humor rating of male participants and MHRF is the mean humor rating of female participants. This relationship is shown in Fig. 3. </text></passage><passage><infon key="file">Tab7.xml</infon><infon key="id">Tab7</infon><infon key="section_type">TABLE</infon><infon key="type">table_caption</infon><offset>18207</offset><text>Words with the lowest differences in gender, while scoring high on mean humor rating (MHR)</text></passage><passage><infon key="file">Tab7.xml</infon><infon key="id">Tab7</infon><infon key="section_type">TABLE</infon><infon key="type">table</infon><infon key="xml">&lt;?xml version=&quot;1.0&quot; encoding=&quot;UTF-8&quot;?&gt;
&lt;table frame=&quot;hsides&quot; rules=&quot;groups&quot;&gt;&lt;thead&gt;&lt;tr&gt;&lt;th&gt;MHR&lt;/th&gt;&lt;th&gt;
&lt;italic&gt;Gender difference (MHR&lt;/italic&gt;
&lt;sub&gt;&lt;italic&gt;M&lt;/italic&gt;&lt;/sub&gt;
&lt;italic&gt;– MHR&lt;/italic&gt;
&lt;sub&gt;&lt;italic&gt;F&lt;/italic&gt;&lt;/sub&gt;
&lt;italic&gt;)&lt;/italic&gt;
&lt;/th&gt;&lt;/tr&gt;&lt;/thead&gt;&lt;tbody&gt;&lt;tr&gt;&lt;td&gt;Chug (3.73)&lt;/td&gt;&lt;td char=&quot;.&quot; align=&quot;char&quot;&gt;-0.01&lt;/td&gt;&lt;/tr&gt;&lt;tr&gt;&lt;td&gt;Fluff (3.72)&lt;/td&gt;&lt;td char=&quot;.&quot; align=&quot;char&quot;&gt;0.02&lt;/td&gt;&lt;/tr&gt;&lt;tr&gt;&lt;td&gt;Scrotum (3.68)&lt;/td&gt;&lt;td char=&quot;.&quot; align=&quot;char&quot;&gt;0.03&lt;/td&gt;&lt;/tr&gt;&lt;tr&gt;&lt;td&gt;Jabber (3.65)&lt;/td&gt;&lt;td char=&quot;.&quot; align=&quot;char&quot;&gt;-0.00&lt;/td&gt;&lt;/tr&gt;&lt;tr&gt;&lt;td&gt;Joke (3.64)&lt;/td&gt;&lt;td char=&quot;.&quot; align=&quot;char&quot;&gt;-0.03&lt;/td&gt;&lt;/tr&gt;&lt;tr&gt;&lt;td&gt;Buttocks (3.63)&lt;/td&gt;&lt;td char=&quot;.&quot; align=&quot;char&quot;&gt;0.02&lt;/td&gt;&lt;/tr&gt;&lt;tr&gt;&lt;td&gt;Boon (3.49)&lt;/td&gt;&lt;td char=&quot;.&quot; align=&quot;char&quot;&gt;0.02&lt;/td&gt;&lt;/tr&gt;&lt;tr&gt;&lt;td&gt;Yank (3.32)&lt;/td&gt;&lt;td char=&quot;.&quot; align=&quot;char&quot;&gt;0.00&lt;/td&gt;&lt;/tr&gt;&lt;tr&gt;&lt;td&gt;Tinker (3.31)&lt;/td&gt;&lt;td char=&quot;.&quot; align=&quot;char&quot;&gt;0.02&lt;/td&gt;&lt;/tr&gt;&lt;tr&gt;&lt;td&gt;Prance (3.31)&lt;/td&gt;&lt;td char=&quot;.&quot; align=&quot;char&quot;&gt;0.00&lt;/td&gt;&lt;/tr&gt;&lt;/tbody&gt;&lt;/table&gt;
</infon><offset>18298</offset><text>MHR	Gender difference (MHRM– MHRF)	 	Chug (3.73)	-0.01	 	Fluff (3.72)	0.02	 	Scrotum (3.68)	0.03	 	Jabber (3.65)	-0.00	 	Joke (3.64)	-0.03	 	Buttocks (3.63)	0.02	 	Boon (3.49)	0.02	 	Yank (3.32)	0.00	 	Tinker (3.31)	0.02	 	Prance (3.31)	0.00	 	</text></passage><passage><infon key="file">Tab7.xml</infon><infon key="id">Tab7</infon><infon key="section_type">TABLE</infon><infon key="type">table_foot</infon><offset>18545</offset><text>
Note. The values in the first column show the MHR for both males and females combined. The values in the second column show gender differences, computed as MHRM – MHRF. The words represent the most humorous words in our dataset, which also have the absolute value of the gender difference smaller than .05</text></passage><passage><infon key="section_type">RESULTS</infon><infon key="type">paragraph</infon><offset>18854</offset><text>Similarly, it’s also possible to show words that males and females have high agreement on. For illustration, we restricted the data to 5% of the words with the lowest disagreement (n = 250). This subsample was then sorted by overall MHR (for both genders), resulting in a list of words that are perceived as humorous by both males and females (see Table 7). Note that the 5% subsampling criterion is arbitrary in this case. We encourage the reader to design and carry out their own, more comprehensive analyses using the dataset. </text></passage><passage><infon key="section_type">RESULTS</infon><infon key="type">title_2</infon><offset>19387</offset><text>Age differences</text></passage><passage><infon key="section_type">RESULTS</infon><infon key="type">paragraph</infon><offset>19403</offset><text>To allow for further investigation of age differences, we also provide the MHR for younger and older participants separately. The mean age of all participants was 35 years (M = 35.37, SD = 11.74, n = 821), with a median value of 32. The two groups (younger and older) were constructed as an outcome of a median split of the dataset. The younger group consists of participants with age ≤32 (n = 424, M = 26.7, SD = 3.52, min = 18, max = 32), the older group of participants with age &gt;32 (n = 397, M = 44.7, SD = 10.2, min = 33, max = 78). The overall humor ratings of the younger participants (M Y = 2.42, SD Y = 0.49) were comparable to those of the older participants (M O = 2.41, SD Y = 0.48). The ratings of the younger and older groups are strongly correlated, r(4,995) = .63, p &lt; .001.</text></passage><passage><infon key="file">Tab8.xml</infon><infon key="id">Tab8</infon><infon key="section_type">TABLE</infon><infon key="type">table_caption</infon><offset>20199</offset><text>Words with the largest rating differences between younger and older participants</text></passage><passage><infon key="file">Tab8.xml</infon><infon key="id">Tab8</infon><infon key="section_type">TABLE</infon><infon key="type">table</infon><infon key="xml">&lt;?xml version=&quot;1.0&quot; encoding=&quot;UTF-8&quot;?&gt;
&lt;table frame=&quot;hsides&quot; rules=&quot;groups&quot;&gt;&lt;thead&gt;&lt;tr&gt;&lt;th&gt;Words rated more humorous by younger&lt;/th&gt;&lt;th&gt;
&lt;italic&gt;Words rated more humorous by older&lt;/italic&gt;
&lt;/th&gt;&lt;/tr&gt;&lt;/thead&gt;&lt;tbody&gt;&lt;tr&gt;&lt;td&gt;Goatee (1.49)&lt;/td&gt;&lt;td&gt;Caddie (-1.56)&lt;/td&gt;&lt;/tr&gt;&lt;tr&gt;&lt;td&gt;Reform (1.46)&lt;/td&gt;&lt;td&gt;Birthright (-1.45)&lt;/td&gt;&lt;/tr&gt;&lt;tr&gt;&lt;td&gt;Joint (1.43)&lt;/td&gt;&lt;td&gt;Squint (-1.31)&lt;/td&gt;&lt;/tr&gt;&lt;tr&gt;&lt;td&gt;Germ (1.39)&lt;/td&gt;&lt;td&gt;Jingle (-1.28)&lt;/td&gt;&lt;/tr&gt;&lt;tr&gt;&lt;td&gt;Hunchback (1.34)&lt;/td&gt;&lt;td&gt;Burlesque (-1.28)&lt;/td&gt;&lt;/tr&gt;&lt;tr&gt;&lt;td&gt;Frock (1.32)&lt;/td&gt;&lt;td&gt;Bulkhead (-1.27)&lt;/td&gt;&lt;/tr&gt;&lt;tr&gt;&lt;td&gt;Rating (1.29)&lt;/td&gt;&lt;td&gt;Limey (-1.26)&lt;/td&gt;&lt;/tr&gt;&lt;tr&gt;&lt;td&gt;Squaw (1.29)&lt;/td&gt;&lt;td&gt;Pixie (-1.26)&lt;/td&gt;&lt;/tr&gt;&lt;tr&gt;&lt;td&gt;Filth (1.25)&lt;/td&gt;&lt;td&gt;Pong (-1.25)&lt;/td&gt;&lt;/tr&gt;&lt;tr&gt;&lt;td&gt;Collie (1.23)&lt;/td&gt;&lt;td&gt;Willow (-1.23)&lt;/td&gt;&lt;/tr&gt;&lt;tr&gt;&lt;td&gt;Squabble (1.19)&lt;/td&gt;&lt;td&gt;Housewife (-1.23)&lt;/td&gt;&lt;/tr&gt;&lt;tr&gt;&lt;td&gt;Gangster (1.15)&lt;/td&gt;&lt;td&gt;Bathing (-1.23)&lt;/td&gt;&lt;/tr&gt;&lt;/tbody&gt;&lt;/table&gt;
</infon><offset>20280</offset><text>Words rated more humorous by younger	Words rated more humorous by older	 	Goatee (1.49)	Caddie (-1.56)	 	Reform (1.46)	Birthright (-1.45)	 	Joint (1.43)	Squint (-1.31)	 	Germ (1.39)	Jingle (-1.28)	 	Hunchback (1.34)	Burlesque (-1.28)	 	Frock (1.32)	Bulkhead (-1.27)	 	Rating (1.29)	Limey (-1.26)	 	Squaw (1.29)	Pixie (-1.26)	 	Filth (1.25)	Pong (-1.25)	 	Collie (1.23)	Willow (-1.23)	 	Squabble (1.19)	Housewife (-1.23)	 	Gangster (1.15)	Bathing (-1.23)	 	</text></passage><passage><infon key="file">Tab8.xml</infon><infon key="id">Tab8</infon><infon key="section_type">TABLE</infon><infon key="type">table_foot</infon><offset>20737</offset><text>
Note. Numbers in brackets are the difference in ratings between age groups. They are computed as MHRY – MHRO: a positive value means the word is rated as more humorous by younger participants, a negative value means it was rated as more humorous by older participants</text></passage><passage><infon key="section_type">RESULTS</infon><infon key="type">paragraph</infon><offset>21008</offset><text>In line with the gender analysis above, it is possible to list words of high disagreement between age groups (i.e. M Y – M O; see Table 8). </text></passage><passage><infon key="section_type">RESULTS</infon><infon key="type">paragraph</infon><offset>21151</offset><text>The supplementary material contains age-separate ratings for each word, allowing for further analyses of age differences in humor ratings.</text></passage><passage><infon key="section_type">DISCUSS</infon><infon key="type">title_1</infon><offset>21290</offset><text>Discussion</text></passage><passage><infon key="section_type">DISCUSS</infon><infon key="type">paragraph</infon><offset>21301</offset><text>Using the ready availability of large online data collection, the present study has created a database of single-word humor ratings. The statistical analyses show that people view words as humorous to a varying extent, with a skew towards seeing the majority of words as humorless. The appraisal of single-word humor can be reliably measured across participants, similarly to that of arousal.</text></passage><passage><infon key="section_type">DISCUSS</infon><infon key="type">paragraph</infon><offset>21694</offset><text>The present study shows examples of analyses that can be carried out with the humor dataset. Specifically, it is possible to show correlational relationships between humor rating and other variables (i.e., frequency and lexical reaction times). This approach may, in turn, inform us on how the underlying mechanisms of humor work, or at the very least, where to look in the future. Additionally, it is possible to investigate gender differences in humor appraisal.</text></passage><passage><infon key="section_type">DISCUSS</infon><infon key="type">paragraph</infon><offset>22159</offset><text>Besides the above-mentioned examples, we identify three fields of interest for future research. First, using existing databases of jokes (e.g., Goldberg, Roeder, Gupta, &amp; Perkins,), the humor ratings make it possible to explore the relationship between the appraisal of humor on the joke level and on the single-word level. Second, the humor norms provide a resource for machine learning methods to establish the best predictors of word level humor, which can later be evaluated in psychological experiments. Third, individual ratings of words in relation to the norms can provide a basis for understanding individual differences in humor styles (e.g., Martin, Puhlik-Doris, Larsen, Gray, &amp; Weir,). Finally, like previous ratings, the humor norms may offer new insights into text analysis and the creation of psychological stimuli.</text></passage><passage><infon key="section_type">SUPPL</infon><infon key="type">title_1</infon><offset>22991</offset><text>Availability</text></passage><passage><infon key="section_type">SUPPL</infon><infon key="type">paragraph</infon><offset>23004</offset><text>The mean humor ratings are freely available as part of our dataset. The data can be accessed at https://github.com/tomasengelthaler/HumorNorms, downloadable as a.csv file. The sheet is organized alphabetically, by word label. It includes the mean humor rating for all participants combined (mean_ALL), along with the standard deviation (sd_ALL) and the number of participants rating a word (n_ALL). The same three variables are available exclusively for participants identifying as male (mean_M/sd_M/n_M) and for those identifying as female (mean_F/sd_F/n_F). Additionally, the variables are also presented according to the median split of age, dividing participants into a younger group (age ≤32; mean_young/sd_young/n_young) and an older group (age &gt;32; mean_old/sd_old/n_old).</text></passage><passage><infon key="section_type">SUPPL</infon><infon key="type">footnote</infon><offset>23786</offset><text>Dutch (Moors et al.,), Finnish (Söderholm, Häyry, Laine, &amp; Karrasch,), French (Monnier, &amp; Syssau,), German (Kanske, &amp; Kotz,), Italian (Montefinese, Ambrosini, Fairfield, &amp; Mammarella,), Portuguese (Soares, Comesaña, Pinheiro, Simões, &amp; Frade,), and Spanish (Redondo, Fraga, Padrón, &amp; Comesaña,).</text></passage><passage><infon key="section_type">REF</infon><infon key="type">title</infon><offset>24088</offset><text>References</text></passage><passage><infon key="fpage">41</infon><infon key="lpage">58</infon><infon key="name_0">surname:Abel;given-names:MH</infon><infon key="name_1">surname:Flick;given-names:J</infon><infon key="pub-id_doi">10.1515/humor-2012-0003</infon><infon key="section_type">REF</infon><infon key="source">Humor</infon><infon key="type">ref</infon><infon key="volume">25</infon><infon key="year">2012</infon><offset>24099</offset><text>Mediation and moderation in ratings of hostile jokes by men and women</text></passage><passage><infon key="section_type">REF</infon><infon key="type">ref</infon><offset>24169</offset><text>Alhothali, A., &amp; Hoey, J. (2015). Good news or bad news: Using affect control theory to analyze readers’ reaction towards news articles. In Proceedings of the 2015 Conference of the North American Chapter of the Association for Computational Linguistics: Human Language Technologies (pp. 1548–1558). Denver, CO: The Association for Computational Linguistics.</text></passage><passage><infon key="fpage">16496</infon><infon key="lpage">16501</infon><infon key="name_0">surname:Azim;given-names:E</infon><infon key="name_1">surname:Mobbs;given-names:D</infon><infon key="name_2">surname:Jo;given-names:B</infon><infon key="name_3">surname:Menon;given-names:V</infon><infon key="name_4">surname:Reiss;given-names:AL</infon><infon key="pub-id_doi">10.1073/pnas.0408456102</infon><infon key="pub-id_pmid">16275931</infon><infon key="section_type">REF</infon><infon key="source">Proceedings of the National Academy of Sciences of the United States of America</infon><infon key="type">ref</infon><infon key="volume">102</infon><infon key="year">2005</infon><offset>24532</offset><text>Sex differences in brain activation elicited by humor</text></passage><passage><infon key="fpage">299</infon><infon key="lpage">303</infon><infon key="name_0">surname:Bellezza;given-names:FS</infon><infon key="name_1">surname:Greenwald;given-names:AG</infon><infon key="name_2">surname:Banaji;given-names:MR</infon><infon key="pub-id_doi">10.3758/BF03204403</infon><infon key="section_type">REF</infon><infon key="source">Behavior Research Methods, Instruments, &amp; Computers</infon><infon key="type">ref</infon><infon key="volume">18</infon><infon key="year">1986</infon><offset>24586</offset><text>Words high and low in pleasantness as rated by male and female college students</text></passage><passage><infon key="fpage">309</infon><infon key="lpage">358</infon><infon key="name_0">surname:Binsted;given-names:K</infon><infon key="name_1">surname:Pain;given-names:H</infon><infon key="name_2">surname:Ritchie;given-names:G</infon><infon key="pub-id_doi">10.1075/pc.5.2.06bin</infon><infon key="section_type">REF</infon><infon key="source">Pragmatics and Cognition</infon><infon key="type">ref</infon><infon key="volume">5</infon><infon key="year">1997</infon><offset>24666</offset><text>Children’s evaluation of computer-generated punning riddles</text></passage><passage><infon key="section_type">REF</infon><infon key="type">ref</infon><offset>24728</offset><text>Bradley, M. M., &amp; Lang, P. J. (1999). Affective norms for English words (ANEW): Instruction manual and affective ratings (pp. 1–45). Technical Report C-1. The Center for Research in Psychophysiology, University of Florida.</text></passage><passage><infon key="fpage">904</infon><infon key="lpage">911</infon><infon key="name_0">surname:Brysbaert;given-names:M</infon><infon key="name_1">surname:Warriner;given-names:AB</infon><infon key="name_2">surname:Kuperman;given-names:V</infon><infon key="pub-id_doi">10.3758/s13428-013-0403-5</infon><infon key="pub-id_pmid">24142837</infon><infon key="section_type">REF</infon><infon key="source">Behavior Research Methods</infon><infon key="type">ref</infon><infon key="volume">46</infon><infon key="year">2014</infon><offset>24953</offset><text>Concreteness ratings for 40 thousand generally known English word lemmas</text></passage><passage><infon key="fpage">464</infon><infon key="lpage">479</infon><infon key="name_0">surname:Cann;given-names:A</infon><infon key="name_1">surname:Collette;given-names:C</infon><infon key="pub-id_doi">10.5964/ejop.v10i3.746</infon><infon key="section_type">REF</infon><infon key="source">Europe’s Journal of Psychology</infon><infon key="type">ref</infon><infon key="volume">10</infon><infon key="year">2014</infon><offset>25026</offset><text>Sense of humor, stable affect, and psychological well-being</text></passage><passage><infon key="section_type">REF</infon><infon key="type">ref</infon><offset>25086</offset><text>Darwin, C. (1872). The Expression of the Emotions in Man and Animals. London: John Murray.</text></passage><passage><infon key="section_type">REF</infon><infon key="type">ref</infon><offset>25177</offset><text>Davidov, D., Tsur, O., &amp; Rappoport, A. (2010). Semi-supervised recognition of sarcastic sentences in twitter and amazon. In Proceedings of the fourteenth conference on computational natural language learning (pp. 107–116). Association for Computational Linguistics.</text></passage><passage><infon key="section_type">REF</infon><infon key="type">ref</infon><offset>25445</offset><text>Dodds, P. S., Clark, E. M., Desu, S., Frank, M. R., Reagan, A. J., Williams, J. R., … Megerdoomian, K. (2015). Human language reveals a universal positivity bias. Proceedings of the National Academy of Sciences, 112, 2389–2394.</text></passage><passage><infon key="fpage">1</infon><infon key="lpage">6</infon><infon key="name_0">surname:Freud;given-names:S</infon><infon key="section_type">REF</infon><infon key="source">International Journal of Psychoanalysis</infon><infon key="type">ref</infon><infon key="volume">9</infon><infon key="year">1928</infon><offset>25679</offset><text>Humour</text></passage><passage><infon key="fpage">141</infon><infon key="lpage">150</infon><infon key="name_0">surname:Fridlund;given-names:AJ</infon><infon key="name_1">surname:Loftis;given-names:JM</infon><infon key="pub-id_doi">10.1016/0301-0511(90)90023-P</infon><infon key="pub-id_pmid">2285764</infon><infon key="section_type">REF</infon><infon key="source">Biological Psychology</infon><infon key="type">ref</infon><infon key="volume">30</infon><infon key="year">1990</infon><offset>25686</offset><text>Relations between tickling and humorous laughter: Preliminary support for the Darwin-Hecker hypothesis</text></passage><passage><infon key="fpage">301</infon><infon key="lpage">314</infon><infon key="name_0">surname:Galloway;given-names:G</infon><infon key="name_1">surname:Cropley;given-names:A</infon><infon key="pub-id_doi">10.1515/humr.1999.12.3.301</infon><infon key="section_type">REF</infon><infon key="source">Humor</infon><infon key="type">ref</infon><infon key="volume">12</infon><infon key="year">1999</infon><offset>25789</offset><text>Benefits of humor for mental health: Empirical findings and directions for further research</text></passage><passage><infon key="fpage">237</infon><infon key="lpage">238</infon><infon key="name_0">surname:Goel;given-names:V</infon><infon key="name_1">surname:Dolan;given-names:RJ</infon><infon key="pub-id_doi">10.1038/85076</infon><infon key="pub-id_pmid">11224538</infon><infon key="section_type">REF</infon><infon key="source">Nature Neuroscience</infon><infon key="type">ref</infon><infon key="volume">4</infon><infon key="year">2001</infon><offset>25881</offset><text>The functional anatomy of humor: Segregating cognitive and affective components</text></passage><passage><infon key="fpage">133</infon><infon key="lpage">151</infon><infon key="name_0">surname:Goldberg;given-names:K</infon><infon key="name_1">surname:Roeder;given-names:T</infon><infon key="name_2">surname:Gupta;given-names:D</infon><infon key="name_3">surname:Perkins;given-names:C</infon><infon key="pub-id_doi">10.1023/A:1011419012209</infon><infon key="section_type">REF</infon><infon key="source">Information Retrieval</infon><infon key="type">ref</infon><infon key="volume">4</infon><infon key="year">2001</infon><offset>25961</offset><text>Eigentaste: A constant time collaborative filtering algorithm</text></passage><passage><infon key="fpage">103</infon><infon key="issue">1</infon><infon key="lpage">110</infon><infon key="name_0">surname:Harris;given-names:CR</infon><infon key="name_1">surname:Christenfeld;given-names:N</infon><infon key="pub-id_doi">10.1080/026999397380050</infon><infon key="section_type">REF</infon><infon key="source">Cognition &amp; Emotion</infon><infon key="type">ref</infon><infon key="volume">11</infon><infon key="year">1997</infon><offset>26023</offset><text>Humour, tickle, and the Darwin-Hecker hypothesis</text></passage><passage><infon key="section_type">REF</infon><infon key="type">ref</infon><offset>26072</offset><text>Hay, J. (1995). Gender and humour: Beyond a joke. Wellington, New Zealand: MA thesis, Victoria University of Wellington.</text></passage><passage><infon key="fpage">87</infon><infon key="lpage">92</infon><infon key="name_0">surname:Hills;given-names:TT</infon><infon key="name_1">surname:Adelman;given-names:JS</infon><infon key="pub-id_doi">10.1016/j.cognition.2015.06.009</infon><infon key="pub-id_pmid">26117487</infon><infon key="section_type">REF</infon><infon key="source">Cognition</infon><infon key="type">ref</infon><infon key="volume">143</infon><infon key="year">2015</infon><offset>26193</offset><text>Recent evolution of learnability in American English from 1800 to 2000</text></passage><passage><infon key="section_type">REF</infon><infon key="type">ref</infon><offset>26264</offset><text>Hills, T. T., Adelman, J. S., &amp; Noguchi, T. (2016). Attention economies, information crowding, and language change. In Jones, M. N. (Ed.), Big Data in Cognitive Science. Psychology Press.</text></passage><passage><infon key="section_type">REF</infon><infon key="type">ref</infon><offset>26452</offset><text>Hobbes, T. (1840). Human Nature. In W. Molesworth (Ed.), The English Works of Thomas Hobbes Of Malmesbury, 4th ed. London: Bohn.</text></passage><passage><infon key="name_0">surname:Hurley;given-names:MM</infon><infon key="name_1">surname:Dennett;given-names:DC</infon><infon key="name_2">surname:Adams;given-names:RB</infon><infon key="section_type">REF</infon><infon key="source">Inside jokes: Using humor to reverse-engineer the mind</infon><infon key="type">ref</infon><infon key="year">2011</infon><offset>26581</offset></passage><passage><infon key="fpage">987</infon><infon key="lpage">991</infon><infon key="name_0">surname:Kanske;given-names:P</infon><infon key="name_1">surname:Kotz;given-names:SA</infon><infon key="pub-id_doi">10.3758/BRM.42.4.987</infon><infon key="pub-id_pmid">21139165</infon><infon key="section_type">REF</infon><infon key="source">Behavior Research Methods</infon><infon key="type">ref</infon><infon key="volume">42</infon><infon key="year">2010</infon><offset>26582</offset><text>Leipzig affective norms for German: A reliability study</text></passage><passage><infon key="section_type">REF</infon><infon key="type">ref</infon><offset>26638</offset><text>Kant, I. (1914). The Critique of Judgement (J. H. Bernard, Trans.). London: Macmillian. (Original work published 1790).</text></passage><passage><infon key="fpage">4</infon><infon key="lpage">39</infon><infon key="name_0">surname:Keith-Spiegel;given-names:P</infon><infon key="name_1">surname:Goldstein;given-names:JH</infon><infon key="name_2">surname:McGhee;given-names:PE</infon><infon key="section_type">REF</infon><infon key="source">The Psychology of Humor: Theoretical Perspectives and Empirical Issues</infon><infon key="type">ref</infon><infon key="year">1972</infon><offset>26758</offset><text>Early conceptions of humor: Varieties and issues</text></passage><passage><infon key="fpage">287</infon><infon key="lpage">304</infon><infon key="name_0">surname:Keuleers;given-names:E</infon><infon key="name_1">surname:Lacey;given-names:P</infon><infon key="name_2">surname:Rastle;given-names:K</infon><infon key="name_3">surname:Brysbaert;given-names:M</infon><infon key="pub-id_doi">10.3758/s13428-011-0118-4</infon><infon key="pub-id_pmid">21720920</infon><infon key="section_type">REF</infon><infon key="source">Behavior Research Methods</infon><infon key="type">ref</infon><infon key="volume">44</infon><infon key="year">2012</infon><offset>26807</offset><text>The British lexicon project: Lexical decision data for 28,730 monosyllabic and disyllabic English words</text></passage><passage><infon key="name_0">surname:Koestler;given-names:A</infon><infon key="section_type">REF</infon><infon key="source">The act of creation</infon><infon key="type">ref</infon><infon key="year">1964</infon><offset>26911</offset></passage><passage><infon key="fpage">978</infon><infon key="lpage">990</infon><infon key="name_0">surname:Kuperman;given-names:V</infon><infon key="name_1">surname:Stadthagen-Gonzalez;given-names:H</infon><infon key="name_2">surname:Brysbaert;given-names:M</infon><infon key="pub-id_doi">10.3758/s13428-012-0210-4</infon><infon key="pub-id_pmid">22581493</infon><infon key="section_type">REF</infon><infon key="source">Behavior Research Methods</infon><infon key="type">ref</infon><infon key="volume">44</infon><infon key="year">2012</infon><offset>26912</offset><text>Age-of-acquisition ratings for 30,000 English words</text></passage><passage><infon key="fpage">841</infon><infon key="lpage">869</infon><infon key="name_0">surname:Manurung;given-names:R</infon><infon key="name_1">surname:Ritchie;given-names:G</infon><infon key="name_2">surname:Pain;given-names:H</infon><infon key="name_3">surname:Waller;given-names:A</infon><infon key="name_4">surname:O'Mara;given-names:D</infon><infon key="name_5">surname:Black;given-names:R</infon><infon key="pub-id_doi">10.1080/08839510802295962</infon><infon key="section_type">REF</infon><infon key="source">Applied Artificial Intelligence</infon><infon key="type">ref</infon><infon key="volume">22</infon><infon key="year">2008</infon><offset>26964</offset><text>The construction of a pun generator for language skills development</text></passage><passage><infon key="fpage">15</infon><infon key="lpage">60</infon><infon key="name_0">surname:Martin;given-names:RA</infon><infon key="name_1">surname:Ruch;given-names:W</infon><infon key="section_type">REF</infon><infon key="source">The sense of humor: Explorations of a personality characteristic</infon><infon key="type">ref</infon><infon key="year">1998</infon><offset>27032</offset><text>Approaches to the sense of humor: A historical review</text></passage><passage><infon key="fpage">89</infon><infon key="lpage">104</infon><infon key="name_0">surname:Martin;given-names:RA</infon><infon key="name_1">surname:Kuiper;given-names:NA</infon><infon key="name_2">surname:Olinger;given-names:LJ</infon><infon key="name_3">surname:Dance;given-names:KA</infon><infon key="pub-id_doi">10.1515/humr.1993.6.1.89</infon><infon key="section_type">REF</infon><infon key="source">Humor</infon><infon key="type">ref</infon><infon key="volume">6</infon><infon key="year">1993</infon><offset>27086</offset><text>Humor, coping with stress, self-concept, and psychological well-being</text></passage><passage><infon key="fpage">48</infon><infon key="lpage">75</infon><infon key="name_0">surname:Martin;given-names:RA</infon><infon key="name_1">surname:Puhlik-Doris;given-names:P</infon><infon key="name_2">surname:Larsen;given-names:G</infon><infon key="name_3">surname:Gray;given-names:J</infon><infon key="name_4">surname:Weir;given-names:K</infon><infon key="pub-id_doi">10.1016/S0092-6566(02)00534-2</infon><infon key="section_type">REF</infon><infon key="source">Journal of Research in Personality</infon><infon key="type">ref</infon><infon key="volume">37</infon><infon key="year">2003</infon><offset>27156</offset><text>Individual differences in uses of humor and their relation to psychological well-being: Development of the Humor Styles Questionnaire</text></passage><passage><infon key="fpage">67</infon><infon key="lpage">77</infon><infon key="name_0">surname:McGee;given-names:E</infon><infon key="name_1">surname:Shevlin;given-names:M</infon><infon key="pub-id_doi">10.3200/JRLP.143.1.67-77</infon><infon key="pub-id_pmid">19157073</infon><infon key="section_type">REF</infon><infon key="source">The Journal of Psychology</infon><infon key="type">ref</infon><infon key="volume">143</infon><infon key="year">2009</infon><offset>27290</offset><text>Effect of humor on interpersonal attraction and mate selection</text></passage><passage><infon key="fpage">328</infon><infon key="lpage">348</infon><infon key="name_0">surname:McGhee;given-names:PE</infon><infon key="pub-id_doi">10.1037/h0031670</infon><infon key="section_type">REF</infon><infon key="source">Psychological Bulletin</infon><infon key="type">ref</infon><infon key="volume">76</infon><infon key="year">1971</infon><offset>27353</offset><text>Development of the humor response: A review of the literature</text></passage><passage><infon key="fpage">1141</infon><infon key="lpage">1149</infon><infon key="name_0">surname:McGraw;given-names:AP</infon><infon key="name_1">surname:Warren;given-names:C</infon><infon key="pub-id_doi">10.1177/0956797610376073</infon><infon key="pub-id_pmid">20587696</infon><infon key="section_type">REF</infon><infon key="source">Psychological Science</infon><infon key="type">ref</infon><infon key="volume">21</infon><infon key="year">2010</infon><offset>27415</offset><text>Benign violations: Making immoral behavior funny</text></passage><passage><infon key="section_type">REF</infon><infon key="type">ref</infon><offset>27464</offset><text>McKay, J. (2002). Generation of idiom-based witticisms to aid second language learning. In Proceedings of the Twente Workshop on Language Technology, 20. The University of Twente.</text></passage><passage><infon key="fpage">108</infon><infon key="issue">1</infon><infon key="lpage">112</infon><infon key="name_0">surname:Mickes;given-names:L</infon><infon key="name_1">surname:Walker;given-names:DE</infon><infon key="name_2">surname:Parris;given-names:JL</infon><infon key="name_3">surname:Mankoff;given-names:R</infon><infon key="name_4">surname:Christenfeld;given-names:NJ</infon><infon key="pub-id_doi">10.3758/s13423-011-0161-2</infon><infon key="pub-id_pmid">22037918</infon><infon key="section_type">REF</infon><infon key="source">Psychonomic Bulletin &amp; Review</infon><infon key="type">ref</infon><infon key="volume">19</infon><infon key="year">2012</infon><offset>27644</offset><text>Who’s funny: Gender stereotypes, humor production, and memory bias</text></passage><passage><infon key="section_type">REF</infon><infon key="type">ref</infon><offset>27713</offset><text>Minsky, M. (1981). Jokes and their Relation to the Cognitive Unconscious. In Vaina, L., Hintikka, J. (Eds.) Cognitive Constraints on Communication (pp. 175-200). Boston: Reidel.</text></passage><passage><infon key="section_type">REF</infon><infon key="type">ref</infon><offset>27891</offset><text>Mihalcea, R., &amp; Strapparava, C. (2005). Making computers laugh: Investigations in automatic humor recognition. In Proceedings of the Conference on Human Language Technology and Empirical Methods in Natural Language Processing (pp. 531–538).</text></passage><passage><infon key="fpage">1</infon><infon key="lpage">30</infon><infon key="name_0">surname:Milner;given-names:GB</infon><infon key="pub-id_doi">10.1515/semi.1972.5.1.1</infon><infon key="section_type">REF</infon><infon key="source">Semiotica</infon><infon key="type">ref</infon><infon key="volume">5</infon><infon key="year">1972</infon><offset>28134</offset><text>Homo ridens: Towards a semiotic theory of humour and laughter</text></passage><passage><infon key="fpage">1128</infon><infon key="lpage">1137</infon><infon key="name_0">surname:Monnier;given-names:C</infon><infon key="name_1">surname:Syssau;given-names:A</infon><infon key="pub-id_doi">10.3758/s13428-013-0431-1</infon><infon key="pub-id_pmid">24366716</infon><infon key="section_type">REF</infon><infon key="source">Behavior Research Methods</infon><infon key="type">ref</infon><infon key="volume">46</infon><infon key="year">2014</infon><offset>28196</offset><text>Affective norms for French words (FAN)</text></passage><passage><infon key="fpage">887</infon><infon key="lpage">903</infon><infon key="name_0">surname:Montefinese;given-names:M</infon><infon key="name_1">surname:Ambrosini;given-names:E</infon><infon key="name_2">surname:Fairfield;given-names:B</infon><infon key="name_3">surname:Mammarella;given-names:N</infon><infon key="pub-id_doi">10.3758/s13428-013-0405-3</infon><infon key="pub-id_pmid">24150921</infon><infon key="section_type">REF</infon><infon key="source">Behavior Research Methods</infon><infon key="type">ref</infon><infon key="volume">46</infon><infon key="year">2014</infon><offset>28235</offset><text>The adaptation of the Affective Norms for English words (ANEW) for Italian</text></passage><passage><infon key="section_type">REF</infon><infon key="type">ref</infon><offset>28310</offset><text>Moors, A., De Houwer, J., Hermans, D., Wanmaker, S., Van Schie, K., Van Harmelen, A. L., … Brysbaert, M. (2013). Norms of valence, arousal, dominance, and age of acquisition for 4,300 Dutch words. Behavior Research Methods, 45, 169–177.</text></passage><passage><infon key="fpage">170</infon><infon key="lpage">177</infon><infon key="name_0">surname:Mora-Ripoll;given-names:R</infon><infon key="pub-id_doi">10.1016/j.ctim.2011.05.003</infon><infon key="pub-id_pmid">21641524</infon><infon key="section_type">REF</infon><infon key="source">Complementary Therapies in Medicine</infon><infon key="type">ref</infon><infon key="volume">19</infon><infon key="year">2011</infon><offset>28553</offset><text>Potential health benefits of simulated laughter: A narrative review of the literature and recommendations for future research</text></passage><passage><infon key="fpage">1</infon><infon key="lpage">25</infon><infon key="name_0">surname:Paivio;given-names:A</infon><infon key="name_1">surname:Yuille;given-names:JC</infon><infon key="name_2">surname:Madigan;given-names:SA</infon><infon key="pub-id_doi">10.1037/h0025327</infon><infon key="section_type">REF</infon><infon key="source">Journal of Experimental Psychology</infon><infon key="type">ref</infon><infon key="volume">76</infon><infon key="year">1968</infon><offset>28679</offset><text>Concreteness, imagery, and meaningfulness values for 925 nouns</text></passage><passage><infon key="fpage">600</infon><infon key="lpage">605</infon><infon key="name_0">surname:Redondo;given-names:J</infon><infon key="name_1">surname:Fraga;given-names:I</infon><infon key="name_2">surname:Padrón;given-names:I</infon><infon key="name_3">surname:Comesaña;given-names:M</infon><infon key="pub-id_doi">10.3758/BF03193031</infon><infon key="pub-id_pmid">17958173</infon><infon key="section_type">REF</infon><infon key="source">Behavior Research Methods</infon><infon key="type">ref</infon><infon key="volume">39</infon><infon key="year">2007</infon><offset>28742</offset><text>The Spanish adaptation of ANEW (Affective Norms for English Words)</text></passage><passage><infon key="section_type">REF</infon><infon key="type">ref</infon><offset>28809</offset><text>Roeckelein, J. (2006). Elsevier's dictionary of psychological theories. Amsterdam [Netherlands]: Elsevier.</text></passage><passage><infon key="section_type">REF</infon><infon key="type">ref</infon><offset>28916</offset><text>Shultz, T. R. (1976). A cognitive-developmental analysis of humour. In A. J. Chapman &amp; H. C. Foot (Eds.), Humor and laughter: Theory, research, and applications (pp. 11–36). London: John Wiley &amp; Sons</text></passage><passage><infon key="fpage">256</infon><infon key="lpage">269</infon><infon key="name_0">surname:Soares;given-names:AP</infon><infon key="name_1">surname:Comesaña;given-names:M</infon><infon key="name_2">surname:Pinheiro;given-names:AP</infon><infon key="name_3">surname:Simões;given-names:A</infon><infon key="name_4">surname:Frade;given-names:CS</infon><infon key="pub-id_doi">10.3758/s13428-011-0131-7</infon><infon key="pub-id_pmid">21751068</infon><infon key="section_type">REF</infon><infon key="source">Behavior Research Methods</infon><infon key="type">ref</infon><infon key="volume">44</infon><infon key="year">2012</infon><offset>29118</offset><text>The adaptation of the Affective Norms for English Words (ANEW) for European Portuguese</text></passage><passage><infon key="section_type">REF</infon><infon key="type">ref</infon><offset>29205</offset><text>Suls, J. M. (1972). A Two-Stage Model for the Appreciation of Jokes and Cartoons: An Information-Processing Analysis. In J. H. Goldstein &amp; P. E. McGhee (Eds.), The Psychology of Humor: Theoretical Perspectives and Empirical Issues (pp. 81–100). New York: Academic Press</text></passage><passage><infon key="fpage">e72859</infon><infon key="name_0">surname:Söderholm;given-names:C</infon><infon key="name_1">surname:Häyry;given-names:E</infon><infon key="name_2">surname:Laine;given-names:M</infon><infon key="name_3">surname:Karrasch;given-names:M</infon><infon key="pub-id_doi">10.1371/journal.pone.0072859</infon><infon key="pub-id_pmid">24023650</infon><infon key="section_type">REF</infon><infon key="source">PloS One</infon><infon key="type">ref</infon><infon key="volume">8</infon><infon key="year">2013</infon><offset>29477</offset><text>Valence and arousal ratings for 420 Finnish nouns by age and gender</text></passage><passage><infon key="section_type">REF</infon><infon key="type">ref</infon><offset>29545</offset><text>Spencer, H. (1860). The physiology of laughter. Macmillan’s Magazine, 1, 395–402.</text></passage><passage><infon key="fpage">598</infon><infon key="lpage">605</infon><infon key="name_0">surname:Stadthagen-Gonzalez;given-names:H</infon><infon key="name_1">surname:Davis;given-names:CJ</infon><infon key="pub-id_doi">10.3758/BF03193891</infon><infon key="pub-id_pmid">17393830</infon><infon key="section_type">REF</infon><infon key="source">Behavior Research Methods</infon><infon key="type">ref</infon><infon key="volume">38</infon><infon key="year">2006</infon><offset>29631</offset><text>The Bristol norms for age of acquisition, imageability, and familiarity</text></passage><passage><infon key="fpage">297</infon><infon key="lpage">314</infon><infon key="name_0">surname:Stock;given-names:O</infon><infon key="name_1">surname:Strapparava;given-names:C</infon><infon key="section_type">REF</infon><infon key="source">Humor</infon><infon key="type">ref</infon><infon key="volume">16</infon><infon key="year">2003</infon><offset>29703</offset><text>HAHAcronym: Humorous agents for humorous acronyms</text></passage><passage><infon key="fpage">1176</infon><infon key="lpage">1190</infon><infon key="name_0">surname:Van Heuven;given-names:WJ</infon><infon key="name_1">surname:Mandera;given-names:P</infon><infon key="name_2">surname:Keuleers;given-names:E</infon><infon key="name_3">surname:Brysbaert;given-names:M</infon><infon key="pub-id_doi">10.1080/17470218.2013.850521</infon><infon key="pub-id_pmid">24417251</infon><infon key="section_type">REF</infon><infon key="source">The Quarterly Journal of Experimental Psychology</infon><infon key="type">ref</infon><infon key="volume">67</infon><infon key="year">2014</infon><offset>29753</offset><text>SUBTLEX-UK: A new and improved word frequency database for British English</text></passage><passage><infon key="fpage">1191</infon><infon key="lpage">1207</infon><infon key="name_0">surname:Warriner;given-names:AB</infon><infon key="name_1">surname:Kuperman;given-names:V</infon><infon key="name_2">surname:Brysbaert;given-names:M</infon><infon key="pub-id_doi">10.3758/s13428-012-0314-x</infon><infon key="pub-id_pmid">23404613</infon><infon key="section_type">REF</infon><infon key="source">Behavior Research Methods</infon><infon key="type">ref</infon><infon key="volume">45</infon><infon key="year">2013</infon><offset>29828</offset><text>Norms of valence, arousal, and dominance for 13,915 English lemmas</text></passage><passage><infon key="fpage">141</infon><infon key="lpage">156</infon><infon key="name_0">surname:Westbury;given-names:C</infon><infon key="name_1">surname:Shaoul;given-names:C</infon><infon key="name_2">surname:Moroschan;given-names:G</infon><infon key="name_3">surname:Ramscar;given-names:M</infon><infon key="pub-id_doi">10.1016/j.jml.2015.09.001</infon><infon key="section_type">REF</infon><infon key="source">Journal of Memory and Language</infon><infon key="type">ref</infon><infon key="volume">86</infon><infon key="year">2016</infon><offset>29895</offset><text>Telling the world’s least funny jokes: On the quantification of humor as entropy</text></passage><passage><infon key="fpage">47</infon><infon key="lpage">59</infon><infon key="name_0">surname:Wicker;given-names:FW</infon><infon key="name_1">surname:Thorelli;given-names:IM</infon><infon key="name_2">surname:Barron;given-names:WL;suffix:III</infon><infon key="name_3">surname:Willis;given-names:AC</infon><infon key="pub-id_doi">10.1007/BF00993661</infon><infon key="section_type">REF</infon><infon key="source">Motivation and Emotion</infon><infon key="type">ref</infon><infon key="volume">5</infon><infon key="year">1981</infon><offset>29978</offset><text>Studies of mood and humor appreciation</text></passage><passage><infon key="section_type">REF</infon><infon key="type">ref</infon><offset>30017</offset><text>Wyer, R., &amp; Collins, J. (1992). A theory of humor elicitation. Psychological Review, 99(4), 663–688.</text></passage></document></collection>
