<?xml version="1.0" encoding="UTF-8"?>
<!DOCTYPE collection SYSTEM "BioC.dtd">
<collection><source>PMC</source><date>20201221</date><key>pmc.key</key><document><id>5653978</id><infon key="license">CC BY</infon><passage><infon key="article-id_doi">10.1186/s13063-017-2258-z</infon><infon key="article-id_pmc">5653978</infon><infon key="article-id_pmid">29061196</infon><infon key="article-id_publisher-id">2258</infon><infon key="elocation-id">495</infon><infon key="license">
Open AccessThis article is distributed under the terms of the Creative Commons Attribution 4.0 International License (http://creativecommons.org/licenses/by/4.0/), which permits unrestricted use, distribution, and reproduction in any medium, provided you give appropriate credit to the original author(s) and the source, provide a link to the Creative Commons license, and indicate if changes were made. The Creative Commons Public Domain Dedication waiver (http://creativecommons.org/publicdomain/zero/1.0/) applies to the data made available in this article, unless otherwise stated.</infon><infon key="name_0">surname:Tucker;given-names:Joseph D.</infon><infon key="section_type">TITLE</infon><infon key="type">front</infon><infon key="volume">18</infon><infon key="year">2017</infon><offset>0</offset><text>Correction to Crowdsourcing to promote HIV testing among MSM in China: study protocol for a stepped wedge randomized controlled trial</text></passage><passage><infon key="section_type">INTRO</infon><infon key="type">title_1</infon><offset>134</offset><text>Correction</text></passage><passage><infon key="section_type">INTRO</infon><infon key="type">paragraph</infon><offset>145</offset><text>In the original publication are errors in the acknowledgement section in the backmatter. The corrections can be found below in this Erratum.</text></passage><passage><infon key="section_type">INTRO</infon><infon key="type">paragraph</infon><offset>286</offset><text>Incorrect affiliation 4:</text></passage><passage><infon key="section_type">INTRO</infon><infon key="type">paragraph</infon><offset>311</offset><text>Guangdong Provincial Center for Skin Diseases and Sexually Transmitted Infections Control, No. 2 Lujing Road, Guangzhou, China, 510095.</text></passage><passage><infon key="section_type">INTRO</infon><infon key="type">paragraph</infon><offset>447</offset><text>Correct affiliation 4:</text></passage><passage><infon key="section_type">INTRO</infon><infon key="type">paragraph</infon><offset>470</offset><text>Guangdong Provincial Center for Skin Diseases and Sexually Transmitted Infections Control Center, Dermatology Hospital, Southern Medical University, No. 2 Lujing Road, Guangzhou, China, 510095.</text></passage><passage><infon key="section_type">INTRO</infon><infon key="type">paragraph</infon><offset>664</offset><text>Incorrect author affiliation:</text></passage><passage><infon key="section_type">INTRO</infon><infon key="type">paragraph</infon><offset>694</offset><text>Meizhen Liao15, Dianmin Kang15 </text></passage><passage><infon key="section_type">INTRO</infon><infon key="type">paragraph</infon><offset>726</offset><text>Correct author affiliation:</text></passage><passage><infon key="section_type">INTRO</infon><infon key="type">paragraph</infon><offset>754</offset><text>Meizhen Liao16, Dianmin Kang16 </text></passage><passage><infon key="section_type">INTRO</infon><infon key="type">paragraph</infon><offset>786</offset><text>Missing affiliation 16:</text></passage><passage><infon key="section_type">INTRO</infon><infon key="type">paragraph</infon><offset>810</offset><text>Shandong Provincial Center for Disease Control and Prevention, Jinan, China</text></passage><passage><infon key="section_type">REF</infon><infon key="type">title</infon><offset>886</offset><text>Reference</text></passage><passage><infon key="section_type">REF</infon><infon key="type">ref</infon><offset>896</offset><text>Crowdsourcing to promote HIV testing among MSM in China: study protocol for a stepped wedge randomized controlled trial. Trials. 2017;18:447 10.1186/s13063-017-2183-1.</text></passage></document></collection>
