<?xml version="1.0" encoding="UTF-8"?>
<!DOCTYPE collection SYSTEM "BioC.dtd">
<collection><source>PMC</source><date>20210102</date><key>pmc.key</key><document><id>5901659</id><infon key="license">author_manuscript</infon><passage><infon key="article-id_doi">10.3233/PRM-170453</infon><infon key="article-id_manuscript">NIHMS956746</infon><infon key="article-id_pmc">5901659</infon><infon key="article-id_pmid">29125514</infon><infon key="fpage">257</infon><infon key="issue">3-4</infon><infon key="kwd">Pediatric spina bifida myelomeningocele utility</infon><infon key="license">
          This file is available for text mining. It may also be used consistent with the principles of fair use under the copyright law.
        </infon><infon key="lpage">266</infon><infon key="name_0">surname:Jiang;given-names:Ruiyang</infon><infon key="name_1">surname:Inouye;given-names:Brian M.</infon><infon key="name_2">surname:Wang;given-names:Hsin-Hsiao S.</infon><infon key="name_3">surname:Tejwani;given-names:Rohit</infon><infon key="name_4">surname:Routh;given-names:Jonathan C.</infon><infon key="section_type">TITLE</infon><infon key="type">front</infon><infon key="volume">10</infon><infon key="year">2018</infon><offset>0</offset><text>Crowdsourcing utility estimation for spina bifida in the general population</text></passage><passage><infon key="section_type">ABSTRACT</infon><infon key="type">abstract_title_1</infon><offset>76</offset><text>INTRODUCTION</text></passage><passage><infon key="section_type">ABSTRACT</infon><infon key="type">abstract</infon><offset>89</offset><text>Cost-utility analyses (CUA) are useful when the treatment conditions depend on patient preferences that are in turn dependent on health state utility value. Spina bifida (SB) is an example of such a preference-sensitive condition. Historically, the SB utility value for CUA has been gathered via a traditional face-to-face interview. However, due to funding and time constrains, utility estimation via online crowdsourcing has recently gained popularity. Our aim was to estimate the utility value for a generic SB health state using a validated online tool.</text></passage><passage><infon key="section_type">ABSTRACT</infon><infon key="type">abstract_title_1</infon><offset>647</offset><text>METHODS</text></passage><passage><infon key="section_type">ABSTRACT</infon><infon key="type">abstract</infon><offset>655</offset><text>A cross-sectional survey of American adults was conducted using the time-trade-off (TTO) method. Participants were recruited from an online crowdsourcing interface, Amazon’s Mechanical Turk (mTurk). Demographic information and prior knowledge of SB were assessed. Respondents were provided a written passage and an online video explaining SB and its potential associated comorbidities. Participants were queried on hypothetical ascending time-trades from a child-parent dyad perspective to determine the utility of a SB health state in an affected 6-year-old child. Respondents were also asked to indicate the percentage of time traded from their life in relation to their child’s. Utility estimates were then calculated and compared using bivariate and multivariate analyses.</text></passage><passage><infon key="section_type">ABSTRACT</infon><infon key="type">abstract_title_1</infon><offset>1436</offset><text>RESULTS</text></passage><passage><infon key="section_type">ABSTRACT</infon><infon key="type">abstract</infon><offset>1444</offset><text>We obtained 503 responses (85% response rate). Mean respondent age was 34 (± 11); 247 (49%) were female; 386 (77%) were white; 189 (38%) were married, and 234 (46%) had children. Mean proportion of longevity traded by participants in the dyadic interaction was 66% (± 27) from the parent’s life. Only 51 respondents (9%) reported having “ample” prior knowledge of SB; 8 respondents (0.02%) had SB themselves. Few others had previous experience with SB or myelomeningocele either in a child (4, 1%), or friend/relative (28, 5%). Compared with a perfect health state of 1.0, we found mean utilities of 0.85 (± 0.20) for SB.</text></passage><passage><infon key="section_type">ABSTRACT</infon><infon key="type">abstract_title_1</infon><offset>2075</offset><text>CONCLUSIONS</text></passage><passage><infon key="section_type">ABSTRACT</infon><infon key="type">abstract</infon><offset>2087</offset><text>Utility estimation for SB is feasible through crowdsourcing, and the resultant values are similar to previous estimates using traditional techniques. Subjects view the SB health state to be inferior to perfect health.</text></passage><passage><infon key="section_type">INTRO</infon><infon key="type">title_1</infon><offset>2305</offset><text>1. Introduction</text></passage><passage><infon key="section_type">INTRO</infon><infon key="type">paragraph</infon><offset>2321</offset><text>Cost utility analysis (CUA) is a type of economic analysis that may be useful when more than one acceptable treatment option is available. In these situations, the ultimate treatment decision typically depends on patient preferences that are in turn dependent on the relative value of the possible health states that can occur after any treatment decision is made. This relative value, usually estimated as a “utility” value, is a number between 0 (representing death) and 1(representing perfect health) that quantifies the impact of a health state on the person’s overall quality of life. Utility estimation is a crucial component of any CUA; if the utility estimate is unsound, then the resulting CUA will be irredeemably biased. Perspectives on the impact of disease progression and treatment on quality of life can subsequently be represented as numerical values within this scale.</text></passage><passage><infon key="section_type">INTRO</infon><infon key="type">paragraph</infon><offset>3213</offset><text>Spina bifida (SB) is an example of such a preference-sensitive condition. SB is the most common permanently disabling birth defect in the U.S., occurring in approximately 3/10,000 live birth. Patients with SB range from minimally symptomatic to severely disabled. Thus, a range of management options exists for SB patients. Improved treatment and management of SB have greatly increased life expectancy and quality of life for affected patients.</text></passage><passage><infon key="section_type">INTRO</infon><infon key="type">paragraph</infon><offset>3659</offset><text>With many SB patients living well into adulthood, the need to better understand patient/family perspectives and values as they pertain to treatment options is becoming increasingly important for all physicians involved in their care. Furthermore, demand for SB health state utilities is increasing as more disease-specific cost-effective modeling is undertaken. At the core of SB CUA is the ability to provide an accurate estimation of SB utility.</text></passage><passage><infon key="section_type">INTRO</infon><infon key="type">paragraph</infon><offset>4107</offset><text>Estimates for SB utility value via traditional interview approaches have been previously reported to be from 0.74 to 0.84. However, to date, no SB utility score has been estimated via online surveys or crowd-sourcing methods. Our aim was to determine the estimated utility value for a generic SB health state using a previously validated online crowdsourcing tool. Crowdsourcing is an online problem-solving and production model that utilizes the collective intelligence of online communities for specific purposes. One type of crowdsourcing is called Distributed Human Intelligence Tasking (DHIT), where a large scale of information that is too complex to be processed in an automated way can be broken down and processed individually. Our current study utilizes the advantages of DHIT to estimate utility in SB. We hypothesize that the SB utility derived from online surveys will be similar to those estimated via traditional interview approaches.</text></passage><passage><infon key="section_type">METHODS</infon><infon key="type">title_1</infon><offset>5057</offset><text>2. Patients and methods</text></passage><passage><infon key="section_type">METHODS</infon><infon key="type">title_2</infon><offset>5081</offset><text>2.1. Study design</text></passage><passage><infon key="section_type">METHODS</infon><infon key="type">paragraph</infon><offset>5099</offset><text>A cross-sectional survey study was conducted amongst the general public to elicit utility values for SB in an affected, generic 6-year-old child. A time-trade off (TTO) approach was used to determine utility value.</text></passage><passage><infon key="section_type">METHODS</infon><infon key="type">title_2</infon><offset>5314</offset><text>2.2. Study participants</text></passage><passage><infon key="section_type">METHODS</infon><infon key="type">paragraph</infon><offset>5338</offset><text>We used Amazon.com’s ‘Mechanical Turk’ (MTurk, www.mturk.com) online survey environment to recruit study participants. This platform serves as a crowd-sourcing digital marketplace, allowing ready access to a large, stable, and diverse sample of American adults. Crowdsourcing is an online problem-solving and production model that utilizes the collective intelligence of online communities for specific purposes. Specifically, in crowdsourcing, an online organization poses a problem or challenge to participants within that organization. Participants are often highly engaged in the subject matter under study, and thus crowdsourcing uses the collective intelligence for problem solving. One type of crowdsourcing is called Distributed Human Intelligence Tasking (DHIT), where a large scale of information that is too complex to be processed in an automated way can be broken down and processed individually. An example of DHIT is MTurk. Kirchner et al. used MTurk to analyze mobile phone photographs of retail point of sale tobacco marketing. In less than 24 hours, 23,000 tasks were completed at a cost less than $2,500. In addition, they found that crowd sourced photo-only assessments showed very similar result compared to traditional field survey. MTurk users voluntarily register to complete various “human intelligence” tasks. Each worker is assigned an ID/tracking number, preventing task repetition. Participation in MTurk tasks is typically compensated at a rate of $0.05–$1.00 for a task requiring 5–30 minutes to complete. Estimating our survey would take 15 minutes to complete, we set our payment to $0.50. This is commensurate with the compensation rate for similar MTurk tasks.</text></passage><passage><infon key="section_type">METHODS</infon><infon key="type">paragraph</infon><offset>7048</offset><text>Because all payments were made through an intermediary (Amazon.com), study participants remained strictly anonymous. Exclusion criteria included residence outside the United States, age &lt; 18 years, and lack of English fluency. As utility values are best estimated based on the perspectives of the community at large rather than only those affected by a condition, participants were included even if they were unfamiliar with SB, did not have children, or were not married.</text></passage><passage><infon key="section_type">METHODS</infon><infon key="type">title_2</infon><offset>7521</offset><text>2.3. Instrument development</text></passage><passage><infon key="section_type">METHODS</infon><infon key="type">paragraph</infon><offset>7549</offset><text>The initial survey questionnaire (see Appendix) contains demographic questions and a TTO assessment of SB health state utility. Participants were also asked to view a 3-minute video that illustrates the condition of SB (see Appendix).</text></passage><passage><infon key="section_type">METHODS</infon><infon key="type">paragraph</infon><offset>7784</offset><text>After completing the SB-related passage and video, each participant was asked his or her perceived effect of SB on himself/herself, his/her child, and on the family. Participants were asked hypothetically about what quantity of life they would be willing to trade to get their child back to perfect health. Specifically, participants were asked whether they were willing to trade off from the end of their combined dyadic life (both parent &amp; child) to restore their child back to a state of perfect health.</text></passage><passage><infon key="section_type">METHODS</infon><infon key="type">title_2</infon><offset>8291</offset><text>2.4. Utility elicitation</text></passage><passage><infon key="section_type">METHODS</infon><infon key="type">paragraph</infon><offset>8316</offset><text>A 10-year timeframe was used for all scenarios, with the respondent offered a variable amount of time spent in ‘perfect health’ compared to 10 years in the disease state, in exchange for hypothetical trades of fixed amounts of time from their overall lifespan. Health durations changed in 1-year intervals for responses from 1 to 9 year TTO, and could be narrowed to between 0–365 days for respondents willing to trade less than one year’s time. This process allows only utilities between 0 and 1, since negative utility values are not possible with this experimental design.</text></passage><passage><infon key="section_type">METHODS</infon><infon key="type">paragraph</infon><offset>8900</offset><text>We collected respondent demographics including age, gender, marital status, parental status, race/ethnicity, education achievement, annual income, and prior SB or TTO related knowledge. Given our hypothesis that previous experience with SB or other chronic health conditions might affect an individual’s preferences for given health states, we also collected data on the health of respondents and their friends.</text></passage><passage><infon key="section_type">METHODS</infon><infon key="type">paragraph</infon><offset>9314</offset><text>Prior to release, each survey instrument was internally validated using a convenience sample of medical students and residents, none of whom had a personal or family history of SB or previous experience with TTO models. This study was reviewed by our Institutional Review board and deemed to not be human subject research. No formal consent process was thus required, but the principles of the Declaration of Helsinki were followed.</text></passage><passage><infon key="section_type">METHODS</infon><infon key="type">title_2</infon><offset>9747</offset><text>2.5. Statistical analysis</text></passage><passage><infon key="section_type">METHODS</infon><infon key="type">paragraph</infon><offset>9773</offset><text>Mean (± Standard Deviation (SD)) utility values and descriptive statistics were calculated. Our sample size calculation confirmed that at least 500 patients would be required to give a representative sample of the US population with a margin of error of ± 5 percentage points. Multivariate generalized linear model was fitted to determine what factors most impacted utility estimates. Independent variables were selected according to a priori assessments of the literature and/or p-value of 0.2 on bivariate analysis.</text></passage><passage><infon key="section_type">METHODS</infon><infon key="type">paragraph</infon><offset>10293</offset><text>An alpha of 0.05 and 95% confidence intervals (CI) were used as criteria for statistical significance. All analyses were performed using SAS 9.4 (SAS Institute, Cary, NC).</text></passage><passage><infon key="section_type">RESULTS</infon><infon key="type">title_1</infon><offset>10465</offset><text>3. Results</text></passage><passage><infon key="section_type">RESULTS</infon><infon key="type">title_2</infon><offset>10476</offset><text>3.1. Respondent characteristics</text></passage><passage><infon key="section_type">RESULTS</infon><infon key="type">paragraph</infon><offset>10508</offset><text>A total of 591 participants were given the survey. Of the participants, 503 completed the task for an 85% response rate. The average age of the participants was 34 years. There were 245 female participants (48.8%), and the majority of the participants were Caucasian (76.8%). There was a similar representation of single vs. married respondents (45% vs. 38%). Other marital status includes sep/div (5.6%), widowed (0.4%), and living w/partner (11.4%). Almost half of the respondents had children (46%). The majority of participants had attained some level of college education (87%), and 42% of the respondents reported a median household income between $20,000 and $49,000.</text></passage><passage><infon key="section_type">RESULTS</infon><infon key="type">paragraph</infon><offset>11183</offset><text>Of the respondents, 491 (97%) did not have SB, 498 (99%) did not have a child with SB, and 433 (86%) did not have any friends with SB. Almost half (44%) of the complete respondents had some knowledge of SB. However, the majority of the participants (49%) had no prior knowledge of cost utility analysis (Table 1).</text></passage><passage><infon key="section_type">RESULTS</infon><infon key="type">title_2</infon><offset>11497</offset><text>3.2. SB utility value and Bi-variate analysis</text></passage><passage><infon key="section_type">RESULTS</infon><infon key="type">paragraph</infon><offset>11543</offset><text>Compared to a perfect health state of 1.0, we found a mean utility value of 0.85 (± 0.2) for a 6-year-old child with SB. We found that variables such as whether participants had SB (p = 0.93), whether their child had SB (p = 0.12), or whether any of their friends had SB (p = 0.99) were not significantly associated with the determination of SB utility. Prior neural tube defect and SB knowledge were significantly associated with their estimation of SB utility (p = 0.007 and p = 0.001, respectively). However, prior knowledge of cost utility analysis was not significantly associated with their overall utility score (p = 0.24) (Table 2).</text></passage><passage><infon key="section_type">RESULTS</infon><infon key="type">title_2</infon><offset>12185</offset><text>3.3. Multi-variate analysis</text></passage><passage><infon key="section_type">RESULTS</infon><infon key="type">paragraph</infon><offset>12213</offset><text>On multivariate analysis, none of the included factors such as prior NTD knowledge, race, marital status, education, or whether self/child/friend with SB was significantly associated with the determination of SB utility score (Table 3).</text></passage><passage><infon key="section_type">DISCUSS</infon><infon key="type">title_1</infon><offset>12450</offset><text>4. Discussion</text></passage><passage><infon key="section_type">DISCUSS</infon><infon key="type">paragraph</infon><offset>12464</offset><text>CUA is a useful tool to consider in the management of conditions, such as SB, when multiple treatment options exist. These conditions typically depend to some extent on patient preferences. These patient preferences are typically dependent in turn on health state utility value, or how patients (or families) value the quality of life for a given health state. Spina bifida (SB) is an example of such a preference-sensitive condition. To accurately conduct CUA research, accurate utility values are crucially important. If a baseline utility value incorrectly represents the value of that health state, then the resulting CUA will be irredeemably biased and essentially worthless. However, utility elicitation, which is usually done via lengthy face-to-face interviews, can be time-consuming and expensive. To our knowledge, utility estimation for SB via online survey has not previously been performed.</text></passage><passage><infon key="section_type">DISCUSS</infon><infon key="type">paragraph</infon><offset>13368</offset><text>We aimed to estimate the utility score for a typical 6-year-old child with SB using a validated online platform. We found this annual utility to be 0.85. Surprisingly, factors such as whether respondents/their child/their friend had SB did not significantly change their estimates of utility score. Prior knowledge of neural tube defect and SB were seen as significant factors in utility score determination on bivariate analysis, although this effect did not persist on multivariate analysis. This is consistent with our previous work on utility estimation. This result can be explained by several factors such as the small percentage of respondents with SB/NTD and possible co-linearity of the analyzed variables. Importantly, however, our crowd-sourced, calculated utility value is firmly in line with other estimates derived from more traditional methods.</text></passage><passage><infon key="section_type">DISCUSS</infon><infon key="type">paragraph</infon><offset>14228</offset><text>A recent review by Tarride et al. showed that the utility estimate in children with chronic health conditions to be 0.80 from a utility survey done among parents, patients, and pediatricians. Interestingly, the average utility score derived from pediatricians tend to be higher than those derived from parents. In another study using the National Health Interview Survey, the mean and median SB specific health utility score were 0.72 and 0.84, respectively. Thus, our reported SB utility value developed from online survey is similar to the established values in literature. The consistency of these estimated utility values provides further support in the use of this online platform as a valuable tool to estimate utility for other urological conditions. This significantly lowers the barrier to deriving health state utility estimates for specific health states specific to the various treatments that patients with SB often undergo (e.g., shunted vs. not, continent vs. not, reconstructed vs. not, catheterizing vs. not).</text></passage><passage><infon key="section_type">DISCUSS</infon><infon key="type">paragraph</infon><offset>15255</offset><text>At present, utility estimation in urology has been limited. There have been reported utility estimates for ureteroscopy, shock wave lithotripsy, and congenital ureteropelvic junction obstruction. These mentioned utility estimates have been conducted in the traditional approach via interviews. However, more recently, utility estimation via online platform has gained popularity as a valid and efficient method. Our group previously reported the utility estimation of childhood vesicoureteral reflux (VUR) using this online survey method and found that it was comparable to the utility score obtained via traditional interviews. Methodological limitations of this online platform have also been evaluated recently. We previously reported that utility estimate fluctuates based on whether it was parent vs. child vs. dyad perspective. In addition, utility weight was surprisingly unaffected by anchoring bias, which is a common human tendency where subsequent decisions are made based on the initial piece of information. Therefore, this online crowdsourcing tool not only provides precise utility estimation of VUR, but also more chronic pediatric urological conditions such as SB. The online tool’s success in deriving utility values for these two disease states suggests that it is a valid, reliable, and efficient tool to estimate CUA utilities.</text></passage><passage><infon key="section_type">DISCUSS</infon><infon key="type">paragraph</infon><offset>16606</offset><text>The result of our study should be viewed in the context of its limitations. First, our sampled respondents may not provide a true representation of the U.S. population. The demographics in our study were 48.8% F, 86.8% Caucasian, and 37.6% married. In a study by Dworkin et al., they recruited subjects for family dynamic research. In their study, the demographics of US population were 50.8% F, 74.8% Caucasian, and 52.4% married. Age was not part of their demographics analysis. Compared to national data, we showed similar gender demographics. However, there were less respondents who are married and more Caucasian respondents in our study. Given that the majority of our respondents were Caucasian, it is uncertain how precise our current utility value can estimate other racial ethnicities. However, race was not found to be a significant contributing factor on our multivariate analysis. Furthermore, previous literatures have shown that MTurk is more representative than other commonly used samples (U.S. undergraduates), and the survey result obtained through MTurk is similar to the traditional interview survey. Nonetheless, a wide geographic and racial representation remains a major challenge in utility estimation.</text></passage><passage><infon key="section_type">DISCUSS</infon><infon key="type">paragraph</infon><offset>17835</offset><text>Second, our current study estimates the utility of an overall SB state but does not provide specific distinction for myelomeningocele vs. other forms of SB (e.g., SB occulta or lipomeningocele). We would hypothesize that the utility value for myelomeningocele would be expected to be lower than other “less severe” forms, but we did not explore this point in this study. Furthermore, our analysis was based on trading from a parent/child dyad perspective. A prior study by our group showed that utility estimate was highest from child’s perspective followed by dyad’s perspective, and lowest from a parent’s perspective. Thus, the utility estimated from the dyad perspective likely provides an average from the other two health states. In addition, we estimated utility value based on a generic 6-year-old patient. This may not reflect the true utility estimate in much older or younger patients. However, the purpose of our current study is to validate the effectiveness and feasibility of crowdsourcing methods in estimating utility value in SB in general. This could now be adapted to a nearly infinite array of patient archetypes –preoperative patients with urinary leakage, postop patients with complications, older patients, younger patients, etc.</text></passage><passage><infon key="section_type">DISCUSS</infon><infon key="type">paragraph</infon><offset>19101</offset><text>Third, we limited respondents’ age to older than 18 years. However, we did include a diverse cohort of participants such as parent/non-parent, familiar/unfamiliar with SB, and single/married. It is uncertain how much impact the age limit will affect utility estimation on a mostly pediatric condition. However, due to improvement in the care of SB, majority of patients live well into adulthood, and we would anticipate that the impact of this age limit would likely be minimal.</text></passage><passage><infon key="section_type">DISCUSS</infon><infon key="type">paragraph</infon><offset>19582</offset><text>In addition, our survey respondents may not have a full spectrum of understanding about living with spina bifida. The brief Youtube video and description paragraph serve as a general overview of SB, but they do not necessarily provide an emphasis on some of the specific urological complications related to SB. However, the goal of this project is to determine the feasibility of MTurk for assessing utility in SB health states, but the fundamental structure of crowdsourcing can be applied to other health states as well (mobility, shunt malfunctions, fecal continence, decubiti, etc).</text></passage><passage><infon key="section_type">DISCUSS</infon><infon key="type">paragraph</infon><offset>20169</offset><text>Finally, due to the paucity of literature on SB utility values, it is difficult to draw definitive conclusion on the accuracy of any one published estimate (i.e. “gold standard”). However, the consistency among the currently published SB utility values and our estimate is reassuring. By establishing online crowdsourcing as a valid tool for SB utility estimate, it provides a solid foundation for future studies to better define SB utility values in varies health states.</text></passage><passage><infon key="section_type">CONCL</infon><infon key="type">title_1</infon><offset>20646</offset><text>5. Conclusions</text></passage><passage><infon key="section_type">CONCL</infon><infon key="type">paragraph</infon><offset>20661</offset><text>Using a validated online survey platform, we estimated that the utility value for a typical 6-year-old child with SB is 0.85, which is consistent with prior published utility scores obtained via more traditional approaches. Our study further supports the reliability of MTurk and crowdsourcing in general as a viable technique in spina bifida utility research.</text></passage><passage><infon key="section_type">CONCL</infon><infon key="type">footnote</infon><offset>21022</offset><text>           Conflict of interest         </text></passage><passage><infon key="section_type">CONCL</infon><infon key="type">footnote</infon><offset>21063</offset><text>No authors have any financial and personal relationships with other people or organizations that could inappropriately influence (bias) our work, including employment, consultancies, stock ownership, honoraria, paid expert testimony, patent applications/registrations, and grants or other funding.</text></passage><passage><infon key="section_type">ABBR</infon><infon key="type">title</infon><offset>21361</offset><text>Abbreviations</text></passage><passage><infon key="section_type">ABBR</infon><infon key="type">paragraph</infon><offset>21375</offset><text>SB</text></passage><passage><infon key="section_type">ABBR</infon><infon key="type">paragraph</infon><offset>21378</offset><text>Spina Bifida</text></passage><passage><infon key="section_type">ABBR</infon><infon key="type">paragraph</infon><offset>21391</offset><text>CUA</text></passage><passage><infon key="section_type">ABBR</infon><infon key="type">paragraph</infon><offset>21395</offset><text>Cost-utility analysis</text></passage><passage><infon key="section_type">ABBR</infon><infon key="type">paragraph</infon><offset>21417</offset><text>TTO</text></passage><passage><infon key="section_type">ABBR</infon><infon key="type">paragraph</infon><offset>21421</offset><text>Time-trade-off</text></passage><passage><infon key="section_type">ABBR</infon><infon key="type">paragraph</infon><offset>21436</offset><text>MTurk</text></passage><passage><infon key="section_type">ABBR</infon><infon key="type">paragraph</infon><offset>21442</offset><text>Amazon’s Mechanical Turk</text></passage><passage><infon key="section_type">ABBR</infon><infon key="type">paragraph</infon><offset>21469</offset><text>NTD</text></passage><passage><infon key="section_type">ABBR</infon><infon key="type">paragraph</infon><offset>21473</offset><text>Neural Tube Defect</text></passage><passage><infon key="fpage">713</infon><infon key="issue">9</infon><infon key="lpage">26</infon><infon key="name_0">surname:Prosser;given-names:LA</infon><infon key="name_1">surname:Hammitt;given-names:JK</infon><infon key="name_2">surname:Keren;given-names:R</infon><infon key="pub-id_pmid">17803331</infon><infon key="section_type">REF</infon><infon key="source">Pharmacoeconomics</infon><infon key="type">ref</infon><infon key="volume">25</infon><infon key="year">2007</infon><offset>21492</offset><text>Measuring health preferences for use in cost-utility and cost-benefit analyses of interventions in children: theoretical and methodological considerations</text></passage><passage><infon key="fpage">12</infon><infon key="name_0">surname:Tarride;given-names:JE</infon><infon key="pub-id_pmid">20105304</infon><infon key="section_type">REF</infon><infon key="source">Health Qual Life Outcomes</infon><infon key="type">ref</infon><infon key="volume">8</infon><infon key="year">2010</infon><offset>21647</offset><text>A review of health utilities across conditions common in paediatric and adult populations</text></passage><passage><infon key="name_0">surname:Tejwani;given-names:R</infon><infon key="section_type">REF</infon><infon key="source">J Urol</infon><infon key="type">ref</infon><infon key="year">2016</infon><offset>21737</offset><text>Utility Estimation for Pediatric Vesi-coureteral Reflux: Methodological Considerations Using an Online Survey Platform</text></passage><passage><infon key="fpage">1590</infon><infon key="issue">4 Suppl</infon><infon key="lpage">5</infon><infon key="name_0">surname:Lloyd;given-names:JC</infon><infon key="pub-id_pmid">23791903</infon><infon key="section_type">REF</infon><infon key="source">J Urol</infon><infon key="type">ref</infon><infon key="volume">190</infon><infon key="year">2013</infon><offset>21856</offset><text>Contemporary epidemiological trends in complex congenital genitourinary anomalies</text></passage><passage><infon key="fpage">1008</infon><infon key="issue">12</infon><infon key="lpage">16</infon><infon key="name_0">surname:Parker;given-names:SE</infon><infon key="pub-id_pmid">20878909</infon><infon key="section_type">REF</infon><infon key="source">Birth Defects Res A Clin Mol Teratol</infon><infon key="type">ref</infon><infon key="volume">88</infon><infon key="year">2010</infon><offset>21938</offset><text>Updated National Birth Prevalence estimates for selected birth defects in the United States, 2004–2006</text></passage><passage><infon key="fpage">778</infon><infon key="issue">6</infon><infon key="lpage">92</infon><infon key="name_0">surname:Gold;given-names:MR</infon><infon key="pub-id_pmid">9630120</infon><infon key="section_type">REF</infon><infon key="source">Med Care</infon><infon key="type">ref</infon><infon key="volume">36</infon><infon key="year">1998</infon><offset>22043</offset><text>Toward consistency in cost-utility analyses: using national measures to create condition-specific values</text></passage><passage><infon key="fpage">1026</infon><infon key="issue">6</infon><infon key="lpage">31</infon><infon key="name_0">surname:Lloyd;given-names:JC</infon><infon key="pub-id_pmid">24766856</infon><infon key="section_type">REF</infon><infon key="source">J Pediatr Urol</infon><infon key="type">ref</infon><infon key="volume">10</infon><infon key="year">2014</infon><offset>22148</offset><text>Estimating utility values for vesicoureteral reflux in the general public using an online tool</text></passage><passage><infon key="fpage">179</infon><infon key="issue">2</infon><infon key="lpage">87</infon><infon key="name_0">surname:Brabham;given-names:DC</infon><infon key="pub-id_pmid">24439353</infon><infon key="section_type">REF</infon><infon key="source">Am J Prev Med</infon><infon key="type">ref</infon><infon key="volume">46</infon><infon key="year">2014</infon><offset>22243</offset><text>Crowdsourcing applications for public health</text></passage><passage><infon key="fpage">e31461</infon><infon key="issue">2</infon><infon key="name_0">surname:Amir;given-names:O</infon><infon key="name_1">surname:Rand;given-names:DG</infon><infon key="name_2">surname:Gal;given-names:YK</infon><infon key="pub-id_pmid">22363651</infon><infon key="section_type">REF</infon><infon key="source">PLoS One</infon><infon key="type">ref</infon><infon key="volume">7</infon><infon key="year">2012</infon><offset>22288</offset><text>Economic games on the internet: the effect of $1 stakes</text></passage><passage><infon key="name_0">surname:Briones;given-names:EM</infon><infon key="name_1">surname:Benham;given-names:G</infon><infon key="section_type">REF</infon><infon key="source">Behav Res Methods</infon><infon key="type">ref</infon><infon key="year">2016</infon><offset>22344</offset><text>An examination of the equivalency of self-report measures obtained from crowdsourced versus undergraduate student samples</text></passage><passage><infon key="fpage">379</infon><infon key="issue">4</infon><infon key="lpage">85</infon><infon key="name_0">surname:Kirchner;given-names:TR</infon><infon key="pub-id_pmid">24050412</infon><infon key="section_type">REF</infon><infon key="source">Am J Prev Med</infon><infon key="type">ref</infon><infon key="volume">45</infon><infon key="year">2013</infon><offset>22466</offset><text>Geospatial exposure to point-of-sale tobacco: real-time craving and smoking-cessation outcomes</text></passage><passage><infon key="fpage">87</infon><infon key="lpage">92</infon><infon key="name_0">surname:Fann;given-names:CY</infon><infon key="name_1">surname:Huang;given-names:PC</infon><infon key="name_2">surname:Yen;given-names:AMF</infon><infon key="name_3">surname:Chen;given-names:HH</infon><infon key="section_type">REF</infon><infon key="source">Value Health</infon><infon key="type">ref</infon><infon key="volume">1</infon><infon key="year">2012</infon><offset>22561</offset><text>Patient utility measurement for managing ureteral stones: a modified standard gamble approach</text></passage><passage><infon key="fpage">379</infon><infon key="issue">3</infon><infon key="lpage">83</infon><infon key="name_0">surname:Mesrobian;given-names:HG</infon><infon key="pub-id_pmid">19034461</infon><infon key="section_type">REF</infon><infon key="source">World J Urol</infon><infon key="type">ref</infon><infon key="volume">27</infon><infon key="year">2009</infon><offset>22655</offset><text>The value of newborn urinary proteome analysis in the evaluation and management of ureteropelvic junction obstruction: a cost-effectiveness study</text></passage><passage><infon key="fpage">550</infon><infon key="issue">4</infon><infon key="lpage">561</infon><infon key="name_0">surname:Dworkin;given-names:J</infon><infon key="pub-id_pmid">28804184</infon><infon key="section_type">REF</infon><infon key="source">Fam Relat</infon><infon key="type">ref</infon><infon key="volume">65</infon><infon key="year">2016</infon><offset>22801</offset><text>A Comparison of Three Online Recruitment Strategies for Engaging Parents</text></passage><passage><infon key="fpage">351</infon><infon key="lpage">68</infon><infon key="name_0">surname:Berinsky;given-names:AJ</infon><infon key="name_1">surname:Huber;given-names:GA</infon><infon key="name_2">surname:Lenz;given-names:GS</infon><infon key="section_type">REF</infon><infon key="source">Poli Anal</infon><infon key="type">ref</infon><infon key="volume">20</infon><infon key="year">2012</infon><offset>22874</offset><text>Evaluating online labor markets for experimental research: Amazon.com’s Mechanical Turk</text></passage><passage><infon key="fpage">3</infon><infon key="lpage">5</infon><infon key="name_0">surname:Buhrmester;given-names:M</infon><infon key="name_1">surname:Kuang;given-names:T</infon><infon key="name_2">surname:Gosling;given-names:S</infon><infon key="section_type">REF</infon><infon key="source">Psychological Science</infon><infon key="type">ref</infon><infon key="volume">6</infon><infon key="year">2011</infon><offset>22964</offset><text>Amazon’s Mechanical Turk: A New Source of Inexpensive, Yet High-Quality, Data?</text></passage><passage><infon key="fpage">e108</infon><infon key="issue">6</infon><infon key="name_0">surname:Yu;given-names:B</infon><infon key="section_type">REF</infon><infon key="source">J Med Inter-net Res</infon><infon key="type">ref</infon><infon key="volume">15</infon><infon key="year">2013</infon><offset>23045</offset><text>Crowdsourcing participatory evaluation of medical pictograms using Amazon Mechanical Turk</text></passage><passage><infon key="section_type">APPENDIX</infon><infon key="type">title</infon><offset>23135</offset><text>Appendix. Spina bifida questionnaire</text></passage><passage><infon key="section_type">INTRO</infon><infon key="type">title_1</infon><offset>23172</offset><text>Introduction</text></passage><passage><infon key="section_type">INTRO</infon><infon key="type">paragraph</infon><offset>23185</offset><text>The purpose of this survey is to understand how you feel about certain health conditions. This research project is being conducted by Duke University.</text></passage><passage><infon key="section_type">INTRO</infon><infon key="type">paragraph</infon><offset>23336</offset><text>This questionnaire presents imaginary scenarios about certain conditions. It is important that you understand that there are no right or wrong answers – we are only interested in hearing your opinions. Participants often wonder why we ask these questions. This information helps understand the public’s opinions on these types of illnesses.</text></passage><passage><infon key="section_type">INTRO</infon><infon key="type">paragraph</infon><offset>23681</offset><text>We would like to ask you a few questions first:</text></passage><passage><infon key="section_type">INTRO</infon><infon key="type">paragraph</infon><offset>23729</offset><text>Do you have any prior knowledge of spina bifida BEFORE this survey:</text></passage><passage><infon key="section_type">INTRO</infon><infon key="type">paragraph</infon><offset>23797</offset><text>never heard of it</text></passage><passage><infon key="section_type">INTRO</infon><infon key="type">paragraph</infon><offset>23815</offset><text>may have heard of it but not sure</text></passage><passage><infon key="section_type">INTRO</infon><infon key="type">paragraph</infon><offset>23849</offset><text>know about the concept but not details</text></passage><passage><infon key="section_type">INTRO</infon><infon key="type">paragraph</infon><offset>23888</offset><text>have rather good understanding of the disease</text></passage><passage><infon key="section_type">INTRO</infon><infon key="type">paragraph</infon><offset>23934</offset><text>have ample knowledge of this disease</text></passage><passage><infon key="section_type">INTRO</infon><infon key="type">paragraph</infon><offset>23971</offset><text>Do you have any prior knowledge/experience of cost-effective analysis and/or utility analysis and/or time-trade-off (TTO) methods BEFORE this survey:</text></passage><passage><infon key="section_type">INTRO</infon><infon key="type">paragraph</infon><offset>24121</offset><text>never heard of it</text></passage><passage><infon key="section_type">INTRO</infon><infon key="type">paragraph</infon><offset>24139</offset><text>may have heard of it but not sure</text></passage><passage><infon key="section_type">INTRO</infon><infon key="type">paragraph</infon><offset>24173</offset><text>know about the concept but not details</text></passage><passage><infon key="section_type">INTRO</infon><infon key="type">paragraph</infon><offset>24212</offset><text>have rather good understanding of the disease</text></passage><passage><infon key="section_type">INTRO</infon><infon key="type">paragraph</infon><offset>24258</offset><text>have ample knowledge of this disease</text></passage><passage><infon key="section_type">INTRO</infon><infon key="type">paragraph</infon><offset>24295</offset><text>In the following questions, we will describe a health condition that can affect children.</text></passage><passage><infon key="section_type">INTRO</infon><infon key="type">paragraph</infon><offset>24385</offset><text>When reading the scenario we would like you to imagine that you are the parent of a 6-year-old child who is living with this health condition.</text></passage><passage><infon key="section_type">INTRO</infon><infon key="type">paragraph</infon><offset>24528</offset><text>After reading about the health condition, we would like you to think about the effect that this health condition has on you, on your child, and on your family. A child with a chronic health condition can have a large impact on the overall quality of life of their entire family, and we are trying to measure just how large of an impact that is.</text></passage><passage><infon key="section_type">INTRO</infon><infon key="type">paragraph</infon><offset>24873</offset><text>Again, when answering the following questions, we would like you to imagine that your 6-year-old child has this health condition. We would like you to think about what you would be willing to trade to get your child back to a state of perfect health. Specifically, we would like you to think about what portion of your lifetime, if any, you would be willing to trade off from the end of YOUR and YOUR CHILD’S life to cure your child.</text></passage><passage><infon key="section_type">INTRO</infon><infon key="type">paragraph</infon><offset>25309</offset><text>Please include the value of preventing the pain, suffering, inconvenience, and lost time for productive activities (like school and work) and leisure activities.</text></passage><passage><infon key="section_type">INTRO</infon><infon key="type">paragraph</infon><offset>25471</offset><text>We know that this is a little silly to think about trading years of “imperfect health” for years of “perfect health”, but please remember that we are just trying to estimate how much of an impact this health condition would have on you and on your family.</text></passage><passage><infon key="section_type">INTRO</infon><infon key="type">paragraph</infon><offset>25735</offset><text>We really appreciate your help with this!</text></passage><passage><infon key="section_type">INTRO</infon><infon key="type">paragraph</infon><offset>25777</offset><text>First, we would like to start with some basic questions about you.</text></passage><passage><infon key="section_type">INTRO</infon><infon key="type">paragraph</infon><offset>25844</offset><text>What is your age?</text></passage><passage><infon key="section_type">INTRO</infon><infon key="type">paragraph</infon><offset>25862</offset><text>_____ years old</text></passage><passage><infon key="section_type">INTRO</infon><infon key="type">paragraph</infon><offset>25878</offset><text>What is your gender?</text></passage><passage><infon key="section_type">INTRO</infon><infon key="type">paragraph</infon><offset>25899</offset><text>(male or female)</text></passage><passage><infon key="section_type">INTRO</infon><infon key="type">title_1</infon><offset>25916</offset><text>Neural tube defect state</text></passage><passage><infon key="section_type">INTRO</infon><infon key="type">title_2</infon><offset>25941</offset><text>Spina bifida</text></passage><passage><infon key="section_type">INTRO</infon><infon key="type">paragraph</infon><offset>25954</offset><text>Spina bifida is a birth defect where a person’s backbone (spine) does not develop properly before birth. The spine protects the spinal cord, a long bundle of nerves that runs from your brain to the bottom of your back. These nerves help to carry signals between your body and brain; when these nerves are damaged these signals can’t get through. In spina bifida, the bones of the spine do not come together (“fuse”) properly, leaving gaps in a person’s backbone. If the spinal cord protrudes (sticks out) through these caps, it can become damaged.</text></passage><passage><infon key="section_type">INTRO</infon><infon key="type">paragraph</infon><offset>26512</offset><text>In individuals with more severe forms of spina bifida, the spinal cord can stick out through the gaps in the bones of the spine. When this happens spinal cord nerves can be damaged. Among other things, these nerves control movement and feeling in a person’s legs and feet and control a person’s bladder and bowel movements. Individuals born with this severe form of spina bifida (called myelomeningocele) may be paralyzed from the waist down. They are also at risk for developing reoccurring pressure sores (ulcers); they may also be incontinent of both urine and feces (in other words, they may be unable to control when they pee and poop). Because of these complications, these individuals are at higher risk for infections, particularly urinary tract infections (UTIs), infections in the kidneys, and skin infections.</text></passage><passage><infon key="section_type">INTRO</infon><infon key="type">paragraph</infon><offset>27337</offset><text>There is no cure for spina bifida. Individuals born with severe forms of spina bifida, such as myelomeningocele, may require several surgeries and frequent visits to doctors for the rest of their lives. This often includes surgery on their spine to close the open spina bifida defect, surgery on their bladder and bowels to improve continence, and surgery on their bones to correct orthopedic defects. With the help of medical and surgical treatments, more and more individuals with spina bifida are living longer lives; however, the life expectancy for individuals with spina bifida (especially severe forms like myelomeningocele) is shorter than individuals who don’t have spina bifida.</text></passage><passage><infon key="section_type">INTRO</infon><infon key="type">paragraph</infon><offset>28028</offset><text>[PLAY VIDEO HERE] https://www.youtube.com/watch?v=4Fi-miRqjHs</text></passage><passage><infon key="section_type">INTRO</infon><infon key="type">paragraph</infon><offset>28090</offset><text>[AFTER READING THE ABOVE PASSAGE, THE PARTICIPANT WILL BE ASKED THE FOLLOWING:]</text></passage><passage><infon key="section_type">INTRO</infon><infon key="type">paragraph</infon><offset>28170</offset><text>Imagine that you have a 6 year old child with spina bifida as just described. Now imagine that a fortune-teller can see the next 10 years of your future. She sees that your child will live with this condition for at least the next 10 years. However, she can make you the following offer: instead of living for 10 years with spina bifida, your child will be in perfect health, but, your and your child’s life will be somewhat shorter. In other words, you and your child will have to give up a certain amount of time so that your child will live in perfect health instead of your child’s current state of imperfect health. Your child’s total lifespan will be unchanged.</text></passage><passage><infon key="section_type">INTRO</infon><infon key="type">paragraph</infon><offset>28844</offset><text>So, instead of spending 10 years with spina bifida, the fortune-teller makes you an offer where you and your child have to give up ______ years ______months, but in exchange your child will spend ______ years ______months in perfect health. Would you accept this offer?</text></passage><passage><infon key="section_type">INTRO</infon><infon key="type">paragraph</infon><offset>29114</offset><text>If “yes”, add time to offer.</text></passage><passage><infon key="section_type">INTRO</infon><infon key="type">paragraph</infon><offset>29147</offset><text>If “no”, subtract time from offer.</text></passage><passage><infon key="section_type">INTRO</infon><infon key="type">paragraph</infon><offset>29186</offset><text>[DEMOGRAPHICS]</text></passage><passage><infon key="section_type">INTRO</infon><infon key="type">paragraph</infon><offset>29201</offset><text>Finally, we need to ask a few questions about you:</text></passage><passage><infon key="section_type">INTRO</infon><infon key="type">paragraph</infon><offset>29252</offset><text>Please indicate your marital status.</text></passage><passage><infon key="section_type">INTRO</infon><infon key="type">paragraph</infon><offset>29289</offset><text>(single, married, separated, divorced, widowed, living with partner)</text></passage><passage><infon key="section_type">INTRO</infon><infon key="type">paragraph</infon><offset>29358</offset><text>Do you have any children?</text></passage><passage><infon key="section_type">INTRO</infon><infon key="type">paragraph</infon><offset>29384</offset><text>(yes or no)</text></passage><passage><infon key="section_type">INTRO</infon><infon key="type">paragraph</infon><offset>29396</offset><text>Do you ever have any of the following conditions?</text></passage><passage><infon key="section_type">INTRO</infon><infon key="type">paragraph</infon><offset>29446</offset><text>(Spina bifida, Myelomeningocele, no health problems)</text></passage><passage><infon key="section_type">INTRO</infon><infon key="type">paragraph</infon><offset>29499</offset><text>Do you have a child with any of the following conditions?</text></passage><passage><infon key="section_type">INTRO</infon><infon key="type">paragraph</infon><offset>29557</offset><text>(Spina bifida, Myelomeningocele, no health problems)</text></passage><passage><infon key="section_type">INTRO</infon><infon key="type">paragraph</infon><offset>29610</offset><text>Do you have a relative/friend with any of the following conditions?</text></passage><passage><infon key="section_type">INTRO</infon><infon key="type">paragraph</infon><offset>29678</offset><text>(Spina bifida, Myelomeningocele, no health problems)</text></passage><passage><infon key="section_type">INTRO</infon><infon key="type">paragraph</infon><offset>29731</offset><text>What is your race?</text></passage><passage><infon key="section_type">INTRO</infon><infon key="type">paragraph</infon><offset>29750</offset><text>(white, black, Asian, Native American, pacific islander, two or more races, other)</text></passage><passage><infon key="section_type">INTRO</infon><infon key="type">paragraph</infon><offset>29833</offset><text>What is your ethnicity?</text></passage><passage><infon key="section_type">INTRO</infon><infon key="type">paragraph</infon><offset>29857</offset><text>(Hispanic/Latino, non-Hispanic)</text></passage><passage><infon key="section_type">INTRO</infon><infon key="type">paragraph</infon><offset>29889</offset><text>What is the highest level of education you have achieved?</text></passage><passage><infon key="section_type">INTRO</infon><infon key="type">paragraph</infon><offset>29947</offset><text>(less than HS, HS/GED, some college, 2-yr college degree, 4-yr college degree, masters degree, doctoral degree, professional degree)</text></passage><passage><infon key="section_type">INTRO</infon><infon key="type">paragraph</infon><offset>30080</offset><text>What is your annual income range?</text></passage><passage><infon key="section_type">INTRO</infon><infon key="type">paragraph</infon><offset>30114</offset><text>(&lt; 20 k, 20–49 k, 50–89 k, 90 k or more)</text></passage><passage><infon key="section_type">INTRO</infon><infon key="type">paragraph</infon><offset>30159</offset><text>Please provide any comments you may have in the space below. We appreciate your input!</text></passage><passage><infon key="file">T1.xml</infon><infon key="id">T1</infon><infon key="section_type">TABLE</infon><infon key="type">table_caption</infon><offset>30246</offset><text>Respondent demographics</text></passage><passage><infon key="file">T1.xml</infon><infon key="id">T1</infon><infon key="section_type">TABLE</infon><infon key="type">table</infon><infon key="xml">&lt;?xml version=&quot;1.0&quot; encoding=&quot;UTF-8&quot;?&gt;
&lt;table frame=&quot;hsides&quot; rules=&quot;groups&quot;&gt;
        &lt;thead&gt;
          &lt;tr&gt;
            &lt;th align=&quot;left&quot; valign=&quot;bottom&quot; rowspan=&quot;1&quot; colspan=&quot;1&quot;&gt;Characteristics&lt;/th&gt;
            &lt;th align=&quot;center&quot; valign=&quot;bottom&quot; rowspan=&quot;1&quot; colspan=&quot;1&quot;&gt;N (%)&lt;/th&gt;
            &lt;th align=&quot;left&quot; valign=&quot;bottom&quot; rowspan=&quot;1&quot; colspan=&quot;1&quot;&gt;Characteristics&lt;/th&gt;
            &lt;th align=&quot;center&quot; valign=&quot;bottom&quot; rowspan=&quot;1&quot; colspan=&quot;1&quot;&gt;N (%)&lt;/th&gt;
          &lt;/tr&gt;
        &lt;/thead&gt;
        &lt;tbody&gt;
          &lt;tr&gt;
            &lt;td align=&quot;left&quot; valign=&quot;top&quot; rowspan=&quot;1&quot; colspan=&quot;1&quot;&gt;Age (mean, SD)&lt;/td&gt;
            &lt;td align=&quot;center&quot; valign=&quot;top&quot; rowspan=&quot;1&quot; colspan=&quot;1&quot;&gt;33.6 (10.5)&lt;/td&gt;
            &lt;td colspan=&quot;2&quot; align=&quot;left&quot; valign=&quot;top&quot; rowspan=&quot;1&quot;&gt;SB self dondition&lt;/td&gt;
          &lt;/tr&gt;
          &lt;tr&gt;
            &lt;td colspan=&quot;2&quot; align=&quot;left&quot; valign=&quot;top&quot; rowspan=&quot;1&quot;&gt;Gender&lt;/td&gt;
            &lt;td align=&quot;left&quot; valign=&quot;top&quot; rowspan=&quot;1&quot; colspan=&quot;1&quot;&gt; Has none&lt;/td&gt;
            &lt;td align=&quot;center&quot; valign=&quot;top&quot; rowspan=&quot;1&quot; colspan=&quot;1&quot;&gt;491 (97.8)&lt;/td&gt;
          &lt;/tr&gt;
          &lt;tr&gt;
            &lt;td align=&quot;left&quot; valign=&quot;top&quot; rowspan=&quot;1&quot; colspan=&quot;1&quot;&gt; Female&lt;/td&gt;
            &lt;td align=&quot;center&quot; valign=&quot;top&quot; rowspan=&quot;1&quot; colspan=&quot;1&quot;&gt;245 (48.8)&lt;/td&gt;
            &lt;td align=&quot;left&quot; valign=&quot;top&quot; rowspan=&quot;1&quot; colspan=&quot;1&quot;&gt; Has SB&lt;/td&gt;
            &lt;td align=&quot;center&quot; valign=&quot;top&quot; rowspan=&quot;1&quot; colspan=&quot;1&quot;&gt;8 (1.6)&lt;/td&gt;
          &lt;/tr&gt;
          &lt;tr&gt;
            &lt;td align=&quot;left&quot; valign=&quot;top&quot; rowspan=&quot;1&quot; colspan=&quot;1&quot;&gt; Male&lt;/td&gt;
            &lt;td align=&quot;center&quot; valign=&quot;top&quot; rowspan=&quot;1&quot; colspan=&quot;1&quot;&gt;257 (51.2)&lt;/td&gt;
            &lt;td align=&quot;left&quot; valign=&quot;top&quot; rowspan=&quot;1&quot; colspan=&quot;1&quot;&gt; Has spinal injury&lt;/td&gt;
            &lt;td align=&quot;center&quot; valign=&quot;top&quot; rowspan=&quot;1&quot; colspan=&quot;1&quot;&gt;1 (0.2)&lt;/td&gt;
          &lt;/tr&gt;
          &lt;tr&gt;
            &lt;td colspan=&quot;2&quot; align=&quot;left&quot; valign=&quot;top&quot; rowspan=&quot;1&quot;&gt;Race/ethnicity&lt;/td&gt;
            &lt;td align=&quot;left&quot; valign=&quot;top&quot; rowspan=&quot;1&quot; colspan=&quot;1&quot;&gt; Has paraplegia&lt;/td&gt;
            &lt;td align=&quot;center&quot; valign=&quot;top&quot; rowspan=&quot;1&quot; colspan=&quot;1&quot;&gt;1 (0.2)&lt;/td&gt;
          &lt;/tr&gt;
          &lt;tr&gt;
            &lt;td align=&quot;left&quot; valign=&quot;top&quot; rowspan=&quot;1&quot; colspan=&quot;1&quot;&gt; African-American&lt;/td&gt;
            &lt;td align=&quot;center&quot; valign=&quot;top&quot; rowspan=&quot;1&quot; colspan=&quot;1&quot;&gt;42 (8.4)&lt;/td&gt;
            &lt;td align=&quot;left&quot; valign=&quot;top&quot; rowspan=&quot;1&quot; colspan=&quot;1&quot;&gt; Has paralysis&lt;/td&gt;
            &lt;td align=&quot;center&quot; valign=&quot;top&quot; rowspan=&quot;1&quot; colspan=&quot;1&quot;&gt;1 (0.2)&lt;/td&gt;
          &lt;/tr&gt;
          &lt;tr&gt;
            &lt;td align=&quot;left&quot; valign=&quot;top&quot; rowspan=&quot;1&quot; colspan=&quot;1&quot;&gt; Asian&lt;/td&gt;
            &lt;td align=&quot;center&quot; valign=&quot;top&quot; rowspan=&quot;1&quot; colspan=&quot;1&quot;&gt;52 (10.4)&lt;/td&gt;
            &lt;td colspan=&quot;2&quot; align=&quot;left&quot; valign=&quot;top&quot; rowspan=&quot;1&quot;&gt;SB child condition&lt;/td&gt;
          &lt;/tr&gt;
          &lt;tr&gt;
            &lt;td align=&quot;left&quot; valign=&quot;top&quot; rowspan=&quot;1&quot; colspan=&quot;1&quot;&gt; Caucasian&lt;/td&gt;
            &lt;td align=&quot;center&quot; valign=&quot;top&quot; rowspan=&quot;1&quot; colspan=&quot;1&quot;&gt;386 (76.8)&lt;/td&gt;
            &lt;td align=&quot;left&quot; valign=&quot;top&quot; rowspan=&quot;1&quot; colspan=&quot;1&quot;&gt; Has none&lt;/td&gt;
            &lt;td align=&quot;center&quot; valign=&quot;top&quot; rowspan=&quot;1&quot; colspan=&quot;1&quot;&gt;498 (99.2)&lt;/td&gt;
          &lt;/tr&gt;
          &lt;tr&gt;
            &lt;td align=&quot;left&quot; valign=&quot;top&quot; rowspan=&quot;1&quot; colspan=&quot;1&quot;&gt; Native American&lt;/td&gt;
            &lt;td align=&quot;center&quot; valign=&quot;top&quot; rowspan=&quot;1&quot; colspan=&quot;1&quot;&gt;1 (0.2)&lt;/td&gt;
            &lt;td align=&quot;left&quot; valign=&quot;top&quot; rowspan=&quot;1&quot; colspan=&quot;1&quot;&gt; Has SB&lt;/td&gt;
            &lt;td align=&quot;center&quot; valign=&quot;top&quot; rowspan=&quot;1&quot; colspan=&quot;1&quot;&gt;4 (0.8)&lt;/td&gt;
          &lt;/tr&gt;
          &lt;tr&gt;
            &lt;td align=&quot;left&quot; valign=&quot;top&quot; rowspan=&quot;1&quot; colspan=&quot;1&quot;&gt; Other&lt;/td&gt;
            &lt;td align=&quot;center&quot; valign=&quot;top&quot; rowspan=&quot;1&quot; colspan=&quot;1&quot;&gt;16 (3.2)&lt;/td&gt;
            &lt;td colspan=&quot;2&quot; align=&quot;left&quot; valign=&quot;top&quot; rowspan=&quot;1&quot;&gt;SB friend dondition&lt;/td&gt;
          &lt;/tr&gt;
          &lt;tr&gt;
            &lt;td align=&quot;left&quot; valign=&quot;top&quot; rowspan=&quot;1&quot; colspan=&quot;1&quot;&gt; Two or more races&lt;/td&gt;
            &lt;td align=&quot;center&quot; valign=&quot;top&quot; rowspan=&quot;1&quot; colspan=&quot;1&quot;&gt;5 (1)&lt;/td&gt;
            &lt;td align=&quot;left&quot; valign=&quot;top&quot; rowspan=&quot;1&quot; colspan=&quot;1&quot;&gt; Has none&lt;/td&gt;
            &lt;td align=&quot;center&quot; valign=&quot;top&quot; rowspan=&quot;1&quot; colspan=&quot;1&quot;&gt;433 (86.2)&lt;/td&gt;
          &lt;/tr&gt;
          &lt;tr&gt;
            &lt;td colspan=&quot;2&quot; align=&quot;left&quot; valign=&quot;top&quot; rowspan=&quot;1&quot;&gt;Marital status&lt;/td&gt;
            &lt;td align=&quot;left&quot; valign=&quot;top&quot; rowspan=&quot;1&quot; colspan=&quot;1&quot;&gt; Has SB&lt;/td&gt;
            &lt;td align=&quot;center&quot; valign=&quot;top&quot; rowspan=&quot;1&quot; colspan=&quot;1&quot;&gt;26 (5.1)&lt;/td&gt;
          &lt;/tr&gt;
          &lt;tr&gt;
            &lt;td align=&quot;left&quot; valign=&quot;top&quot; rowspan=&quot;1&quot; colspan=&quot;1&quot;&gt; Single&lt;/td&gt;
            &lt;td align=&quot;center&quot; valign=&quot;top&quot; rowspan=&quot;1&quot; colspan=&quot;1&quot;&gt;226 (45)&lt;/td&gt;
            &lt;td align=&quot;left&quot; valign=&quot;top&quot; rowspan=&quot;1&quot; colspan=&quot;1&quot;&gt; Has MMC&lt;/td&gt;
            &lt;td align=&quot;center&quot; valign=&quot;top&quot; rowspan=&quot;1&quot; colspan=&quot;1&quot;&gt;1 (0.2)&lt;/td&gt;
          &lt;/tr&gt;
          &lt;tr&gt;
            &lt;td align=&quot;left&quot; valign=&quot;top&quot; rowspan=&quot;1&quot; colspan=&quot;1&quot;&gt; Married&lt;/td&gt;
            &lt;td align=&quot;center&quot; valign=&quot;top&quot; rowspan=&quot;1&quot; colspan=&quot;1&quot;&gt;189 (37.6)&lt;/td&gt;
            &lt;td align=&quot;left&quot; valign=&quot;top&quot; rowspan=&quot;1&quot; colspan=&quot;1&quot;&gt; Has spinal injury&lt;/td&gt;
            &lt;td align=&quot;center&quot; valign=&quot;top&quot; rowspan=&quot;1&quot; colspan=&quot;1&quot;&gt;20 (3.9)&lt;/td&gt;
          &lt;/tr&gt;
          &lt;tr&gt;
            &lt;td align=&quot;left&quot; valign=&quot;top&quot; rowspan=&quot;1&quot; colspan=&quot;1&quot;&gt; Separated&lt;/td&gt;
            &lt;td align=&quot;center&quot; valign=&quot;top&quot; rowspan=&quot;1&quot; colspan=&quot;1&quot;&gt;28 (5.6)&lt;/td&gt;
            &lt;td align=&quot;left&quot; valign=&quot;top&quot; rowspan=&quot;1&quot; colspan=&quot;1&quot;&gt; Has paraplegia&lt;/td&gt;
            &lt;td align=&quot;center&quot; valign=&quot;top&quot; rowspan=&quot;1&quot; colspan=&quot;1&quot;&gt;9 (1.8)&lt;/td&gt;
          &lt;/tr&gt;
          &lt;tr&gt;
            &lt;td align=&quot;left&quot; valign=&quot;top&quot; rowspan=&quot;1&quot; colspan=&quot;1&quot;&gt; Widowed&lt;/td&gt;
            &lt;td align=&quot;center&quot; valign=&quot;top&quot; rowspan=&quot;1&quot; colspan=&quot;1&quot;&gt;2 (0.4)&lt;/td&gt;
            &lt;td align=&quot;left&quot; valign=&quot;top&quot; rowspan=&quot;1&quot; colspan=&quot;1&quot;&gt; Has quadriplegia&lt;/td&gt;
            &lt;td align=&quot;center&quot; valign=&quot;top&quot; rowspan=&quot;1&quot; colspan=&quot;1&quot;&gt;5 (1)&lt;/td&gt;
          &lt;/tr&gt;
          &lt;tr&gt;
            &lt;td align=&quot;left&quot; valign=&quot;top&quot; rowspan=&quot;1&quot; colspan=&quot;1&quot;&gt; Living w/partner&lt;/td&gt;
            &lt;td align=&quot;center&quot; valign=&quot;top&quot; rowspan=&quot;1&quot; colspan=&quot;1&quot;&gt;57 (11.4)&lt;/td&gt;
            &lt;td align=&quot;left&quot; valign=&quot;top&quot; rowspan=&quot;1&quot; colspan=&quot;1&quot;&gt; Has paralysis&lt;/td&gt;
            &lt;td align=&quot;center&quot; valign=&quot;top&quot; rowspan=&quot;1&quot; colspan=&quot;1&quot;&gt;8 (1.6)&lt;/td&gt;
          &lt;/tr&gt;
          &lt;tr&gt;
            &lt;td colspan=&quot;2&quot; align=&quot;left&quot; valign=&quot;top&quot; rowspan=&quot;1&quot;&gt;Parental status&lt;/td&gt;
            &lt;td colspan=&quot;2&quot; align=&quot;left&quot; valign=&quot;top&quot; rowspan=&quot;1&quot;&gt;Prior SB knowledge&lt;/td&gt;
          &lt;/tr&gt;
          &lt;tr&gt;
            &lt;td align=&quot;left&quot; valign=&quot;top&quot; rowspan=&quot;1&quot; colspan=&quot;1&quot;&gt; Have children&lt;/td&gt;
            &lt;td align=&quot;center&quot; valign=&quot;top&quot; rowspan=&quot;1&quot; colspan=&quot;1&quot;&gt;223 (46.4)&lt;/td&gt;
            &lt;td align=&quot;left&quot; valign=&quot;top&quot; rowspan=&quot;1&quot; colspan=&quot;1&quot;&gt; Never heard of it&lt;/td&gt;
            &lt;td align=&quot;center&quot; valign=&quot;top&quot; rowspan=&quot;1&quot; colspan=&quot;1&quot;&gt;100 (19.9)&lt;/td&gt;
          &lt;/tr&gt;
          &lt;tr&gt;
            &lt;td colspan=&quot;2&quot; align=&quot;left&quot; valign=&quot;top&quot; rowspan=&quot;1&quot;&gt;Educational attainment&lt;/td&gt;
            &lt;td align=&quot;left&quot; valign=&quot;top&quot; rowspan=&quot;1&quot; colspan=&quot;1&quot;&gt; May have heard of it&lt;/td&gt;
            &lt;td align=&quot;center&quot; valign=&quot;top&quot; rowspan=&quot;1&quot; colspan=&quot;1&quot;&gt;142 (28.3)&lt;/td&gt;
          &lt;/tr&gt;
          &lt;tr&gt;
            &lt;td align=&quot;left&quot; valign=&quot;top&quot; rowspan=&quot;1&quot; colspan=&quot;1&quot;&gt; Some college&lt;/td&gt;
            &lt;td align=&quot;center&quot; valign=&quot;top&quot; rowspan=&quot;1&quot; colspan=&quot;1&quot;&gt;190 (37.8)&lt;/td&gt;
            &lt;td align=&quot;left&quot; valign=&quot;top&quot; rowspan=&quot;1&quot; colspan=&quot;1&quot;&gt; Know concept but not detail&lt;/td&gt;
            &lt;td align=&quot;center&quot; valign=&quot;top&quot; rowspan=&quot;1&quot; colspan=&quot;1&quot;&gt;219 (43.6)&lt;/td&gt;
          &lt;/tr&gt;
          &lt;tr&gt;
            &lt;td align=&quot;left&quot; valign=&quot;top&quot; rowspan=&quot;1&quot; colspan=&quot;1&quot;&gt; 2-year college degree&lt;/td&gt;
            &lt;td align=&quot;center&quot; valign=&quot;top&quot; rowspan=&quot;1&quot; colspan=&quot;1&quot;&gt;192 (38.3)&lt;/td&gt;
            &lt;td align=&quot;left&quot; valign=&quot;top&quot; rowspan=&quot;1&quot; colspan=&quot;1&quot;&gt; Good understanding&lt;/td&gt;
            &lt;td align=&quot;center&quot; valign=&quot;top&quot; rowspan=&quot;1&quot; colspan=&quot;1&quot;&gt;35 (6.9)&lt;/td&gt;
          &lt;/tr&gt;
          &lt;tr&gt;
            &lt;td align=&quot;left&quot; valign=&quot;top&quot; rowspan=&quot;1&quot; colspan=&quot;1&quot;&gt; 4-year college degree&lt;/td&gt;
            &lt;td align=&quot;center&quot; valign=&quot;top&quot; rowspan=&quot;1&quot; colspan=&quot;1&quot;&gt;56 (11.2)&lt;/td&gt;
            &lt;td align=&quot;left&quot; valign=&quot;top&quot; rowspan=&quot;1&quot; colspan=&quot;1&quot;&gt; Ample knowledge&lt;/td&gt;
            &lt;td align=&quot;center&quot; valign=&quot;top&quot; rowspan=&quot;1&quot; colspan=&quot;1&quot;&gt;6 (1.2)&lt;/td&gt;
          &lt;/tr&gt;
          &lt;tr&gt;
            &lt;td align=&quot;left&quot; valign=&quot;top&quot; rowspan=&quot;1&quot; colspan=&quot;1&quot;&gt; Master’s degree&lt;/td&gt;
            &lt;td align=&quot;center&quot; valign=&quot;top&quot; rowspan=&quot;1&quot; colspan=&quot;1&quot;&gt;10 (1.9)&lt;/td&gt;
            &lt;td colspan=&quot;2&quot; align=&quot;left&quot; valign=&quot;top&quot; rowspan=&quot;1&quot;&gt;Prior CUA knowledge&lt;/td&gt;
          &lt;/tr&gt;
          &lt;tr&gt;
            &lt;td align=&quot;left&quot; valign=&quot;top&quot; rowspan=&quot;1&quot; colspan=&quot;1&quot;&gt; High school diploma or GED&lt;/td&gt;
            &lt;td align=&quot;center&quot; valign=&quot;top&quot; rowspan=&quot;1&quot; colspan=&quot;1&quot;&gt;52 (10.4)&lt;/td&gt;
            &lt;td align=&quot;left&quot; valign=&quot;top&quot; rowspan=&quot;1&quot; colspan=&quot;1&quot;&gt; Never heard of it&lt;/td&gt;
            &lt;td align=&quot;center&quot; valign=&quot;top&quot; rowspan=&quot;1&quot; colspan=&quot;1&quot;&gt;246 (49)&lt;/td&gt;
          &lt;/tr&gt;
          &lt;tr&gt;
            &lt;td align=&quot;left&quot; valign=&quot;top&quot; rowspan=&quot;1&quot; colspan=&quot;1&quot;&gt; Less than high school diploma&lt;/td&gt;
            &lt;td align=&quot;center&quot; valign=&quot;top&quot; rowspan=&quot;1&quot; colspan=&quot;1&quot;&gt;2 (0.4)&lt;/td&gt;
            &lt;td align=&quot;left&quot; valign=&quot;top&quot; rowspan=&quot;1&quot; colspan=&quot;1&quot;&gt; May have heard of it&lt;/td&gt;
            &lt;td align=&quot;center&quot; valign=&quot;top&quot; rowspan=&quot;1&quot; colspan=&quot;1&quot;&gt;147 (29.3)&lt;/td&gt;
          &lt;/tr&gt;
          &lt;tr&gt;
            &lt;td colspan=&quot;2&quot; align=&quot;left&quot; valign=&quot;top&quot; rowspan=&quot;1&quot;&gt;Household median income&lt;/td&gt;
            &lt;td align=&quot;left&quot; valign=&quot;top&quot; rowspan=&quot;1&quot; colspan=&quot;1&quot;&gt; Know concept but not detail&lt;/td&gt;
            &lt;td align=&quot;center&quot; valign=&quot;top&quot; rowspan=&quot;1&quot; colspan=&quot;1&quot;&gt;78 (15.5)&lt;/td&gt;
          &lt;/tr&gt;
          &lt;tr&gt;
            &lt;td align=&quot;left&quot; valign=&quot;top&quot; rowspan=&quot;1&quot; colspan=&quot;1&quot;&gt; &lt;italic&gt;&amp;lt;&lt;/italic&gt; 20,000&lt;/td&gt;
            &lt;td align=&quot;center&quot; valign=&quot;top&quot; rowspan=&quot;1&quot; colspan=&quot;1&quot;&gt;147 (29.2)&lt;/td&gt;
            &lt;td align=&quot;left&quot; valign=&quot;top&quot; rowspan=&quot;1&quot; colspan=&quot;1&quot;&gt; Good understanding&lt;/td&gt;
            &lt;td align=&quot;center&quot; valign=&quot;top&quot; rowspan=&quot;1&quot; colspan=&quot;1&quot;&gt;28 (5.6)&lt;/td&gt;
          &lt;/tr&gt;
          &lt;tr&gt;
            &lt;td align=&quot;left&quot; valign=&quot;top&quot; rowspan=&quot;1&quot; colspan=&quot;1&quot;&gt; 20–49,000&lt;/td&gt;
            &lt;td align=&quot;center&quot; valign=&quot;top&quot; rowspan=&quot;1&quot; colspan=&quot;1&quot;&gt;210 (41.8)&lt;/td&gt;
            &lt;td align=&quot;left&quot; valign=&quot;top&quot; rowspan=&quot;1&quot; colspan=&quot;1&quot;&gt; Ample knowledge&lt;/td&gt;
            &lt;td align=&quot;center&quot; valign=&quot;top&quot; rowspan=&quot;1&quot; colspan=&quot;1&quot;&gt;3 (0.6)&lt;/td&gt;
          &lt;/tr&gt;
          &lt;tr&gt;
            &lt;td align=&quot;left&quot; valign=&quot;top&quot; rowspan=&quot;1&quot; colspan=&quot;1&quot;&gt; 50–89,000&lt;/td&gt;
            &lt;td align=&quot;center&quot; valign=&quot;top&quot; rowspan=&quot;1&quot; colspan=&quot;1&quot;&gt;112 (22.3)&lt;/td&gt;
            &lt;td align=&quot;left&quot; valign=&quot;top&quot; rowspan=&quot;1&quot; colspan=&quot;1&quot;/&gt;
            &lt;td align=&quot;center&quot; valign=&quot;top&quot; rowspan=&quot;1&quot; colspan=&quot;1&quot;/&gt;
          &lt;/tr&gt;
          &lt;tr&gt;
            &lt;td align=&quot;left&quot; valign=&quot;top&quot; rowspan=&quot;1&quot; colspan=&quot;1&quot;&gt; &lt;italic&gt;&amp;gt;&lt;/italic&gt; 90,000&lt;/td&gt;
            &lt;td align=&quot;center&quot; valign=&quot;top&quot; rowspan=&quot;1&quot; colspan=&quot;1&quot;&gt;33 (6.6)&lt;/td&gt;
            &lt;td align=&quot;left&quot; valign=&quot;top&quot; rowspan=&quot;1&quot; colspan=&quot;1&quot;/&gt;
            &lt;td align=&quot;center&quot; valign=&quot;top&quot; rowspan=&quot;1&quot; colspan=&quot;1&quot;/&gt;
          &lt;/tr&gt;
        &lt;/tbody&gt;
      &lt;/table&gt;
</infon><offset>30270</offset><text>Characteristics	N (%)	Characteristics	N (%)	 	Age (mean, SD)	33.6 (10.5)	SB self dondition	 	Gender	 Has none	491 (97.8)	 	 Female	245 (48.8)	 Has SB	8 (1.6)	 	 Male	257 (51.2)	 Has spinal injury	1 (0.2)	 	Race/ethnicity	 Has paraplegia	1 (0.2)	 	 African-American	42 (8.4)	 Has paralysis	1 (0.2)	 	 Asian	52 (10.4)	SB child condition	 	 Caucasian	386 (76.8)	 Has none	498 (99.2)	 	 Native American	1 (0.2)	 Has SB	4 (0.8)	 	 Other	16 (3.2)	SB friend dondition	 	 Two or more races	5 (1)	 Has none	433 (86.2)	 	Marital status	 Has SB	26 (5.1)	 	 Single	226 (45)	 Has MMC	1 (0.2)	 	 Married	189 (37.6)	 Has spinal injury	20 (3.9)	 	 Separated	28 (5.6)	 Has paraplegia	9 (1.8)	 	 Widowed	2 (0.4)	 Has quadriplegia	5 (1)	 	 Living w/partner	57 (11.4)	 Has paralysis	8 (1.6)	 	Parental status	Prior SB knowledge	 	 Have children	223 (46.4)	 Never heard of it	100 (19.9)	 	Educational attainment	 May have heard of it	142 (28.3)	 	 Some college	190 (37.8)	 Know concept but not detail	219 (43.6)	 	 2-year college degree	192 (38.3)	 Good understanding	35 (6.9)	 	 4-year college degree	56 (11.2)	 Ample knowledge	6 (1.2)	 	 Master’s degree	10 (1.9)	Prior CUA knowledge	 	 High school diploma or GED	52 (10.4)	 Never heard of it	246 (49)	 	 Less than high school diploma	2 (0.4)	 May have heard of it	147 (29.3)	 	Household median income	 Know concept but not detail	78 (15.5)	 	 &lt; 20,000	147 (29.2)	 Good understanding	28 (5.6)	 	 20–49,000	210 (41.8)	 Ample knowledge	3 (0.6)	 	 50–89,000	112 (22.3)			 	 &gt; 90,000	33 (6.6)			 	</text></passage><passage><infon key="file">T2.xml</infon><infon key="id">T2</infon><infon key="section_type">TABLE</infon><infon key="type">table_caption</infon><offset>31896</offset><text>Bivariate analysis on whether respondent characteristics may affect utility estimate</text></passage><passage><infon key="file">T2.xml</infon><infon key="id">T2</infon><infon key="section_type">TABLE</infon><infon key="type">table</infon><infon key="xml">&lt;?xml version=&quot;1.0&quot; encoding=&quot;UTF-8&quot;?&gt;
&lt;table frame=&quot;hsides&quot; rules=&quot;none&quot;&gt;
        &lt;tbody&gt;
          &lt;tr&gt;
            &lt;td colspan=&quot;2&quot; align=&quot;left&quot; valign=&quot;top&quot; rowspan=&quot;1&quot;&gt;Self condition&lt;/td&gt;
            &lt;td colspan=&quot;2&quot; align=&quot;left&quot; valign=&quot;top&quot; rowspan=&quot;1&quot;&gt;Prior NTD Knowledge&lt;/td&gt;
          &lt;/tr&gt;
          &lt;tr&gt;
            &lt;td align=&quot;left&quot; valign=&quot;top&quot; rowspan=&quot;1&quot; colspan=&quot;1&quot;&gt; Has none&lt;/td&gt;
            &lt;td align=&quot;left&quot; valign=&quot;top&quot; rowspan=&quot;1&quot; colspan=&quot;1&quot;&gt;N = 412&lt;/td&gt;
            &lt;td align=&quot;left&quot; valign=&quot;top&quot; rowspan=&quot;1&quot; colspan=&quot;1&quot;&gt; Never heard of it&lt;/td&gt;
            &lt;td align=&quot;left&quot; valign=&quot;top&quot; rowspan=&quot;1&quot; colspan=&quot;1&quot;&gt;N = 228&lt;/td&gt;
          &lt;/tr&gt;
          &lt;tr&gt;
            &lt;td align=&quot;left&quot; valign=&quot;top&quot; rowspan=&quot;1&quot; colspan=&quot;1&quot;&gt; Has SB&lt;/td&gt;
            &lt;td align=&quot;left&quot; valign=&quot;top&quot; rowspan=&quot;1&quot; colspan=&quot;1&quot;&gt;N = 7&lt;/td&gt;
            &lt;td align=&quot;left&quot; valign=&quot;top&quot; rowspan=&quot;1&quot; colspan=&quot;1&quot;&gt; May have heard of it&lt;/td&gt;
            &lt;td align=&quot;left&quot; valign=&quot;top&quot; rowspan=&quot;1&quot; colspan=&quot;1&quot;&gt;N = 97&lt;/td&gt;
          &lt;/tr&gt;
          &lt;tr&gt;
            &lt;td align=&quot;left&quot; valign=&quot;top&quot; rowspan=&quot;1&quot; colspan=&quot;1&quot;&gt; Has spinal injury&lt;/td&gt;
            &lt;td align=&quot;left&quot; valign=&quot;top&quot; rowspan=&quot;1&quot; colspan=&quot;1&quot;&gt;N = 1&lt;/td&gt;
            &lt;td align=&quot;left&quot; valign=&quot;top&quot; rowspan=&quot;1&quot; colspan=&quot;1&quot;&gt; Know concept but not detail&lt;/td&gt;
            &lt;td align=&quot;left&quot; valign=&quot;top&quot; rowspan=&quot;1&quot; colspan=&quot;1&quot;&gt;N = 79&lt;/td&gt;
          &lt;/tr&gt;
          &lt;tr&gt;
            &lt;td align=&quot;left&quot; valign=&quot;top&quot; rowspan=&quot;1&quot; colspan=&quot;1&quot;&gt; Has paralysis&lt;/td&gt;
            &lt;td align=&quot;left&quot; valign=&quot;top&quot; rowspan=&quot;1&quot; colspan=&quot;1&quot;&gt;N = 1&lt;/td&gt;
            &lt;td align=&quot;left&quot; valign=&quot;top&quot; rowspan=&quot;1&quot; colspan=&quot;1&quot;&gt; Good understanding&lt;/td&gt;
            &lt;td align=&quot;left&quot; valign=&quot;top&quot; rowspan=&quot;1&quot; colspan=&quot;1&quot;&gt;N = 14&lt;/td&gt;
          &lt;/tr&gt;
          &lt;tr&gt;
            &lt;td align=&quot;left&quot; valign=&quot;top&quot; rowspan=&quot;1&quot; colspan=&quot;1&quot;&gt; Has paraplegia&lt;/td&gt;
            &lt;td align=&quot;left&quot; valign=&quot;top&quot; rowspan=&quot;1&quot; colspan=&quot;1&quot;&gt;N = 1&lt;/td&gt;
            &lt;td align=&quot;left&quot; valign=&quot;top&quot; rowspan=&quot;1&quot; colspan=&quot;1&quot;&gt; Ample knowledge&lt;/td&gt;
            &lt;td align=&quot;left&quot; valign=&quot;top&quot; rowspan=&quot;1&quot; colspan=&quot;1&quot;&gt;N = 4&lt;/td&gt;
          &lt;/tr&gt;
          &lt;tr&gt;
            &lt;td align=&quot;left&quot; valign=&quot;top&quot; rowspan=&quot;1&quot; colspan=&quot;1&quot;&gt; P value&lt;/td&gt;
            &lt;td align=&quot;left&quot; valign=&quot;top&quot; rowspan=&quot;1&quot; colspan=&quot;1&quot;&gt;&lt;italic&gt;p&lt;/italic&gt; = 0.93&lt;/td&gt;
            &lt;td align=&quot;left&quot; valign=&quot;top&quot; rowspan=&quot;1&quot; colspan=&quot;1&quot;&gt; P value&lt;/td&gt;
            &lt;td align=&quot;left&quot; valign=&quot;top&quot; rowspan=&quot;1&quot; colspan=&quot;1&quot;&gt;&lt;italic&gt;p&lt;/italic&gt; = 0.007&lt;/td&gt;
          &lt;/tr&gt;
          &lt;tr&gt;
            &lt;td colspan=&quot;2&quot; align=&quot;left&quot; valign=&quot;top&quot; rowspan=&quot;1&quot;&gt;Kid condition&lt;/td&gt;
            &lt;td colspan=&quot;2&quot; align=&quot;left&quot; valign=&quot;top&quot; rowspan=&quot;1&quot;&gt;Prior SB knowledge&lt;/td&gt;
          &lt;/tr&gt;
          &lt;tr&gt;
            &lt;td align=&quot;left&quot; valign=&quot;top&quot; rowspan=&quot;1&quot; colspan=&quot;1&quot;&gt; Has none&lt;/td&gt;
            &lt;td align=&quot;left&quot; valign=&quot;top&quot; rowspan=&quot;1&quot; colspan=&quot;1&quot;&gt;N = 419&lt;/td&gt;
            &lt;td align=&quot;left&quot; valign=&quot;top&quot; rowspan=&quot;1&quot; colspan=&quot;1&quot;&gt; Never heard of it&lt;/td&gt;
            &lt;td align=&quot;left&quot; valign=&quot;top&quot; rowspan=&quot;1&quot; colspan=&quot;1&quot;&gt;N = 87&lt;/td&gt;
          &lt;/tr&gt;
          &lt;tr&gt;
            &lt;td align=&quot;left&quot; valign=&quot;top&quot; rowspan=&quot;1&quot; colspan=&quot;1&quot;&gt; Has SB&lt;/td&gt;
            &lt;td align=&quot;left&quot; valign=&quot;top&quot; rowspan=&quot;1&quot; colspan=&quot;1&quot;&gt;N = 3&lt;/td&gt;
            &lt;td align=&quot;left&quot; valign=&quot;top&quot; rowspan=&quot;1&quot; colspan=&quot;1&quot;&gt; May have heard of it&lt;/td&gt;
            &lt;td align=&quot;left&quot; valign=&quot;top&quot; rowspan=&quot;1&quot; colspan=&quot;1&quot;&gt;N = 116&lt;/td&gt;
          &lt;/tr&gt;
          &lt;tr&gt;
            &lt;td align=&quot;left&quot; valign=&quot;top&quot; rowspan=&quot;1&quot; colspan=&quot;1&quot;&gt; P value&lt;/td&gt;
            &lt;td align=&quot;left&quot; valign=&quot;top&quot; rowspan=&quot;1&quot; colspan=&quot;1&quot;&gt;&lt;italic&gt;p&lt;/italic&gt; = 0.12&lt;/td&gt;
            &lt;td align=&quot;left&quot; valign=&quot;top&quot; rowspan=&quot;1&quot; colspan=&quot;1&quot;&gt; Know concept but not detail&lt;/td&gt;
            &lt;td align=&quot;left&quot; valign=&quot;top&quot; rowspan=&quot;1&quot; colspan=&quot;1&quot;&gt;N = 189&lt;/td&gt;
          &lt;/tr&gt;
          &lt;tr&gt;
            &lt;td colspan=&quot;2&quot; align=&quot;left&quot; valign=&quot;top&quot; rowspan=&quot;1&quot;&gt;Friend condition&lt;/td&gt;
            &lt;td align=&quot;left&quot; valign=&quot;top&quot; rowspan=&quot;1&quot; colspan=&quot;1&quot;&gt; Good understanding&lt;/td&gt;
            &lt;td align=&quot;left&quot; valign=&quot;top&quot; rowspan=&quot;1&quot; colspan=&quot;1&quot;&gt;N = 25&lt;/td&gt;
          &lt;/tr&gt;
          &lt;tr&gt;
            &lt;td align=&quot;left&quot; valign=&quot;top&quot; rowspan=&quot;1&quot; colspan=&quot;1&quot;&gt; Has none&lt;/td&gt;
            &lt;td align=&quot;left&quot; valign=&quot;top&quot; rowspan=&quot;1&quot; colspan=&quot;1&quot;&gt;N = 362&lt;/td&gt;
            &lt;td align=&quot;left&quot; valign=&quot;top&quot; rowspan=&quot;1&quot; colspan=&quot;1&quot;&gt; Ample knowledge&lt;/td&gt;
            &lt;td align=&quot;left&quot; valign=&quot;top&quot; rowspan=&quot;1&quot; colspan=&quot;1&quot;&gt;N = 5&lt;/td&gt;
          &lt;/tr&gt;
          &lt;tr&gt;
            &lt;td align=&quot;left&quot; valign=&quot;top&quot; rowspan=&quot;1&quot; colspan=&quot;1&quot;&gt; Has SB&lt;/td&gt;
            &lt;td align=&quot;left&quot; valign=&quot;top&quot; rowspan=&quot;1&quot; colspan=&quot;1&quot;&gt;N = 21&lt;/td&gt;
            &lt;td align=&quot;left&quot; valign=&quot;top&quot; rowspan=&quot;1&quot; colspan=&quot;1&quot;&gt; P value&lt;/td&gt;
            &lt;td align=&quot;left&quot; valign=&quot;top&quot; rowspan=&quot;1&quot; colspan=&quot;1&quot;&gt;&lt;italic&gt;p&lt;/italic&gt; = 0.001&lt;/td&gt;
          &lt;/tr&gt;
          &lt;tr&gt;
            &lt;td align=&quot;left&quot; valign=&quot;top&quot; rowspan=&quot;1&quot; colspan=&quot;1&quot;&gt; Has paralysis&lt;/td&gt;
            &lt;td align=&quot;left&quot; valign=&quot;top&quot; rowspan=&quot;1&quot; colspan=&quot;1&quot;&gt;N = 8&lt;/td&gt;
            &lt;td colspan=&quot;2&quot; align=&quot;left&quot; valign=&quot;top&quot; rowspan=&quot;1&quot;&gt;Prior CUA knowledge&lt;/td&gt;
          &lt;/tr&gt;
          &lt;tr&gt;
            &lt;td align=&quot;left&quot; valign=&quot;top&quot; rowspan=&quot;1&quot; colspan=&quot;1&quot;&gt; Has spinal injury&lt;/td&gt;
            &lt;td align=&quot;left&quot; valign=&quot;top&quot; rowspan=&quot;1&quot; colspan=&quot;1&quot;&gt;N = 19&lt;/td&gt;
            &lt;td align=&quot;left&quot; valign=&quot;top&quot; rowspan=&quot;1&quot; colspan=&quot;1&quot;&gt; Never heard of it&lt;/td&gt;
            &lt;td align=&quot;left&quot; valign=&quot;top&quot; rowspan=&quot;1&quot; colspan=&quot;1&quot;&gt;N = 201&lt;/td&gt;
          &lt;/tr&gt;
          &lt;tr&gt;
            &lt;td align=&quot;left&quot; valign=&quot;top&quot; rowspan=&quot;1&quot; colspan=&quot;1&quot;&gt; Has MMC&lt;/td&gt;
            &lt;td align=&quot;left&quot; valign=&quot;top&quot; rowspan=&quot;1&quot; colspan=&quot;1&quot;&gt;N = 1&lt;/td&gt;
            &lt;td align=&quot;left&quot; valign=&quot;top&quot; rowspan=&quot;1&quot; colspan=&quot;1&quot;&gt; May have heard of it&lt;/td&gt;
            &lt;td align=&quot;left&quot; valign=&quot;top&quot; rowspan=&quot;1&quot; colspan=&quot;1&quot;&gt;N = 130&lt;/td&gt;
          &lt;/tr&gt;
          &lt;tr&gt;
            &lt;td align=&quot;left&quot; valign=&quot;top&quot; rowspan=&quot;1&quot; colspan=&quot;1&quot;&gt; Has paraplegia&lt;/td&gt;
            &lt;td align=&quot;left&quot; valign=&quot;top&quot; rowspan=&quot;1&quot; colspan=&quot;1&quot;&gt;N = 7&lt;/td&gt;
            &lt;td align=&quot;left&quot; valign=&quot;top&quot; rowspan=&quot;1&quot; colspan=&quot;1&quot;&gt; Know concept but not detail&lt;/td&gt;
            &lt;td align=&quot;left&quot; valign=&quot;top&quot; rowspan=&quot;1&quot; colspan=&quot;1&quot;&gt;N = 67&lt;/td&gt;
          &lt;/tr&gt;
          &lt;tr&gt;
            &lt;td align=&quot;left&quot; valign=&quot;top&quot; rowspan=&quot;1&quot; colspan=&quot;1&quot;&gt; Has quadriplegia&lt;/td&gt;
            &lt;td align=&quot;left&quot; valign=&quot;top&quot; rowspan=&quot;1&quot; colspan=&quot;1&quot;&gt;N = 4&lt;/td&gt;
            &lt;td align=&quot;left&quot; valign=&quot;top&quot; rowspan=&quot;1&quot; colspan=&quot;1&quot;&gt; Good understanding&lt;/td&gt;
            &lt;td align=&quot;left&quot; valign=&quot;top&quot; rowspan=&quot;1&quot; colspan=&quot;1&quot;&gt;N = 22&lt;/td&gt;
          &lt;/tr&gt;
          &lt;tr&gt;
            &lt;td align=&quot;left&quot; valign=&quot;top&quot; rowspan=&quot;1&quot; colspan=&quot;1&quot;&gt; P value&lt;/td&gt;
            &lt;td align=&quot;left&quot; valign=&quot;top&quot; rowspan=&quot;1&quot; colspan=&quot;1&quot;&gt;&lt;italic&gt;p&lt;/italic&gt; = 0.99&lt;/td&gt;
            &lt;td align=&quot;left&quot; valign=&quot;top&quot; rowspan=&quot;1&quot; colspan=&quot;1&quot;&gt; Ample knowledge&lt;/td&gt;
            &lt;td align=&quot;left&quot; valign=&quot;top&quot; rowspan=&quot;1&quot; colspan=&quot;1&quot;&gt;N = 2&lt;/td&gt;
          &lt;/tr&gt;
          &lt;tr&gt;
            &lt;td align=&quot;left&quot; valign=&quot;top&quot; rowspan=&quot;1&quot; colspan=&quot;1&quot;/&gt;
            &lt;td align=&quot;left&quot; valign=&quot;top&quot; rowspan=&quot;1&quot; colspan=&quot;1&quot;/&gt;
            &lt;td align=&quot;left&quot; valign=&quot;top&quot; rowspan=&quot;1&quot; colspan=&quot;1&quot;&gt; P value&lt;/td&gt;
            &lt;td align=&quot;left&quot; valign=&quot;top&quot; rowspan=&quot;1&quot; colspan=&quot;1&quot;&gt;&lt;italic&gt;p&lt;/italic&gt; = 0.24&lt;/td&gt;
          &lt;/tr&gt;
        &lt;/tbody&gt;
      &lt;/table&gt;
</infon><offset>31981</offset><text>Self condition	Prior NTD Knowledge	 	 Has none	N = 412	 Never heard of it	N = 228	 	 Has SB	N = 7	 May have heard of it	N = 97	 	 Has spinal injury	N = 1	 Know concept but not detail	N = 79	 	 Has paralysis	N = 1	 Good understanding	N = 14	 	 Has paraplegia	N = 1	 Ample knowledge	N = 4	 	 P value	p = 0.93	 P value	p = 0.007	 	Kid condition	Prior SB knowledge	 	 Has none	N = 419	 Never heard of it	N = 87	 	 Has SB	N = 3	 May have heard of it	N = 116	 	 P value	p = 0.12	 Know concept but not detail	N = 189	 	Friend condition	 Good understanding	N = 25	 	 Has none	N = 362	 Ample knowledge	N = 5	 	 Has SB	N = 21	 P value	p = 0.001	 	 Has paralysis	N = 8	Prior CUA knowledge	 	 Has spinal injury	N = 19	 Never heard of it	N = 201	 	 Has MMC	N = 1	 May have heard of it	N = 130	 	 Has paraplegia	N = 7	 Know concept but not detail	N = 67	 	 Has quadriplegia	N = 4	 Good understanding	N = 22	 	 P value	p = 0.99	 Ample knowledge	N = 2	 			 P value	p = 0.24	 	</text></passage><passage><infon key="file">T3.xml</infon><infon key="id">T3</infon><infon key="section_type">TABLE</infon><infon key="type">table_caption</infon><offset>33012</offset><text>Multivariate analysis on whether respondent characteristics may affect utility estimate</text></passage><passage><infon key="file">T3.xml</infon><infon key="id">T3</infon><infon key="section_type">TABLE</infon><infon key="type">table</infon><infon key="xml">&lt;?xml version=&quot;1.0&quot; encoding=&quot;UTF-8&quot;?&gt;
&lt;table frame=&quot;hsides&quot; rules=&quot;groups&quot;&gt;
        &lt;thead&gt;
          &lt;tr&gt;
            &lt;th valign=&quot;bottom&quot; align=&quot;left&quot; rowspan=&quot;1&quot; colspan=&quot;1&quot;&gt;Variable&lt;/th&gt;
            &lt;th valign=&quot;bottom&quot; align=&quot;left&quot; rowspan=&quot;1&quot; colspan=&quot;1&quot;&gt;P value&lt;/th&gt;
          &lt;/tr&gt;
        &lt;/thead&gt;
        &lt;tbody&gt;
          &lt;tr&gt;
            &lt;td align=&quot;left&quot; valign=&quot;top&quot; rowspan=&quot;1&quot; colspan=&quot;1&quot;&gt;Prior NTD knowledge&lt;/td&gt;
            &lt;td align=&quot;left&quot; valign=&quot;top&quot; rowspan=&quot;1&quot; colspan=&quot;1&quot;&gt;0.32&lt;/td&gt;
          &lt;/tr&gt;
          &lt;tr&gt;
            &lt;td align=&quot;left&quot; valign=&quot;top&quot; rowspan=&quot;1&quot; colspan=&quot;1&quot;&gt;Race&lt;/td&gt;
            &lt;td align=&quot;left&quot; valign=&quot;top&quot; rowspan=&quot;1&quot; colspan=&quot;1&quot;&gt;0.14&lt;/td&gt;
          &lt;/tr&gt;
          &lt;tr&gt;
            &lt;td align=&quot;left&quot; valign=&quot;top&quot; rowspan=&quot;1&quot; colspan=&quot;1&quot;&gt;Marital status&lt;/td&gt;
            &lt;td align=&quot;left&quot; valign=&quot;top&quot; rowspan=&quot;1&quot; colspan=&quot;1&quot;&gt;0.19&lt;/td&gt;
          &lt;/tr&gt;
          &lt;tr&gt;
            &lt;td align=&quot;left&quot; valign=&quot;top&quot; rowspan=&quot;1&quot; colspan=&quot;1&quot;&gt;Highest education&lt;/td&gt;
            &lt;td align=&quot;left&quot; valign=&quot;top&quot; rowspan=&quot;1&quot; colspan=&quot;1&quot;&gt;0.1&lt;/td&gt;
          &lt;/tr&gt;
          &lt;tr&gt;
            &lt;td align=&quot;left&quot; valign=&quot;top&quot; rowspan=&quot;1&quot; colspan=&quot;1&quot;&gt;Self condition&lt;/td&gt;
            &lt;td align=&quot;left&quot; valign=&quot;top&quot; rowspan=&quot;1&quot; colspan=&quot;1&quot;&gt;0.74&lt;/td&gt;
          &lt;/tr&gt;
          &lt;tr&gt;
            &lt;td align=&quot;left&quot; valign=&quot;top&quot; rowspan=&quot;1&quot; colspan=&quot;1&quot;&gt;Kid condition&lt;/td&gt;
            &lt;td align=&quot;left&quot; valign=&quot;top&quot; rowspan=&quot;1&quot; colspan=&quot;1&quot;&gt;0.91&lt;/td&gt;
          &lt;/tr&gt;
          &lt;tr&gt;
            &lt;td align=&quot;left&quot; valign=&quot;top&quot; rowspan=&quot;1&quot; colspan=&quot;1&quot;&gt;Friend condition&lt;/td&gt;
            &lt;td align=&quot;left&quot; valign=&quot;top&quot; rowspan=&quot;1&quot; colspan=&quot;1&quot;&gt;0.49&lt;/td&gt;
          &lt;/tr&gt;
        &lt;/tbody&gt;
      &lt;/table&gt;
</infon><offset>33100</offset><text>Variable	P value	 	Prior NTD knowledge	0.32	 	Race	0.14	 	Marital status	0.19	 	Highest education	0.1	 	Self condition	0.74	 	Kid condition	0.91	 	Friend condition	0.49	 	</text></passage></document></collection>
