<?xml version="1.0" encoding="UTF-8"?>
<!DOCTYPE collection SYSTEM "BioC.dtd">
<collection><source>PMC</source><date>20201222</date><key>pmc.key</key><document><id>5854971</id><infon key="license">CC BY</infon><passage><infon key="article-id_doi">10.3390/s18020509</infon><infon key="article-id_pmc">5854971</infon><infon key="article-id_pmid">29419768</infon><infon key="article-id_publisher-id">sensors-18-00509</infon><infon key="elocation-id">509</infon><infon key="issue">2</infon><infon key="kwd">sidewalk routing open data OpenStreetMap data quality completeness</infon><infon key="license">Licensee MDPI, Basel, Switzerland. This article is an open access article distributed under the terms and conditions of the Creative Commons Attribution (CC BY) license (http://creativecommons.org/licenses/by/4.0/).</infon><infon key="name_0">surname:Mobasheri;given-names:Amin</infon><infon key="name_1">surname:Huang;given-names:Haosheng</infon><infon key="name_2">surname:Degrossi;given-names:Lívia Castro</infon><infon key="name_3">surname:Zipf;given-names:Alexander</infon><infon key="section_type">TITLE</infon><infon key="type">front</infon><infon key="volume">18</infon><infon key="year">2018</infon><offset>0</offset><text>Enrichment of OpenStreetMap Data Completeness with Sidewalk Geometries Using Data Mining Techniques</text></passage><passage><infon key="section_type">ABSTRACT</infon><infon key="type">abstract</infon><offset>100</offset><text>Tailored routing and navigation services utilized by wheelchair users require certain information about sidewalk geometries and their attributes to execute efficiently. Except some minor regions/cities, such detailed information is not present in current versions of crowdsourced mapping databases including OpenStreetMap. CAP4Access European project aimed to use (and enrich) OpenStreetMap for making it fit to the purpose of wheelchair routing. In this respect, this study presents a modified methodology based on data mining techniques for constructing sidewalk geometries using multiple GPS traces collected by wheelchair users during an urban travel experiment. The derived sidewalk geometries can be used to enrich OpenStreetMap to support wheelchair routing. The proposed method was applied to a case study in Heidelberg, Germany. The constructed sidewalk geometries were compared to an official reference dataset (“ground truth dataset”). The case study shows that the constructed sidewalk network overlays with 96% of the official reference dataset. Furthermore, in terms of positional accuracy, a low Root Mean Square Error (RMSE) value (0.93 m) is achieved. The article presents our discussion on the results as well as the conclusion and future research directions.</text></passage><passage><infon key="section_type">INTRO</infon><infon key="type">title_1</infon><offset>1382</offset><text>1. Introduction</text></passage><passage><infon key="section_type">INTRO</infon><infon key="type">paragraph</infon><offset>1398</offset><text>OpenStreetMap (OSM) is an example of Volunteered Geographic Information (VGI) project launched in 2004. VGI projects are those that aim to capture and provide information about the world by volunteers and the collected spatial information is freely made available. Based on the nature of VGI projects, geographic information is collected and submitted by volunteers who are not necessarily familiar with (geo-)data collection procedures. This leads to strong concerns regarding the quality of the gathered information. Several research studies have been conducted to understand and evaluate the quality of OSM data based on different data quality elements and for different application purposes. Such studies include assessing the positional accuracy of road network and building features, as well as the completeness of OSM regarding road network, sidewalk, and land use information. In addition, several transportation (routing and navigation) studies deal with employing and analyzing VGI (and in particular OSM) as their primary data source. This is because crowdsourced datasets tend to be up-to-date, especially in densely populated urban areas.</text></passage><passage><infon key="section_type">INTRO</infon><infon key="type">paragraph</infon><offset>2550</offset><text>Our general research focuses on employing OSM data for wheelchair routing service. Quality of routing and navigation services relies on the quality of input datasets. Specialized routing systems such as those designed to guide user with restricted mobility need specific information regarding the road networks. The most important information for such services is sidewalk geometries and their detailed information such as sidewalk width, incline, surface texture, etc. Existing commercial or governmental geo-data sources do not usually contain this kind of information, and therefore are not able to support routing services for people with restricted mobility (e.g., wheelchair users).</text></passage><passage><infon key="section_type">INTRO</infon><infon key="type">paragraph</infon><offset>3239</offset><text>Within the CAP4Access project (), we aim to use OpenStreetMap data to provide routing and navigation services for people with limited mobility. In prior studies and analyses, it is understood that OSM data are largely incomplete when it comes to data about sidewalks. Therefore, to enrich OSM data and make it a proper dataset for pedestrian/wheelchair routing services, it is crucial to define methods for the construction of sidewalk geometry. Different options could be used for this purpose such as computer vision techniques, Lidar data collection, mining for sidewalk construction, etc. However, these methods require access to many images or data, which are expensive. In this article, we propose an efficient method to use freely available data to overcome this issue. Specifically, we employ GPS traces by wheelchair volunteers, as well as road network dataset and building footprints both available in OSM database to derive sidewalk geometries. This can be used to enrich OSM data with sidewalk features and can be further used for routing and navigation of pedestrians and people who strongly require information on sidewalk availability for their travels (e.g., wheelchair users).</text></passage><passage><infon key="section_type">INTRO</infon><infon key="type">paragraph</infon><offset>4433</offset><text>In the next section, we present the prior research studies that have been conducted, related to our study. In Section 3, our proposed methodology is introduced. Section 4 includes the results on data mining and analyses as well as evaluating the quality of the results. Finally, Section 5 concludes the paper and provides a future outlook for this study.</text></passage><passage><infon key="section_type">INTRO</infon><infon key="type">title_1</infon><offset>4788</offset><text>2. Related Studies</text></passage><passage><infon key="section_type">INTRO</infon><infon key="type">paragraph</infon><offset>4807</offset><text>Sidewalk network datasets are in the heart of a database for wheelchair/pedestrian routing and navigation service. Recent advancement in GPS-enabled mobile technology has increased interest in pedestrian and wheelchair navigation services. Current routing and navigation systems such as the one developed and maintained by Google, support navigation for pedestrians but the datasets used for generating the routes are based on road networks and do not include sidewalk information. This makes such services inefficient for sidewalk navigation because road networks usually model road centerlines and do not adequately address the sidewalk navigation environment. For wheelchair routing services to provide effective routing and navigation assistance to pedestrians and people with reduced mobility, sidewalk networks are required to be modeled. Although there is a strong demand for sidewalk network databases, these are not publicly available and until now only few attempts have been made to map sidewalk information in OpenStreetMap. More importantly, less attention has been paid to define and use a systematic approach for wide collection and construction of sidewalk datasets.</text></passage><passage><infon key="section_type">INTRO</infon><infon key="type">paragraph</infon><offset>5990</offset><text>Several studies have focused on modeling sidewalk networks. Laakso et al. present a formal information model for pedestrian networks. The authors emphasize on guidelines for data content and classification of map information that is more useful for people with restricted mobility and makes the environment more accessible. Their model covers other geo-information that helps modeling the accessibility characteristics of the sidewalk network. The model aims to assist data providers in collecting and storing relevant data using efficient methods. In another study, Beale and colleagues identify and quantify the differences between barriers to effective navigation such as slope or dropped curbs for able-bodied pedestrians and wheelchair users. This trend is followed and improved by Karimi et al., where the authors have presented a personalized accessibility map (PAM) via geo-crowdsourcing. A prototype of PAM is developed and analyzed in detail which greatly helps in understanding the characteristics of such systems as well as the works that needs to be done in future studies.</text></passage><passage><infon key="section_type">INTRO</infon><infon key="type">paragraph</infon><offset>7077</offset><text>Collaborative mapping is the approach of using sensors installed on mobile devices as well as web 2.0 technology that turns ordinary people into mapmakers. Users of collaborative mapping platforms are provided with necessary tools and information on how to contribute to the project. Collaborative mapping allows us to develop simple and cost-effective approaches for collecting relevant information for modeling the required datasets (e.g., sidewalk network). Compared to traditional spatial data collection procedures that use advanced equipment and are disseminated by mapping agencies (national, commercial, etc.), crowdsourcing is a cheap approach which is subject to open licensing terms.</text></passage><passage><infon key="section_type">INTRO</infon><infon key="type">paragraph</infon><offset>7772</offset><text>Nowadays, there are several studies on analyzing raw GPS data and extracting useful information from it. For instance, some studies investigate human behavior and mobility, understanding transportation modes as well as journey planning thorough analyzing GPS traces. In other studies, crowdsourced GPS data from cycling activities are used to understand hotspots of their destinations and their cycling behavior. Other relevant efforts deal with updating existing maps with new information retrieved from analyzing GPS data. Furthermore, only few studies have so far dealt with employing GPS data for extracting sidewalk information relevant for wheelchair/pedestrian routing. While such efforts exist, there is still great need of further research studies to suggest other methods or extend existing algorithms for deriving results that are more accurate.</text></passage><passage><infon key="section_type">INTRO</infon><infon key="type">paragraph</infon><offset>8629</offset><text>In this article, similar to Kasemsuppakorn et al., we explore the feasibility of using multiple GPS traces collected through collaborative activities to derive sidewalk geometries and further construct the sidewalk network. The difference between our work and the work proposed by is that our algorithm considers extra data sources available in OSM database, i.e., road network and building footprints, to increase the positional accuracy of the generated sidewalk geometries. A main limitation using GPS data is that, due to the multipath problem with GPS, as wheelchair users navigate close to buildings, determining the geometry of a sidewalk by solely using GPS traces is unreliable. Moreover, GPS data recorded in different times along the same path may lead to different accuracies. To overcome this issue, we employ multiple GPS traces on the same path enhanced with road and building data directly available in OSM to minimize the errors caused by GPS. Therefore, it is expected that compared to, the proposed method in this study will lead to better positional accuracy of the constructed sidewalk geometries, especially in dense urban areas where GPS accuracy is rather poor.</text></passage><passage><infon key="section_type">INTRO</infon><infon key="type">paragraph</infon><offset>9815</offset><text>It is worth noting that employing crowdsourced datasets for accessibility is a hot topic and various on-going efforts are happening in the current decade. Our study is also in line with this trend and tries to address an existing gap in the field by answering to the question of how crowdsourced geographic information such as OpenStreetMap could be enriched to better serve a wheelchair routing engine. </text></passage><passage><infon key="section_type">METHODS</infon><infon key="type">title_1</infon><offset>10220</offset><text>3. Methodology</text></passage><passage><infon key="section_type">METHODS</infon><infon key="type">paragraph</infon><offset>10235</offset><text>In this section, we discuss an algorithm to construct a sidewalk network using multiple GPS traces contributed by volunteered wheelchair users. We mainly focus on the geometries of the sidewalks. A GPS trace refers to a trajectory of a wheelchair user traveling along pedestrian paths as recorded by a GPS receiver. We assume that the GPS traces represent the sidewalk segments traveled. The algorithm processes the GPS traces and has the following five steps: (1) pre-processing and cleaning; (2) significant point filtering; (3) map matching and candidate point selection; (4) enhancement; and (5) sidewalk network construction. The constructed sidewalk network can be then integrated to enrich OpenStreetMap data. Figure 1 highlights the input, the five steps, and the output of the algorithm. The first two steps are concerned with the processing of individual GPS traces based on the point-to-point property. Steps (3) and (4) use road centerlines as well as building footprints to increase the positional accuracy of the constructed sidewalk geometry. The fifth step “sidewalk network construction” is concerned with incorporating new input traces to the already constructed paths stored in the database (which is empty in the first place).</text></passage><passage><infon key="section_type">METHODS</infon><infon key="type">title_2</infon><offset>11486</offset><text>3.1. Data Preprocessing and Cleaning</text></passage><passage><infon key="section_type">METHODS</infon><infon key="type">paragraph</infon><offset>11523</offset><text>The pre-processing step cleans raw GPS traces that usually contain errors due to uncertainty in the location fixes, the GPS Time-To-First-Fix (TTFF) problem, and the obscured GPS satellite signals where the satellites are obscured by buildings or dense tree canopy. In this step, GPS information, including latitude, longitude, time, speed, Horizontal Dilution of Precision (HDOP), and number of used satellites, is extracted. The filter considers GPS observations with less than four satellites and HDOP greater than a threshold (value 5, where positional measurements could be used to make reliable in-route navigation suggestions to the user) as outliers and eliminates them. To address the cold-start/TTFF problem, this step also eliminates all the GPS points that are recorded within the first 15 min when the GPS receivers are powered up. The results of this step are cleaned GPS traces without outliers. </text></passage><passage><infon key="section_type">METHODS</infon><infon key="type">title_2</infon><offset>12435</offset><text>3.2. Significant Point Filtering</text></passage><passage><infon key="section_type">METHODS</infon><infon key="type">paragraph</infon><offset>12468</offset><text>the bearing change (Δα) is calculated. The bearing of successive points in a filtered GPS trace is required to calculate the bearing change. The bearing information provided directly by the GPS receivers are not employed in this task due to lack of accuracy when traveling at speeds of less than 3.0 m/s. Instead, we adopt the great circle navigation formula for calculating the absolute value obtained from subtracting successive bearings (Δα).</text></passage><passage><infon key="section_type">METHODS</infon><infon key="type">paragraph</infon><offset>12930</offset><text>Each GPS point now contains the bearing between two successive points and the bearing change (Δα). Since the bearing change could have a value between 0 to 360 degrees, setting a threshold for selecting the candidate significant point based on the bearing change would be difficult. For instance, there might be a situation where the differences between the values of the two numbers is very high but the change in direction is not. Therefore, an algorithm for recognizing shapes of objects is necessary to be used. In our approach, we employ the chain coding technique, since it has been proven to work well for detecting sidewalk geometries. For detailed information on this technique, please refer to.</text></passage><passage><infon key="section_type">METHODS</infon><infon key="type">paragraph</infon><offset>13643</offset><text>In this step, points of the cleaned GPS traces (from Section 3.1) are processed to identify the points that contain the most important characteristics with regard to the geometry of the traces (i.e., significant points). For example, a GPS trace of a straight line would only need the start and ending points to maintain the geometry, and therefore they are significant points. However, this is the simplest example. Identifying the significant points of curved paths from GPS traces is more challenging. In the following, we propose a method to deal with this issue. Specifically, each filtered GPS trace from Section 3.1 is further analyzed and processed in the following order:</text></passage><passage><infon key="section_type">METHODS</infon><infon key="type">paragraph</infon><offset>14324</offset><text>A 12-direction chain code is chosen to represent bearing change in 12 direction intervals. This is based on a counterclockwise direction from the positive x-axis. This enables us to model angle of turns. Figure 2 shows the 12-direction chain code (Figure 2a) and an example (Figure 2b).</text></passage><passage><infon key="section_type">METHODS</infon><infon key="type">paragraph</infon><offset>14611</offset><text>After this step, the following GPS points are extracted for each GPS trace: start, end, and significant points. These points will be further refined and clustered in the next steps. </text></passage><passage><infon key="section_type">METHODS</infon><infon key="type">title_2</infon><offset>14794</offset><text>3.3. Map Matching and Candidate Point Selection</text></passage><passage><infon key="section_type">METHODS</infon><infon key="type">paragraph</infon><offset>14842</offset><text>Calculate the distance of each GPS significant point with the nearest road line segment, and/or nearest building segment (this means that firstly we select a road or building object and then calculate the distance of it to all significant points and repeat it for all road or building objects in the area that traces overlap with). Then, we group those significant points that seem to have the similar distance to a road or building (this shows that the group of significant points belong to a path near either the road or the building). Hence, clusters for all the significant points are created. All the significant points need to be in at least one cluster in the end. This task is repeated until the clustering of all the points are processed.</text></passage><passage><infon key="section_type">METHODS</infon><infon key="type">paragraph</infon><offset>15590</offset><text>For each cluster, the algorithm checks the value of the distance of points to nearest road/building, and selects three points from each cluster. Two of the points belong to the head and tail of the cluster (geographically located start and end points). The third point is the representative point of the cluster; hence, it is the point that has the closest distance to the correspondence road or building object. This step is repeated for all the clusters.</text></passage><passage><infon key="section_type">METHODS</infon><infon key="type">paragraph</infon><offset>16047</offset><text>Since the number of significant points might still be large, and to improve the efficiency of the algorithm (removing redundant points), further filtering is required. Therefore, we apply a clustering approach to group the significant points into different clusters using OpenStreetMap road network data and building footprints, and further select representative points of each cluster. Specifically, we use the OSM road and building data for the same area of GPS traces and follow two steps:</text></passage><passage><infon key="section_type">METHODS</infon><infon key="type">paragraph</infon><offset>16540</offset><text>After the step, the significant points of each GPS trace from Section 3.3 are further filtered to a smaller number of representative points for further refinement, which can be used to construct sidewalk geometries. </text></passage><passage><infon key="section_type">METHODS</infon><infon key="type">title_2</infon><offset>16757</offset><text>3.4. Enhancement</text></passage><passage><infon key="section_type">METHODS</infon><infon key="type">paragraph</infon><offset>16774</offset><text>Furthermore, to improve the positional accuracy of GPS points (and the final sidewalk geometries), we perform an alignment process of successive GPS points that their position has been slightly changed comparing to its nearest road segment. This alignment procedure involves simple assignment of individual significant GPS point with its nearest road segment, and a shifting of location of GPS point so it falls within the acceptable range (if the data about the building footprint and road network are available in OSM). Section 4 will illustrate the results of such enhancement step in the case study.</text></passage><passage><infon key="section_type">METHODS</infon><infon key="type">title_2</infon><offset>17378</offset><text>3.5. Sidewalk Network Construction, and OSM Data Enrichment</text></passage><passage><infon key="section_type">METHODS</infon><infon key="type">paragraph</infon><offset>17438</offset><text>Initially, the database contains road network and building geometries and the sidewalk network is empty. It is expected that over time the sidewalk data in the database are to be extended by newly collected and analyzed GPS traces. The input of the sidewalk construction is the significant points of a new GPS trace, obtained from the previous step, and the final output is the generated sidewalk network. The sidewalk construction step begins by loading a new set of GPS significant points (derived from Section 3.3), and defining its map boundary. Every trace is processed for three cases: (a) if the sidewalk geometry for that path does not exists, a new sidewalk segment is generated and loaded into database (i.e., data enrichment); (b) merge the new sidewalk segment within the existing sidewalk network; and (c) if the sidewalk geometry for that path exists, they should be compared and the geometry should be merged/updated (only if a change is seen). Please note that the enrichment step is done on local database and not on the original OSM database, since OSM does not allow bulk editing. Therefore, Figure 1 shows that sidewalk network dataset is created from the sidewalk network generation step.</text></passage><passage><infon key="section_type">RESULTS</infon><infon key="type">title_1</infon><offset>18648</offset><text>4. Experiment and Results</text></passage><passage><infon key="section_type">RESULTS</infon><infon key="type">title_2</infon><offset>18674</offset><text>4.1. Study Area</text></passage><passage><infon key="section_type">RESULTS</infon><infon key="type">paragraph</infon><offset>18690</offset><text>We have selected the main part of the old town in Heidelberg as a case study, since it is the main area for shopping and tourist attraction and through an initial checking of OSM data, it seems that the sidewalk data of OSM in this area is incomplete. Figure 3 shows the area of interest. A navigation experiment with real wheelchair users was carried out and a total number of seven GPS receivers were installed on five wheelchairs. The GPS sensors were installed on different places of the wheelchair (Figure 4b) as well as the on the body of the users (Figure 4c). The wheelchair users were asked to navigate through the city according to the given map and agenda (Figure 4a). The path of data collection was chosen based on two aims: (a) the path should contain areas that sidewalks exists; and (b) the sidewalks should have different physical characteristics such as different surface texture, slope, etc. While the research done in this article only relies on the first reason for choosing the given path, we carried out the experiment for other research that involves understanding different characteristics of the sidewalks, and for that reason the second aim was considered relevant. </text></passage><passage><infon key="section_type">RESULTS</infon><infon key="type">title_2</infon><offset>19884</offset><text>4.2. Sidewalk Geometry Construction</text></passage><passage><infon key="section_type">RESULTS</infon><infon key="type">paragraph</infon><offset>19920</offset><text>In this section, we apply the methodology introduced in Section 3 for constructing a sidewalk network using multiple GPS traces collected by individuals on wheelchairs. A GPS trace refers to a trajectory of a wheelchair user traveling along pedestrian paths as recorded by a GPS receiver. Our assumptions are that the GPS traces represent the sidewalk segments traveled; each wheelchair user may provide more than one trace at different times; and, over time, each sidewalk segment is covered by multiple GPS traces. Five wheelchair users were involved in the experiment, with different number of GPS devices installed on each of them. Seven individual GPS traces were collected and used to perform our study.</text></passage><passage><infon key="section_type">RESULTS</infon><infon key="type">title_3</infon><offset>20630</offset><text>4.2.1. Preprocessing Step</text></passage><passage><infon key="section_type">RESULTS</infon><infon key="type">paragraph</infon><offset>20656</offset><text>In the first step, as explained in the Methodology, we extracted several useful information from each GPS trace record. This information included latitude, longitude, time, speed, etc. Such information is necessary to extract to be used later in the sidewalk construction algorithm. Furthermore, we excluded the first collected GPS points that have stored positions by GPS receivers as well as repetitive points of the last location by using the pre-processing method describe in Section 3.1. Figure 5 shows a snapshot of the raw GPS data prior to preprocessing as well as the result of pre-processed GPS data.</text></passage><passage><infon key="section_type">RESULTS</infon><infon key="type">title_3</infon><offset>21267</offset><text>4.2.2. Data Clustering and Candidate Point Selection</text></passage><passage><infon key="section_type">RESULTS</infon><infon key="type">paragraph</infon><offset>21320</offset><text>As discussed earlier in Section 3.2, in this step, we identify the GPS points that contain the most important information about the geometry of the underlying individual traces. The analyses that have been performed in this step include calculating the bearing change as well as using the chain coding technique for identification of the most relevant points that shape the geometry of sidewalks. Figure 6 depicts the result of this step.</text></passage><passage><infon key="section_type">RESULTS</infon><infon key="type">title_3</infon><offset>21759</offset><text>4.2.3. Map Matching and Significant Point Selection</text></passage><passage><infon key="section_type">RESULTS</infon><infon key="type">paragraph</infon><offset>21811</offset><text>As introduced in Section 3.3, in this step, we match the derived GPS candidate points with the road network and building data of OpenStreetMap using the map matching technique depicted in Figure 7. For matching OSM road features and buildings with the GPS data, we have adopted and extended the map matching approach presented by Fan et al.. Figure 7 shows the flowchart of the tasks that were carried out for the map matching task.</text></passage><passage><infon key="section_type">RESULTS</infon><infon key="type">paragraph</infon><offset>22244</offset><text>As depicted in Figure 7, in the first stage the road segments in OSM data are split into various lines using their intersections. These line segments and building footprints are used for calculating the Euclidean distance of each GPS point with them. The process is repeated for all GPS points and all surrounding road lines segments and building footprints. In the final stage, those GPS points which fall in the acceptable range between the line segments and building footprints would be selected as a significant point, and those GPS points which fall outside the acceptable range are excluded. A challenge for this task was to identify a proper acceptance range for sidewalks. This range should logically be adapted considering the urban and transportation structure of a city (or part of a city). For this purpose, since our experiment was located in a dense urban environment, and based on the guidelines of city and urban structure, the proper acceptable range for construction of sidewalks in that area was configured as 1-m distance from building footprint and 3 m distance from road centerline. Based on this configuration, the selected significant points for constructing the sidewalk in our experiment was derived (Figure 8). </text></passage><passage><infon key="section_type">RESULTS</infon><infon key="type">title_3</infon><offset>23483</offset><text>4.2.4. Enhancement</text></passage><passage><infon key="section_type">RESULTS</infon><infon key="type">paragraph</infon><offset>23502</offset><text>As mentioned in Section 3.4, enhancement of results is carried out by aligning GPS points through checking their distances with its nearest road segment. This procedure involves a shifting of location of GPS point so it falls within an acceptable range between road and buildings where the sidewalks actually exist in reality. Please note that, in the case of lack of road or building footprint information for a certain area, this stage is skipped. Figure 9 shows the enhanced sidewalk network geometry in red.</text></passage><passage><infon key="section_type">RESULTS</infon><infon key="type">title_3</infon><offset>24014</offset><text>4.2.5. Sidewalk Network Construction</text></passage><passage><infon key="section_type">RESULTS</infon><infon key="type">paragraph</infon><offset>24051</offset><text>As the final step of this process, the significant points extracted from each trace were used as input to the sidewalk network construction step. We applied the method introduced in Section 3.4 to connect the significant GPS points to derive the sidewalk geometry. Figure 9 shows the sidewalk generated from connecting the points presented in Figure 8 (significant points) in black. We further evaluate our approach in the next section.</text></passage><passage><infon key="section_type">RESULTS</infon><infon key="type">title_2</infon><offset>24488</offset><text>4.3. Evaluation</text></passage><passage><infon key="section_type">RESULTS</infon><infon key="type">paragraph</infon><offset>24504</offset><text>The evaluation of the results was carried out in two ways. First, we performed a visual analysis of positional accuracy of the constructed sidewalk network. Later, this is carried out by comparing it with a reference dataset of sidewalks from the municipality of Heidelberg. To validate our approach in enhancing the results of sidewalk construction (Section 3.4.), we perform our evaluation in two different stages, prior to and after the enhancement stage.</text></passage><passage><infon key="section_type">RESULTS</infon><infon key="type">title_3</infon><offset>24963</offset><text>4.3.1. Visual Inspection with Google Maps</text></passage><passage><infon key="section_type">RESULTS</infon><infon key="type">paragraph</infon><offset>25005</offset><text>As a basic approach to validate and evaluate our approach, we overlaid the generated sidewalk network on Google Maps. Figure 10a shows the overlaid sidewalk network for the whole experiment area. Figure 10b–d shows three examples where the method has results with a very low positional accuracy. As can been seen in the figures, the sidewalk geometries overlap with the nearby buildings. This is a result of: (a) the lack of accuracy of GPS points in that street (due to the multipath error of GPS devices); and (b) lack of enough GPS points to select for construction of the network. Please note that our method aims to select at least one significant point every 5 m, and hence, for areas where fewer GPS points are available, even though the point does not fall into the acceptable range between road center and building footprints, it would still be selected for sidewalk construction. It is important to note that Google Maps does not necessarily represent the ground truth. The positional accuracy of imageries in Google Maps can vary a lot in different parts of the world and the image can be out-of-date. Therefore, for a better assessment of positional accuracy of the generated sidewalks, we performed a comparison with ground truth data (Section 4.3.2).</text></passage><passage><infon key="section_type">RESULTS</infon><infon key="type">title_3</infon><offset>26272</offset><text>4.3.2. Comparison with Sidewalk Reference Data</text></passage><passage><infon key="section_type">RESULTS</infon><infon key="type">paragraph</infon><offset>26319</offset><text>For this study, two spatial data quality elements were selected to be assessed: positional accuracy and completeness. Positional accuracy is the best established indicator of accuracy in mapping science and therefore must be tested. When evaluating the fitness-for-use of data generated by GPS traces, the importance of positional accuracy is significant since the raw data were not created by professionals and without stringent data-collection standards. Secondly, Haklay emphasizes that completeness is significant in the case of VGI when data collection is carried out by volunteers. To better estimate and analyze the positional accuracy as well as the completeness of the generated sidewalk geometries an extrinsic quality analysis of sidewalk network constructed by our method with comparison to a reference dataset of sidewalks from the municipality of Heidelberg is performed. Table 1 shows the results of the extrinsic quality analysis with two different indicators: the total length ratio of sidewalk geometries (division of total length of generated sidewalks to reference data) was computed to indicate the completeness level, and root-mean-square error (RMSE) value at the 95% confidence level was calculated to assess the positional accuracy of the results. The reason that the buffering approach suggested by Haklay was not used is because implementing their method is more complex and less efficient to be performed for the small area of our experiment, although for bigger cities it is one of the best methods to evaluate the positional accuracy of features. To calculate the RMSE, a head-to-head positional accuracy assessment between generated sidewalk network and the sidewalk reference data was conducted using the approach presented in. RMSE value is determined from the distances between the starting and ending points of the derived sidewalk vector data and their corresponding nodes in the reference data vector (ground truth) (i.e., absolute positional accuracy). This type of comparison provides a quantitative way to describe the positional accuracy of the derived dataset. However, to prepare the dataset for comparison, it is required to perform a map matching process where two geo-referenced datasets (the generated sidewalks and the reference dataset) are geometrically overlaid. We followed the same method described in our earlier work which in turn is adopted from the map matching algorithm proposed by.</text></passage><passage><infon key="section_type">RESULTS</infon><infon key="type">paragraph</infon><offset>28761</offset><text>In terms of evaluating the enhanced sidewalk network, we performed the same evaluation procedure. The results of visual analysis with Google Maps for sample areas with high positional error are depicted in Figure 11. Please note that these areas reflect the same areas depicted in Figure 10b–d.</text></passage><passage><infon key="section_type">RESULTS</infon><infon key="type">paragraph</infon><offset>29058</offset><text>The results of completeness assessment show that at the macrolevel, the total length of generated sidewalk network is 3974 m, while for the same network in the ground truth dataset it is 4225 m. thus, the generated dataset total length is 0.96 of the reference. The results of positional accuracy assessment show a high RMSE value calculated for the derived sidewalk network which shows that the original sidewalk is relatively inaccurate, while the enhanced version of sidewalk geometries is much more accurate. Furthermore, Table 1 shows the results of the extrinsic quality analysis of enhanced sidewalk network compared to the prior sidewalk network.</text></passage><passage><infon key="section_type">DISCUSS</infon><infon key="type">title_1</infon><offset>29713</offset><text>5. Discussion and Conclusions</text></passage><passage><infon key="section_type">DISCUSS</infon><infon key="type">paragraph</infon><offset>29743</offset><text>Availability of sidewalk network data is mandatory in a variety of applications, especially in wheelchair routing and navigation services as well as urban planning projects. According to our investigation, sidewalk geometries are not available for all cities/countries in OpenStreetMap (especially for the four pilot sites of CAP4Access project: London, Heidelberg, Vienna, and Elche). However, some features have been mapped in some particular cities/areas, and, according to several forum discussions, the final interest and decision of the OSM community is to tag sidewalk information to road features rather than having the sidewalk geometries mapped directly. Hence, since sidewalk geometries are not available in OpenStreetMap database for our pilot cities, to prepare OSM data to be used for a wheelchair routing service, it is required to construct sidewalk geometries from available sources. This paper presented an approach to extract the geometry of sidewalk path segments and to construct sidewalk networks using multiple GPS traces. The algorithm is composed of four main steps (followed by an enrichment step): pre-processing and cleaning; data clustering and significant point filtering; map matching and candidate point selection; and sidewalk network construction. The algorithm was tested using GPS datasets collected by wheelchair users in the field. Based on the evaluation results, the RMSE value of the initial constructed sidewalk geometries is 3.2 m. This is a rather low positional accuracy especially for sidewalk routing services in densely populated areas. To improve the results, we presented a simple additional task of shifting selected significant candidate points to an acceptable range of sidewalks between roads and building footprints. This task can be performed only in areas where complete information about road and buildings are available in OSM. The RMSE value of the enhanced sidewalk network greatly decreased to less than a meter, resulting in a much higher positional accuracy. Furthermore, we calculated an index for evaluating the data completeness level of the results. This index was the ratio of total length of generated sidewalk compared to total length of sidewalks in the reference dataset.</text></passage><passage><infon key="section_type">DISCUSS</infon><infon key="type">paragraph</infon><offset>31988</offset><text>The results show that for both original and enhanced results our approach seems to be acceptable and reliable for use in routing services where length of paths are important. Note that the length of the path is only one important factor for efficient wheelchair navigation. Further considerations are: (1) presence of a curb cut (roadway access point); (2) presence or enrichment of crosswalks; (3) the running slope and (more critically) the cross slope of the walkway; and (4) walkway surface materials. Hence, future research study needs to be done for developing methods to collect and enrich attributes of sidewalks such as sidewalk width, incline, surface texture, etc. </text></passage><passage><infon key="section_type">DISCUSS</infon><infon key="type">paragraph</infon><offset>32665</offset><text>Based on the evaluation results, it is concluded that the algorithm can automatically construct sidewalk networks using multiple GPS traces. It is highly predicted that the number of GPS traces and the positional accuracy of the generated pedestrian path segments are positively correlated. Hence, more GPS data could potentially lead to more accurately positioned sidewalks. In principle, a low quality in terms of positional accuracy of sidewalks might also be introduced by a low positional accuracy of the OSM buildings and road datasets. Even though it was not the purpose of this paper, a preliminary check of this accuracy is suggested to be performed. Moreover, the assumption that GPS traces represent the sidewalk travelled is not always true. Deviations from a sidewalk are very common in an urban setting, and are caused by wheelchair users needing to travel in the roadway around obstacles. These deviations (and their causes) are important to explore. Finally, this study can be extended by checking the possibility of applying the workflow for smartphone location data. Employing smart phone location data or any other GPS traces (such as the ones uploaded by volunteers in OSM) to be used for sidewalk network construction is a potential research topic, given the fact that one needs to provide a solution on filtering points that do not belong to a sidewalk (e.g., when a user crosses the road in the middle of a street).</text></passage><passage><infon key="section_type">AUTH_CONT</infon><infon key="type">title</infon><offset>34104</offset><text>Author Contributions</text></passage><passage><infon key="section_type">AUTH_CONT</infon><infon key="type">paragraph</infon><offset>34125</offset><text>A.M. conceived and designed the experiments; A.M. preprocessed and analyzed the data and performed the experiments in this article; A.M. wrote the manuscript; A.Z. supervised the study; H.H., L.C.D. and A.Z. proofread and provided comments that improved the article.</text></passage><passage><infon key="section_type">COMP_INT</infon><infon key="type">title</infon><offset>34392</offset><text>Conflicts of Interest</text></passage><passage><infon key="section_type">COMP_INT</infon><infon key="type">paragraph</infon><offset>34414</offset><text>The authors declare no conflict of interest. </text></passage><passage><infon key="section_type">REF</infon><infon key="type">title</infon><offset>34460</offset><text>References</text></passage><passage><infon key="fpage">12</infon><infon key="lpage">18</infon><infon key="name_0">surname:Haklay;given-names:M.</infon><infon key="name_1">surname:Weber;given-names:P.</infon><infon key="pub-id_doi">10.1109/MPRV.2008.80</infon><infon key="section_type">REF</infon><infon key="source">IEEE Pervasive Comput.</infon><infon key="type">ref</infon><infon key="volume">7</infon><infon key="year">2008</infon><offset>34471</offset><text>Openstreetmap: User-generated street maps</text></passage><passage><infon key="elocation-id">55</infon><infon key="name_0">surname:See;given-names:L.</infon><infon key="name_1">surname:Mooney;given-names:P.</infon><infon key="name_2">surname:Foody;given-names:G.</infon><infon key="name_3">surname:Bastin;given-names:L.</infon><infon key="name_4">surname:Comber;given-names:A.</infon><infon key="name_5">surname:Estima;given-names:J.</infon><infon key="name_6">surname:Liu;given-names:H.Y.</infon><infon key="pub-id_doi">10.3390/ijgi5050055</infon><infon key="section_type">REF</infon><infon key="source">ISPRS Int. J. Geo Inf.</infon><infon key="type">ref</infon><infon key="volume">5</infon><infon key="year">2016</infon><offset>34513</offset><text>Crowdsourcing, citizen science or volunteered geographic information? The current state of crowdsourced geographic information</text></passage><passage><infon key="fpage">110</infon><infon key="lpage">120</infon><infon key="name_0">surname:Goodchild;given-names:M.F.</infon><infon key="name_1">surname:Li;given-names:L.</infon><infon key="pub-id_doi">10.1016/j.spasta.2012.03.002</infon><infon key="section_type">REF</infon><infon key="source">Spat. Stat.</infon><infon key="type">ref</infon><infon key="volume">1</infon><infon key="year">2012</infon><offset>34640</offset><text>Assuring the quality of volunteered geographic information</text></passage><passage><infon key="fpage">139</infon><infon key="lpage">167</infon><infon key="name_0">surname:Senaratne;given-names:H.</infon><infon key="name_1">surname:Mobasheri;given-names:A.</infon><infon key="name_2">surname:Ali;given-names:A.L.</infon><infon key="name_3">surname:Capineri;given-names:C.</infon><infon key="name_4">surname:Haklay;given-names:M.</infon><infon key="pub-id_doi">10.1080/13658816.2016.1189556</infon><infon key="section_type">REF</infon><infon key="source">Int. J. Geogr. Inf. Sci.</infon><infon key="type">ref</infon><infon key="volume">31</infon><infon key="year">2017</infon><offset>34699</offset><text>A review of volunteered geographic information quality assessment methods</text></passage><passage><infon key="fpage">435</infon><infon key="lpage">459</infon><infon key="name_0">surname:Girres;given-names:J.F.</infon><infon key="name_1">surname:Touya;given-names:G.</infon><infon key="pub-id_doi">10.1111/j.1467-9671.2010.01203.x</infon><infon key="section_type">REF</infon><infon key="source">Trans. GIS</infon><infon key="type">ref</infon><infon key="volume">14</infon><infon key="year">2010</infon><offset>34773</offset><text>Quality assessment of the French OpenStreetMap dataset</text></passage><passage><infon key="fpage">682</infon><infon key="lpage">703</infon><infon key="name_0">surname:Haklay;given-names:M.</infon><infon key="pub-id_doi">10.1068/b35097</infon><infon key="section_type">REF</infon><infon key="source">Environ. Plan. B Plan. Des.</infon><infon key="type">ref</infon><infon key="volume">37</infon><infon key="year">2010</infon><offset>34828</offset><text>How good is volunteered geographical information? A comparative study of OpenStreetMap and Ordnance Survey datasets</text></passage><passage><infon key="fpage">700</infon><infon key="lpage">719</infon><infon key="name_0">surname:Fan;given-names:H.</infon><infon key="name_1">surname:Zipf;given-names:A.</infon><infon key="name_2">surname:Fu;given-names:Q.</infon><infon key="name_3">surname:Neis;given-names:P.</infon><infon key="pub-id_doi">10.1080/13658816.2013.867495</infon><infon key="section_type">REF</infon><infon key="source">Int. J. Geogr. Inf. Sci.</infon><infon key="type">ref</infon><infon key="volume">28</infon><infon key="year">2014</infon><offset>34944</offset><text>Quality assessment for building footprints data on OpenStreetMap</text></passage><passage><infon key="fpage">65</infon><infon key="lpage">84</infon><infon key="name_0">surname:Ludwig;given-names:I.</infon><infon key="name_1">surname:Voss;given-names:A.</infon><infon key="name_2">surname:Krause-Traudes;given-names:M.</infon><infon key="section_type">REF</infon><infon key="source">Advancing Geoinformation Science for a Changing World</infon><infon key="type">ref</infon><infon key="year">2011</infon><offset>35009</offset><text>A Comparison of the Street Networks of Navteq and OSM in Germany</text></passage><passage><infon key="fpage">477</infon><infon key="lpage">498</infon><infon key="name_0">surname:Koukoletsos;given-names:T.</infon><infon key="name_1">surname:Haklay;given-names:M.</infon><infon key="name_2">surname:Ellul;given-names:C.</infon><infon key="pub-id_doi">10.1111/j.1467-9671.2012.01304.x</infon><infon key="section_type">REF</infon><infon key="source">Trans. GIS</infon><infon key="type">ref</infon><infon key="volume">16</infon><infon key="year">2012</infon><offset>35074</offset><text>Assessing data completeness of VGI through an automated matching procedure for linear data</text></passage><passage><infon key="name_0">surname:Zielstra;given-names:D.</infon><infon key="name_1">surname:Zipf;given-names:A.</infon><infon key="section_type">REF</infon><infon key="source">Proceedings of the 13th AGILE International Conference on Geographic Information Science</infon><infon key="type">ref</infon><offset>35165</offset><text>A comparative study of proprietary geodata and volunteered geographic information for Germany</text></passage><passage><infon key="fpage">188</infon><infon key="lpage">201</infon><infon key="name_0">surname:Neis;given-names:P.</infon><infon key="pub-id_doi">10.1111/tgis.12087</infon><infon key="section_type">REF</infon><infon key="source">Trans. GIS</infon><infon key="type">ref</infon><infon key="volume">19</infon><infon key="year">2015</infon><offset>35259</offset><text>Measuring the Reliability of Wheelchair User Route Planning based on Volunteered Geographic Information</text></passage><passage><infon key="elocation-id">997</infon><infon key="name_0">surname:Mobasheri;given-names:A.</infon><infon key="name_1">surname:Sun;given-names:Y.</infon><infon key="name_2">surname:Loos;given-names:L.</infon><infon key="name_3">surname:Ali;given-names:A.L.</infon><infon key="pub-id_doi">10.3390/su9060997</infon><infon key="section_type">REF</infon><infon key="source">Sustainability</infon><infon key="type">ref</infon><infon key="volume">9</infon><infon key="year">2017</infon><offset>35363</offset><text>Are Crowdsourced Datasets Suitable for Specialized Routing Services? Case Study of OpenStreetMap for Routing of People with Limited Mobility</text></passage><passage><infon key="fpage">1657</infon><infon key="lpage">1671</infon><infon key="name_0">surname:Dorn;given-names:H.</infon><infon key="name_1">surname:Törnros;given-names:T.</infon><infon key="name_2">surname:Zipf;given-names:A.</infon><infon key="pub-id_doi">10.3390/ijgi4031657</infon><infon key="section_type">REF</infon><infon key="source">ISPRS Int. J. Geo Inf.</infon><infon key="type">ref</infon><infon key="volume">4</infon><infon key="year">2015</infon><offset>35504</offset><text>Quality evaluation of VGI using authoritative data—A comparison with land use data in Southern Germany</text></passage><passage><infon key="fpage">54</infon><infon key="lpage">59</infon><infon key="name_0">surname:Kulyukin;given-names:V.A.</infon><infon key="name_1">surname:Nicholson;given-names:J.</infon><infon key="name_2">surname:Ross;given-names:D.A.</infon><infon key="name_3">surname:Marston;given-names:J.R.</infon><infon key="name_4">surname:Gaunet;given-names:F.</infon><infon key="section_type">REF</infon><infon key="source">Proceedings of the AAAI Spring Symposium: Social Information Processing</infon><infon key="type">ref</infon><offset>35609</offset><text>The Blind Leading the Blind: Toward Collaborative Online Route Information Management by Individuals with Visual Impairments</text></passage><passage><infon key="fpage">3</infon><infon key="lpage">17</infon><infon key="name_0">surname:Graser;given-names:A.</infon><infon key="name_1">surname:Straub;given-names:M.</infon><infon key="name_2">surname:Dragaschnig;given-names:M.</infon><infon key="section_type">REF</infon><infon key="source">Progress in Location-Based Services 2014</infon><infon key="type">ref</infon><infon key="year">2015</infon><offset>35734</offset><text>Is OSM good enough for vehicle routing? A study comparing street networks in Vienna</text></passage><passage><infon key="fpage">152</infon><infon key="lpage">155</infon><infon key="name_0">surname:Bakillah;given-names:M.</infon><infon key="name_1">surname:Mobasheri;given-names:A.</infon><infon key="name_2">surname:Liang;given-names:S.H.</infon><infon key="name_3">surname:Zipf;given-names:A.</infon><infon key="section_type">REF</infon><infon key="source">Proceedings of the 2013 5th Computer Science and Electronic Engineering Conference (CEEC)</infon><infon key="type">ref</infon><offset>35818</offset><text>Towards an efficient routing web processing service through capturing real-time road conditions from big data</text></passage><passage><infon key="fpage">9</infon><infon key="lpage">12</infon><infon key="name_0">surname:Rousell;given-names:A.</infon><infon key="name_1">surname:Hahmann;given-names:S.</infon><infon key="name_2">surname:Bakillah;given-names:M.</infon><infon key="name_3">surname:Mobasheri;given-names:A.</infon><infon key="section_type">REF</infon><infon key="source">Proceedings of the AGILE Conference on Geographic Information Science</infon><infon key="type">ref</infon><offset>35928</offset><text>Extraction of landmarks from OpenStreetMap for use in navigational instructions</text></passage><passage><infon key="fpage">110</infon><infon key="lpage">122</infon><infon key="name_0">surname:Sun;given-names:Y.</infon><infon key="name_1">surname:Fan;given-names:H.</infon><infon key="name_2">surname:Bakillah;given-names:M.</infon><infon key="name_3">surname:Zipf;given-names:A.</infon><infon key="pub-id_doi">10.1016/j.compenvurbsys.2013.07.006</infon><infon key="section_type">REF</infon><infon key="source">Comput. Environ. Urban Syst.</infon><infon key="type">ref</infon><infon key="volume">53</infon><infon key="year">2015</infon><offset>36008</offset><text>Road-based travel recommendation using geo-tagged images</text></passage><passage><infon key="fpage">699</infon><infon key="lpage">716</infon><infon key="name_0">surname:Qin;given-names:H.</infon><infon key="name_1">surname:Rice;given-names:R.M.</infon><infon key="name_2">surname:Fuhrmann;given-names:S.</infon><infon key="name_3">surname:Rice;given-names:M.T.</infon><infon key="name_4">surname:Curtin;given-names:K.M.</infon><infon key="name_5">surname:Ong;given-names:E.</infon><infon key="pub-id_doi">10.1007/s10708-015-9659-x</infon><infon key="section_type">REF</infon><infon key="source">GeoJournal</infon><infon key="type">ref</infon><infon key="volume">81</infon><infon key="year">2016</infon><offset>36065</offset><text>Geocrowdsourcing and accessibility for dynamic environments</text></passage><passage><infon key="comment">Available online: http://www.dtic.mil/dtic/tr/fulltext/u2/a615952.pdf</infon><infon key="name_0">surname:Rice;given-names:M.T.</infon><infon key="name_1">surname:Paez;given-names:F.I.</infon><infon key="name_2">surname:Rice;given-names:R.M.</infon><infon key="name_3">surname:Ong;given-names:E.W.</infon><infon key="name_4">surname:Qin;given-names:H.</infon><infon key="name_5">surname:Seitz;given-names:C.R.</infon><infon key="name_6">surname:Fayne;given-names:J.V.</infon><infon key="name_7">surname:Curtin;given-names:K.M.</infon><infon key="name_8">surname:Fuhrmann;given-names:S.</infon><infon key="name_9">surname:Pfoser;given-names:D.</infon><infon key="section_type">REF</infon><infon key="type">ref</infon><offset>36125</offset><text>Quality Assessment and Accessibility Applications of Crowdsourced Geospatial Data: A Report on the Development and Extension of the George Mason University (GMU) Geocrowdsourcing Testbed</text></passage><passage><infon key="name_0">surname:Ismail;given-names:K.</infon><infon key="name_1">surname:Sayed;given-names:T.</infon><infon key="name_2">surname:Saunier;given-names:N.</infon><infon key="section_type">REF</infon><infon key="source">Proceedings of the Transportation Research Board Annual Meeting Compendium of Papers</infon><infon key="type">ref</infon><offset>36312</offset><text>Automated collection of pedestrian data using computer vision techniques</text></passage><passage><infon key="fpage">87</infon><infon key="lpage">91</infon><infon key="name_0">surname:Beni;given-names:L.H.</infon><infon key="name_1">surname:McArdle;given-names:S.</infon><infon key="name_2">surname:Khayer;given-names:Y.</infon><infon key="pub-id_doi">10.5194/isprsannals-II-2-87-2014</infon><infon key="section_type">REF</infon><infon key="source">ISPRS Ann. Photogramm. Remote Sens. Spat. Inf. Sci.</infon><infon key="type">ref</infon><infon key="volume">2</infon><infon key="year">2014</infon><offset>36385</offset><text>An Integrated Method for Mapping Impervious and Pervious Areas in Urban Environments Using Hyperspectral and LiDAR Data</text></passage><passage><infon key="name_0">surname:Gaisbauer;given-names:C.</infon><infon key="name_1">surname:Frank;given-names:A.U.</infon><infon key="section_type">REF</infon><infon key="source">Proceedings of the AGILE 2008 Conference-Taking Geo-information Science One Step Further, University of Girona</infon><infon key="type">ref</infon><infon key="volume">Volume 9</infon><offset>36505</offset><text>Wayfinding model for pedestrian navigation</text></passage><passage><infon key="fpage">41</infon><infon key="lpage">47</infon><infon key="name_0">surname:Elias;given-names:B.</infon><infon key="section_type">REF</infon><infon key="source">Proceedings of the 2007 4th Workshop on Positioning, Navigation and Communication</infon><infon key="type">ref</infon><offset>36548</offset><text>Pedestrian Navigation-Creating a tailored geodatabase for routing</text></passage><passage><infon key="fpage">91</infon><infon key="lpage">99</infon><infon key="name_0">surname:Holone;given-names:H.</infon><infon key="name_1">surname:Misund;given-names:G.</infon><infon key="name_2">surname:Holmstedt;given-names:H.</infon><infon key="section_type">REF</infon><infon key="source">Proceedings of the 2007 International Conference on Next Generation Mobile Applications, Services and Technologies (NGMAST 2007)</infon><infon key="type">ref</infon><offset>36614</offset><text>Users are doing it for themselves: Pedestrian navigation with user generated content</text></passage><passage><infon key="comment">Angewandte Geographische Informationsverarbeitung XIII</infon><infon key="fpage">84</infon><infon key="lpage">89</infon><infon key="name_0">surname:Corona;given-names:B.</infon><infon key="name_1">surname:Winter;given-names:S.</infon><infon key="section_type">REF</infon><infon key="source">Datasets for Pedestrian Navigation Services</infon><infon key="type">ref</infon><infon key="year">2001</infon><offset>36699</offset></passage><passage><infon key="fpage">24</infon><infon key="lpage">54</infon><infon key="name_0">surname:Kasemsuppakorn;given-names:P.</infon><infon key="name_1">surname:Karimi;given-names:H.A.</infon><infon key="pub-id_doi">10.1080/17489720902837936</infon><infon key="section_type">REF</infon><infon key="source">J. Locat. Based Serv.</infon><infon key="type">ref</infon><infon key="volume">3</infon><infon key="year">2009</infon><offset>36700</offset><text>Personalised routing for wheelchair navigation</text></passage><passage><infon key="fpage">101</infon><infon key="lpage">108</infon><infon key="name_0">surname:Laakso;given-names:M.</infon><infon key="name_1">surname:Sarjakoski;given-names:T.</infon><infon key="name_2">surname:Sarjakoski;given-names:L.T.</infon><infon key="pub-id_doi">10.3138/carto.46.2.101</infon><infon key="section_type">REF</infon><infon key="source">Cartographica</infon><infon key="type">ref</infon><infon key="volume">46</infon><infon key="year">2011</infon><offset>36747</offset><text>Improving accessibility information in pedestrian maps and databases</text></passage><passage><infon key="fpage">89</infon><infon key="lpage">99</infon><infon key="name_0">surname:Laakso;given-names:M.</infon><infon key="name_1">surname:Sarjakoski;given-names:T.</infon><infon key="name_2">surname:Lehto;given-names:L.</infon><infon key="name_3">surname:Sarjakoski;given-names:L.T.</infon><infon key="pub-id_doi">10.3138/carto.48.2.1837</infon><infon key="section_type">REF</infon><infon key="source">Cartographica</infon><infon key="type">ref</infon><infon key="volume">48</infon><infon key="year">2013</infon><offset>36816</offset><text>An information model for pedestrian routing and navigation databases supporting universal accessibility</text></passage><passage><infon key="fpage">68</infon><infon key="lpage">81</infon><infon key="name_0">surname:Beale;given-names:L.</infon><infon key="name_1">surname:Field;given-names:K.</infon><infon key="name_2">surname:Briggs;given-names:D.</infon><infon key="name_3">surname:Picton;given-names:P.</infon><infon key="name_4">surname:Matthews;given-names:H.</infon><infon key="pub-id_doi">10.1179/000870406X93517</infon><infon key="section_type">REF</infon><infon key="source">Cartogr. J.</infon><infon key="type">ref</infon><infon key="volume">43</infon><infon key="year">2006</infon><offset>36920</offset><text>Mapping for wheelchair users: Route navigation in urban spaces</text></passage><passage><infon key="fpage">99</infon><infon key="lpage">108</infon><infon key="name_0">surname:Karimi;given-names:H.A.</infon><infon key="name_1">surname:Zhang;given-names:L.</infon><infon key="name_2">surname:Benner;given-names:J.G.</infon><infon key="pub-id_doi">10.1080/19475683.2014.904438</infon><infon key="section_type">REF</infon><infon key="source">Ann. GIS</infon><infon key="type">ref</infon><infon key="volume">20</infon><infon key="year">2014</infon><offset>36983</offset><text>Personalized accessibility map (PAM): A novel assisted wayfinding approach for people with disabilities</text></passage><passage><infon key="fpage">153</infon><infon key="lpage">158</infon><infon key="name_0">surname:Rouse;given-names:L.J.</infon><infon key="name_1">surname:Bergeron;given-names:S.J.</infon><infon key="name_2">surname:Harris;given-names:T.M.</infon><infon key="section_type">REF</infon><infon key="source">The Geospatial Web</infon><infon key="type">ref</infon><infon key="year">2009</infon><offset>37087</offset><text>Participating in the geospatial web: Collaborative mapping, social networks and participatory GIS</text></passage><passage><infon key="fpage">312</infon><infon key="lpage">321</infon><infon key="name_0">surname:Zheng;given-names:Y.</infon><infon key="name_1">surname:Li;given-names:Q.</infon><infon key="name_2">surname:Chen;given-names:Y.</infon><infon key="name_3">surname:Xie;given-names:X.</infon><infon key="name_4">surname:Ma;given-names:W.Y.</infon><infon key="section_type">REF</infon><infon key="source">Proceedings of the 10th International Conference on Ubiquitous Computing</infon><infon key="type">ref</infon><offset>37185</offset><text>Understanding mobility based on GPS data</text></passage><passage><infon key="fpage">377</infon><infon key="lpage">384</infon><infon key="name_0">surname:Araki;given-names:M.</infon><infon key="name_1">surname:Kanamori;given-names:R.</infon><infon key="name_2">surname:Gong;given-names:L.</infon><infon key="name_3">surname:Morikawa;given-names:T.</infon><infon key="section_type">REF</infon><infon key="source">Serviceology for Smart Service System</infon><infon key="type">ref</infon><infon key="year">2017</infon><offset>37226</offset><text>Impacts of Seasonal Factors on Travel Behavior: Basic Analysis of GPS Trajectory Data for 8 Months</text></passage><passage><infon key="fpage">692</infon><infon key="lpage">699</infon><infon key="name_0">surname:Zhu;given-names:X.</infon><infon key="name_1">surname:Li;given-names:J.</infon><infon key="name_2">surname:Liu;given-names:Z.</infon><infon key="name_3">surname:Yang;given-names:F.</infon><infon key="section_type">REF</infon><infon key="source">Proceedings of the 2017 IEEE International Conference on Web Services (ICWS)</infon><infon key="type">ref</infon><offset>37325</offset><text>Learning Transportation Mode Choice for Context-Aware Services with Directed-Graph-Guided Fused Lasso from GPS Trajectory Data</text></passage><passage><infon key="elocation-id">2058</infon><infon key="name_0">surname:Martin;given-names:B.D.</infon><infon key="name_1">surname:Addona;given-names:V.</infon><infon key="name_2">surname:Wolfson;given-names:J.</infon><infon key="name_3">surname:Adomavicius;given-names:G.</infon><infon key="name_4">surname:Fan;given-names:Y.</infon><infon key="pub-id_doi">10.3390/s17092058</infon><infon key="pub-id_pmid">28885550</infon><infon key="section_type">REF</infon><infon key="source">Sensors</infon><infon key="type">ref</infon><infon key="volume">17</infon><infon key="year">2017</infon><offset>37452</offset><text>Methods for real-time prediction of the mode of travel using smartphone-based GPS and accelerometer data</text></passage><passage><infon key="name_0">surname:Wang;given-names:Y.</infon><infon key="name_1">surname:McArthur;given-names:D.P.</infon><infon key="section_type">REF</infon><infon key="source">Proceedings of the GISRUK 2017</infon><infon key="type">ref</infon><offset>37557</offset><text>Linking Smartphone GPS Data with Transport Planning: A Framework of Data Aggregation and Anonymization for a Journey Planning App</text></passage><passage><infon key="name_0">surname:Wergin;given-names:J.</infon><infon key="name_1">surname:Buehler;given-names:R.</infon><infon key="pub-id_doi">10.3141/2662-02</infon><infon key="section_type">REF</infon><infon key="source">Transp. Res. Rec.</infon><infon key="type">ref</infon><infon key="volume">2662</infon><infon key="year">2017</infon><offset>37687</offset><text>Where Do Bikeshare Bikes Actually Go? Analysis of Capital Bikeshare Trips Using GPS Data (No. 17-01167)</text></passage><passage><infon key="elocation-id">1060</infon><infon key="name_0">surname:Sun;given-names:Y.</infon><infon key="name_1">surname:Mobasheri;given-names:A.</infon><infon key="name_2">surname:Hu;given-names:X.</infon><infon key="name_3">surname:Wang;given-names:W.</infon><infon key="pub-id_doi">10.3390/su9061060</infon><infon key="section_type">REF</infon><infon key="source">Sustainability</infon><infon key="type">ref</infon><infon key="volume">9</infon><infon key="year">2017</infon><offset>37791</offset><text>Investigating impacts of environmental factors on the cycling behavior of bicycle-sharing users</text></passage><passage><infon key="fpage">667</infon><infon key="lpage">670</infon><infon key="name_0">surname:Guo;given-names:T.</infon><infon key="name_1">surname:Iwamura;given-names:K.</infon><infon key="name_2">surname:Koga;given-names:M.</infon><infon key="section_type">REF</infon><infon key="source">Proceedings of the 2007 IEEE International Geoscience and Remote Sensing Symposium</infon><infon key="type">ref</infon><offset>37887</offset><text>Towards high accuracy road maps generation from massive GPS traces data</text></passage><passage><infon key="name_0">surname:Sachdeva;given-names:A.</infon><infon key="section_type">REF</infon><infon key="source">Master’s Thesis</infon><infon key="type">ref</infon><infon key="year">2015</infon><offset>37959</offset><text>Collective Enrichment of OpenStreetMap Spatial Data through Vehicles Equipped with Driver Assistance Systems</text></passage><passage><infon key="fpage">664</infon><infon key="lpage">683</infon><infon key="name_0">surname:Van Winden;given-names:K.</infon><infon key="name_1">surname:Biljecki;given-names:F.</infon><infon key="name_2">surname:Van der Spek;given-names:S.</infon><infon key="pub-id_doi">10.1111/tgis.12186</infon><infon key="section_type">REF</infon><infon key="source">Trans. GIS</infon><infon key="type">ref</infon><infon key="volume">20</infon><infon key="year">2016</infon><offset>38068</offset><text>Automatic update of road attributes by mining GPS tracks</text></passage><passage><infon key="fpage">883</infon><infon key="lpage">889</infon><infon key="name_0">surname:Kim;given-names:S.</infon><infon key="name_1">surname:Choi;given-names:J.</infon><infon key="name_2">surname:Kim;given-names:Y.</infon><infon key="pub-id_doi">10.1007/s12205-011-1173-1</infon><infon key="section_type">REF</infon><infon key="source">KSCE J. Civ. Eng.</infon><infon key="type">ref</infon><infon key="volume">15</infon><infon key="year">2011</infon><offset>38125</offset><text>Determining the sidewalk pavement width by using pedestrian discomfort levels and movement characteristics</text></passage><passage><infon key="fpage">165</infon><infon key="lpage">185</infon><infon key="name_0">surname:Kasemsuppakorn;given-names:P.</infon><infon key="name_1">surname:Karimi;given-names:H.A.</infon><infon key="section_type">REF</infon><infon key="source">Advanced Location-Based Technologies and Services</infon><infon key="type">ref</infon><infon key="year">2013</infon><offset>38232</offset><text>Pedestrian Path Generation through GPS Traces</text></passage><passage><infon key="fpage">285</infon><infon key="lpage">300</infon><infon key="name_0">surname:Kasemsuppakorn;given-names:P.</infon><infon key="name_1">surname:Karimi;given-names:H.A.</infon><infon key="pub-id_doi">10.1016/j.trc.2012.09.007</infon><infon key="section_type">REF</infon><infon key="source">Transp. Res. Part C Emerg. Technol.</infon><infon key="type">ref</infon><infon key="volume">26</infon><infon key="year">2013</infon><offset>38278</offset><text>A pedestrian network construction algorithm based on multiple GPS traces</text></passage><passage><infon key="fpage">741</infon><infon key="lpage">753</infon><infon key="name_0">surname:Lu;given-names:Y.</infon><infon key="name_1">surname:Karimi;given-names:H.A.</infon><infon key="pub-id_doi">10.3390/ijgi4020741</infon><infon key="section_type">REF</infon><infon key="source">ISPRS Int. J. Geo Inf.</infon><infon key="type">ref</infon><infon key="volume">4</infon><infon key="year">2015</infon><offset>38351</offset><text>Real-Time Sidewalk Slope Calculation through Integration of GPS Trajectory and Image Data to Assist People with Disabilities in Navigation</text></passage><passage><infon key="name_0">surname:Frackelton;given-names:A.</infon><infon key="name_1">surname:Guensler;given-names:R.</infon><infon key="section_type">REF</infon><infon key="source">Proceedings of the 94th Annual Meeting of the Transportation Research Board</infon><infon key="type">ref</infon><offset>38490</offset><text>Pedestrian Project Prioritization Incorporating App-Collected Sidewalk Data</text></passage><passage><infon key="name_0">surname:Zipf;given-names:A.</infon><infon key="name_1">surname:Mobasheri;given-names:A.</infon><infon key="name_2">surname:Rousell;given-names:A.</infon><infon key="name_3">surname:Hahmann;given-names:S.</infon><infon key="section_type">REF</infon><infon key="source">European Handbook of Crowdsourced Geographic Information</infon><infon key="type">ref</infon><infon key="year">2016</infon><offset>38566</offset><text>Crowdsourcing for individual needs—The case of routing and navigation for mobility-impaired persons</text></passage><passage><infon key="fpage">294</infon><infon key="lpage">299</infon><infon key="name_0">surname:Mirri;given-names:S.</infon><infon key="name_1">surname:Prandi;given-names:C.</infon><infon key="name_2">surname:Salomoni;given-names:P.</infon><infon key="name_3">surname:Callegati;given-names:F.</infon><infon key="name_4">surname:Campi;given-names:A.</infon><infon key="section_type">REF</infon><infon key="source">Proceedings of the 2014 Eighth International Conference on Next Generation Mobile Apps, Services and Technologies</infon><infon key="type">ref</infon><offset>38668</offset><text>On combining crowdsourcing, sensing and open data for an accessible smart city</text></passage><passage><infon key="name_0">surname:Prandi;given-names:F.</infon><infon key="name_1">surname:Soave;given-names:M.</infon><infon key="name_2">surname:Devigili;given-names:F.</infon><infon key="name_3">surname:De Amicis;given-names:R.</infon><infon key="name_4">surname:Astyakopoulos;given-names:A.</infon><infon key="section_type">REF</infon><infon key="source">Proceedings of the 11th International Symposium on Location-Based Services</infon><infon key="type">ref</infon><offset>38747</offset><text>Collaboratively collected geodata to support routing service for disabled people</text></passage><passage><infon key="name_0">surname:Bakillah;given-names:M.</infon><infon key="name_1">surname:Mobasheri;given-names:A.</infon><infon key="name_2">surname:Rousell;given-names:A.</infon><infon key="name_3">surname:Hahmann;given-names:S.</infon><infon key="name_4">surname:Jokar;given-names:J.</infon><infon key="name_5">surname:Liang;given-names:S.H.</infon><infon key="section_type">REF</infon><infon key="source">Proceedings of the AGILE Conference on Geographic Information Science</infon><infon key="type">ref</infon><offset>38828</offset><text>Toward a collective tagging Android application for gathering accessibility-related geospatial data in European cities</text></passage><passage><infon key="fpage">27</infon><infon key="name_0">surname:Mobasheri;given-names:A.</infon><infon key="name_1">surname:Deister;given-names:J.</infon><infon key="name_2">surname:Dieterich;given-names:H.</infon><infon key="pub-id_doi">10.1186/s40965-017-0040-5</infon><infon key="section_type">REF</infon><infon key="source">Open Geospatial Data Softw. Stand.</infon><infon key="type">ref</infon><infon key="volume">2</infon><infon key="year">2017</infon><offset>38947</offset><text>Wheelmap: The wheelchair accessibility crowdsourcing platform</text></passage><passage><infon key="fpage">210</infon><infon key="lpage">219</infon><infon key="name_0">surname:Rice;given-names:M.T.</infon><infon key="name_1">surname:Jacobson;given-names:R.D.</infon><infon key="name_2">surname:Caldwell;given-names:D.R.</infon><infon key="name_3">surname:McDermott;given-names:S.D.</infon><infon key="name_4">surname:Paez;given-names:F.I.</infon><infon key="name_5">surname:Aburizaiza;given-names:A.O.</infon><infon key="name_6">surname:Qin;given-names:H.</infon><infon key="pub-id_doi">10.1080/15230406.2013.799737</infon><infon key="section_type">REF</infon><infon key="source">Cartogr. Geogr. Inf. Sci.</infon><infon key="type">ref</infon><infon key="volume">40</infon><infon key="year">2013</infon><offset>39009</offset><text>Crowdsourcing techniques for augmenting traditional accessibility maps with transitory obstacle information</text></passage><passage><infon key="comment">Available online: http://www.dtic.mil/docs/citations/ADA588474</infon><infon key="name_0">surname:Rice;given-names:M.T.</infon><infon key="name_1">surname:Curtin;given-names:K.M.</infon><infon key="name_2">surname:Paez;given-names:F.I.</infon><infon key="name_3">surname:Seitz;given-names:C.R.</infon><infon key="name_4">surname:Qin;given-names:H.</infon><infon key="section_type">REF</infon><infon key="type">ref</infon><infon key="year">2013</infon><offset>39117</offset><text>Crowdsourcing to Support Navigation for the Disabled: A Report on the Motivations, Design, Creation and Assessment of a Testbed Environment for Accessibility (No. AA10-4733)</text></passage><passage><infon key="fpage">279</infon><infon key="lpage">291</infon><infon key="name_0">surname:Rice;given-names:M.T.</infon><infon key="name_1">surname:Hammill;given-names:W.C.</infon><infon key="name_2">surname:Aburizaiza;given-names:A.O.</infon><infon key="name_3">surname:Schwarz;given-names:S.</infon><infon key="name_4">surname:Jacobson;given-names:R.D.</infon><infon key="section_type">REF</infon><infon key="source">Adv. Cartogr. GISci.</infon><infon key="type">ref</infon><infon key="volume">1</infon><infon key="year">2011</infon><offset>39291</offset><text>Integrating user-contributed geospatial data with assistive geotechnology using a localized gazetteer</text></passage><passage><infon key="fpage">1</infon><infon key="lpage">14</infon><infon key="name_0">surname:Ochieng;given-names:W.Y.</infon><infon key="name_1">surname:Quddus;given-names:M.</infon><infon key="name_2">surname:Noland;given-names:R.B.</infon><infon key="section_type">REF</infon><infon key="source">Rev. Bras. Cartografia</infon><infon key="type">ref</infon><infon key="volume">55</infon><infon key="year">2003</infon><offset>39393</offset><text>Map-matching in complex urban road networks</text></passage><passage><infon key="comment">Available online: http://williams.best.vwh.net/avform.htm</infon><infon key="name_0">surname:Williams;given-names:E.</infon><infon key="section_type">REF</infon><infon key="type">ref</infon><infon key="year">2010</infon><offset>39437</offset><text>Aviation Formulary V1.45</text></passage><passage><infon key="fpage">57</infon><infon key="lpage">97</infon><infon key="name_0">surname:Freeman;given-names:H.</infon><infon key="pub-id_doi">10.1145/356625.356627</infon><infon key="section_type">REF</infon><infon key="source">ACM Comput. Surv.</infon><infon key="type">ref</infon><infon key="volume">6</infon><infon key="year">1974</infon><offset>39462</offset><text>Computer processing of line-drawing images</text></passage><passage><infon key="fpage">748</infon><infon key="lpage">764</infon><infon key="name_0">surname:Fan;given-names:H.</infon><infon key="name_1">surname:Yang;given-names:B.</infon><infon key="name_2">surname:Zipf;given-names:A.</infon><infon key="name_3">surname:Rousell;given-names:A.</infon><infon key="pub-id_doi">10.1080/13658816.2015.1100732</infon><infon key="section_type">REF</infon><infon key="source">Int. J. Geogr. Inf. Sci.</infon><infon key="type">ref</infon><infon key="volume">30</infon><infon key="year">2016</infon><offset>39505</offset><text>A polygon-based approach for matching OpenStreetMap road networks with regional transit authority data</text></passage><passage><infon key="fpage">165</infon><infon key="lpage">174</infon><infon key="name_0">surname:Chrisman;given-names:N.R.</infon><infon key="section_type">REF</infon><infon key="source">Geogr. Inf. Syst.</infon><infon key="type">ref</infon><infon key="volume">1</infon><infon key="year">1991</infon><offset>39608</offset><text>The error component in spatial data</text></passage><passage><infon key="fpage">276</infon><infon key="lpage">301</infon><infon key="name_0">surname:Canavosio-Zuzelski;given-names:R.</infon><infon key="name_1">surname:Agouris;given-names:P.</infon><infon key="name_2">surname:Doucette;given-names:P.</infon><infon key="pub-id_doi">10.3390/ijgi2020276</infon><infon key="section_type">REF</infon><infon key="source">ISPRS Int. J. Geo Inf.</infon><infon key="type">ref</infon><infon key="volume">2</infon><infon key="year">2013</infon><offset>39644</offset><text>A photogrammetric approach for assessing positional accuracy of OpenStreetMap© roads</text></passage><passage><infon key="fpage">429</infon><infon key="lpage">433</infon><infon key="name_0">surname:Stanislawski;given-names:L.V.</infon><infon key="name_1">surname:Dewitt;given-names:B.A.</infon><infon key="name_2">surname:Shrestha;given-names:R.L.</infon><infon key="section_type">REF</infon><infon key="source">Photogramm. Eng. Remote Sens.</infon><infon key="type">ref</infon><infon key="volume">62</infon><infon key="year">1996</infon><offset>39730</offset><text>Estimating positional accuracy of data layers within a GIS through error propagation</text></passage><passage><infon key="elocation-id">2498</infon><infon key="name_0">surname:Mobasheri;given-names:A.</infon><infon key="pub-id_doi">10.3390/s17112498</infon><infon key="pub-id_pmid">29088125</infon><infon key="section_type">REF</infon><infon key="source">Sensors</infon><infon key="type">ref</infon><infon key="volume">17</infon><infon key="year">2017</infon><offset>39815</offset><text>A rule-based spatial reasoning approach for OpenStreetMap data quality enrichment; case study of routing and navigation</text></passage><passage><infon key="file">sensors-18-00509-g001.jpg</infon><infon key="id">sensors-18-00509-f001</infon><infon key="section_type">FIG</infon><infon key="type">fig_caption</infon><offset>39935</offset><text>Workflow of the methodology.</text></passage><passage><infon key="file">sensors-18-00509-g002.jpg</infon><infon key="id">sensors-18-00509-f002</infon><infon key="section_type">FIG</infon><infon key="type">fig_caption</infon><offset>39964</offset><text>The 12-direction chain code (a); and an example (b), adopted from.</text></passage><passage><infon key="file">sensors-18-00509-g003.jpg</infon><infon key="id">sensors-18-00509-f003</infon><infon key="section_type">FIG</infon><infon key="type">fig_caption</infon><offset>40031</offset><text>Part of Heidelberg old town where the experiment took place (map: © OpenStreetMap contributors).</text></passage><passage><infon key="file">sensors-18-00509-g004.jpg</infon><infon key="id">sensors-18-00509-f004</infon><infon key="section_type">FIG</infon><infon key="type">fig_caption</infon><offset>40129</offset><text>The navigation experiment: (a) a wheelchair user checking the navigation plan; (b) two GPS devices installed on wheelchair; and (c) GPS device worn by a user.</text></passage><passage><infon key="file">sensors-18-00509-g005.jpg</infon><infon key="id">sensors-18-00509-f005</infon><infon key="section_type">FIG</infon><infon key="type">fig_caption</infon><offset>40288</offset><text>Raw GPS data before preprocessing—1559 points, and 287 GPS points counted as noise (in red circles).</text></passage><passage><infon key="file">sensors-18-00509-g006.jpg</infon><infon key="id">sensors-18-00509-f006</infon><infon key="section_type">FIG</infon><infon key="type">fig_caption</infon><offset>40391</offset><text>GPS points that shape the geometry of sidewalks (dots are clustered points (512), and squares are candidate points (267)).</text></passage><passage><infon key="file">sensors-18-00509-g007.jpg</infon><infon key="id">sensors-18-00509-f007</infon><infon key="section_type">FIG</infon><infon key="type">fig_caption</infon><offset>40514</offset><text>Workflow for matching and comparison of OpenStreetMap and GPS dataset.</text></passage><passage><infon key="file">sensors-18-00509-g008.jpg</infon><infon key="id">sensors-18-00509-f008</infon><infon key="section_type">FIG</infon><infon key="type">fig_caption</infon><offset>40585</offset><text>The final selected significant points (123 points).</text></passage><passage><infon key="file">sensors-18-00509-g009.jpg</infon><infon key="id">sensors-18-00509-f009</infon><infon key="section_type">FIG</infon><infon key="type">fig_caption</infon><offset>40637</offset><text>Comparison of the original (black) and the enhanced (red) constructed sidewalk network.</text></passage><passage><infon key="file">sensors-18-00509-g010.jpg</infon><infon key="id">sensors-18-00509-f010</infon><infon key="section_type">FIG</infon><infon key="type">fig_caption</infon><offset>40725</offset><text>Results of visual inspection of sidewalk network with Google Maps (before applying the enhancement stage): (a) the overlaid sidewalk network for the whole experiment area; and (b–d) examples of positional inaccuracies.</text></passage><passage><infon key="file">sensors-18-00509-g011.jpg</infon><infon key="id">sensors-18-00509-f011</infon><infon key="section_type">FIG</infon><infon key="type">fig_caption</infon><offset>40946</offset><text>Results of visual inspection of sidewalk network with Google Maps (after applying the enhancement stage): (a–c) the same areas in Figure 10b–d, respectively.</text></passage><passage><infon key="file">sensors-18-00509-t001.xml</infon><infon key="id">sensors-18-00509-t001</infon><infon key="section_type">TABLE</infon><infon key="type">table_caption</infon><offset>41108</offset><text>Result of extrinsic quality analysis.</text></passage><passage><infon key="file">sensors-18-00509-t001.xml</infon><infon key="id">sensors-18-00509-t001</infon><infon key="section_type">TABLE</infon><infon key="type">table</infon><infon key="xml">&lt;?xml version=&quot;1.0&quot; encoding=&quot;UTF-8&quot;?&gt;
&lt;table frame=&quot;hsides&quot; rules=&quot;groups&quot;&gt;&lt;thead&gt;&lt;tr&gt;&lt;th colspan=&quot;2&quot; align=&quot;center&quot; valign=&quot;middle&quot; style=&quot;border-top:solid thin;border-bottom:solid thin&quot; rowspan=&quot;1&quot;&gt;Initial Experiment Results&lt;/th&gt;&lt;th colspan=&quot;2&quot; align=&quot;center&quot; valign=&quot;middle&quot; style=&quot;border-top:solid thin;border-bottom:solid thin&quot; rowspan=&quot;1&quot;&gt;Enhanced Results&lt;/th&gt;&lt;/tr&gt;&lt;tr&gt;&lt;th align=&quot;center&quot; valign=&quot;middle&quot; style=&quot;border-bottom:solid thin&quot; rowspan=&quot;1&quot; colspan=&quot;1&quot;&gt;Total Length Ratio&lt;/th&gt;&lt;th align=&quot;center&quot; valign=&quot;middle&quot; style=&quot;border-bottom:solid thin&quot; rowspan=&quot;1&quot; colspan=&quot;1&quot;&gt;RMSE (m)&lt;/th&gt;&lt;th align=&quot;center&quot; valign=&quot;middle&quot; style=&quot;border-bottom:solid thin&quot; rowspan=&quot;1&quot; colspan=&quot;1&quot;&gt;Total Length Ratio&lt;/th&gt;&lt;th align=&quot;center&quot; valign=&quot;middle&quot; style=&quot;border-bottom:solid thin&quot; rowspan=&quot;1&quot; colspan=&quot;1&quot;&gt;RMSE (m)&lt;/th&gt;&lt;/tr&gt;&lt;/thead&gt;&lt;tbody&gt;&lt;tr&gt;&lt;td align=&quot;center&quot; valign=&quot;middle&quot; style=&quot;border-bottom:solid thin&quot; rowspan=&quot;1&quot; colspan=&quot;1&quot;&gt;0.94&lt;/td&gt;&lt;td align=&quot;center&quot; valign=&quot;middle&quot; style=&quot;border-bottom:solid thin&quot; rowspan=&quot;1&quot; colspan=&quot;1&quot;&gt;3.2&lt;/td&gt;&lt;td align=&quot;center&quot; valign=&quot;middle&quot; style=&quot;border-bottom:solid thin&quot; rowspan=&quot;1&quot; colspan=&quot;1&quot;&gt;0.96&lt;/td&gt;&lt;td align=&quot;center&quot; valign=&quot;middle&quot; style=&quot;border-bottom:solid thin&quot; rowspan=&quot;1&quot; colspan=&quot;1&quot;&gt;0.93&lt;/td&gt;&lt;/tr&gt;&lt;/tbody&gt;&lt;/table&gt;
</infon><offset>41146</offset><text>Initial Experiment Results	Enhanced Results	 	Total Length Ratio	RMSE (m)	Total Length Ratio	RMSE (m)	 	0.94	3.2	0.96	0.93	 	</text></passage></document></collection>
