<?xml version="1.0" encoding="UTF-8"?>
<!DOCTYPE collection SYSTEM "BioC.dtd">
<collection><source>PMC</source><date>20210107</date><key>pmc.key</key><document><id>5815559</id><infon key="license">CC BY</infon><passage><infon key="alt-title">Staffieri et al.</infon><infon key="article-id_doi">10.1167/tvst.7.1.18</infon><infon key="article-id_pmc">5815559</infon><infon key="article-id_pmid">29464132</infon><infon key="article-id_publisher-id">TVST-17-0505</infon><infon key="article-id_sici">tvst-07-01-08</infon><infon key="elocation-id">18</infon><infon key="issue">1</infon><infon key="kwd">retinoblastoma leukocoria information-seeking behavior</infon><infon key="license">This work is licensed under a Creative Commons Attribution 4.0 International License.</infon><infon key="name_0">surname:Staffieri;given-names:Sandra E.</infon><infon key="name_1">surname:Kearns;given-names:Lisa S.</infon><infon key="name_2">surname:Sanfilippo;given-names:Paul G.</infon><infon key="name_3">surname:Craig;given-names:Jamie E.</infon><infon key="name_4">surname:Mackey;given-names:David A.</infon><infon key="name_5">surname:Hewitt;given-names:Alex W.</infon><infon key="section_type">TITLE</infon><infon key="type">front</infon><infon key="volume">7</infon><infon key="year">2018</infon><offset>0</offset><text>Crowd-sourced Ontology for Photoleukocoria: Identifying Common Internet Search Terms for a Potentially Important Pediatric Ophthalmic Sign</text></passage><passage><infon key="section_type">ABSTRACT</infon><infon key="type">abstract_title_1</infon><offset>139</offset><text>Purpose</text></passage><passage><infon key="section_type">ABSTRACT</infon><infon key="type">abstract</infon><offset>147</offset><text>Leukocoria is the most common presenting sign for pediatric eye disease including retinoblastoma and cataract, with worse outcomes if diagnosis is delayed. We investigated whether individuals could identify leukocoria in photographs (photoleukocoria) and examined their subsequent Internet search behavior.</text></passage><passage><infon key="section_type">ABSTRACT</infon><infon key="type">abstract_title_1</infon><offset>454</offset><text>Methods</text></passage><passage><infon key="section_type">ABSTRACT</infon><infon key="type">abstract</infon><offset>462</offset><text>Using a web-based questionnaire, in this cross-sectional study we invited adults aged over 18 years to view two photographs of a child with photoleukocoria, and then search the Internet to determine a possible diagnosis and action plan. The most commonly used search terms and websites accessed were recorded.</text></passage><passage><infon key="section_type">ABSTRACT</infon><infon key="type">abstract_title_1</infon><offset>772</offset><text>Results</text></passage><passage><infon key="section_type">ABSTRACT</infon><infon key="type">abstract</infon><offset>780</offset><text>The questionnaire was completed by 1639 individuals. Facebook advertisement was the most effective recruitment strategy. The mean age of all respondents was 38.95 ± 14.59 years (range, 18–83), 94% were female, and 59.3% had children. An abnormality in the images presented was identified by 1613 (98.4%) participants. The most commonly used search terms were: “white,” “pupil,” “photo,” and “eye” reaching a variety of appropriate websites or links to print or social media articles.</text></passage><passage><infon key="section_type">ABSTRACT</infon><infon key="type">abstract_title_1</infon><offset>1283</offset><text>Conclusions</text></passage><passage><infon key="section_type">ABSTRACT</infon><infon key="type">abstract</infon><offset>1295</offset><text>Different words or phrases were used to describe the same observation of photoleukocoria leading to a range of websites. Variations in the description of observed signs and search words influenced the sites reached, information obtained, and subsequent help-seeking intentions.</text></passage><passage><infon key="section_type">ABSTRACT</infon><infon key="type">abstract_title_1</infon><offset>1573</offset><text>Translational Relevance</text></passage><passage><infon key="section_type">ABSTRACT</infon><infon key="type">abstract</infon><offset>1597</offset><text>Identifying the most commonly used search terms for photoleukocoria is an important step for search engine optimization. Being directed to the most appropriate websites informing of the significance of photoleukocoria and the appropriate actions to take could improve delays in diagnosis of important pediatric eye disease such as retinoblastoma or cataract.</text></passage><passage><infon key="section_type">INTRO</infon><infon key="type">title_1</infon><offset>1956</offset><text>Introduction</text></passage><passage><infon key="section_type">INTRO</infon><infon key="type">paragraph</infon><offset>1969</offset><text>The ‘red reflex' occurs when unobstructed visible light enters the eye through the pupil, and is reflected back from the vascular layer of the eye. While a ‘red eye' may commonly appear in photographs, particularly when a flash is used, a white reflex or pupil (leukocoria) can be a sign of significant pediatric eye disease. Testing the red (Brückner) reflex has long been used as a screening tool in newborns and for postnatal eye examinations to detect the presence of any intraocular pathology that could compromise normal vision development, as well as detecting the presence of strabismus or anisometropia.</text></passage><passage><infon key="section_type">INTRO</infon><infon key="type">paragraph</infon><offset>2587</offset><text>Leukocoria can herald the presence of congenital cataract or retinoblastoma in children, and less frequently Coats' disease, retinal detachment, or persistent fetal vasculature. Early recognition of this clinical sign and prompt differential diagnosis, as well as treatment of its underlying cause, affords the child the best possible visual outcome. In the case of retinoblastoma, the most common pediatric intraocular neoplasm, early diagnosis can be life saving. Indeed, published reports of delayed diagnosis of retinoblastoma indicate that although parents are most likely the first to observe and report this finding, they are generally unaware that it is a sign of this potentially fatal disease.</text></passage><passage><infon key="section_type">INTRO</infon><infon key="type">paragraph</infon><offset>3291</offset><text>As the most common presenting sign for retinoblastoma leukocoria is often noticed by a child's caregiver in photographs (photoleukocoria) or simply by looking at the child. It may only be observed intermittently at different angles or lighting conditions, adding to the parents' delay in seeking medical advice. Leukocoria, however, can also result as an artefact of lighting or photographic angle—where light bounces off the optic nerve head or due to the type of camera used. In developed countries, more than 50% of retinoblastoma cases will present with leukocoria. In resource-poor settings, this statistic can reach as high as 80% or be as low as 30% when children are more likely to present with advanced, extraocular disease as the initial leukocoria has been missed or ignored. Educating caregivers about the importance of recognizing leukocoria early has been shown to significantly improve survival of children with retinoblastoma.</text></passage><passage><infon key="section_type">INTRO</infon><infon key="type">paragraph</infon><offset>4236</offset><text>The explosion of ready access to health information on the Internet is well recognized, and increasing at a rapid rate. The Pew Internet and American Life Project found that almost four of five individuals using the Internet to seek health-related information did so via a search engine. Further analysis confirmed that 28% of respondents indicated the information found on the Internet influenced their help-seeking behavior. eHealth literacy is defined as an individual seeking health-related information, being able to navigate the World Wide Web reliably and being directed to accurate, useful information to support their help-seeking decisions or behavior. It has also been demonstrated that eHealth illiteracy can result in delayed or self-treatment with the potential for poor outcomes. To ensure timely diagnosis and appropriate treatment, it is vital to develop credible and helpful information resources that incorporate the search terms people are most likely to use. The value and importance of accessible ophthalmic information on the Internet has been recognized with studies examining readability and quality of information in ophthalmology. Despite this, to date no published studies have investigated the search terms that might be used to initiate seeking health information for specific signs or symptoms of eye disease. However, developing the ontological relationship between the search words used and the websites reached must also be considered and it is even more imperative that this relationship be determined by the end-user. Crowd sourced ontology is an emerging technique for exploring and developing algorithms for biomedical ontology and its importance is paramount as more users seek health information on the World Wide Web.</text></passage><passage><infon key="section_type">INTRO</infon><infon key="type">paragraph</infon><offset>5995</offset><text>We investigated whether individuals from the general community could identify leukocoria in photographs (photoleukocoria) and if observed, how they used the Internet to seek further information. The aim of this project was to identify the most frequent free text search words that adults might use to seek further information using Internet search engines and to explore how this information would influence their help-seeking intentions.</text></passage><passage><infon key="section_type">METHODS</infon><infon key="type">title_1</infon><offset>6434</offset><text>Methods</text></passage><passage><infon key="section_type">METHODS</infon><infon key="type">paragraph</infon><offset>6442</offset><text>A focus group of five parents naïve to the potential significance of leukocoria were recruited from a Community Health Centre. With written, parental permission for the use of their child's images, we showed two photographic prompts of a child with photoleukocoria to the focus group (Fig. 1). Draft paper survey questions were constructed to explore the ability of adults to recognize the photoleukocoria, their level of concern, and their hypothetical help-seeking intention. The survey questions were iteratively modified for content and comprehension in response to the focus group feedback until saturation was reached.</text></passage><passage><infon key="file">i2164-2591-7-1-18-f01.jpg</infon><infon key="id">i2164-2591-7-1-18-f01</infon><infon key="section_type">FIG</infon><infon key="type">fig_caption</infon><offset>7068</offset><text>Images used in the online survey. Participants were informed that they had taken these photographs of a family member on separate occasions and then were asked to search the Internet for information about their observations.</text></passage><passage><infon key="section_type">METHODS</infon><infon key="type">paragraph</infon><offset>7293</offset><text>The paper survey was then developed as a web-based survey: www.checkthispicture.com for the collection of data for this project (Supplementary Methods S1). The study was approved by the Human Research Ethics Committee of the Royal Victorian Eye and Ear Hospital (HREC #13/1113HS) and adhered to the tenets of the Declaration of Helsinki.</text></passage><passage><infon key="section_type">METHODS</infon><infon key="type">paragraph</infon><offset>7631</offset><text>In this cross-sectional study, adults (≥18 years) were invited to complete the survey via posters and newsletters at Victorian community centers and libraries (Supplementary Methods S2). Due to a slower than anticipated response rate, a paid advertisement on social media (Facebook, Menlo Park, CA) inviting participation in the online survey was commissioned (Supplementary Methods S3). The advertisement was electronically restricted to Facebook users over the age of 18 years and no financial or other rewards were offered to encourage participation. Information about the study was provided, with consent implied when the participant elected to complete the online survey. Basic demographic data were collected including: age, sex, geographic location, parental status, and healthcare background.</text></passage><passage><infon key="section_type">METHODS</infon><infon key="type">paragraph</infon><offset>8434</offset><text>Participants were shown the same photographic prompts used in the focus groups (Fig. 1) and asked to indicate their concern and where they would go for advice. They were then invited to record their observations and search the Internet to ascertain more information. If the Internet search was conducted in the browser provided, the search words used and the resulting websites visited were recorded by the database. Following their Internet search, participants were required to suggest a possible diagnosis and indicate their help-seeking intention based on their findings. Data were collected and downloaded for analysis. Participants' suggested diagnoses were coded according to the following schema: 1 = retinoblastoma; 2 = leukocoria/any other cause of leukocoria (i.e., cataract/Coats' disease); 3 = any type of other eye disease; 4 = any disease; 5 = unknown/did not respond; 6 = camera/photography; 7 = nothing wrong.</text></passage><passage><infon key="section_type">METHODS</infon><infon key="type">paragraph</infon><offset>9361</offset><text>The primary outcome of this study was the identification of the most common search words participants used to seek information on the Internet when shown a photographic prompt of photoleukocoria. Secondary outcomes included the sites or webpages reached using these search words; the participants' ability to correctly consider photoleukocoria as a significant problem; participants' sources of advice pre- and post Internet search; and their help-seeking intentions following the knowledge gleaned from their search. Help-seeking intentions were classified as: ‘appropriate'—to seek professional advice within 1 day or week and ‘inappropriate'—to seek professional advice within 1 month, 1 year, or no response.</text></passage><passage><infon key="section_type">METHODS</infon><infon key="type">paragraph</infon><offset>10082</offset><text>To capitalize on the opportunity for community education, at the completion of the survey participants were provided with a link leading to important information about leukocoria.</text></passage><passage><infon key="section_type">METHODS</infon><infon key="type">paragraph</infon><offset>10262</offset><text>All statistical analyses were performed in R (version 3.3.2; The R Project for Statistical Computing, Vienna, Austria), and data are presented as the mean ± standard deviation unless otherwise indicated.</text></passage><passage><infon key="section_type">RESULTS</infon><infon key="type">title_1</infon><offset>10467</offset><text>Results</text></passage><passage><infon key="section_type">RESULTS</infon><infon key="type">title_2</infon><offset>10475</offset><text>Cohort Demographics</text></passage><passage><infon key="section_type">RESULTS</infon><infon key="type">paragraph</infon><offset>10495</offset><text>The demographic characteristics of the participants are shown in Table 1. A total of 1639 adults, of whom 94% (n = 1541) were female, participated in the survey. The mean age for the total cohort was 38.95 ± 14.59 (range, 18–83) years. Despite the disproportionate representation of females to males, their mean age in years was similar and not statistically significant.</text></passage><passage><infon key="file"></infon><infon key="id">i2164-2591-7-1-18-t01</infon><infon key="section_type">TABLE</infon><infon key="type">table_caption</infon><offset>10870</offset><text>Participant Characteristics and Demographics</text></passage><passage><infon key="section_type">RESULTS</infon><infon key="type">paragraph</infon><offset>10915</offset><text>A total of 1558 (95.1%) participants resided in Australia and 970 (59%) reported being parents. While 429 (26.2%) declared a background in health care, nursing was the most commonly cited profession (141/429; 32.9%). Facebook was the most effective recruitment strategy with 1481/1639 (90.4%) participants recruited through this medium.</text></passage><passage><infon key="section_type">RESULTS</infon><infon key="type">title_2</infon><offset>11252</offset><text>Most Commonly Used Search Terms for Photoleukocoria</text></passage><passage><infon key="section_type">RESULTS</infon><infon key="type">paragraph</infon><offset>11304</offset><text>Of all participants, 816 (49.8%) conducted a web search in the field provided, enabling their search words and subsequent websites reached to be recorded for analysis. These 816 participants conducted a total of 1111 searches, accessing 310 different web pages across 170 websites.</text></passage><passage><infon key="section_type">RESULTS</infon><infon key="type">paragraph</infon><offset>11586</offset><text>As shown in Table 2, the 10 most commonly used search words were the same for all sites reached as those for reaching the top 10 sites as shown in Table 3.</text></passage><passage><infon key="file"></infon><infon key="id">i2164-2591-7-1-18-t02</infon><infon key="section_type">TABLE</infon><infon key="type">table_caption</infon><offset>11742</offset><text>Top 10 Most Frequently Used Search Terms to Reach All Sites and the Top 10 Most Frequently Reached Sites as Shown in Table 3</text></passage><passage><infon key="file"></infon><infon key="id">i2164-2591-7-1-18-t03</infon><infon key="section_type">TABLE</infon><infon key="type">table_caption</infon><offset>11867</offset><text>Top 10 Websites Viewed by Participants During Web Search</text></passage><passage><infon key="section_type">RESULTS</infon><infon key="type">title_2</infon><offset>11924</offset><text>Most Frequently Reached Websites</text></passage><passage><infon key="section_type">RESULTS</infon><infon key="type">paragraph</infon><offset>11957</offset><text>The web-based survey was designed to capture and store responses, including search terms used and websites or landing pages visited. The top 10 websites reached following participant web searches are shown in Table 3. Notably, the top and third top sites are retinoblastoma-specific charitable organizations, while the second top-site is a hospital-based retinoblastoma-specific webpage.</text></passage><passage><infon key="section_type">RESULTS</infon><infon key="type">paragraph</infon><offset>12345</offset><text>Web-search behavior varied from one to nine searches, (mean of 1.36 ± 0.94). Single words were not used to describe the observations in the photographs, unless the word used was an actual diagnosis, such as cataract, glaucoma, or retinoblastoma. Instead, a number of words or phrases were used in combination (e.g. “white pupil in photo” or “camera flash in one eye only”) to search for information on the Internet.</text></passage><passage><infon key="section_type">RESULTS</infon><infon key="type">title_2</infon><offset>12770</offset><text>Recognizing Photoleukocoria as a Problem</text></passage><passage><infon key="section_type">RESULTS</infon><infon key="type">paragraph</infon><offset>12811</offset><text>Of the total participating cohort, 1613 (98.4%) noted a problem in the photographs (Fig. 1); however, only 1394 (85%) were concerned by this observation. Following their Internet search, either in the field provided or another tab, 747/1639 (45.6%) participants correctly identified retinoblastoma as the most likely diagnosis. A further 244 (15.1%) concluded other causes of leukocoria, such as Coats' disease or cataract, as the most likely cause of the photoleukocoria. However, despite their searches, 48/1639 (2.9%) participants still considered the observed abnormality was due to a photographic artefact and 10/1639 (0.6%) did not notice any problem in the photographs at all.</text></passage><passage><infon key="section_type">RESULTS</infon><infon key="type">title_2</infon><offset>13495</offset><text>Sources of Advice Pre- and Post Internet Search</text></passage><passage><infon key="section_type">RESULTS</infon><infon key="type">paragraph</infon><offset>13543</offset><text>A significant shift in the source of advice was observed before and after participants' Internet searches. The Internet or an eye health professional was the preferred source of advice prior to their search—598/1639 (36.5%) and 626/1639 (38.2%), respectively. However, following their searches, there was a marked shift to seeking advice from a general practitioner from only 185/1639 (11.3%) to 931/1639 (56.8%) (Fig. 2).</text></passage><passage><infon key="file">i2164-2591-7-1-18-f02.jpg</infon><infon key="id">i2164-2591-7-1-18-f02</infon><infon key="section_type">FIG</infon><infon key="type">fig_caption</infon><offset>13968</offset><text>Breakdown of provider sought for advice before or after the participant's Internet search.</text></passage><passage><infon key="section_type">RESULTS</infon><infon key="type">title_2</infon><offset>14059</offset><text>Help-Seeking Intentions Following Web Searches</text></passage><passage><infon key="section_type">RESULTS</infon><infon key="type">paragraph</infon><offset>14106</offset><text>The demographic profile of participants' help-seeking intentions according to their web search is shown in Table 4. There was no significant difference in help-seeking intention for sex; however, a statistically significant difference was found for older participants, participants with children, or participants who declared a background in healthcare.</text></passage><passage><infon key="file"></infon><infon key="id">i2164-2591-7-1-18-t04</infon><infon key="section_type">TABLE</infon><infon key="type">table_caption</infon><offset>14460</offset><text>Comparison of Demographic Profiles Between Participants With Appropriate or Inappropriate Help-Seeking Intentions (n = 1639)</text></passage><passage><infon key="section_type">RESULTS</infon><infon key="type">paragraph</infon><offset>14585</offset><text>The same top three search terms, “eye,” “photo,” and “white,” as shown in Table 2, were used by participants in both the appropriate and inappropriate help-seeking intention groups. Moreover, despite reaching a retinoblastoma-relevant site or page, 52 (6.4%) participants still indicated an inappropriate help-seeking intention despite reaching the same informative webpages 27 times, which included those listed in the top 10 pages or sites reached in Table 3.</text></passage><passage><infon key="section_type">DISCUSS</infon><infon key="type">title_1</infon><offset>15059</offset><text>Discussion</text></passage><passage><infon key="section_type">DISCUSS</infon><infon key="type">paragraph</infon><offset>15070</offset><text>This study identified the most commonly used search terms for photoleukocoria and the top websites reached by an adult, largely nonmedical, cohort. Most participants obtained sufficient information to suggest an appropriate help-seeking intention and determine the best source of advice. Pehora and co-workers suggest reliable, readily accessible web-based health formation will continue as a key consideration for healthcare providers, public health officers, and web content developers. Optimization of relevant websites with the search terms we identified could direct caregivers who observe photoleukocoria to seek advice sooner, possibly leading to earlier treatment and better outcomes particularly for children with retinoblastoma. The broad spectrum of commonly used search terms and phrases characterized in this study should be adopted by the known organizations and web-developers providing information on pediatric eye health. In particular the phrases searched by people with an inappropriate help-seeking intention should also be incorporated into the search engine optimization of these web-based patient resources.</text></passage><passage><infon key="section_type">DISCUSS</infon><infon key="type">paragraph</infon><offset>16201</offset><text>In common with other researchers we found that Facebook was the most effective recruitment method for this study. It is possible that participants who were already online (Facebook) and received the invitation to participate in the survey found it easier to do so in real time versus those who read about the study on a flier and then had to remember to log into the web-based survey at a later time.</text></passage><passage><infon key="section_type">DISCUSS</infon><infon key="type">paragraph</infon><offset>16602</offset><text>Consistent with the literature, we also had more female participants. While it could be hypothesized that the photograph of a child in the invitation to participate in the project may have attracted more mothers as the most common primary caregiver, only 60.2% of all females in this cohort had children.</text></passage><passage><infon key="section_type">DISCUSS</infon><infon key="type">paragraph</infon><offset>16907</offset><text>The moderately high rate of healthcare workers in this study sample was unexpected and may have biased the outcome, as it is presumed their knowledge and e-health literacy skills could be greater than the general population. While it is not known whether the healthcare workers recognized the signs of retinoblastoma in the photographic prompt before their web search, it is worth noting that the majority were able to decide on the appropriate help-seeking intention. Future studies could explore this further.</text></passage><passage><infon key="section_type">DISCUSS</infon><infon key="type">paragraph</infon><offset>17419</offset><text>Not all the searches were undertaken in the field provided, limiting the capture of the Internet search behavior of all participants. It is presumed however that participants whose search strategy could not be tracked also underwent a similar iterative process as has been described in qualitative analyses of online health information–seeking behavior. Interestingly, the most commonly used search terms of participants who determined the appropriate help-seeking intention as compared with those who did not were similar, as were the websites reached.</text></passage><passage><infon key="section_type">DISCUSS</infon><infon key="type">paragraph</infon><offset>17975</offset><text>It is not clear why participants whose searches could be tracked disregarded the photoleukocoria as an artefact or were happy with an inappropriate help-seeking intention despite reading information regarding the potential cause of leukocoria. It is possible that with the frequent use of smartphones for photographs and the resulting increased observation of leukocoria as an artefact, the public may have become desensitized to its appearance and less likely to be concerned when it is observed. Additionally, leukocoria seen in dim lighting or ‘tapetum lucidum' is a commonly observed phenomenon in animals, and this may further desensitize the public to this important sign. Moreover, the use of technology to remove ‘red eye' in photographs delaying the diagnosis of retinoblastoma has been reported in the literature, suggesting abnormal looking pupils may be considered less of a sign of potential eye disease and more an inconvenience. Furthermore, the terminology used by the participants to describe their observations in their Internet search may have positively or negatively impacted on the resulting landing page reached, and their subsequent help-seeking intention.</text></passage><passage><infon key="section_type">DISCUSS</infon><infon key="type">paragraph</infon><offset>19160</offset><text>In our study, the majority of websites reached were hospital or organization based. With the unregulated availability of health information on the Internet, credibility of such information is brought into question. Indeed, studies have identified trustworthiness of web-based information as important to the reader and that information found on hospital or organization based websites as the most trusted source. However, while information written by non–health professionals was more likely to be recognized as less reliable, articles in the media recounting personal stories of a diagnosis of retinoblastoma in our study were also reached, providing information regarding the potential significance of photoleukocoria. It is worth noting, however, that while media articles can be helpful, their lifespan on the Internet may be limited as they are often archived relatively quickly. Many sites reached by the participants are no longer active in their current state and thus highlight the importance of sustainable websites with relevant information.</text></passage><passage><infon key="section_type">DISCUSS</infon><infon key="type">paragraph</infon><offset>20215</offset><text>The Question-Behaviour Effect is the phenomenon, whereby an individual, simply being asked a question, changes their behavior. Thus, we cannot know whether the participants would have noted the abnormal findings in the photographs if they were not prompted to do so. Indeed, Abdolvahabi's retrospective review of a vast bank of photographs of nine children with a subsequent diagnosis of retinoblastoma demonstrated the presence of photoleukocoria well before the parent observed the sign and was prompted to seek attention.</text></passage><passage><infon key="section_type">DISCUSS</infon><infon key="type">paragraph</infon><offset>20740</offset><text>As previously reported in the literature, the Internet was the most commonly cited source of health information for this cohort. Nonetheless, it was noteworthy that following participants' Internet searches, help-seeking intentions changed from an eye care provider to a general practitioner. We are unclear as to the underlying reason for this, though postulate it could reflect the advice provided at the websites visited. It is possible participants responded to the likely suggestion at these sites to seek further advice from their primary health care provider or general practitioner.</text></passage><passage><infon key="section_type">DISCUSS</infon><infon key="type">paragraph</infon><offset>21331</offset><text>There are several limitations in our study. Although we collected sex, parental status, and occupation, educational attainment was not recorded. This may have provided further insight into the demographic of Internet users and their search behaviors for health information. In addition, while participants' source of health information prior to their web search was recorded, the time period in which they would seek information or advice was not. This could have provided further evidence that the information gleaned from their web search had some impact on their help-seeking intentions, not just the source of advice.</text></passage><passage><infon key="section_type">DISCUSS</infon><infon key="type">paragraph</infon><offset>21953</offset><text>Given the search words and resulting sites could be recorded for only 49.8% (816/1639) participants, it is possible, that some participants may have undertaken their web search in another browser. Similarly, participant Internet Protocol addresses were not recorded; however, given the majority of participants responded to the random appearance of a Facebook advertisement, it is unlikely that participants completed the survey more than once.</text></passage><passage><infon key="section_type">DISCUSS</infon><infon key="type">paragraph</infon><offset>22398</offset><text>Future qualitative research could expand on this work to better understand an individual's process of searching the Internet to contribute to the development of useful and informative websites for health information. Furthermore, this study has only considered search words for the English language. Identifying the search terms for the observation of photoleukocoria in other languages could further expand the benefits of optimizing search words to lead to useful, reliable, and informative websites.</text></passage><passage><infon key="section_type">DISCUSS</infon><infon key="type">paragraph</infon><offset>22901</offset><text>With rapid advances in the digital age, there is an increasing reliance on the Internet as an initial source of medical information. Identifying the most commonly used search terms for photoleukocoria is an important step to ontology development to optimize reliable sites accessed with useful information and assist the individual to make an informed and appropriate choice for seeking further medical advice. Variations in an individual's description of observed signs and search words used to seek information could influence the site reached, the information obtained, and their subsequent help-seeking intention.</text></passage><passage><infon key="section_type">SUPPL</infon><infon key="type">title_1</infon><offset>23519</offset><text>Supplementary Material</text></passage><passage><infon key="section_type">REF</infon><infon key="type">title</infon><offset>23542</offset><text>References</text></passage><passage><infon key="fpage">137</infon><infon key="lpage">140</infon><infon key="name_0">surname:McLaughlin;given-names:C LA</infon><infon key="pub-id_pmid">16481935</infon><infon key="section_type">REF</infon><infon key="source">Pediatr Emerg Care</infon><infon key="type">ref</infon><infon key="volume">22</infon><infon key="year">2006</infon><offset>23553</offset><text>The red reflex</text></passage><passage><infon key="fpage">163</infon><infon key="lpage">164</infon><infon key="name_0">surname:Yazgan;given-names:H</infon><infon key="name_1">surname:Yildirim;given-names:A</infon><infon key="name_2">surname:Keleş;given-names:E</infon><infon key="section_type">REF</infon><infon key="source">Turk Arch Ped</infon><infon key="type">ref</infon><infon key="volume">47</infon><infon key="year">2012</infon><offset>23568</offset><text>Assessing the effectiveness of the red reflex test (Brückner) in early diagnosis of congenital eye disorders</text></passage><passage><infon key="fpage">F264</infon><infon key="lpage">F269</infon><infon key="name_0">surname:Wan;given-names:MJ</infon><infon key="name_1">surname:VanderVeen;given-names:DK</infon><infon key="pub-id_pmid">25395469</infon><infon key="section_type">REF</infon><infon key="source">Arch Dis Child Fetal Neonatal Ed</infon><infon key="type">ref</infon><infon key="volume">100</infon><infon key="year">2015</infon><offset>23678</offset><text>Eye disorders in newborn infants (excluding retinopathy of prematurity)</text></passage><passage><infon key="fpage">1401</infon><infon key="lpage">1404</infon><infon key="pub-id_pmid">19047263</infon><infon key="section_type">REF</infon><infon key="source">Pediatrics</infon><infon key="type">ref</infon><infon key="volume">122</infon><infon key="year">2008</infon><offset>23750</offset><text>Red reflex examination in neonates, infants, and children</text></passage><passage><infon key="fpage">131</infon><infon key="lpage">135</infon><infon key="name_0">surname:Amitava;given-names:AK</infon><infon key="name_1">surname:Kewlani;given-names:D</infon><infon key="name_2">surname:Khan;given-names:Z</infon><infon key="name_3">surname:Razzak;given-names:A</infon><infon key="pub-id_pmid">21120049</infon><infon key="section_type">REF</infon><infon key="source">Oman J Ophthalmol</infon><infon key="type">ref</infon><infon key="volume">3</infon><infon key="year">2010</infon><offset>23808</offset><text>Assessment of a modification of Brückner's test as a screening modality for anisometropia and strabismus</text></passage><passage><infon key="fpage">179</infon><infon key="lpage">180</infon><infon key="name_0">surname:Haider;given-names:S</infon><infon key="name_1">surname:Qureshi;given-names:W</infon><infon key="name_2">surname:Ali;given-names:A</infon><infon key="pub-id_pmid">18524199</infon><infon key="section_type">REF</infon><infon key="source">J Pediatr Ophthalmol Strabismus</infon><infon key="type">ref</infon><infon key="volume">45</infon><infon key="year">2008</infon><offset>23914</offset><text>Leukocoria in children</text></passage><passage><infon key="fpage">199</infon><infon key="lpage">205</infon><infon key="name_0">surname:Maki;given-names:JL</infon><infon key="name_1">surname:Marr;given-names:BP</infon><infon key="name_2">surname:Abramson;given-names:DH</infon><infon key="pub-id_pmid">19852578</infon><infon key="section_type">REF</infon><infon key="source">Ophthalmic Genet</infon><infon key="type">ref</infon><infon key="volume">30</infon><infon key="year">2009</infon><offset>23937</offset><text>Diagnosis of retinoblastoma: how good are referring physicians?</text></passage><passage><infon key="fpage">1301</infon><infon key="issue">10</infon><infon key="lpage">1309</infon><infon key="name_0">surname:Lloyd;given-names:IC</infon><infon key="name_1">surname:Ashworth;given-names:J</infon><infon key="name_2">surname:Biswas;given-names:S</infon><infon key="name_3">surname:Abadi;given-names:RV</infon><infon key="pub-id_pmid">17914433</infon><infon key="section_type">REF</infon><infon key="source">Eye (Lond)</infon><infon key="type">ref</infon><infon key="volume">21</infon><infon key="year">2007</infon><offset>24001</offset><text>Advances in the management of congenital and infantile cataract</text></passage><passage><infon key="fpage">165</infon><infon key="lpage">167</infon><infon key="name_0">surname:Taylor;given-names:D</infon><infon key="name_1">surname:Rice;given-names:NS</infon><infon key="pub-id_pmid">7073296</infon><infon key="section_type">REF</infon><infon key="source">Arch Dis Child</infon><infon key="type">ref</infon><infon key="volume">57</infon><infon key="year">1982</infon><offset>24065</offset><text>Congenital cataract, a cause of preventable child blindness</text></passage><passage><infon key="fpage">875</infon><infon key="lpage">878</infon><infon key="name_0">surname:Imhof;given-names:SM</infon><infon key="name_1">surname:Moll;given-names:AC</infon><infon key="name_2">surname:Schouten-van Meeteren;given-names:AY</infon><infon key="pub-id_pmid">16613925</infon><infon key="section_type">REF</infon><infon key="source">Br J Ophthalmol</infon><infon key="type">ref</infon><infon key="volume">90</infon><infon key="year">2006</infon><offset>24125</offset><text>Stage of presentation and visual outcome of patients screened for familial retinoblastoma: nationwide registration in the Netherlands</text></passage><passage><infon key="fpage">1320</infon><infon key="lpage">1323</infon><infon key="name_0">surname:Goddard;given-names:AG</infon><infon key="name_1">surname:Kingston;given-names:JE</infon><infon key="name_2">surname:Hungerford;given-names:JL</infon><infon key="pub-id_pmid">10574806</infon><infon key="section_type">REF</infon><infon key="source">Br J Ophthalmol</infon><infon key="type">ref</infon><infon key="volume">83</infon><infon key="year">1999</infon><offset>24259</offset><text>Delay in diagnosis of retinoblastoma: risk factors and treatment outcome</text></passage><passage><infon key="fpage">1143</infon><infon key="lpage">1147</infon><infon key="name_0">surname:Mahoney;given-names:MC</infon><infon key="name_1">surname:Burnett;given-names:WS</infon><infon key="name_2">surname:Majerovics;given-names:A</infon><infon key="name_3">surname:Tanenbaum;given-names:H</infon><infon key="pub-id_pmid">2234844</infon><infon key="section_type">REF</infon><infon key="source">Ophthalmology</infon><infon key="type">ref</infon><infon key="volume">97</infon><infon key="year">1990</infon><offset>24332</offset><text>The epidemiology of ophthalmic malignancies in New York State</text></passage><passage><infon key="fpage">E45</infon><infon key="name_0">surname:Butros;given-names:LJ</infon><infon key="name_1">surname:Abramson;given-names:DH</infon><infon key="name_2">surname:Dunkel;given-names:IJ</infon><infon key="pub-id_pmid">11875173</infon><infon key="section_type">REF</infon><infon key="source">Pediatrics</infon><infon key="type">ref</infon><infon key="volume">109</infon><infon key="year">2002</infon><offset>24394</offset><text>Delayed diagnosis of retinoblastoma: analysis of degree, cause, and potential consequences</text></passage><passage><infon key="fpage">17</infon><infon key="lpage">20</infon><infon key="name_0">surname:Ellsworth;given-names:RM</infon><infon key="pub-id_pmid">5796562</infon><infon key="section_type">REF</infon><infon key="source">Sight Sav Rev</infon><infon key="type">ref</infon><infon key="volume">39</infon><infon key="year">1969</infon><offset>24485</offset><text>Hereditary and preventive aspects of retinoblastoma</text></passage><passage><infon key="fpage">45</infon><infon key="lpage">51</infon><infon key="name_0">surname:De Sutter;given-names:E</infon><infon key="name_1">surname:Hoepping;given-names:W</infon><infon key="section_type">REF</infon><infon key="source">Bull Soc Belge Ophtalmol</infon><infon key="type">ref</infon><infon key="year">1983</infon><offset>24537</offset><text>First symptoms in retinoblastoma</text></passage><passage><infon key="fpage">505</infon><infon key="issue">3 I</infon><infon key="lpage">508</infon><infon key="name_0">surname:Abramson;given-names:DH</infon><infon key="name_1">surname:Frank;given-names:CM</infon><infon key="name_2">surname:Susman;given-names:M</infon><infon key="pub-id_pmid">9544909</infon><infon key="section_type">REF</infon><infon key="source">J Pediatr</infon><infon key="type">ref</infon><infon key="volume">132</infon><infon key="year">1998</infon><offset>24570</offset><text>Presenting signs of retinoblastoma</text></passage><passage><infon key="fpage">1248</infon><infon key="issue">6 Pt 1</infon><infon key="lpage">1255</infon><infon key="name_0">surname:Abramson;given-names:DH</infon><infon key="name_1">surname:Beaverson;given-names:K</infon><infon key="name_2">surname:Sangani;given-names:P</infon><infon key="pub-id_pmid">14654593</infon><infon key="section_type">REF</infon><infon key="source">Pediatrics</infon><infon key="type">ref</infon><infon key="volume">112</infon><infon key="year">2003</infon><offset>24605</offset><text>Screening for retinoblastoma: presenting signs as prognosticators of patient and ocular survival</text></passage><passage><infon key="fpage">102</infon><infon key="lpage">107</infon><infon key="name_0">surname:Arbetman;given-names:A</infon><infon key="name_1">surname:Abdala;given-names:M</infon><infon key="name_2">surname:Fandino;given-names:A</infon><infon key="pub-id_pmid">10530971</infon><infon key="section_type">REF</infon><infon key="source">J AAPOS</infon><infon key="type">ref</infon><infon key="volume">2</infon><infon key="year">1998</infon><offset>24702</offset><text>Clinical, cytogenetic, and molecular testing of Argentine patients with retinoblastoma</text></passage><passage><infon key="fpage">e76677</infon><infon key="name_0">surname:Abdolvahabi;given-names:A</infon><infon key="name_1">surname:Taylor;given-names:BW</infon><infon key="name_2">surname:Holden;given-names:RL</infon><infon key="pub-id_pmid">24204654</infon><infon key="section_type">REF</infon><infon key="source">PLoS One</infon><infon key="type">ref</infon><infon key="volume">8</infon><infon key="year">2013</infon><offset>24789</offset><text>Colorimetric and longitudinal analysis of leukocoria in recreational photographs of children with retinoblastoma</text></passage><passage><infon key="fpage">406</infon><infon key="lpage">411</infon><infon key="name_0">surname:Al-Nawaiseh;given-names:I</infon><infon key="name_1">surname:Jammal;given-names:HM</infon><infon key="name_2">surname:Khader;given-names:YS</infon><infon key="pub-id_pmid">25317653</infon><infon key="section_type">REF</infon><infon key="source">Ophthalmic Epidemiol</infon><infon key="type">ref</infon><infon key="volume">21</infon><infon key="year">2014</infon><offset>24902</offset><text>Retinoblastoma in Jordan, 2003–2013: ocular survival and associated factors</text></passage><passage><infon key="fpage">731</infon><infon key="lpage">732</infon><infon key="name_0">surname:Haik;given-names:BG</infon><infon key="name_1">surname:Siedlecki;given-names:A</infon><infon key="name_2">surname:Ellsworth;given-names:RM</infon><infon key="name_3">surname:Sturgis-Buckhout;given-names:L</infon><infon key="pub-id_pmid">4083666</infon><infon key="section_type">REF</infon><infon key="source">Ann Ophthalmol</infon><infon key="type">ref</infon><infon key="volume">17</infon><infon key="year">1985</infon><offset>24980</offset><text>Documented delays in the diagnosis of retinoblastoma</text></passage><passage><infon key="fpage">784</infon><infon key="lpage">792</infon><infon key="name_0">surname:Ramirez-Ortiz;given-names:MA</infon><infon key="name_1">surname:Ponce-Castaneda;given-names:MV</infon><infon key="name_2">surname:Cabrera-Munoz;given-names:ML</infon><infon key="pub-id_pmid">24521997</infon><infon key="section_type">REF</infon><infon key="source">Cancer Epidemiol Biomarkers Prev</infon><infon key="type">ref</infon><infon key="volume">23</infon><infon key="year">2014</infon><offset>25033</offset><text>Diagnostic delay and sociodemographic predictors of stage at diagnosis and mortality in unilateral and bilateral retinoblastoma</text></passage><passage><infon key="fpage">386</infon><infon key="lpage">389</infon><infon key="name_0">surname:Badhu;given-names:B</infon><infon key="name_1">surname:Sah;given-names:SP</infon><infon key="name_2">surname:Thakur;given-names:SK</infon><infon key="pub-id_pmid">16033351</infon><infon key="section_type">REF</infon><infon key="source">Clin Exp Ophthalmol</infon><infon key="type">ref</infon><infon key="volume">33</infon><infon key="year">2005</infon><offset>25161</offset><text>Clinical presentation of retinoblastoma in Eastern Nepal</text></passage><passage><infon key="fpage">817</infon><infon key="lpage">819</infon><infon key="name_0">surname:Leander;given-names:C</infon><infon key="name_1">surname:Fu;given-names:LC</infon><infon key="name_2">surname:Pena;given-names:A</infon><infon key="pub-id_pmid">17009236</infon><infon key="section_type">REF</infon><infon key="source">Pediatr Blood Cancer</infon><infon key="type">ref</infon><infon key="volume">49</infon><infon key="year">2007</infon><offset>25218</offset><text>Impact of an education program on late diagnosis of retinoblastoma in Honduras</text></passage><passage><infon key="comment">Available at: www.pewinternet.org/∼/media//Files/Reports/2006/PIP_Online_Health_2006.pdf.pdf. Accessed March 3, 2013.</infon><infon key="name_0">surname:Fox;given-names:S</infon><infon key="section_type">REF</infon><infon key="source">2006 Pew Internet and American Life Project</infon><infon key="type">ref</infon><infon key="year">2006</infon><offset>25297</offset></passage><passage><infon key="comment">Available at: http://www.pewinternet.org/2013/01/15/health-online-2013/. Accessed March 10, 2016.</infon><infon key="name_0">surname:Fox;given-names:S</infon><infon key="section_type">REF</infon><infon key="source">Pew Internet and American Life Project (2000a)</infon><infon key="type">ref</infon><infon key="year">2013</infon><offset>25298</offset><text>The Online Health Care Revolution: How the Web helps Americans take Better Care of Themselves</text></passage><passage><infon key="fpage">e9</infon><infon key="name_0">surname:Norman;given-names:CD</infon><infon key="name_1">surname:Skinner;given-names:HA</infon><infon key="pub-id_pmid">16867972</infon><infon key="section_type">REF</infon><infon key="source">J Med Internet Res</infon><infon key="type">ref</infon><infon key="volume">8</infon><infon key="year">2006</infon><offset>25392</offset><text>eHealth literacy: essential skills for consumer health in a networked world</text></passage><passage><infon key="fpage">e19</infon><infon key="name_0">surname:Silver;given-names:MP</infon><infon key="pub-id_pmid">25586865</infon><infon key="section_type">REF</infon><infon key="source">J Med Internet Res</infon><infon key="type">ref</infon><infon key="volume">17</infon><infon key="year">2015</infon><offset>25468</offset><text>Patient perspectives on online health information and communication with doctors: a qualitative study of patients 50 years old and over</text></passage><passage><infon key="fpage">1610</infon><infon key="lpage">1616</infon><infon key="name_0">surname:Edmunds;given-names:MR</infon><infon key="name_1">surname:Barry;given-names:RJ</infon><infon key="name_2">surname:Denniston;given-names:AK</infon><infon key="pub-id_pmid">24178035</infon><infon key="section_type">REF</infon><infon key="source">JAMA Ophthalmol</infon><infon key="type">ref</infon><infon key="volume">131</infon><infon key="year">2013</infon><offset>25604</offset><text>Readability assessment of online ophthalmic patient information</text></passage><passage><infon key="fpage">420</infon><infon key="name_0">surname:Nicholson;given-names:L</infon><infon key="name_1">surname:Palmer;given-names:V</infon><infon key="name_2">surname:Jones;given-names:R</infon><infon key="name_3">surname:Jewsbury;given-names:H</infon><infon key="pub-id_pmid">24344225</infon><infon key="section_type">REF</infon><infon key="source">Br J Ophthalmol</infon><infon key="type">ref</infon><infon key="volume">98</infon><infon key="year">2014</infon><offset>25668</offset><text>Quality of internet-derived information on common ophthalmic conditions</text></passage><passage><infon key="fpage">640</infon><infon key="lpage">648</infon><infon key="name_0">surname:Mortensen;given-names:JM</infon><infon key="name_1">surname:Minty;given-names:EP</infon><infon key="name_2">surname:Januszyk;given-names:M</infon><infon key="pub-id_pmid">25342179</infon><infon key="section_type">REF</infon><infon key="source">J Am Med Inform Assoc</infon><infon key="type">ref</infon><infon key="volume">22</infon><infon key="year">2015</infon><offset>25740</offset><text>Using the wisdom of the crowds to find critical errors in biomedical ontologies: a study of SNOMED CT</text></passage><passage><infon key="fpage">e12</infon><infon key="name_0">surname:Pehora;given-names:C</infon><infon key="name_1">surname:Gajaria;given-names:N</infon><infon key="name_2">surname:Stoute;given-names:M</infon><infon key="pub-id_pmid">26099207</infon><infon key="section_type">REF</infon><infon key="source">Interact J Med Res</infon><infon key="type">ref</infon><infon key="volume">4</infon><infon key="year">2015</infon><offset>25842</offset><text>Are parents getting it right? A survey of parents' internet use for children's health care information</text></passage><passage><infon key="fpage">e20</infon><infon key="name_0">surname:Fenner;given-names:Y</infon><infon key="name_1">surname:Garland;given-names:SM</infon><infon key="name_2">surname:Moore;given-names:EE</infon><infon key="pub-id_pmid">22297093</infon><infon key="section_type">REF</infon><infon key="source">J Med Internet Res</infon><infon key="type">ref</infon><infon key="volume">14</infon><infon key="year">2012</infon><offset>25945</offset><text>Web-based recruiting for health research using a social networking site: an exploratory study</text></passage><passage><infon key="fpage">e243</infon><infon key="name_0">surname:Valdez;given-names:RS</infon><infon key="name_1">surname:Guterbock;given-names:TM</infon><infon key="name_2">surname:Thompson;given-names:MJ</infon><infon key="pub-id_pmid">25348050</infon><infon key="section_type">REF</infon><infon key="source">J Med Internet Res</infon><infon key="type">ref</infon><infon key="volume">16</infon><infon key="year">2014</infon><offset>26039</offset><text>Beyond traditional advertisements: leveraging Facebook's social structures for research recruitment</text></passage><passage><infon key="fpage">e4</infon><infon key="name_0">surname:Atkinson;given-names:NL</infon><infon key="name_1">surname:Saperstein;given-names:SL</infon><infon key="name_2">surname:Pleis;given-names:J</infon><infon key="pub-id_pmid">19275980</infon><infon key="section_type">REF</infon><infon key="source">J Med Internet Res</infon><infon key="type">ref</infon><infon key="volume">11</infon><infon key="year">2009</infon><offset>26139</offset><text>Using the Internet for health-related activities: findings from a national probability sample</text></passage><passage><infon key="fpage">31</infon><infon key="name_0">surname:Nölke;given-names:L</infon><infon key="name_1">surname:Mensing;given-names:M</infon><infon key="name_2">surname:Krämer;given-names:A</infon><infon key="name_3">surname:Hornberg;given-names:C</infon><infon key="pub-id_pmid">25631456</infon><infon key="section_type">REF</infon><infon key="source">BMC Public Health</infon><infon key="type">ref</infon><infon key="volume">15</infon><infon key="year">2015</infon><offset>26233</offset><text>Sociodemographic and health-(care-) related characteristics of online health information seekers: a cross-sectional German study</text></passage><passage><infon key="fpage">39</infon><infon key="lpage">45</infon><infon key="name_0">surname:Schwartz;given-names:KL</infon><infon key="name_1">surname:Roe;given-names:T</infon><infon key="name_2">surname:Northrup;given-names:J</infon><infon key="pub-id_pmid">16492004</infon><infon key="section_type">REF</infon><infon key="source">J Am Board Fam Med</infon><infon key="type">ref</infon><infon key="volume">19</infon><infon key="year">2006</infon><offset>26362</offset><text>Family medicine patients' use of the internet for health information: a MetroNet study</text></passage><passage><infon key="fpage">e224</infon><infon key="name_0">surname:Fiksdal;given-names:AS</infon><infon key="name_1">surname:Kumbamu;given-names:A</infon><infon key="name_2">surname:Jadhav;given-names:AS</infon><infon key="pub-id_pmid">25348028</infon><infon key="section_type">REF</infon><infon key="source">J Med Internet Res</infon><infon key="type">ref</infon><infon key="volume">16</infon><infon key="year">2014</infon><offset>26449</offset><text>Evaluating the process of online health information searching: a qualitative approach to exploring consumer perspectives</text></passage><passage><infon key="fpage">11</infon><infon key="issue">1</infon><infon key="lpage">22</infon><infon key="name_0">surname:Ollivier;given-names:FJ</infon><infon key="name_1">surname:Samuelson;given-names:DA</infon><infon key="name_2">surname:Brooks;given-names:DE</infon><infon key="pub-id_pmid">14738502</infon><infon key="section_type">REF</infon><infon key="source">Vet Ophthalmol</infon><infon key="type">ref</infon><infon key="volume">7</infon><infon key="year">2004</infon><offset>26570</offset><text>Comparative morphology of the tapetum lucidum (among selected species)</text></passage><passage><infon key="fpage">2465</infon><infon key="name_0">surname:Murphy;given-names:D</infon><infon key="name_1">surname:Bishop;given-names:H</infon><infon key="name_2">surname:Edgar;given-names:A</infon><infon key="pub-id_pmid">22445238</infon><infon key="section_type">REF</infon><infon key="source">Lancet</infon><infon key="type">ref</infon><infon key="volume">379</infon><infon key="year">2012</infon><offset>26641</offset><text>Leukocoria and retinoblastoma-pitfalls of the digital age?</text></passage><passage><infon key="fpage">128</infon><infon key="lpage">137</infon><infon key="name_0">surname:Sprott;given-names:DE</infon><infon key="name_1">surname:Spangenberg;given-names:ER</infon><infon key="name_2">surname:Block;given-names:LG</infon><infon key="name_3">surname:Fitzsimons;given-names:GJ</infon><infon key="name_4">surname:Morwitz;given-names:VG</infon><infon key="name_5">surname:Williams;given-names:P</infon><infon key="section_type">REF</infon><infon key="source">Social Influence</infon><infon key="type">ref</infon><infon key="volume">1</infon><infon key="year">2006</infon><offset>26700</offset><text>The question-behaviour effect: what we know and where we go from here</text></passage><passage><infon key="fpage">859</infon><infon key="lpage">860</infon><infon key="name_0">surname:Hesse;given-names:BW</infon><infon key="name_1">surname:Moser;given-names:RP</infon><infon key="name_2">surname:Rutten;given-names:LJ</infon><infon key="pub-id_pmid">20200398</infon><infon key="section_type">REF</infon><infon key="source">N Engl J Med</infon><infon key="type">ref</infon><infon key="volume">362</infon><infon key="year">2010</infon><offset>26770</offset><text>Surveys of physicians and electronic health information</text></passage></document></collection>
