<?xml version="1.0" encoding="UTF-8"?>
<!DOCTYPE collection SYSTEM "BioC.dtd">
<collection><source>PMC</source><date>20210111</date><key>pmc.key</key><document><id>6309781</id><infon key="license">author_manuscript</infon><passage><infon key="article-id_doi">10.1080/00952990.2018.1436178</infon><infon key="article-id_manuscript">NIHMS1512546</infon><infon key="article-id_pmc">6309781</infon><infon key="article-id_pmid">29513622</infon><infon key="fpage">587</infon><infon key="issue">6</infon><infon key="kwd">perception aggression acute alcohol crowdsourcing Mechanical Turk</infon><infon key="license">
          This file is available for text mining. It may also be used consistent with the principles of fair use under the copyright law.
        </infon><infon key="lpage">594</infon><infon key="name_0">surname:Crane;given-names:Cory A.</infon><infon key="section_type">TITLE</infon><infon key="type">front</infon><infon key="volume">44</infon><infon key="year">2019</infon><offset>0</offset><text>Crowdsourcing as a Method for Collecting Data Pertaining to the Effects of Alcohol on Perceptions of Partner Aggression</text></passage><passage><infon key="section_type">ABSTRACT</infon><infon key="type">abstract_title_1</infon><offset>120</offset><text>Background:</text></passage><passage><infon key="section_type">ABSTRACT</infon><infon key="type">abstract</infon><offset>132</offset><text>Efforts designed to investigate the effects of recent alcohol use on the perception of intimate partner aggression have been stultified by significant financial and logistical barriers which warrant the development of supplemental research methods that may result in more prolific investigation of the phenomenon.</text></passage><passage><infon key="section_type">ABSTRACT</infon><infon key="type">abstract_title_1</infon><offset>446</offset><text>Objectives:</text></passage><passage><infon key="section_type">ABSTRACT</infon><infon key="type">abstract</infon><offset>458</offset><text>The current study explored the viability of using online crowdsourcing to assess the effects of recent alcohol use on the perception of partner aggression.</text></passage><passage><infon key="section_type">ABSTRACT</infon><infon key="type">abstract_title_1</infon><offset>614</offset><text>Method:</text></passage><passage><infon key="section_type">ABSTRACT</infon><infon key="type">abstract</infon><offset>622</offset><text>Mechanical Turk was used to recruit a convenience sample of 60 males who were asked to provide information on their own use of partner aggression, their most recent episode of alcohol use, and their perception of the behaviors and characters depicted in a written partner aggression vignette. Data were evaluated using five separate hierarchical multiple regression models predicting participant perception.</text></passage><passage><infon key="section_type">ABSTRACT</infon><infon key="type">abstract_title_1</infon><offset>1030</offset><text>Results:</text></passage><passage><infon key="section_type">ABSTRACT</infon><infon key="type">abstract</infon><offset>1039</offset><text>Analyses revealed that 35% of the sample had used partner aggression in the past year and that 22% of the sample had consumed alcohol in the past day. Nonviolent participants perceived the aggressor and the behavior more negatively than partner violent participants. Some indicators revealed that recent alcohol use was associated with more positive perceptions of partner aggression.</text></passage><passage><infon key="section_type">ABSTRACT</infon><infon key="type">abstract_title_1</infon><offset>1424</offset><text>Conclusion:</text></passage><passage><infon key="section_type">ABSTRACT</infon><infon key="type">abstract</infon><offset>1436</offset><text>Expected associations among prior partner aggression, recent alcohol use, and perception of partner aggression vignettes were observed. Crowdsourcing may represent a source for data evaluating the effects of recent alcohol use on perceptions of aggression. Methodological refinement will benefit research and, ultimately, clinical prevention and intervention.</text></passage><passage><infon key="section_type">INTRO</infon><infon key="type">paragraph</infon><offset>1796</offset><text>Prior research suggests that alcohol may affect the ability to perceive acts of physical and sexual intimate partner aggression (IPA), such that intoxicated participants respond more favorably to aggressive acts or individuals than participants who have not consumed alcohol. Research designed to examine the effects of recent alcohol use on perceptions of IPA has been hindered by the complexity of experimental designs, including recruitment difficulties, participant burden, high costs, the time-consuming nature of the work, and ethical restrictions to healthy, moderate drinkers. These factors limit the generalizability and feasibility of conducting sufficient research to examine the effects of proximal alcohol use on perceptions of IPA. Alternative methodologies must be evaluated to supplement and extend sparse research. The current study involved recruiting a pilot sample to evaluate the use of an online crowdsourcing option to assess the effects of recent alcohol use on the perception of IPA depicted in a partner violence vignette.</text></passage><passage><infon key="section_type">INTRO</infon><infon key="type">title_1</infon><offset>2845</offset><text>Prior Research</text></passage><passage><infon key="section_type">INTRO</infon><infon key="type">paragraph</infon><offset>2860</offset><text>The effects of alcohol on perceptions of IPA have been most consistently explained through the direct, psychopharmacological effects of alcohol that impair optimal social information processing and higher-order executive cognitive functioning. Prior research provides support for proximal etiological models of alcohol effects, showing that participants who have recently consumed alcohol perceive violent scenarios differently than participants who have not recently consumed alcohol. Proximal alcohol use in experimental research most often refers to the period of time immediately following peak absorption and before a significant amount of alcohol is metabolized, between 20 and 60 minutes post consumption.</text></passage><passage><infon key="section_type">INTRO</infon><infon key="type">paragraph</infon><offset>3573</offset><text>Research using written, audio, and visual vignette paradigms has shown that, when controlling for potentially spurious factors, assignment to an alcohol condition rather than a control condition results in more favorable attitudes toward IPA and IPA perpetrators depicted in stories involving partner aggressive behavior. Similar relationships between alcohol condition and ratings of video violence depicted in simulated eyewitness studies have been detected with control participants more likely to unilaterally attribute guilt to the male character than intoxicated participants. It remains difficult to generalize results when so few studies have been conducted in this area.</text></passage><passage><infon key="section_type">INTRO</infon><infon key="type">paragraph</infon><offset>4253</offset><text>There are a number of factors that limit the prolific expansion of research involving the proximal effects of alcohol on perceptions of IPA. From a practical perspective, alcohol administration studies incur substantial costs with participant compensation allocated for periods of detoxification, funds required for third-party transportation to and from the laboratory, laboratory space, laboratory equipment, and advertising. Alcohol administration studies also require a significant time commitment for recruiting and lengthy sessions that may extend across several hours of participation and detoxification. Researchers may experience rejection or delays in the approval of protocols involving alcohol administration. Further, alcohol administration research has been criticized for its limited ecological validity related to the artificial nature of the environment in which research is conducted. Alternative research methods, such as conventional surveys and prospective methods are insufficient to evaluate proximal influences of alcohol on perceptions of aggression and face similar problems with participant burden, high costs, and attrition. Online crowdsourcing may provide a viable alternative source of data to supplement, but not replace, controlled alcohol administration research.</text></passage><passage><infon key="section_type">INTRO</infon><infon key="type">title_1</infon><offset>5551</offset><text>Crowdsourcing</text></passage><passage><infon key="section_type">INTRO</infon><infon key="type">paragraph</infon><offset>5565</offset><text>Amazon’s Mechanical Turk (MTurk) is a crowdsourcing market that connects a diverse population of “workers” with “requesters” who require human participants to complete a wide variety of online tasks. The popularity of MTurk among social scientists is to be partially attributed to the rapidity of recruitment and nominal compensation required to conduct research. Evaluation reveals that MTurk produces reliable data and provides access to a more diverse population than available in college or geographically isolated samples. The use of MTurk in the social sciences has grown rapidly over the past decade, including studies on aggression and addiction. We are aware of no prior research that has attempted to use MTurk to assess the acute effects of alcohol use on the perception of interpersonal or intimate partner aggression.</text></passage><passage><infon key="section_type">INTRO</infon><infon key="type">title_1</infon><offset>6406</offset><text>The Current Study</text></passage><passage><infon key="section_type">INTRO</infon><infon key="type">paragraph</infon><offset>6424</offset><text>The primary aim of the current study was to provide an initial evaluation of the use of an online crowdsourcing option to assess the effects of recent alcohol use on the perception of male-to-female IPA. This involved the recruitment of a small pilot sample of male participants who were asked to provide data pertaining to their most recent alcohol use and to respond to questions assessing their perception of IPA and a male IPA perpetrator in a written vignette depicting an act of male-to-female partner aggression. We hypothesized that 1) crowdsourcing would produce a sample in which a viable percentage of participants had recently consumed alcohol, and 2) analysis of MTurk data would partially replicate laboratory findings such that a) MTurk data would reflect established group differences between previously partner violent (PV) and nonviolent (NV) participants on a vignette measure assessing perceptions of relationship aggression with greater acceptance of aggressive behavior and the perpetrator among PV than NV participants and b) participants who reported recent alcohol use in the past day would be more accepting of aggressive behavior and the perpetrator than participants who had not consumed alcohol in the past day. Further, multiple threshold models posit that various dispositional and situational factors interact to produce event-level responses. An extension of multiple threshold models suggests that acute alcohol use (i.e., situational factor) would be most closely associated with perceptions of aggressive behavior among individuals who are already predisposed to aggression (i.e., dispositional factor). Thus, exploratory analyses were used to determine if PV participants who had recently used alcohol approved of aggression more than NV participants who had recently consumed alcohol.</text></passage><passage><infon key="section_type">METHODS</infon><infon key="type">title_1</infon><offset>8247</offset><text>Method</text></passage><passage><infon key="section_type">METHODS</infon><infon key="type">title_2</infon><offset>8254</offset><text>Participants</text></passage><passage><infon key="section_type">METHODS</infon><infon key="type">paragraph</infon><offset>8267</offset><text>The current methodological manuscript is part of a larger pilot study intended to evaluate correlates of IPA using an online sample. Data were collected online between March 16, 2017 and March 21, 2017. Eighty-two males responded to an online survey posted to Amazon’s Mechanical Turk. Eligibility criteria for the current study required that participants be English speakers, male, in a relationship, and over the age of 21. Participants were excluded from analyses if they reported that they had been single, divorced, or widowed for the year prior to study completion (n = 18) or if they failed to respond to recent alcohol or past-year IPA questions (n = 4), resulting in a final sample of 60 males. Data provided by females were omitted from the current analyses as the primary aim was to assess the effects of alcohol on perception of male-to-female IPA and female responses to vignettes depicting male IPA are traditionally used to assess perception of risk rather than characteristics of aggression or the aggressor.</text></passage><passage><infon key="section_type">METHODS</infon><infon key="type">title_2</infon><offset>9294</offset><text>Procedure</text></passage><passage><infon key="section_type">METHODS</infon><infon key="type">paragraph</infon><offset>9304</offset><text>Participants were allotted one hour to complete the online study with an average completion time of approximately 21.5 minutes. Consistent with the high end of the standard pay structure of MTurk, participants received $1.00 compensation. Crowdsourcing produced rapid results with all data collected and compensated within a four day period.</text></passage><passage><infon key="section_type">METHODS</infon><infon key="type">paragraph</infon><offset>9646</offset><text>MTurk Participants were first directed to an informed consent page and then to a series of measures that included questions about demographic data, alcohol use, partner aggression, and a written vignette all administered through SurveyMonkey. Upon completion of all study measures, participants were instructed to enter a six digit number that could then be used to confirm participation and grant compensation through MTurk. This research was approved by the appropriate Institutional Review Board.</text></passage><passage><infon key="section_type">METHODS</infon><infon key="type">title_2</infon><offset>10146</offset><text>Measures</text></passage><passage><infon key="section_type">METHODS</infon><infon key="type">title_3</infon><offset>10155</offset><text>Alcohol use.</text></passage><passage><infon key="section_type">METHODS</infon><infon key="type">paragraph</infon><offset>10168</offset><text>The Alcohol Use disorder Identification Test (AUDIT) is a psychometrically sound, 10-item inventory that assesses alcohol use behaviors and problematic drinking. The first item of the AUDIT asks participants to describe the frequency of their alcohol use over the past year with options ranging from never to four or more times a week. For the purposes of the current study, this item was used to control for alcohol use frequency in all analyses.</text></passage><passage><infon key="section_type">METHODS</infon><infon key="type">title_3</infon><offset>10616</offset><text>Acute alcohol use.</text></passage><passage><infon key="section_type">METHODS</infon><infon key="type">paragraph</infon><offset>10635</offset><text>Each participant was instructed to respond to an item assessing his most recent alcohol use. Participants were given several response options, including currently drinking, within the last day, within the last week, within the last month, within the last year, more than a year ago, and never. Participants were classified as recent alcohol users if they had consumed alcohol within the past day. Alternatively, males who denied alcohol use within the past day were classified as participants who had not recently consumed alcohol.</text></passage><passage><infon key="section_type">METHODS</infon><infon key="type">title_3</infon><offset>11167</offset><text>Partner aggression.</text></passage><passage><infon key="section_type">METHODS</infon><infon key="type">paragraph</infon><offset>11187</offset><text>The 20-item Shortened Revised Conflict Tactics Scale (CTS2-S) includes 2-item scales assessing the perpetration of physical assault (α = .82), injury (α = .91), and sexual coercion (α = .75) toward a relationship partner in the past year. The brief inventory is consistent with the full Revised Conflict Tactics Scale (CTS2). A composite score for all three subscales was used to dichotomize participants as PV if they endorsed any item and NV if they denied any use of physical assault, injury, or sexual coercion over the past year (α = .94).</text></passage><passage><infon key="section_type">METHODS</infon><infon key="type">title_3</infon><offset>11748</offset><text>Perception of partner aggression.</text></passage><passage><infon key="section_type">METHODS</infon><infon key="type">paragraph</infon><offset>11782</offset><text>Participants were exposed to a written vignette depicting a partner violence incident. Briefly, the adapted vignette depicted a boyfriend who slapped his partner and threatened her against contact with other men after she had spoken with a male friend. Participants were asked to respond to a short series of questions on a Likert scale with scores ranging from 1 (low / little) to 7 (high / very much). Questions assessing perception of aggression included, “Did [the boyfriend] have the right to behave as he did?”, “How likeable is [the boyfriend]?”, “If you had seen this, how likely would you have been to alert the authorities?”, “How responsible was [the boyfriend] for the incident?”, and “How aggressive was [the boyfriend]?” The last three items were reverse coded such that higher scores indicate higher positive attitudes toward IPA and the male aggressor. Participants were randomly assigned to receive one of three versions of the vignette, each with a different pair of characters (i.e., Rob and Elizabeth; Mohammed and Elizabeth; Mohammed and Khalifa). Outcomes of interest were not associated with vignette condition and results were pooled for the current study.</text></passage><passage><infon key="section_type">METHODS</infon><infon key="type">title_2</infon><offset>12983</offset><text>Analyses</text></passage><passage><infon key="section_type">METHODS</infon><infon key="type">paragraph</infon><offset>12992</offset><text>We first report on the results of a chi square analysis used to determine if PV and NV participants were equally likely to report recent alcohol use as well as to determine if participants who had recently consumed alcohol and participants who had not recently consumed alcohol differed in terms of alcohol use frequency. We then conducted a series of hierarchical multiple regression analyses in which alcohol use frequency from the AUDIT was entered as a control variable in block 1, the main effects of recent alcohol use and partner aggression were entered simultaneously in block 2, and the interaction between recent alcohol use and partner aggression was entered in block 3 to predict participant ratings of the vignette. Outcomes included perceptions of partner aggression and a partner aggressive male as depicted in the vignette, including the five items that appear in the IPA vignette described previously. The significance level was set at alpha = .05. Analyses were conducted using IBM Statistical Package for the Social Sciences, version 24 (IBM, Armonk, NY, USA).</text></passage><passage><infon key="section_type">RESULTS</infon><infon key="type">title_1</infon><offset>14072</offset><text>Results</text></passage><passage><infon key="section_type">RESULTS</infon><infon key="type">title_2</infon><offset>14080</offset><text>Descriptive characteristics</text></passage><passage><infon key="section_type">RESULTS</infon><infon key="type">paragraph</infon><offset>14108</offset><text>Participants were, on average, 42.3 (standard deviation [SD] = 13.5) years old. Most participants identified as Caucasian (n = 39; 65.0%), Asian (n = 10; 16.7%), or Native American (n = 5; 8.3%), had obtained a college degree (n = 41; 68.3%), and reported an annual income in excess of $25,000 per year (n = 43; 71.7%). Participants had been married for an average of 9.6 (SD = 11.6) years. Twenty-one (35.0%) participants reported past year partner aggression and thirteen (21.7%) reported that they had consumed alcohol in the past day. A comparable number of PV (n = 8, 21.5%) and NV (n = 5, 23.8%) participants reported alcohol use in the past day (χ2(1) = .09, p = .77). Participants who had consumed alcohol endorsed more frequent drinking than participants who had not consumed alcohol on the day of the study (χ2(4) = 26.27, p &lt; .001).</text></passage><passage><infon key="section_type">RESULTS</infon><infon key="type">title_2</infon><offset>14956</offset><text>Primary Analyses</text></passage><passage><infon key="section_type">RESULTS</infon><infon key="type">paragraph</infon><offset>14973</offset><text>The first hierarchical multiple regression model focused on whether the male character had the right to behave aggressively. Alcohol use frequency accounted for only 0.1% of the variability in ratings the male character’s behavior (R2 = .001, F1,58 = 0.06, p = .804). Inclusion of the recent alcohol use and partner aggression effects in block 2 accounted for an additional 42.6% of variance in character ratings (ΔR2 = .43, F2,56 = 20.78, p &lt; .001). The addition of the interaction term between recent alcohol use and partner aggression accounted for only an additional 2.5% of variance accounted for (ΔR2 = .03, F1,55 = 2.59, p = .11).</text></passage><passage><infon key="section_type">RESULTS</infon><infon key="type">paragraph</infon><offset>15619</offset><text>The partner aggression X recent alcohol use interaction term approached significance, justifying exploratory analyses. Follow-up simple slopes analyses revealed that ratings were significantly associated with recent alcohol use among PV participants (b = 1.459, SE = .60, p = .02, d = 1.25) but not NV (b = 0.31, SE = .51, p = .55, d = 0.24) participants. Evaluating main effects, results indicated that PV participants thought more strongly than NV participants that the male character had the right to behave aggressively. Participants who had recently consumed alcohol also thought more strongly than participants who had not recently consumed alcohol that the male character had the right to behave as he did. Models and effects for all primary analyses are displayed in Table 1.</text></passage><passage><infon key="section_type">RESULTS</infon><infon key="type">paragraph</infon><offset>16403</offset><text>PV participants were significantly less likely to indicate that they would alert the authorities than NV participants. A small but non-significant effect indicated a trend toward not alerting the authorities among participants who had consumed alcohol on the day of participation relative to participants who had not. The interaction failed to reach significance. Alcohol frequency accounted for a significant amount of variance in block 1 (R2 = .10, F1,58 = 6.09, p = .02) whereas block 2 approached significance (ΔR2 = .09, F2,56 = 3.01, p = .06), and block 3 did not (ΔR2 = .01, F1,55 = 0.75, p = .39).</text></passage><passage><infon key="section_type">RESULTS</infon><infon key="type">paragraph</infon><offset>17017</offset><text>PV participants indicated that they like the male character more [block 1: R2 = .01, F1,58 = 0.85, p = .36), block 2: ΔR2 = .40, F2,56 = 18.86, p &lt; .001, block 3: ΔR2 = .02, F1,55 = 1.84, p = .18], saw the male character as less responsible for the incident [block 1: R2 = .02, F1,58 = 1.26, p = .27), block 2: ΔR2 = .08, F2,56 = 2.51, p = .09, block 3: ΔR2 &lt; .01, F1,55 = 0.48, p = .49], and perceived the male character’s behavior as less aggressive than NV participants [block 1: R2 &lt; .01, F1,58 = 0.02, p = .89), block 2: ΔR2 = .24, F2,56 = 8.85, p &lt; .001, block 3: ΔR2 = .01, F1,55 = 0.54, p = .47]. The main effect of recent alcohol use and the interaction failed to reach significance for all three models.</text></passage><passage><infon key="section_type">RESULTS</infon><infon key="type">title_2</infon><offset>17755</offset><text>Discussion</text></passage><passage><infon key="section_type">RESULTS</infon><infon key="type">paragraph</infon><offset>17766</offset><text>The current pilot study was undertaken to provide an initial evaluation of the viability of using MTurk to collect data pertaining to the effects of alcohol on perceptions of partner aggression. In support of our first hypothesis, the crowdsourcing methodology allowed us to capture a sample in which approximately 20% of the participants had recently consumed alcohol. Particularly in larger samples, a subsample of 20% would allow for reliable analyses of group differences. In support of the hypothesis that MTurk data would reflect established group differences between PV and NV participants on perceptions of aggression, analyses revealed that PV participants expectedly perceived the male aggressor and his behavior more positively than NV participants. We detected only partial support for our final hypothesis, that participants who had recently used alcohol would be more accepting of aggression than participants who had not recently consumed alcohol. Trends in the data suggested that participants who had recently consumed alcohol were more likely to believe that the male character had the right to behave aggressively and were less likely to alert the authorities than participants who had not recently consumed alcohol. The crowdsourcing methodology proved promising as it revealed that 20% of the current sample had recently consumed alcohol and analyses resulted in findings that partially replicated laboratory results on the relationships between perceptions of IPA and both recent alcohol use as well as prior partner aggression.</text></passage><passage><infon key="section_type">RESULTS</infon><infon key="type">paragraph</infon><offset>19317</offset><text>We found only partial support for direct effects of acute alcohol use on perceptions of partner aggression. The current study employed a third person vignette and required participants to report on their perception of aggression in the absence salient provocation. Alcohol has been shown to enhance positive affect during prosocial interaction. Previous research supports the theory of alcohol myopia in which alcohol restricts perception and processing to only the most salient cues, such as enhancing positive affect during prosocial interactions and eliciting greater aggression and justification for aggression following anger provocation. In the current vignette, the female partner displayed no aggressive behavior. Future research may determine if the effects of alcohol on positive perceptions of male aggression are more pronounced when a female character initiates or responds with aggression.</text></passage><passage><infon key="section_type">RESULTS</infon><infon key="type">paragraph</infon><offset>20221</offset><text>Consistent with previous research, exploratory analyses revealed some evidence to suggest that acute alcohol consumption had a greater effect on PV than NV men, such that alcohol use was associated with a stronger perception that the male character had the right to use aggression among PV participants. Multiple threshold models posit that multiple factors influence event-level responding, including substances, external provocation, or physiological discomfort. These models further predict that individuals with a greater predisposition to aggressive responding, such as previously partner violent participants, would perceive the male partner’s aggression more positively than individuals with a nonaggressive disposition, particularly following recent alcohol use. Thus, the current data partially conform to the expectations of multiple threshold models.</text></passage><passage><infon key="section_type">RESULTS</infon><infon key="type">title_2</infon><offset>21085</offset><text>Research Implications</text></passage><passage><infon key="section_type">RESULTS</infon><infon key="type">paragraph</infon><offset>21107</offset><text>The use of online crowdsourcing was advantageous to the current investigation in many respects. This method resulted in a full round of participant identification, recruitment, and data collection within four days. The project incurred nominal costs with $1.00 paid to each participant and an additional 45–70% fee paid to MTurk. No budget was allocated for advertising, alcohol, transportation, or infrastructure. Online recruitment further mitigates many of the criticisms of laboratory-based aggression research, including the artificial context and novel nature of direct observation by permitting participants to consume alcohol as they naturally would and to submit responses from a familiar setting. Of considerable importance, ethical considerations that limit laboratory samples to healthy, moderate social drinkers do not apply to online recruitment methods. Thus, data gathered from online crowdsourcing may provide greater insight into high risk drinkers as well as a more generalizable account of the influence of acute alcohol use on perceptions of partner violence.</text></passage><passage><infon key="section_type">RESULTS</infon><infon key="type">paragraph</infon><offset>22190</offset><text>Further, thirty-five percent of the current sample reported past-year partner aggression with only four participants omitted from analyses due to missing data on partner aggression items. This is comparable to rates of current-relationship male-to-female partner aggression reported across small, community samples. Only four otherwise eligible participants failed to provide complete responses to partner aggression or alcohol use items. Thus, anonymous crowdsourcing may represent a viable option for collecting candid data pertaining to socially undesirable behaviors, such as partner aggression and substance use.</text></passage><passage><infon key="section_type">RESULTS</infon><infon key="type">paragraph</infon><offset>22808</offset><text>Nevertheless, online naturalistic studies should be seen as a supplement to, rather than a replacement for, laboratory-based research in further exploring the effects of acute alcohol use on the perception of IPA. Online studies inherently lack the precision of laboratory-based research to administer precise amounts of alcohol, allow for proper absorption time, and control for confounds. Self-administration prior to participation in online research may be precipitated by and subject to any number of individual differences, such as temporary affective instability or social interaction and distraction, that could influence subjective responding and cannot possibly be fully anticipated or controlled for. Though this lack of control limits our understanding of the direct effects of alcohol on perception of IPA, this methodology allows for a unique degree of ecological validity in that alcohol use may more directly reflect use under the real-world conditions in which participants will observe or participate in genuine aggressive situations. Further, the proliferation of laboratory-based alcohol administration studies remains slow due to various practical impediments. Online crowdsourcing represents a supplemental methodological option to contribute proximal effects data and mitigate the sparsity of laboratory-based alcohol administration research.</text></passage><passage><infon key="section_type">RESULTS</infon><infon key="type">title_2</infon><offset>24173</offset><text>Limitations and future research</text></passage><passage><infon key="section_type">RESULTS</infon><infon key="type">paragraph</infon><offset>24205</offset><text>The current pilot study utilized secondary data analysis of a sample recruited for other purposes. As such, the current sample was small and underpowered to detect effects of interest. We have reported effect sizes in addition to significance testing to provide greater insight despite small cell sizes. The current results were mixed, suggesting that MTurk may be a useful platform for collecting data pertaining to the effects of recent alcohol use on the perception of IPA. Replication is necessary. Further, researchers are advised to include items assessing individual height and weight as well as the amount of alcohol consumed and the period of time during which it was consumed in order to accurately estimate the participant’s blood alcohol concentration during study participation. This will result in greater standardization of the “alcohol condition” and a more nuanced depiction of the effects of alcohol on perception at various levels of intoxication. These data will still rely upon self-report, which is inferior to objective quantification of alcohol administration in the laboratory but is a more reliable indicator of same-day alcohol use than it would be for distal use. Further, the effects of social desirability are diminished under conditions of anonymity and online reporting. It is not possible to administer placebo beverages to online samples to control for alcohol’s expectancy effects. Reviews of the literature call into question the validity of placebo beverages in deceiving participants. Online research need not make explicit to participants the associations of interest between acute alcohol use and perceptions of aggression prior to participation. Further, data suggest that MTurk workers are a diverse population but a degree of selection and sampling bias should be expected when attempting to generalize results detected among individuals who volunteer to regularly complete online assignments to those who do not. Recent refinements in crowdsourcing, such as TurkPrime, a variant of MTurk, are more versatile for collecting data and administering behavioral measures.</text></passage><passage><infon key="section_type">RESULTS</infon><infon key="type">title_2</infon><offset>26324</offset><text>Conclusions</text></passage><passage><infon key="section_type">RESULTS</infon><infon key="type">paragraph</infon><offset>26336</offset><text>Laboratory-based experimental research remains the strongest methodology for offering insight into the relationship between acute alcohol use and perceptions of IPA but this literature is impeded by significant financial and logistical barriers. The current study offers initial support for the use of online crowdsourcing as a supplemental, rapid, and inexpensive method of data collection that yields diverse samples with a viable amount of acute alcohol use to conduct meaningful analyses into alcohol-related perceptions of partner aggression. Trends in the current data suggested that, consistent with previous research, partner violent participants perceived aggressive behaviors within the vignette more positively and held more positive opinions toward the male perpetrator than nonviolent participants. Similarly, some indicators suggested that participants who had recently consumed alcohol tended to have more favorable views toward partner aggressive behavior than participants who had not recently consumed alcohol. Further methodological refinement will benefit future research efforts to evaluate the effects of alcohol on the perception of partner aggression as well as other alcohol-related outcomes of interest.</text></passage><passage><infon key="section_type">REF</infon><infon key="type">title</infon><offset>27566</offset><text>References</text></passage><passage><infon key="name_0">surname:Saltzman;given-names:L</infon><infon key="name_1">surname:Fanslow;given-names:JL</infon><infon key="name_2">surname:McMahon;given-names:P</infon><infon key="name_3">surname:Shelley;given-names:GA</infon><infon key="section_type">REF</infon><infon key="source">Intimate partner violence surveillance: Uniform definitions and recommended data elements: Version 1.0</infon><infon key="type">ref</infon><infon key="year">2002</infon><offset>27577</offset></passage><passage><infon key="comment">2015</infon><infon key="name_0">surname:Hildebrand Karlén;given-names:M</infon><infon key="name_1">surname:Roos Af Hjelmsäter;given-names:E</infon><infon key="name_2">surname:Fahlke;given-names:C</infon><infon key="name_3">surname:Granhag;given-names:PA</infon><infon key="name_4">surname:Söderpalm Gordh;given-names:A</infon><infon key="pub-id_doi">10.1177/0886260515599656</infon><infon key="section_type">REF</infon><infon key="source">J Interpers Violence</infon><infon key="type">ref</infon><infon key="year">2015</infon><offset>27578</offset><text>Alcohol intoxicated witnesses: perception of aggression and guilt in intimate partner violence</text></passage><passage><infon key="fpage">265</infon><infon key="issue">4</infon><infon key="lpage">82</infon><infon key="name_0">surname:Abbey;given-names:A</infon><infon key="name_1">surname:Wegner;given-names:R</infon><infon key="name_2">surname:Woerner;given-names:J</infon><infon key="name_3">surname:Pegram;given-names:S</infon><infon key="section_type">REF</infon><infon key="source">Trauma Violence Abus</infon><infon key="type">ref</infon><infon key="volume">15</infon><infon key="year">2014</infon><offset>27673</offset><text>Pierce J. Review of survey and experimental research that examines the relationship between alcohol consumption and men’s sexual aggression perpetration</text></passage><passage><infon key="fpage">541</infon><infon key="lpage">55</infon><infon key="name_0">surname:Giancola;given-names:P</infon><infon key="pub-id_pmid">15535787</infon><infon key="section_type">REF</infon><infon key="source">J Abnorm Psychol</infon><infon key="type">ref</infon><infon key="volume">113</infon><infon key="year">2004</infon><offset>27828</offset><text>Executive Functioning and alcohol-related aggression</text></passage><passage><infon key="fpage">669</infon><infon key="issue">5</infon><infon key="lpage">77</infon><infon key="name_0">surname:Abbey;given-names:A</infon><infon key="name_1">surname:Buck;given-names:PO</infon><infon key="name_2">surname:Zawacki;given-names:T</infon><infon key="name_3">surname:Saenz;given-names:C</infon><infon key="pub-id_pmid">14572189</infon><infon key="section_type">REF</infon><infon key="source">J Stud Alcohol</infon><infon key="type">ref</infon><infon key="volume">64</infon><infon key="year">2003</infon><offset>27881</offset><text>Alcohol’s effects on perceptions of a potential date rape</text></passage><passage><infon key="fpage">520</infon><infon key="lpage">31</infon><infon key="name_0">surname:Crane;given-names:CA</infon><infon key="name_1">surname:Godleski;given-names:SA</infon><infon key="name_2">surname:Przybyla;given-names:SM</infon><infon key="name_3">surname:Schlauch;given-names:RC</infon><infon key="name_4">surname:Testa;given-names:M</infon><infon key="section_type">REF</infon><infon key="source">Trauma Violence Abus</infon><infon key="type">ref</infon><infon key="volume">17</infon><infon key="year">2016</infon><offset>27941</offset><text>The proximal effects of acute alcohol consumption on male-to-female aggression: a meta-analytic review of the experimental literature</text></passage><passage><infon key="fpage">581</infon><infon key="issue">6</infon><infon key="lpage">9</infon><infon key="name_0">surname:Davis;given-names:KC</infon><infon key="name_1">surname:Norris;given-names:J</infon><infon key="name_2">surname:George;given-names:WH</infon><infon key="name_3">surname:Martell;given-names:J</infon><infon key="name_4">surname:Heiman;given-names:JR</infon><infon key="section_type">REF</infon><infon key="source">Aggressive Behav</infon><infon key="type">ref</infon><infon key="volume">32</infon><infon key="year">2006</infon><offset>28075</offset><text>Men’s likelihood of sexual aggression: The influence of alcohol, sexual arousal, and violent pornography</text></passage><passage><infon key="fpage">380</infon><infon key="lpage">8</infon><infon key="name_0">surname:Gross;given-names:AM</infon><infon key="name_1">surname:Bennett;given-names:T</infon><infon key="name_2">surname:Sloan;given-names:L</infon><infon key="name_3">surname:Marx;given-names:BP</infon><infon key="name_4">surname:Juergens;given-names:J</infon><infon key="section_type">REF</infon><infon key="source">Exp Clin Psychopharmacology</infon><infon key="type">ref</infon><infon key="volume">9</infon><infon key="year">2001</infon><offset>28182</offset><text>The impact of alcohol and alcohol expectancies on male perception of female sexual arousal in a date rape analog</text></passage><passage><infon key="fpage">386</infon><infon key="issue">4</infon><infon key="lpage">94</infon><infon key="name_0">surname:Noel;given-names:NE</infon><infon key="name_1">surname:Maisto;given-names:SA</infon><infon key="name_2">surname:Johnson;given-names:JD</infon><infon key="name_3">surname:Jackson;given-names:LA</infon><infon key="pub-id_pmid">19108956</infon><infon key="section_type">REF</infon><infon key="source">Addict behav</infon><infon key="type">ref</infon><infon key="volume">34</infon><infon key="year">2009</infon><offset>28295</offset><text>The effects of alcohol and cue salience on young men’s acceptance of sexual aggression</text></passage><passage><infon key="fpage">163</infon><infon key="lpage">77</infon><infon key="name_0">surname:Tedeschi;given-names:J</infon><infon key="name_1">surname:Quigley;given-names:B</infon><infon key="section_type">REF</infon><infon key="source">Aggress Violent Beh</infon><infon key="type">ref</infon><infon key="volume">1</infon><infon key="year">1996</infon><offset>28384</offset><text>Limitations of laboratory paradigms for studying aggression</text></passage><passage><infon key="fpage">1222</infon><infon key="lpage">34</infon><infon key="name_0">surname:Foran;given-names:HM</infon><infon key="name_1">surname:O’Leary;given-names:KD</infon><infon key="pub-id_pmid">18550239</infon><infon key="section_type">REF</infon><infon key="source">Clin Psychol Rev</infon><infon key="type">ref</infon><infon key="volume">28</infon><infon key="year">2008</infon><offset>28444</offset><text>Alcohol and intimate partner violence: A meta-analytic review</text></passage><passage><infon key="fpage">332</infon><infon key="lpage">55</infon><infon key="name_0">surname:Crane;given-names:CA</infon><infon key="name_1">surname:Eckhardt;given-names:CI</infon><infon key="pub-id_pmid">26413212</infon><infon key="section_type">REF</infon><infon key="source">Partner Abuse</infon><infon key="type">ref</infon><infon key="volume">4</infon><infon key="year">2013</infon><offset>28506</offset><text>Negative affect, alcohol consumption, and female-to-male intimate partner violence: A daily diary investigation</text></passage><passage><infon key="fpage">1</infon><infon key="lpage">23</infon><infon key="name_0">surname:Mason;given-names:W</infon><infon key="name_1">surname:Suri;given-names:S</infon><infon key="pub-id_pmid">21717266</infon><infon key="section_type">REF</infon><infon key="source">Behav Res Methods</infon><infon key="type">ref</infon><infon key="volume">44</infon><infon key="year">2012</infon><offset>28618</offset><text>Conducting behavioral research on Amazon’s Mechanical Turk</text></passage><passage><infon key="fpage">3</infon><infon key="lpage">5</infon><infon key="name_0">surname:Buhrmester;given-names:M</infon><infon key="name_1">surname:Kwang;given-names:T</infon><infon key="name_2">surname:Gosling;given-names:SD</infon><infon key="pub-id_pmid">26162106</infon><infon key="section_type">REF</infon><infon key="source">Perspect Psychol Sci</infon><infon key="type">ref</infon><infon key="volume">6</infon><infon key="year">2011</infon><offset>28679</offset><text>Amazon’s Mechanical Turk a new source of inexpensive, yet high-quality, data?</text></passage><passage><infon key="fpage">456</infon><infon key="lpage">61</infon><infon key="name_0">surname:Boynton;given-names:MH</infon><infon key="name_1">surname:Richman;given-names:LS</infon><infon key="pub-id_pmid">24893885</infon><infon key="section_type">REF</infon><infon key="source">Drug Alcohol Rev</infon><infon key="type">ref</infon><infon key="volume">33</infon><infon key="year">2014</infon><offset>28759</offset><text>An online daily diary study of alcohol use using Amazon’s Mechanical Turk</text></passage><passage><infon key="name_0">surname:Wymbs;given-names:BT</infon><infon key="name_1">surname:Dawson;given-names:AE</infon><infon key="name_2">surname:Egan;given-names:TE</infon><infon key="name_3">surname:Sacchetti;given-names:GM</infon><infon key="pub-id_doi">10.117/1087054716653215</infon><infon key="section_type">REF</infon><infon key="source">J Atten Disord</infon><infon key="type">ref</infon><infon key="year">2016</infon><offset>28835</offset><text>Rates of intimate partner violence perpetration and victimization among adults with ADHD</text></passage><passage><infon key="name_0">surname:Watkins;given-names:LE</infon><infon key="name_1">surname:Maldonado;given-names:RC</infon><infon key="name_2">surname:DiLillo;given-names:D</infon><infon key="pub-id_doi">10.1177/1073191116665696</infon><infon key="section_type">REF</infon><infon key="source">Assessment</infon><infon key="type">ref</infon><infon key="year">2016</infon><offset>28924</offset><text>The Cyber Aggression in Relationships Scale A New Multidimensional Measure of Technology-Based Intimate Partner Aggression</text></passage><passage><infon key="fpage">580</infon><infon key="lpage">93</infon><infon key="name_0">surname:Bosson;given-names:JK</infon><infon key="name_1">surname:Parrott;given-names:DJ</infon><infon key="name_2">surname:Swan;given-names:SC</infon><infon key="name_3">surname:Kuchynka;given-names:SL</infon><infon key="name_4">surname:Schramm;given-names:AT</infon><infon key="section_type">REF</infon><infon key="source">Aggressive Behav</infon><infon key="type">ref</infon><infon key="volume">41</infon><infon key="year">2015</infon><offset>29047</offset><text>A dangerous boomerang: Injunctive norms, hostile sexist attitudes, and male‐to‐female sexual aggression</text></passage><passage><infon key="note">AUTHOR CITATION – BLINDED REVIEW 
          
        </infon><infon key="section_type">REF</infon><infon key="type">ref</infon><offset>29155</offset></passage><passage><infon key="fpage">573</infon><infon key="lpage">585</infon><infon key="name_0">surname:Parks;given-names:KA</infon><infon key="name_1">surname:Levonyan-Radloff;given-names:K</infon><infon key="name_2">surname:Dearing;given-names:RL</infon><infon key="name_3">surname:Hequembourg;given-names:A</infon><infon key="name_4">surname:Testa;given-names:M</infon><infon key="pub-id_pmid">27747131</infon><infon key="section_type">REF</infon><infon key="source">Psychol Violence</infon><infon key="type">ref</infon><infon key="volume">6</infon><infon key="year">2016</infon><offset>29156</offset><text>Development and validation of a video measure for assessing women’s risk perception for alcohol-related sexual assault</text></passage><passage><infon key="name_0">surname:Babor;given-names:TF</infon><infon key="name_1">surname:Higgins-Biddle;given-names:JC</infon><infon key="name_2">surname:Saunders;given-names:JB</infon><infon key="name_3">surname:Monteiro;given-names:MG</infon><infon key="section_type">REF</infon><infon key="source">AUDIT: The alcohol use disorders identification test: Guidelines for use in primary health care</infon><infon key="type">ref</infon><infon key="year">2001</infon><offset>29277</offset></passage><passage><infon key="fpage">507</infon><infon key="lpage">20</infon><infon key="name_0">surname:Straus;given-names:MA</infon><infon key="name_1">surname:Douglas;given-names:EM</infon><infon key="pub-id_pmid">15844722</infon><infon key="section_type">REF</infon><infon key="source">Violence Victims</infon><infon key="type">ref</infon><infon key="volume">19</infon><infon key="year">2004</infon><offset>29278</offset><text>A short form of the Revised Conflict Tactics Scales, and typologies for severity and mutuality</text></passage><passage><infon key="fpage">283</infon><infon key="lpage">316</infon><infon key="name_0">surname:Straus;given-names:MA</infon><infon key="name_1">surname:Hamby;given-names:SL</infon><infon key="name_2">surname:Boney-McCoy;given-names:S</infon><infon key="name_3">surname:Sugarman;given-names:DB</infon><infon key="section_type">REF</infon><infon key="source">J Fam Issues</infon><infon key="type">ref</infon><infon key="volume">17</infon><infon key="year">1996</infon><offset>29373</offset><text>The revised conflict tactics scales (CTS2) development and preliminary psychometric data</text></passage><passage><infon key="fpage">324</infon><infon key="lpage">31</infon><infon key="name_0">surname:Hamby;given-names:S</infon><infon key="name_1">surname:Jackson;given-names:A</infon><infon key="section_type">REF</infon><infon key="source">Sex Roles</infon><infon key="type">ref</infon><infon key="volume">63</infon><infon key="year">2010</infon><offset>29462</offset><text>Size does matter: The effects of gender on perceptions of dating violence</text></passage><passage><infon key="fpage">43</infon><infon key="lpage">50</infon><infon key="name_0">surname:VanVoorhis;given-names:CW</infon><infon key="name_1">surname:Morgan;given-names:BL</infon><infon key="section_type">REF</infon><infon key="source">Tutorials Quantitative Methods Psychology</infon><infon key="type">ref</infon><infon key="volume">3</infon><infon key="year">2007</infon><offset>29536</offset><text>Understanding power and rules of thumb for determining sample sizes</text></passage><passage><infon key="fpage">1706</infon><infon key="lpage">22</infon><infon key="name_0">surname:Levitt A Cooper;given-names:ML</infon><infon key="section_type">REF</infon><infon key="source">Pers Soc Psychol B</infon><infon key="type">ref</infon><infon key="volume">36</infon><infon key="year">2010</infon><offset>29604</offset><text>Daily alcohol use and romantic relationship functioning</text></passage><passage><infon key="fpage">131</infon><infon key="lpage">45</infon><infon key="name_0">surname:Exum;given-names:ML</infon><infon key="section_type">REF</infon><infon key="source">J Crim Just</infon><infon key="type">ref</infon><infon key="volume">34</infon><infon key="year">2006</infon><offset>29660</offset><text>Alcohol and aggression: An integration of findings from experimental studies</text></passage><passage><infon key="fpage">452</infon><infon key="lpage">74</infon><infon key="name_0">surname:Finkel;given-names:EJ</infon><infon key="name_1">surname:Eckhardt;given-names:CI</infon><infon key="name_2">surname:Simpson;given-names:JA</infon><infon key="name_3">surname:Campbell;given-names:L</infon><infon key="section_type">REF</infon><infon key="source">The Oxford handbook of close relationships</infon><infon key="type">ref</infon><infon key="year">2013</infon><offset>29737</offset></passage><passage><infon key="fpage">170</infon><infon key="issue">2</infon><infon key="lpage">198</infon><infon key="name_0">surname:Desmarais;given-names:SL</infon><infon key="name_1">surname:Reeves;given-names:KA</infon><infon key="name_2">surname:Nicholls;given-names:TL</infon><infon key="name_3">surname:Telford;given-names:RP</infon><infon key="name_4">surname:Fiebert;given-names:MS</infon><infon key="section_type">REF</infon><infon key="source">Partner Abuse</infon><infon key="type">ref</infon><infon key="volume">3</infon><infon key="year">2012</infon><offset>29738</offset><text>Prevalence of physical violence in intimate relationships, part 2: Rates of male and female perpetration</text></passage><passage><infon key="fpage">41</infon><infon key="lpage">72</infon><infon key="name_0">surname:Sobell;given-names:LC</infon><infon key="name_1">surname:Sobell;given-names:MB</infon><infon key="name_2">surname:Allen;given-names:J</infon><infon key="name_3">surname:Litten;given-names:R</infon><infon key="section_type">REF</infon><infon key="source">Measuring alcohol consumption</infon><infon key="type">ref</infon><infon key="year">1992</infon><offset>29843</offset></passage><passage><infon key="fpage">433</infon><infon key="issue">3</infon><infon key="lpage">8</infon><infon key="name_0">surname:Joinson;given-names:A</infon><infon key="section_type">REF</infon><infon key="source">Behav Res Meth Ins C</infon><infon key="type">ref</infon><infon key="volume">31</infon><infon key="year">1999</infon><offset>29844</offset><text>Social desirability, anonymity, and Internet-based questionnaires</text></passage><passage><infon key="fpage">411</infon><infon key="issue">5</infon><infon key="lpage">9</infon><infon key="name_0">surname:Paolacci;given-names:G</infon><infon key="name_1">surname:Chandler;given-names:J</infon><infon key="name_2">surname:Ipeirotis;given-names:PG</infon><infon key="section_type">REF</infon><infon key="source">Judgm Decis Mak</infon><infon key="type">ref</infon><infon key="volume">5</infon><infon key="year">2010</infon><offset>29910</offset><text>Running experiments on amazon mechanical turk</text></passage><passage><infon key="fpage">1</infon><infon key="lpage">14</infon><infon key="name_0">surname:Bushman;given-names:BJ</infon><infon key="name_1">surname:Cooper;given-names:HM</infon><infon key="section_type">REF</infon><infon key="source">Psychol Bull</infon><infon key="type">ref</infon><infon key="volume">107</infon><infon key="year">1990</infon><offset>29956</offset><text>Effects of alcohol on human aggression: An integrative research review</text></passage><passage><infon key="fpage">60</infon><infon key="lpage">82</infon><infon key="name_0">surname:Ito;given-names:TA</infon><infon key="name_1">surname:Miller;given-names:N</infon><infon key="name_2">surname:Pollock;given-names:VE</infon><infon key="pub-id_pmid">8711017</infon><infon key="section_type">REF</infon><infon key="source">Psychol Bull</infon><infon key="type">ref</infon><infon key="volume">120</infon><infon key="year">1996</infon><offset>30027</offset><text>Alcohol and aggression: a meta-analysis on the moderating effects of inhibitory cues, triggering events, and self-focused attention</text></passage><passage><infon key="file">T1.xml</infon><infon key="id">T1</infon><infon key="section_type">TABLE</infon><infon key="type">table_caption</infon><offset>30159</offset><text>Effects of recent alcohol use and partner aggression on perceptions of aggression depicted in a written vignette.</text></passage><passage><infon key="file">T1.xml</infon><infon key="id">T1</infon><infon key="section_type">TABLE</infon><infon key="type">table</infon><infon key="xml">&lt;?xml version=&quot;1.0&quot; encoding=&quot;UTF-8&quot;?&gt;
&lt;table frame=&quot;below&quot; rules=&quot;groups&quot;&gt;
        &lt;colgroup span=&quot;1&quot;&gt;
          &lt;col align=&quot;left&quot; valign=&quot;middle&quot; span=&quot;1&quot;/&gt;
          &lt;col align=&quot;left&quot; valign=&quot;middle&quot; span=&quot;1&quot;/&gt;
          &lt;col align=&quot;left&quot; valign=&quot;middle&quot; span=&quot;1&quot;/&gt;
          &lt;col align=&quot;left&quot; valign=&quot;middle&quot; span=&quot;1&quot;/&gt;
          &lt;col align=&quot;left&quot; valign=&quot;middle&quot; span=&quot;1&quot;/&gt;
          &lt;col align=&quot;left&quot; valign=&quot;middle&quot; span=&quot;1&quot;/&gt;
          &lt;col align=&quot;left&quot; valign=&quot;middle&quot; span=&quot;1&quot;/&gt;
          &lt;col align=&quot;left&quot; valign=&quot;middle&quot; span=&quot;1&quot;/&gt;
          &lt;col align=&quot;left&quot; valign=&quot;middle&quot; span=&quot;1&quot;/&gt;
          &lt;col align=&quot;left&quot; valign=&quot;middle&quot; span=&quot;1&quot;/&gt;
          &lt;col align=&quot;left&quot; valign=&quot;middle&quot; span=&quot;1&quot;/&gt;
          &lt;col align=&quot;left&quot; valign=&quot;middle&quot; span=&quot;1&quot;/&gt;
        &lt;/colgroup&gt;
        &lt;thead&gt;
          &lt;tr&gt;
            &lt;th align=&quot;center&quot; valign=&quot;top&quot; rowspan=&quot;1&quot; colspan=&quot;1&quot;/&gt;
            &lt;th colspan=&quot;5&quot; align=&quot;center&quot; valign=&quot;top&quot; style=&quot;border-bottom: solid 1px&quot; rowspan=&quot;1&quot;&gt;Block 2&lt;/th&gt;
            &lt;th align=&quot;center&quot; valign=&quot;top&quot; rowspan=&quot;1&quot; colspan=&quot;1&quot;/&gt;
            &lt;th colspan=&quot;5&quot; align=&quot;center&quot; valign=&quot;top&quot; style=&quot;border-bottom: solid 1px&quot; rowspan=&quot;1&quot;&gt;Block 3&lt;/th&gt;
          &lt;/tr&gt;
          &lt;tr&gt;
            &lt;th align=&quot;center&quot; valign=&quot;middle&quot; rowspan=&quot;1&quot; colspan=&quot;1&quot;&gt;Model&lt;/th&gt;
            &lt;th align=&quot;center&quot; valign=&quot;middle&quot; rowspan=&quot;1&quot; colspan=&quot;1&quot;&gt;
              &lt;italic&gt;b&lt;/italic&gt;
            &lt;/th&gt;
            &lt;th align=&quot;center&quot; valign=&quot;middle&quot; rowspan=&quot;1&quot; colspan=&quot;1&quot;&gt;SE&lt;/th&gt;
            &lt;th align=&quot;center&quot; valign=&quot;middle&quot; rowspan=&quot;1&quot; colspan=&quot;1&quot;&gt;
              &lt;italic&gt;p&lt;/italic&gt;
            &lt;/th&gt;
            &lt;th align=&quot;center&quot; valign=&quot;middle&quot; rowspan=&quot;1&quot; colspan=&quot;1&quot;&gt;95% Confidence&lt;break/&gt;Interval&lt;/th&gt;
            &lt;th align=&quot;center&quot; valign=&quot;middle&quot; rowspan=&quot;1&quot; colspan=&quot;1&quot;&gt;
              &lt;italic&gt;d&lt;/italic&gt;
            &lt;/th&gt;
            &lt;th align=&quot;center&quot; valign=&quot;middle&quot; rowspan=&quot;1&quot; colspan=&quot;1&quot;/&gt;
            &lt;th align=&quot;center&quot; valign=&quot;middle&quot; rowspan=&quot;1&quot; colspan=&quot;1&quot;&gt;
              &lt;italic&gt;b&lt;/italic&gt;
            &lt;/th&gt;
            &lt;th align=&quot;center&quot; valign=&quot;middle&quot; rowspan=&quot;1&quot; colspan=&quot;1&quot;&gt;SE&lt;/th&gt;
            &lt;th align=&quot;center&quot; valign=&quot;middle&quot; rowspan=&quot;1&quot; colspan=&quot;1&quot;&gt;
              &lt;italic&gt;p&lt;/italic&gt;
            &lt;/th&gt;
            &lt;th align=&quot;center&quot; valign=&quot;middle&quot; rowspan=&quot;1&quot; colspan=&quot;1&quot;&gt;95% Confidence&lt;break/&gt;Interval&lt;/th&gt;
            &lt;th align=&quot;center&quot; valign=&quot;middle&quot; rowspan=&quot;1&quot; colspan=&quot;1&quot;&gt;
              &lt;italic&gt;d&lt;/italic&gt;
            &lt;/th&gt;
          &lt;/tr&gt;
        &lt;/thead&gt;
        &lt;tbody&gt;
          &lt;tr&gt;
            &lt;td align=&quot;left&quot; valign=&quot;top&quot; rowspan=&quot;1&quot; colspan=&quot;1&quot;&gt;Did he have the right to behave as he did?&lt;/td&gt;
            &lt;td align=&quot;center&quot; valign=&quot;top&quot; rowspan=&quot;1&quot; colspan=&quot;1&quot;/&gt;
            &lt;td align=&quot;center&quot; valign=&quot;top&quot; rowspan=&quot;1&quot; colspan=&quot;1&quot;/&gt;
            &lt;td align=&quot;center&quot; valign=&quot;top&quot; rowspan=&quot;1&quot; colspan=&quot;1&quot;/&gt;
            &lt;td align=&quot;center&quot; valign=&quot;top&quot; rowspan=&quot;1&quot; colspan=&quot;1&quot;/&gt;
            &lt;td align=&quot;center&quot; valign=&quot;top&quot; rowspan=&quot;1&quot; colspan=&quot;1&quot;/&gt;
            &lt;td align=&quot;center&quot; valign=&quot;top&quot; rowspan=&quot;1&quot; colspan=&quot;1&quot;/&gt;
            &lt;td align=&quot;center&quot; valign=&quot;top&quot; rowspan=&quot;1&quot; colspan=&quot;1&quot;/&gt;
            &lt;td align=&quot;center&quot; valign=&quot;top&quot; rowspan=&quot;1&quot; colspan=&quot;1&quot;/&gt;
            &lt;td align=&quot;center&quot; valign=&quot;top&quot; rowspan=&quot;1&quot; colspan=&quot;1&quot;/&gt;
            &lt;td align=&quot;center&quot; valign=&quot;top&quot; rowspan=&quot;1&quot; colspan=&quot;1&quot;/&gt;
            &lt;td align=&quot;center&quot; valign=&quot;top&quot; rowspan=&quot;1&quot; colspan=&quot;1&quot;/&gt;
          &lt;/tr&gt;
          &lt;tr&gt;
            &lt;td align=&quot;left&quot; valign=&quot;top&quot; rowspan=&quot;1&quot; colspan=&quot;1&quot;&gt; Recent Alcohol Use&lt;/td&gt;
            &lt;td align=&quot;center&quot; valign=&quot;top&quot; rowspan=&quot;1&quot; colspan=&quot;1&quot;&gt;0.77&lt;/td&gt;
            &lt;td align=&quot;center&quot; valign=&quot;top&quot; rowspan=&quot;1&quot; colspan=&quot;1&quot;&gt;0.43&lt;/td&gt;
            &lt;td align=&quot;center&quot; valign=&quot;top&quot; rowspan=&quot;1&quot; colspan=&quot;1&quot;&gt;.08&lt;/td&gt;
            &lt;td align=&quot;center&quot; valign=&quot;top&quot; rowspan=&quot;1&quot; colspan=&quot;1&quot;&gt;−0.09, 1.63&lt;/td&gt;
            &lt;td align=&quot;center&quot; valign=&quot;top&quot; rowspan=&quot;1&quot; colspan=&quot;1&quot;&gt;0.57&lt;/td&gt;
            &lt;td align=&quot;center&quot; valign=&quot;top&quot; rowspan=&quot;1&quot; colspan=&quot;1&quot;/&gt;
            &lt;td align=&quot;center&quot; valign=&quot;top&quot; rowspan=&quot;1&quot; colspan=&quot;1&quot;&gt;0.31&lt;/td&gt;
            &lt;td align=&quot;center&quot; valign=&quot;top&quot; rowspan=&quot;1&quot; colspan=&quot;1&quot;&gt;0.51&lt;/td&gt;
            &lt;td align=&quot;center&quot; valign=&quot;top&quot; rowspan=&quot;1&quot; colspan=&quot;1&quot;&gt;.55&lt;/td&gt;
            &lt;td align=&quot;center&quot; valign=&quot;top&quot; rowspan=&quot;1&quot; colspan=&quot;1&quot;&gt;−0.71,1.33&lt;/td&gt;
            &lt;td align=&quot;center&quot; valign=&quot;top&quot; rowspan=&quot;1&quot; colspan=&quot;1&quot;&gt;0.22&lt;/td&gt;
          &lt;/tr&gt;
          &lt;tr&gt;
            &lt;td align=&quot;left&quot; valign=&quot;top&quot; rowspan=&quot;1&quot; colspan=&quot;1&quot;&gt; Partner Aggression&lt;/td&gt;
            &lt;td align=&quot;center&quot; valign=&quot;top&quot; rowspan=&quot;1&quot; colspan=&quot;1&quot;&gt;1.89&lt;/td&gt;
            &lt;td align=&quot;center&quot; valign=&quot;top&quot; rowspan=&quot;1&quot; colspan=&quot;1&quot;&gt;0.30&lt;/td&gt;
            &lt;td align=&quot;center&quot; valign=&quot;top&quot; rowspan=&quot;1&quot; colspan=&quot;1&quot;&gt;.001&lt;/td&gt;
            &lt;td align=&quot;center&quot; valign=&quot;top&quot; rowspan=&quot;1&quot; colspan=&quot;1&quot;&gt;1.29, 2.49&lt;/td&gt;
            &lt;td align=&quot;center&quot; valign=&quot;top&quot; rowspan=&quot;1&quot; colspan=&quot;1&quot;&gt;1.72&lt;/td&gt;
            &lt;td align=&quot;center&quot; valign=&quot;top&quot; rowspan=&quot;1&quot; colspan=&quot;1&quot;/&gt;
            &lt;td align=&quot;center&quot; valign=&quot;top&quot; rowspan=&quot;1&quot; colspan=&quot;1&quot;&gt;1.62&lt;/td&gt;
            &lt;td align=&quot;center&quot; valign=&quot;top&quot; rowspan=&quot;1&quot; colspan=&quot;1&quot;&gt;0.34&lt;/td&gt;
            &lt;td align=&quot;center&quot; valign=&quot;top&quot; rowspan=&quot;1&quot; colspan=&quot;1&quot;&gt;&amp;lt;.001&lt;/td&gt;
            &lt;td align=&quot;center&quot; valign=&quot;top&quot; rowspan=&quot;1&quot; colspan=&quot;1&quot;&gt;0.94, 2.30&lt;/td&gt;
            &lt;td align=&quot;center&quot; valign=&quot;top&quot; rowspan=&quot;1&quot; colspan=&quot;1&quot;&gt;1.38&lt;/td&gt;
          &lt;/tr&gt;
          &lt;tr&gt;
            &lt;td align=&quot;left&quot; valign=&quot;top&quot; rowspan=&quot;1&quot; colspan=&quot;1&quot;&gt;  X Recent Alcohol Use&lt;/td&gt;
            &lt;td align=&quot;center&quot; valign=&quot;top&quot; rowspan=&quot;1&quot; colspan=&quot;1&quot;/&gt;
            &lt;td align=&quot;center&quot; valign=&quot;top&quot; rowspan=&quot;1&quot; colspan=&quot;1&quot;/&gt;
            &lt;td align=&quot;center&quot; valign=&quot;top&quot; rowspan=&quot;1&quot; colspan=&quot;1&quot;/&gt;
            &lt;td align=&quot;center&quot; valign=&quot;top&quot; rowspan=&quot;1&quot; colspan=&quot;1&quot;/&gt;
            &lt;td align=&quot;center&quot; valign=&quot;top&quot; rowspan=&quot;1&quot; colspan=&quot;1&quot;/&gt;
            &lt;td align=&quot;center&quot; valign=&quot;top&quot; rowspan=&quot;1&quot; colspan=&quot;1&quot;/&gt;
            &lt;td align=&quot;center&quot; valign=&quot;top&quot; rowspan=&quot;1&quot; colspan=&quot;1&quot;&gt;1.15&lt;/td&gt;
            &lt;td align=&quot;center&quot; valign=&quot;top&quot; rowspan=&quot;1&quot; colspan=&quot;1&quot;&gt;0.71&lt;/td&gt;
            &lt;td align=&quot;center&quot; valign=&quot;top&quot; rowspan=&quot;1&quot; colspan=&quot;1&quot;&gt;.11&lt;/td&gt;
            &lt;td align=&quot;center&quot; valign=&quot;top&quot; rowspan=&quot;1&quot; colspan=&quot;1&quot;&gt;−0.27, 2.57&lt;/td&gt;
            &lt;td align=&quot;center&quot; valign=&quot;top&quot; rowspan=&quot;1&quot; colspan=&quot;1&quot;/&gt;
          &lt;/tr&gt;
          &lt;tr&gt;
            &lt;td align=&quot;left&quot; valign=&quot;top&quot; rowspan=&quot;1&quot; colspan=&quot;1&quot;&gt;Would you have alerted the authorities?&lt;sup&gt;&lt;xref rid=&quot;TFN2&quot; ref-type=&quot;table-fn&quot;&gt;a&lt;/xref&gt;&lt;/sup&gt;&lt;/td&gt;
            &lt;td align=&quot;center&quot; valign=&quot;top&quot; rowspan=&quot;1&quot; colspan=&quot;1&quot;/&gt;
            &lt;td align=&quot;center&quot; valign=&quot;top&quot; rowspan=&quot;1&quot; colspan=&quot;1&quot;/&gt;
            &lt;td align=&quot;center&quot; valign=&quot;top&quot; rowspan=&quot;1&quot; colspan=&quot;1&quot;/&gt;
            &lt;td align=&quot;center&quot; valign=&quot;top&quot; rowspan=&quot;1&quot; colspan=&quot;1&quot;/&gt;
            &lt;td align=&quot;center&quot; valign=&quot;top&quot; rowspan=&quot;1&quot; colspan=&quot;1&quot;/&gt;
            &lt;td align=&quot;center&quot; valign=&quot;top&quot; rowspan=&quot;1&quot; colspan=&quot;1&quot;/&gt;
            &lt;td align=&quot;center&quot; valign=&quot;top&quot; rowspan=&quot;1&quot; colspan=&quot;1&quot;/&gt;
            &lt;td align=&quot;center&quot; valign=&quot;top&quot; rowspan=&quot;1&quot; colspan=&quot;1&quot;/&gt;
            &lt;td align=&quot;center&quot; valign=&quot;top&quot; rowspan=&quot;1&quot; colspan=&quot;1&quot;/&gt;
            &lt;td align=&quot;center&quot; valign=&quot;top&quot; rowspan=&quot;1&quot; colspan=&quot;1&quot;/&gt;
            &lt;td align=&quot;center&quot; valign=&quot;top&quot; rowspan=&quot;1&quot; colspan=&quot;1&quot;/&gt;
          &lt;/tr&gt;
          &lt;tr&gt;
            &lt;td align=&quot;left&quot; valign=&quot;top&quot; rowspan=&quot;1&quot; colspan=&quot;1&quot;&gt; Recent Alcohol Use&lt;/td&gt;
            &lt;td align=&quot;center&quot; valign=&quot;top&quot; rowspan=&quot;1&quot; colspan=&quot;1&quot;&gt;0.73&lt;/td&gt;
            &lt;td align=&quot;center&quot; valign=&quot;top&quot; rowspan=&quot;1&quot; colspan=&quot;1&quot;&gt;0.66&lt;/td&gt;
            &lt;td align=&quot;center&quot; valign=&quot;top&quot; rowspan=&quot;1&quot; colspan=&quot;1&quot;&gt;.28&lt;/td&gt;
            &lt;td align=&quot;center&quot; valign=&quot;top&quot; rowspan=&quot;1&quot; colspan=&quot;1&quot;&gt;−0.59, 2.05&lt;/td&gt;
            &lt;td align=&quot;center&quot; valign=&quot;top&quot; rowspan=&quot;1&quot; colspan=&quot;1&quot;&gt;0.41&lt;/td&gt;
            &lt;td align=&quot;center&quot; valign=&quot;top&quot; rowspan=&quot;1&quot; colspan=&quot;1&quot;/&gt;
            &lt;td align=&quot;center&quot; valign=&quot;top&quot; rowspan=&quot;1&quot; colspan=&quot;1&quot;&gt;0.34&lt;/td&gt;
            &lt;td align=&quot;center&quot; valign=&quot;top&quot; rowspan=&quot;1&quot; colspan=&quot;1&quot;&gt;0.80&lt;/td&gt;
            &lt;td align=&quot;center&quot; valign=&quot;top&quot; rowspan=&quot;1&quot; colspan=&quot;1&quot;&gt;.68&lt;/td&gt;
            &lt;td align=&quot;center&quot; valign=&quot;top&quot; rowspan=&quot;1&quot; colspan=&quot;1&quot;&gt;−1.27, 1.95&lt;/td&gt;
            &lt;td align=&quot;center&quot; valign=&quot;top&quot; rowspan=&quot;1&quot; colspan=&quot;1&quot;&gt;0.19&lt;/td&gt;
          &lt;/tr&gt;
          &lt;tr&gt;
            &lt;td align=&quot;left&quot; valign=&quot;top&quot; rowspan=&quot;1&quot; colspan=&quot;1&quot;&gt; Partner Aggression&lt;/td&gt;
            &lt;td align=&quot;center&quot; valign=&quot;top&quot; rowspan=&quot;1&quot; colspan=&quot;1&quot;&gt;1.04&lt;/td&gt;
            &lt;td align=&quot;center&quot; valign=&quot;top&quot; rowspan=&quot;1&quot; colspan=&quot;1&quot;&gt;0.47&lt;/td&gt;
            &lt;td align=&quot;center&quot; valign=&quot;top&quot; rowspan=&quot;1&quot; colspan=&quot;1&quot;&gt;.03&lt;/td&gt;
            &lt;td align=&quot;center&quot; valign=&quot;top&quot; rowspan=&quot;1&quot; colspan=&quot;1&quot;&gt;0.10, 1.98&lt;/td&gt;
            &lt;td align=&quot;center&quot; valign=&quot;top&quot; rowspan=&quot;1&quot; colspan=&quot;1&quot;&gt;0.59&lt;/td&gt;
            &lt;td align=&quot;center&quot; valign=&quot;top&quot; rowspan=&quot;1&quot; colspan=&quot;1&quot;/&gt;
            &lt;td align=&quot;center&quot; valign=&quot;top&quot; rowspan=&quot;1&quot; colspan=&quot;1&quot;&gt;0.82&lt;/td&gt;
            &lt;td align=&quot;center&quot; valign=&quot;top&quot; rowspan=&quot;1&quot; colspan=&quot;1&quot;&gt;0.54&lt;/td&gt;
            &lt;td align=&quot;center&quot; valign=&quot;top&quot; rowspan=&quot;1&quot; colspan=&quot;1&quot;&gt;.13&lt;/td&gt;
            &lt;td align=&quot;center&quot; valign=&quot;top&quot; rowspan=&quot;1&quot; colspan=&quot;1&quot;&gt;−0.26, 1.89&lt;/td&gt;
            &lt;td align=&quot;center&quot; valign=&quot;top&quot; rowspan=&quot;1&quot; colspan=&quot;1&quot;&gt;0.46&lt;/td&gt;
          &lt;/tr&gt;
          &lt;tr&gt;
            &lt;td align=&quot;left&quot; valign=&quot;top&quot; rowspan=&quot;1&quot; colspan=&quot;1&quot;&gt;  X Recent Alcohol Use&lt;/td&gt;
            &lt;td align=&quot;center&quot; valign=&quot;top&quot; rowspan=&quot;1&quot; colspan=&quot;1&quot;/&gt;
            &lt;td align=&quot;center&quot; valign=&quot;top&quot; rowspan=&quot;1&quot; colspan=&quot;1&quot;/&gt;
            &lt;td align=&quot;center&quot; valign=&quot;top&quot; rowspan=&quot;1&quot; colspan=&quot;1&quot;/&gt;
            &lt;td align=&quot;center&quot; valign=&quot;top&quot; rowspan=&quot;1&quot; colspan=&quot;1&quot;/&gt;
            &lt;td align=&quot;center&quot; valign=&quot;top&quot; rowspan=&quot;1&quot; colspan=&quot;1&quot;/&gt;
            &lt;td align=&quot;center&quot; valign=&quot;top&quot; rowspan=&quot;1&quot; colspan=&quot;1&quot;/&gt;
            &lt;td align=&quot;center&quot; valign=&quot;top&quot; rowspan=&quot;1&quot; colspan=&quot;1&quot;&gt;0.97&lt;/td&gt;
            &lt;td align=&quot;center&quot; valign=&quot;top&quot; rowspan=&quot;1&quot; colspan=&quot;1&quot;&gt;1.12&lt;/td&gt;
            &lt;td align=&quot;center&quot; valign=&quot;top&quot; rowspan=&quot;1&quot; colspan=&quot;1&quot;&gt;.39&lt;/td&gt;
            &lt;td align=&quot;center&quot; valign=&quot;top&quot; rowspan=&quot;1&quot; colspan=&quot;1&quot;&gt;−1.27, 3.21&lt;/td&gt;
            &lt;td align=&quot;center&quot; valign=&quot;top&quot; rowspan=&quot;1&quot; colspan=&quot;1&quot;/&gt;
          &lt;/tr&gt;
          &lt;tr&gt;
            &lt;td align=&quot;left&quot; valign=&quot;top&quot; rowspan=&quot;1&quot; colspan=&quot;1&quot;&gt;How likeable is he?&lt;/td&gt;
            &lt;td align=&quot;center&quot; valign=&quot;top&quot; rowspan=&quot;1&quot; colspan=&quot;1&quot;/&gt;
            &lt;td align=&quot;center&quot; valign=&quot;top&quot; rowspan=&quot;1&quot; colspan=&quot;1&quot;/&gt;
            &lt;td align=&quot;center&quot; valign=&quot;top&quot; rowspan=&quot;1&quot; colspan=&quot;1&quot;/&gt;
            &lt;td align=&quot;center&quot; valign=&quot;top&quot; rowspan=&quot;1&quot; colspan=&quot;1&quot;/&gt;
            &lt;td align=&quot;center&quot; valign=&quot;top&quot; rowspan=&quot;1&quot; colspan=&quot;1&quot;/&gt;
            &lt;td align=&quot;center&quot; valign=&quot;top&quot; rowspan=&quot;1&quot; colspan=&quot;1&quot;/&gt;
            &lt;td align=&quot;center&quot; valign=&quot;top&quot; rowspan=&quot;1&quot; colspan=&quot;1&quot;/&gt;
            &lt;td align=&quot;center&quot; valign=&quot;top&quot; rowspan=&quot;1&quot; colspan=&quot;1&quot;/&gt;
            &lt;td align=&quot;center&quot; valign=&quot;top&quot; rowspan=&quot;1&quot; colspan=&quot;1&quot;/&gt;
            &lt;td align=&quot;center&quot; valign=&quot;top&quot; rowspan=&quot;1&quot; colspan=&quot;1&quot;/&gt;
            &lt;td align=&quot;center&quot; valign=&quot;top&quot; rowspan=&quot;1&quot; colspan=&quot;1&quot;/&gt;
          &lt;/tr&gt;
          &lt;tr&gt;
            &lt;td align=&quot;left&quot; valign=&quot;top&quot; rowspan=&quot;1&quot; colspan=&quot;1&quot;&gt; Recent Alcohol Use&lt;/td&gt;
            &lt;td align=&quot;center&quot; valign=&quot;top&quot; rowspan=&quot;1&quot; colspan=&quot;1&quot;&gt;−0.13&lt;/td&gt;
            &lt;td align=&quot;center&quot; valign=&quot;top&quot; rowspan=&quot;1&quot; colspan=&quot;1&quot;&gt;0.45&lt;/td&gt;
            &lt;td align=&quot;center&quot; valign=&quot;top&quot; rowspan=&quot;1&quot; colspan=&quot;1&quot;&gt;.78&lt;/td&gt;
            &lt;td align=&quot;center&quot; valign=&quot;top&quot; rowspan=&quot;1&quot; colspan=&quot;1&quot;&gt;−1.03, 0.78&lt;/td&gt;
            &lt;td align=&quot;center&quot; valign=&quot;top&quot; rowspan=&quot;1&quot; colspan=&quot;1&quot;&gt;−0.09&lt;/td&gt;
            &lt;td align=&quot;center&quot; valign=&quot;top&quot; rowspan=&quot;1&quot; colspan=&quot;1&quot;/&gt;
            &lt;td align=&quot;center&quot; valign=&quot;top&quot; rowspan=&quot;1&quot; colspan=&quot;1&quot;&gt;0.29&lt;/td&gt;
            &lt;td align=&quot;center&quot; valign=&quot;top&quot; rowspan=&quot;1&quot; colspan=&quot;1&quot;&gt;0.55&lt;/td&gt;
            &lt;td align=&quot;center&quot; valign=&quot;top&quot; rowspan=&quot;1&quot; colspan=&quot;1&quot;&gt;.60&lt;/td&gt;
            &lt;td align=&quot;center&quot; valign=&quot;top&quot; rowspan=&quot;1&quot; colspan=&quot;1&quot;&gt;−0.80, 1.38&lt;/td&gt;
            &lt;td align=&quot;center&quot; valign=&quot;top&quot; rowspan=&quot;1&quot; colspan=&quot;1&quot;&gt;0.20&lt;/td&gt;
          &lt;/tr&gt;
          &lt;tr&gt;
            &lt;td align=&quot;left&quot; valign=&quot;top&quot; rowspan=&quot;1&quot; colspan=&quot;1&quot;&gt; Partner Aggression&lt;/td&gt;
            &lt;td align=&quot;center&quot; valign=&quot;top&quot; rowspan=&quot;1&quot; colspan=&quot;1&quot;&gt;1.97&lt;/td&gt;
            &lt;td align=&quot;center&quot; valign=&quot;top&quot; rowspan=&quot;1&quot; colspan=&quot;1&quot;&gt;0.32&lt;/td&gt;
            &lt;td align=&quot;center&quot; valign=&quot;top&quot; rowspan=&quot;1&quot; colspan=&quot;1&quot;&gt;&amp;lt;.001&lt;/td&gt;
            &lt;td align=&quot;center&quot; valign=&quot;top&quot; rowspan=&quot;1&quot; colspan=&quot;1&quot;&gt;1.33, 2.62&lt;/td&gt;
            &lt;td align=&quot;center&quot; valign=&quot;top&quot; rowspan=&quot;1&quot; colspan=&quot;1&quot;&gt;1.73&lt;/td&gt;
            &lt;td align=&quot;center&quot; valign=&quot;top&quot; rowspan=&quot;1&quot; colspan=&quot;1&quot;/&gt;
            &lt;td align=&quot;center&quot; valign=&quot;top&quot; rowspan=&quot;1&quot; colspan=&quot;1&quot;&gt;2.21&lt;/td&gt;
            &lt;td align=&quot;center&quot; valign=&quot;top&quot; rowspan=&quot;1&quot; colspan=&quot;1&quot;&gt;0.36&lt;/td&gt;
            &lt;td align=&quot;center&quot; valign=&quot;top&quot; rowspan=&quot;1&quot; colspan=&quot;1&quot;&gt;&amp;lt;.001&lt;/td&gt;
            &lt;td align=&quot;center&quot; valign=&quot;top&quot; rowspan=&quot;1&quot; colspan=&quot;1&quot;&gt;1.48, 2.94&lt;/td&gt;
            &lt;td align=&quot;center&quot; valign=&quot;top&quot; rowspan=&quot;1&quot; colspan=&quot;1&quot;&gt;2.13&lt;/td&gt;
          &lt;/tr&gt;
          &lt;tr&gt;
            &lt;td align=&quot;left&quot; valign=&quot;top&quot; rowspan=&quot;1&quot; colspan=&quot;1&quot;&gt;  X Recent Alcohol Use&lt;/td&gt;
            &lt;td align=&quot;center&quot; valign=&quot;top&quot; rowspan=&quot;1&quot; colspan=&quot;1&quot;/&gt;
            &lt;td align=&quot;center&quot; valign=&quot;top&quot; rowspan=&quot;1&quot; colspan=&quot;1&quot;/&gt;
            &lt;td align=&quot;center&quot; valign=&quot;top&quot; rowspan=&quot;1&quot; colspan=&quot;1&quot;/&gt;
            &lt;td align=&quot;center&quot; valign=&quot;top&quot; rowspan=&quot;1&quot; colspan=&quot;1&quot;/&gt;
            &lt;td align=&quot;center&quot; valign=&quot;top&quot; rowspan=&quot;1&quot; colspan=&quot;1&quot;/&gt;
            &lt;td align=&quot;center&quot; valign=&quot;top&quot; rowspan=&quot;1&quot; colspan=&quot;1&quot;/&gt;
            &lt;td align=&quot;center&quot; valign=&quot;top&quot; rowspan=&quot;1&quot; colspan=&quot;1&quot;&gt;−1.03&lt;/td&gt;
            &lt;td align=&quot;center&quot; valign=&quot;top&quot; rowspan=&quot;1&quot; colspan=&quot;1&quot;&gt;0.76&lt;/td&gt;
            &lt;td align=&quot;center&quot; valign=&quot;top&quot; rowspan=&quot;1&quot; colspan=&quot;1&quot;&gt;.18&lt;/td&gt;
            &lt;td align=&quot;center&quot; valign=&quot;top&quot; rowspan=&quot;1&quot; colspan=&quot;1&quot;&gt;−2.57, 0.50&lt;/td&gt;
            &lt;td align=&quot;center&quot; valign=&quot;top&quot; rowspan=&quot;1&quot; colspan=&quot;1&quot;/&gt;
          &lt;/tr&gt;
          &lt;tr&gt;
            &lt;td align=&quot;left&quot; valign=&quot;top&quot; rowspan=&quot;1&quot; colspan=&quot;1&quot;&gt;How responsible was he?&lt;sup&gt;&lt;xref rid=&quot;TFN2&quot; ref-type=&quot;table-fn&quot;&gt;a&lt;/xref&gt;&lt;/sup&gt;&lt;/td&gt;
            &lt;td align=&quot;center&quot; valign=&quot;top&quot; rowspan=&quot;1&quot; colspan=&quot;1&quot;/&gt;
            &lt;td align=&quot;center&quot; valign=&quot;top&quot; rowspan=&quot;1&quot; colspan=&quot;1&quot;/&gt;
            &lt;td align=&quot;center&quot; valign=&quot;top&quot; rowspan=&quot;1&quot; colspan=&quot;1&quot;/&gt;
            &lt;td align=&quot;center&quot; valign=&quot;top&quot; rowspan=&quot;1&quot; colspan=&quot;1&quot;/&gt;
            &lt;td align=&quot;center&quot; valign=&quot;top&quot; rowspan=&quot;1&quot; colspan=&quot;1&quot;/&gt;
            &lt;td align=&quot;center&quot; valign=&quot;top&quot; rowspan=&quot;1&quot; colspan=&quot;1&quot;/&gt;
            &lt;td align=&quot;center&quot; valign=&quot;top&quot; rowspan=&quot;1&quot; colspan=&quot;1&quot;/&gt;
            &lt;td align=&quot;center&quot; valign=&quot;top&quot; rowspan=&quot;1&quot; colspan=&quot;1&quot;/&gt;
            &lt;td align=&quot;center&quot; valign=&quot;top&quot; rowspan=&quot;1&quot; colspan=&quot;1&quot;/&gt;
            &lt;td align=&quot;center&quot; valign=&quot;top&quot; rowspan=&quot;1&quot; colspan=&quot;1&quot;/&gt;
            &lt;td align=&quot;center&quot; valign=&quot;top&quot; rowspan=&quot;1&quot; colspan=&quot;1&quot;/&gt;
          &lt;/tr&gt;
          &lt;tr&gt;
            &lt;td align=&quot;left&quot; valign=&quot;top&quot; rowspan=&quot;1&quot; colspan=&quot;1&quot;&gt; Recent Alcohol Use&lt;/td&gt;
            &lt;td align=&quot;center&quot; valign=&quot;top&quot; rowspan=&quot;1&quot; colspan=&quot;1&quot;&gt;0.37&lt;/td&gt;
            &lt;td align=&quot;center&quot; valign=&quot;top&quot; rowspan=&quot;1&quot; colspan=&quot;1&quot;&gt;0.63&lt;/td&gt;
            &lt;td align=&quot;center&quot; valign=&quot;top&quot; rowspan=&quot;1&quot; colspan=&quot;1&quot;&gt;.56&lt;/td&gt;
            &lt;td align=&quot;center&quot; valign=&quot;top&quot; rowspan=&quot;1&quot; colspan=&quot;1&quot;&gt;−0.89, 1.63&lt;/td&gt;
            &lt;td align=&quot;center&quot; valign=&quot;top&quot; rowspan=&quot;1&quot; colspan=&quot;1&quot;&gt;0.22&lt;/td&gt;
            &lt;td align=&quot;center&quot; valign=&quot;top&quot; rowspan=&quot;1&quot; colspan=&quot;1&quot;/&gt;
            &lt;td align=&quot;center&quot; valign=&quot;top&quot; rowspan=&quot;1&quot; colspan=&quot;1&quot;&gt;0.07&lt;/td&gt;
            &lt;td align=&quot;center&quot; valign=&quot;top&quot; rowspan=&quot;1&quot; colspan=&quot;1&quot;&gt;0.76&lt;/td&gt;
            &lt;td align=&quot;center&quot; valign=&quot;top&quot; rowspan=&quot;1&quot; colspan=&quot;1&quot;&gt;.93&lt;/td&gt;
            &lt;td align=&quot;center&quot; valign=&quot;top&quot; rowspan=&quot;1&quot; colspan=&quot;1&quot;&gt;−1.46, 1.60&lt;/td&gt;
            &lt;td align=&quot;center&quot; valign=&quot;top&quot; rowspan=&quot;1&quot; colspan=&quot;1&quot;&gt;0.04&lt;/td&gt;
          &lt;/tr&gt;
          &lt;tr&gt;
            &lt;td align=&quot;left&quot; valign=&quot;top&quot; rowspan=&quot;1&quot; colspan=&quot;1&quot;&gt; Partner Aggression&lt;/td&gt;
            &lt;td align=&quot;center&quot; valign=&quot;top&quot; rowspan=&quot;1&quot; colspan=&quot;1&quot;&gt;0.97&lt;/td&gt;
            &lt;td align=&quot;center&quot; valign=&quot;top&quot; rowspan=&quot;1&quot; colspan=&quot;1&quot;&gt;0.45&lt;/td&gt;
            &lt;td align=&quot;center&quot; valign=&quot;top&quot; rowspan=&quot;1&quot; colspan=&quot;1&quot;&gt;.03&lt;/td&gt;
            &lt;td align=&quot;center&quot; valign=&quot;top&quot; rowspan=&quot;1&quot; colspan=&quot;1&quot;&gt;0.07, 1.87&lt;/td&gt;
            &lt;td align=&quot;center&quot; valign=&quot;top&quot; rowspan=&quot;1&quot; colspan=&quot;1&quot;&gt;0.59&lt;/td&gt;
            &lt;td align=&quot;center&quot; valign=&quot;top&quot; rowspan=&quot;1&quot; colspan=&quot;1&quot;/&gt;
            &lt;td align=&quot;center&quot; valign=&quot;top&quot; rowspan=&quot;1&quot; colspan=&quot;1&quot;&gt;0.80&lt;/td&gt;
            &lt;td align=&quot;center&quot; valign=&quot;top&quot; rowspan=&quot;1&quot; colspan=&quot;1&quot;&gt;0.51&lt;/td&gt;
            &lt;td align=&quot;center&quot; valign=&quot;top&quot; rowspan=&quot;1&quot; colspan=&quot;1&quot;&gt;.12&lt;/td&gt;
            &lt;td align=&quot;center&quot; valign=&quot;top&quot; rowspan=&quot;1&quot; colspan=&quot;1&quot;&gt;−0.22, 1.82&lt;/td&gt;
            &lt;td align=&quot;center&quot; valign=&quot;top&quot; rowspan=&quot;1&quot; colspan=&quot;1&quot;&gt;0.50&lt;/td&gt;
          &lt;/tr&gt;
          &lt;tr&gt;
            &lt;td align=&quot;left&quot; valign=&quot;top&quot; rowspan=&quot;1&quot; colspan=&quot;1&quot;&gt;  X Recent Alcohol Use&lt;/td&gt;
            &lt;td align=&quot;center&quot; valign=&quot;top&quot; rowspan=&quot;1&quot; colspan=&quot;1&quot;/&gt;
            &lt;td align=&quot;center&quot; valign=&quot;top&quot; rowspan=&quot;1&quot; colspan=&quot;1&quot;/&gt;
            &lt;td align=&quot;center&quot; valign=&quot;top&quot; rowspan=&quot;1&quot; colspan=&quot;1&quot;/&gt;
            &lt;td align=&quot;center&quot; valign=&quot;top&quot; rowspan=&quot;1&quot; colspan=&quot;1&quot;/&gt;
            &lt;td align=&quot;center&quot; valign=&quot;top&quot; rowspan=&quot;1&quot; colspan=&quot;1&quot;/&gt;
            &lt;td align=&quot;center&quot; valign=&quot;top&quot; rowspan=&quot;1&quot; colspan=&quot;1&quot;/&gt;
            &lt;td align=&quot;center&quot; valign=&quot;top&quot; rowspan=&quot;1&quot; colspan=&quot;1&quot;&gt;0.74&lt;/td&gt;
            &lt;td align=&quot;center&quot; valign=&quot;top&quot; rowspan=&quot;1&quot; colspan=&quot;1&quot;&gt;1.07&lt;/td&gt;
            &lt;td align=&quot;center&quot; valign=&quot;top&quot; rowspan=&quot;1&quot; colspan=&quot;1&quot;&gt;.49&lt;/td&gt;
            &lt;td align=&quot;center&quot; valign=&quot;top&quot; rowspan=&quot;1&quot; colspan=&quot;1&quot;&gt;−1.40, 2.88&lt;/td&gt;
            &lt;td align=&quot;center&quot; valign=&quot;top&quot; rowspan=&quot;1&quot; colspan=&quot;1&quot;/&gt;
          &lt;/tr&gt;
          &lt;tr&gt;
            &lt;td align=&quot;left&quot; valign=&quot;top&quot; rowspan=&quot;1&quot; colspan=&quot;1&quot;&gt;How aggressive was he?&lt;sup&gt;&lt;xref rid=&quot;TFN2&quot; ref-type=&quot;table-fn&quot;&gt;a&lt;/xref&gt;&lt;/sup&gt;&lt;/td&gt;
            &lt;td align=&quot;center&quot; valign=&quot;top&quot; rowspan=&quot;1&quot; colspan=&quot;1&quot;/&gt;
            &lt;td align=&quot;center&quot; valign=&quot;top&quot; rowspan=&quot;1&quot; colspan=&quot;1&quot;/&gt;
            &lt;td align=&quot;center&quot; valign=&quot;top&quot; rowspan=&quot;1&quot; colspan=&quot;1&quot;/&gt;
            &lt;td align=&quot;center&quot; valign=&quot;top&quot; rowspan=&quot;1&quot; colspan=&quot;1&quot;/&gt;
            &lt;td align=&quot;center&quot; valign=&quot;top&quot; rowspan=&quot;1&quot; colspan=&quot;1&quot;/&gt;
            &lt;td align=&quot;center&quot; valign=&quot;top&quot; rowspan=&quot;1&quot; colspan=&quot;1&quot;/&gt;
            &lt;td align=&quot;center&quot; valign=&quot;top&quot; rowspan=&quot;1&quot; colspan=&quot;1&quot;/&gt;
            &lt;td align=&quot;center&quot; valign=&quot;top&quot; rowspan=&quot;1&quot; colspan=&quot;1&quot;/&gt;
            &lt;td align=&quot;center&quot; valign=&quot;top&quot; rowspan=&quot;1&quot; colspan=&quot;1&quot;/&gt;
            &lt;td align=&quot;center&quot; valign=&quot;top&quot; rowspan=&quot;1&quot; colspan=&quot;1&quot;/&gt;
            &lt;td align=&quot;center&quot; valign=&quot;top&quot; rowspan=&quot;1&quot; colspan=&quot;1&quot;/&gt;
          &lt;/tr&gt;
          &lt;tr&gt;
            &lt;td align=&quot;left&quot; valign=&quot;top&quot; rowspan=&quot;1&quot; colspan=&quot;1&quot;&gt; Recent Alcohol Use&lt;/td&gt;
            &lt;td align=&quot;center&quot; valign=&quot;top&quot; rowspan=&quot;1&quot; colspan=&quot;1&quot;&gt;0.19&lt;/td&gt;
            &lt;td align=&quot;center&quot; valign=&quot;top&quot; rowspan=&quot;1&quot; colspan=&quot;1&quot;&gt;0.42&lt;/td&gt;
            &lt;td align=&quot;center&quot; valign=&quot;top&quot; rowspan=&quot;1&quot; colspan=&quot;1&quot;&gt;.64&lt;/td&gt;
            &lt;td align=&quot;center&quot; valign=&quot;top&quot; rowspan=&quot;1&quot; colspan=&quot;1&quot;&gt;−0.65, 1.03&lt;/td&gt;
            &lt;td align=&quot;center&quot; valign=&quot;top&quot; rowspan=&quot;1&quot; colspan=&quot;1&quot;&gt;0.16&lt;/td&gt;
            &lt;td align=&quot;center&quot; valign=&quot;top&quot; rowspan=&quot;1&quot; colspan=&quot;1&quot;/&gt;
            &lt;td align=&quot;center&quot; valign=&quot;top&quot; rowspan=&quot;1&quot; colspan=&quot;1&quot;&gt;0.40&lt;/td&gt;
            &lt;td align=&quot;center&quot; valign=&quot;top&quot; rowspan=&quot;1&quot; colspan=&quot;1&quot;&gt;0.51&lt;/td&gt;
            &lt;td align=&quot;center&quot; valign=&quot;top&quot; rowspan=&quot;1&quot; colspan=&quot;1&quot;&gt;.43&lt;/td&gt;
            &lt;td align=&quot;center&quot; valign=&quot;top&quot; rowspan=&quot;1&quot; colspan=&quot;1&quot;&gt;−0.61, 1.42&lt;/td&gt;
            &lt;td align=&quot;center&quot; valign=&quot;top&quot; rowspan=&quot;1&quot; colspan=&quot;1&quot;&gt;0.34&lt;/td&gt;
          &lt;/tr&gt;
          &lt;tr&gt;
            &lt;td align=&quot;left&quot; valign=&quot;top&quot; rowspan=&quot;1&quot; colspan=&quot;1&quot;&gt; Partner Aggression&lt;/td&gt;
            &lt;td align=&quot;center&quot; valign=&quot;top&quot; rowspan=&quot;1&quot; colspan=&quot;1&quot;&gt;1.24&lt;/td&gt;
            &lt;td align=&quot;center&quot; valign=&quot;top&quot; rowspan=&quot;1&quot; colspan=&quot;1&quot;&gt;0.30&lt;/td&gt;
            &lt;td align=&quot;center&quot; valign=&quot;top&quot; rowspan=&quot;1&quot; colspan=&quot;1&quot;&gt;&amp;lt;.001&lt;/td&gt;
            &lt;td align=&quot;center&quot; valign=&quot;top&quot; rowspan=&quot;1&quot; colspan=&quot;1&quot;&gt;0.64, 1.84&lt;/td&gt;
            &lt;td align=&quot;center&quot; valign=&quot;top&quot; rowspan=&quot;1&quot; colspan=&quot;1&quot;&gt;1.19&lt;/td&gt;
            &lt;td align=&quot;center&quot; valign=&quot;top&quot; rowspan=&quot;1&quot; colspan=&quot;1&quot;/&gt;
            &lt;td align=&quot;center&quot; valign=&quot;top&quot; rowspan=&quot;1&quot; colspan=&quot;1&quot;&gt;1.36&lt;/td&gt;
            &lt;td align=&quot;center&quot; valign=&quot;top&quot; rowspan=&quot;1&quot; colspan=&quot;1&quot;&gt;0.34&lt;/td&gt;
            &lt;td align=&quot;center&quot; valign=&quot;top&quot; rowspan=&quot;1&quot; colspan=&quot;1&quot;&gt;&amp;lt;.001&lt;/td&gt;
            &lt;td align=&quot;center&quot; valign=&quot;top&quot; rowspan=&quot;1&quot; colspan=&quot;1&quot;&gt;0.68, 2.03&lt;/td&gt;
            &lt;td align=&quot;center&quot; valign=&quot;top&quot; rowspan=&quot;1&quot; colspan=&quot;1&quot;&gt;1.35&lt;/td&gt;
          &lt;/tr&gt;
          &lt;tr&gt;
            &lt;td align=&quot;left&quot; valign=&quot;top&quot; rowspan=&quot;1&quot; colspan=&quot;1&quot;&gt;  X Recent Alcohol Uses&lt;/td&gt;
            &lt;td align=&quot;center&quot; valign=&quot;top&quot; rowspan=&quot;1&quot; colspan=&quot;1&quot;/&gt;
            &lt;td align=&quot;center&quot; valign=&quot;top&quot; rowspan=&quot;1&quot; colspan=&quot;1&quot;/&gt;
            &lt;td align=&quot;center&quot; valign=&quot;top&quot; rowspan=&quot;1&quot; colspan=&quot;1&quot;/&gt;
            &lt;td align=&quot;center&quot; valign=&quot;top&quot; rowspan=&quot;1&quot; colspan=&quot;1&quot;/&gt;
            &lt;td align=&quot;center&quot; valign=&quot;top&quot; rowspan=&quot;1&quot; colspan=&quot;1&quot;/&gt;
            &lt;td align=&quot;center&quot; valign=&quot;top&quot; rowspan=&quot;1&quot; colspan=&quot;1&quot;/&gt;
            &lt;td align=&quot;center&quot; valign=&quot;top&quot; rowspan=&quot;1&quot; colspan=&quot;1&quot;&gt;−0.52&lt;/td&gt;
            &lt;td align=&quot;center&quot; valign=&quot;top&quot; rowspan=&quot;1&quot; colspan=&quot;1&quot;&gt;0.71&lt;/td&gt;
            &lt;td align=&quot;center&quot; valign=&quot;top&quot; rowspan=&quot;1&quot; colspan=&quot;1&quot;&gt;.47&lt;/td&gt;
            &lt;td align=&quot;center&quot; valign=&quot;top&quot; rowspan=&quot;1&quot; colspan=&quot;1&quot;&gt;−1.94, 0.90&lt;/td&gt;
            &lt;td align=&quot;center&quot; valign=&quot;top&quot; rowspan=&quot;1&quot; colspan=&quot;1&quot;/&gt;
          &lt;/tr&gt;
          &lt;tr&gt;
            &lt;td align=&quot;left&quot; valign=&quot;top&quot; rowspan=&quot;1&quot; colspan=&quot;1&quot;/&gt;
            &lt;td align=&quot;center&quot; valign=&quot;top&quot; rowspan=&quot;1&quot; colspan=&quot;1&quot;/&gt;
            &lt;td align=&quot;center&quot; valign=&quot;top&quot; rowspan=&quot;1&quot; colspan=&quot;1&quot;/&gt;
            &lt;td align=&quot;center&quot; valign=&quot;top&quot; rowspan=&quot;1&quot; colspan=&quot;1&quot;/&gt;
            &lt;td align=&quot;center&quot; valign=&quot;top&quot; rowspan=&quot;1&quot; colspan=&quot;1&quot;/&gt;
            &lt;td align=&quot;center&quot; valign=&quot;top&quot; rowspan=&quot;1&quot; colspan=&quot;1&quot;/&gt;
            &lt;td align=&quot;center&quot; valign=&quot;top&quot; rowspan=&quot;1&quot; colspan=&quot;1&quot;/&gt;
            &lt;td align=&quot;center&quot; valign=&quot;top&quot; rowspan=&quot;1&quot; colspan=&quot;1&quot;/&gt;
            &lt;td align=&quot;center&quot; valign=&quot;top&quot; rowspan=&quot;1&quot; colspan=&quot;1&quot;/&gt;
            &lt;td align=&quot;center&quot; valign=&quot;top&quot; rowspan=&quot;1&quot; colspan=&quot;1&quot;/&gt;
            &lt;td align=&quot;center&quot; valign=&quot;top&quot; rowspan=&quot;1&quot; colspan=&quot;1&quot;/&gt;
            &lt;td align=&quot;center&quot; valign=&quot;top&quot; rowspan=&quot;1&quot; colspan=&quot;1&quot;/&gt;
          &lt;/tr&gt;
        &lt;/tbody&gt;
      &lt;/table&gt;
</infon><offset>30273</offset><text>	Block 2		Block 3	 	Model	b	SE	p	95% ConfidenceInterval	d		b	SE	p	95% ConfidenceInterval	d	 	Did he have the right to behave as he did?												 	 Recent Alcohol Use	0.77	0.43	.08	−0.09, 1.63	0.57		0.31	0.51	.55	−0.71,1.33	0.22	 	 Partner Aggression	1.89	0.30	.001	1.29, 2.49	1.72		1.62	0.34	&lt;.001	0.94, 2.30	1.38	 	  X Recent Alcohol Use							1.15	0.71	.11	−0.27, 2.57		 	Would you have alerted the authorities?a												 	 Recent Alcohol Use	0.73	0.66	.28	−0.59, 2.05	0.41		0.34	0.80	.68	−1.27, 1.95	0.19	 	 Partner Aggression	1.04	0.47	.03	0.10, 1.98	0.59		0.82	0.54	.13	−0.26, 1.89	0.46	 	  X Recent Alcohol Use							0.97	1.12	.39	−1.27, 3.21		 	How likeable is he?												 	 Recent Alcohol Use	−0.13	0.45	.78	−1.03, 0.78	−0.09		0.29	0.55	.60	−0.80, 1.38	0.20	 	 Partner Aggression	1.97	0.32	&lt;.001	1.33, 2.62	1.73		2.21	0.36	&lt;.001	1.48, 2.94	2.13	 	  X Recent Alcohol Use							−1.03	0.76	.18	−2.57, 0.50		 	How responsible was he?a												 	 Recent Alcohol Use	0.37	0.63	.56	−0.89, 1.63	0.22		0.07	0.76	.93	−1.46, 1.60	0.04	 	 Partner Aggression	0.97	0.45	.03	0.07, 1.87	0.59		0.80	0.51	.12	−0.22, 1.82	0.50	 	  X Recent Alcohol Use							0.74	1.07	.49	−1.40, 2.88		 	How aggressive was he?a												 	 Recent Alcohol Use	0.19	0.42	.64	−0.65, 1.03	0.16		0.40	0.51	.43	−0.61, 1.42	0.34	 	 Partner Aggression	1.24	0.30	&lt;.001	0.64, 1.84	1.19		1.36	0.34	&lt;.001	0.68, 2.03	1.35	 	  X Recent Alcohol Uses							−0.52	0.71	.47	−1.94, 0.90		 													 	</text></passage><passage><infon key="file">T1.xml</infon><infon key="id">T1</infon><infon key="section_type">TABLE</infon><infon key="type">table_footnote</infon><offset>31828</offset><text>Note. Data were modeled using hierarchical multiple regression, outcome ratings range from one to seven, b = unstandardized coefficient, SE = standard error, p = p-value, d = Cohen’s d effect size. All models control for alcohol use frequency in block 1. Recent Alcohol Use (0 = no alcohol used in the last 24 hours, 1 = alcohol used in the last 24 hours); Partner Aggression (0 = no partner violence perpetration in the past year, 1 = partner violence perpetration in the past year).</text></passage><passage><infon key="file">T1.xml</infon><infon key="id">T1</infon><infon key="section_type">TABLE</infon><infon key="type">table_footnote</infon><offset>32315</offset><text>Items were reverse coded so that higher scores would reflect more positive perceptions of aggressive behaviors or the aggressor.</text></passage></document></collection>
