<?xml version="1.0" encoding="UTF-8"?>
<!DOCTYPE collection SYSTEM "BioC.dtd">
<collection><source>PMC</source><date>20210103</date><key>pmc.key</key><document><id>5856122</id><infon key="license">author_manuscript</infon><passage><infon key="article-id_doi">10.1016/j.comtox.2017.04.001</infon><infon key="article-id_manuscript">NIHMS939671</infon><infon key="article-id_pmc">5856122</infon><infon key="article-id_pmid">29556587</infon><infon key="fpage">25</infon><infon key="kwd">Systems toxicology computational challenge species-translatable gene signature smoking biomarker predictive modeling</infon><infon key="license">
          This file is available for text mining. It may also be used consistent with the principles of fair use under the copyright law.
        </infon><infon key="lpage">30</infon><infon key="name_0">surname:Saraç;given-names:Ömer Sinan</infon><infon key="name_1">surname:Kumar;given-names:Rahul</infon><infon key="name_2">surname:Dhanda;given-names:Sandeep Kumar</infon><infon key="name_3">surname:Balcı;given-names:Ali Tuğrul</infon><infon key="name_4">surname:Bilgen;given-names:İsmail</infon><infon key="name_5">surname:Romero;given-names:Roberto</infon><infon key="name_6">surname:Tarca;given-names:Adi L.</infon><infon key="section_type">TITLE</infon><infon key="type">front</infon><infon key="volume">5</infon><infon key="year">2019</infon><offset>0</offset><text>Species translatable blood gene signature as a marker of exposure to smoking: computational approaches of the top ranked teams in the sbv IMPROVER Systems Toxicology challenge</text></passage><passage><infon key="section_type">ABSTRACT</infon><infon key="type">abstract</infon><offset>176</offset><text>Crowdsourcing has been used to address computational challenges in systems biology and assess translation of findings across species. Sub-challenge 2 of the sbv IMPROVER Systems Toxicology Challenge was designed to determine whether a common set of genes can be used to identify exposure to cigarette smoke in both human and mouse. Participating teams used a training set of human and mouse blood gene expression data to derive parsimonious models (up to 40 genes) that classify subjects into exposure groups: smokers, former smokers, and never-smokers. Teams were ranked based on two classification performance metrics evaluated on a blinded test dataset. Prediction of current exposure to cigarette smoke in human and mouse by a common prediction model was achieved by the top ranked team (Team 219) with 89% balanced accuracy (BAC), while past exposure was predicted with only 57% BAC. The prediction model of the top ranked team was a random forest classifier trained on sets of genes that appeared best for each species separately with no overlap between species. By contrast, Team 264, ranked second (tied with Team 250), selected genes that were simultaneously predictive in both species and achieved 80% and 59% BAC when predicting current and past exposure, respectively. These performance values were lower than the 96.5% and 61% BAC estimates for current and past exposure, respectively, obtained by Team 264 (top ranked in sub-challenge 1) when using only human data. Unlike past exposure, current exposure to cigarette smoke can be accurately assessed in both human and mouse with a common prediction model based on blood mRNAs. However, requiring a common gene signature to be predictive in both species resulted in a substantial decrease in balanced accuracy for prediction of current exposure to cigarette smoke (from 96.5% to 80%), suggesting species-specific responses exist.</text></passage><passage><infon key="section_type">INTRO</infon><infon key="type">title_1</infon><offset>2070</offset><text>Introduction</text></passage><passage><infon key="section_type">INTRO</infon><infon key="type">paragraph</infon><offset>2083</offset><text>The assumption at the basis of many omics experiments in animal models is that biological insight is translatable to humans. An important requirement to ensure translatability of findings is the use of robust analytical approaches in the analysis of omics data. Computational challenges in the area of omics data analysis have been addressed using crowdsourcing, as a way to both: i) explore existing approaches and identify those that work best and ii) test the robustness of omics-based findings by comparing signatures derived from a training dataset to an analyst-blinded independent test dataset. An example of a crowdsourcing-based initiative to test the rodent to human translatability assumption is the sbv IMPROVER Species Translation Challenge (2013), which aimed at determining to what extent biological processes perturbed by various stimuli in human cells can be inferred from omics data collected in rodents. Similarly, sub-challenge 2 of the sbv IMPROVER Systems Toxicology Challenge (2106), which is the subject of this article, was designed to test whether exposure to cigarette smoke can be detected/predicted in both mouse and human by a parsimonious common set of blood mRNAs. The ability to translate the impact of such toxicants from animals to humans is key in systems toxicology, which is enabled by the ability to profile tens of thousands of molecules (e.g. mRNAs) in biological samples using omics technologies such as gene expression microarrays. While sub-challenge 1 of the Systems Toxicology Challenge showed that microarray gene expression data generated from human blood samples allowed confident discrimination of current smokers from former and never-smokers, it was not known whether the same genes were implicated in both rodent and human. The challenge organizers provided a training gene expression dataset derived from mouse and human blood samples for current, former, and never cigarette smoke exposed individuals and ranked participating teams based on the performance of their models in predicting the exposure status on a new set of samples (test dataset). The aim of this article is to describe the approaches and results of the top three teams that participated in this sub-challenge, focusing on key aspects of the methodologies that might explain the similarity and differences in the cigarette smoke-exposure classification models that they developed.</text></passage><passage><infon key="section_type">METHODS</infon><infon key="type">title_1</infon><offset>4485</offset><text>Methods</text></passage><passage><infon key="section_type">METHODS</infon><infon key="type">title_2</infon><offset>4493</offset><text>Challenge organization</text></passage><passage><infon key="section_type">METHODS</infon><infon key="type">paragraph</infon><offset>4516</offset><text>The human training dataset that was made available to participating teams was based on the Queen Ann Street Medical Center (QASMC) clinical case–control study conducted at the Heart and Lung Centre (London, UK) (see ClinicalTrials.gov, ID: NCT01780298) and included gene expression data from 109 smokers, 57 former smokers, and 58 never-smokers. The test dataset was obtained by expression profiling blood samples from a banked repository (BioServe Biotechnologies Ltd., Beltsville, MD, USA) and included samples from 27 smokers, 26 former smokers, and 28 never-smokers. After total RNA extraction, hybridization was performed on Affymetrix GeneChip® Human Genome U133 Plus 2.0 arrays.</text></passage><passage><infon key="section_type">METHODS</infon><infon key="type">paragraph</infon><offset>5205</offset><text>The mouse training dataset was based on a 7-month cigarette smoke inhalation study conducted with C57BL/6 mice and included three groups of animals: exposed to smoke for 7 months (equivalent to a human current smoker), exposed to smoke for 2 months followed by exposure to air (equivalent to a human former smoker) and mice continuously exposed to air (equivalent to human never-smoker). The mouse test dataset was based on an 8-months inhalation study conducted with Apoe−/− mice and involved similar groups as the training dataset. After total RNA extraction, hybridization was performed on GeneChip® Mouse Genome 430 2.0 arrays.</text></passage><passage><infon key="section_type">METHODS</infon><infon key="type">paragraph</infon><offset>5842</offset><text>Raw gene expression data (CEL files) were background corrected, normalized, and summarized into one expression value per Entrez gene ID using frozen robust microarray analysis (fRMA). Mouse genes were mapped to human genes using the NCBI/HCOP search tool. See the technical document from the challenge organizers as well as Belcastro et al. in this issue for more details.</text></passage><passage><infon key="section_type">METHODS</infon><infon key="type">paragraph</infon><offset>6215</offset><text>Participating teams were requested to develop a prediction rule that classifies human and rodent expression profiles into exposure groups using training data and then apply it on the test data. For each test sample, the teams provided a confidence value (probability ranging from 0 to 1) that a sample was taken from a smoker (pS) as opposed to a non-current smoker (former smoker or never-smoker (1−ps). For samples assigned to the non-current smoker group (ps ≤0.5) a second classification was requested to determine whether the sample came from a former smoker (pfs) or from a never-smoker (1−pfs). Of note, teams that wrongly classified non-current smokers (former smokers or never-smokers) as smokers were penalized twice by imputing the missing confidence values for those subjects with the worst-case scenario confidence values (e.g., pfs for a former smoker misclassified as smoker was set to 0.0 instead of the ideal 1.0). To enable a direct comparison of the prediction performance between the two classification tasks (smoker vs non-current smoker and former smoker vs never-smoker), predictions for all test samples obtained with former smoker vs never-smoker prediction models were requested post-challenge for top three teams discussed in this article.</text></passage><passage><infon key="section_type">METHODS</infon><infon key="type">paragraph</infon><offset>7488</offset><text>The submissions from the different teams were then ranked by computing the area under the precision recall curve (AUPR) and the Matthew’s correlation coefficient (MCC) for both classification tasks (smoker vs non-current smoker and former smoker vs never-smoker) on the test dataset. The sum of ranks of each team based on four statistics (two metrics × two classification tasks) was used to rank the teams. To determine whether or not the performance metric (AUPR or MCC) of a given team was better than expected by chance, the empirical distribution of AUPR and MCC statistics were determined as described in Belcastro et al. in this issue. The top three teams were invited to contribute to this manuscript.</text></passage><passage><infon key="section_type">METHODS</infon><infon key="type">title_3</infon><offset>8201</offset><text>Approach of first-ranked team (Team 219)</text></passage><passage><infon key="section_type">METHODS</infon><infon key="type">paragraph</infon><offset>8242</offset><text>The team ranked first in this challenge (OSS, ATB, ISB, Team ID 219) relied on a classifier development pipeline based on the selection of a set of features/genes for each classification task, followed by fitting a classification model. All modeling decisions were based solely on the prediction performance assessed on the training data via 10-fold cross-validation. Performance metrics that were considered were accuracy and area under the ROC curve. LASSO regression and random forest algorithms implemented in the corresponding R packages glmnet and randomForest were tested. Both these methods can be used for feature selection and classification, and therefore can be seen as embedded feature selection methods. LASSO is a sparse linear estimator that selects only the most relevant features among all features used as input via a regularization term in the optimization function. Random forest classifiers rely on multiple binary classification trees and can be used to evaluate the importance of features by determining their frequency of selection among 1,000 decision trees built with different bootstrap samples of the training set starting with a random set of features among all available.</text></passage><passage><infon key="section_type">METHODS</infon><infon key="type">paragraph</infon><offset>9445</offset><text>After testing LASSO regression, random forests, and random forests with preselected genes by LASSO regression, the last option was determined to be best (87%, 81%, and 91% accuracy, respectively) for the smoker vs non-current smoker classification. The same approach was then used in the former smoker vs never-smoker classification. The second modeling decision was whether to select features using both human and mouse data at the same time or select features separately for human and mouse datasets and then use the union of these features in the classifier. Selecting predictors for each species separately resulted in 95% accuracy compared with 91% accuracy obtained when feature selection was performed on combined sets at the same time.</text></passage><passage><infon key="section_type">METHODS</infon><infon key="type">title_3</infon><offset>10189</offset><text>Approach of (tied) second-ranked team (Team 250)</text></passage><passage><infon key="section_type">METHODS</infon><infon key="type">paragraph</infon><offset>10238</offset><text>One of the teams ranked second (in a tie) in this challenge (RK, SKD Team ID 250) used a pipeline that included feature selection followed by classification by multiple algorithms. For feature selection, the WEKA (version 3.6.13) platform was used to apply the BestFirst algorithm in the forward direction to build a combination of features predictive of the outcome. The BestFirst algorithm searches the space of attribute subsets by forward inclusion of the features that maximize the classification performance followed by backward deletion of the feature that decreases the performance by the smallest amount. The same algorithm was applied for both classification tasks selecting the maximum allowed number of predictor (40) genes that showed best correlation with the outcome and minimum inter-correlation with other predictor genes.</text></passage><passage><infon key="section_type">METHODS</infon><infon key="type">paragraph</infon><offset>11078</offset><text>Several machine-learning techniques including support vector machines (SVM), artificial neural networks (ANN), K-nearest neighbor (KNN), Naïve Bayes classifier, and random forests were considered (see for a review). The different approaches were compared in terms of their accuracy and mean absolute error estimated by 10-fold cross-validation on the training dataset. The random forest classifiers were selected as the best alternative for both classification tasks. Random forests provide a probability that a given sample belongs to the positive class (e.g. smoker class in the smoker vs non-current smoker classification task) based on the votes of individual trees in the random forest.</text></passage><passage><infon key="section_type">METHODS</infon><infon key="type">title_3</infon><offset>11771</offset><text>Approach of (tied) second-ranked team (Team 264)</text></passage><passage><infon key="section_type">METHODS</infon><infon key="type">paragraph</infon><offset>11820</offset><text>Fit a linear model to gene expression data including the exposure indicator variable (e.g., smoker vs non-current smoker) and the species (mouse vs human) as covariate. The goal was to find genes that changed with the exposure status regardless of the species and hence relevant for both human and mouse simultaneously.</text></passage><passage><infon key="section_type">METHODS</infon><infon key="type">paragraph</infon><offset>12140</offset><text>Rank genes by moderated t-test p-values of the exposure group coefficient and select the first NF candidate genes as those with p &lt;0.05 and fold change in expression between groups greater than a given fold change threshold (FCT). If there were no such NF genes, use (or complement with) top genes ranked solely by p-values.</text></passage><passage><infon key="section_type">METHODS</infon><infon key="type">paragraph</infon><offset>12465</offset><text>Implement a 3-fold cross-validation repeated 10 times to estimate the cross-validated performance (PCV) of a linear discriminant analysis (LDA) model using d genes as predictors, d=1,2, …, NF. The optimal value of d will be the value that maximizes the average performance over the 3×10 cross-validation test sets.</text></passage><passage><infon key="section_type">METHODS</infon><infon key="type">paragraph</infon><offset>12783</offset><text>The approach of the other second ranked team (ALT and RR, Team ID 264) was similar to the one used in previous sbv IMPROVER Challenges but was modified to use a common gene signature for mouse and human. The approach was applied in the same manner to both classification tasks (i.e., smoker vs non-current smoker, and former smoker vs never-smoker and involved the following steps: </text></passage><passage><infon key="section_type">METHODS</infon><infon key="type">paragraph</infon><offset>13166</offset><text>In the steps above, the prediction performance was the average over five different metrics used in previous sbv IMPROVER challenges: belief confusion metric, correct class enrichment metric, area under the ROC curve, AUPR, and balanced accuracy described in detail elsewhere. The optimal values for FCT and NF (leading to highest PCV) were chosen by trial and error over a set of pre-specified FCT values (1.25, 1.5, 2.0) and NF values (5, 6, …, 25). Let p denote the optimal number of predictor genes determined using the optimal value of FCT and NF as described in steps 1 and 2 above. A p-genes final model was fitted using the entire training dataset and then applied to the test data to compute the posterior probability that a given sample belongs to a class of interest (e.g., to the smoker group for smoker vs non-current smoker, or to the former smoker group for former smoker vs never-smoker). All analysis was performed using the R statistical language (version 3.2.2) as well as specialized packages limma (version 3.24.15) (for linear model fitting), and MASS (version 7.3-45) (for LDA model fitting).</text></passage><passage><infon key="section_type">RESULTS</infon><infon key="type">title_1</infon><offset>14283</offset><text>Results</text></passage><passage><infon key="section_type">RESULTS</infon><infon key="type">title_2</infon><offset>14291</offset><text>Prediction performance in the sbv IMPROVER Systems Toxicology sub-challenge 2</text></passage><passage><infon key="section_type">RESULTS</infon><infon key="type">paragraph</infon><offset>14369</offset><text>Of the 15 international teams that provided submissions in sub-challenge 2, only six met all the criteria to be included in the final ranking. Participating teams submitted confidence levels (ranging from 0 to 1) for classifying human samples from 27 smokers, 26 former smokers, and 28 never-smokers, and mouse samples from 12, 8, and 13 animals from corresponding exposure groups. Samples were classified first as smoker vs non-current smoker (task 1) and then as former smoker vs never-smoker (task 2). After ranking teams by AUPR and MCC for each classification task, the sum of ranks was computed for all teams (see Table 1 and Figure 1). Based on principal components analysis using the genes selected as predictors by each of the top three teams, the main source of variability in the combined dataset was determined to be the species/microarray platform, captured by the first principal component, as depicted in Figure S1. The variability in gene expression due to exposure status was captured by the second principal component.</text></passage><passage><infon key="section_type">RESULTS</infon><infon key="type">paragraph</infon><offset>15406</offset><text>The classification of subjects (mouse and human) into smoker vs non-current smoker (or equivalent for mouse) was performed with high accuracy. The top team achieved an AUPR of 0.93, MCC of 0.78 (Table 1), and sensitivity of 85% at 93% specificity (Table 2). Notably, the prediction performance was, in general, higher for the mouse samples than for the human samples for all teams (mouse/human MCC and AUPR: 0.99/0.93 and 0.87/0.78 (Team 219); 0.75/0.79 and 0.96/0.65 (Team 250); 0.81/0.79 and 0.96/0.6 (Team 264)).</text></passage><passage><infon key="section_type">RESULTS</infon><infon key="type">paragraph</infon><offset>15922</offset><text>Additional information about the quality of the classifications not directly captured by the AUPR and MCC statistics is presented in Figure 2 as the distribution of confidence values for the predictions of the top three teams. The first-ranked team (Team 219) classified both actual smokers and non-current smokers correctly with higher confidence (paired Wilcoxon test p &lt;0.00001) than Team 250 but with lower confidence (p &lt;0.00001) than Team 264 (Figure 2A). This is because neither the MCC nor AUPR statistics that were used to rank the teams, reward this qualitative aspect of predictions, which was considered important in previous sbv IMPROVER Challenges.</text></passage><passage><infon key="section_type">RESULTS</infon><infon key="type">paragraph</infon><offset>16585</offset><text>The classification of subjects into former smoker vs never-smoker was more difficult. The top team for this classification task, Team 264, achieved an AUPR of 0.54, MCC of 0.20 (Table 1), and sensitivity of 85% at 32% specificity (74% sensitivity at 40% specificity for Team 219, which was ranked best overall, Table 2). The interquartile range of confidence values that a given subject was a former smoker overlapped between the actual former smokers and never-smokers for all teams (Figure 2, right panel).</text></passage><passage><infon key="section_type">RESULTS</infon><infon key="type">title_2</infon><offset>17094</offset><text>Analysis of the predictor genes identified by top three ranked teams</text></passage><passage><infon key="section_type">RESULTS</infon><infon key="type">paragraph</infon><offset>17163</offset><text>For the classification of subjects into smoker vs non-current smoker, the number of predictor genes used in the models of Teams 264, 219, and 250 were 25, 34, and 40, respectively. AHRR, COX6B2, DSC2, LRRN3, P2RY6, and SASH1 were among the genes chosen as predictors by two of the three teams. A post-challenge analysis revealed that of the 89 genes selected by at least one team in this comparison, F2R was the only one that reached a false discovery rate adjusted p-value (q-value) of &lt;0.1 significance based on moderated t-tests in both the training and test datasets of both human and mouse. Another eight genes, AHRR, KLRG1, PGRMC1, TBX21, WDFY1, GUCY1B3, PF4, and SYTL4, met this significance criterion in three of the four datasets. All these nine genes were down-regulated in the blood samples from current smokers compared with non-current smokers.</text></passage><passage><infon key="section_type">RESULTS</infon><infon key="type">paragraph</infon><offset>18021</offset><text>Gene Ontology functional profiling of the set of 89 predictor genes used by at least one of the top three teams revealed 11 biological processes (such as response to external biotic stimulus, and thrombin receptor signaling pathway) and three molecular functions (enzyme inhibitor activity, peptide receptor activity, and receptor activity) associated with current smoking (q-values &lt;0.05, odds ratios 2.3–93.0). The neuroactive ligand-receptor interaction, Parkinson’s disease, and oxidative phosphorylation pathways from Kyoto Encyclopedia of Genes and Genomes (KEGG) were also associated with current smoking (q-values &lt;0.1, odds ratios 3.9–4.7).</text></passage><passage><infon key="section_type">RESULTS</infon><infon key="type">paragraph</infon><offset>18677</offset><text>For the comparison former smoker vs never-smoker, Teams 219 and 250 each selected 40 predictor genes, while Team 264, which achieved the highest performance in this comparison, selected only eight predictor genes. Among the 85 unique genes chosen by at least one of the teams, CLDN19 was selected by all three teams, while CNTROB was selected by two of the teams, suggesting there was little overlap. None of these genes met the q-value of &lt;0.1 significance level on any of the four datasets.</text></passage><passage><infon key="section_type">DISCUSS</infon><infon key="type">title_1</infon><offset>19170</offset><text>Discussion</text></passage><passage><infon key="section_type">DISCUSS</infon><infon key="type">paragraph</infon><offset>19181</offset><text>The expectation that biological processes and pathways in human and animal models are perturbed in a similar manner by external stimuli is the assumption that underpins many animal model studies, with controversies occurring when lack of translatability of findings are reported. After demonstrating that changes in protein phosphorylation status and gene set activation induced by cellular responses to 52 stimuli in human cells can be predicted to some extent given responses generated in rat cells, the crowdsourcing-based initiative sbv IMPROVER, addressed the question of whether a common set of blood mRNAs can identify exposure to cigarette smoke in both mouse and human. According to the results of sub-challenge 1 of the sbv IMPROVER Systems Toxicology Challenge (see Tarca et al. in this issue), current smokers were distinguished from non-current smokers with 96.5% balanced accuracy (BAC) (100% sensitivity at 93% specificity) (task 1), while former smokers were discriminated from never-smokers with only 61% BAC (65% sensitivity at 57% specificity) (task 2). When a common set of genes was required, and the same analytical approach was used (Team 246) to predict both human and mouse exposure to cigarette smoke (sub-challenge 2), the BAC dropped to 80% (74% sensitivity at 85% specificity) for task 1 and 59% (85% sensitivity at 32% specificity) for task 2. Therefore, we concluded that although good prediction performances for current exposure to smoking can be achieved with a common gene signature for both species, the performance is lower than when a separate model is used for each species because species-specific changes also occur in blood mRNAs.</text></passage><passage><infon key="section_type">DISCUSS</infon><infon key="type">paragraph</infon><offset>20854</offset><text>From a computation perspective, sub-challenge 2 can be seen as a classification problem involving a strata, in this case the species (mouse or human), where the goal was to design a model to predict accurately the outcome/class (exposed vs non-exposed) in a new dataset containing samples (observations) from both strata using a common set of genes. Although the test datasets on which the different models were ranked were not balanced for the two strata (2.5 times more human than mouse samples), all three top teams trained their final model without weighting the samples to favor equally both species. Hence, by default, all models of the top three teams are expected to have favored the most dominant strata (human). However, there are fundamental differences in the way the predictor genes were selected and used by the prediction models of the three teams that can explain, at least in part, the higher accuracy of the Team 219 model compared with the models of Teams 250 and 264.</text></passage><passage><infon key="section_type">DISCUSS</infon><infon key="type">paragraph</infon><offset>21842</offset><text>The least computationally restrictive model, and hence the model that allowed for the best fit of the data, was developed by Team 219, which was deemed best overall in sub-challenge 2. The Team 219 model selected genes by LASSO regression based on human and mouse datasets separately with virtually no overlap between the optimal species-specific gene lists. Then, a random forest model was trained using a combined list of the predictor genes on the combined human and mouse datasets. The second least restrictive model was developed by Team 250 (ranked second) in which genes predictive of the outcome were selected based on the combined human and mouse training datasets. The selected genes were then used in a random forest classifier. The random forest classifiers used by Teams 219 and 250 could easily have leveraged systematic biases between the human and mouse data to determine internally the predictor genes to use for each species separately in the decision trees; hence, defying the goal of the sub-challenge of finding a common (consistent) gene expression signature (genes that were up- or down-regulated in both species at the same time). The accurate identification of the species was easily achievable even based on genes that were initially intended to be predictive for cigarette smoke exposure. Indeed, 68% and 38% of the predictor genes selected by Teams 219 and 250, respectively, for classification task 1 showed systematic differences between the two species (q-value &lt;0.1 and fold change &gt;1.5, consistent direction of change in both training and test datasets). The strong effect of species on overall expression data is depicted in Figure S1, because the first principal component captures differences between species and not between exposure groups.</text></passage><passage><infon key="section_type">DISCUSS</infon><infon key="type">paragraph</infon><offset>23620</offset><text>The most restrictive approach (from a computational perspective), yet aligned most with the main aim of the challenge, was developed by Team 264, in which genes that appeared to be changing consistently with exposure in both strata were selected by adjusting for the species variable in a linear model fitting expression data as a function of the exposure status. Indeed, as can be seen in Figure S1, the gene predictors identified by Team 264 for the smoker vs non-current smoker comparison led to consistent separation of exposure groups in both the human and mouse training and test datasets based on the second principal component (which was not the case when predictor genes of Teams 219 and 250 were used in the principal components analysis). Therefore, a likely explanation for the high performance of the Team 219 prediction model was more freedom (less restriction) in designing the model to fit the available expression data.</text></passage><passage><infon key="section_type">DISCUSS</infon><infon key="type">paragraph</infon><offset>24557</offset><text>The main biological finding of sub-challenge 2 of the sbv IMPROVER Systems Toxicology Challenge was that exposure to cigarette smoke had a significant effect on the blood transcriptome of both human and mouse and that this effect attenuated after one or more years (or equivalently two months for mouse) of exposure cessation. Exposure to cigarette smoke is known to have a broad and long-term impact on genome-wide methylation, and this epigenetic mechanism allows exposed species to respond to the environment through changes in gene expression. Interestingly, AHRR, KLRG1, PGRMC1, TBX21, WDFY1, GUCY1B3, PF4, and SYTL4 mRNAs were all down-regulated with smoking in three or four of the human and mouse datasets used in this study. Moreover, the gene expression changes with current exposure to smoking reflected the perturbation of several biological processes and pathways.</text></passage><passage><infon key="section_type">SUPPL</infon><infon key="type">title_1</infon><offset>25435</offset><text>Supplementary Material</text></passage><passage><infon key="section_type">SUPPL</infon><infon key="type">title</infon><offset>25458</offset><text>Abreviations</text></passage><passage><infon key="section_type">SUPPL</infon><infon key="type">paragraph</infon><offset>25471</offset><text>IMPROVER</text></passage><passage><infon key="section_type">SUPPL</infon><infon key="type">paragraph</infon><offset>25480</offset><text>Industrial Methodology for PROcess VErification in Research</text></passage><passage><infon key="section_type">SUPPL</infon><infon key="type">paragraph</infon><offset>25540</offset><text>LDA</text></passage><passage><infon key="section_type">SUPPL</infon><infon key="type">paragraph</infon><offset>25544</offset><text>Linear Discriminant Analysis</text></passage><passage><infon key="section_type">SUPPL</infon><infon key="type">paragraph</infon><offset>25573</offset><text>LASSO</text></passage><passage><infon key="section_type">SUPPL</infon><infon key="type">paragraph</infon><offset>25579</offset><text>Least Absolute Shrinkage and Selection Operator</text></passage><passage><infon key="section_type">SUPPL</infon><infon key="type">paragraph</infon><offset>25627</offset><text>sbv</text></passage><passage><infon key="section_type">SUPPL</infon><infon key="type">paragraph</infon><offset>25631</offset><text>systems biology verification</text></passage><passage><infon key="fpage">470</infon><infon key="lpage">486</infon><infon key="name_0">surname:Saez-Rodriguez;given-names:J</infon><infon key="name_1">surname:Costello;given-names:JC</infon><infon key="name_2">surname:Friend;given-names:SH</infon><infon key="name_3">surname:Kellen;given-names:MR</infon><infon key="name_4">surname:Mangravite;given-names:L</infon><infon key="name_5">surname:Meyer;given-names:P</infon><infon key="pub-id_pmid">27418159</infon><infon key="section_type">REF</infon><infon key="source">Nat Rev Genet</infon><infon key="type">ref</infon><infon key="volume">17</infon><infon key="year">2016</infon><offset>25660</offset><text>Crowdsourcing biomedical research: leveraging communities as innovation engines</text></passage><passage><infon key="fpage">811</infon><infon key="lpage">815</infon><infon key="name_0">surname:Meyer;given-names:P</infon><infon key="name_1">surname:Alexopoulos;given-names:LG</infon><infon key="name_2">surname:Bonk;given-names:T</infon><infon key="name_3">surname:Califano;given-names:A</infon><infon key="name_4">surname:Cho;given-names:CR</infon><infon key="name_5">surname:de la Fuente;given-names:A</infon><infon key="pub-id_pmid">21904331</infon><infon key="section_type">REF</infon><infon key="source">Nat Biotechnol</infon><infon key="type">ref</infon><infon key="volume">29</infon><infon key="year">2011</infon><offset>25740</offset><text>Verification of systems biology research in the age of collaborative competition</text></passage><passage><infon key="name_0">surname:Rhrissorrakrai;given-names:K</infon><infon key="name_1">surname:Belcastro;given-names:V</infon><infon key="name_2">surname:Bilal;given-names:E</infon><infon key="name_3">surname:Norel;given-names:R</infon><infon key="name_4">surname:Poussin;given-names:C</infon><infon key="name_5">surname:Mathis;given-names:C</infon><infon key="section_type">REF</infon><infon key="source">Bioinformatics under review</infon><infon key="type">ref</infon><infon key="year">2014</infon><offset>25821</offset><text>Understanding the limits of animal models as predictors of human biology: lessons learned from the sbv IMPROVER Species Translation Challenge</text></passage><passage><infon key="fpage">576</infon><infon key="lpage">594</infon><infon key="name_0">surname:Ahuja;given-names:V</infon><infon key="name_1">surname:Sharma;given-names:S</infon><infon key="pub-id_pmid">24777877</infon><infon key="section_type">REF</infon><infon key="source">J Appl Toxicol</infon><infon key="type">ref</infon><infon key="volume">34</infon><infon key="year">2014</infon><offset>25963</offset><text>Drug safety testing paradigm, current progress and future challenges: an overview</text></passage><passage><infon key="fpage">78</infon><infon key="lpage">88</infon><infon key="name_0">surname:Chen;given-names:S</infon><infon key="name_1">surname:Xuan;given-names:J</infon><infon key="name_2">surname:Couch;given-names:L</infon><infon key="name_3">surname:Iyer;given-names:A</infon><infon key="name_4">surname:Wu;given-names:Y</infon><infon key="name_5">surname:Li;given-names:QZ</infon><infon key="section_type">REF</infon><infon key="source">Toxicology</infon><infon key="type">ref</infon><infon key="volume">322C</infon><infon key="year">2014</infon><offset>26045</offset><text>Sertraline induces endoplasmic reticulum stress in hepatic cells</text></passage><passage><infon key="fpage">314</infon><infon key="lpage">329</infon><infon key="name_0">surname:Sturla;given-names:SJ</infon><infon key="name_1">surname:Boobis;given-names:AR</infon><infon key="name_2">surname:FitzGerald;given-names:RE</infon><infon key="name_3">surname:Hoeng;given-names:J</infon><infon key="name_4">surname:Kavlock;given-names:RJ</infon><infon key="name_5">surname:Schirmer;given-names:K</infon><infon key="pub-id_pmid">24446777</infon><infon key="section_type">REF</infon><infon key="source">Chem Res Toxicol</infon><infon key="type">ref</infon><infon key="volume">27</infon><infon key="year">2014</infon><offset>26110</offset><text>Systems toxicology: from basic research to risk assessment</text></passage><passage><infon key="fpage">467</infon><infon key="lpage">470</infon><infon key="name_0">surname:Schena;given-names:M</infon><infon key="name_1">surname:Shalon;given-names:D</infon><infon key="name_2">surname:Davis;given-names:RW</infon><infon key="name_3">surname:Brown;given-names:PO</infon><infon key="pub-id_pmid">7569999</infon><infon key="section_type">REF</infon><infon key="source">Science</infon><infon key="type">ref</infon><infon key="volume">270</infon><infon key="year">1995</infon><offset>26169</offset><text>Quantitative monitoring of gene expression patterns with a complementary DNA microarray</text></passage><passage><infon key="fpage">328</infon><infon key="lpage">345</infon><infon key="name_0">surname:Phillips;given-names:B</infon><infon key="name_1">surname:Veljkovic;given-names:E</infon><infon key="name_2">surname:Peck;given-names:MJ</infon><infon key="name_3">surname:Buettner;given-names:A</infon><infon key="name_4">surname:Elamin;given-names:A</infon><infon key="name_5">surname:Guedj;given-names:E</infon><infon key="pub-id_pmid">25843363</infon><infon key="section_type">REF</infon><infon key="source">Food Chem Toxicol</infon><infon key="type">ref</infon><infon key="volume">80</infon><infon key="year">2015</infon><offset>26257</offset><text>A 7-month cigarette smoke inhalation study in C57BL/6 mice demonstrates reduced lung inflammation and emphysema following smoking cessation or aerosol exposure from a prototypic modified risk tobacco product</text></passage><passage><infon key="fpage">242</infon><infon key="lpage">253</infon><infon key="name_0">surname:McCall;given-names:MN</infon><infon key="name_1">surname:Bolstad;given-names:BM</infon><infon key="name_2">surname:Irizarry;given-names:RA</infon><infon key="pub-id_pmid">20097884</infon><infon key="section_type">REF</infon><infon key="source">Biostatistics</infon><infon key="type">ref</infon><infon key="volume">11</infon><infon key="year">2010</infon><offset>26465</offset><text>Frozen robust multiarray analysis (fRMA)</text></passage><passage><infon key="fpage">2</infon><infon key="lpage">5</infon><infon key="name_0">surname:Eyre;given-names:TA</infon><infon key="name_1">surname:Wright;given-names:MW</infon><infon key="name_2">surname:Lush;given-names:MJ</infon><infon key="name_3">surname:Bruford;given-names:EA</infon><infon key="pub-id_pmid">16951416</infon><infon key="section_type">REF</infon><infon key="source">Brief Bioinform</infon><infon key="type">ref</infon><infon key="volume">8</infon><infon key="year">2007</infon><offset>26506</offset><text>HCOP: a searchable database of human orthology predictions</text></passage><passage><infon key="section_type">REF</infon><infon key="source">The Systems Toxicology Challenge</infon><infon key="type">ref</infon><infon key="year">2015</infon><offset>26565</offset></passage><passage><infon key="fpage">253</infon><infon key="lpage">260</infon><infon key="name_0">surname:Schein;given-names:AI</infon><infon key="name_1">surname:Popescul;given-names:A</infon><infon key="name_2">surname:Ungar;given-names:LH</infon><infon key="name_3">surname:Pennock;given-names:DM</infon><infon key="section_type">REF</infon><infon key="source">Proceedings of the 25th annual international ACM SIGIR conference on Research and development in information retrieval</infon><infon key="type">ref</infon><infon key="year">2002</infon><offset>26566</offset><text>Methods and metrics for cold-start recommendations</text></passage><passage><infon key="fpage">442</infon><infon key="lpage">451</infon><infon key="name_0">surname:Matthews;given-names:BW</infon><infon key="section_type">REF</infon><infon key="source">BiochimBiophysActa</infon><infon key="type">ref</infon><infon key="volume">405</infon><infon key="year">1975</infon><offset>26617</offset><text>Comparison of the predicted and observed secondary structure of T4 phage lysozyme</text></passage><passage><infon key="fpage">267</infon><infon key="lpage">288</infon><infon key="name_0">surname:Tibshirani;given-names:R</infon><infon key="section_type">REF</infon><infon key="source">JRoyStatistSocSerB</infon><infon key="type">ref</infon><infon key="volume">58</infon><infon key="year">1996</infon><offset>26699</offset><text>Regression shrinkage and selection via the lasso</text></passage><passage><infon key="fpage">5</infon><infon key="lpage">32</infon><infon key="name_0">surname:Breiman;given-names:L</infon><infon key="section_type">REF</infon><infon key="source">Machine Learning</infon><infon key="type">ref</infon><infon key="volume">45</infon><infon key="year">2001</infon><offset>26748</offset><text>Random Forests</text></passage><passage><infon key="fpage">1</infon><infon key="lpage">22</infon><infon key="name_0">surname:Friedman;given-names:J</infon><infon key="name_1">surname:Hastie;given-names:T</infon><infon key="name_2">surname:Tibshirani;given-names:R</infon><infon key="section_type">REF</infon><infon key="source">JStatSoftw</infon><infon key="type">ref</infon><infon key="volume">33</infon><infon key="year">2010</infon><offset>26763</offset><text>Regularization Paths for Generalized Linear Models via Coordinate Descent</text></passage><passage><infon key="fpage">18</infon><infon key="lpage">22</infon><infon key="name_0">surname:Liaw;given-names:A</infon><infon key="name_1">surname:Wiener;given-names:M</infon><infon key="section_type">REF</infon><infon key="source">R News</infon><infon key="type">ref</infon><infon key="volume">2</infon><infon key="year">2002</infon><offset>26837</offset><text>Classification and Regression by randomForest</text></passage><passage><infon key="fpage">2479</infon><infon key="lpage">2481</infon><infon key="name_0">surname:Frank;given-names:E</infon><infon key="name_1">surname:Hall;given-names:M</infon><infon key="name_2">surname:Trigg;given-names:L</infon><infon key="name_3">surname:Holmes;given-names:G</infon><infon key="name_4">surname:Witten;given-names:IH</infon><infon key="pub-id_pmid">15073010</infon><infon key="section_type">REF</infon><infon key="source">Bioinformatics</infon><infon key="type">ref</infon><infon key="volume">20</infon><infon key="year">2004</infon><offset>26883</offset><text>Data mining in bioinformatics using Weka</text></passage><passage><infon key="fpage">e116</infon><infon key="name_0">surname:Tarca;given-names:AL</infon><infon key="name_1">surname:Carey;given-names:VJ</infon><infon key="name_2">surname:Chen;given-names:XW</infon><infon key="name_3">surname:Romero;given-names:R</infon><infon key="name_4">surname:Draghici;given-names:S</infon><infon key="pub-id_pmid">17604446</infon><infon key="section_type">REF</infon><infon key="source">PLoS Comput Biol</infon><infon key="type">ref</infon><infon key="volume">3</infon><infon key="year">2007</infon><offset>26924</offset><text>Machine learning and its applications to biology</text></passage><passage><infon key="name_0">surname:Tarca;given-names:AL</infon><infon key="name_1">surname:Than;given-names:NG</infon><infon key="name_2">surname:Romero;given-names:R</infon><infon key="section_type">REF</infon><infon key="source">Systems Biomedicine</infon><infon key="type">ref</infon><infon key="volume">1</infon><infon key="year">2013</infon><offset>26973</offset><text>Methodological approach from the Best Overall Team in the sbv IMPROVER Diagnostic Signature Challenge</text></passage><passage><infon key="name_0">surname:Dayarian;given-names:A</infon><infon key="name_1">surname:Romero;given-names:R</infon><infon key="name_2">surname:Wang;given-names:Z</infon><infon key="name_3">surname:Biehl;given-names:M</infon><infon key="name_4">surname:Bilal;given-names:E</infon><infon key="name_5">surname:Hormoz;given-names:S</infon><infon key="section_type">REF</infon><infon key="source">Bioinformatics</infon><infon key="type">ref</infon><infon key="year">2014</infon><offset>27075</offset><text>Predicting protein phosphorylation from gene expression: top methods from the IMPROVER Species Translation Challenge</text></passage><passage><infon key="fpage">397</infon><infon key="lpage">420</infon><infon key="name_0">surname:Smyth;given-names:GK</infon><infon key="name_1">surname:Gentleman;given-names:R</infon><infon key="name_2">surname:Carey;given-names:VJ</infon><infon key="name_3">surname:Huber;given-names:W</infon><infon key="name_4">surname:Irizarry;given-names:RA</infon><infon key="name_5">surname:Dudoit;given-names:S</infon><infon key="section_type">REF</infon><infon key="source">Bioinformatics and Computational Biology Solutions Using R and Bioconductor</infon><infon key="type">ref</infon><infon key="year">2012</infon><offset>27192</offset><text>Limma: linear models for microarray data</text></passage><passage><infon key="fpage">2892</infon><infon key="lpage">2899</infon><infon key="name_0">surname:Tarca;given-names:AL</infon><infon key="name_1">surname:Lauria;given-names:M</infon><infon key="name_2">surname:Unger;given-names:M</infon><infon key="name_3">surname:Bilal;given-names:E</infon><infon key="name_4">surname:Boue;given-names:S</infon><infon key="name_5">surname:Kumar Dey;given-names:K</infon><infon key="pub-id_pmid">23966112</infon><infon key="section_type">REF</infon><infon key="source">Bioinformatics</infon><infon key="type">ref</infon><infon key="volume">29</infon><infon key="year">2013</infon><offset>27233</offset><text>Strengths and limitations of microarray-based phenotype prediction: lessons learned from the IMPROVER Diagnostic Signature Challenge</text></passage><passage><infon key="section_type">REF</infon><infon key="source">R: a language and environment for statistical computing</infon><infon key="type">ref</infon><infon key="year">2009</infon><offset>27366</offset></passage><passage><infon key="fpage">25</infon><infon key="lpage">29</infon><infon key="name_0">surname:Ashburner;given-names:M</infon><infon key="name_1">surname:Ball;given-names:CA</infon><infon key="name_2">surname:Blake;given-names:JA</infon><infon key="name_3">surname:Botstein;given-names:D</infon><infon key="name_4">surname:Butler;given-names:H</infon><infon key="name_5">surname:Cherry;given-names:JM</infon><infon key="section_type">REF</infon><infon key="source">NatGenet</infon><infon key="type">ref</infon><infon key="volume">25</infon><infon key="year">2000</infon><offset>27367</offset><text>Gene ontology: tool for the unification of biology. The Gene Ontology Consortium</text></passage><passage><infon key="fpage">29</infon><infon key="lpage">34</infon><infon key="name_0">surname:Ogata;given-names:H</infon><infon key="name_1">surname:Goto;given-names:S</infon><infon key="name_2">surname:Sato;given-names:K</infon><infon key="name_3">surname:Fujibuchi;given-names:W</infon><infon key="name_4">surname:Bono;given-names:H</infon><infon key="name_5">surname:Kanehisa;given-names:M</infon><infon key="pub-id_pmid">9847135</infon><infon key="section_type">REF</infon><infon key="source">Nucleic Acids Res</infon><infon key="type">ref</infon><infon key="volume">27</infon><infon key="year">1999</infon><offset>27448</offset><text>KEGG: Kyoto Encyclopedia of Genes and Genomes</text></passage><passage><infon key="fpage">3507</infon><infon key="lpage">3512</infon><infon key="name_0">surname:Seok;given-names:J</infon><infon key="name_1">surname:Warren;given-names:HS</infon><infon key="name_2">surname:Cuenca;given-names:AG</infon><infon key="name_3">surname:Mindrinos;given-names:MN</infon><infon key="name_4">surname:Baker;given-names:HV</infon><infon key="name_5">surname:Xu;given-names:W</infon><infon key="pub-id_pmid">23401516</infon><infon key="section_type">REF</infon><infon key="source">Proc Natl Acad Sci U S A</infon><infon key="type">ref</infon><infon key="volume">110</infon><infon key="year">2013</infon><offset>27494</offset><text>Genomic responses in mouse models poorly mimic human inflammatory diseases</text></passage><passage><infon key="fpage">501</infon><infon key="lpage">508</infon><infon key="name_0">surname:Hafemeister;given-names:C</infon><infon key="name_1">surname:Romero;given-names:R</infon><infon key="name_2">surname:Bilal;given-names:E</infon><infon key="name_3">surname:Meyer;given-names:P</infon><infon key="name_4">surname:Norel;given-names:R</infon><infon key="name_5">surname:Rhrissorrakrai;given-names:K</infon><infon key="pub-id_pmid">25150249</infon><infon key="section_type">REF</infon><infon key="source">Bioinformatics</infon><infon key="type">ref</infon><infon key="volume">31</infon><infon key="year">2015</infon><offset>27569</offset><text>Inter-species pathway perturbation prediction via data-driven detection of functional homology</text></passage><passage><infon key="name_0">surname:Joehanes;given-names:R</infon><infon key="name_1">surname:Just;given-names:AC</infon><infon key="name_2">surname:Marioni;given-names:RE</infon><infon key="name_3">surname:Pilling;given-names:LC</infon><infon key="name_4">surname:Reynolds;given-names:LM</infon><infon key="name_5">surname:Mandaviya;given-names:PR</infon><infon key="section_type">REF</infon><infon key="source">Circ Cardiovasc Genet</infon><infon key="type">ref</infon><infon key="year">2016</infon><offset>27664</offset><text>Epigenetic Signatures of Cigarette Smoking</text></passage><passage><infon key="fpage">245</infon><infon key="issue">Suppl</infon><infon key="lpage">254</infon><infon key="name_0">surname:Jaenisch;given-names:R</infon><infon key="name_1">surname:Bird;given-names:A</infon><infon key="pub-id_pmid">12610534</infon><infon key="section_type">REF</infon><infon key="source">Nat Genet</infon><infon key="type">ref</infon><infon key="volume">33</infon><infon key="year">2003</infon><offset>27707</offset><text>Epigenetic regulation of gene expression: how the genome integrates intrinsic and environmental signals</text></passage><passage><infon key="file">nihms939671f1.jpg</infon><infon key="id">F1</infon><infon key="section_type">FIG</infon><infon key="type">fig_title_caption</infon><offset>27811</offset><text>Classification performance of the six teams with valid submissions in the sbv IMPROVER Systems Toxicology sub-challenge 2</text></passage><passage><infon key="file">nihms939671f1.jpg</infon><infon key="id">F1</infon><infon key="section_type">FIG</infon><infon key="type">fig_caption</infon><offset>27933</offset><text>Data shown represent the ranks (1–6, the smaller the better) for two prediction performance metrics (area under the precision-recall curve, AUPR, and Mathew’s correlation coefficient, MCC) in two classification tasks (smoker vs non-current smoker and former smoker vs never-smoker). The final team ranking is based on the sum of the four individual ranks.</text></passage><passage><infon key="file">nihms939671f2.jpg</infon><infon key="id">F2</infon><infon key="section_type">FIG</infon><infon key="type">fig_title_caption</infon><offset>28293</offset><text>Classification confidence values for the top three teams in the sbv IMPROVER Systems Toxicology sub-challenge 2</text></passage><passage><infon key="file">nihms939671f2.jpg</infon><infon key="id">F2</infon><infon key="section_type">FIG</infon><infon key="type">fig_caption</infon><offset>28405</offset><text>Data shown represent the confidence (0.0–1.0) that blood gene expression profiles belonged to a smoker (left) or former smoker (right). Distribution boxplots are shown by actual smoking status. Thick horizontal lines in the boxes represent median values, while the boxes encompass the first and third quartile.</text></passage><passage><infon key="file">T1.xml</infon><infon key="id">T1</infon><infon key="section_type">TABLE</infon><infon key="type">table_title_caption</infon><offset>28718</offset><text>Performance metrics for participating teams in sub-challenge 2 of the sbv IMPROVER Systems Toxicology Challenge</text></passage><passage><infon key="file">T1.xml</infon><infon key="id">T1</infon><infon key="section_type">TABLE</infon><infon key="type">table_caption</infon><offset>28830</offset><text>Teams were ranked by area under the precision recall curve (AUPR) and Matthew’s correlation coefficient (MCC) in each of the two classification tasks. The ranks of teams (the smaller the better) on each individual metric and task were summed to determine the final rank. The AUPR and MCC values shown in parentheses for the former smoker vs never-smoker classification were determined from all actual confidence values, as opposed to the values outside the parentheses (used in the official ranking) in which missing predictions for some non-current smokers (wrongly classified as smokers) were imputed with the worst case scenario value (see methods section). This explains why even apparently worse than chance performance values (e.g., AUPR &lt;0.5 or MCC &lt;0.0 for Teams 250 and 264) appear as significantly better than chance (p &lt;0.05) based on a simulation of the null distribution of these statistics.</text></passage><passage><infon key="file">T1.xml</infon><infon key="id">T1</infon><infon key="section_type">TABLE</infon><infon key="type">table</infon><infon key="xml">&lt;?xml version=&quot;1.0&quot; encoding=&quot;UTF-8&quot;?&gt;
&lt;table frame=&quot;box&quot; rules=&quot;groups&quot;&gt;
        &lt;thead&gt;
          &lt;tr&gt;
            &lt;th valign=&quot;top&quot; align=&quot;left&quot; rowspan=&quot;1&quot; colspan=&quot;1&quot;/&gt;
            &lt;th valign=&quot;top&quot; align=&quot;left&quot; rowspan=&quot;1&quot; colspan=&quot;1&quot;/&gt;
            &lt;th valign=&quot;top&quot; align=&quot;left&quot; rowspan=&quot;1&quot; colspan=&quot;1&quot;/&gt;
            &lt;th colspan=&quot;4&quot; valign=&quot;top&quot; align=&quot;left&quot; rowspan=&quot;1&quot;&gt;Smoker vs Non-Current Smoker&lt;/th&gt;
            &lt;th colspan=&quot;4&quot; valign=&quot;top&quot; align=&quot;left&quot; rowspan=&quot;1&quot;&gt;Former Smoker vs Never-smoker&lt;/th&gt;
          &lt;/tr&gt;
          &lt;tr&gt;
            &lt;th valign=&quot;top&quot; align=&quot;left&quot; rowspan=&quot;1&quot; colspan=&quot;1&quot;/&gt;
            &lt;th valign=&quot;top&quot; align=&quot;left&quot; rowspan=&quot;1&quot; colspan=&quot;1&quot;/&gt;
            &lt;th valign=&quot;top&quot; align=&quot;left&quot; rowspan=&quot;1&quot; colspan=&quot;1&quot;/&gt;
            &lt;th colspan=&quot;8&quot; align=&quot;left&quot; valign=&quot;bottom&quot; rowspan=&quot;1&quot;&gt;
&lt;hr/&gt;&lt;/th&gt;
          &lt;/tr&gt;
          &lt;tr&gt;
            &lt;th valign=&quot;top&quot; align=&quot;left&quot; rowspan=&quot;1&quot; colspan=&quot;1&quot;&gt;Team&lt;/th&gt;
            &lt;th valign=&quot;top&quot; align=&quot;left&quot; rowspan=&quot;1&quot; colspan=&quot;1&quot;&gt;Final rank&lt;/th&gt;
            &lt;th valign=&quot;top&quot; align=&quot;left&quot; rowspan=&quot;1&quot; colspan=&quot;1&quot;&gt;Sum Ranks&lt;/th&gt;
            &lt;th valign=&quot;top&quot; align=&quot;left&quot; rowspan=&quot;1&quot; colspan=&quot;1&quot;&gt;AUPR&lt;/th&gt;
            &lt;th valign=&quot;top&quot; align=&quot;left&quot; rowspan=&quot;1&quot; colspan=&quot;1&quot;&gt;MCC&lt;/th&gt;
            &lt;th valign=&quot;top&quot; align=&quot;left&quot; rowspan=&quot;1&quot; colspan=&quot;1&quot;&gt;p AUPR&lt;/th&gt;
            &lt;th valign=&quot;top&quot; align=&quot;left&quot; rowspan=&quot;1&quot; colspan=&quot;1&quot;&gt;p MCC&lt;/th&gt;
            &lt;th valign=&quot;top&quot; align=&quot;left&quot; rowspan=&quot;1&quot; colspan=&quot;1&quot;&gt;AUPR&lt;/th&gt;
            &lt;th valign=&quot;top&quot; align=&quot;left&quot; rowspan=&quot;1&quot; colspan=&quot;1&quot;&gt;MCC&lt;/th&gt;
            &lt;th valign=&quot;top&quot; align=&quot;left&quot; rowspan=&quot;1&quot; colspan=&quot;1&quot;&gt;p AUPR&lt;/th&gt;
            &lt;th valign=&quot;top&quot; align=&quot;left&quot; rowspan=&quot;1&quot; colspan=&quot;1&quot;&gt;p MCC&lt;/th&gt;
          &lt;/tr&gt;
        &lt;/thead&gt;
        &lt;tbody&gt;
          &lt;tr&gt;
            &lt;td valign=&quot;top&quot; align=&quot;left&quot; rowspan=&quot;1&quot; colspan=&quot;1&quot;&gt;219&lt;/td&gt;
            &lt;td valign=&quot;top&quot; align=&quot;left&quot; rowspan=&quot;1&quot; colspan=&quot;1&quot;&gt;1&lt;/td&gt;
            &lt;td valign=&quot;top&quot; align=&quot;left&quot; rowspan=&quot;1&quot; colspan=&quot;1&quot;&gt;4&lt;/td&gt;
            &lt;td valign=&quot;top&quot; align=&quot;left&quot; rowspan=&quot;1&quot; colspan=&quot;1&quot;&gt;0.93&lt;/td&gt;
            &lt;td valign=&quot;top&quot; align=&quot;left&quot; rowspan=&quot;1&quot; colspan=&quot;1&quot;&gt;0.78&lt;/td&gt;
            &lt;td valign=&quot;top&quot; align=&quot;left&quot; rowspan=&quot;1&quot; colspan=&quot;1&quot;&gt;0.000&lt;/td&gt;
            &lt;td valign=&quot;top&quot; align=&quot;left&quot; rowspan=&quot;1&quot; colspan=&quot;1&quot;&gt;0.000&lt;/td&gt;
            &lt;td valign=&quot;top&quot; align=&quot;left&quot; rowspan=&quot;1&quot; colspan=&quot;1&quot;&gt;0.45(0.537)&lt;/td&gt;
            &lt;td valign=&quot;top&quot; align=&quot;left&quot; rowspan=&quot;1&quot; colspan=&quot;1&quot;&gt;0.04(0.13)&lt;/td&gt;
            &lt;td valign=&quot;top&quot; align=&quot;left&quot; rowspan=&quot;1&quot; colspan=&quot;1&quot;&gt;0.000&lt;/td&gt;
            &lt;td valign=&quot;top&quot; align=&quot;left&quot; rowspan=&quot;1&quot; colspan=&quot;1&quot;&gt;0.000&lt;/td&gt;
          &lt;/tr&gt;
          &lt;tr&gt;
            &lt;td valign=&quot;top&quot; align=&quot;left&quot; rowspan=&quot;1&quot; colspan=&quot;1&quot;&gt;250&lt;/td&gt;
            &lt;td valign=&quot;top&quot; align=&quot;left&quot; rowspan=&quot;1&quot; colspan=&quot;1&quot;&gt;2&lt;/td&gt;
            &lt;td valign=&quot;top&quot; align=&quot;left&quot; rowspan=&quot;1&quot; colspan=&quot;1&quot;&gt;10&lt;/td&gt;
            &lt;td valign=&quot;top&quot; align=&quot;left&quot; rowspan=&quot;1&quot; colspan=&quot;1&quot;&gt;0.793&lt;/td&gt;
            &lt;td valign=&quot;top&quot; align=&quot;left&quot; rowspan=&quot;1&quot; colspan=&quot;1&quot;&gt;0.65&lt;/td&gt;
            &lt;td valign=&quot;top&quot; align=&quot;left&quot; rowspan=&quot;1&quot; colspan=&quot;1&quot;&gt;0.000&lt;/td&gt;
            &lt;td valign=&quot;top&quot; align=&quot;left&quot; rowspan=&quot;1&quot; colspan=&quot;1&quot;&gt;0.000&lt;/td&gt;
            &lt;td valign=&quot;top&quot; align=&quot;left&quot; rowspan=&quot;1&quot; colspan=&quot;1&quot;&gt;0.36(0.57)&lt;/td&gt;
            &lt;td valign=&quot;top&quot; align=&quot;left&quot; rowspan=&quot;1&quot; colspan=&quot;1&quot;&gt;−0.17(0.05)&lt;/td&gt;
            &lt;td valign=&quot;top&quot; align=&quot;left&quot; rowspan=&quot;1&quot; colspan=&quot;1&quot;&gt;0.000&lt;/td&gt;
            &lt;td valign=&quot;top&quot; align=&quot;left&quot; rowspan=&quot;1&quot; colspan=&quot;1&quot;&gt;0.001&lt;/td&gt;
          &lt;/tr&gt;
          &lt;tr&gt;
            &lt;td valign=&quot;top&quot; align=&quot;left&quot; rowspan=&quot;1&quot; colspan=&quot;1&quot;&gt;264&lt;/td&gt;
            &lt;td valign=&quot;top&quot; align=&quot;left&quot; rowspan=&quot;1&quot; colspan=&quot;1&quot;&gt;2&lt;/td&gt;
            &lt;td valign=&quot;top&quot; align=&quot;left&quot; rowspan=&quot;1&quot; colspan=&quot;1&quot;&gt;10&lt;/td&gt;
            &lt;td valign=&quot;top&quot; align=&quot;left&quot; rowspan=&quot;1&quot; colspan=&quot;1&quot;&gt;0.789&lt;/td&gt;
            &lt;td valign=&quot;top&quot; align=&quot;left&quot; rowspan=&quot;1&quot; colspan=&quot;1&quot;&gt;0.59&lt;/td&gt;
            &lt;td valign=&quot;top&quot; align=&quot;left&quot; rowspan=&quot;1&quot; colspan=&quot;1&quot;&gt;0.000&lt;/td&gt;
            &lt;td valign=&quot;top&quot; align=&quot;left&quot; rowspan=&quot;1&quot; colspan=&quot;1&quot;&gt;0.000&lt;/td&gt;
            &lt;td valign=&quot;top&quot; align=&quot;left&quot; rowspan=&quot;1&quot; colspan=&quot;1&quot;&gt;0.41(0.541)&lt;/td&gt;
            &lt;td valign=&quot;top&quot; align=&quot;left&quot; rowspan=&quot;1&quot; colspan=&quot;1&quot;&gt;−0.01(0.20)&lt;/td&gt;
            &lt;td valign=&quot;top&quot; align=&quot;left&quot; rowspan=&quot;1&quot; colspan=&quot;1&quot;&gt;0.000&lt;/td&gt;
            &lt;td valign=&quot;top&quot; align=&quot;left&quot; rowspan=&quot;1&quot; colspan=&quot;1&quot;&gt;0.000&lt;/td&gt;
          &lt;/tr&gt;
          &lt;tr&gt;
            &lt;td valign=&quot;top&quot; align=&quot;left&quot; rowspan=&quot;1&quot; colspan=&quot;1&quot;&gt;221&lt;/td&gt;
            &lt;td valign=&quot;top&quot; align=&quot;left&quot; rowspan=&quot;1&quot; colspan=&quot;1&quot;&gt;4&lt;/td&gt;
            &lt;td valign=&quot;top&quot; align=&quot;left&quot; rowspan=&quot;1&quot; colspan=&quot;1&quot;&gt;19&lt;/td&gt;
            &lt;td valign=&quot;top&quot; align=&quot;left&quot; rowspan=&quot;1&quot; colspan=&quot;1&quot;&gt;0.55&lt;/td&gt;
            &lt;td valign=&quot;top&quot; align=&quot;left&quot; rowspan=&quot;1&quot; colspan=&quot;1&quot;&gt;0.54&lt;/td&gt;
            &lt;td valign=&quot;top&quot; align=&quot;left&quot; rowspan=&quot;1&quot; colspan=&quot;1&quot;&gt;0.001&lt;/td&gt;
            &lt;td valign=&quot;top&quot; align=&quot;left&quot; rowspan=&quot;1&quot; colspan=&quot;1&quot;&gt;0.000&lt;/td&gt;
            &lt;td valign=&quot;top&quot; align=&quot;left&quot; rowspan=&quot;1&quot; colspan=&quot;1&quot;&gt;0.34&lt;/td&gt;
            &lt;td valign=&quot;top&quot; align=&quot;left&quot; rowspan=&quot;1&quot; colspan=&quot;1&quot;&gt;−0.39&lt;/td&gt;
            &lt;td valign=&quot;top&quot; align=&quot;left&quot; rowspan=&quot;1&quot; colspan=&quot;1&quot;&gt;0.000&lt;/td&gt;
            &lt;td valign=&quot;top&quot; align=&quot;left&quot; rowspan=&quot;1&quot; colspan=&quot;1&quot;&gt;0.141&lt;/td&gt;
          &lt;/tr&gt;
          &lt;tr&gt;
            &lt;td valign=&quot;top&quot; align=&quot;left&quot; rowspan=&quot;1&quot; colspan=&quot;1&quot;&gt;225&lt;/td&gt;
            &lt;td valign=&quot;top&quot; align=&quot;left&quot; rowspan=&quot;1&quot; colspan=&quot;1&quot;&gt;5&lt;/td&gt;
            &lt;td valign=&quot;top&quot; align=&quot;left&quot; rowspan=&quot;1&quot; colspan=&quot;1&quot;&gt;19.5&lt;/td&gt;
            &lt;td valign=&quot;top&quot; align=&quot;left&quot; rowspan=&quot;1&quot; colspan=&quot;1&quot;&gt;0.75&lt;/td&gt;
            &lt;td valign=&quot;top&quot; align=&quot;left&quot; rowspan=&quot;1&quot; colspan=&quot;1&quot;&gt;0.31&lt;/td&gt;
            &lt;td valign=&quot;top&quot; align=&quot;left&quot; rowspan=&quot;1&quot; colspan=&quot;1&quot;&gt;0.000&lt;/td&gt;
            &lt;td valign=&quot;top&quot; align=&quot;left&quot; rowspan=&quot;1&quot; colspan=&quot;1&quot;&gt;0.108&lt;/td&gt;
            &lt;td valign=&quot;top&quot; align=&quot;left&quot; rowspan=&quot;1&quot; colspan=&quot;1&quot;&gt;0.30&lt;/td&gt;
            &lt;td valign=&quot;top&quot; align=&quot;left&quot; rowspan=&quot;1&quot; colspan=&quot;1&quot;&gt;−0.45&lt;/td&gt;
            &lt;td valign=&quot;top&quot; align=&quot;left&quot; rowspan=&quot;1&quot; colspan=&quot;1&quot;&gt;0.000&lt;/td&gt;
            &lt;td valign=&quot;top&quot; align=&quot;left&quot; rowspan=&quot;1&quot; colspan=&quot;1&quot;&gt;0.305&lt;/td&gt;
          &lt;/tr&gt;
          &lt;tr&gt;
            &lt;td valign=&quot;top&quot; align=&quot;left&quot; rowspan=&quot;1&quot; colspan=&quot;1&quot;&gt;247&lt;/td&gt;
            &lt;td valign=&quot;top&quot; align=&quot;left&quot; rowspan=&quot;1&quot; colspan=&quot;1&quot;&gt;6&lt;/td&gt;
            &lt;td valign=&quot;top&quot; align=&quot;left&quot; rowspan=&quot;1&quot; colspan=&quot;1&quot;&gt;21.5&lt;/td&gt;
            &lt;td valign=&quot;top&quot; align=&quot;left&quot; rowspan=&quot;1&quot; colspan=&quot;1&quot;&gt;0.63&lt;/td&gt;
            &lt;td valign=&quot;top&quot; align=&quot;left&quot; rowspan=&quot;1&quot; colspan=&quot;1&quot;&gt;0.20&lt;/td&gt;
            &lt;td valign=&quot;top&quot; align=&quot;left&quot; rowspan=&quot;1&quot; colspan=&quot;1&quot;&gt;0.000&lt;/td&gt;
            &lt;td valign=&quot;top&quot; align=&quot;left&quot; rowspan=&quot;1&quot; colspan=&quot;1&quot;&gt;0.218&lt;/td&gt;
            &lt;td valign=&quot;top&quot; align=&quot;left&quot; rowspan=&quot;1&quot; colspan=&quot;1&quot;&gt;0.29&lt;/td&gt;
            &lt;td valign=&quot;top&quot; align=&quot;left&quot; rowspan=&quot;1&quot; colspan=&quot;1&quot;&gt;−0.52&lt;/td&gt;
            &lt;td valign=&quot;top&quot; align=&quot;left&quot; rowspan=&quot;1&quot; colspan=&quot;1&quot;&gt;0.016&lt;/td&gt;
            &lt;td valign=&quot;top&quot; align=&quot;left&quot; rowspan=&quot;1&quot; colspan=&quot;1&quot;&gt;0.567&lt;/td&gt;
          &lt;/tr&gt;
        &lt;/tbody&gt;
      &lt;/table&gt;
</infon><offset>29737</offset><text>			Smoker vs Non-Current Smoker	Former Smoker vs Never-smoker	 					 	Team	Final rank	Sum Ranks	AUPR	MCC	p AUPR	p MCC	AUPR	MCC	p AUPR	p MCC	 	219	1	4	0.93	0.78	0.000	0.000	0.45(0.537)	0.04(0.13)	0.000	0.000	 	250	2	10	0.793	0.65	0.000	0.000	0.36(0.57)	−0.17(0.05)	0.000	0.001	 	264	2	10	0.789	0.59	0.000	0.000	0.41(0.541)	−0.01(0.20)	0.000	0.000	 	221	4	19	0.55	0.54	0.001	0.000	0.34	−0.39	0.000	0.141	 	225	5	19.5	0.75	0.31	0.000	0.108	0.30	−0.45	0.000	0.305	 	247	6	21.5	0.63	0.20	0.000	0.218	0.29	−0.52	0.016	0.567	 	</text></passage><passage><infon key="file">T2.xml</infon><infon key="id">T2</infon><infon key="section_type">TABLE</infon><infon key="type">table_title_caption</infon><offset>30268</offset><text>Additional performance metrics for the top three teams in sub-challenge 2 of the sbv IMPROVER Systems Toxicology Challenge</text></passage><passage><infon key="file">T2.xml</infon><infon key="id">T2</infon><infon key="section_type">TABLE</infon><infon key="type">table_caption</infon><offset>30391</offset><text>The metrics were computed using a cut-off of 0.5 on the confidence values that a sample was taken from a current smoker (left) or former smoker (right). For the former smoker vs never-smoker comparison (right) performance metrics were obtained from all samples and hence correspond to values in parentheses in Table 1.</text></passage><passage><infon key="file">T2.xml</infon><infon key="id">T2</infon><infon key="section_type">TABLE</infon><infon key="type">table</infon><infon key="xml">&lt;?xml version=&quot;1.0&quot; encoding=&quot;UTF-8&quot;?&gt;
&lt;table frame=&quot;box&quot; rules=&quot;all&quot;&gt;
        &lt;thead&gt;
          &lt;tr&gt;
            &lt;th valign=&quot;top&quot; align=&quot;left&quot; rowspan=&quot;1&quot; colspan=&quot;1&quot;/&gt;
            &lt;th colspan=&quot;3&quot; valign=&quot;middle&quot; align=&quot;center&quot; rowspan=&quot;1&quot;&gt;Smoker vs Non-Current Smoker&lt;/th&gt;
            &lt;th colspan=&quot;3&quot; valign=&quot;middle&quot; align=&quot;center&quot; rowspan=&quot;1&quot;&gt;Former Smoker vs Never-smoker&lt;/th&gt;
          &lt;/tr&gt;
          &lt;tr&gt;
            &lt;th valign=&quot;middle&quot; align=&quot;left&quot; rowspan=&quot;1&quot; colspan=&quot;1&quot;&gt;Team&lt;/th&gt;
            &lt;th valign=&quot;middle&quot; align=&quot;left&quot; rowspan=&quot;1&quot; colspan=&quot;1&quot;&gt;Sensitivity (%)&lt;/th&gt;
            &lt;th valign=&quot;middle&quot; align=&quot;left&quot; rowspan=&quot;1&quot; colspan=&quot;1&quot;&gt;Specificity (%)&lt;/th&gt;
            &lt;th valign=&quot;middle&quot; align=&quot;left&quot; rowspan=&quot;1&quot; colspan=&quot;1&quot;&gt;Balanced accuracy (%)&lt;/th&gt;
            &lt;th valign=&quot;middle&quot; align=&quot;left&quot; rowspan=&quot;1&quot; colspan=&quot;1&quot;&gt;Sensitivity (%)&lt;/th&gt;
            &lt;th valign=&quot;middle&quot; align=&quot;left&quot; rowspan=&quot;1&quot; colspan=&quot;1&quot;&gt;Specificity (%)&lt;/th&gt;
            &lt;th valign=&quot;middle&quot; align=&quot;left&quot; rowspan=&quot;1&quot; colspan=&quot;1&quot;&gt;Balanced accuracy (%)&lt;/th&gt;
          &lt;/tr&gt;
        &lt;/thead&gt;
        &lt;tbody&gt;
          &lt;tr&gt;
            &lt;td valign=&quot;top&quot; align=&quot;left&quot; rowspan=&quot;1&quot; colspan=&quot;1&quot;&gt;
              &lt;bold&gt;219&lt;/bold&gt;
            &lt;/td&gt;
            &lt;td valign=&quot;top&quot; align=&quot;left&quot; rowspan=&quot;1&quot; colspan=&quot;1&quot;&gt;85&lt;/td&gt;
            &lt;td valign=&quot;top&quot; align=&quot;left&quot; rowspan=&quot;1&quot; colspan=&quot;1&quot;&gt;93&lt;/td&gt;
            &lt;td valign=&quot;top&quot; align=&quot;left&quot; rowspan=&quot;1&quot; colspan=&quot;1&quot;&gt;89&lt;/td&gt;
            &lt;td valign=&quot;top&quot; align=&quot;left&quot; rowspan=&quot;1&quot; colspan=&quot;1&quot;&gt;74&lt;/td&gt;
            &lt;td valign=&quot;top&quot; align=&quot;left&quot; rowspan=&quot;1&quot; colspan=&quot;1&quot;&gt;39&lt;/td&gt;
            &lt;td valign=&quot;top&quot; align=&quot;left&quot; rowspan=&quot;1&quot; colspan=&quot;1&quot;&gt;56&lt;/td&gt;
          &lt;/tr&gt;
          &lt;tr&gt;
            &lt;td valign=&quot;top&quot; align=&quot;left&quot; rowspan=&quot;1&quot; colspan=&quot;1&quot;&gt;
              &lt;bold&gt;250&lt;/bold&gt;
            &lt;/td&gt;
            &lt;td valign=&quot;top&quot; align=&quot;left&quot; rowspan=&quot;1&quot; colspan=&quot;1&quot;&gt;90&lt;/td&gt;
            &lt;td valign=&quot;top&quot; align=&quot;left&quot; rowspan=&quot;1&quot; colspan=&quot;1&quot;&gt;79&lt;/td&gt;
            &lt;td valign=&quot;top&quot; align=&quot;left&quot; rowspan=&quot;1&quot; colspan=&quot;1&quot;&gt;84&lt;/td&gt;
            &lt;td valign=&quot;top&quot; align=&quot;left&quot; rowspan=&quot;1&quot; colspan=&quot;1&quot;&gt;59&lt;/td&gt;
            &lt;td valign=&quot;top&quot; align=&quot;left&quot; rowspan=&quot;1&quot; colspan=&quot;1&quot;&gt;46&lt;/td&gt;
            &lt;td valign=&quot;top&quot; align=&quot;left&quot; rowspan=&quot;1&quot; colspan=&quot;1&quot;&gt;53&lt;/td&gt;
          &lt;/tr&gt;
          &lt;tr&gt;
            &lt;td valign=&quot;top&quot; align=&quot;left&quot; rowspan=&quot;1&quot; colspan=&quot;1&quot;&gt;
              &lt;bold&gt;264&lt;/bold&gt;
            &lt;/td&gt;
            &lt;td valign=&quot;top&quot; align=&quot;left&quot; rowspan=&quot;1&quot; colspan=&quot;1&quot;&gt;74&lt;/td&gt;
            &lt;td valign=&quot;top&quot; align=&quot;left&quot; rowspan=&quot;1&quot; colspan=&quot;1&quot;&gt;85&lt;/td&gt;
            &lt;td valign=&quot;top&quot; align=&quot;left&quot; rowspan=&quot;1&quot; colspan=&quot;1&quot;&gt;80&lt;/td&gt;
            &lt;td valign=&quot;top&quot; align=&quot;left&quot; rowspan=&quot;1&quot; colspan=&quot;1&quot;&gt;85&lt;/td&gt;
            &lt;td valign=&quot;top&quot; align=&quot;left&quot; rowspan=&quot;1&quot; colspan=&quot;1&quot;&gt;32&lt;/td&gt;
            &lt;td valign=&quot;top&quot; align=&quot;left&quot; rowspan=&quot;1&quot; colspan=&quot;1&quot;&gt;59&lt;/td&gt;
          &lt;/tr&gt;
        &lt;/tbody&gt;
      &lt;/table&gt;
</infon><offset>30710</offset><text>	Smoker vs Non-Current Smoker	Former Smoker vs Never-smoker	 	Team	Sensitivity (%)	Specificity (%)	Balanced accuracy (%)	Sensitivity (%)	Specificity (%)	Balanced accuracy (%)	 	219	85	93	89	74	39	56	 	250	90	79	84	59	46	53	 	264	74	85	80	85	32	59	 	</text></passage><passage><infon key="section_type">SUPPL</infon><infon key="type">title_caption</infon><offset>30960</offset><text>Highlights</text></passage><passage><infon key="section_type">SUPPL</infon><infon key="type">paragraph</infon><offset>30971</offset><text>Common blood mRNAs predict current exposure to cigarette smoke in mouse and human</text></passage><passage><infon key="section_type">SUPPL</infon><infon key="type">paragraph</infon><offset>31053</offset><text>Organism specific signature is more accurate for prediction of current exposure</text></passage><passage><infon key="section_type">SUPPL</infon><infon key="type">paragraph</infon><offset>31133</offset><text>Best predictive methods found in previous challenges are proven again to be robust</text></passage></document></collection>
