<?xml version="1.0" encoding="UTF-8"?>
<!DOCTYPE collection SYSTEM "BioC.dtd">
<collection><source>PMC</source><date>20201216</date><key>pmc.key</key><document><id>5851182</id><infon key="license">CC BY-NC</infon><passage><infon key="article-id_pmc">5851182</infon><infon key="article-id_pmid">29568551</infon><infon key="fpage">30</infon><infon key="issue">1</infon><infon key="kwd">African Americans/blacks, community engagement, crowdsourcing, HIV/AIDS</infon><infon key="license">This is an open access article published under the terms of a Creative Commons License.</infon><infon key="lpage">36</infon><infon key="name_0">surname:Mathews;given-names:Allison</infon><infon key="name_1">surname:Farley;given-names:Samantha</infon><infon key="name_2">surname:Hightow-Weidman;given-names:Lisa</infon><infon key="name_3">surname:Muessig;given-names:Kate</infon><infon key="name_4">surname:Rennie;given-names:Stuart</infon><infon key="name_5">surname:Tucker;given-names:Joseph D</infon><infon key="section_type">TITLE</infon><infon key="title">Keywords</infon><infon key="type">front</infon><infon key="volume">4</infon><infon key="year">2018</infon><offset>0</offset><text>Crowdsourcing and community engagement: a qualitative analysis of the 2BeatHIV contest</text></passage><passage><infon key="section_type">ABSTRACT</infon><infon key="type">abstract_title_1</infon><offset>87</offset><text>Abstract</text></passage><passage><infon key="section_type">ABSTRACT</infon><infon key="type">abstract</infon><offset>96</offset><text>Background: As HIV cure research advances, it is important to engage local communities. Crowdsourcing may be an effective, bottom-up approach. Crowdsourcing contests elicit public contributions to solve problems and celebrate finalists. We examine the development of a crowdsourcing contest to understand public perspectives about HIV cure research.</text></passage><passage><infon key="section_type">ABSTRACT</infon><infon key="type">abstract</infon><offset>448</offset><text>Methods: We used flyers, emails, online advertisement and phone calls to recruit a convenience sample of community members to participate in focus-group discussions. Participants developed a contest name, logo and hashtag. Qualitative analysis identified emergent themes in the focus group transcripts.</text></passage><passage><infon key="section_type">ABSTRACT</infon><infon key="type">abstract</infon><offset>753</offset><text>Results: Seventy-one people participated in four focus groups. Emergent themes for HIV cure engagement included: (1) emphasising collective approaches to HIV cure; (2) dispelling myths to spur discussion; (3) using HIV cure as motivation for participation; and (4) using creative community engagement.</text></passage><passage><infon key="section_type">ABSTRACT</infon><infon key="type">abstract</infon><offset>1057</offset><text>Conclusion: Crowdsourcing contests may be useful for engaging local communities, developing culturally tailored awareness campaign messaging, and encouraging the public to learn more about HIV cure research.</text></passage><passage><infon key="section_type">INTRO</infon><infon key="type">title_1</infon><offset>1267</offset><text>Introduction</text></passage><passage><infon key="section_type">INTRO</infon><infon key="type">paragraph</infon><offset>1280</offset><text>HIV cure research is increasingly focused on achieving sustainable, drug-free viral suppression and eliminating latent virus from the body. However, many HIV cure research studies have high participant risks, such as potentially adverse side effects from experimental therapies and viral rebound from treatment interruption procedures. These potential participant risks increase the importance of community engagement. Community engagement involves researchers working with the public to build mutually beneficial relationships and collaborate on research design and implementation. Lessons learned from HIV vaccine and antiretroviral pre-exposure prophylaxis studies suggest that failure to engage communities early in the research process may exacerbate mistrust during subsequent trials. When HIV vaccine trials included community engagement, participants reported increased trust in scientists and trials. Research engagement also can improve the cultural and local responsiveness of clinical studies.However, traditional community engagement efforts are often limited in scope and designed by scientists whose perspectives, experiences, and assessment of needs do not necessarily reflect community needs. Additionally, traditional community engagement efforts may not reach potential stakeholders, like black young adults, who are typically disconnected from research.</text></passage><passage><infon key="section_type">INTRO</infon><infon key="type">paragraph</infon><offset>2654</offset><text>New methods for community engagement relating to HIV cure research are needed for three reasons. First, myths associated with HIV cure need to be addressed. For example, there is a belief among some black people living with HIV that the government is purposefully withholding an HIV vaccine or cure from the public. These myths may magnify misinformation and fuel mistrust about HIV cure research. Second, a long history of power imbalances, under-representation, and exploitation of black people in clinical research have created mistrust between scientists and community members. Third, current HIV cure trials are risky for patients and present limited or no direct medical benefits. To address these challenges, it is imperative to involve those traditionally under-represented in HIV clinical research to provide new insights into ways to communicate the social and ethical challenges of HIV cure research.</text></passage><passage><infon key="section_type">INTRO</infon><infon key="type">paragraph</infon><offset>3566</offset><text>Crowdsourcing may be useful for understanding public perspectives about HIV cure research. Crowdsourcing is a process where a group, instead of an individual, completes a task, solves a problem, or develops innovative ideas. Some popular examples of crowdsourcing include Wikipedia and Kickstarter campaigns. Contests are a subset of crowdsourcing approaches that elicit creative contributions from the public, celebrate semi-finalists, provide prizes for the winning submissions and adopt the winning ideas. Contest participants have been found to develop better or at least equivalent products to those from experts due to community-driven solutions. Most crowdsourcing contests occur online through private sector companies who encourage participants to identify solutions to organisational problems or to improve products.</text></passage><passage><infon key="section_type">INTRO</infon><infon key="type">paragraph</infon><offset>4393</offset><text>Few crowdsourcing contests have been used to facilitate research engagement. Little is known about developing a crowdsourcing contest in collaboration with community. A few crowdsourcing contests have developed health interventions. Specifically, HIV-related crowdsourcing contests have designed HIV prevention campaigns. Previous studies show that using in-person community engagement efforts improves contestant recruitment and increases the volume of crowdsourcing contest submissions. However, few crowdsourcing contests have incorporated community-based participatory research (CBPR) principles to guide their development. The purpose of this study is to examine the feasibility of using crowdsourcing contests as a method of HIV cure research engagement and to better understand public perceptions about HIV cure research.</text></passage><passage><infon key="section_type">INTRO</infon><infon key="type">paragraph</infon><offset>5222</offset><text>We used CBPR principles to guide the development of a crowdsourcing contest. CBPR research aims to equitably involve community members, organisational representatives, and/or researchers in all aspects of the research process as experts. CBPR principles have been used to develop, conduct, and evaluate HIV interventions that combat HIV-related stigma. Combining CBPR principles with a crowdsourcing contest may encourage a sense of community ownership and empowerment to be involved in HIV cure research. This study examines the process of collaborating with community members to develop the branding and community engagement strategies for a future crowdsourcing contest where contestants would reflect on what an HIV cure would mean to their lives.</text></passage><passage><infon key="section_type">METHODS</infon><infon key="type">title_1</infon><offset>5974</offset><text>Methods</text></passage><passage><infon key="section_type">METHODS</infon><infon key="type">title_2</infon><offset>5982</offset><text>Participants</text></passage><passage><infon key="section_type">METHODS</infon><infon key="type">paragraph</infon><offset>5995</offset><text>Adults who were 18 years and older and living in the Triangle region (Chapel Hill/Durham/Raleigh) of North Carolina (NC) were eligible for focus-group participation. We developed a stakeholder list that included community-based organisations, local businesses and researchers in NC who might be interested in being involved in a crowdsourcing contest. We used flyers, emails, social media advertisements and phone calls to stakeholders to recruit a convenience sample of focus-group discussion participants; we did not ask people to disclose their HIV status. Ethical approval was obtained from the Institutional Review Board at the University of North Carolina at Chapel Hill.</text></passage><passage><infon key="section_type">METHODS</infon><infon key="type">paragraph</infon><offset>6673</offset><text>This study was conducted in Durham, NC, which is ranked the fifth highest county in the state for HIV infection. Of all adult/adolescent HIV infections in Durham, 63.8% occur within the black community, and 40% occur among black young adults aged 20–29 years, despite the black community representing 37.2% of the city's population. At the same time, scientists in this region's local universities lead research to develop a cure for HIV, and are likely to conduct clinical trials with human participants, including Durham residents. Given the epidemic's impact on Durham residents and the potential for HIV cure clinical trials to be conducted in Durham's communities, the setting was appropriate for using focus groups to develop a pilot crowdsourcing contest that would identify community perspectives about HIV cure research.</text></passage><passage><infon key="section_type">METHODS</infon><infon key="type">title_2</infon><offset>7505</offset><text>Focus-group discussions</text></passage><passage><infon key="section_type">METHODS</infon><infon key="type">paragraph</infon><offset>7529</offset><text>From September 30, 2015 to November 5, 2015, we conducted two focus-group discussions, which lasted approximately 1.5–2 hours, and two feedback sessions, which lasted approximately 30 minutes each. The sessions conceptualised the future crowdsourcing contest's branding (for example, contest name, logo, hashtag) and community engagement strategies. The focus-group discussions prioritised feedback on the best ways to incorporate branding and community engagement strategies to make the contest more recognisable, to increase a sense of community ownership over the contest and to reflect community preferences. At each focus group, the informed consent document was read aloud and received verbal consent from each participant. We presented brief explanations of recent HIV cure research, the importance of community engagement and the goal of the future crowdsourcing contest. The two focus-group discussions enabled participants to break into small groups to collaboratively design and pitch ideas for the contest's branding and community engagement strategies. We asked participants to develop ideas that would attract black young adults, aged 18–35 years, to participate in a future crowdsourcing contest; however, the focus groups were open to all who were interested in participating. The focus groups were iterative, meaning that the first focus group's participants provided feedback on small group ideas. Participants were compensated $10 gift cards for their time. The second focus group's participants also provided verbal consent but were not compensated for participation. They reviewed ideas from the first focus-group discussion, evaluated mock-ups of those ideas and broke into small groups to provide additional contest ideas and engagement strategies.</text></passage><passage><infon key="section_type">METHODS</infon><infon key="type">paragraph</infon><offset>9305</offset><text>Two feedback sessions were conducted with a convenience sample of undergraduate students to gain a sense of preferences from the target age group: undergraduate participants reviewed mock-ups from the focus-group discussions and provided feedback through open discussion and written comments. The mock-ups included images of the logo, proposed contest name and hashtag to be used on the contest and social media sites.</text></passage><passage><infon key="section_type">METHODS</infon><infon key="type">title_2</infon><offset>9724</offset><text>Data collection and analysis</text></passage><passage><infon key="section_type">METHODS</infon><infon key="type">paragraph</infon><offset>9753</offset><text>Focus-group questions were adapted from items used in a previous HIV prevention community engagement study conducted in Durham, NC. Questions asked participants to reflect on the primary messages they wished to convey to contest participants, how the contest could harness the strengths of the community and how to best encourage black young adults to participate.</text></passage><passage><infon key="section_type">METHODS</infon><infon key="type">paragraph</infon><offset>10118</offset><text>Digital transcriptions of qualitative data were analysed using MAXQDA. We developed a thematic codebook through consensus among the research team by independently coding a focus-group transcript and convening to reconcile discrepancies in coding decisions. Data were coded with deductive codes based on the focus-group guide. Axial coding and memo writing were used to elucidate emergent themes. We also coded the verbal and written feedback of the brand mock-ups by categorising comments as ‘negative,’ ‘neutral,’ or ‘positive.’ Negative comments indicated a clear dislike for elements of the mock-up. Neutral comments were critical and provided suggestions for change but did not indicate dislike. Positive comments indicated a clear affinity for elements of the mock-up.</text></passage><passage><infon key="section_type">RESULTS</infon><infon key="type">title_1</infon><offset>10904</offset><text>Results</text></passage><passage><infon key="section_type">RESULTS</infon><infon key="type">paragraph</infon><offset>10912</offset><text>We hosted two focus-group sessions and two feedback sessions with a total of 72 participants. Table 1 shows the study participants' demographic information.</text></passage><passage><infon key="file">JVEv4-tbl-0001.xml</infon><infon key="id">JVEv4-tbl-0001</infon><infon key="section_type">TABLE</infon><infon key="type">table_caption</infon><offset>11069</offset><text>Study participants' demographic information in 2015, USA (n=72)</text></passage><passage><infon key="file">JVEv4-tbl-0001.xml</infon><infon key="id">JVEv4-tbl-0001</infon><infon key="section_type">TABLE</infon><infon key="type">table</infon><infon key="xml">&lt;?xml version=&quot;1.0&quot; encoding=&quot;UTF-8&quot;?&gt;
&lt;table frame=&quot;hsides&quot; rules=&quot;groups&quot;&gt;&lt;colgroup span=&quot;1&quot;&gt;&lt;col align=&quot;left&quot; span=&quot;1&quot;/&gt;&lt;col align=&quot;left&quot; span=&quot;1&quot;/&gt;&lt;col align=&quot;left&quot; span=&quot;1&quot;/&gt;&lt;col align=&quot;left&quot; span=&quot;1&quot;/&gt;&lt;col align=&quot;left&quot; span=&quot;1&quot;/&gt;&lt;col align=&quot;left&quot; span=&quot;1&quot;/&gt;&lt;/colgroup&gt;&lt;thead&gt;&lt;tr&gt;&lt;th rowspan=&quot;1&quot; colspan=&quot;1&quot;/&gt;&lt;th rowspan=&quot;1&quot; colspan=&quot;1&quot;&gt;Focus Group 1 (&lt;italic&gt;n&lt;/italic&gt;=7)&lt;/th&gt;&lt;th rowspan=&quot;1&quot; colspan=&quot;1&quot;&gt;Focus Group 2 (&lt;italic&gt;n&lt;/italic&gt;=8)&lt;/th&gt;&lt;th rowspan=&quot;1&quot; colspan=&quot;1&quot;&gt;Undergraduate Feedback Session 1 (&lt;italic&gt;n&lt;/italic&gt;=39)&lt;/th&gt;&lt;th rowspan=&quot;1&quot; colspan=&quot;1&quot;&gt;Undergraduate Feedback Session 2 (&lt;italic&gt;n&lt;/italic&gt;=18)&lt;/th&gt;&lt;th rowspan=&quot;1&quot; colspan=&quot;1&quot;&gt;TOTAL (&lt;italic&gt;n&lt;/italic&gt;=72)&lt;/th&gt;&lt;/tr&gt;&lt;/thead&gt;&lt;tbody&gt;&lt;tr&gt;&lt;td rowspan=&quot;1&quot; colspan=&quot;1&quot;&gt;Black&lt;/td&gt;&lt;td rowspan=&quot;1&quot; colspan=&quot;1&quot;&gt;3&lt;/td&gt;&lt;td rowspan=&quot;1&quot; colspan=&quot;1&quot;&gt;6&lt;/td&gt;&lt;td rowspan=&quot;1&quot; colspan=&quot;1&quot;&gt;24&lt;/td&gt;&lt;td rowspan=&quot;1&quot; colspan=&quot;1&quot;&gt;5&lt;/td&gt;&lt;td rowspan=&quot;1&quot; colspan=&quot;1&quot;&gt;38&lt;/td&gt;&lt;/tr&gt;&lt;tr&gt;&lt;td rowspan=&quot;1&quot; colspan=&quot;1&quot;&gt;White&lt;/td&gt;&lt;td rowspan=&quot;1&quot; colspan=&quot;1&quot;&gt;3&lt;/td&gt;&lt;td rowspan=&quot;1&quot; colspan=&quot;1&quot;&gt;2&lt;/td&gt;&lt;td rowspan=&quot;1&quot; colspan=&quot;1&quot;&gt;15&lt;/td&gt;&lt;td rowspan=&quot;1&quot; colspan=&quot;1&quot;&gt;13&lt;/td&gt;&lt;td rowspan=&quot;1&quot; colspan=&quot;1&quot;&gt;33&lt;/td&gt;&lt;/tr&gt;&lt;tr&gt;&lt;td rowspan=&quot;1&quot; colspan=&quot;1&quot;&gt;Asian&lt;/td&gt;&lt;td rowspan=&quot;1&quot; colspan=&quot;1&quot;&gt;1&lt;/td&gt;&lt;td rowspan=&quot;1&quot; colspan=&quot;1&quot;&gt;0&lt;/td&gt;&lt;td rowspan=&quot;1&quot; colspan=&quot;1&quot;&gt;0&lt;/td&gt;&lt;td rowspan=&quot;1&quot; colspan=&quot;1&quot;&gt;0&lt;/td&gt;&lt;td rowspan=&quot;1&quot; colspan=&quot;1&quot;&gt;1&lt;/td&gt;&lt;/tr&gt;&lt;tr&gt;&lt;td rowspan=&quot;1&quot; colspan=&quot;1&quot;&gt;Women&lt;/td&gt;&lt;td rowspan=&quot;1&quot; colspan=&quot;1&quot;&gt;3&lt;/td&gt;&lt;td rowspan=&quot;1&quot; colspan=&quot;1&quot;&gt;5&lt;/td&gt;&lt;td rowspan=&quot;1&quot; colspan=&quot;1&quot;&gt;21&lt;/td&gt;&lt;td rowspan=&quot;1&quot; colspan=&quot;1&quot;&gt;12&lt;/td&gt;&lt;td rowspan=&quot;1&quot; colspan=&quot;1&quot;&gt;41&lt;/td&gt;&lt;/tr&gt;&lt;tr&gt;&lt;td rowspan=&quot;1&quot; colspan=&quot;1&quot;&gt;Men&lt;/td&gt;&lt;td rowspan=&quot;1&quot; colspan=&quot;1&quot;&gt;4&lt;/td&gt;&lt;td rowspan=&quot;1&quot; colspan=&quot;1&quot;&gt;3&lt;/td&gt;&lt;td rowspan=&quot;1&quot; colspan=&quot;1&quot;&gt;18&lt;/td&gt;&lt;td rowspan=&quot;1&quot; colspan=&quot;1&quot;&gt;6&lt;/td&gt;&lt;td rowspan=&quot;1&quot; colspan=&quot;1&quot;&gt;31&lt;/td&gt;&lt;/tr&gt;&lt;/tbody&gt;&lt;/table&gt;
</infon><offset>11133</offset><text>	Focus Group 1 (n=7)	Focus Group 2 (n=8)	Undergraduate Feedback Session 1 (n=39)	Undergraduate Feedback Session 2 (n=18)	TOTAL (n=72)	 	Black	3	6	24	5	38	 	White	3	2	15	13	33	 	Asian	1	0	0	0	1	 	Women	3	5	21	12	41	 	Men	4	3	18	6	31	 	</text></passage><passage><infon key="section_type">RESULTS</infon><infon key="type">paragraph</infon><offset>11368</offset><text>The majority of participants were between 18–23 years (n=60, 85%), ranging in age from 18 to 53 years old. The first focus group (n=7) included community members and health professionals. The second focus group (n=8) included community members with marketing and communications experience. The first undergraduate feedback session (n=39) included biology and sociology majors, and the second undergraduate feedback session (n=18) included sociology majors.</text></passage><passage><infon key="section_type">RESULTS</infon><infon key="type">paragraph</infon><offset>11827</offset><text>Emergent brand ideas from each focus group are included in Table 2. Later, we will examine the feedback from undergraduate students on the brand mock-ups, and outline how we incorporated focus group feedback to develop the contest's branding and community engagement strategy.</text></passage><passage><infon key="file">JVEv4-tbl-0002.xml</infon><infon key="id">JVEv4-tbl-0002</infon><infon key="section_type">TABLE</infon><infon key="type">table_caption</infon><offset>12104</offset><text>Brand ideas from community-focus group sessions in Durham, NC in 2015</text></passage><passage><infon key="file">JVEv4-tbl-0002.xml</infon><infon key="id">JVEv4-tbl-0002</infon><infon key="section_type">TABLE</infon><infon key="type">table</infon><infon key="xml">&lt;?xml version=&quot;1.0&quot; encoding=&quot;UTF-8&quot;?&gt;
&lt;table frame=&quot;hsides&quot; rules=&quot;groups&quot;&gt;&lt;colgroup span=&quot;1&quot;&gt;&lt;col align=&quot;left&quot; span=&quot;1&quot;/&gt;&lt;col align=&quot;left&quot; span=&quot;1&quot;/&gt;&lt;col align=&quot;left&quot; span=&quot;1&quot;/&gt;&lt;col align=&quot;left&quot; span=&quot;1&quot;/&gt;&lt;col align=&quot;left&quot; span=&quot;1&quot;/&gt;&lt;col align=&quot;left&quot; span=&quot;1&quot;/&gt;&lt;/colgroup&gt;&lt;thead&gt;&lt;tr&gt;&lt;th rowspan=&quot;1&quot; colspan=&quot;1&quot;&gt;Group #&lt;/th&gt;&lt;th rowspan=&quot;1&quot; colspan=&quot;1&quot;&gt;Logo descriptor&lt;/th&gt;&lt;th rowspan=&quot;1&quot; colspan=&quot;1&quot;&gt;Hashtag ideas&lt;/th&gt;&lt;th rowspan=&quot;1&quot; colspan=&quot;1&quot;&gt;Logo colours&lt;/th&gt;&lt;th rowspan=&quot;1&quot; colspan=&quot;1&quot;&gt;Contest name&lt;/th&gt;&lt;th rowspan=&quot;1&quot; colspan=&quot;1&quot;&gt;Tagline&lt;/th&gt;&lt;/tr&gt;&lt;/thead&gt;&lt;tbody&gt;&lt;tr&gt;&lt;td rowspan=&quot;1&quot; colspan=&quot;1&quot;&gt;Group 1&lt;/td&gt;&lt;td rowspan=&quot;1&quot; colspan=&quot;1&quot;&gt;Mosaic of faces from all over the world&lt;/td&gt;&lt;td rowspan=&quot;1&quot; colspan=&quot;1&quot;&gt;#4ACure
&lt;break/&gt;#TransparencyMatters
&lt;break/&gt;#ManyFaces&lt;/td&gt;&lt;td rowspan=&quot;1&quot; colspan=&quot;1&quot;&gt;Red&lt;/td&gt;&lt;td rowspan=&quot;1&quot; colspan=&quot;1&quot;&gt;Transparent&lt;/td&gt;&lt;td rowspan=&quot;1&quot; colspan=&quot;1&quot;&gt;Meet. Reach. Teach.&lt;/td&gt;&lt;/tr&gt;&lt;tr&gt;&lt;td rowspan=&quot;1&quot; colspan=&quot;1&quot;&gt;Group 2&lt;/td&gt;&lt;td rowspan=&quot;1&quot; colspan=&quot;1&quot;&gt;HIV spelled out within landscape of city streets to represent how HIV is part of all communities&lt;/td&gt;&lt;td rowspan=&quot;1&quot; colspan=&quot;1&quot;&gt;#HIVLivesMatter
&lt;break/&gt;#HelpIdeasThrive&lt;/td&gt;&lt;td rowspan=&quot;1&quot; colspan=&quot;1&quot;&gt;All school colors from local universities&lt;/td&gt;&lt;td rowspan=&quot;1&quot; colspan=&quot;1&quot;&gt;Hope Innovation Venture (HIV)&lt;/td&gt;&lt;td rowspan=&quot;1&quot; colspan=&quot;1&quot;&gt;Help Ideas Thrive&lt;/td&gt;&lt;/tr&gt;&lt;tr&gt;&lt;td rowspan=&quot;1&quot; colspan=&quot;1&quot;&gt;Group 3&lt;/td&gt;&lt;td rowspan=&quot;1&quot; colspan=&quot;1&quot;&gt;Picture of drama masks to convey message of dispelling myths about HIV&lt;/td&gt;&lt;td rowspan=&quot;1&quot; colspan=&quot;1&quot;&gt;#2Gather4Cure&lt;/td&gt;&lt;td rowspan=&quot;1&quot; colspan=&quot;1&quot;&gt;N/A&lt;/td&gt;&lt;td rowspan=&quot;1&quot; colspan=&quot;1&quot;&gt;HIV Myths X-posed&lt;/td&gt;&lt;td rowspan=&quot;1&quot; colspan=&quot;1&quot;&gt;Matter of Facts!&lt;/td&gt;&lt;/tr&gt;&lt;tr&gt;&lt;td rowspan=&quot;1&quot; colspan=&quot;1&quot;&gt;Group 4&lt;/td&gt;&lt;td rowspan=&quot;1&quot; colspan=&quot;1&quot;&gt;Magic Johnson's larger face and then lots of faces inside&lt;/td&gt;&lt;td rowspan=&quot;1&quot; colspan=&quot;1&quot;&gt;#2BeatHIV&lt;/td&gt;&lt;td rowspan=&quot;1&quot; colspan=&quot;1&quot;&gt;Red&lt;/td&gt;&lt;td rowspan=&quot;1&quot; colspan=&quot;1&quot;&gt;2BeatHIV
&lt;break/&gt;DefeatHIV
&lt;break/&gt;Stay True
&lt;break/&gt;Beat Challenge&lt;/td&gt;&lt;td rowspan=&quot;1&quot; colspan=&quot;1&quot;&gt;Own HIV. Embrace.&lt;/td&gt;&lt;/tr&gt;&lt;/tbody&gt;&lt;/table&gt;
</infon><offset>12174</offset><text>Group #	Logo descriptor	Hashtag ideas	Logo colours	Contest name	Tagline	 	Group 1	Mosaic of faces from all over the world	#4ACure	 	#TransparencyMatters	 	#ManyFaces	Red	Transparent	Meet. Reach. Teach.	 	Group 2	HIV spelled out within landscape of city streets to represent how HIV is part of all communities	#HIVLivesMatter	 	#HelpIdeasThrive	All school colors from local universities	Hope Innovation Venture (HIV)	Help Ideas Thrive	 	Group 3	Picture of drama masks to convey message of dispelling myths about HIV	#2Gather4Cure	N/A	HIV Myths X-posed	Matter of Facts!	 	Group 4	Magic Johnson's larger face and then lots of faces inside	#2BeatHIV	Red	2BeatHIV	 	DefeatHIV	 	Stay True	 	Beat Challenge	Own HIV. Embrace.	 	</text></passage><passage><infon key="section_type">RESULTS</infon><infon key="type">paragraph</infon><offset>12895</offset><text>Table 2 shows that participants preferred using messages and images that highlighted: (1) a collective approach to an HIV cure crowdsourcing contest; (2) dispelling myths to spur discussion; (3) HIV cure as motivation for participation; and (4) creative community engagement.</text></passage><passage><infon key="section_type">RESULTS</infon><infon key="type">title_2</infon><offset>13171</offset><text>1. Collective approach to an HIV cure crowdsourcing contest</text></passage><passage><infon key="section_type">RESULTS</infon><infon key="type">paragraph</infon><offset>13231</offset><text>This goes back to social responsibility. People need to be engaged to help greater society. </text></passage><passage><infon key="section_type">RESULTS</infon><infon key="type">paragraph</infon><offset>13324</offset><text>We need to make sure we are also engaging those who are poor. </text></passage><passage><infon key="section_type">RESULTS</infon><infon key="type">paragraph</infon><offset>13387</offset><text>Who is the target demographic? Younger/older? Depending on who it is you need to tweak the message and the way you reach out to them. I don't think a 20 year old sees it [the HIV epidemic] the same way as a 40 year old. [40 year olds] think you're almost a leper after being diagnosed. </text></passage><passage><infon key="section_type">RESULTS</infon><infon key="type">paragraph</infon><offset>13674</offset><text>Many participants emphasised that the contest branding should reflect a collective effort to find a cure for HIV, for example: a black woman (early 30s) stated: To the participants, a collective approach to implementing the contest meant emphasising the message that HIV/AIDS affects all people and it was everyone's responsibility to contribute toward finding an HIV cure. Group 1 and Group 2's branding ideas (Table 2) emphasised the importance of using a collective approach to promote the crowdsourcing contests and find a cure for HIV because they saw it as a disease that could affect anyone. No participants disagreed with the collective approach; however, some did express the importance of tailoring messaging to key populations: Another participant in the same focus group asked: These concerns focused on reaching those who were on a low income and young because of a perception of their higher risk for HIV/AIDS.</text></passage><passage><infon key="section_type">RESULTS</infon><infon key="type">paragraph</infon><offset>14599</offset><text>The cure is not just about meds [sic], but social justice, equity, and making sure black life is protected. </text></passage><passage><infon key="section_type">RESULTS</infon><infon key="type">paragraph</infon><offset>14708</offset><text>Conversation also focused on harnessing the momentum started by social justice movements to encourage participation in the crowdsourcing contest. Group 2 suggested the hashtag #HIVLivesMatter (Table 2). One participant stated: Tied to empowerment, the hashtag evoked a connection to #BlackLivesMatter, a social media and social justice movement that challenges police practices and policies that result in disproportionate deaths among black men and women. The use of a personalised hashtag was explained as a good way to catch attention and increase recognition of the contest among young adults in Durham.</text></passage><passage><infon key="section_type">RESULTS</infon><infon key="type">paragraph</infon><offset>15316</offset><text>Aside from funding, how does the community impact research? I'm not a scientist and I wasn't really sure how I personally could help find a cure. </text></passage><passage><infon key="section_type">RESULTS</infon><infon key="type">paragraph</infon><offset>15463</offset><text>Stay calm. Own it. Own HIV. Embrace [it]. </text></passage><passage><infon key="section_type">RESULTS</infon><infon key="type">paragraph</infon><offset>15506</offset><text>Many participants expressed concern that people would not see how they could be involved in HIV cure research without a scientific understanding and background. One participant asked: To address this concern, focus-group participants developed empowerment messages to highlight the community's role in finding a cure for HIV. For example, a participant suggested: This quote is representative of many participants' discussions about the importance of designing a contest that encouraged empowerment. The discussion about empowerment focused on encouraging people to recognise their ability to get involved in finding an HIV cure through open dialogue about HIV cure myths and creative contributions.</text></passage><passage><infon key="section_type">RESULTS</infon><infon key="type">title_2</infon><offset>16206</offset><text>2. Dispelling myths to spur discussion</text></passage><passage><infon key="section_type">RESULTS</infon><infon key="type">paragraph</infon><offset>16245</offset><text>We came up with the name ‘HIV Myths Exposed’ to focus the contests on dispelling rumours and myths and uncovering truths about HIV cure research. </text></passage><passage><infon key="section_type">RESULTS</infon><infon key="type">paragraph</infon><offset>16396</offset><text>Let's dispel myths. Let's re-start the conversation about AIDS. </text></passage><passage><infon key="section_type">RESULTS</infon><infon key="type">paragraph</infon><offset>16461</offset><text>There is a difference between being in college and living through the Magic Johnson era. HIV used to be a death sentence, but it's not anymore. </text></passage><passage><infon key="section_type">RESULTS</infon><infon key="type">paragraph</infon><offset>16606</offset><text>Some participants felt it important to ensure the crowdsourcing contest addressed myths associated with HIV and HIV cure research. For example: A black man (late 30s) explained: Others expressed concern that people had become apathetic about HIV: One participant specifically called out college students for not understanding the severity of the HIV epidemic: These two participants were both over 30 years old and wanted to use messaging that invoked shock to dispel myths about HIV cure and spur discussion about HIV.</text></passage><passage><infon key="section_type">RESULTS</infon><infon key="type">paragraph</infon><offset>17126</offset><text>The concern about potential apathy and misinformation among young adults relates to Group 3's logo design featuring an ‘X’ in graffiti over the words ‘HIV Myths X-posed’ (Table 2). They chose the graffiti X as a way to appeal to a younger, hip-hop influenced audience. However, after larger group discussion, a few participants who were under 30 years old expressed concern that the idea could be construed as scientists purposefully hiding facts about HIV. Participants reached a consensus through discussion that the crowdsourcing contest should encourage community collaboration while promoting trust in science.</text></passage><passage><infon key="section_type">RESULTS</infon><infon key="type">title_2</infon><offset>17750</offset><text>3. HIV cure as motivation for participation</text></passage><passage><infon key="section_type">RESULTS</infon><infon key="type">paragraph</infon><offset>17794</offset><text>We liked the hashtag ‘#4ACure’ [Group 1]. It is simple and plain, but it needs to be more specific to HIV. </text></passage><passage><infon key="section_type">RESULTS</infon><infon key="type">paragraph</infon><offset>17906</offset><text>Most focus group participants stated that both ‘HIV’ and ‘cure’ should be in the contest name to amplify our message. A participant explained: The moderator asked participants whether they were concerned about people being deterred from participation with the use of HIV in the contest name. The previous quote exemplified what many participants expressed – a desire to highlight finding an HIV cure and fighting stigma. Additional ideas like ‘#TransparencyMatters’ and ‘#ManyFaces’ similarly aimed to encourage people to explicitly discuss HIV-related issues in efforts to find a cure for the disease.</text></passage><passage><infon key="section_type">RESULTS</infon><infon key="type">title_2</infon><offset>18527</offset><text>4. Creative community engagement</text></passage><passage><infon key="section_type">RESULTS</infon><infon key="type">paragraph</infon><offset>18560</offset><text>Until it affects me, I'm not really interested. From a creative point of view, that's the secret to the cure. Not only are people aware, but now people are involved. </text></passage><passage><infon key="section_type">RESULTS</infon><infon key="type">paragraph</infon><offset>18727</offset><text>BeatHIV. Making beats and songs about HIV … that could tie into younger culture! </text></passage><passage><infon key="section_type">RESULTS</infon><infon key="type">paragraph</infon><offset>18811</offset><text>… my partner and I would certainly become involved if we saw you at the gay pride parade. </text></passage><passage><infon key="section_type">RESULTS</infon><infon key="type">paragraph</infon><offset>18904</offset><text>Across all focus groups, many individuals suggested using creative elements in the crowdsourcing contest. One participant explained: Participants suggested incorporating a hip-hop reference into the contest name, hosting a concert, getting voluntary video endorsements from local radio DJs and celebrities, and encouraging video testimonials or art-related submissions. Incorporating music into the contest also helped shape the contest's name. A participant suggested the contest name: After a search for ‘BeatHIV’ on social media sites, she discovered the name was already in use, so the focus group suggested ‘2BeatHIV’. 2BeatHIV integrated the goal for finding an HIV cure, musical references and encouraging creative contest submissions. Focus-group participants also suggested involving local organisations with the contest to co-host large community-based events. Another participant suggested involving the local gay pride parade because: Others suggested similar ideas about involving people from the lesbian, gay, bi-sexual, transgender, queer (LGBTQ) community and other marginalised communities who might otherwise be harder to reach.</text></passage><passage><infon key="section_type">RESULTS</infon><infon key="type">paragraph</infon><offset>20059</offset><text>Table 3 shows the four major emergent themes about strategies to design and promote the crowdsourcing contest and examples of how we incorporated feedback.</text></passage><passage><infon key="file">JVEv4-tbl-0003.xml</infon><infon key="id">JVEv4-tbl-0003</infon><infon key="section_type">TABLE</infon><infon key="type">table_caption</infon><offset>20215</offset><text>Feedback on developing crowdsourcing contest and recruitment strategy</text></passage><passage><infon key="file">JVEv4-tbl-0003.xml</infon><infon key="id">JVEv4-tbl-0003</infon><infon key="section_type">TABLE</infon><infon key="type">table</infon><infon key="xml">&lt;?xml version=&quot;1.0&quot; encoding=&quot;UTF-8&quot;?&gt;
&lt;table frame=&quot;hsides&quot; rules=&quot;groups&quot;&gt;&lt;colgroup span=&quot;1&quot;&gt;&lt;col align=&quot;left&quot; span=&quot;1&quot;/&gt;&lt;col align=&quot;left&quot; span=&quot;1&quot;/&gt;&lt;/colgroup&gt;&lt;thead&gt;&lt;tr&gt;&lt;th rowspan=&quot;1&quot; colspan=&quot;1&quot;&gt;Theme&lt;/th&gt;&lt;th rowspan=&quot;1&quot; colspan=&quot;1&quot;&gt;Examples of how we incorporated feedback&lt;/th&gt;&lt;/tr&gt;&lt;/thead&gt;&lt;tbody&gt;&lt;tr&gt;&lt;td rowspan=&quot;1&quot; colspan=&quot;1&quot;&gt;&lt;bold&gt;(1) Collective approach to HIV cure crowdsourcing contest&lt;/bold&gt;&lt;/td&gt;&lt;td rowspan=&quot;1&quot; colspan=&quot;1&quot;/&gt;&lt;/tr&gt;&lt;tr&gt;&lt;td rowspan=&quot;1&quot; colspan=&quot;1&quot;&gt;• Emphasise communal nature of crowdsourcing contest&lt;/td&gt;&lt;td rowspan=&quot;1&quot; colspan=&quot;1&quot;&gt;• Tagline: ‘Own the Cure.’
&lt;break/&gt;• Use ‘We are All the Face of HIV/AIDS’ painting in promotional materials&lt;/td&gt;&lt;/tr&gt;&lt;tr&gt;&lt;td rowspan=&quot;1&quot; colspan=&quot;1&quot;&gt;• Provide a ‘shock and awe’ message to get people's attention about HIV&lt;/td&gt;&lt;td rowspan=&quot;1&quot; colspan=&quot;1&quot;&gt;• Provided HIV/AIDS statistics about Triangle region of North Carolina
&lt;break/&gt;• Discussed risks of HIV cure research at community events
&lt;break/&gt;• Discussed conspiracy theories about HIV and HIV cure&lt;/td&gt;&lt;/tr&gt;&lt;tr&gt;&lt;td rowspan=&quot;1&quot; colspan=&quot;1&quot;&gt;&lt;bold&gt;(2) Dispelling myths to spur discussion&lt;/bold&gt;&lt;/td&gt;&lt;td rowspan=&quot;1&quot; colspan=&quot;1&quot;/&gt;&lt;/tr&gt;&lt;tr&gt;&lt;td rowspan=&quot;1&quot; colspan=&quot;1&quot;&gt;• Facilitate discussion about HIV cure myths
&lt;break/&gt;• Reignite interest in HIV/AIDS generally, and especially among groups often excluded from conversations about HIV&lt;/td&gt;&lt;td rowspan=&quot;1&quot; colspan=&quot;1&quot;&gt;• Host hip-hop concert and community forum about HIV cure myths and conspiracy theories
&lt;break/&gt;• Incorporate educational statistics relevant to Durham, NC into promotional materials and community engagement activities&lt;/td&gt;&lt;/tr&gt;&lt;tr&gt;&lt;td rowspan=&quot;1&quot; colspan=&quot;1&quot;&gt;&lt;bold&gt;(3) HIV cure as motivation for participation&lt;/bold&gt;&lt;/td&gt;&lt;td rowspan=&quot;1&quot; colspan=&quot;1&quot;/&gt;&lt;/tr&gt;&lt;tr&gt;&lt;td rowspan=&quot;1&quot; colspan=&quot;1&quot;&gt;• Name of contest and promotional messages need to be specific to HIV and use the colour red&lt;/td&gt;&lt;td rowspan=&quot;1&quot; colspan=&quot;1&quot;&gt;• Name of contest officially became 2BeatHIV
&lt;break/&gt;• Logo was designed with red, white and black colours to resemble a record, a target, and the community having a piece of the pie&lt;/td&gt;&lt;/tr&gt;&lt;tr&gt;&lt;td rowspan=&quot;1&quot; colspan=&quot;1&quot;&gt;• Name of contest and social media hashtag should be easy to remember&lt;/td&gt;&lt;td rowspan=&quot;1&quot; colspan=&quot;1&quot;&gt;• Used #2BeatHIV hashtag&lt;/td&gt;&lt;/tr&gt;&lt;tr&gt;&lt;td rowspan=&quot;1&quot; colspan=&quot;1&quot;&gt;&lt;bold&gt;(4) Creative community engagement&lt;/bold&gt;&lt;/td&gt;&lt;td rowspan=&quot;1&quot; colspan=&quot;1&quot;/&gt;&lt;/tr&gt;&lt;tr&gt;&lt;td rowspan=&quot;1&quot; colspan=&quot;1&quot;&gt;• Use hip hop, music, and social media to promote the contest among black young adults&lt;/td&gt;&lt;td rowspan=&quot;1&quot; colspan=&quot;1&quot;&gt;• Promotional videos using hip hop music and artists
&lt;break/&gt;• Hosted community forum about HIV conspiracy theories with hip hop concert
&lt;break/&gt;• 2BeatHIV name references hip hop beats and music
&lt;break/&gt;• 2BeatHIV logo resembles a music record
&lt;break/&gt;• Encouraged submissions of music, art, video testimonials, and poetry&lt;/td&gt;&lt;/tr&gt;&lt;/tbody&gt;&lt;/table&gt;
</infon><offset>20285</offset><text>Theme	Examples of how we incorporated feedback	 	(1) Collective approach to HIV cure crowdsourcing contest		 	• Emphasise communal nature of crowdsourcing contest	• Tagline: ‘Own the Cure.’	 	• Use ‘We are All the Face of HIV/AIDS’ painting in promotional materials	 	• Provide a ‘shock and awe’ message to get people's attention about HIV	• Provided HIV/AIDS statistics about Triangle region of North Carolina	 	• Discussed risks of HIV cure research at community events	 	• Discussed conspiracy theories about HIV and HIV cure	 	(2) Dispelling myths to spur discussion		 	• Facilitate discussion about HIV cure myths	 	• Reignite interest in HIV/AIDS generally, and especially among groups often excluded from conversations about HIV	• Host hip-hop concert and community forum about HIV cure myths and conspiracy theories	 	• Incorporate educational statistics relevant to Durham, NC into promotional materials and community engagement activities	 	(3) HIV cure as motivation for participation		 	• Name of contest and promotional messages need to be specific to HIV and use the colour red	• Name of contest officially became 2BeatHIV	 	• Logo was designed with red, white and black colours to resemble a record, a target, and the community having a piece of the pie	 	• Name of contest and social media hashtag should be easy to remember	• Used #2BeatHIV hashtag	 	(4) Creative community engagement		 	• Use hip hop, music, and social media to promote the contest among black young adults	• Promotional videos using hip hop music and artists	 	• Hosted community forum about HIV conspiracy theories with hip hop concert	 	• 2BeatHIV name references hip hop beats and music	 	• 2BeatHIV logo resembles a music record	 	• Encouraged submissions of music, art, video testimonials, and poetry	 	</text></passage><passage><infon key="section_type">RESULTS</infon><infon key="type">paragraph</infon><offset>22188</offset><text>A black male focus-group participant (late 30s) volunteered to design mock-ups of several potential contest names and logos based on focus-group feedback. Figure 1 provides a visual depiction of each mock-up. Because of the large numbers of feedback-session participants, not all students provided verbal or written feedback; thus, the number of comments for each mock-up differs based on the feedback provided.</text></passage><passage><infon key="file">jve-4-30-g001.jpg</infon><infon key="id">JVEv4-fig-0001</infon><infon key="section_type">FIG</infon><infon key="type">fig_caption</infon><offset>22600</offset><text>Mock-ups and feedback on focus-group ideas for contest name, logo, and tagline</text></passage><passage><infon key="section_type">RESULTS</infon><infon key="type">paragraph</infon><offset>22679</offset><text>The ‘2BeatHIV’ idea received the most positive feedback from participants. Out of 24 verbal comments during the feedback session,16 were categorised as positive, three as neutral and five as negative. Figure 1 provides examples of the written feedback students provided on each mock-up.</text></passage><passage><infon key="section_type">RESULTS</infon><infon key="type">paragraph</infon><offset>22970</offset><text>In second place, the ‘Many Faces’ mock-up also received positive feedback. Out of 22 verbal comments from the feedback sessions, 14 were categorised as positive, four as neutral and four as negative. Both focus-group and feedback-session participants supported incorporating diverse faces into the logo to emphasise the grassroots nature of crowdsourcing.</text></passage><passage><infon key="section_type">RESULTS</infon><infon key="type">paragraph</infon><offset>23330</offset><text>The ‘Help Ideas Thrive’ mock-up was the least well received. Out of 25 verbal comments from the feedback sessions, four were categorised as positive, four as neutral and 17 as negative. Feedback-session participants expressed confusion about the purpose of the Venn diagram logo and criticised the name for being too long and not specific to HIV. Based on the ratio of positive to negative comments and focus-group emergent themes, the contest name officially became ‘2BeatHIV’ and the tagline became ‘Own the Cure’. Both the contest name and tagline reflect the goal of ending the HIV epidemic through a cure, community ownership over finding a cure and incorporating a music reference to encourage creativity.</text></passage><passage><infon key="section_type">DISCUSS</infon><infon key="type">title_1</infon><offset>24054</offset><text>Discussion</text></passage><passage><infon key="section_type">DISCUSS</infon><infon key="type">paragraph</infon><offset>24065</offset><text>This article describes the development of a crowdsourcing contest to better understand what an HIV cure would mean in the lives of black young adults in Durham, NC. The purpose of eliciting contest entries is to identify creative material that could be used in a future awareness campaign about HIV cure research. Some studies examining health-related crowdsourcing contests have developed public health campaigns, but private companies developed most crowdsourcing contests. Few crowdsourcing studies have used CBPR principles to guide the development of the contest by soliciting community preferences. This study showed that using CBPR principles could aid in developing a crowdsourcing contest that appeals to local young adults and engages them in discussions about HIV cure research.</text></passage><passage><infon key="section_type">DISCUSS</infon><infon key="type">paragraph</infon><offset>24855</offset><text>Both black and white participants suggested using a collective approach to develop and implement the HIV cure-based crowdsourcing contest. Findings from other HIV CBPR studies show black participants prefer campaign messages that encourage community-centred approaches to HIV prevention. The collective approach is complementary to the bottom-up approach of crowdsourcing contests used to improve HIV testing programmes. However, a collective approach to crowdsourcing contests differs from private-sector contests that typically encourage individuals to compete against each other, rather than collaborate.</text></passage><passage><infon key="section_type">DISCUSS</infon><infon key="type">paragraph</infon><offset>25463</offset><text>The crowdsourcing contest presented an opportunity to address the disproportionate impact of HIV on black people. In particular, participants suggested using hashtags that simultaneously uplifted people living with HIV and addressed the impact of HIV on whole communities, particularly black communities. The #HIVLivesMatter hashtag is modelled after #BlackLivesMatter, a social justice movement that started online and integrated grassroots organising. These findings suggest that it may be useful to develop HIV cure research messaging that is accessible to general audiences, but also connects to social issues affecting black communities. These findings reinforce the appropriateness of using CBPR principles to guide the development of a crowdsourcing contest focused on raising awareness about HIV cure research among local young adult populations.</text></passage><passage><infon key="section_type">DISCUSS</infon><infon key="type">paragraph</infon><offset>26318</offset><text>Dispelling myths about HIV cure research was identified as important to stimulate discussion. This is consistent with other literature on community engagement with women and underrepresented minorities for clinical research. This is particularly important because myths persist about HIV cure. These myths often prohibit people from wanting to learn more about HIV, seek conventional treatment or participate in clinical trials.</text></passage><passage><infon key="section_type">DISCUSS</infon><infon key="type">paragraph</infon><offset>26747</offset><text>Lastly, participants emphasised the importance of using creative contributions to encourage broad participation. Previous CBPR HIV campaigns have incorporated creative contributions. However, most prior studies used experts to develop the final HIV media campaigns and community members did not decide the format of engagement programmes. Crowdsourcing allows a broad cross-section of individuals to convey the message of HIV cure in a way that resonates with them. In particular, social media engagement was emphasised as an important avenue for reaching black young adults because it allowed for information sharing, integration of multiple media products, peer interaction and the possibility to reach out to a large number of people quickly and cheaply. Many studies have demonstrated the effectiveness of using social media to recruit potential crowdsourcing contest participants and engage the public in HIV-related interventions. Moreover, previous studies stress the importance of developing and using culturally appropriate messages tailored to the target audience. Participants in this study suggested using hip-hop, spoken word poetry, paintings and other creative contributions to promote contest participation. While creative contributions may encourage participation, it is important to provide multiple ways for people to engage with the contest and contribute their ideas.</text></passage><passage><infon key="section_type">DISCUSS</infon><infon key="type">paragraph</infon><offset>28136</offset><text>Our study has some limitations. First, the small number of participants in a single geographical region and the use of qualitative methodology limit the generalisability of the study's findings to other demographic groups and contexts. Second, even though a little more than half of our participants were black, the majority of participants had some college education, which may skew the suggestions for contest development against low-income, key populations who are most vulnerable to the HIV/AIDS epidemic. Third, because of the large numbers of undergraduate students in the feedback sessions, not all students provided verbal or written feedback. This limits our ability to conclusively identify preferences for the mock-ups from these groups. Future studies should examine the core themes found in this study in a more representative sample of black young adults at high risk for acquiring or living with HIV/AIDS.</text></passage><passage><infon key="section_type">DISCUSS</infon><infon key="type">paragraph</infon><offset>29057</offset><text>Despite this study's limitations, the findings have implications for developing crowdsourcing contests guided by CBPR principles. This study is unique because participants represented a wide range of ages and representation from both blacks and whites who collaborated to develop an HIV-related crowdsourcing contest. Community input from multiple stakeholders for developing a crowdsourcing contest may enhance the acceptability and effectiveness of contest implementation. Qualitative findings provide more insight into black young adult's preferences for conducting a crowdsourcing contest and HIV cure research engagement. For HIV cure research engagement with vulnerable populations, it may be useful to integrate crowdsourcing activities and current social justice issues in communities. Those conducting community engagement and crowdsourcing should look for potential synergies.</text></passage><passage><infon key="section_type">DISCUSS</infon><infon key="type">paragraph</infon><offset>29944</offset><text>The findings from this study have implications for designing future crowdsourcing contests. Private sector professionals or researchers usually design the initial phase of crowdsourcing contests; however, these contests often seek participation from national audiences rather than specific demographic groups in a local area. Our use of CBPR principles firmly rooted the contest within the local community. Integrating CBPR principles into crowdsourcing contests may improve local participation and generate ideas that better reflect local needs. There may be challenges with scaling up CBPR to other crowdsourcing activities, especially those managed by private companies, because of potential power imbalances between companies and community groups. Future research should examine how crowdsourcing contests informed by CBPR principles may be affected by power imbalances and/or competing interests for the outcomes of the contest.</text></passage><passage><infon key="section_type">DISCUSS</infon><infon key="type">paragraph</infon><offset>30878</offset><text>Crowdsourcing contests may be useful for engaging local communities, developing culturally tailored campaign messaging and encouraging the public to learn more about HIV cure research. Our findings suggest that when crowdsourcing contests are developed through CBPR principles, there is even greater potential for community engagement. Future research studies are needed to evaluate the extent to which a crowdsourcing approach to community engagement could be a useful adjunct to existing CBPR practices.</text></passage><passage><infon key="section_type">DISCUSS</infon><infon key="type">title_2</infon><offset>31384</offset><text>Sources of support</text></passage><passage><infon key="section_type">DISCUSS</infon><infon key="type">paragraph</infon><offset>31403</offset><text>National Institute of Allergy and Infectious Disease, Grant No. 1R01A108366-01 grant entitled ‘Unintended and Intended Implications of HIV Cure: Social and Ethical Analysis’ (Rennie/Tucker PIs).</text></passage><passage><infon key="section_type">REF</infon><infon key="type">title</infon><offset>31602</offset><text>References</text></passage><passage><infon key="fpage">154</infon><infon key="lpage">164</infon><infon key="name_0">surname:Lederman;given-names:MM</infon><infon key="name_1">surname:Cannon;given-names:PM</infon><infon key="name_2">surname:Currier;given-names:JS</infon><infon key="section_type">REF</infon><infon key="source">Pathog Immunity</infon><infon key="type">ref</infon><infon key="volume">1</infon><infon key="year">2016</infon><offset>31613</offset><text>A cure for HIV infection: ‘Not in my lifetime’ or ‘Just around the corner’?</text></passage><passage><infon key="fpage">243</infon><infon key="lpage">249</infon><infon key="name_0">surname:Lo;given-names:B</infon><infon key="name_1">surname:Grady;given-names:C</infon><infon key="pub-id_pmid">23422260</infon><infon key="section_type">REF</infon><infon key="source">Curr Opin HIV AIDS</infon><infon key="type">ref</infon><infon key="volume">8</infon><infon key="year">2013</infon><offset>31697</offset><text>Ethical considerations in HIV cure research: points to consider</text></passage><passage><infon key="fpage">1</infon><infon key="lpage">11</infon><infon key="name_0">surname:Lo;given-names:Y</infon><infon key="name_1">surname:Chu;given-names:C</infon><infon key="name_2">surname:Ananworanich;given-names:J</infon><infon key="pub-id_pmid">25329875</infon><infon key="section_type">REF</infon><infon key="source">AIDS Patient Care STDs</infon><infon key="type">ref</infon><infon key="volume">29</infon><infon key="year">2015</infon><offset>31761</offset><text>Stakeholder engagement in HIV cure research: lessons learned from other HIV interventions and the way forward</text></passage><passage><infon key="section_type">REF</infon><infon key="source">Good Participatory Practice Guidelines for Biomedical HIV Prevention Trials</infon><infon key="type">ref</infon><infon key="year">2007</infon><offset>31871</offset></passage><passage><infon key="fpage">1749</infon><infon key="lpage">1758</infon><infon key="name_0">surname:Newman;given-names:P</infon><infon key="name_1">surname:Logie;given-names:C</infon><infon key="name_2">surname:James;given-names:L</infon><infon key="pub-id_pmid">21778490</infon><infon key="section_type">REF</infon><infon key="source">Am J Public Health</infon><infon key="type">ref</infon><infon key="volume">101</infon><infon key="year">2011</infon><offset>31872</offset><text>‘Speaking the dialect’: understanding public discourse in the aftermath of an HIV vaccine trial shutdown</text></passage><passage><infon key="fpage">1553</infon><infon key="lpage">1562</infon><infon key="name_0">surname:Newman;given-names:PA</infon><infon key="name_1">surname:Rubincam;given-names:C</infon><infon key="section_type">REF</infon><infon key="source">Exp Rev Vaccines</infon><infon key="type">ref</infon><infon key="volume">13</infon><infon key="year">2014</infon><offset>31981</offset><text>Advancing community stakeholder engagement in biomedical HIV prevention trials: principles, practices and evidence</text></passage><passage><infon key="fpage">2031</infon><infon key="lpage">2041</infon><infon key="name_0">surname:Schwartlander;given-names:B</infon><infon key="name_1">surname:Stover;given-names:J</infon><infon key="name_2">surname:Hallett;given-names:T</infon><infon key="pub-id_pmid">21641026</infon><infon key="section_type">REF</infon><infon key="source">Lancet</infon><infon key="type">ref</infon><infon key="volume">377</infon><infon key="year">2011</infon><offset>32096</offset><text>Towards an improved investment approach for an effective response to HIV/AIDS</text></passage><passage><infon key="fpage">713</infon><infon key="lpage">716</infon><infon key="name_0">surname:Coakley;given-names:M</infon><infon key="name_1">surname:Fadiran;given-names:EO</infon><infon key="name_2">surname:Parrish;given-names:LJ</infon><infon key="section_type">REF</infon><infon key="source">J Women Health</infon><infon key="type">ref</infon><infon key="volume">21</infon><infon key="year">2012</infon><offset>32174</offset><text>Dialogues on diversifying clinical trials: successful strategies for engaging women and minorities in clinical trials</text></passage><passage><infon key="fpage">4</infon><infon key="name_0">surname:Zekeri;given-names:A</infon><infon key="name_1">surname:Diabate;given-names:Y</infon><infon key="section_type">REF</infon><infon key="source">Prof Agricult Work</infon><infon key="type">ref</infon><infon key="volume">2</infon><infon key="year">2015</infon><offset>32292</offset><text>Factors associated with belief in conspiracies about HIV/AIDS among HIV-positive African American patients</text></passage><passage><infon key="fpage">3</infon><infon key="lpage">18</infon><infon key="name_0">surname:Pellowski;given-names:JA</infon><infon key="name_1">surname:Kalichman;given-names:SC</infon><infon key="name_2">surname:Watson;given-names:RR</infon><infon key="section_type">REF</infon><infon key="source">Health of HIV Infected People: Food, Nutrition and Lifestyle Without Antiretroviral Drugs</infon><infon key="type">ref</infon><infon key="year">2015</infon><offset>32399</offset></passage><passage><infon key="fpage">111</infon><infon key="lpage">112</infon><infon key="name_0">surname:Corbie-Smith;given-names:G</infon><infon key="name_1">surname:Isler;given-names:MR</infon><infon key="name_2">surname:Miles;given-names:MS</infon><infon key="name_3">surname:Banks;given-names:B</infon><infon key="section_type">REF</infon><infon key="source">Prog Community Health Partnersh</infon><infon key="type">ref</infon><infon key="volume">6</infon><infon key="year">2012</infon><offset>32400</offset><text>Community-Based HIV Clinical Trials: An Integrated Approach in Underserved , Rural , Minority Communities</text></passage><passage><infon key="fpage">56</infon><infon key="lpage">63</infon><infon key="name_0">surname:Henderson;given-names:GE</infon><infon key="pub-id_pmid">25406579</infon><infon key="section_type">REF</infon><infon key="source">AIDS Res Hum Retroviruses</infon><infon key="type">ref</infon><infon key="volume">31</infon><infon key="year">2015</infon><offset>32506</offset><text>The ethics of HIV ‘cure’ research: what can we learn from consent forms?</text></passage><passage><infon key="fpage">179</infon><infon key="issue">2</infon><infon key="lpage">187</infon><infon key="name_0">surname:Brabham;given-names:DC</infon><infon key="name_1">surname:Ribisl;given-names:KM</infon><infon key="name_2">surname:Kirchner;given-names:TR</infon><infon key="name_3">surname:Bernhardt;given-names:JM</infon><infon key="pub-id_pmid">24439353</infon><infon key="section_type">REF</infon><infon key="source">Am J Prev Med</infon><infon key="type">ref</infon><infon key="volume">46</infon><infon key="year">2014</infon><offset>32583</offset><text>Crowdsourcing applications for public health</text></passage><passage><infon key="fpage">189</infon><infon key="lpage">200</infon><infon key="name_0">surname:Estellés-Arolas;given-names:E</infon><infon key="name_1">surname:González-Ladrón-de-Guevara;given-names:F</infon><infon key="section_type">REF</infon><infon key="source">J Inform Sci</infon><infon key="type">ref</infon><infon key="volume">38</infon><infon key="year">2012</infon><offset>32628</offset><text>Towards an integrated crowdsourcing definition</text></passage><passage><infon key="fpage">187</infon><infon key="lpage">203</infon><infon key="name_0">surname:Ranard;given-names:BL</infon><infon key="name_1">surname:Ha;given-names:YP</infon><infon key="name_2">surname:Meisel;given-names:ZF</infon><infon key="pub-id_pmid">23843021</infon><infon key="section_type">REF</infon><infon key="source">J Gen Intern Med</infon><infon key="type">ref</infon><infon key="volume">29</infon><infon key="year">2014</infon><offset>32675</offset><text>Crowdsourcing – harnessing the masses to advance health and medicine, a systematic review</text></passage><passage><infon key="comment">Lima, Peru</infon><infon key="fpage">28</infon><infon key="name_0">surname:Bullinger;given-names:AC</infon><infon key="name_1">surname:Moeslein;given-names:K</infon><infon key="section_type">REF</infon><infon key="source">Americas Conference on Information Systems</infon><infon key="type">ref</infon><infon key="year">August 2010</infon><offset>32767</offset><text>Innovation contests – where are we?</text></passage><passage><infon key="comment">10.2139/ssrn.2542857</infon><infon key="name_0">surname:Chen;given-names:L</infon><infon key="name_1">surname:Xu;given-names:P</infon><infon key="name_2">surname:Liu;given-names:D</infon><infon key="section_type">REF</infon><infon key="source">SSRN Electronic J</infon><infon key="type">ref</infon><offset>32805</offset><text>Experts versus the crowd: a comparison of selection mechanisms in crowdsourcing contests</text></passage><passage><infon key="fpage">245</infon><infon key="lpage">256</infon><infon key="name_0">surname:Poetz;given-names:MK</infon><infon key="name_1">surname:Schreier;given-names:M</infon><infon key="section_type">REF</infon><infon key="source">J Prod Innov Manag</infon><infon key="type">ref</infon><infon key="volume">29</infon><infon key="year">2012</infon><offset>32894</offset><text>The value of crowdsourcing: can users really compete with professionals in generating new product ideas?</text></passage><passage><infon key="name_0">surname:Surowiecki;given-names:J</infon><infon key="section_type">REF</infon><infon key="source">The Wisdom of Crowds: Why the Many are Smarter than the Few and How Collective Wisdom Shapes Business, Economies, Societies, and Nations</infon><infon key="type">ref</infon><infon key="year">2004</infon><offset>32999</offset></passage><passage><infon key="fpage">57</infon><infon key="lpage">88</infon><infon key="name_0">surname:Zheng;given-names:H</infon><infon key="name_1">surname:Li;given-names:D</infon><infon key="name_2">surname:Hou;given-names:W</infon><infon key="section_type">REF</infon><infon key="source">Int J Electron Commerce</infon><infon key="type">ref</infon><infon key="volume">15</infon><infon key="year">2011</infon><offset>33000</offset><text>Task design, motivation, and participation in crowdsourcing contests</text></passage><passage><infon key="fpage">23</infon><infon key="lpage">32</infon><infon key="name_0">surname:Khare;given-names:R</infon><infon key="name_1">surname:Good;given-names:BM</infon><infon key="name_2">surname:Leaman;given-names:R</infon><infon key="name_3">surname:Su;given-names:AI</infon><infon key="name_4">surname:Lu;given-names:Z</infon><infon key="section_type">REF</infon><infon key="source">Brief Bioinformat</infon><infon key="type">ref</infon><infon key="volume">17</infon><infon key="year">2016</infon><offset>33069</offset><text>Crowdsourcing in biomedicine: challenges and opportunities</text></passage><passage><infon key="fpage">2306</infon><infon key="lpage">2312</infon><infon key="name_0">surname:Merchant;given-names:RM</infon><infon key="name_1">surname:Griffis;given-names:HM</infon><infon key="name_2">surname:Ha;given-names:YP</infon><infon key="pub-id_pmid">25320902</infon><infon key="section_type">REF</infon><infon key="source">Am J Public Health</infon><infon key="type">ref</infon><infon key="volume">104</infon><infon key="year">2014</infon><offset>33128</offset><text>Hidden in plain sight: a crowdsourced public art contest to make automated external defibrillators more visible</text></passage><passage><infon key="fpage">1436</infon><infon key="lpage">1442</infon><infon key="name_0">surname:Tang;given-names:W</infon><infon key="name_1">surname:Han;given-names:L</infon><infon key="name_2">surname:Best;given-names:J</infon><infon key="pub-id_pmid">27129465</infon><infon key="section_type">REF</infon><infon key="source">Clin Infect Dis</infon><infon key="type">ref</infon><infon key="volume">62</infon><infon key="year">2016</infon><offset>33240</offset><text>Crowdsourcing HIV test promotion videos: a noninferiority randomized controlled trial in China</text></passage><passage><infon key="fpage">S73</infon><infon key="name_0">surname:Tang;given-names:W</infon><infon key="name_1">surname:Mao;given-names:J</infon><infon key="name_2">surname:Liu;given-names:C</infon><infon key="section_type">REF</infon><infon key="source">Lancet</infon><infon key="type">ref</infon><infon key="volume">388</infon><infon key="year">2017</infon><offset>33335</offset><text>Crowdsourcing health communication about condom use in men who have sex with men in China: a randomised controlled trial</text></passage><passage><infon key="fpage">78</infon><infon key="name_0">surname:Zhang;given-names:W</infon><infon key="name_1">surname:Schaffer;given-names:D</infon><infon key="name_2">surname:Sze Tso;given-names:L</infon><infon key="pub-id_pmid">28088211</infon><infon key="section_type">REF</infon><infon key="source">BMC Public Health</infon><infon key="type">ref</infon><infon key="volume">17</infon><infon key="year">2017</infon><offset>33456</offset><text>Innovation contests to promote sexual health in china: a qualitative evaluation</text></passage><passage><infon key="fpage">312</infon><infon key="lpage">323</infon><infon key="name_0">surname:Wallerstein;given-names:NB</infon><infon key="name_1">surname:Duran;given-names:B</infon><infon key="pub-id_pmid">16760238</infon><infon key="section_type">REF</infon><infon key="source">Health Promot Pract</infon><infon key="type">ref</infon><infon key="volume">7</infon><infon key="year">2006</infon><offset>33536</offset><text>Using community-based participatory research to address health disparities</text></passage><passage><infon key="fpage">218</infon><infon key="lpage">237</infon><infon key="name_0">surname:Berkley-Patton;given-names:J</infon><infon key="name_1">surname:Bowe-Thompson;given-names:C</infon><infon key="name_2">surname:Bradley-Ewing;given-names:A</infon><infon key="pub-id_pmid">20528130</infon><infon key="section_type">REF</infon><infon key="source">AIDS Educ Prev</infon><infon key="type">ref</infon><infon key="volume">22</infon><infon key="year">2010</infon><offset>33611</offset><text>Taking it to the pews: a CBPR-guided HIV awareness and screening project with black churches</text></passage><passage><infon key="fpage">511</infon><infon key="lpage">521</infon><infon key="name_0">surname:Isler;given-names:MR</infon><infon key="name_1">surname:Brown;given-names:A</infon><infon key="name_2">surname:Eley;given-names:N</infon><infon key="pub-id_pmid">25727984</infon><infon key="section_type">REF</infon><infon key="source">Prog Community Health Partnersh</infon><infon key="type">ref</infon><infon key="volume">8</infon><infon key="year">2014</infon><offset>33704</offset><text>Curriculum development to increase minority research literacy for hiv prevention research: a CBPR approach Malika</text></passage><passage><infon key="fpage">165</infon><infon key="lpage">178</infon><infon key="name_0">surname:Stewart;given-names:MK</infon><infon key="name_1">surname:Colley;given-names:D</infon><infon key="name_2">surname:Huff;given-names:A</infon><infon key="pub-id_pmid">20208264</infon><infon key="section_type">REF</infon><infon key="source">Prog Community Health Partnersh</infon><infon key="type">ref</infon><infon key="volume">3</infon><infon key="year">2009</infon><offset>33818</offset><text>Participatory development and implementation of a community research workshop: experiences from a community-based participatory research partnership</text></passage><passage><infon key="comment">Raleigh, NC</infon><infon key="section_type">REF</infon><infon key="source">2014 North Carolina HIV/STD Surveillance Report</infon><infon key="type">ref</infon><infon key="year">2015</infon><offset>33967</offset></passage><passage><infon key="fpage">55</infon><infon key="lpage">60</infon><infon key="name_0">surname:Churchill;given-names:MJ</infon><infon key="name_1">surname:Deeks;given-names:SG</infon><infon key="name_2">surname:Margolis;given-names:DM</infon><infon key="pub-id_pmid">26616417</infon><infon key="section_type">REF</infon><infon key="source">Nat Rev Microbiol</infon><infon key="type">ref</infon><infon key="volume">14</infon><infon key="year">2016</infon><offset>33968</offset><text>HIV reservoirs: what, where and how to target them</text></passage><passage><infon key="fpage">433</infon><infon key="lpage">443</infon><infon key="name_0">surname:MacQueen;given-names:K</infon><infon key="name_1">surname:Chen;given-names:M</infon><infon key="name_2">surname:Jolly;given-names:D</infon><infon key="section_type">REF</infon><infon key="source">Am J Commun Psychol</infon><infon key="type">ref</infon><infon key="volume">55</infon><infon key="year">2015</infon><offset>34019</offset><text>HIV testing experience and risk behavior among sexually active black young adults: a CBPR-based study using respondent-driven sampling in Durham, North Carolina</text></passage><passage><infon key="name_0">surname:Corbin;given-names:J</infon><infon key="name_1">surname:Strauss;given-names:A</infon><infon key="section_type">REF</infon><infon key="source">Basics of Qualitative Research: Techniques and Procedures for Developing Grounded Theory</infon><infon key="type">ref</infon><infon key="year">2014</infon><offset>34180</offset></passage><passage><infon key="fpage">527</infon><infon key="lpage">548</infon><infon key="name_0">surname:Andrasik;given-names:M</infon><infon key="name_1">surname:Chapman;given-names:C</infon><infon key="name_2">surname:Clad;given-names:R</infon><infon key="pub-id_pmid">23206202</infon><infon key="section_type">REF</infon><infon key="source">AIDS Educ Prev</infon><infon key="type">ref</infon><infon key="volume">24</infon><infon key="year">2012</infon><offset>34181</offset><text>Developing concurrency messages for the black community in Seattle, Washington</text></passage><passage><infon key="fpage">229</infon><infon key="lpage">246</infon><infon key="name_0">surname:Chasi;given-names:C</infon><infon key="name_1">surname:Omarjee;given-names:N</infon><infon key="section_type">REF</infon><infon key="source">Crit Arts</infon><infon key="type">ref</infon><infon key="volume">28</infon><infon key="year">2014</infon><offset>34260</offset><text>It begins with you? An ubuntu-centered critique of a social marketing campaign on HIV and AIDS</text></passage><passage><infon key="fpage">601</infon><infon key="name_0">surname:Tucker;given-names:JD</infon><infon key="name_1">surname:Muessig;given-names:KE</infon><infon key="name_2">surname:Cui;given-names:R</infon><infon key="pub-id_pmid">25422065</infon><infon key="section_type">REF</infon><infon key="source">BMC Infect Dis</infon><infon key="type">ref</infon><infon key="volume">14</infon><infon key="year">2014</infon><offset>34355</offset><text>Organizational characteristics of HIV/syphilis testing services for men who have sex with men in South China: a social entrepreneurship analysis and implications for creating sustainable service models</text></passage><passage><infon key="fpage">797</infon><infon key="lpage">808</infon><infon key="name_0">surname:Freimuth;given-names:VS</infon><infon key="name_1">surname:Quinn;given-names:SC</infon><infon key="name_2">surname:Thomas;given-names:SB</infon><infon key="pub-id_pmid">11218181</infon><infon key="section_type">REF</infon><infon key="source">Soc Sci Med</infon><infon key="type">ref</infon><infon key="volume">52</infon><infon key="year">2001</infon><offset>34557</offset><text>African Americans' views on research and the Tuskegee Syphilis study</text></passage><passage><infon key="fpage">1363</infon><infon key="lpage">86</infon><infon key="name_0">surname:De las Nueces;given-names:D</infon><infon key="name_1">surname:Hacker;given-names:K</infon><infon key="name_2">surname:Digirolamo;given-names:A</infon><infon key="name_3">surname:Hicks;given-names:L</infon><infon key="section_type">REF</infon><infon key="source">Health Res Educ Trust</infon><infon key="type">ref</infon><infon key="volume">47</infon><infon key="year">2012</infon><offset>34626</offset><text>A systematic review of community- based participatory research to enhance clinical trials in racial and ethnic minority groups</text></passage><passage><infon key="fpage">172</infon><infon key="lpage">177</infon><infon key="name_0">surname:Thackeray;given-names:R</infon><infon key="name_1">surname:Keller;given-names:H</infon><infon key="name_2">surname:Heilbronner;given-names:JM</infon><infon key="name_3">surname:Dellinger;given-names:LKL</infon><infon key="section_type">REF</infon><infon key="source">Health Promot Prac</infon><infon key="type">ref</infon><infon key="volume">12</infon><infon key="year">2011</infon><offset>34753</offset><text>Social marketing's unique contribution to mental health stigma reduction and HIV testing: two case studies</text></passage><passage><infon key="comment">Hong Kong, China</infon><infon key="name_0">surname:Zhang;given-names:W</infon><infon key="name_1">surname:Schaffer;given-names:D</infon><infon key="name_2">surname:Tso;given-names:LS</infon><infon key="section_type">REF</infon><infon key="source">International Behavioral Health Conference</infon><infon key="type">ref</infon><infon key="year">January 2016</infon><offset>34860</offset><text>Qualitative evaluation of community engagement as part of an innovation contest</text></passage><passage><infon key="fpage">e46</infon><infon key="name_0">surname:Swan;given-names:M</infon><infon key="pub-id_pmid">22397809</infon><infon key="section_type">REF</infon><infon key="source">J Med Internet Res</infon><infon key="type">ref</infon><infon key="volume">14</infon><infon key="year">2012</infon><offset>34940</offset><text>Crowdsourced health research studies: an important emerging complement to clinical trials in the public health research ecosystem</text></passage><passage><infon key="fpage">57</infon><infon key="lpage">68</infon><infon key="name_0">surname:Hildebrand;given-names:M</infon><infon key="name_1">surname:Ahumada;given-names:C</infon><infon key="name_2">surname:Watson;given-names:S</infon><infon key="pub-id_pmid">23684188</infon><infon key="section_type">REF</infon><infon key="source">Reprod Health Matters</infon><infon key="type">ref</infon><infon key="volume">21</infon><infon key="year">2013</infon><offset>35070</offset><text>CrowdOutAIDS: crowdsourcing youth perspectives for action</text></passage></document></collection>
