<?xml version="1.0" encoding="UTF-8"?>
<!DOCTYPE collection SYSTEM "BioC.dtd">
<collection><source>PMC</source><date>20210104</date><key>pmc.key</key><document><id>6078785</id><infon key="license">author_manuscript</infon><passage><infon key="article-id_doi">10.1016/j.addbeh.2018.03.011</infon><infon key="article-id_manuscript">NIHMS957912</infon><infon key="article-id_pmc">6078785</infon><infon key="article-id_pmid">29625751</infon><infon key="fpage">56</infon><infon key="kwd">naloxone opioid overdose opioid use disorder narcan</infon><infon key="license">
          This file is available for text mining. It may also be used consistent with the principles of fair use under the copyright law.
        </infon><infon key="lpage">60</infon><infon key="name_0">surname:Dunn;given-names:Kelly E.</infon><infon key="name_1">surname:Barrett;given-names:Frederick S.</infon><infon key="name_2">surname:Bigelow;given-names:George E.</infon><infon key="section_type">TITLE</infon><infon key="type">front</infon><infon key="volume">86</infon><infon key="year">2019</infon><offset>0</offset><text>Naloxone Formulation For Overdose Reversal Preference Among Patients Receiving Opioids for Pain Management</text></passage><passage><infon key="section_type">ABSTRACT</infon><infon key="type">abstract_title_1</infon><offset>107</offset><text>Background</text></passage><passage><infon key="section_type">ABSTRACT</infon><infon key="type">abstract</infon><offset>118</offset><text>Opioid-related overdose has increased 137% in the past decade. Training nonmedical bystanders to administer naloxone (Narcan™) is a widely-researched intervention that has been associated with decreases in overdose rates in the communities in which it has been implemented. A recent review advocated for noninjectable formulations of naloxone, however patient preference for naloxone formulations has not yet been examined.</text></passage><passage><infon key="section_type">ABSTRACT</infon><infon key="type">abstract_title_1</infon><offset>544</offset><text>Methods</text></passage><passage><infon key="section_type">ABSTRACT</infon><infon key="type">abstract</infon><offset>552</offset><text>Two cohorts of respondents (N1=501, N2=172) who reported currently being prescribed an opioid for pain management were recruited through the crowd-sourcing program Amazon Mechanical Turk (MTurk) to assess their preference for naloxone formulations. All respondents were provided a description of different formulations and asked to indicate all formulations they would be willing to administer for overdose reversal and to then rank formulations in order of preference.</text></passage><passage><infon key="section_type">ABSTRACT</infon><infon key="type">abstract_title_1</infon><offset>1022</offset><text>Results</text></passage><passage><infon key="section_type">ABSTRACT</infon><infon key="type">abstract</infon><offset>1030</offset><text>Results were remarkably similar across both cohorts. Specifically, respondents preferred noninjectable formulations (intranasal, sublingual, buccal) over injectable (intravenous, intramuscular) formulations. A small percent (8.9 – 9.8%) said they would never be willing to administer naloxone. An identical percent of respondents in both cohorts (44.9 %) rated intranasal as their most preferred formulation.</text></passage><passage><infon key="section_type">ABSTRACT</infon><infon key="type">abstract_title_1</infon><offset>1441</offset><text>Conclusions</text></passage><passage><infon key="section_type">ABSTRACT</infon><infon key="type">abstract</infon><offset>1453</offset><text>Two independent cohorts of respondents who were receiving opioid medications for pain management reported a preference for noninjectable over injectable formulations of naloxone to reverse an opioid overdose. Though initial preference is only one of many factors that impacts ultimate public acceptance and uptake of a new product, these results support the additional research and development of noninjectable naloxone formulations.</text></passage><passage><infon key="section_type">INTRO</infon><infon key="type">title_1</infon><offset>1887</offset><text>1. Introduction</text></passage><passage><infon key="section_type">INTRO</infon><infon key="type">paragraph</infon><offset>1903</offset><text>In the United States, the rate of overdoses related to opioids has increased more than 137% over the past decade and unintentional poisonings (which are driven by opioid-related overdoses) are now the leading cause of accidental death in adults aged 25–64. Naloxone (Narcan™) is a fast-acting opioid antagonist that can be used to reverse the agonist effects of opioids to stop an overdose. In the past decade, there have been increasing efforts to equip non-medical persons with naloxone and train them in its administration to reverse an opioid overdose. These efforts have been associated with significant reductions in overdose rates in communities in which they have been implemented. The United States has recently declared the opioid epidemic to be a national emergency, and numerous federal, state, and organizational-level efforts are being made to expand access to naloxone. This is somewhat complicated by the fact that naloxone is currently only available by prescription, though efforts to circumvent this barrier, such as formalizing standing orders at pharmacies to allow individuals to purchase naloxone more easily and training physicians to prescribe naloxone to patients receiving opioids for pain management, appear to be working. There is significant interest in making an over-the-counter version of naloxone available as well.</text></passage><passage><infon key="section_type">INTRO</infon><infon key="type">paragraph</infon><offset>3257</offset><text>Because naloxone was developed for medical personnel to use in hospital settings, it has traditionally been available only as an injectable product (generally intravenous or intramuscular). With the onset of nonmedical bystander training programs, there has been interest in developing additional naloxone formulations that may be easier for individuals who have no medical training to use in opioid overdose situations. Ease of use is an important consideration as overdose situations are often chaotic and stressful, so products that do not require much technical skill and have reduced risk of collateral problems (e.g., accidental needle stick) are likely to be more widely utilized.</text></passage><passage><infon key="section_type">INTRO</infon><infon key="type">paragraph</infon><offset>3945</offset><text>The most prominent example of a noninjectable formulation is intranasal naloxone. The first intranasal product was an aftermarket atomizer that was added to the standard naloxone injection ampule, which allowed the user to spray naloxone into nasal passageways. Intranasal naloxone has now been formally developed into a recently FDA-approved product. Possibilities for developing transmucosal formulations, such as sublingual or buccal products, are also being explored. Although the bioavailability of these formulations is significantly lower than an injectable formulation, pharmacological studies have reported approximately 10–25% of naloxone administered transmucosally is absorbed and that high doses are able to reverse opioid-agonist effects in humans. Mucodel Pharma is currently developing a buccal formulation of naloxone. This reflects a growing interest in the evaluation of additional noninjection formulations of naloxone for bystander use. For instance, a systematic review recently discussed the value of additional noninjectable methods for delivering naloxone, and advocated for further research and development of intranasal, sublingual, and buccal formulations.</text></passage><passage><infon key="section_type">INTRO</infon><infon key="type">paragraph</infon><offset>5132</offset><text>What is not yet known is what naloxone formulation type(s) nonmedical persons would prefer. This is a critical issue because reticence to administer a specific naloxone formulation may impede any public health impact that increasing access to naloxone could have on reducing fatal overdoses. Information on administration preference is also important for companies developing new formulations of naloxone, and could help inform the development of package inserts and instructional guidance regarding the utilization of these new products. This manuscript describes the outcomes of two independent surveys of individuals who are receiving opioids for pain management and were asked about their preference for administering different formulations of naloxone for opioid overdose reversal.</text></passage><passage><infon key="section_type">METHODS</infon><infon key="type">title_1</infon><offset>5919</offset><text>2. Methods</text></passage><passage><infon key="section_type">METHODS</infon><infon key="type">title_2</infon><offset>5930</offset><text>2.1 Respondents</text></passage><passage><infon key="section_type">METHODS</infon><infon key="type">paragraph</infon><offset>5946</offset><text>Respondents were recruited in two independent cohorts. Both cohorts had to report currently taking a prescribed opioid for their pain and being 18 or older to be eligible for the study; cohort 1 also had to report experiencing pain for three months or more. Cohort 1 was recruited in 3/2015 and Cohort 2 was recruited between 4/2017 – 8/2017. Both cohorts were recruited from the online crowd-sourcing program Amazon Mechanical Turk (MTurk). Interested individuals (“workers”) responded to a human intelligence task (“HIT”) request to participate in a survey on “health behaviors”. The survey was restricted to individuals who lived within the United States and who had ≥80% approval ratings from their previous completion of HITs. The specific nature of the survey and its eligibility criteria were concealed to prevent individuals from misrepresenting themselves to gain entry into the survey. Respondents (N=4,639) completed an eligibility survey (N=3,157 in Cohort 1; N=1,482 in Cohort 2) and those who met criteria (Total N=673; N=501 in Cohort 1, N=172 in Cohort 2; 14.5% of those completing eligibility survey) were advanced to the primary survey. Respondents were compensated up to $5.00 for primary survey completion. Respondents provided responses anonymously and were instructed that their completion of the survey items served as their consent to participate in the study. The Johns Hopkins School of Medicine Institutional Review Board acknowledged both surveys as exempt from human subject research.</text></passage><passage><infon key="section_type">METHODS</infon><infon key="type">title_2</infon><offset>7476</offset><text>2.2 Study Methods</text></passage><passage><infon key="section_type">METHODS</infon><infon key="type">paragraph</infon><offset>7494</offset><text>Methods were identical across both cohorts. Respondents completed a brief demographic questionnaire to characterize the sample and were then provided with the following introductory statement: “Naloxone (Narcan) is an FDA-approved medication that can be administered to someone who is overdosing from opioids like heroin or prescription pain medications. Naloxone can reverse the effects of an overdose and can help the person to survive. If you give naloxone to someone who does not have any opioids in his or her body, then it will not produce any side effects. Naloxone is not addictive in any way.”</text></passage><passage><infon key="section_type">METHODS</infon><infon key="type">paragraph</infon><offset>8101</offset><text>Respondents were then asked the following two questions regarding their naloxone preference: 1) “Which of the following methods would you be willing to use to administer naloxone to a person who you suspected may be overdosing from opioids like heroin or prescription pain medications? Please select all that apply” and the following six options were provided: “Intravenous (IV): An injection directly into the vein; Intramuscular (IM): An injection directly into the muscle; Intranasal (IN): A spray that squirts naloxone into the nose; Sublingual (SL): A tablet that you place under someone’s tongue; Buccal: A patch that you stick to the inside of someone’s cheek; and None: I would never be willing to administer naloxone to someone I believed was overdosing”; and 2) (presented only when “None” was not selected) “Rank your preference for different formulations with #1 being the highest or most preferred and #5 being the lowest or least preferred method”. Product description was intentionally kept brief and did not discuss other potentially relevant features such as cost or availability of the naloxone products in an attempt to focus respondents’ choices on the route of administration, which was the primary attribute of interest for this study.</text></passage><passage><infon key="section_type">METHODS</infon><infon key="type">title_2</infon><offset>9381</offset><text>2.3 Data Analyses</text></passage><passage><infon key="section_type">METHODS</infon><infon key="type">paragraph</infon><offset>9399</offset><text>Data are presented descriptively. Participant demographics were compared between cohorts using chi-square analyses with z-test post-hoc comparisons as appropriate, and post-hoc logistic regressions analyses were used to determine whether any demographic or drug use characteristics were associated with preference for injectable versus noninjectable formulations of naloxone.</text></passage><passage><infon key="section_type">RESULTS</infon><infon key="type">title_1</infon><offset>9775</offset><text>3. Results</text></passage><passage><infon key="section_type">RESULTS</infon><infon key="type">paragraph</infon><offset>9786</offset><text>Demographics are shown in Table 1 and preference ratings are presented in Figure 1 for both cohort 1 (left side) and cohort 2 (right side). Cohorts are presented separately to demonstrate the similarity in results across two independent samples. Respondents in cohort 1 stated they were more willing to administer noninjectable formulations of naloxone (intranasal, sublingual, buccal) over injectable formulations and this same pattern was evident in cohort 2 (Figure 1, top panel). Only a small percentage of respondents in both cohorts stated they would not be willing to administer any naloxone product (8.9% – 9.8%). When asked to rank all possible formulations of naloxone on a 5-point scale from most to least preferred, both cohort 1 and 2 ranked the noninjectable formulations (intranasal, sublingual, and buccal) as more preferable than the injectable formulations (Figure 1, middle panel). When asked to select their most preferred route of administration, respondents in both cohorts overwhelmingly selected the intranasal product. Specifically, 44.9% of respondents in both cohorts rated the intranasal formulation as their number one preferred route for administering naloxone (Figure 1, bottom panel). None of the demographic or drug use characteristics examined were significantly associated with preference for injectable versus noninjectable formulations of naloxone.</text></passage><passage><infon key="section_type">DISCUSS</infon><infon key="type">title_1</infon><offset>11174</offset><text>4. Discussion</text></passage><passage><infon key="section_type">DISCUSS</infon><infon key="type">paragraph</infon><offset>11188</offset><text>This study evaluated preference for naloxone formulations among patients who are being prescribed opioids for pain management. Results from two independent surveys showed these individuals reliably preferred noninjectable (intranasal, sublingual, buccal) formulations of naloxone more than injectable (intravenous, intramuscular) formulations for reversing opioid overdose. This was evident in their reports of willingness to administer the product, rankings of most to least preferred product, and categorization of intranasal as being the overall most preferred route of administration. The similarities in responses across the two cohorts is remarkable, especially considering that data were collected two years apart and that considerable media attention has been paid to the opioid epidemic in the interim. The interest in an intranasal product supports the recent FDA approval of an intranasal product (Narcan™; Adapt Pharmaceuticals), which is a commercially available intranasal product that does not require application of an atomizer to an injection ampule to administer intranasally. While Narcan™ is the only currently FDA-approved intranasal product, a recent international patent search identified patents for new intranasal and sublingual formulations of naloxone, and recently published studies have reported the pharmacokinetics of new intranasal and buccal products, indicating substantial interest in development of noninjected naloxone formulations.</text></passage><passage><infon key="section_type">DISCUSS</infon><infon key="type">paragraph</infon><offset>12662</offset><text>Initial preference for a product formulation type is an important consideration in the development of medications, however there are other aspects that are also highly likely to impact product uptake and ultimate public acceptance that were not evaluated here. For instance, while this survey ensured that all respondents had a basic understanding of how the naloxone product would be administered, respondents were not provided with information regarding the relative speed and effectiveness of the different products, and this information is also likely to impact preference. Further, the manner in which the product is packaged and the training necessary to use the product will also impact preference ratings and ultimate product acceptance and uptake. A further weakness of the study is that responses were based on verbal descriptions of the products; responses might differ with experience or with different descriptions.</text></passage><passage><infon key="section_type">DISCUSS</infon><infon key="type">paragraph</infon><offset>13591</offset><text>Interestingly, a small percentage of respondents stated they were would not be willing to administer naloxone in any formulation; more research on this group is warranted as it could help inform product descriptions and educational efforts to increase acceptance of naloxone in nonmedical settings. It should also be noted that these data did not specifically mention the recently FDA-approved Evzio naloxone autoinjector, and it is possible that the autoinjection nature of that product might reduce concerns regarding provision of injections.</text></passage><passage><infon key="section_type">DISCUSS</infon><infon key="type">paragraph</infon><offset>14136</offset><text>These analyses were limited by the inability to verify the eligibility criteria of the respondents. Further, the description of each formulation that was provided to the respondents was limited in scope. This was done for strategic reasons to prevent any experimenter bias from being detected and so that decisions would be made with the belief that formulations were equally viable, thereby restricting decisions to the route by which the product was administered instead of features such as price, availability, or speed of effect. Yet, such features are important considerations for decision-making and providing additional information may have changed the results; more research on this topic is therefore warranted. The experience of using the product may also influence preference. Finally, these data only represent the opinions of persons who have experience using opioids for pain management. It will be necessary also to evaluate naloxone formulation preference for other relevant bystander groups, such as family members, first responders, and educators, who may or may not have direct experience using opioids but are in positions where they may need to learn to administer naloxone for overdose reversal.</text></passage><passage><infon key="section_type">CONCL</infon><infon key="type">title_1</infon><offset>15354</offset><text>5. Conclusion</text></passage><passage><infon key="section_type">CONCL</infon><infon key="type">paragraph</infon><offset>15368</offset><text>Overall, these data indicate that patients receiving opioids for pain management report greater willingness to administer and preference for noninjectable versus injectable formulations of naloxone to reverse opioid overdose. Preference for formulation type represents one of the many factors that need to be considered in the development of additional naloxone products, and these study results support the conclusions of a recent systematic review that proposed the development of noninjectable (e.g, intranasal, sublingual, buccal) naloxone products.</text></passage><passage><infon key="section_type">CONCL</infon><infon key="type">footnote</infon><offset>15922</offset><text>Disclosures</text></passage><passage><infon key="section_type">CONCL</infon><infon key="type">footnote</infon><offset>15934</offset><text>This research was supported by NIDA grants R21DA035327, R01DA035246, and R01DA042751. The authors have no relevant conflicts of interest to report. Authors KED and GEB developed the survey items, all authors contributed to the conceptualization and writing of the manuscript.</text></passage><passage><infon key="section_type">CONCL</infon><infon key="type">footnote</infon><offset>16210</offset><text>This is a PDF file of an unedited manuscript that has been accepted for publication. As a service to our customers we are providing this early version of the manuscript. The manuscript will undergo copyediting, typesetting, and review of the resulting proof before it is published in its final citable form. Please note that during the production process errors may be discovered which could affect the content, and all legal disclaimers that apply to the journal pertain.</text></passage><passage><infon key="fpage">1688</infon><infon key="lpage">1698</infon><infon key="name_0">surname:Alqurshi;given-names:A</infon><infon key="name_1">surname:Kumar;given-names:Z</infon><infon key="name_2">surname:McDonald;given-names:R</infon><infon key="name_3">surname:Strang;given-names:J</infon><infon key="name_4">surname:Buanz;given-names:A</infon><infon key="name_5">surname:Ahmed;given-names:S</infon><infon key="name_6">surname:Allen;given-names:E</infon><infon key="name_7">surname:Cameron;given-names:P</infon><infon key="name_8">surname:Rickard;given-names:JA</infon><infon key="name_9">surname:Sandhu;given-names:V</infon><infon key="pub-id_pmid">26977787</infon><infon key="section_type">REF</infon><infon key="source">Molecular pharmaceutics</infon><infon key="type">ref</infon><infon key="volume">13</infon><infon key="year">2016</infon><offset>16683</offset><text>Amorphous formulation and in vitro performance testing of instantly disintegrating buccal tablets for the emergency delivery of naloxone</text></passage><passage><infon key="fpage">3</infon><infon key="lpage">5</infon><infon key="name_0">surname:Buhrmester;given-names:M</infon><infon key="name_1">surname:Kwang;given-names:T</infon><infon key="name_2">surname:Gosling;given-names:SD</infon><infon key="pub-id_pmid">26162106</infon><infon key="section_type">REF</infon><infon key="source">Perspect Psychol Sci</infon><infon key="type">ref</infon><infon key="volume">6</infon><infon key="year">2011</infon><offset>16820</offset><text>Amazon’s Mechanical Turk: A New Source of Inexpensive, Yet High-Quality, Data?</text></passage><passage><infon key="section_type">REF</infon><infon key="source">Wonder Database, 2015</infon><infon key="type">ref</infon><offset>16901</offset></passage><passage><infon key="fpage">S180</infon><infon key="lpage">S184</infon><infon key="name_0">surname:Davis;given-names:C</infon><infon key="name_1">surname:Carr;given-names:D</infon><infon key="pub-id_pmid">28073688</infon><infon key="section_type">REF</infon><infon key="source">Journal of the American Pharmacists Association</infon><infon key="type">ref</infon><infon key="volume">57</infon><infon key="year">2017</infon><offset>16902</offset><text>State legal innovations to encourage naloxone dispensing</text></passage><passage><infon key="fpage">788</infon><infon key="lpage">791</infon><infon key="name_0">surname:Doe-Simkins;given-names:M</infon><infon key="name_1">surname:Walley;given-names:AY</infon><infon key="name_2">surname:Epstein;given-names:A</infon><infon key="name_3">surname:Moyer;given-names:P</infon><infon key="pub-id_pmid">19363214</infon><infon key="section_type">REF</infon><infon key="source">Am J Public Health</infon><infon key="type">ref</infon><infon key="volume">99</infon><infon key="year">2009</infon><offset>16959</offset><text>Saved by the nose: bystander-administered intranasal naloxone hydrochloride for opioid overdose</text></passage><passage><infon key="name_0">surname:Gufford;given-names:B</infon><infon key="name_1">surname:Ainslie;given-names:G</infon><infon key="name_2">surname:White;given-names:J</infon><infon key="name_3">surname:Layton;given-names:M</infon><infon key="name_4">surname:Padowski;given-names:J</infon><infon key="name_5">surname:Pollack;given-names:G</infon><infon key="name_6">surname:Paine;given-names:M</infon><infon key="section_type">REF</infon><infon key="source">Clinical and Translational Science</infon><infon key="type">ref</infon><infon key="year">2017</infon><offset>17055</offset><text>Comparison of a New Intranasal Naloxone Formulation to Intramuscular Naloxone: Results from Hypothesis-generating Small Clinical Studies</text></passage><passage><infon key="fpage">85</infon><infon key="lpage">94</infon><infon key="name_0">surname:Harris;given-names:DS</infon><infon key="name_1">surname:Jones;given-names:RT</infon><infon key="name_2">surname:Welm;given-names:S</infon><infon key="name_3">surname:Upton;given-names:RA</infon><infon key="name_4">surname:Lin;given-names:E</infon><infon key="name_5">surname:Mendelson;given-names:J</infon><infon key="pub-id_pmid">11064186</infon><infon key="section_type">REF</infon><infon key="source">Drug Alcohol Depend</infon><infon key="type">ref</infon><infon key="volume">61</infon><infon key="year">2000</infon><offset>17192</offset><text>Buprenorphine and naloxone co-administration in opiate-dependent patients stabilized on sublingual buprenorphine</text></passage><passage><infon key="name_0">surname:Krieter;given-names:P</infon><infon key="name_1">surname:Chiang;given-names:N</infon><infon key="name_2">surname:Gyaw;given-names:S</infon><infon key="name_3">surname:Skolnick;given-names:P</infon><infon key="name_4">surname:Crystal;given-names:R</infon><infon key="name_5">surname:Keegan;given-names:F</infon><infon key="name_6">surname:Aker;given-names:J</infon><infon key="name_7">surname:Beck;given-names:M</infon><infon key="name_8">surname:Harris;given-names:J</infon><infon key="section_type">REF</infon><infon key="source">J Clin Pharmacol</infon><infon key="type">ref</infon><infon key="year">2016</infon><offset>17305</offset><text>Pharmacokinetic Properties and Human Use Characteristics of an FDA Approved Intranasal Naloxone Product for the Treatment of Opioid Overdose</text></passage><passage><infon key="fpage">441</infon><infon key="lpage">442</infon><infon key="name_0">surname:Madras;given-names:BK</infon><infon key="pub-id_pmid">28355456</infon><infon key="section_type">REF</infon><infon key="source">Jama psychiatry</infon><infon key="type">ref</infon><infon key="volume">74</infon><infon key="year">2017</infon><offset>17446</offset><text>The Surge of Opioid Use, Addiction, and Overdoses: Responsibility and Response of the US Health Care System</text></passage><passage><infon key="name_0">surname:McCarthy;given-names:M</infon><infon key="section_type">REF</infon><infon key="source">US declares opioid epidemic a “national emergency”</infon><infon key="type">ref</infon><infon key="year">2017</infon><offset>17554</offset></passage><passage><infon key="name_0">surname:McDonald;given-names:R</infon><infon key="name_1">surname:Danielsson Glende;given-names:Ø</infon><infon key="name_2">surname:Dale;given-names:O</infon><infon key="name_3">surname:Strang;given-names:J</infon><infon key="section_type">REF</infon><infon key="source">Drug Alcohol Rev</infon><infon key="type">ref</infon><infon key="year">2017</infon><offset>17555</offset><text>International patent applications for non-injectable naloxone for opioid overdose reversal: Exploratory search and retrieve analysis of the PatentScope database</text></passage><passage><infon key="fpage">S99</infon><infon key="lpage">S106. e5</infon><infon key="name_0">surname:Morton;given-names:KJ</infon><infon key="name_1">surname:Harrand;given-names:B</infon><infon key="name_2">surname:Floyd;given-names:CC</infon><infon key="name_3">surname:Schaefer;given-names:C</infon><infon key="name_4">surname:Acosta;given-names:J</infon><infon key="name_5">surname:Logan;given-names:BC</infon><infon key="name_6">surname:Clark;given-names:K</infon><infon key="pub-id_pmid">28292508</infon><infon key="section_type">REF</infon><infon key="source">Journal of the American Pharmacists Association</infon><infon key="type">ref</infon><infon key="volume">57</infon><infon key="year">2017</infon><offset>17716</offset><text>Pharmacy-based statewide naloxone distribution: A novel “top-down, bottom-up” approach</text></passage><passage><infon key="name_0">surname:Mundin;given-names:G</infon><infon key="name_1">surname:McDonald;given-names:R</infon><infon key="name_2">surname:Smith;given-names:K</infon><infon key="name_3">surname:Harris;given-names:S</infon><infon key="name_4">surname:Strang;given-names:J</infon><infon key="section_type">REF</infon><infon key="source">Addiction</infon><infon key="type">ref</infon><infon key="year">2017</infon><offset>17807</offset><text>Pharmacokinetics of concentrated naloxone nasal spray over first 30 minutes post-dosing: analysis of suitability for opioid overdose reversal</text></passage><passage><infon key="fpage">27</infon><infon key="lpage">34</infon><infon key="name_0">surname:Preston;given-names:KL</infon><infon key="name_1">surname:Bigelow;given-names:GE</infon><infon key="name_2">surname:Liebson;given-names:IA</infon><infon key="pub-id_pmid">2323306</infon><infon key="section_type">REF</infon><infon key="source">Drug Alcohol Depend</infon><infon key="type">ref</infon><infon key="volume">25</infon><infon key="year">1990</infon><offset>17949</offset><text>Effects of sublingually given naloxone in opioid-dependent human volunteers</text></passage><passage><infon key="fpage">261</infon><infon key="lpage">269</infon><infon key="name_0">surname:Rosado;given-names:J</infon><infon key="name_1">surname:Walsh;given-names:SL</infon><infon key="name_2">surname:Bigelow;given-names:GE</infon><infon key="name_3">surname:Strain;given-names:EC</infon><infon key="pub-id_pmid">17517480</infon><infon key="section_type">REF</infon><infon key="source">Drug Alcohol Depend</infon><infon key="type">ref</infon><infon key="volume">90</infon><infon key="year">2007</infon><offset>18025</offset><text>Sublingual buprenorphine/naloxone precipitated withdrawal in subjects maintained on 100mg of daily methadone</text></passage><passage><infon key="fpage">1378</infon><infon key="lpage">1382</infon><infon key="name_0">surname:Rudd;given-names:RA</infon><infon key="name_1">surname:Aleshire;given-names:N</infon><infon key="name_2">surname:Zibbell;given-names:JE</infon><infon key="name_3">surname:Gladden;given-names:RM</infon><infon key="pub-id_pmid">26720857</infon><infon key="section_type">REF</infon><infon key="source">MMWR Morb Mortal Wkly Rep</infon><infon key="type">ref</infon><infon key="volume">64</infon><infon key="year">2016</infon><offset>18134</offset><text>Increases in Drug and Opioid Overdose Deaths - United States, 2000–2014</text></passage><passage><infon key="name_0">surname:Strang;given-names:J</infon><infon key="name_1">surname:McDonald;given-names:R</infon><infon key="name_2">surname:Alqurshi;given-names:A</infon><infon key="name_3">surname:Royall;given-names:P</infon><infon key="name_4">surname:Taylor;given-names:D</infon><infon key="name_5">surname:Forbes;given-names:B</infon><infon key="section_type">REF</infon><infon key="source">Drug Alcohol Depend</infon><infon key="type">ref</infon><infon key="year">2016</infon><offset>18208</offset><text>Naloxone without the needle - systematic review of candidate routes for non-injectable naloxone for opioid overdose reversal</text></passage><passage><infon key="fpage">e2</infon><infon key="lpage">3</infon><infon key="name_0">surname:Traynor;given-names:K</infon><infon key="pub-id_pmid">26683675</infon><infon key="section_type">REF</infon><infon key="source">Am J Health Syst Pharm</infon><infon key="type">ref</infon><infon key="volume">73</infon><infon key="year">2016</infon><offset>18333</offset><text>FDA approves first intranasal naloxone product</text></passage><passage><infon key="fpage">555</infon><infon key="lpage">562</infon><infon key="name_0">surname:Tylleskar;given-names:I</infon><infon key="name_1">surname:Skulberg;given-names:AK</infon><infon key="name_2">surname:Nilsen;given-names:T</infon><infon key="name_3">surname:Skarra;given-names:S</infon><infon key="name_4">surname:Jansook;given-names:P</infon><infon key="name_5">surname:Dale;given-names:O</infon><infon key="pub-id_pmid">28144724</infon><infon key="section_type">REF</infon><infon key="source">Eur J Clin Pharmacol</infon><infon key="type">ref</infon><infon key="volume">73</infon><infon key="year">2017</infon><offset>18380</offset><text>Pharmacokinetics of a new, nasal formulation of naloxone</text></passage><passage><infon key="fpage">f174</infon><infon key="name_0">surname:Walley;given-names:AY</infon><infon key="name_1">surname:Xuan;given-names:Z</infon><infon key="name_2">surname:Hackman;given-names:HH</infon><infon key="name_3">surname:Quinn;given-names:E</infon><infon key="name_4">surname:Doe-Simkins;given-names:M</infon><infon key="name_5">surname:Sorensen-Alawad;given-names:A</infon><infon key="name_6">surname:Ruiz;given-names:S</infon><infon key="name_7">surname:Ozonoff;given-names:A</infon><infon key="pub-id_pmid">23372174</infon><infon key="section_type">REF</infon><infon key="source">BMJ</infon><infon key="type">ref</infon><infon key="volume">346</infon><infon key="year">2013</infon><offset>18437</offset><text>Opioid overdose rates and implementation of overdose education and nasal naloxone distribution in Massachusetts: interrupted time series analysis</text></passage><passage><infon key="fpage">335</infon><infon key="lpage">342</infon><infon key="name_0">surname:Weinberg;given-names:DS</infon><infon key="name_1">surname:Inturrisi;given-names:CE</infon><infon key="name_2">surname:Reidenberg;given-names:B</infon><infon key="name_3">surname:Moulin;given-names:DE</infon><infon key="name_4">surname:Nip;given-names:TJ</infon><infon key="name_5">surname:Wallenstein;given-names:S</infon><infon key="name_6">surname:Houde;given-names:RW</infon><infon key="name_7">surname:Foley;given-names:KM</infon><infon key="pub-id_pmid">2458208</infon><infon key="section_type">REF</infon><infon key="source">Clinical Pharmacology &amp; Therapeutics</infon><infon key="type">ref</infon><infon key="volume">44</infon><infon key="year">1988</infon><offset>18583</offset><text>Sublingual absorption of selected opioid analgesics</text></passage><passage><infon key="fpage">631</infon><infon key="lpage">635</infon><infon key="name_0">surname:Wheeler;given-names:E</infon><infon key="name_1">surname:Jones;given-names:TS</infon><infon key="name_2">surname:Gilbert;given-names:MK</infon><infon key="name_3">surname:Davidson;given-names:PJ</infon><infon key="pub-id_pmid">26086633</infon><infon key="section_type">REF</infon><infon key="source">MMWR Morb Mortal Wkly Rep</infon><infon key="type">ref</infon><infon key="volume">64</infon><infon key="year">2015</infon><offset>18635</offset><text>Opioid Overdose Prevention Programs Providing Naloxone to Laypersons - United States, 2014</text></passage><passage><infon key="file">nihms957912f1.jpg</infon><infon key="id">F1</infon><infon key="section_type">FIG</infon><infon key="type">fig_caption</infon><offset>18726</offset><text>Preference for naloxone formulation from two independent samples of respondents who are receiving opioids for pain management (N=673). Cohort 1 (N=501) is presented on the left and cohort 2 (N=172) is presented on the right. Cohorts are presented separately to demonstrate the similarity in outcomes. Values represent: A) Percent of respondents willing to administer different formulations of naloxone; B) Mean rank of formulations from Most (1) to Least (5) preferred, bars represent standard error of the mean (SEM); and C) Percent of respondents who endorsed a formulation as the most preferred. X-Axis represents formulation types: IV=Intravenous, IM=Intramuscular, IN=Intranasal, SL=Sublingual. Graphs B and C only present data from respondents who did not endorse “None” in Graph A.</text></passage><passage><infon key="file">T1.xml</infon><infon key="id">T1</infon><infon key="section_type">TABLE</infon><infon key="type">table</infon><infon key="xml">&lt;?xml version=&quot;1.0&quot; encoding=&quot;UTF-8&quot;?&gt;
&lt;table frame=&quot;box&quot; rules=&quot;all&quot;&gt;
        &lt;thead&gt;
          &lt;tr&gt;
            &lt;th valign=&quot;bottom&quot; align=&quot;left&quot; rowspan=&quot;1&quot; colspan=&quot;1&quot;&gt;Participant Characteristics&lt;/th&gt;
            &lt;th valign=&quot;bottom&quot; align=&quot;center&quot; rowspan=&quot;1&quot; colspan=&quot;1&quot;&gt;Total Sample&lt;/th&gt;
            &lt;th valign=&quot;bottom&quot; align=&quot;center&quot; rowspan=&quot;1&quot; colspan=&quot;1&quot;&gt;Cohort 1&lt;/th&gt;
            &lt;th valign=&quot;bottom&quot; align=&quot;center&quot; rowspan=&quot;1&quot; colspan=&quot;1&quot;&gt;Cohort 2&lt;/th&gt;
            &lt;th valign=&quot;bottom&quot; align=&quot;center&quot; rowspan=&quot;1&quot; colspan=&quot;1&quot;/&gt;
          &lt;/tr&gt;
          &lt;tr&gt;
            &lt;th valign=&quot;bottom&quot; align=&quot;left&quot; rowspan=&quot;1&quot; colspan=&quot;1&quot;/&gt;
            &lt;th valign=&quot;bottom&quot; align=&quot;center&quot; rowspan=&quot;1&quot; colspan=&quot;1&quot;&gt;(N=673)&lt;/th&gt;
            &lt;th valign=&quot;bottom&quot; align=&quot;center&quot; rowspan=&quot;1&quot; colspan=&quot;1&quot;&gt;(N=501)&lt;/th&gt;
            &lt;th valign=&quot;bottom&quot; align=&quot;center&quot; rowspan=&quot;1&quot; colspan=&quot;1&quot;&gt;(N=172)&lt;/th&gt;
            &lt;th valign=&quot;bottom&quot; align=&quot;center&quot; rowspan=&quot;1&quot; colspan=&quot;1&quot;&gt;p-value&lt;/th&gt;
          &lt;/tr&gt;
        &lt;/thead&gt;
        &lt;tbody&gt;
          &lt;tr&gt;
            &lt;td align=&quot;left&quot; valign=&quot;top&quot; rowspan=&quot;1&quot; colspan=&quot;1&quot;&gt;Male (%)&lt;/td&gt;
            &lt;td align=&quot;center&quot; valign=&quot;top&quot; rowspan=&quot;1&quot; colspan=&quot;1&quot;&gt;44.4&lt;/td&gt;
            &lt;td align=&quot;center&quot; valign=&quot;top&quot; rowspan=&quot;1&quot; colspan=&quot;1&quot;&gt;44.7&lt;/td&gt;
            &lt;td align=&quot;center&quot; valign=&quot;top&quot; rowspan=&quot;1&quot; colspan=&quot;1&quot;&gt;44.0&lt;/td&gt;
            &lt;td align=&quot;center&quot; valign=&quot;top&quot; rowspan=&quot;1&quot; colspan=&quot;1&quot;&gt;0.93&lt;/td&gt;
          &lt;/tr&gt;
          &lt;tr&gt;
            &lt;td align=&quot;left&quot; valign=&quot;top&quot; rowspan=&quot;1&quot; colspan=&quot;1&quot;&gt;Age in years (%)&lt;/td&gt;
            &lt;td align=&quot;center&quot; valign=&quot;top&quot; rowspan=&quot;1&quot; colspan=&quot;1&quot;/&gt;
            &lt;td align=&quot;center&quot; valign=&quot;top&quot; rowspan=&quot;1&quot; colspan=&quot;1&quot;/&gt;
            &lt;td align=&quot;center&quot; valign=&quot;top&quot; rowspan=&quot;1&quot; colspan=&quot;1&quot;/&gt;
            &lt;td align=&quot;center&quot; valign=&quot;top&quot; rowspan=&quot;1&quot; colspan=&quot;1&quot;&gt;&amp;lt;.001&lt;/td&gt;
          &lt;/tr&gt;
          &lt;tr&gt;
            &lt;td align=&quot;left&quot; valign=&quot;top&quot; rowspan=&quot;1&quot; colspan=&quot;1&quot;&gt; 18–25&lt;/td&gt;
            &lt;td align=&quot;center&quot; valign=&quot;top&quot; rowspan=&quot;1&quot; colspan=&quot;1&quot;&gt;16.1&lt;/td&gt;
            &lt;td align=&quot;center&quot; valign=&quot;top&quot; rowspan=&quot;1&quot; colspan=&quot;1&quot;&gt;13.0*&lt;/td&gt;
            &lt;td align=&quot;center&quot; valign=&quot;top&quot; rowspan=&quot;1&quot; colspan=&quot;1&quot;&gt;25.6*&lt;/td&gt;
            &lt;td align=&quot;center&quot; valign=&quot;top&quot; rowspan=&quot;1&quot; colspan=&quot;1&quot;/&gt;
          &lt;/tr&gt;
          &lt;tr&gt;
            &lt;td align=&quot;left&quot; valign=&quot;top&quot; rowspan=&quot;1&quot; colspan=&quot;1&quot;&gt; 26–35&lt;/td&gt;
            &lt;td align=&quot;center&quot; valign=&quot;top&quot; rowspan=&quot;1&quot; colspan=&quot;1&quot;&gt;40.5&lt;/td&gt;
            &lt;td align=&quot;center&quot; valign=&quot;top&quot; rowspan=&quot;1&quot; colspan=&quot;1&quot;&gt;39.7&lt;/td&gt;
            &lt;td align=&quot;center&quot; valign=&quot;top&quot; rowspan=&quot;1&quot; colspan=&quot;1&quot;&gt;42.9&lt;/td&gt;
            &lt;td align=&quot;center&quot; valign=&quot;top&quot; rowspan=&quot;1&quot; colspan=&quot;1&quot;/&gt;
          &lt;/tr&gt;
          &lt;tr&gt;
            &lt;td align=&quot;left&quot; valign=&quot;top&quot; rowspan=&quot;1&quot; colspan=&quot;1&quot;&gt; 36–45&lt;/td&gt;
            &lt;td align=&quot;center&quot; valign=&quot;top&quot; rowspan=&quot;1&quot; colspan=&quot;1&quot;&gt;24.2&lt;/td&gt;
            &lt;td align=&quot;center&quot; valign=&quot;top&quot; rowspan=&quot;1&quot; colspan=&quot;1&quot;&gt;13.7*&lt;/td&gt;
            &lt;td align=&quot;center&quot; valign=&quot;top&quot; rowspan=&quot;1&quot; colspan=&quot;1&quot;&gt;24.2*&lt;/td&gt;
            &lt;td align=&quot;center&quot; valign=&quot;top&quot; rowspan=&quot;1&quot; colspan=&quot;1&quot;/&gt;
          &lt;/tr&gt;
          &lt;tr&gt;
            &lt;td align=&quot;left&quot; valign=&quot;top&quot; rowspan=&quot;1&quot; colspan=&quot;1&quot;&gt; 46–55&lt;/td&gt;
            &lt;td align=&quot;center&quot; valign=&quot;top&quot; rowspan=&quot;1&quot; colspan=&quot;1&quot;&gt;11.8&lt;/td&gt;
            &lt;td align=&quot;center&quot; valign=&quot;top&quot; rowspan=&quot;1&quot; colspan=&quot;1&quot;&gt;11.9&lt;/td&gt;
            &lt;td align=&quot;center&quot; valign=&quot;top&quot; rowspan=&quot;1&quot; colspan=&quot;1&quot;&gt;11.8&lt;/td&gt;
            &lt;td align=&quot;center&quot; valign=&quot;top&quot; rowspan=&quot;1&quot; colspan=&quot;1&quot;/&gt;
          &lt;/tr&gt;
          &lt;tr&gt;
            &lt;td align=&quot;left&quot; valign=&quot;top&quot; rowspan=&quot;1&quot; colspan=&quot;1&quot;&gt; 56 or older&lt;/td&gt;
            &lt;td align=&quot;center&quot; valign=&quot;top&quot; rowspan=&quot;1&quot; colspan=&quot;1&quot;&gt;7.3&lt;/td&gt;
            &lt;td align=&quot;center&quot; valign=&quot;top&quot; rowspan=&quot;1&quot; colspan=&quot;1&quot;&gt;6.0&lt;/td&gt;
            &lt;td align=&quot;center&quot; valign=&quot;top&quot; rowspan=&quot;1&quot; colspan=&quot;1&quot;&gt;7.3&lt;/td&gt;
            &lt;td align=&quot;center&quot; valign=&quot;top&quot; rowspan=&quot;1&quot; colspan=&quot;1&quot;/&gt;
          &lt;/tr&gt;
          &lt;tr&gt;
            &lt;td align=&quot;left&quot; valign=&quot;top&quot; rowspan=&quot;1&quot; colspan=&quot;1&quot;&gt;Current living area (%)&lt;/td&gt;
            &lt;td align=&quot;center&quot; valign=&quot;top&quot; rowspan=&quot;1&quot; colspan=&quot;1&quot;/&gt;
            &lt;td align=&quot;center&quot; valign=&quot;top&quot; rowspan=&quot;1&quot; colspan=&quot;1&quot;/&gt;
            &lt;td align=&quot;center&quot; valign=&quot;top&quot; rowspan=&quot;1&quot; colspan=&quot;1&quot;/&gt;
            &lt;td align=&quot;center&quot; valign=&quot;top&quot; rowspan=&quot;1&quot; colspan=&quot;1&quot;&gt;0.38&lt;/td&gt;
          &lt;/tr&gt;
          &lt;tr&gt;
            &lt;td align=&quot;left&quot; valign=&quot;top&quot; rowspan=&quot;1&quot; colspan=&quot;1&quot;&gt; Urban&lt;/td&gt;
            &lt;td align=&quot;center&quot; valign=&quot;top&quot; rowspan=&quot;1&quot; colspan=&quot;1&quot;&gt;38.4&lt;/td&gt;
            &lt;td align=&quot;center&quot; valign=&quot;top&quot; rowspan=&quot;1&quot; colspan=&quot;1&quot;&gt;39.9&lt;/td&gt;
            &lt;td align=&quot;center&quot; valign=&quot;top&quot; rowspan=&quot;1&quot; colspan=&quot;1&quot;&gt;33.9&lt;/td&gt;
            &lt;td align=&quot;center&quot; valign=&quot;top&quot; rowspan=&quot;1&quot; colspan=&quot;1&quot;/&gt;
          &lt;/tr&gt;
          &lt;tr&gt;
            &lt;td align=&quot;left&quot; valign=&quot;top&quot; rowspan=&quot;1&quot; colspan=&quot;1&quot;&gt; Suburban&lt;/td&gt;
            &lt;td align=&quot;center&quot; valign=&quot;top&quot; rowspan=&quot;1&quot; colspan=&quot;1&quot;&gt;45.6&lt;/td&gt;
            &lt;td align=&quot;center&quot; valign=&quot;top&quot; rowspan=&quot;1&quot; colspan=&quot;1&quot;&gt;44.3&lt;/td&gt;
            &lt;td align=&quot;center&quot; valign=&quot;top&quot; rowspan=&quot;1&quot; colspan=&quot;1&quot;&gt;49.4&lt;/td&gt;
            &lt;td align=&quot;center&quot; valign=&quot;top&quot; rowspan=&quot;1&quot; colspan=&quot;1&quot;/&gt;
          &lt;/tr&gt;
          &lt;tr&gt;
            &lt;td align=&quot;left&quot; valign=&quot;top&quot; rowspan=&quot;1&quot; colspan=&quot;1&quot;&gt; Rural&lt;/td&gt;
            &lt;td align=&quot;center&quot; valign=&quot;top&quot; rowspan=&quot;1&quot; colspan=&quot;1&quot;&gt;16.0&lt;/td&gt;
            &lt;td align=&quot;center&quot; valign=&quot;top&quot; rowspan=&quot;1&quot; colspan=&quot;1&quot;&gt;15.8&lt;/td&gt;
            &lt;td align=&quot;center&quot; valign=&quot;top&quot; rowspan=&quot;1&quot; colspan=&quot;1&quot;&gt;16.7&lt;/td&gt;
            &lt;td align=&quot;center&quot; valign=&quot;top&quot; rowspan=&quot;1&quot; colspan=&quot;1&quot;/&gt;
          &lt;/tr&gt;
          &lt;tr&gt;
            &lt;td align=&quot;left&quot; valign=&quot;top&quot; rowspan=&quot;1&quot; colspan=&quot;1&quot;&gt;Employed full or part time (%)&lt;/td&gt;
            &lt;td align=&quot;center&quot; valign=&quot;top&quot; rowspan=&quot;1&quot; colspan=&quot;1&quot;&gt;83.9&lt;/td&gt;
            &lt;td align=&quot;center&quot; valign=&quot;top&quot; rowspan=&quot;1&quot; colspan=&quot;1&quot;&gt;85.4&lt;/td&gt;
            &lt;td align=&quot;center&quot; valign=&quot;top&quot; rowspan=&quot;1&quot; colspan=&quot;1&quot;&gt;73.2&lt;/td&gt;
            &lt;td align=&quot;center&quot; valign=&quot;top&quot; rowspan=&quot;1&quot; colspan=&quot;1&quot;&gt;0.06&lt;/td&gt;
          &lt;/tr&gt;
          &lt;tr&gt;
            &lt;td align=&quot;left&quot; valign=&quot;top&quot; rowspan=&quot;1&quot; colspan=&quot;1&quot;&gt;Have health insurance (%)&lt;/td&gt;
            &lt;td align=&quot;center&quot; valign=&quot;top&quot; rowspan=&quot;1&quot; colspan=&quot;1&quot;&gt;89.1&lt;/td&gt;
            &lt;td align=&quot;center&quot; valign=&quot;top&quot; rowspan=&quot;1&quot; colspan=&quot;1&quot;&gt;90.6&lt;/td&gt;
            &lt;td align=&quot;center&quot; valign=&quot;top&quot; rowspan=&quot;1&quot; colspan=&quot;1&quot;&gt;84.5&lt;/td&gt;
            &lt;td align=&quot;center&quot; valign=&quot;top&quot; rowspan=&quot;1&quot; colspan=&quot;1&quot;&gt;0.03&lt;/td&gt;
          &lt;/tr&gt;
          &lt;tr&gt;
            &lt;td align=&quot;left&quot; valign=&quot;top&quot; rowspan=&quot;1&quot; colspan=&quot;1&quot;&gt;Duration of opioid prescription (%)&lt;/td&gt;
            &lt;td align=&quot;center&quot; valign=&quot;top&quot; rowspan=&quot;1&quot; colspan=&quot;1&quot;/&gt;
            &lt;td align=&quot;center&quot; valign=&quot;top&quot; rowspan=&quot;1&quot; colspan=&quot;1&quot;/&gt;
            &lt;td align=&quot;center&quot; valign=&quot;top&quot; rowspan=&quot;1&quot; colspan=&quot;1&quot;/&gt;
            &lt;td align=&quot;center&quot; valign=&quot;top&quot; rowspan=&quot;1&quot; colspan=&quot;1&quot;&gt;0.07&lt;/td&gt;
          &lt;/tr&gt;
          &lt;tr&gt;
            &lt;td align=&quot;left&quot; valign=&quot;top&quot; rowspan=&quot;1&quot; colspan=&quot;1&quot;&gt; 1 year or less&lt;/td&gt;
            &lt;td align=&quot;center&quot; valign=&quot;top&quot; rowspan=&quot;1&quot; colspan=&quot;1&quot;&gt;59.6&lt;/td&gt;
            &lt;td align=&quot;center&quot; valign=&quot;top&quot; rowspan=&quot;1&quot; colspan=&quot;1&quot;&gt;57.1&lt;/td&gt;
            &lt;td align=&quot;center&quot; valign=&quot;top&quot; rowspan=&quot;1&quot; colspan=&quot;1&quot;&gt;67.3&lt;/td&gt;
            &lt;td align=&quot;center&quot; valign=&quot;top&quot; rowspan=&quot;1&quot; colspan=&quot;1&quot;/&gt;
          &lt;/tr&gt;
          &lt;tr&gt;
            &lt;td align=&quot;left&quot; valign=&quot;top&quot; rowspan=&quot;1&quot; colspan=&quot;1&quot;&gt; 1–4 years&lt;/td&gt;
            &lt;td align=&quot;center&quot; valign=&quot;top&quot; rowspan=&quot;1&quot; colspan=&quot;1&quot;&gt;28.1&lt;/td&gt;
            &lt;td align=&quot;center&quot; valign=&quot;top&quot; rowspan=&quot;1&quot; colspan=&quot;1&quot;&gt;29.9&lt;/td&gt;
            &lt;td align=&quot;center&quot; valign=&quot;top&quot; rowspan=&quot;1&quot; colspan=&quot;1&quot;&gt;22.6&lt;/td&gt;
            &lt;td align=&quot;center&quot; valign=&quot;top&quot; rowspan=&quot;1&quot; colspan=&quot;1&quot;/&gt;
          &lt;/tr&gt;
          &lt;tr&gt;
            &lt;td align=&quot;left&quot; valign=&quot;top&quot; rowspan=&quot;1&quot; colspan=&quot;1&quot;&gt; 5 years or more&lt;/td&gt;
            &lt;td align=&quot;center&quot; valign=&quot;top&quot; rowspan=&quot;1&quot; colspan=&quot;1&quot;&gt;12.3&lt;/td&gt;
            &lt;td align=&quot;center&quot; valign=&quot;top&quot; rowspan=&quot;1&quot; colspan=&quot;1&quot;&gt;13.0&lt;/td&gt;
            &lt;td align=&quot;center&quot; valign=&quot;top&quot; rowspan=&quot;1&quot; colspan=&quot;1&quot;&gt;10.1&lt;/td&gt;
            &lt;td align=&quot;center&quot; valign=&quot;top&quot; rowspan=&quot;1&quot; colspan=&quot;1&quot;/&gt;
          &lt;/tr&gt;
        &lt;/tbody&gt;
      &lt;/table&gt;
</infon><offset>19519</offset><text>Participant Characteristics	Total Sample	Cohort 1	Cohort 2		 		(N=673)	(N=501)	(N=172)	p-value	 	Male (%)	44.4	44.7	44.0	0.93	 	Age in years (%)				&lt;.001	 	 18–25	16.1	13.0*	25.6*		 	 26–35	40.5	39.7	42.9		 	 36–45	24.2	13.7*	24.2*		 	 46–55	11.8	11.9	11.8		 	 56 or older	7.3	6.0	7.3		 	Current living area (%)				0.38	 	 Urban	38.4	39.9	33.9		 	 Suburban	45.6	44.3	49.4		 	 Rural	16.0	15.8	16.7		 	Employed full or part time (%)	83.9	85.4	73.2	0.06	 	Have health insurance (%)	89.1	90.6	84.5	0.03	 	Duration of opioid prescription (%)				0.07	 	 1 year or less	59.6	57.1	67.3		 	 1–4 years	28.1	29.9	22.6		 	 5 years or more	12.3	13.0	10.1		 	</text></passage><passage><infon key="file">T1.xml</infon><infon key="id">T1</infon><infon key="section_type">TABLE</infon><infon key="type">table_footnote</infon><offset>20197</offset><text>P-values in right column are based on between-cohort chi-square comparisons. Astericks denote significant (p&lt;.05) sub-group differences based upon z-test comparisons.</text></passage><passage><infon key="section_type">CONCL</infon><infon key="type">title_caption</infon><offset>20364</offset><text>Highlights</text></passage><passage><infon key="section_type">CONCL</infon><infon key="type">paragraph</infon><offset>20375</offset><text>Many different formulations of naloxone for overdose reversal are under development</text></passage><passage><infon key="section_type">CONCL</infon><infon key="type">paragraph</infon><offset>20459</offset><text>Patients using opioids for pain were surveyed on naloxone administration preference</text></passage><passage><infon key="section_type">CONCL</infon><infon key="type">paragraph</infon><offset>20543</offset><text>Noninjectable formulations (SL, IN, buccal) were preferred to injectable (IV, IM)</text></passage><passage><infon key="section_type">CONCL</infon><infon key="type">paragraph</infon><offset>20625</offset><text>Intranasal was the most preferred formulation overall</text></passage><passage><infon key="section_type">CONCL</infon><infon key="type">paragraph</infon><offset>20679</offset><text>Research examining the impact of other variables on preference is warranted</text></passage></document></collection>
