<?xml version="1.0" encoding="UTF-8"?>
<!DOCTYPE collection SYSTEM "BioC.dtd">
<collection><source>PMC</source><date>20201215</date><key>pmc.key</key><document><id>5959306</id><infon key="license">CC BY</infon><passage><infon key="article-id_doi">10.7759/cureus.2345</infon><infon key="article-id_pmc">5959306</infon><infon key="article-id_pmid">29796357</infon><infon key="elocation-id">e2345</infon><infon key="issue">3</infon><infon key="kwd">foam online education infectious disease emergency medicine aliem</infon><infon key="license">This is an open access article distributed under the terms of the Creative Commons Attribution License, which permits unrestricted use, distribution, and reproduction in any medium, provided the original author and source are credited.</infon><infon key="name_0">surname:Muacevic;given-names:Alexander</infon><infon key="name_1">surname:Adler;given-names:John R</infon><infon key="name_2">surname:Roppolo;given-names:Lynn</infon><infon key="name_3">surname:Gaafary;given-names:Chris</infon><infon key="name_4">surname:Khadpe;given-names:Jay</infon><infon key="name_5">surname:Shah;given-names:Kaushal</infon><infon key="name_6">surname:Grock;given-names:Andrew</infon><infon key="notes">The content published in Cureus is the result of clinical experience and/or research by independent individuals or organizations. Cureus is not responsible for the scientific accuracy or reliability of data or conclusions published herein. All content published within Cureus is intended only for educational, research and reference purposes. Additionally, articles published within Cureus should not be deemed a suitable substitute for the advice of a qualified health care professional. Do not disregard or avoid professional medical advice due to content published within Cureus.</infon><infon key="section_type">TITLE</infon><infon key="type">front</infon><infon key="volume">10</infon><infon key="year">2018</infon><offset>0</offset><text>Academic Life in Emergency Medicine (ALiEM) Blog and Podcast Watch: Infectious Disease Emergencies</text></passage><passage><infon key="section_type">ABSTRACT</infon><infon key="type">abstract</infon><offset>99</offset><text>To address the needs for curation of online educational content as well as the development of a nationally available curriculum that meets individualized interactive instruction, the Academic Life in Emergency Medicine (ALiEM) Approved Instructional Resources (AIR) Series and AIR-Pro Series were created in 2014 and 2015, respectively. Using an expert-based, crowd-sourced approach, these two programs identify trustworthy, high-quality, educational blog, and podcast content.</text></passage><passage><infon key="section_type">ABSTRACT</infon><infon key="type">abstract</infon><offset>577</offset><text>Here, we summarize the accredited posts that met our a priori determined quality criteria and evaluated by eight attending physicians.</text></passage><passage><infon key="section_type">INTRO</infon><infon key="type">title_1</infon><offset>712</offset><text>Introduction and background</text></passage><passage><infon key="section_type">INTRO</infon><infon key="type">paragraph</infon><offset>740</offset><text>Despite the rapid rise of educational content available through blogs and podcasts in emergency medicine (EM), identification of quality resources for educators and learners has only made preliminary progress. In 2008, the Accreditation Council for Graduate Medical Education endorsed a decrease in synchronous conference experiences for EM residency programs by upto 20% in exchange for asynchronous learning termed Individualized Interactive Instruction (III).</text></passage><passage><infon key="section_type">INTRO</infon><infon key="type">paragraph</infon><offset>1203</offset><text>To address this need, the Academic Life in Emergency Medicine (ALiEM) Approved Instructional Resources (AIR) Series and AIR-Pro Series were created in 2014 and 2015, respectively, to help EM residency programs identify quality online content on social media. Using an expert-based, crowd-sourced approach, these two programs identify trustworthy, high-quality, educational blog and podcast content. For the ALiEM Blog and Podcast Watch, summaries of these posts are written by the AIR and AIR-Pro Series’ editorial boards. This installment from the AIR Series summarizes the highest scoring social media educational resources on infectious disease emergencies.</text></passage><passage><infon key="section_type">INTRO</infon><infon key="type">title_1</infon><offset>1866</offset><text>Review</text></passage><passage><infon key="section_type">INTRO</infon><infon key="type">paragraph</infon><offset>1873</offset><text>Topic identification</text></passage><passage><infon key="section_type">INTRO</infon><infon key="type">paragraph</infon><offset>1894</offset><text>The Approved Instructional Resources (AIR) Series is a continuously building curriculum based on the Council of Emergency Medicine Residency Directors (CORD) testing schedule.</text></passage><passage><infon key="section_type">INTRO</infon><infon key="type">paragraph</infon><offset>2070</offset><text>Inclusion and Exclusion Criteria</text></passage><passage><infon key="section_type">INTRO</infon><infon key="type">paragraph</infon><offset>2103</offset><text>A search of the 50 most frequently visited sites per the Social Media Index was conducted for resources relevant to infectious disease emergencies, published within the previous 12 months. The search, conducted in August 2016 included blog posts and podcasts written in English for our scoring by our expert panel.</text></passage><passage><infon key="section_type">INTRO</infon><infon key="type">paragraph</infon><offset>2418</offset><text>Scoring</text></passage><passage><infon key="section_type">INTRO</infon><infon key="type">paragraph</infon><offset>2426</offset><text>Extracted posts were scored without blinding by eight reviewers from the AIR Editorial Board, which is comprised of EM core faculty from various United States medical institutions. The scoring instrument contains five measurement outcomes using seven-point Likert scales: Best Evidence in Emergency Medicine (BEEM) score, accuracy, educational utility, evidence-based, and references (Table 1). More detailed methods are described in the original description of the AIR Series. Board members with any role in the production of a reviewed resource recused him/herself from grading that resource.</text></passage><passage><infon key="file">TAB1.xml</infon><infon key="id">TAB1</infon><infon key="section_type">TABLE</infon><infon key="type">table_title_caption</infon><offset>3021</offset><text>Approved Instructional Resources scoring instrument for blog and podcast content with the maximum score being 35 points.</text></passage><passage><infon key="file">TAB1.xml</infon><infon key="id">TAB1</infon><infon key="section_type">TABLE</infon><infon key="type">table_caption</infon><offset>3142</offset><text> (BEEM = Best Evidence in Emergency Medicine; EP = emergency physician; EBM = Evidence Based Medicine)</text></passage><passage><infon key="file">TAB1.xml</infon><infon key="id">TAB1</infon><infon key="section_type">TABLE</infon><infon key="type">table</infon><infon key="xml">&lt;?xml version=&quot;1.0&quot; encoding=&quot;UTF-8&quot;?&gt;
&lt;table frame=&quot;hsides&quot; rules=&quot;groups&quot;&gt;&lt;tbody&gt;&lt;tr style=&quot;background-color:#ccc&quot;&gt;&lt;td rowspan=&quot;1&quot; colspan=&quot;1&quot;&gt;
Tier 1: BEEM Rater Scale
&lt;/td&gt;&lt;td rowspan=&quot;1&quot; colspan=&quot;1&quot;&gt;
Score
&lt;/td&gt;&lt;td rowspan=&quot;1&quot; colspan=&quot;1&quot;&gt;
Tier 2: Content accuracy
&lt;/td&gt;&lt;td rowspan=&quot;1&quot; colspan=&quot;1&quot;&gt;
Score
&lt;/td&gt;&lt;td rowspan=&quot;1&quot; colspan=&quot;1&quot;&gt;
Tier 3: Educational Utility
&lt;/td&gt;&lt;td rowspan=&quot;1&quot; colspan=&quot;1&quot;&gt;
Score
&lt;/td&gt;&lt;td rowspan=&quot;1&quot; colspan=&quot;1&quot;&gt;
Tier 4: Evidence Based Medicine
&lt;/td&gt;&lt;td rowspan=&quot;1&quot; colspan=&quot;1&quot;&gt;
Score
&lt;/td&gt;&lt;td rowspan=&quot;1&quot; colspan=&quot;1&quot;&gt;
Tier 5: Referenced
&lt;/td&gt;&lt;td rowspan=&quot;1&quot; colspan=&quot;1&quot;&gt;
Score
&lt;/td&gt;&lt;/tr&gt;&lt;tr&gt;&lt;td rowspan=&quot;1&quot; colspan=&quot;1&quot;&gt;
Assuming that the results of this article are valid, how much does this article impact on EM clinical practice?
&lt;/td&gt;&lt;td rowspan=&quot;1&quot; colspan=&quot;1&quot;&gt; &lt;/td&gt;&lt;td rowspan=&quot;1&quot; colspan=&quot;1&quot;&gt;
Do you have any concerns about the accuracy of the data presented or conclusions of this article?
&lt;/td&gt;&lt;td rowspan=&quot;1&quot; colspan=&quot;1&quot;&gt; &lt;/td&gt;&lt;td rowspan=&quot;1&quot; colspan=&quot;1&quot;&gt;
Are there useful educational pearls in this article for senior residents?
&lt;/td&gt;&lt;td rowspan=&quot;1&quot; colspan=&quot;1&quot;&gt; &lt;/td&gt;&lt;td rowspan=&quot;1&quot; colspan=&quot;1&quot;&gt;
Does this article reflect evidence based medicine (EBM)?
&lt;/td&gt;&lt;td rowspan=&quot;1&quot; colspan=&quot;1&quot;&gt; &lt;/td&gt;&lt;td rowspan=&quot;1&quot; colspan=&quot;1&quot;&gt;
Are the authors and literature clearly cited?
&lt;/td&gt;&lt;td rowspan=&quot;1&quot; colspan=&quot;1&quot;&gt; &lt;/td&gt;&lt;/tr&gt;&lt;tr style=&quot;background-color:#ccc&quot;&gt;&lt;td rowspan=&quot;1&quot; colspan=&quot;1&quot;&gt;
Useless information
&lt;/td&gt;&lt;td rowspan=&quot;1&quot; colspan=&quot;1&quot;&gt;
1
&lt;/td&gt;&lt;td rowspan=&quot;1&quot; colspan=&quot;1&quot;&gt;
Yes, many concerns from many inaccuracies
&lt;/td&gt;&lt;td rowspan=&quot;1&quot; colspan=&quot;1&quot;&gt;
1
&lt;/td&gt;&lt;td rowspan=&quot;1&quot; colspan=&quot;1&quot;&gt;
Not required knowledge for a competent EP
&lt;/td&gt;&lt;td rowspan=&quot;1&quot; colspan=&quot;1&quot;&gt;
1
&lt;/td&gt;&lt;td rowspan=&quot;1&quot; colspan=&quot;1&quot;&gt;
Not EBM based, only expert opinion
&lt;/td&gt;&lt;td rowspan=&quot;1&quot; colspan=&quot;1&quot;&gt;
1
&lt;/td&gt;&lt;td rowspan=&quot;1&quot; colspan=&quot;1&quot;&gt;
No
&lt;/td&gt;&lt;td rowspan=&quot;1&quot; colspan=&quot;1&quot;&gt;
1
&lt;/td&gt;&lt;/tr&gt;&lt;tr&gt;&lt;td rowspan=&quot;1&quot; colspan=&quot;1&quot;&gt;
Not really interesting, not really new, changes nothing
&lt;/td&gt;&lt;td rowspan=&quot;1&quot; colspan=&quot;1&quot;&gt;
2
&lt;/td&gt;&lt;td rowspan=&quot;1&quot; colspan=&quot;1&quot;&gt; &lt;/td&gt;&lt;td rowspan=&quot;1&quot; colspan=&quot;1&quot;&gt;
2
&lt;/td&gt;&lt;td rowspan=&quot;1&quot; colspan=&quot;1&quot;&gt; &lt;/td&gt;&lt;td rowspan=&quot;1&quot; colspan=&quot;1&quot;&gt;
2
&lt;/td&gt;&lt;td rowspan=&quot;1&quot; colspan=&quot;1&quot;&gt; &lt;/td&gt;&lt;td rowspan=&quot;1&quot; colspan=&quot;1&quot;&gt;
2
&lt;/td&gt;&lt;td rowspan=&quot;1&quot; colspan=&quot;1&quot;&gt; &lt;/td&gt;&lt;td rowspan=&quot;1&quot; colspan=&quot;1&quot;&gt;
2
&lt;/td&gt;&lt;/tr&gt;&lt;tr style=&quot;background-color:#ccc&quot;&gt;&lt;td rowspan=&quot;1&quot; colspan=&quot;1&quot;&gt;
Interesting and new, but doesn't change practice
&lt;/td&gt;&lt;td rowspan=&quot;1&quot; colspan=&quot;1&quot;&gt;
3
&lt;/td&gt;&lt;td rowspan=&quot;1&quot; colspan=&quot;1&quot;&gt;
Yes, a major concern about few inaccuracies
&lt;/td&gt;&lt;td rowspan=&quot;1&quot; colspan=&quot;1&quot;&gt;
3
&lt;/td&gt;&lt;td rowspan=&quot;1&quot; colspan=&quot;1&quot;&gt;
Yes, but there are only a few (1-2) educational pearls that will make the EP a better practitioner to know or multiple (&amp;gt;=3) educational pearls that are interesting or potentially useful, but rarely required or helpful for the daily practice of an EP.
&lt;/td&gt;&lt;td rowspan=&quot;1&quot; colspan=&quot;1&quot;&gt;
3
&lt;/td&gt;&lt;td rowspan=&quot;1&quot; colspan=&quot;1&quot;&gt;
Minimally EBM based
&lt;/td&gt;&lt;td rowspan=&quot;1&quot; colspan=&quot;1&quot;&gt;
3
&lt;/td&gt;&lt;td rowspan=&quot;1&quot; colspan=&quot;1&quot;&gt; &lt;/td&gt;&lt;td rowspan=&quot;1&quot; colspan=&quot;1&quot;&gt;
3
&lt;/td&gt;&lt;/tr&gt;&lt;tr&gt;&lt;td rowspan=&quot;1&quot; colspan=&quot;1&quot;&gt;
Interesting and new, has the potential to change practice
&lt;/td&gt;&lt;td rowspan=&quot;1&quot; colspan=&quot;1&quot;&gt;
4
&lt;/td&gt;&lt;td rowspan=&quot;1&quot; colspan=&quot;1&quot;&gt; &lt;/td&gt;&lt;td rowspan=&quot;1&quot; colspan=&quot;1&quot;&gt;
4
&lt;/td&gt;&lt;td rowspan=&quot;1&quot; colspan=&quot;1&quot;&gt; &lt;/td&gt;&lt;td rowspan=&quot;1&quot; colspan=&quot;1&quot;&gt;
4
&lt;/td&gt;&lt;td rowspan=&quot;1&quot; colspan=&quot;1&quot;&gt; &lt;/td&gt;&lt;td rowspan=&quot;1&quot; colspan=&quot;1&quot;&gt;
4
&lt;/td&gt;&lt;td rowspan=&quot;1&quot; colspan=&quot;1&quot;&gt;
Yes, authors and general references are listed (but no in-line references)
&lt;/td&gt;&lt;td rowspan=&quot;1&quot; colspan=&quot;1&quot;&gt;
4
&lt;/td&gt;&lt;/tr&gt;&lt;tr style=&quot;background-color:#ccc&quot;&gt;&lt;td rowspan=&quot;1&quot; colspan=&quot;1&quot;&gt;
New and important: this would probably change practice for some EPs
&lt;/td&gt;&lt;td rowspan=&quot;1&quot; colspan=&quot;1&quot;&gt;
5
&lt;/td&gt;&lt;td rowspan=&quot;1&quot; colspan=&quot;1&quot;&gt;
Minimal concerns over minor inaccuracies
&lt;/td&gt;&lt;td rowspan=&quot;1&quot; colspan=&quot;1&quot;&gt;
5
&lt;/td&gt;&lt;td rowspan=&quot;1&quot; colspan=&quot;1&quot;&gt;
Yes, there are several (&amp;gt;=3) educational pearls that will make the EP a better practitioner to know, or a few (1-2) every competent EP must know in their practice
&lt;/td&gt;&lt;td rowspan=&quot;1&quot; colspan=&quot;1&quot;&gt;
5
&lt;/td&gt;&lt;td rowspan=&quot;1&quot; colspan=&quot;1&quot;&gt;
Mostly EBM based
&lt;/td&gt;&lt;td rowspan=&quot;1&quot; colspan=&quot;1&quot;&gt;
5
&lt;/td&gt;&lt;td rowspan=&quot;1&quot; colspan=&quot;1&quot;&gt; &lt;/td&gt;&lt;td rowspan=&quot;1&quot; colspan=&quot;1&quot;&gt;
5
&lt;/td&gt;&lt;/tr&gt;&lt;tr&gt;&lt;td rowspan=&quot;1&quot; colspan=&quot;1&quot;&gt;
New and important: this would change practice for most EPs
 
&lt;/td&gt;&lt;td rowspan=&quot;1&quot; colspan=&quot;1&quot;&gt;
6
&lt;/td&gt;&lt;td rowspan=&quot;1&quot; colspan=&quot;1&quot;&gt; &lt;/td&gt;&lt;td rowspan=&quot;1&quot; colspan=&quot;1&quot;&gt;
6
&lt;/td&gt;&lt;td rowspan=&quot;1&quot; colspan=&quot;1&quot;&gt; &lt;/td&gt;&lt;td rowspan=&quot;1&quot; colspan=&quot;1&quot;&gt;
6
&lt;/td&gt;&lt;td rowspan=&quot;1&quot; colspan=&quot;1&quot;&gt;
 
&lt;/td&gt;&lt;td rowspan=&quot;1&quot; colspan=&quot;1&quot;&gt;
6
&lt;/td&gt;&lt;td rowspan=&quot;1&quot; colspan=&quot;1&quot;&gt; &lt;/td&gt;&lt;td rowspan=&quot;1&quot; colspan=&quot;1&quot;&gt;
6
&lt;/td&gt;&lt;/tr&gt;&lt;tr style=&quot;background-color:#ccc&quot;&gt;&lt;td rowspan=&quot;1&quot; colspan=&quot;1&quot;&gt;
This is a &quot;must know&quot; for EPs
&lt;/td&gt;&lt;td rowspan=&quot;1&quot; colspan=&quot;1&quot;&gt;
7
&lt;/td&gt;&lt;td rowspan=&quot;1&quot; colspan=&quot;1&quot;&gt;
No concerns over inaccuracies
&lt;/td&gt;&lt;td rowspan=&quot;1&quot; colspan=&quot;1&quot;&gt;
7
&lt;/td&gt;&lt;td rowspan=&quot;1&quot; colspan=&quot;1&quot;&gt;
Yes, there are multiple educational pearls that every competent EP must know in their practice
&lt;/td&gt;&lt;td rowspan=&quot;1&quot; colspan=&quot;1&quot;&gt;
7
&lt;/td&gt;&lt;td rowspan=&quot;1&quot; colspan=&quot;1&quot;&gt;
Yes exclusively EBM based
&lt;/td&gt;&lt;td rowspan=&quot;1&quot; colspan=&quot;1&quot;&gt;
7
&lt;/td&gt;&lt;td rowspan=&quot;1&quot; colspan=&quot;1&quot;&gt;
Yes, authors and in-line references are provided
&lt;/td&gt;&lt;td rowspan=&quot;1&quot; colspan=&quot;1&quot;&gt;
7
&lt;/td&gt;&lt;/tr&gt;&lt;/tbody&gt;&lt;/table&gt;
</infon><offset>3246</offset><text>	 	Tier 1: BEEM Rater Scale	 			 	Score	 			 	Tier 2: Content accuracy	 			 	Score	 			 	Tier 3: Educational Utility	 			 	Score	 			 	Tier 4: Evidence Based Medicine	 			 	Score	 			 	Tier 5: Referenced	 			 	Score	 		 		 	Assuming that the results of this article are valid, how much does this article impact on EM clinical practice?	 		 		 	Do you have any concerns about the accuracy of the data presented or conclusions of this article?	 		 		 	Are there useful educational pearls in this article for senior residents?	 		 		 	Does this article reflect evidence based medicine (EBM)?	 		 		 	Are the authors and literature clearly cited?	 		 	 		 	Useless information	 			 	1	 			 	Yes, many concerns from many inaccuracies	 			 	1	 			 	Not required knowledge for a competent EP	 			 	1	 			 	Not EBM based, only expert opinion	 			 	1	 			 	No	 			 	1	 		 		 	Not really interesting, not really new, changes nothing	 			 	2	 		 		 	2	 		 		 	2	 		 		 	2	 		 		 	2	 		 		 	Interesting and new, but doesn't change practice	 			 	3	 			 	Yes, a major concern about few inaccuracies	 			 	3	 			 	Yes, but there are only a few (1-2) educational pearls that will make the EP a better practitioner to know or multiple (&gt;=3) educational pearls that are interesting or potentially useful, but rarely required or helpful for the daily practice of an EP.	 			 	3	 			 	Minimally EBM based	 			 	3	 		 		 	3	 		 		 	Interesting and new, has the potential to change practice	 			 	4	 		 		 	4	 		 		 	4	 		 		 	4	 			 	Yes, authors and general references are listed (but no in-line references)	 			 	4	 		 		 	New and important: this would probably change practice for some EPs	 			 	5	 			 	Minimal concerns over minor inaccuracies	 			 	5	 			 	Yes, there are several (&gt;=3) educational pearls that will make the EP a better practitioner to know, or a few (1-2) every competent EP must know in their practice	 			 	5	 			 	Mostly EBM based	 			 	5	 		 		 	5	 		 		 	New and important: this would change practice for most EPs	 	 	 			 	6	 		 		 	6	 		 		 	6	 			 	 	 			 	6	 		 		 	6	 		 		 	This is a &quot;must know&quot; for EPs	 			 	7	 			 	No concerns over inaccuracies	 			 	7	 			 	Yes, there are multiple educational pearls that every competent EP must know in their practice	 			 	7	 			 	Yes exclusively EBM based	 			 	7	 			 	Yes, authors and in-line references are provided	 			 	7	 		 	</text></passage><passage><infon key="section_type">INTRO</infon><infon key="type">paragraph</infon><offset>5652</offset><text>Resources with a mean evaluator score of ≥ 30 points (out of a maximum of 35) are awarded the AIR label. Resources with a mean score of 27-29 and deemed accurate and educationally valuable by the reviewers are given the Honorable Mention label.</text></passage><passage><infon key="section_type">INTRO</infon><infon key="type">paragraph</infon><offset>5899</offset><text>Results</text></passage><passage><infon key="section_type">INTRO</infon><infon key="type">paragraph</infon><offset>5907</offset><text>We initially included a total of 85 blog posts and podcasts. Key educational pearls from the two AIR posts and the 18 Honorable Mentions are described.</text></passage><passage><infon key="section_type">INTRO</infon><infon key="type">paragraph</infon><offset>6060</offset><text>Article 1. Badari S. Diarrhea, “Answers”. EMLyceum. (November 2nd, 2015) AIR</text></passage><passage><infon key="section_type">INTRO</infon><infon key="type">paragraph</infon><offset>6141</offset><text>https://emlyceum.com/2015/11/02/diarrhea-answers/</text></passage><passage><infon key="section_type">INTRO</infon><infon key="type">paragraph</infon><offset>6191</offset><text>This post provides a thorough evidence-based review of the Emergency Department (ED) workup and treatment of patients who present with diarrhea. The take-home points are as follows:</text></passage><passage><infon key="section_type">INTRO</infon><infon key="type">paragraph</infon><offset>6373</offset><text>Typically, most patients with diarrhea need little work-up in the ED. Those with high-risk features (high fever &gt; 101.3, persistent diarrhea - defined as &gt; seven days, severe abdominal pain, bloody diarrhea, immunocompromised, elderly or systemically ill) may benefit from fecal white blood cells (WBC) and red blood cells (RBC), or fecal occult blood with stool cultures if any of these tests are positive. For patients with diarrhea without high-risk features, no diagnostic work up is indicated and antibiotics are unnecessary. Ciprofloxacin may reduce the duration of symptoms in suspected invasive disease as long as hemolytic-uremic syndrome and thrombotic thrombocytopenic purpura not suspected. Loperamide may be helpful in healthy adults with uncomplicated diarrhea but should not be given to pediatric patients. Probiotics, specifically Lactobacillus, have shown promise for prevention and treatment of infectious and antibiotic-associated diarrhea.  </text></passage><passage><infon key="section_type">INTRO</infon><infon key="type">paragraph</infon><offset>7343</offset><text>Article 2. Farkas, J. PulmCrit—Neurocritical care of the comatose meningitis patient. EMCrit. (December 2015) (http://emcrit.org/pulmcrit/neurocritical-care-meningitis-icp/)</text></passage><passage><infon key="section_type">INTRO</infon><infon key="type">paragraph</infon><offset>7519</offset><text>This post reviews six key management steps to improve outcomes in severe meningitis, covering the following take-home points:</text></passage><passage><infon key="section_type">INTRO</infon><infon key="type">paragraph</infon><offset>7646</offset><text>In bacterial meningitis, the six key steps are: early corticosteroid administration, cerebrospinal fluid drainage if opening pressures are greater than 27 mmHg on lumbar puncture, close temperature monitoring with antipyretics to avoid fever, anticonvulsants for seizures, and electroencephalogram to evaluate for nonconvulsive status, as well as considering imaging to evaluate for sinus vein thrombosis, infarction, subdural empyema, or brain abscess. It should be kept in mind that cerebral perfusion pressure could be low in cases of elevated ICP and borderline mean arterial pressure. Norepinephrine may be necessary to ensure a cerebral perfusion pressure &gt; 60mmHg.</text></passage><passage><infon key="section_type">INTRO</infon><infon key="type">paragraph</infon><offset>8322</offset><text>Article 3. Farkas, J. Evidence-based treatment for severe community-acquired pneumonia. EMCrit. (August 16, 2015) HM</text></passage><passage><infon key="section_type">INTRO</infon><infon key="type">paragraph</infon><offset>8439</offset><text>http://emcrit.org/pulmcrit/evidence-based-treatment-for-severe-community-acquired-pneumonia/</text></passage><passage><infon key="section_type">INTRO</infon><infon key="type">paragraph</infon><offset>8532</offset><text>The blog post reviews the evidence for severe community-acquired pneumonia (CAP) treatments including antibiotics and steroids. The take-home points are as follows:</text></passage><passage><infon key="section_type">INTRO</infon><infon key="type">paragraph</infon><offset>8698</offset><text>This article recommends both a beta-lactam and azithromycin for severe CAP over fluoroquinolones. The evidence for steroids, on the other hand, in cases of severe CAP is less clear. Steroids have shown reduce hospital length of stay and may reduce the need for intubation, but should be avoided in patients with contraindications, fluoroquinolone treatment, and possible influenza infection.</text></passage><passage><infon key="section_type">INTRO</infon><infon key="type">paragraph</infon><offset>9093</offset><text>Article 4. Farkas, J. PulmCrit: Which patients admitted for pneumonia need MRSA coverage? EMCrit. (July 18, 2016) HM</text></passage><passage><infon key="section_type">INTRO</infon><infon key="type">paragraph</infon><offset>9210</offset><text>http://emcrit.org/pulmcrit/pneumonia-mrsa/http://emcrit.org/pulmcrit/pneumonia-mrsa/</text></passage><passage><infon key="section_type">INTRO</infon><infon key="type">paragraph</infon><offset>9295</offset><text>This post reviews the literature and proposes an algorithm to guide who should and should not be empirically treated for methicillin-resistant staphylococcus aureus (MRSA) pneumonia. The following take-home points are covered:</text></passage><passage><infon key="section_type">INTRO</infon><infon key="type">paragraph</infon><offset>9522</offset><text>Physicians are of course concerned with appropriate broad-spectrum antibiotic use. Overuse can contribute to environmental resistance while underuse can result in undertreated bacterial infections. The provided algorithmic approach seeks to balance these risks and benefits to determine MRSA pneumonia using the Shorr score. The four criteria are: (1) age &lt; 30 or &gt; 79, (2) prior healthcare exposure, (3) severity of illness and (4) comorbid illness. If it is low (0–1) in the absence of clinically obvious MRSA, MRSA coverage is unnecessary. If the score is high (6–10), it is reasonable to start empiric coverage for MRSA. MRSA coverage in moderate Shorr scores (2–5) depends on each patient. Aggressive de-escalation of MRSA coverage is also important, though less applicable to EM physicians.</text></passage><passage><infon key="section_type">INTRO</infon><infon key="type">paragraph</infon><offset>10332</offset><text>Article 5. Morgenstern J. Articles of the month Special Edition: Pediatric UTI. First10EM. (February 2, 2016) HM</text></passage><passage><infon key="section_type">INTRO</infon><infon key="type">paragraph</infon><offset>10445</offset><text>https://first10em.com/2016/02/02/pediatric-uti/</text></passage><passage><infon key="section_type">INTRO</infon><infon key="type">paragraph</infon><offset>10493</offset><text>This post reviews the literature regarding pediatric urinary tract infections (UTIs) through several clinically relevant scenarios. The take-home points are as follows:</text></passage><passage><infon key="section_type">INTRO</infon><infon key="type">paragraph</infon><offset>10662</offset><text>Diagnosing a simple UTI actually contains considerable challenges. In asymptomatic and nontoxic patients, a positive urinalysis or even urine culture should not be treated. Untreated UTIs rarely lead to pediatric sepsis, and the feared renal scarring on imaging does not correlate to long-term renal function or blood pressure. Imaging is not routinely necessary in children diagnosed with a UTI unless otherwise indicated based on history and physical. </text></passage><passage><infon key="section_type">INTRO</infon><infon key="type">paragraph</infon><offset>11123</offset><text>Article 6. Helman, A. Episode 68 Emergency Management of Sickle Cell Disease. Emergency Medicine Cases (August 2015) HM</text></passage><passage><infon key="section_type">INTRO</infon><infon key="type">paragraph</infon><offset>11243</offset><text>http://emergencymedicinecases.com/emergency-management-of-sickle-cell-disease/</text></passage><passage><infon key="section_type">INTRO</infon><infon key="type">paragraph</infon><offset>11322</offset><text>This blog post reviews presentation, diagnosis, and treatment of various sickle cell disease (SCD) complications. The take-home points are as follows:</text></passage><passage><infon key="section_type">INTRO</infon><infon key="type">paragraph</infon><offset>11473</offset><text>SCD complications reviewed include pain crisis, acute chest syndrome, sepsis, stroke, and eye trauma. Pain crisis is a clinical diagnosis since vital signs and laboratory tests can be normal. Treatment includes aggressive opioids, with an initial IV dose equal to the patient’s usual total daily dose. If no IV access is possible, the subcutaneous route is more reliable than the intramuscular route. Nonsteroidal anti-inflammatory drugs (NSAIDS) may help but should be used sparingly secondary due to the higher rate of renal infarcts in SCD patients. IV fluid boluses and supplemental oxygen are not indicated and can cause harm. Supplemental oxygen can contribute to bone marrow suppression and increased transfusion requirements. Likewise, fluid boluses can increase the risk of acute chest as well as promote sickling by causing hyperchloremic metabolic acidosis. Supplemental oxygen is only indicated if oxygen saturation is &lt; 92% and IV fluids only with clinical hypovolemia.</text></passage><passage><infon key="section_type">INTRO</infon><infon key="type">paragraph</infon><offset>12460</offset><text>As SCD patients are asplenic, they are at greater risk for infections. Any fever should be concerning for bacterial infection. Acute chest syndrome should be presumed in any SCD patient with hypoxia or new infiltrate on chest X-ray, and the patient should be admitted. In addition, SCD patients are at greater risk for stroke, for which exchange transfusion, rather than thrombolysis, is the preferred therapy. Lastly, SCD patients are at high risk for hyphemas and traumatic glaucoma, even after mild eye trauma. A slit lamp examination and intraocular pressures are typically indicated.</text></passage><passage><infon key="section_type">INTRO</infon><infon key="type">paragraph</infon><offset>13049</offset><text>Article 7. Fox S. UTI Empiric Antibiotics. Peds EM Morsels. (April 15, 2016) HM</text></passage><passage><infon key="section_type">INTRO</infon><infon key="type">paragraph</infon><offset>13129</offset><text>http://pedemmorsels.com/uti-empiric-antibiotics/ This blog post provides evidence-based recommendations for diagnosis and management of UTIs in pediatric patients. The take-home points are as follows:</text></passage><passage><infon key="section_type">INTRO</infon><infon key="type">paragraph</infon><offset>13330</offset><text>Pediatric UTI empiric therapy should be guided by local antibiotic resistance patterns. Across all age groups, E. coli is the most common pathogen (80%), but infants and neonates are particularly susceptible to Group B streptococcus and enterococcus. A five-day course of oral antibiotics is effective for simple UTIs, while more complicated cases should be admitted for IV antibiotics. Cephalosporins are the first line of defense, and amoxicillin with clavulanate is the next option given increased resistance to amoxicillin or ampicillin alone. Nitrofurantoin can be used for nitrite negative UTIs without pyelonephritis; ciprofloxacin can be used in special cases like cystic fibrosis. Trimethoprim/sulfamethoxazole (TMP/SMX) should not be used empirically. Lastly, seemingly healthy children with abnormal urinalysis may not benefit from empiric therapy. A urine culture should be sent and outpatient follow up confirmed.</text></passage><passage><infon key="section_type">INTRO</infon><infon key="type">paragraph</infon><offset>14264</offset><text>Article 8. Fox, S. Sickle Cell Disease and Fever. Peds EM Morsels. (March 18, 2016) HM</text></passage><passage><infon key="section_type">INTRO</infon><infon key="type">paragraph</infon><offset>14351</offset><text>http://pedemmorsels.com/sickle-cell-disease-fever/</text></passage><passage><infon key="section_type">INTRO</infon><infon key="type">paragraph</infon><offset>14402</offset><text>This blog discusses evaluation and management of SCD patients with fever as well as with serious bacterial infections. The take- home points are as follows: </text></passage><passage><infon key="section_type">INTRO</infon><infon key="type">paragraph</infon><offset>14561</offset><text>Sepsis remains the most common cause of mortality in SCD patients; pneumonia, the most common source for this sepsis. Thus, SCD patients with a fever of 38.5°C (101.3°F) require a septic work up including a complete blood count with differential, reticulocyte count, blood culture, urine culture if UTI is suspected and a chest X-ray if the patient has respiratory symptoms or an abnormal lung examination. Empiric antibiotics such as ceftriaxone should be given that cover S. pneumonia and gram-negative enteric organisms. Though SCD patients with fever typically require admission, outpatient management has been proposed in low-risk patients: &gt;12 months old, well appearing, normal vital signs, no ceftriaxone within the past eight weeks, up to date on vaccinations, no history of severe illness (e.g. sepsis), normal ED workup, and no compliance concerns. It is imperative to discuss the patient’s disposition with their primary hematologist prior to discharge and arrange close follow-up. </text></passage><passage><infon key="section_type">INTRO</infon><infon key="type">paragraph</infon><offset>15567</offset><text>Article 9. Pike L and Villar J. Zika Virus: What Emergency Department Providers Need to Know. Academic Life in Emergency Medicine. (February 15, 2016) HM</text></passage><passage><infon key="section_type">INTRO</infon><infon key="type">paragraph</infon><offset>15721</offset><text>https://www.aliem.com/2016/zika-virus-what-emergency-department-providers-need-to-know/</text></passage><passage><infon key="section_type">INTRO</infon><infon key="type">paragraph</infon><offset>15809</offset><text>This blog provides a concise overview of the outbreak, clinical presentation, risk factors, diagnostic testing and management of the Zika virus. The following take home points are discussed:</text></passage><passage><infon key="section_type">INTRO</infon><infon key="type">paragraph</infon><offset>16000</offset><text>Zika virus gained worldwide attention when the epidemic of associated micocephaly was reported in Brazil in 2015.Though primarily transmitted through Aedes mosquito bites, which also transmit dengue and chikungunya, perinatal transmission is also possible. Additionally, transmission through sexual intercourse and blood transfusion have been reported. Symptoms include fever, rash, joint pain, and conjunctivitis typically beginning two to seven days after transmission. Importantly, most people with Zika are asymptomatic. One should avoid nonsteroidal anti-inflammatory drugs (NSAIDs) until dengue is excluded to avoid risk of hemorrhage. At the time of publishing, the following areas are at risk: Cape Verde in Africa, several areas in the Caribbean, Central America, Mexico and South America, Fiji, Somoa, and Tunga. Zika virus testing is only performed at the Center for Disease Control (CDC) and is reserved for the following special patient populations: acute onset of illness and have traveled to a high risk area within the past two weeks, pregnant women who have traveled to a high risk area within two to 12 weeks, infants with microcephaly or intracranial calcifications born to women who traveled to a high risk area, or infants with mothers with positive or inconclusive test results for Zika virus infection.</text></passage><passage><infon key="section_type">INTRO</infon><infon key="type">paragraph</infon><offset>17330</offset><text> Article 10. Sobolewski, B .  The Febrile Infant – University of Cincinnati Emergency Medicine Collaboration. PEM Cincinatti. (March 1, 2016) HM </text></passage><passage><infon key="section_type">INTRO</infon><infon key="type">paragraph</infon><offset>17478</offset><text>http://pemcincinnati.com/blog/the-febrile-infant-taming-the-sru-collaboration/</text></passage><passage><infon key="section_type">INTRO</infon><infon key="type">paragraph</infon><offset>17557</offset><text>This blog post provides recommendations for diagnosis and management of febrile infants without a source between four weeks and 60 days old based on a detailed review of current literature and the opinions of two experts in this field. The following take home points are discussed:</text></passage><passage><infon key="section_type">INTRO</infon><infon key="type">paragraph</infon><offset>17839</offset><text>Prevalence of serious bacterial infections (SBI) in febrile infants without a source is much lower in infants four to 12 weeks old compared to those younger than four weeks old. UTI is the most common source, while meningitis is rare. Low-risk clinical criteria for meningitis include: 29-60 days old, full term, no chronic medical problems, no prolonged neonatal intensive care unit (ICU) stay, no systemic antibiotics in the previous 72 hours, well appearing and easily consolable, and with no infections on exam. Low risk work-up criteria for meningitis include: WBC ≤ 15,000 or ≥ 5,000, band neutrophil &lt; 0.2, urine WBC &lt; 10/HPF, negative urine gram stain, and a chest x-ray without infiltrate. For low-risk, febrile, 29- to 60-day-old infants, blood and urine studies alone may be appropriate. If heart rate improves after defervescence and close outpatient follow-up is available, these patients may be appropriate for discharge.</text></passage><passage><infon key="section_type">INTRO</infon><infon key="type">paragraph</infon><offset>18780</offset><text>Empiric antibiotics should only be given if a lumbar puncture is performed. For 0- to 21-day-old infants, give ampicillin, cefotaxime, and acyclovir; for 22- to 28-day-old infants, ampicillin and cefotaxime; and for 29- to 56-day-old infants, cefotaxime or ceftriaxone. If there is pleocytosis in the cerebrospinal fluid (CSF) or a positive gram stain, consider adding vancomycin for MRSA coverage. Due to ototoxicity, gentamicin has become less commonly used, but can nonetheless be substituted for cefotaxime in the infant &lt; 14 days.</text></passage><passage><infon key="section_type">INTRO</infon><infon key="type">paragraph</infon><offset>19316</offset><text>While HSV is highly unlikely outside of three weeks of age, patients with seizure or an abnormal neurologic examination should receive acyclovir, an HSV CSF polymerase chain reaction (PCR), and hepatic profile to investigate for invasive HSV transaminitis. Enterovirus meningitis occurs predominantly from August to October. Any infant less than 60 days old treated with antibiotics after a full septic work-up in this age range should be admitted.</text></passage><passage><infon key="section_type">INTRO</infon><infon key="type">paragraph</infon><offset>19768</offset><text>Article 11. Brooks, D. Blood Cultures: When Do They Make a Meaningful Impact on Clinical Care. EM Docs. (April 23, 2016) HM</text></passage><passage><infon key="section_type">INTRO</infon><infon key="type">paragraph</infon><offset>19892</offset><text>http://www.emdocs.net/blood-cultures-when-does-obtaining-them-make-a-meaningful-impact-on-clinical-care/</text></passage><passage><infon key="section_type">INTRO</infon><infon key="type">paragraph</infon><offset>19997</offset><text>This post reviews the yield of blood cultures and when they might be useful and recommended. The take-home points are:</text></passage><passage><infon key="section_type">INTRO</infon><infon key="type">paragraph</infon><offset>20116</offset><text>A number of studies corroborate the very low yield of blood cultures (3%) and an even lower rate of changing patient management. Despite certain core measures and reimbursement plans requiring them, blood cultures are rarely useful in stable, immunocompetent patients with common infections such as cellulitis, pneumonia, and orchitis. However, those who are acutely ill, septic, presumed bacteremia, or suspected to have endocarditis should have blood cultures drawn prior to initiating antibiotics. Interestingly, fever at the time of blood culture collection is not sensitive or specific.</text></passage><passage><infon key="section_type">INTRO</infon><infon key="type">paragraph</infon><offset>20708</offset><text> Article 12. Triplett, L. Spinal Epidural Abscess. Core EM. (December 30, 2015) HM   </text></passage><passage><infon key="section_type">INTRO</infon><infon key="type">paragraph</infon><offset>20795</offset><text>http://coreem.net/core/spinal-epidural-abscess/</text></passage><passage><infon key="section_type">INTRO</infon><infon key="type">paragraph</infon><offset>20843</offset><text>This post reviews the challenging clinical evaluation, work-up, and treatment of spinal epidural abscess (SEA). The take home points are:</text></passage><passage><infon key="section_type">INTRO</infon><infon key="type">paragraph</infon><offset>20981</offset><text>Though classically presenting with fever, back pain, and neurologic deficit, this classic triad of SEA occurs only in 8%-15% of cases. Fever itself is only present in 50% of SEA patients and predisposing factors in only 20% percent of cases. The WBC is unhelpful at ruling in or ruling out SEA. Though supported by one recent guideline, this post recommends against using erythrocyte sedimentation rate or C-reactive protein in order to test for SEA. Blood cultures may be helpful in tailoring antibiotic therapy. Magnetic resonance imaging (MRI) with gadolinium is the gold standard for diagnosis – though knowing when to get the MRI can be extremely difficult. Treatment includes vancomycin plus a third-generation cephalosporin to cover MRSA and gram negative bacilli. Operative drainage is not mandatory, though is thought to be more helpful in cases with progressing neurologic developments and abscess on MRI, especially cervical and thoracic SEAs.</text></passage><passage><infon key="section_type">INTRO</infon><infon key="type">paragraph</infon><offset>21939</offset><text>Article 13. Helman, A. Fever in the Returning Traveler Emergency Medicine Cases. (April 2015) HM</text></passage><passage><infon key="section_type">INTRO</infon><infon key="type">paragraph</infon><offset>22036</offset><text>http://emergencymedicinecases.com/fever-returning-traveler/</text></passage><passage><infon key="section_type">INTRO</infon><infon key="type">paragraph</infon><offset>22096</offset><text>This post reviews the approach to fever in the returning traveler including presentation, diagnosis, and treatment of common deadly tropical diseases. The take-home points are:</text></passage><passage><infon key="section_type">INTRO</infon><infon key="type">paragraph</infon><offset>22273</offset><text>Every febrile ED patient must be asked about recent travel! If yes, immunizations, malaria prophylaxis, high-risk foods, animal/insect exposures and fresh water activities are key questions to ask. Unfortunately, these common deadly tropical diseases often present with vague symptoms. For patients who have traveled to endemic areas, consider workups for malaria, dengue, typhoid and rickettsia. Of concern, malaria can still occur even in the absence of the classic triad, reported chemoprophylaxis, or a negative initial smear. Clinical cues for typhoid fever presentations include salmon-colored rose spots, blanching, maculopapules on the trunk and extremities, as well as pardoxical bradycardia. Dengue fever can present with fever plus rash (“islands of white in a sea of red”), arthralgias, nausea/vomiting, positive tourniquet test (inflate blood pressure cuff for five minutes and look for distal petechiae on deflation), and leukopenia. Dengue hemorrhagic fever presents with shock, massive plasma leak, disseminated intravascular coagulation (DIC), thrombocytopenia, and hemorrhage.</text></passage><passage><infon key="section_type">INTRO</infon><infon key="type">paragraph</infon><offset>23376</offset><text>Article 14. Hofmann, E. Lactate in Sepsis: Pearls &amp; Pitfalls. EM Docs. (March 6, 2016) HM</text></passage><passage><infon key="section_type">INTRO</infon><infon key="type">paragraph</infon><offset>23466</offset><text>http://www.emdocs.net/8362-2/</text></passage><passage><infon key="section_type">INTRO</infon><infon key="type">paragraph</infon><offset>23496</offset><text>This post reviews lactate metabolism and its role in sepsis including using clearance as a marker for resuscitation. The take-home points are:</text></passage><passage><infon key="section_type">INTRO</infon><infon key="type">paragraph</infon><offset>23639</offset><text>Most lactate is produced through anaerobic glycolysis. It can be categorized into Type A which is associated with tissue hypoperfusion, and Type B, associated with causes other than impaired tissue oxygenation. For sepsis, there is ample evidence associating hyperlactatemia with mortality. In fact, lactate continues to be the best non-invasive marker for illness severity in sepsis. In a septic patient, a lactate &gt; 4mmol/L suggests the patient may benefit from admission to the intensive care unit. A lactate &lt; 2 mmol/L suggests minimal mortality risk. For patients with a lactate from 2-4 mmol/L, this article recommends re-checking the lactate after 2 L of normal saline. While a &gt;10% decrease, or normalization, is reassuring, a lack of lactate clearance indicates severe disease and once again ICU level care may be indicated.</text></passage><passage><infon key="section_type">INTRO</infon><infon key="type">paragraph</infon><offset>24475</offset><text>Article 15. Rezaie S. Timethoprim-Sulfamethoxazole for Uncomplicated Skin Abscesses? (March 10, 2016) HM</text></passage><passage><infon key="section_type">INTRO</infon><infon key="type">paragraph</infon><offset>24580</offset><text>http://rebelem.com/trimethoprim-sulfamethoxazole-for-uncomplicated-skin-abscesses/</text></passage><passage><infon key="section_type">INTRO</infon><infon key="type">paragraph</infon><offset>24663</offset><text>This post dissects a recent study that investigates the use of trimethoprim-sulfamethoxazole (TMP-SMX) in the treatment of uncomplicated skin abscess status post incision and drainage.The take-home points are:</text></passage><passage><infon key="section_type">INTRO</infon><infon key="type">paragraph</infon><offset>24873</offset><text>The study was a double-blind, randomized controlled trial of placebo versus TMP/SMX for seven days in over 1200 patients with an abscess with overlying cellulitis. On follow-up, clinical cure was significantly more frequent in the TMP/SMX group (NNT=14, absolute difference 6.9-7.2%), though the clinical significance of this difference in practice remains unclear. No significant side-effects were noted, but increased antibiotic use may promote increased bacterial resistance. Expert opinion by the post’s author suggests a “wait and see approach” in which a prescription is given with instructions to start the antibiotics if no significant improvement was noted after 48 hours.</text></passage><passage><infon key="section_type">INTRO</infon><infon key="type">paragraph</infon><offset>25561</offset><text>Article 16. Levesque, A. Updates on Recommendations For STI Treatments &amp; Empiric Therapy: When to Treat and What to Treat Depending on your Patient. EM Docs. (March 3, 2016) HM</text></passage><passage><infon key="section_type">INTRO</infon><infon key="type">paragraph</infon><offset>25738</offset><text>http://www.emdocs.net/updates-recommendations-sexually-transmitted-infection-treatments-empiric-therapy-treat-treat-depending-patient/</text></passage><passage><infon key="section_type">INTRO</infon><infon key="type">paragraph</infon><offset>25873</offset><text>This post reviews the latest guidelines on sexually transmitted infections (STIs) in the ED. The take-home points are:</text></passage><passage><infon key="section_type">INTRO</infon><infon key="type">paragraph</infon><offset>25993</offset><text>Clinically presumed N. gonorrhoeae (NG) and C. trachomatis (CT) can be treated with ceftriaxone 250mg intramuscularly (IM) and azithromycin 1 gram orally in the ED. CT can also be treated with doxycycline 100mg by mouth (PO), twice a day, (BID), for seven days. For NG conjunctivitis or disseminated NG, the ceftriaxone dose should be increased to 1 gm intramuscularly. Trichomonas often concomitantly occurs with NG and CT and presumptive treatment. Metronidazole 2 grams PO once, or 500mg BID for seven days, should be considered as well. For post-exposure prophylaxis, all persons should be offered a morning-after pill, the hepatitis B vaccine (if unvaccinated), and treatment for NG, GC, and trichomonas. HIV prophylaxis should be discussed with the patient as well. The full CDC 2015 guidelines can be found here: https://www.cdc.gov/std/tg2015/2015-wall-chart.pdf.</text></passage><passage><infon key="section_type">INTRO</infon><infon key="type">paragraph</infon><offset>26866</offset><text>Article 17. Farkas, J. Steroids in Septic Shock: Four Misconceptions and One Truth. EM Crit. (July 12, 2015) HM</text></passage><passage><infon key="section_type">INTRO</infon><infon key="type">paragraph</infon><offset>26978</offset><text>http://emcrit.org/pulmcrit/steroids-in-septic-shock-four-misconceptions-and-one-truth/</text></passage><passage><infon key="section_type">INTRO</infon><infon key="type">paragraph</infon><offset>27065</offset><text>This post reviews the evidence for and against the use of corticosteroids in sepsis.The take-home points are:</text></passage><passage><infon key="section_type">INTRO</infon><infon key="type">paragraph</infon><offset>27175</offset><text>Several myths have been studied regarding steroids in sepsis. Currently, there is no convincing evidence that steroids reduce mortality in patients with sepsis. On the other hand, there is no data that steroids lead to an increased rate of superinfections. Much of the current confusion about steroids in sepsis stems from the two major studies, Annane et al. and the CORTICUS trial. Despite the authors’ differing conclusions, their data is entirely consistent. Both in fact show no change in mortality, faster shock resolution, and no increased rate of superinfections. Overall, it remains unclear which patients will benefit most from steroids and they should be considered on a case by case basis.</text></passage><passage><infon key="section_type">INTRO</infon><infon key="type">paragraph</infon><offset>27879</offset><text>Article 18. Fox, S. Bulging Fontanelle. Peds EM Morsels. (March 4, 2016) HM</text></passage><passage><infon key="section_type">INTRO</infon><infon key="type">paragraph</infon><offset>27955</offset><text>http://pedemmorsels.com/bulging-fontanelle/ </text></passage><passage><infon key="section_type">INTRO</infon><infon key="type">paragraph</infon><offset>28001</offset><text>This blog post reviews the differential diagnosis and work-up of a bulging fontanelle.The take-home points are:</text></passage><passage><infon key="section_type">INTRO</infon><infon key="type">paragraph</infon><offset>28113</offset><text>Of the six fontanelles, only the anterior and posterior are clinically apparent. Normally, the fontanelles should be slightly sunken and palpable pulsations are normal. Fontanelles can be bulging based on false positives such as supine position, coughing, crying, or vomiting. While numerous benign etiologies exist and work-ups are often negative, a bulging fontanelle is a high-risk exam finding concerning for meningitis and brain mass. In extremely well-appearing, afebrile patients, an outpatient MRI with close follow-up may be appropriate. In all other cases, neuro-imaging and a lumbar puncture are recommended.</text></passage><passage><infon key="section_type">CONCL</infon><infon key="type">title_1</infon><offset>28733</offset><text>Conclusions</text></passage><passage><infon key="section_type">CONCL</infon><infon key="type">paragraph</infon><offset>28745</offset><text>The ALiEM Blog and Podcast Watch series serves to identify high-quality educational blogs and podcasts for EM clinicians through its expert panel, using an objective scoring instrument. These social media resources are currently curated in the ALiEM AIR and AIR-Pro Series, originally created to address EM residency needs. The resources curated specifically for infectious diseases are herein shared and summarized to help clinicians filter the rapidly published multitude of blog posts and podcasts. Our search was limited to content produced within the previous 12 months from the top 50 Social Media Index sites. While these lists are by no means a comprehensive analysis of the entire internet for this topic, this series provides a post-publication accreditation and curation of recent online content to identify and recommend high-quality educational social media content for the EM clinician. While this article focuses on infectious diseases, additional AIR modules address other topics in emergency medicine.</text></passage><passage><infon key="section_type">CONCL</infon><infon key="type">footnote</infon><offset>29766</offset><text>The authors have declared that no competing interests exist.</text></passage><passage><infon key="section_type">REF</infon><infon key="type">title</infon><offset>29827</offset><text>References</text></passage><passage><infon key="fpage">76</infon><infon key="lpage">77</infon><infon key="name_0">surname:Cadogan;given-names:M</infon><infon key="name_1">surname:Thoma;given-names:B</infon><infon key="name_2">surname:Chan;given-names:TM</infon><infon key="section_type">REF</infon><infon key="source">Emerg Med J</infon><infon key="type">ref</infon><infon key="volume">31</infon><infon key="year">2014 Oct</infon><offset>29838</offset><text>Free Open Access Meducation (FOAM) the rise of emergency medicine and critical care blogs and podcasts (2002-2013)</text></passage><passage><infon key="fpage">549</infon><infon key="lpage">554</infon><infon key="name_0">surname:Paterson;given-names:QS</infon><infon key="name_1">surname:Thoma;given-names:B</infon><infon key="name_2">surname:Milne;given-names:WK</infon><infon key="pub-id_pmid">26692965</infon><infon key="section_type">REF</infon><infon key="source">J Grad Med Educ</infon><infon key="type">ref</infon><infon key="volume">7</infon><infon key="year">2015 Dec</infon><offset>29953</offset><text>A systematic review and qualitative analysis to determine quality indicators for health professions education blogs and podcasts</text></passage><passage><infon key="fpage">396</infon><infon key="lpage">402</infon><infon key="name_0">surname:Thoma;given-names:B</infon><infon key="name_1">surname:Chan;given-names:TM</infon><infon key="name_2">surname:Paterson;given-names:QS</infon><infon key="pub-id_pmid">25840846</infon><infon key="section_type">REF</infon><infon key="source">Ann Emerg Med</infon><infon key="type">ref</infon><infon key="volume">66</infon><infon key="year">2015</infon><offset>30082</offset><text>Emergency medicine and critical care blogs and podcasts establishing an international consensus on quality</text></passage><passage><infon key="fpage">546</infon><infon key="lpage">550</infon><infon key="name_0">surname:Lin;given-names:M</infon><infon key="name_1">surname:Thoma;given-names:B</infon><infon key="name_2">surname:Trueger;given-names:NS</infon><infon key="pub-id_pmid">26275428</infon><infon key="section_type">REF</infon><infon key="source">Postgrad Med J</infon><infon key="type">ref</infon><infon key="volume">91</infon><infon key="year">2015</infon><offset>30189</offset><text>Quality indicators for blogs and podcasts used in medical education: modified Delphi consensus recommendations by an international cohort of health professions educators</text></passage><passage><infon key="name_0">surname:Frequently Asked;given-names:Questions</infon><infon key="section_type">REF</infon><infon key="source">Published</infon><infon key="type">ref</infon><infon key="year">2017</infon><offset>30359</offset><text>Frequently asked questions: emergency medicine. Accreditation council for graduate medical education (ACGME)’s residency review committee for emergency medicine</text></passage><passage><infon key="fpage">729</infon><infon key="lpage">735</infon><infon key="name_0">surname:Chan;given-names:TM</infon><infon key="name_1">surname:Grock;given-names:A</infon><infon key="name_2">surname:Paddock;given-names:M</infon><infon key="pub-id_pmid">27033141</infon><infon key="section_type">REF</infon><infon key="source">Ann Emerg Med</infon><infon key="type">ref</infon><infon key="volume">68</infon><infon key="year">2016</infon><offset>30522</offset><text>Examining reliability and validity of an online score (ALiEM AIR) for rating free open access medical education resources</text></passage><passage><infon key="fpage">219</infon><infon key="lpage">225</infon><infon key="name_0">surname:Swaminathan;given-names:A</infon><infon key="name_1">surname:Morley;given-names:EJ</infon><infon key="name_2">surname:Branzetti;given-names:J</infon><infon key="pub-id_pmid">27168891</infon><infon key="section_type">REF</infon><infon key="source">J Grad Med Educ</infon><infon key="type">ref</infon><infon key="volume">8</infon><infon key="year">2016</infon><offset>30644</offset><text>Approved instructional resources series a national initiative to identify quality emergency medicine blog and podcast content for resident education</text></passage><passage><infon key="fpage">726</infon><infon key="lpage">733</infon><infon key="name_0">surname:Grock;given-names:A</infon><infon key="name_1">surname:Joshi;given-names:N</infon><infon key="name_2">surname:Swaminathan;given-names:A</infon><infon key="pub-id_pmid">27833680</infon><infon key="section_type">REF</infon><infon key="source">West J Emerg Med</infon><infon key="type">ref</infon><infon key="volume">17</infon><infon key="year">2016</infon><offset>30793</offset><text>Blog and podcast watch: neurologic emergencies</text></passage><passage><infon key="fpage">513</infon><infon key="lpage">518</infon><infon key="name_0">surname:Zaver;given-names:F</infon><infon key="name_1">surname:Hansen;given-names:M</infon><infon key="name_2">surname:Leibner;given-names:E</infon><infon key="pub-id_pmid">27625713</infon><infon key="section_type">REF</infon><infon key="source">West J Emerg Med</infon><infon key="type">ref</infon><infon key="volume">17</infon><infon key="year">2016</infon><offset>30840</offset><text>Blog and podcast watch: pediatric emergency medicine</text></passage><passage><infon key="section_type">REF</infon><infon key="type">ref</infon><infon key="year">2016</infon><offset>30893</offset><text>CORD testing schedule (2016-2017 Edition)</text></passage><passage><infon key="fpage">242</infon><infon key="name_0">surname:Thoma;given-names:B</infon><infon key="name_1">surname:Sanders;given-names:JL</infon><infon key="name_2">surname:Lin;given-names:M</infon><infon key="pub-id_pmid">25834664</infon><infon key="section_type">REF</infon><infon key="source">West J Emerg Med</infon><infon key="type">ref</infon><infon key="volume">16</infon><infon key="year">2015</infon><offset>30935</offset><text>The social media index: measuring the impact of emergency medicine and critical care websites</text></passage><passage><infon key="fpage">1004</infon><infon key="lpage">1012</infon><infon key="name_0">surname:Carpenter;given-names:CR</infon><infon key="name_1">surname:Sarli;given-names:CC</infon><infon key="name_2">surname:Fowler;given-names:SA</infon><infon key="pub-id_pmid">24127703</infon><infon key="section_type">REF</infon><infon key="source">Acad Emerg Med</infon><infon key="type">ref</infon><infon key="volume">20</infon><infon key="year">2013</infon><offset>31029</offset><text>Best Evidence in Emergency Medicine (BEEM) rater scores correlate with publications' future citations</text></passage><passage><infon key="fpage">823</infon><infon key="lpage">832</infon><infon key="name_0">surname:Talan;given-names:DA</infon><infon key="name_1">surname:Mower;given-names:W</infon><infon key="name_2">surname:Krishnadasan;given-names:A</infon><infon key="pub-id_pmid">26962903</infon><infon key="section_type">REF</infon><infon key="source">N Engl J Med</infon><infon key="type">ref</infon><infon key="volume">374</infon><infon key="year">2016</infon><offset>31131</offset><text>Trimethoprim-sulfamethoxazole versus placebo for uncomplicated skin abscess</text></passage><passage><infon key="section_type">REF</infon><infon key="type">ref</infon><infon key="year">2015</infon><offset>31207</offset><text>2015 CDC STD treatment guidelines</text></passage></document></collection>
