<?xml version="1.0" encoding="UTF-8"?>
<!DOCTYPE collection SYSTEM "BioC.dtd">
<collection><source>PMC</source><date>20201222</date><key>pmc.key</key><document><id>5954205</id><infon key="license">CC BY</infon><passage><infon key="alt-title">Commentary</infon><infon key="article-id_doi">10.1128/mSystems.00060-18</infon><infon key="article-id_pmc">5954205</infon><infon key="article-id_pmid">29795799</infon><infon key="article-id_publisher-id">mSystems00060-18</infon><infon key="elocation-id">e00060-18</infon><infon key="issue">3</infon><infon key="kwd">American Gut Project citizen science gut microbiome metabolome</infon><infon key="license">This is an open-access article distributed under the terms of the Creative Commons Attribution 4.0 International license.</infon><infon key="name_0">surname:Grieneisen;given-names:Laura E.</infon><infon key="name_1">surname:Blekhman;given-names:Ran</infon><infon key="notes">The views expressed in this Commentary do not necessarily reflect the views of this journal or of ASM.</infon><infon key="section_type">TITLE</infon><infon key="title">KEYWORDS</infon><infon key="type">front</infon><infon key="volume">3</infon><infon key="year">2018</infon><offset>0</offset><text>Crowdsourcing Our National Gut</text></passage><passage><infon key="section_type">ABSTRACT</infon><infon key="type">abstract</infon><offset>31</offset><text>The microbes of the human intestinal tract play a profound role in our health. The complex interactions between our gut microbial communities and the external environment, and the resulting functional consequences, can be difficult to disentangle.</text></passage><passage><infon key="section_type">ABSTRACT</infon><infon key="type">abstract_title_1</infon><offset>279</offset><text>ABSTRACT</text></passage><passage><infon key="section_type">ABSTRACT</infon><infon key="type">abstract</infon><offset>288</offset><text>The microbes of the human intestinal tract play a profound role in our health. The complex interactions between our gut microbial communities and the external environment, and the resulting functional consequences, can be difficult to disentangle. To address this problem, McDonald et al. (mSystems 3:e00031-18, 2018, https://doi.org/10.1128/mSystems.00031-18) present the first set of results from the American Gut Project, a citizen science-based data set currently comprised of over 10,000 gut microbiome samples and associated life history data. By combining this extensive data set with other published studies, the authors uncover novel relationships between gut microbiome structure and function. For example, they found that dietary plant diversity and recent antibiotic use predict both microbial and metabolomic diversity. McDonald et al. also demonstrate that there is high diversity across human gut microbiomes, even compared to the diversity of environmental microbiomes. The results from this study illuminate the potential of the citizen science approach to further our knowledge of host-associated microbial communities.</text></passage><passage><infon key="section_type">DISCUSS</infon><infon key="type">title_1</infon><offset>1426</offset><text>COMMENTARY</text></passage><passage><infon key="section_type">DISCUSS</infon><infon key="type">paragraph</infon><offset>1437</offset><text>Variation in gut microbiome composition, defined as the number and types of microbes living in the human digestive tract, is increasingly linked to human health and physical functioning. Such effects include changes in metabolism, hormone levels, obesity, and autoimmune diseases. Understanding how a person’s behaviors, diet, and environment shape the composition of the gut microbiota and how these interactions in turn are linked to downstream physiological consequences is a central goal in human health research. However, such relationships are difficult to tease apart, as many studies are limited by small sample sizes, a lack of diversity in geographic location and other environmental characteristics, and limited information on the life history traits of study subjects. In their article, McDonald et al. address these gaps by combining gut microbiome samples submitted by over 10,000 citizen scientist contributors with published data sets and environmental samples from the Earth Microbiome Project. They survey gut microbial differences between human populations and between human and environmental microbiome samples and test how dietary diversity and antibiotic use predict microbial and metabolomic diversity. By making novel connections across data sets and leveraging citizen science data, McDonald et al. implement a research model likely to be key in future human microbiome analyses.</text></passage><passage><infon key="section_type">DISCUSS</infon><infon key="type">paragraph</infon><offset>2844</offset><text>An increasing number of projects are using citizen science approaches both to increase sample size and diversity and to provide members of the public with an opportunity to learn about the natural world and participate in the scientific endeavor. Successful citizen science projects often have a conservation angle; for example, members of the public have contributed to over 200 articles as they tracked avian migration patterns over the last century (http://www.audubon.org/christmas-bird-count-bibliography), documented the appearance and spread of invasive species, and quantified predation of native wildlife by housecats (; http://www.kittycams.uga.edu/). Other studies rely on crowdsourcing to complete computationally intensive tasks, such as protein folding (; https://fold.it/portal/info/about) and searching satellite imagery for unexcavated archaeological sites (https://www.globalxplorer.org/about). More recently, citizen science projects have begun to focus on microbial communities and health, allowing participants to learn about their local microbiota (http://robdunnlab.com/projects/wild-life-of-our-homes/) and to get health-related feedback on their microbial communities (; uBiome). The American Gut Project is a large-scale citizen science project that provides participants with a personalized profile of their gut microbial communities while also providing researchers with thousands of samples and associated metadata to run powerful analyses.</text></passage><passage><infon key="section_type">DISCUSS</infon><infon key="type">paragraph</infon><offset>4314</offset><text>The results from the current study highlight a broad survey of the types of microbiome analyses made possible by combining a citizen science data set with other published studies. Some of the main outcomes support results from previous studies; for example, the gut microbiome of individuals living in the United States and the United Kingdom differed from each other, and both differed from those of hunter-gatherers and other populations living traditional lifestyles. An individual’s microbiome remained relatively stable over time, and geographic distance between populations did not predict microbial distance. Other results provide novel insights into linking microbiome composition with function. Metabolomic analyses yielded two amides that correlate with thyroid disease and revealed that recent antibiotic use predicted high molecular diversity but low microbial diversity. Although dietary categories like “omnivore” or “vegan” did not predict microbiome clustering, using a more fine-scale approach of dietary plant diversity showed differences in both microbial and molecular diversity. Finally, the large data set suggests the importance of large sample sizes in microbiome studies; there was a reduction in the discovery of new microbes at ~3,000 samples, and, perhaps surprisingly, variation between gut microbiomes in the American Gut Project was greater than the variation between diverse environmental microbiomes from the Earth Microbiome Project data set.</text></passage><passage><infon key="section_type">DISCUSS</infon><infon key="type">paragraph</infon><offset>5801</offset><text>Undergoing such a broad analysis is not without its challenges, some of which are technical and some of which are inherent to citizen science projects. First, there is an issue with data quality. Unlike other microbiome studies, which recommend freezing samples or preserving them in liquid, the current study used stool samples collected with dry swabs. Although this is a more convenient collection method that can increase participation in the project, not using a preservative fluid can lead to blooms of certain bacterial taxa, which have to be removed from the data prior to comparing microbial communities between samples. The ability to account for these blooms suggests that future microbiome studies may be able to use the dry-swab technique and obtain reliable data. This issue reflects the challenge of balancing the quality of samples with citizen science accessibility to an easy and inexpensive sample submission kit. Other challenges are common to large citizen science data sets. For example, the study is not specifically designed for the purpose of testing certain questions, thus reducing the sample size that can be used for specific analyses. These projects also usually have participant biases, with the majority of samples coming from Western populations and from individuals of higher education and income levels who live in cities. Nevertheless, the American Gut data set is large and diverse enough that these challenges do not limit the ability to detect novel biological patterns.</text></passage><passage><infon key="section_type">DISCUSS</infon><infon key="type">paragraph</infon><offset>7311</offset><text>Even in its preliminary stages, the American Gut Project has expanded our knowledge of the structure and function of the gut microbiome. Further, this work illuminates the crucial role of citizen science in compiling large, multifaceted data sets. As more samples are added to the collection, it has great potential to further our understanding of the complex relationships between hosts, microbes, and health.</text></passage><passage><infon key="section_type">DISCUSS</infon><infon key="type">footnote</infon><offset>7722</offset><text>For the article discussed, see .</text></passage><passage><infon key="section_type">REF</infon><infon key="type">title</infon><offset>7755</offset><text>REFERENCES</text></passage><passage><infon key="fpage">1084</infon><infon key="lpage">1088</infon><infon key="name_0">surname:Markle;given-names:JGM</infon><infon key="name_1">surname:Frank;given-names:DN</infon><infon key="name_2">surname:Mortin-Toth;given-names:S</infon><infon key="name_3">surname:Robertson;given-names:CE</infon><infon key="name_4">surname:Feazel;given-names:LM</infon><infon key="name_5">surname:Rolle-Kampczyk;given-names:U</infon><infon key="name_6">surname:von Bergen;given-names:M</infon><infon key="name_7">surname:McCoy;given-names:KD</infon><infon key="name_8">surname:Macpherson;given-names:AJ</infon><infon key="name_9">surname:Danska;given-names:JS</infon><infon key="pub-id_doi">10.1126/science.1233521</infon><infon key="pub-id_pmid">23328391</infon><infon key="section_type">REF</infon><infon key="source">Science</infon><infon key="type">ref</infon><infon key="volume">339</infon><infon key="year">2013</infon><offset>7766</offset><text>Sex differences in the gut microbiome drive hormone-dependent regulation of autoimmunity</text></passage><passage><infon key="fpage">1027</infon><infon key="lpage">1031</infon><infon key="name_0">surname:Turnbaugh;given-names:PJ</infon><infon key="name_1">surname:Ley;given-names:RE</infon><infon key="name_2">surname:Mahowald;given-names:MA</infon><infon key="name_3">surname:Magrini;given-names:V</infon><infon key="name_4">surname:Mardis;given-names:ER</infon><infon key="name_5">surname:Gordon;given-names:JI</infon><infon key="pub-id_doi">10.1038/nature05414</infon><infon key="pub-id_pmid">17183312</infon><infon key="section_type">REF</infon><infon key="source">Nature</infon><infon key="type">ref</infon><infon key="volume">444</infon><infon key="year">2006</infon><offset>7855</offset><text>An obesity-associated gut microbiome with increased capacity for energy harvest</text></passage><passage><infon key="fpage">1268</infon><infon key="lpage">1273</infon><infon key="name_0">surname:Hooper;given-names:LV</infon><infon key="name_1">surname:Littman;given-names:DR</infon><infon key="name_2">surname:Macpherson;given-names:AJ</infon><infon key="pub-id_doi">10.1126/science.1223490</infon><infon key="pub-id_pmid">22674334</infon><infon key="section_type">REF</infon><infon key="source">Science</infon><infon key="type">ref</infon><infon key="volume">336</infon><infon key="year">2012</infon><offset>7935</offset><text>Interactions between the microbiota and the immune system</text></passage><passage><infon key="fpage">1757</infon><infon key="lpage">1767.e1</infon><infon key="name_0">surname:Brugman;given-names:S</infon><infon key="name_1">surname:Liu;given-names:KY</infon><infon key="name_2">surname:Lindenbergh-Kortleve;given-names:D</infon><infon key="name_3">surname:Samsom;given-names:JN</infon><infon key="name_4">surname:Furuta;given-names:GT</infon><infon key="name_5">surname:Renshaw;given-names:SA</infon><infon key="name_6">surname:Willemsen;given-names:R</infon><infon key="name_7">surname:Nieuwenhuis;given-names:EES</infon><infon key="pub-id_doi">10.1053/j.gastro.2009.07.069</infon><infon key="pub-id_pmid">19698716</infon><infon key="section_type">REF</infon><infon key="source">Gastroenterology</infon><infon key="type">ref</infon><infon key="volume">137</infon><infon key="year">2009</infon><offset>7993</offset><text>Oxazolone-induced enterocolitis in zebrafish depends on the composition of the intestinal microbiota</text></passage><passage><infon key="fpage">260</infon><infon key="lpage">270</infon><infon key="name_0">surname:Cho;given-names:I</infon><infon key="name_1">surname:Blaser;given-names:MJ</infon><infon key="pub-id_doi">10.1038/nrg3182</infon><infon key="pub-id_pmid">22411464</infon><infon key="section_type">REF</infon><infon key="source">Nat Rev Genet</infon><infon key="type">ref</infon><infon key="volume">13</infon><infon key="year">2012</infon><offset>8094</offset><text>The human microbiome: at the interface of health and disease</text></passage><passage><infon key="fpage">606</infon><infon key="lpage">617</infon><infon key="name_0">surname:Mueller;given-names:UG</infon><infon key="name_1">surname:Sachs;given-names:JL</infon><infon key="pub-id_doi">10.1016/j.tim.2015.07.009</infon><infon key="pub-id_pmid">26422463</infon><infon key="section_type">REF</infon><infon key="source">Trends Microbiol</infon><infon key="type">ref</infon><infon key="volume">23</infon><infon key="year">2015</infon><offset>8155</offset><text>Engineering microbiomes to improve plant and animal health</text></passage><passage><infon key="elocation-id">e00031-18</infon><infon key="name_0">surname:McDonald;given-names:D</infon><infon key="name_1">surname:Hyde;given-names:E</infon><infon key="name_10">surname:Goldasich;given-names:LD</infon><infon key="name_11">surname:Dorrestein;given-names:PC</infon><infon key="name_12">surname:Dunn;given-names:RR</infon><infon key="name_13">surname:Fahimipour;given-names:AK</infon><infon key="name_14">surname:Gaffney;given-names:J</infon><infon key="name_15">surname:Gilbert;given-names:JA</infon><infon key="name_16">surname:Gogul;given-names:G</infon><infon key="name_17">surname:Green;given-names:JL</infon><infon key="name_18">surname:Hugenholtz;given-names:P</infon><infon key="name_19">surname:Humphrey;given-names:G</infon><infon key="name_2">surname:Debelius;given-names:JW</infon><infon key="name_20">surname:Huttenhower;given-names:C</infon><infon key="name_21">surname:Jackson;given-names:MA</infon><infon key="name_22">surname:Janssen;given-names:S</infon><infon key="name_23">surname:Jeste;given-names:DV</infon><infon key="name_24">surname:Jiang;given-names:L</infon><infon key="name_25">surname:Kelley;given-names:ST</infon><infon key="name_26">surname:Knights;given-names:D</infon><infon key="name_27">surname:Kosciolek;given-names:T</infon><infon key="name_28">surname:Ladau;given-names:J</infon><infon key="name_29">surname:Leach;given-names:J</infon><infon key="name_3">surname:Morton;given-names:JT</infon><infon key="name_30">surname:Marotz;given-names:C</infon><infon key="name_31">surname:Meleshko;given-names:D</infon><infon key="name_32">surname:Melnik;given-names:AV</infon><infon key="name_33">surname:Metcalf;given-names:JL</infon><infon key="name_34">surname:Mohimani;given-names:H</infon><infon key="name_35">surname:Montassier;given-names:E</infon><infon key="name_36">surname:Navas-Molina;given-names:J</infon><infon key="name_37">surname:Nguyen;given-names:TT</infon><infon key="name_38">surname:Peddada;given-names:S</infon><infon key="name_39">surname:Pevzner;given-names:P</infon><infon key="name_4">surname:Gonzalez;given-names:A</infon><infon key="name_40">surname:Pollard;given-names:KS</infon><infon key="name_41">surname:Rahnavard;given-names:G</infon><infon key="name_42">surname:Robbins-Pianka;given-names:A</infon><infon key="name_43">surname:Sangwan;given-names:N</infon><infon key="name_44">surname:Shorenstein;given-names:J</infon><infon key="name_45">surname:Smarr;given-names:L</infon><infon key="name_46">surname:Song;given-names:SJ</infon><infon key="name_47">surname:Spector;given-names:T</infon><infon key="name_48">surname:Swafford;given-names:AD</infon><infon key="name_49">surname:Thackray;given-names:VG</infon><infon key="name_5">surname:Ackermann;given-names:G</infon><infon key="name_50">surname:Thompson;given-names:LR</infon><infon key="name_51">surname:Tripathi;given-names:A</infon><infon key="name_52">surname:Vazquez-Baeza;given-names:Y</infon><infon key="name_53">surname:Vrbanac;given-names:A</infon><infon key="name_54">surname:Wischmeyer;given-names:P</infon><infon key="name_55">surname:Wolfe;given-names:E</infon><infon key="name_56">surname:Zhu;given-names:Q</infon><infon key="name_57">surname:Knight;given-names:R</infon><infon key="name_6">surname:Aksenov;given-names:AA</infon><infon key="name_7">surname:Behsaz;given-names:B</infon><infon key="name_8">surname:Brennan;given-names:C</infon><infon key="name_9">surname:Chen;given-names:Y</infon><infon key="pub-id_doi">10.1128/mSystems.00031-18</infon><infon key="pub-id_pmid">29795809</infon><infon key="section_type">REF</infon><infon key="source">mSystems</infon><infon key="type">ref</infon><infon key="volume">3</infon><infon key="year">2018</infon><offset>8214</offset><text>American Gut: an open platform for citizen science microbiome research</text></passage><passage><infon key="fpage">3109</infon><infon key="lpage">3116</infon><infon key="name_0">surname:Maistrello;given-names:L</infon><infon key="name_1">surname:Dioli;given-names:P</infon><infon key="name_2">surname:Bariselli;given-names:M</infon><infon key="name_3">surname:Mazzoli;given-names:GL</infon><infon key="name_4">surname:Giacalone-Forini;given-names:I</infon><infon key="pub-id_doi">10.1007/s10530-016-1217-z</infon><infon key="section_type">REF</infon><infon key="source">Biol Invasions</infon><infon key="type">ref</infon><infon key="volume">18</infon><infon key="year">2016</infon><offset>8285</offset><text>Citizen science and early detection of invasive species: phenology of first occurrences of Halyomorpha halys in southern Europe</text></passage><passage><infon key="fpage">183</infon><infon key="lpage">189</infon><infon key="name_0">surname:Loyd;given-names:KAT</infon><infon key="name_1">surname:Hernandez;given-names:SM</infon><infon key="name_2">surname:Carroll;given-names:JP</infon><infon key="name_3">surname:Abernathy;given-names:KJ</infon><infon key="name_4">surname:Marshall;given-names:GJ</infon><infon key="pub-id_doi">10.1016/j.biocon.2013.01.008</infon><infon key="section_type">REF</infon><infon key="source">Biol Conserv</infon><infon key="type">ref</infon><infon key="volume">160</infon><infon key="year">2013</infon><offset>8413</offset><text>Quantifying free-roaming domestic cat predation using animal-borne video cameras</text></passage><passage><infon key="fpage">12549</infon><infon key="name_0">surname:Horowitz;given-names:S</infon><infon key="name_1">surname:Koepnick;given-names:B</infon><infon key="name_10">surname:Jain;given-names:N</infon><infon key="name_11">surname:Koldewey;given-names:P</infon><infon key="name_12">surname:Ahlstrom;given-names:LS</infon><infon key="name_13">surname:Chapman;given-names:MR</infon><infon key="name_14">surname:Sikkema;given-names:AP</infon><infon key="name_15">surname:Skiba;given-names:MA</infon><infon key="name_16">surname:Maloney;given-names:FP</infon><infon key="name_17">surname:Beinlich;given-names:FRM</infon><infon key="name_18">surname:Popović;given-names:Z</infon><infon key="name_19">surname:Baker;given-names:D</infon><infon key="name_2">surname:Martin;given-names:R</infon><infon key="name_20">surname:Khatib;given-names:F</infon><infon key="name_21">surname:Bardwell;given-names:JC</infon><infon key="name_3">surname:Tymieniecki;given-names:A</infon><infon key="name_4">surname:Winburn;given-names:AA</infon><infon key="name_5">surname:Cooper;given-names:S</infon><infon key="name_6">surname:Flatten;given-names:J</infon><infon key="name_7">surname:Rogawski;given-names:DS</infon><infon key="name_8">surname:Koropatkin;given-names:NM</infon><infon key="name_9">surname:Hailu;given-names:TT</infon><infon key="pub-id_doi">10.1038/ncomms12549</infon><infon key="pub-id_pmid">27633552</infon><infon key="section_type">REF</infon><infon key="source">Nat Commun</infon><infon key="type">ref</infon><infon key="volume">7</infon><infon key="year">2016</infon><offset>8494</offset><text>Determining crystal structures through crowdsourcing and coursework</text></passage><passage><infon key="fpage">77</infon><infon key="name_0">surname:Gupta;given-names:S</infon><infon key="name_1">surname:Palmer;given-names:C</infon><infon key="name_10">surname:Goddard;given-names:AD</infon><infon key="name_11">surname:Almonacid;given-names:DE</infon><infon key="name_12">surname:Zneimer;given-names:S</infon><infon key="name_13">surname:Richman;given-names:J</infon><infon key="name_14">surname:Apte;given-names:ZS</infon><infon key="name_2">surname:Bik;given-names:EM</infon><infon key="name_3">surname:Cardenas;given-names:JP</infon><infon key="name_4">surname:Nuñez;given-names:H</infon><infon key="name_5">surname:Kraal;given-names:L</infon><infon key="name_6">surname:Bird;given-names:SW</infon><infon key="name_7">surname:Bowers;given-names:J</infon><infon key="name_8">surname:Smith;given-names:A</infon><infon key="name_9">surname:Walton;given-names:NA</infon><infon key="pub-id_doi">10.3389/fpubh.2018.00077</infon><infon key="pub-id_pmid">29686981</infon><infon key="section_type">REF</infon><infon key="source">Front Public Health</infon><infon key="type">ref</infon><infon key="volume">6</infon><infon key="year">2018</infon><offset>8562</offset><text>Self-sampling for human papillomavirus testing: increased cervical cancer screening participation and incorporation in international screening programs</text></passage><passage><infon key="name_0">surname:McInnes;given-names:P</infon><infon key="name_1">surname:Cutting;given-names:M</infon><infon key="section_type">REF</infon><infon key="source">Manual of procedures for Human Microbiome Project. Core microbiome sampling, protocol A. HMP protocol no. 07-001, version 12.0</infon><infon key="type">ref</infon><infon key="year">2010</infon><offset>8714</offset></passage><passage><infon key="fpage">4516</infon><infon key="issue">Suppl 1</infon><infon key="lpage">4522</infon><infon key="name_0">surname:Caporaso;given-names:JG</infon><infon key="name_1">surname:Lauber;given-names:CL</infon><infon key="name_2">surname:Walters;given-names:WA</infon><infon key="name_3">surname:Berg-Lyons;given-names:D</infon><infon key="name_4">surname:Lozupone;given-names:CA</infon><infon key="name_5">surname:Turnbaugh;given-names:PJ</infon><infon key="name_6">surname:Fierer;given-names:N</infon><infon key="name_7">surname:Knight;given-names:R</infon><infon key="pub-id_doi">10.1073/pnas.1000080107</infon><infon key="pub-id_pmid">20534432</infon><infon key="section_type">REF</infon><infon key="source">Proc Natl Acad Sci U S A</infon><infon key="type">ref</infon><infon key="volume">108</infon><infon key="year">2011</infon><offset>8715</offset><text>Global patterns of 16S rRNA diversity at a depth of millions of sequences per sample</text></passage></document></collection>
