<?xml version="1.0" encoding="UTF-8"?>
<!DOCTYPE collection SYSTEM "BioC.dtd">
<collection><source>PMC</source><date>20201222</date><key>pmc.key</key><document><id>5961816</id><infon key="license">NO-CC CODE</infon><passage><infon key="article-id_pmc">5961816</infon><infon key="article-id_pmid">29888077</infon><infon key="article-id_publisher-id">2840533</infon><infon key="fpage">226</infon><infon key="license">This is an Open Access article: verbatim copying and redistribution of this article are permitted in all media for any purpose</infon><infon key="lpage">235</infon><infon key="name_0">surname:Wang;given-names:Jason K.</infon><infon key="name_1">surname:Schuler;given-names:Alejandro</infon><infon key="name_2">surname:Shah;given-names:Nigam H.</infon><infon key="name_3">surname:Baiocchi;given-names:Michael T. M.</infon><infon key="name_4">surname:Chen;given-names:Jonathan H.</infon><infon key="section_type">TITLE</infon><infon key="type">front</infon><infon key="volume">2018</infon><infon key="year">2018</infon><offset>0</offset><text>Inpatient Clinical Order Patterns Machine-Learned From Teaching Versus Attending-Only Medical Services</text></passage><passage><infon key="section_type">ABSTRACT</infon><infon key="type">abstract</infon><offset>103</offset><text>Clinical order patterns derived from data-mining electronic health records can be a valuable source of decision support content. However, the quality of crowdsourcing such patterns may be suspect depending on the population learned from. For example, it is unclear whether learning inpatient practice patterns from a university teaching service, characterized by physician-trainee teams with an emphasis on medical education, will be of variable quality versus an attending-only medical service that focuses strictly on clinical care. Machine learning clinical order patterns by association rule episode mining from teaching versus attending-only inpatient medical services illustrated some practice variability, but converged towards similar top results in either case. We further validated the automatically generated content by confirming alignment with external reference standards extracted from clinical practice guidelines.</text></passage><passage><infon key="section_type">INTRO</infon><infon key="type">title_1</infon><offset>1034</offset><text>Introduction</text></passage><passage><infon key="section_type">INTRO</infon><infon key="type">paragraph</infon><offset>1047</offset><text>Healthcare in the US often falls short of optimal, evidence-based care, with overall compliance with evidence-based guidelines ranging from 20-80%. Even with recent reforms, evidence-based medicine from randomized controlled trials cannot keep pace with the ever-growing breadth of clinical questions, with only 11% of guideline recommendations supported by high-quality evidence.  This variability and uncertainty in medical practice is further exacerbated by a medical knowledge base that is perpetually expanding beyond the cognitive capacity of any individual.  A clinician is thus left to synthesize vast streams of information in an attempt to make the best decision for each individual patient. As such, medical practice routinely relies on anecdotal experience and individual expert opinion.</text></passage><passage><infon key="section_type">INTRO</infon><infon key="type">paragraph</infon><offset>1847</offset><text>To address these issues, healthcare organizations have increasingly adopted clinical decision support (CDS) systems. CDS aims to reinforce best-practices by distributing knowledge-based content through order sets, templates, alerts, and prognosis scoring systems. Here we focus specifically on clinical orders (e.g. lab tests, medications, imaging exams) as concrete manifestations of point-of-care decision making. Computerized provider order entry (CPOE) typically occurs on an “a la carte” basis, where clinicians search for and select orders to trigger subsequent clinical actions (e.g. pharmacy dispensing and nurse administration of a medication, laboratory analysis of blood tests, consultation to a specialist). Because clinician memory and intuition can be error-prone, health system committees manually curate template order sets to distribute standard practice guidelines specific to a diagnosis or medical procedure. This top-down approach enables clinicians to draw clinical orders from pre-constructed, human-authored templates when treating common scenarios (e.g. pneumonia, stroke).</text></passage><passage><infon key="section_type">INTRO</infon><infon key="type">paragraph</infon><offset>2950</offset><text>Existing approaches to CDS increase consistency and compliance with best practices, but production of this content is limited in scale by a committee-driven, manual production process that oftentimes requires the collaboration of a multi-disciplinary team of physicians, nurses, and department heads. Once an order set is published and made available to clinicians, ongoing maintenance is required to keep it up to date with new evidence, technology, epidemiology, and culture.  As such, one of the “grand challenges” in CDS is to automatically generate content by data-mining clinical data sources from the bottom-up.  In the era of electronic health record (EHR) data, there is an opportunity to create a data-driven CDS system that leverages the aggregate expertise of many healthcare providers and automatically adapts to the ongoing stream of practice data.  This would fulfill the vision of a health system that continuously learns from real-world data and translates them into usable, point-of-care information for clinicians. Prior research into data-mining for decision support content includes association rules, Bayesian networks, and unsupervised clustering of clinical orders and diagnoses.  In our prior work, inspired by similar information retrieval problems, we developed a data-driven clinical order recommender engine  analogous to Netflix and Amazon.com’s “customers who bought A also bought B” system.  Our engine dynamically generates order recommendations based on real-world clinical practice patterns represented in EHR data.</text></passage><passage><infon key="section_type">INTRO</infon><infon key="type">paragraph</infon><offset>4511</offset><text>In psychology, the “wisdom of the crowd” phenomenon purports that the collective assessment of a group of non-expert individuals is generally as good as, if not better than, that of individual experts.  In the context of data-driven CDS for medical decision making, this translates to training machine-learning models on all available data, including patterns generated by clinicians of all levels of experience, rather than just a subset of data generated by the most experienced few. However, effective medical decision making and patient outcomes could conceivably be compromised if patterns are learned from less experienced fellows, residents, and medical students administering care. In fact, patient outcomes tend to worsen during end-of-year changeover when new, less experienced trainees enter the hospital.  This phenomenon gives rise to the concern over learning indiscriminately from the “wisdom of the crowd” when the crowd consists of both experienced attending physicians and teaching services that include trainees. Prior studies have examined the outcomes of specific procedures when trainees of differing levels of experience are involved in the patient care process, assessing metrics including readmission rates, mortality, procedural time, etc.  As we seek to evaluate emerging data-driven CDS systems, an essential step is understanding the implications of learning from clinical practices of varying experience and potentially of variable expertise and quality.</text></passage><passage><infon key="section_type">INTRO</infon><infon key="type">paragraph</infon><offset>6004</offset><text>In this study, we investigate how clinical orders learned from two distinct clinical settings, a university teaching versus an attending-only service, influence the alignment of clinical order patterns learned from data-mining EHR data to clinical practice guidelines.</text></passage><passage><infon key="section_type">METHODS</infon><infon key="type">title_1</infon><offset>6273</offset><text>Methods</text></passage><passage><infon key="section_type">METHODS</infon><infon key="type">paragraph</infon><offset>6281</offset><text>We extracted deidentified, structured patient data from the (Epic) electronic medical record for inpatient hospitalizations in 2013 at Stanford University Medical Center via the STRIDE clinical data warehouse.  The dataset covers patient encounters from their initial (emergency room) presentation until hospital discharge, comprising &gt;20,000 patients and &gt;6.7 million instances of &gt;23,000 distinct clinical data items.</text></passage><passage><infon key="section_type">METHODS</infon><infon key="type">title_1</infon><offset>6701</offset><text>Data Preparation</text></passage><passage><infon key="section_type">METHODS</infon><infon key="type">paragraph</infon><offset>6718</offset><text>The large majority of clinical items are medications, laboratory tests, imaging tests, and nursing orders, while non-order items include lab results, problem list entries, admission diagnosis ICD9 codes, and patient demographics on age, gender, and date of death. Medication data was normalized with RxNorm mappings  down to active ingredients and routes of administration. Numerical lab results were binned into categories based on “abnormal” flags established by the clinical laboratory, or being outside two standard deviations from the population mean. ICD9 codes were aggregated up to the three digit hierarchy to compress the sparsity of diagnosis categories; original detailed codes were retained if the diagnosis was sufficiently prevalent to be useful. Income levels were inferred from 2013 US census data by cross-referencing each patient’s zip code with the median household income in that region. These pre-processing steps enable us to model each patient as a timeline of clinical item event instances, with each instance mapping a clinical item to a patient at a discrete time point.</text></passage><passage><infon key="section_type">METHODS</infon><infon key="type">paragraph</infon><offset>7822</offset><text>With the clinical item instances following the 80/20 rule of a power law distribution, the majority of item types may be ignored with minimal information loss.  In this case, ignoring rare clinical items with &lt;64 occurrences (~0.004% all instances) reduces the distinct item count to ~12% of the original, while still capturing ~95% of the individual item instances. Removing rare items further avoids spurious results with insufficient data for reliable statistical inference. Common process orders (e.g., vital signs, notify MD, regular diet, transport patient, as well as most nursing and all PRN medications) were excluded, leaving just over 1,400 candidate clinical orders for consideration.</text></passage><passage><infon key="section_type">METHODS</infon><infon key="type">title_1</infon><offset>8519</offset><text>Cohort Selection</text></passage><passage><infon key="section_type">METHODS</infon><infon key="type">paragraph</infon><offset>8536</offset><text>Using patient provider information, we prepared two patient cohorts seen by distinct general medicine services: 1) a private attending-only service (n=1774) and 2) a university teaching service (n=3404). University teaching services emphasize both medical education and patient care, thus allowing trainees (e.g. medical students, residents, and fellows) to play an active role in deciding on and administering care plans alongside attendings, nurses, and physician assistants. Although trainees discuss high-level care plans with supervising physicians at least once a day, they are almost exclusively responsible for inputting clinical orders into the EHR system. In contrast, the attending-only service is run exclusively by board-certified physicians.</text></passage><passage><infon key="section_type">METHODS</infon><infon key="type">title_1</infon><offset>9292</offset><text>Propensity Score Matching</text></passage><passage><infon key="section_type">METHODS</infon><infon key="type">paragraph</infon><offset>9318</offset><text>The private attending-only and university teaching services are within the same hospital system with access to the same pool of resources. However, the private attending service exclusively accepts patients who see clinicians in a local private health plan, while the teaching service admits patients of all health plans, including a small number of uninsured. To minimize potential biases arising from this difference, we conducted propensity score matching to balance the two patient cohorts. Using demographic data (age, gender, ethnicity, income level), initial vital signs recorded before the onset of care (temperature, pulse, respiration), and existing diagnoses as covariates, we applied a logistic regression model to compute the probability p of each patient’s assignment to the attending-only cohort. The propensity score is then defined as the logit function . Caliper matching on the propensity score resulted in balanced cohorts of 1530 patients each. A caliper threshold of 0.18 was chosen based on 0.2 × σ where σ = the standard deviation across all propensity scores. </text></passage><passage><infon key="section_type">METHODS</infon><infon key="type">title_1</infon><offset>10412</offset><text>Association Rule Episode Mining</text></passage><passage><infon key="section_type">METHODS</infon><infon key="type">paragraph</infon><offset>10444</offset><text>For each patient P:</text></passage><passage><infon key="section_type">METHODS</infon><infon key="type">paragraph</infon><offset>10464</offset><text>For each item A that occurs for patient P at time tA:</text></passage><passage><infon key="section_type">METHODS</infon><infon key="type">paragraph</infon><offset>10518</offset><text>For each item B that occurs for patient P at time tB where tB&gt;=tA:</text></passage><passage><infon key="section_type">METHODS</infon><infon key="type">paragraph</infon><offset>10585</offset><text>If (P,A,tA) or (P,B,tB) not previously analyzed:</text></passage><passage><infon key="section_type">METHODS</infon><infon key="type">paragraph</infon><offset>10634</offset><text>If (tB-tA) &lt; = time Threshold and (P,A,B) newly encountered:</text></passage><passage><infon key="section_type">METHODS</infon><infon key="type">paragraph</infon><offset>10695</offset><text>Increment NAB,time Threshold</text></passage><passage><infon key="section_type">METHODS</infon><infon key="type">paragraph</infon><offset>10724</offset><text>Record (P,A,B) as previously encountered Record (P,A,tA) as previously analyzed</text></passage><passage><infon key="section_type">METHODS</infon><infon key="type">paragraph</infon><offset>10804</offset><text>Using the preprocessed data from patient encounters associated with an input patient cohort, we conducted association rule episode mining for clinical item pairs to capture historical clinician behavior. Our previously described clinical order recommender algorithm counts co-occurrences for all clinical item pairs occurring within 24 hours to build time-stratified item association matrices. For each pair of items A and B, the co-occurrence counts accumulated can be represented as NAB,t, the number of patients for whom item B follows A within time t, as illustrated by the pseudocode below. </text></passage><passage><infon key="section_type">METHODS</infon><infon key="type">paragraph</infon><offset>11401</offset><text>These counts are then used to populate 2x2 contingency tables to compute association statistics such as baseline prevalence, positive predictive value (PPV), relative risk (RR), odds ratio (OR), and P-value by chi-square test with Yates’ correction for each pair of clinical items. For a given query item (e.g. admission diagnosis), we generate a list of clinical item suggestions score-ranked by a specified association statistic. Score-ranking by PPV prioritizes orders that are likely to occur after the query items, while score-ranking by P-value for items with odds ratio &gt;1 prioritizes orders that are disproportionately associated with the query items.</text></passage><passage><infon key="section_type">METHODS</infon><infon key="type">paragraph</infon><offset>12063</offset><text>We trained two distinct association models either using patient encounters from the balanced attending-only or teaching service cohorts. We then generated a predicted order list ranked by PPV from each model for 6 common diagnoses: altered mental status (ICD9: 780), chest pain (ICD9: 786.5), gastrointestinal (GI) hemorrhage (ICD9: 578.9), heart failure (ICD9: 428), pneumonia (ICD9: 486), and syncope and collapse (ICD9: 780.2).</text></passage><passage><infon key="section_type">REF</infon><infon key="type">title_1</infon><offset>12494</offset><text>Guideline Reference Standard</text></passage><passage><infon key="section_type">REF</infon><infon key="type">paragraph</infon><offset>12523</offset><text>To develop an external reference standard for order quality, a board-certified internal medicine physician manually curated reference lists based on clinical practice guidelines available from the National Guideline Clearinghouse (www.guideline.gov) and PubMed that inform the inpatient management of altered mental status, chest pain, GI hemorrhage, heart failure, pneumonia, and syncope and collapse. The specific diagnoses were selected based on the existence of relevant guidelines and a significant quantity of clinical data examples. Candidate clinical orders were included in the reference standard based on whether a guideline text explicitly mentioned them as appropriate to consider (e.g., treating pneumonia with levofloxacin), or heavily implied them (e.g., bowel preps and NPO diet orders are implicitly necessary to fulfill explicitly recommended endoscopy procedures for GI bleeds).</text></passage><passage><infon key="section_type">REF</infon><infon key="type">title_1</infon><offset>13421</offset><text>Evaluation Metrics</text></passage><passage><infon key="section_type">REF</infon><infon key="type">paragraph</infon><offset>13440</offset><text>PPV-ranked predicted order lists were generated from both attending-only and teaching service association models. To assess the similarity between the two predicted order lists, traditional measures of list agreement like Kendall’s τ -metric are not ideal as they often require identically sized, finite lists, and weigh all list positions equivalently, neglecting rank-order. To compare ranked clinical order lists, we instead calculate their agreement by Rank Biased Overlap (RBO). RBO computes the average fraction of top items in common between two ordered list and is characterized by a “persistence” parameter p, the probability that an observer reviewing the top k items will continue to observe the (k+1)-th items. For our calculations, we used a default implementation parameter p of 0.98. This has the effect of geometrically weighting emphasis to the top of each list. RBO values range from 0.0 (no correlation or random list order) to 1.0 (perfect agreement of list order).</text></passage><passage><infon key="section_type">REF</infon><infon key="type">paragraph</infon><offset>14433</offset><text>To obtain a more objective measure of quality, we also compare each predicted order list against the corresponding guideline reference list using area under the receiver operating characteristic (ROC AUC = c-statistic) and precision and recall for the top K ranked items. Comparison of such metrics will determine whether attending-only and teaching service cohorts differ in their practice of guideline aligned medicine. Non-meaningful, small absolute differences may still yield “statistically significant” P values given sufficiently large data sizes; thus, we can judge clinical settings as being comparable if their c-statistics are “bioequivalent.” That is, if the 95% confidence interval for each cohort’s c-statistic falls within 80-125% of the other cohort’s c-statistic (definition from pharmacologic bioequivalence of generic versus brand drugs).</text></passage><passage><infon key="section_type">RESULTS</infon><infon key="type">title_1</infon><offset>15303</offset><text>Results</text></passage><passage><infon key="section_type">RESULTS</infon><infon key="type">paragraph</infon><offset>15311</offset><text>The post-matching standardized mean differences (SMD) and p-values computed using two-sample t-tests were &lt; 0.1 and &gt; 0.15, respectively, across all covariates, demonstrating a statistically insignificant difference between balanced attending-only and teaching service patient cohorts. Figure 1 shows the SMD of all 25 covariates before and after propensity score matching. Post-matching results indicate that matching was necessary and effective in balancing patient cohorts for a fair comparison with respect to measured covariates.</text></passage><passage><infon key="section_type">RESULTS</infon><infon key="type">paragraph</infon><offset>15846</offset><text>Table 1 illustrates examples of the top clinical orders predicted by our recommender engine for an admission diagnosis of pneumonia and altered mental status trained separately on each patient cohort. The predicted order lists for pneumonia corroborate on several top clinical items including intravenous administration of levofloxacin, a drug commonly used to treat bacterial infections, and blood cultures to detect pathogens in the bloodstream. Likewise, the two predicted order lists for altered mental status agree on conducting a CT scan of thepatient’s head as well as a screening of blood, urine, or other body samples to investigate the patient’s usage of certain drugs. To assess the similarity between order lists outputted from the attending-only and teaching service association models while still capturing the score-based ranking within each list, we use RBO. RBO values of ~0.7 for all 6 common diagnosis shown in Table 2 demonstrate strong agreement between each pair of predicted order lists. Figure 2 shows ROC curves generated for the 6 admission diagnoses. Each plot reports 3 order lists compared against the guideline reference standard, corresponding to 3 curves: attending-only predicted orders, teaching service predicted orders, and the real-world pre-authored order set manually curated by Stanford University’s Medical Center serving as a benchmark. Pre-authored order sets have no inherent ranking or scoring system to convey relative importance and are thus depicted as a single discrete point on the ROC curve. Area-under-curve (AUC) is reported as c-statistics with 95% confidence intervals empirically estimated by bootstrap resampling with replacement 1000 times. Figure 3 depicts recommendation accuracy for an increasing number of K items considered, illustrating the tradeoff between precision and recall.</text></passage><passage><infon key="section_type">DISCUSS</infon><infon key="type">title_1</infon><offset>17696</offset><text>Discussion</text></passage><passage><infon key="section_type">DISCUSS</infon><infon key="type">paragraph</infon><offset>17707</offset><text>In Table 1, we see that the top clinical orders predicted by attending-only and teaching service association models corroborate on several key items (e.g. levofloxacin, blood culture, CT head, etc.). Although the specific rankings and association statistics vary, as a discrete ranked list the order predictions yield comparable c-statistics (AUC) against the guideline reference standard with 95% confidence intervals satisfying the definition of “bioequivalence” across the 6 admission diagnoses (Figure 2). Both association models outperform hospital order sets for 5 of the 6 diagnoses, with P&lt;10-100 for all differences between predicted and benchmark c-statistics. In the case of heart failure, the teaching service model performed marginally worse. This instability can be attributed to small data size (n=38 for teaching service patients admitted under heart failure in 2013). In comparison, the teaching service cohort has substantially more (n&gt;100) patients admitted for each of the 5 other diagnoses. Notably, in this hospital’s teaching setting, heart failure patients are largely separated to a specialized heart failure teaching service away from the general medicine teaching service we investigate in this study. Thus, the distribution of patients and order patterns fed into the recommender algorithm may only capture an unusually distinct subset of heart failure admissions. In comparing the similarity between order lists predicted by the two patient cohorts, we see strong average overlap as indicated by RBO values of ~0.7 in Table 2. In relation to a prior study, the attending-only and teaching service order lists across all 6 diagnoses share higher RBO values (greater stability and overlap) than learned order lists for 43 common admission diagnoses compared over time (e.g. order lists generated from 2009 versus 2012 EHR data). Precision and recall curves at varying values of K in Figure 3 pay particular attention to the top items that a clinician user could realistically be expected to review in a CPOE system. In the case of gastrointestinal hemorrhage and chest pain, we see that attending-only and teaching service order lists achieve greater recall and precision particularly at small values of K. These results support the argument that aggregating clinical order patterns from teaching services characterized by physician-trainee teams and attending-only services characterized exclusively by board-certified physicians will converge towards comparable top results as both cohorts share a common end goal of patient care. This study is an important step in addressing the concern of training machine-learning models on the the aggregate wisdom of clinicians, when the clinical setting contains both trainees and more experienced physicians.</text></passage><passage><infon key="section_type">DISCUSS</infon><infon key="type">paragraph</infon><offset>20492</offset><text>Although propensity score matching was conducted to minimize the influence of confounding covariates recorded in EHR data, reducing the SMD between all recorded covariates to &lt;0.1 as shown in Figure 1, learned clinical order patterns can be influenced by undocumented biases, not explicitly accounted for in demographic data, past medical history, or initial vital signs. In particular, existing hospital order sets are provided as a resource for clinicians to utilize. Automated association models may simply recapitulate the pre-authored order set templates in lieu of truly capturing individual clinical practice patterns. However, only 15% of all clinical orders recorded in the STRIDE dataset were input as part of an orderset. Furthermore, in a supplementary sensitivity analysis, we compared association models trained with and without items input as part of hospital order sets for altered mental status, chest pain, and pneumonia. The resultant ROC curves were largely indistinguishable, providing reassurance that the learned practice patterns were not overly sensitive to or undermined by physicians using pre-existing order set templates. Propensity score matching was conducted on the full attending-only and teaching service patient cohorts. However, when given a query diagnosis (e.g. pneumonia), the clinical recommender engine considers only co-occurrence counts and subsequent association statistics between the specific diagnosis and all other candidate clinical items. Thus, even though the cohorts are balanced with respect to all patients, the subset of patients with a specific diagnosis may not be. Propensity score matching between the two cohorts on a per-diagnosis basis would further reduce potential bias.</text></passage><passage><infon key="section_type">DISCUSS</infon><infon key="type">paragraph</infon><offset>22227</offset><text>In our previous work, we already demonstrated that these methods can accurately predict real-world clinical practice patterns. However, a fair concern is whether real-world practices are synonymous with preferred ones. With the variability and uncertainty of medical practice, it can be perilous to define a gold standard to assess medical decision making. An important contribution of this study is that we evaluate our association models against an external reference standard of clinical practice guidelines to more closely align with patient outcomes and clinical trial evidence. The practice pattern learning methods easily extend to more varied clinical scenarios, but would not be appropriate for this study setting as we specifically focused on admission diagnoses with existing clinical practice guidelines and hospital order sets to enable our benchmark evaluations. Even clinical practice guidelines from trusted sources (e.g. National Guideline Clearinghouse) are published in the form of non-prescriptive clinical text that is deliberately open to interpretation. In this study, guideline reference standards were extracted by a single physician. To improve robustness of the curation process, reference standards can be generated by adjudicating lists generated by multiple physicians independently reviewing clinical practice literature. With the emergence of data-driven CDS systems rooted in machine-learning, it will become increasingly important to advance similar learning and evaluation methods as here for curating standard references for decision making quality. Indeed, clinical practice guidelines are imperfect. The fact that a clinical order was not mentioned in a guideline does not indicate it is an incorrect medical decision. However, defining “appropriate” orders for a given admission diagnoses is nearly impossible in the general case as there is no gold standard in medicine. As such, in this study and in future work, we seek to introduce a variety of different perspectives to evaluate machine-generated clinical order suggestions. Here, we ask whether experienced clinicians yield different practice patterns than trainees by comparing practice patterns learned from two distinct clinical settings. In future work, we focus on concrete patient outcomes by evaluating practice patterns learned from clinicians with substantially higher or lower observed versus expected patient mortality rates.</text></passage><passage><infon key="section_type">CONCL</infon><infon key="type">title_1</infon><offset>24663</offset><text>Conclusion</text></passage><passage><infon key="section_type">CONCL</infon><infon key="type">paragraph</infon><offset>24674</offset><text>When extracting patterns from the ongoing stream of practice data made available in EHR systems at academic hospitals, we are implicitly accepting the decision making of less experienced trainees alongside more experienced clinicians. Clinical order recommender systems trained on distinct patient cohorts, one seen exclusively by an attending-only service and the other seen by a teaching service characterized by physician-trainee teams, yield comparable top aggregate results that align with clinical practice guidelines as well as if not better than manually curated decision support content.</text></passage><passage><infon key="section_type">REF</infon><infon key="type">title</infon><offset>25271</offset><text>References</text></passage><passage><infon key="comment">ISBN 0309072808</infon><infon key="name_0">surname:Richardson;given-names:WC</infon><infon key="name_1">surname:Berwick;given-names:DM</infon><infon key="name_2">surname:Bisgard;given-names:JC</infon><infon key="section_type">REF</infon><infon key="source">National Academy Press</infon><infon key="type">ref</infon><infon key="year">2001</infon><offset>25282</offset><text>Crossing the Quality Chasm: A New Health System for the 21st Century</text></passage><passage><infon key="fpage">831</infon><infon key="lpage">841</infon><infon key="name_0">surname:Tricoci;given-names:P</infon><infon key="name_1">surname:Allen;given-names:JM</infon><infon key="name_2">surname:Kramer;given-names:JM</infon><infon key="pub-id_pmid">19244190</infon><infon key="section_type">REF</infon><infon key="source">JAMA</infon><infon key="type">ref</infon><infon key="year">2009</infon><offset>25351</offset><text>Scientific evidence underlying the ACC/AHA clinical practice guidelines</text></passage><passage><infon key="fpage">773</infon><infon key="lpage">775</infon><infon key="name_0">surname:Durack;given-names:DT</infon><infon key="pub-id_pmid">342963</infon><infon key="section_type">REF</infon><infon key="source">N. Engl. J. Med</infon><infon key="type">ref</infon><infon key="year">1978</infon><offset>25423</offset><text>The weight of medical knowledge</text></passage><passage><infon key="fpage">1409</infon><infon key="lpage">1415</infon><infon key="name_0">surname:Kaushal;given-names:R</infon><infon key="name_1">surname:Shojania;given-names:KG</infon><infon key="name_2">surname:Bates;given-names:DW</infon><infon key="pub-id_pmid">12824090</infon><infon key="section_type">REF</infon><infon key="source">Arch Intern Med</infon><infon key="type">ref</infon><infon key="year">2003</infon><offset>25455</offset><text>Effects of computerized physician order entry and clinical decision support systems on medication safety: a systematic review</text></passage><passage><infon key="fpage">765</infon><infon key="name_0">surname:Kawamoto;given-names:K</infon><infon key="name_1">surname:Houlihan;given-names:CA</infon><infon key="name_2">surname:Balas;given-names:EA</infon><infon key="section_type">REF</infon><infon key="source">BMJ</infon><infon key="type">ref</infon><infon key="year">2005</infon><offset>25581</offset><text>Improving clinical practice using clinical decision support systems: a systematic review of trials to identify features critical to success</text></passage><passage><infon key="fpage">1</infon><infon key="lpage">10</infon><infon key="name_0">surname:Ballard;given-names:DW</infon><infon key="name_1">surname:Kim;given-names:AS</infon><infon key="name_2">surname:Huang;given-names:J</infon><infon key="section_type">REF</infon><infon key="source">Ann. Emerg. Med</infon><infon key="type">ref</infon><infon key="year">2015</infon><offset>25721</offset><text>Implementation of Computerized Physician Order Entry Is Associated With Increased Thrombolytic Administration for Emergency Department Patients With Acute Ischemic Stroke</text></passage><passage><infon key="fpage">155</infon><infon key="lpage">161</infon><infon key="name_0">surname:Ballesca;given-names:MA</infon><infon key="name_1">surname:LaGuardia;given-names:JC</infon><infon key="name_2">surname:Lee;given-names:PC</infon><infon key="pub-id_pmid">24493376</infon><infon key="section_type">REF</infon><infon key="source">J. Hosp. Med</infon><infon key="type">ref</infon><infon key="year">2014</infon><offset>25892</offset><text>An electronic order set for acute myocardial infarction is associated with improved patient outcomes through better adherence to clinical practice guidelines</text></passage><passage><infon key="fpage">109</infon><infon key="lpage">115</infon><infon key="name_0">surname:Hripcsak;given-names:G</infon><infon key="name_1">surname:Albers;given-names:DJ</infon><infon key="name_2">surname:Perotte;given-names:A</infon><infon key="section_type">REF</infon><infon key="source">J. Am. Med. Informatics Assoc</infon><infon key="type">ref</infon><infon key="year">2011</infon><offset>26050</offset><text>Exploiting time in electronic health record correlations</text></passage><passage><infon key="fpage">387</infon><infon key="lpage">392</infon><infon key="name_0">surname:Sittig;given-names:DF</infon><infon key="name_1">surname:Wright;given-names:A</infon><infon key="name_2">surname:Osheroff;given-names:JA</infon><infon key="pub-id_pmid">18029232</infon><infon key="section_type">REF</infon><infon key="source">J Biomed Inform</infon><infon key="type">ref</infon><infon key="year">2008</infon><offset>26107</offset><text>Grand challenges in clinical decision support</text></passage><passage><infon key="fpage">1229</infon><infon key="lpage">1235</infon><infon key="name_0">surname:Longhurst;given-names:C</infon><infon key="name_1">surname:Harrington;given-names:R</infon><infon key="name_2">surname:Shah;given-names:NH</infon><infon key="section_type">REF</infon><infon key="source">Health Aff</infon><infon key="type">ref</infon><infon key="year">2014</infon><offset>26153</offset><text>A “Green Button” For Using Aggregate Patient Data At The Point Of Care</text></passage><passage><infon key="fpage">25</infon><infon key="lpage">33</infon><infon key="name_0">surname:Doddi;given-names:S</infon><infon key="name_1">surname:Marathe;given-names:A</infon><infon key="name_2">surname:Ravi;given-names:SS</infon><infon key="pub-id_pmid">11583406</infon><infon key="section_type">REF</infon><infon key="source">Med. Inform. Internet Med</infon><infon key="type">ref</infon><infon key="year">2001</infon><offset>26228</offset><text>Discovery of association rules in medical data</text></passage><passage><infon key="fpage">387</infon><infon key="lpage">91</infon><infon key="name_0">surname:Klann;given-names:J</infon><infon key="name_1">surname:Schadow;given-names:G</infon><infon key="name_2">surname:Downs;given-names:SM</infon><infon key="pub-id_pmid">21347006</infon><infon key="section_type">REF</infon><infon key="source">AMIA Annu. Symp. Proc</infon><infon key="type">ref</infon><infon key="year">2010</infon><offset>26275</offset><text>A method to compute treatment suggestions from local order entry data</text></passage><passage><infon key="fpage">333</infon><infon key="lpage">7</infon><infon key="name_0">surname:Klann;given-names:J</infon><infon key="name_1">surname:Schadow;given-names:G</infon><infon key="name_2">surname:McCoy;given-names:JM</infon><infon key="pub-id_pmid">20351875</infon><infon key="section_type">REF</infon><infon key="source">AMIA Annu. Symp. Proc</infon><infon key="type">ref</infon><infon key="year">2009</infon><offset>26345</offset><text>A recommendation algorithm for automating corollary order generation</text></passage><passage><infon key="fpage">819</infon><infon key="lpage">823</infon><infon key="name_0">surname:Wright;given-names:A</infon><infon key="name_1">surname:Sittig;given-names:DF</infon><infon key="pub-id_pmid">17238455</infon><infon key="section_type">REF</infon><infon key="source">AMIA Annu. Symp. Proc</infon><infon key="type">ref</infon><infon key="year">2006</infon><offset>26414</offset><text>Automated development of order sets and corollary orders by data mining in an ambulatory computerized physician order entry system</text></passage><passage><infon key="fpage">304</infon><infon key="lpage">311</infon><infon key="name_0">surname:Zhang;given-names:Y</infon><infon key="name_1">surname:Padman;given-names:R</infon><infon key="name_2">surname:Levin;given-names:JE</infon><infon key="section_type">REF</infon><infon key="source">J. Am. Med. Inform. Assoc</infon><infon key="type">ref</infon><infon key="year">2014</infon><offset>26545</offset><text>Paving the COWpath: data-driven design of pediatric order sets</text></passage><passage><infon key="fpage">84</infon><infon key="lpage">93</infon><infon key="name_0">surname:Klann;given-names:JG</infon><infon key="name_1">surname:Szolovits;given-names:P</infon><infon key="name_2">surname:Downs;given-names:SM</infon><infon key="section_type">REF</infon><infon key="source">J. Biomed. Inform</infon><infon key="type">ref</infon><infon key="year">2014</infon><offset>26608</offset><text>Decision support from local data: creating adaptive order menus from past clinician behavior</text></passage><passage><infon key="fpage">73</infon><infon key="lpage">80</infon><infon key="name_0">surname:Wright;given-names:AP</infon><infon key="name_1">surname:Wright;given-names:AT</infon><infon key="name_2">surname:McCoy;given-names:AB</infon><infon key="section_type">REF</infon><infon key="source">J. Biomed. Inform</infon><infon key="type">ref</infon><infon key="year">2014</infon><offset>26701</offset><text>The use of sequential pattern mining to predict next prescribed medications</text></passage><passage><infon key="fpage">891</infon><infon key="lpage">901</infon><infon key="name_0">surname:Wright;given-names:A</infon><infon key="name_1">surname:Chen;given-names:ES</infon><infon key="name_2">surname:Maloney;given-names:FL</infon><infon key="pub-id_pmid">20884377</infon><infon key="section_type">REF</infon><infon key="source">J. Biomed. Inform</infon><infon key="type">ref</infon><infon key="year">2010</infon><offset>26777</offset><text>An automated technique for identifying associations between medications, laboratory results and problems</text></passage><passage><infon key="fpage">339</infon><infon key="lpage">348</infon><infon key="name_0">surname:Chen;given-names:JH</infon><infon key="name_1">surname:Podchiyska;given-names:T</infon><infon key="name_2">surname:Altman;given-names:RB</infon><infon key="section_type">REF</infon><infon key="source">J Am Med Informatics Assoc</infon><infon key="type">ref</infon><infon key="year">2016</infon><offset>26882</offset><text>OrderRex: Clinical order decision support and outcome predictions by data-mining electronic medical records</text></passage><passage><infon key="fpage">76</infon><infon key="lpage">80</infon><infon key="name_0">surname:Linden;given-names:G</infon><infon key="name_1">surname:Smith;given-names:B</infon><infon key="name_2">surname:York;given-names:J</infon><infon key="section_type">REF</infon><infon key="source">IEEE Internet Comput</infon><infon key="type">ref</infon><infon key="year">2003</infon><offset>26990</offset><text>Amazon.com recommendations: item-to-item collaborative filtering</text></passage><passage><infon key="comment">ISBN 0385503865</infon><infon key="name_0">surname:Surowiecki;given-names:J</infon><infon key="section_type">REF</infon><infon key="source">Doubleday</infon><infon key="type">ref</infon><infon key="year">2004</infon><offset>27055</offset><text>The wisdom of crowds: why the many are smarter than the few and how collective wisdom shapes business, economies, societies, and nations</text></passage><passage><infon key="fpage">309</infon><infon key="lpage">315</infon><infon key="name_0">surname:Young;given-names:JQ</infon><infon key="name_1">surname:Ranji;given-names:SR</infon><infon key="name_2">surname:Wächter;given-names:RM</infon><infon key="pub-id_pmid">21747093</infon><infon key="section_type">REF</infon><infon key="source">Ann Intern Med</infon><infon key="type">ref</infon><infon key="year">2011</infon><offset>27192</offset><text>“July effect”: Impact of the academic year-end changeover on patient outcomes</text></passage><passage><infon key="fpage">1</infon><infon key="lpage">7</infon><infon key="name_0">surname:Igwe;given-names:E</infon><infon key="name_1">surname:Hernandez;given-names:E</infon><infon key="name_2">surname:Rose;given-names:S</infon><infon key="section_type">REF</infon><infon key="source">Am J Obstet Gynecol</infon><infon key="type">ref</infon><infon key="year">2014</infon><offset>27274</offset><text>Resident participation in laparoscopic hysterectomy: impact of trainee involvement on operative times and surgical outcomes</text></passage><passage><infon key="fpage">162</infon><infon key="name_0">surname:Shaikh;given-names:T</infon><infon key="name_1">surname:Wang;given-names:L</infon><infon key="name_2">surname:Ruth;given-names:K</infon><infon key="section_type">REF</infon><infon key="source">Brachytherapy</infon><infon key="type">ref</infon><infon key="volume">156</infon><infon key="year">2016</infon><offset>27398</offset><text>The impact of trainee involvement on outcomes in low-dose-rate brachytherapy for prostate cancer</text></passage><passage><infon key="fpage">391</infon><infon key="lpage">395</infon><infon key="name_0">surname:Lowe;given-names:HJ</infon><infon key="name_1">surname:Ferris;given-names:TA</infon><infon key="name_2">surname:Hernandez;given-names:PM</infon><infon key="section_type">REF</infon><infon key="source">In AMIA Annu Symp Proc</infon><infon key="type">ref</infon><infon key="year">2009</infon><offset>27495</offset><text>STRIDE--An integrated standards-based translational research informatics platform</text></passage><passage><infon key="fpage">244</infon><infon key="lpage">248</infon><infon key="name_0">surname:Hernandez;given-names:P</infon><infon key="name_1">surname:Podchiyska;given-names:T</infon><infon key="name_2">surname:Weber;given-names:S</infon><infon key="pub-id_pmid">20351858</infon><infon key="section_type">REF</infon><infon key="source">AMIA Annu. Symp. Proc</infon><infon key="type">ref</infon><infon key="year">2009</infon><offset>27577</offset><text>Automated mapping of pharmacy orders from two electronic health record systems to RxNorm within the STRIDE clinical data warehouse</text></passage><passage><infon key="fpage">32</infon><infon key="lpage">37</infon><infon key="name_0">surname:Wright;given-names:A</infon><infon key="name_1">surname:Bates;given-names:DW</infon><infon key="pub-id_pmid">21991298</infon><infon key="section_type">REF</infon><infon key="source">Appl. Clin. Inform</infon><infon key="type">ref</infon><infon key="year">2010</infon><offset>27708</offset><text>Distribution of problems, medications and lab results in electronic health records: the pareto principle at work</text></passage><passage><infon key="fpage">150</infon><infon key="lpage">161</infon><infon key="name_0">surname:Austin;given-names:PC</infon><infon key="pub-id_pmid">20925139</infon><infon key="section_type">REF</infon><infon key="source">Pharm Stat</infon><infon key="type">ref</infon><infon key="year">2011</infon><offset>27821</offset><text>Optimal caliper widths for propensity-score matching when estimating differences in means and differences in proportions in observational studies</text></passage><passage><infon key="fpage">206</infon><infon key="lpage">210</infon><infon key="name_0">surname:Chen;given-names:JH</infon><infon key="name_1">surname:Altman;given-names:RB</infon><infon key="pub-id_pmid">25717414</infon><infon key="section_type">REF</infon><infon key="source">AMIA Jt. Summits Transl. Sci. Proc.</infon><infon key="type">ref</infon><infon key="year">2014</infon><offset>27967</offset><text>Automated physician order recommendations and outcome predictions by data-mining electronic medical records</text></passage><passage><infon key="fpage">270</infon><infon key="lpage">277</infon><infon key="name_0">surname:Xiao;given-names:H</infon><infon key="name_1">surname:Wang;given-names:Y</infon><infon key="name_2">surname:Xu;given-names:T</infon><infon key="pub-id_pmid">25215076</infon><infon key="section_type">REF</infon><infon key="source">World J. Emerg. Med.</infon><infon key="type">ref</infon><infon key="year">2012</infon><offset>28075</offset><text>Evaluation and treatment of altered mental status patients in the emergency department: Life in the fast lane</text></passage><passage><infon key="fpage">974</infon><infon key="lpage">978</infon><infon key="name_0">surname:Skinner;given-names:JS</infon><infon key="name_1">surname:Smeeth;given-names:L</infon><infon key="name_2">surname:Kendall;given-names:JM</infon><infon key="pub-id_pmid">20538674</infon><infon key="section_type">REF</infon><infon key="source">Heart</infon><infon key="type">ref</infon><infon key="year">2010</infon><offset>28185</offset><text>NICE guidance. Chest pain of recent onset: assessment and diagnosis of recent onset chest pain or discomfort of suspected cardiac origin</text></passage><passage><infon key="fpage">340</infon><infon key="name_0">surname:Cooper;given-names:A</infon><infon key="name_1">surname:Timmis;given-names:A</infon><infon key="name_2">surname:Skinner;given-names:J</infon><infon key="section_type">REF</infon><infon key="source">BMJ</infon><infon key="type">ref</infon><infon key="year">2010</infon><offset>28322</offset><text>Assessment of recent onset chest pain or discomfort of suspected cardiac origin: summary of NICE guidance</text></passage><passage><infon key="fpage">8</infon><infon key="lpage">13</infon><infon key="section_type">REF</infon><infon key="type">ref</infon><infon key="year">2011</infon><offset>28428</offset><text>Radiologic Management of Lower Gastrointestinal Bleeding</text></passage><passage><infon key="fpage">345</infon><infon key="lpage">360</infon><infon key="name_0">surname:Laine;given-names:L</infon><infon key="name_1">surname:Jensen;given-names:DM</infon><infon key="pub-id_pmid">22310222</infon><infon key="section_type">REF</infon><infon key="source">Am J Gastroenterol</infon><infon key="type">ref</infon><infon key="year">2012</infon><offset>28485</offset><text>Management of patients with ulcer bleeding</text></passage><passage><infon key="section_type">REF</infon><infon key="type">ref</infon><infon key="year">2012</infon><offset>28528</offset><text>Acute upper gastrointestinal bleeding: management</text></passage><passage><infon key="section_type">REF</infon><infon key="type">ref</infon><infon key="year">2014</infon><offset>28578</offset><text>Acute heart failure: diagnosis and management management</text></passage><passage><infon key="fpage">240</infon><infon key="lpage">327</infon><infon key="name_0">surname:Yancy;given-names:CW</infon><infon key="name_1">surname:Jessup;given-names:M</infon><infon key="name_2">surname:Bozkurt;given-names:B</infon><infon key="pub-id_pmid">23250981</infon><infon key="section_type">REF</infon><infon key="source">Circulation</infon><infon key="type">ref</infon><infon key="year">2013</infon><offset>28635</offset><text>2013 ACCF/AHA Guideline for the Management of Heart Failure: A Report of the American College of Cardiology Foundation/American Heart Association Task Force on Practice Guidelines</text></passage><passage><infon key="fpage">27</infon><infon key="lpage">72</infon><infon key="name_0">surname:Mandell;given-names:L</infon><infon key="name_1">surname:Wunderink;given-names:RG</infon><infon key="name_2">surname:Anzueto;given-names:A</infon><infon key="section_type">REF</infon><infon key="source">Clin Infect Dis</infon><infon key="type">ref</infon><infon key="year">2007</infon><offset>28815</offset><text>Infectious Diseases Society of America/American Thoracic Society consensus guidelines on the management of community-acquired pneumonia in adults</text></passage><passage><infon key="fpage">55</infon><infon key="name_0">surname:Lim;given-names:WS</infon><infon key="name_1">surname:Baudouin;given-names:SV</infon><infon key="name_2">surname:George;given-names:RC</infon><infon key="section_type">REF</infon><infon key="source">BMJ Thorax</infon><infon key="type">ref</infon><infon key="volume">64</infon><infon key="year">2009</infon><offset>28961</offset><text>BTS guidelines for the management of community acquired pneumonia in adults: update 2009</text></passage><passage><infon key="fpage">2631</infon><infon key="lpage">2671</infon><infon key="name_0">surname:Moya;given-names:A</infon><infon key="name_1">surname:Sutton;given-names:R</infon><infon key="name_2">surname:Ammirati;given-names:F</infon><infon key="pub-id_pmid">19713422</infon><infon key="section_type">REF</infon><infon key="source">Eur. Heart J.</infon><infon key="type">ref</infon><infon key="year">2009</infon><offset>29050</offset><text>Guidelines for the diagnosis and management of syncope</text></passage><passage><infon key="fpage">81</infon><infon key="lpage">93</infon><infon key="name_0">surname:Kendall;given-names:MG</infon><infon key="section_type">REF</infon><infon key="source">Biometrika</infon><infon key="type">ref</infon><infon key="volume">30</infon><infon key="year">1938</infon><offset>29105</offset><text>A New Measure of Rank Correlation</text></passage><passage><infon key="fpage">1</infon><infon key="lpage">38</infon><infon key="name_0">surname:Webber;given-names:W</infon><infon key="name_1">surname:Moffat;given-names:A</infon><infon key="name_2">surname:Zobel;given-names:J</infon><infon key="section_type">REF</infon><infon key="source">ACM Trans. Inf. Syst.</infon><infon key="type">ref</infon><infon key="year">2010</infon><offset>29139</offset><text>A similarity measure for indefinite rankings</text></passage><passage><infon key="fpage">23</infon><infon key="section_type">REF</infon><infon key="type">ref</infon><infon key="year">2003</infon><offset>29184</offset><text>General Considerations</text></passage><passage><infon key="name_0">surname:Chen;given-names:JH</infon><infon key="name_1">surname:Goldstein;given-names:MK</infon><infon key="name_2">surname:Asch;given-names:SM</infon><infon key="section_type">REF</infon><infon key="source">Pac Symp Biocomput</infon><infon key="type">ref</infon><infon key="year">2016</infon><offset>29207</offset><text>Dynamically evolving clinical practices and implications for predicting medical decisions</text></passage><passage><infon key="file">2840533f1.jpg</infon><infon key="id">f1-2840533</infon><infon key="section_type">FIG</infon><infon key="type">fig_caption</infon><offset>29297</offset><text>The standardized mean difference (SMD) between attending-only and teaching service cohorts across 25 covariates spanning demographic data, initial vital signs, and existing diagnoses. For a given covariate, the SMD is defined as the difference between the mean value for each cohort divided by the pooled standard deviation.</text></passage><passage><infon key="file">2840533f2.jpg</infon><infon key="id">f2-2840533</infon><infon key="section_type">FIG</infon><infon key="type">fig_caption</infon><offset>29622</offset><text>ROC plots for the 6 common diagnoses. Each plot compares an order set authored by the hospital and automated predictions from attending-only and teaching service association models against the guideline reference standard. In all cases excluding heart failure, both model-predicted order lists show substantially larger c-statistics than the respective order set benchmark. As the manually-curated hospital order set has no inherent ranking, it is plotted as a single point in which all order set items are considered.</text></passage><passage><infon key="file">2840533f3.jpg</infon><infon key="id">f3-2840533</infon><infon key="section_type">FIG</infon><infon key="type">fig_caption</infon><offset>30141</offset><text>Precision (top) and recall (bottom) curves for 3 common diagnoses: pneumonia (ICD9: 486), gastrointestinal hemorrhage (ICD9: 578.9), and chest pain (ICD9: 786.5). Prediction accuracy (precision or recall) for predicting guideline reference orders is shown as a function of the top K recommendations considered (up to 250) using PPV as the scoring metric. Data labels are added for K = 10 and nO = number of items in the respective hospital order set. nO = 52, 43, and 32 for pneumonia, gastrointestinal hemorrhage, and chest pain, respectively. As the manually-curated hospital order set has no inherent ranking, orders are randomly sampled with replacement from the order set as the curve progresses from left to right.</text></passage><passage><infon key="file"></infon><infon key="id">t1-2840533</infon><infon key="section_type">TABLE</infon><infon key="type">table_caption</infon><offset>30862</offset><text>Top five ranked clinical order associations for pneumonia (ICD9: 486) (top) and altered mental status (ICD9: 780) (bottom) predicted by attending-only and teaching service trained models sorted by P-value calculated by Yates’ chi-squared statistic. Additional association statistics (e.g. baseline prevalence, PPV, RR) and a column denoting the presence or absence of the predicted item in the corresponding human-authored hospital order set or guideline reference standard are also included. Items with a baseline prevalence &lt;1% are excluded to avoid statistically spurious results and ensure computationally tractable association rule episode mining. Each item represents a clinical order that a clinician can request through a CPOE system. An automated order set can be curated by selecting the top K ranked clinical orders.</text></passage><passage><infon key="file"></infon><infon key="id">t2-2840533</infon><infon key="section_type">TABLE</infon><infon key="type">table_caption</infon><offset>31692</offset><text>Rank Biased Overlap (RBO) computed between attending-only and teaching service order lists, score-ranked by PPV, predicted for 6 common diagnoses: altered mental status (ICD9: 780), chest pain (ICD9: 786.5), gastrointestinal (GI) hemorrhage (ICD9: 578.9), heart failure (ICD9: 428), pneumonia (ICD9: 486), and syncope and collapse (ICD9: 780.2). RBO computes the average fraction of top items in common, geometrically weighting all 1468 or 1474 candidate clinical order items based on a scoring metric (e.g. PPV) for the attending-only and teaching service cohorts, respectively. RBO values of ~0.7 indicate strong overlap between order lists generated by the two cohorts.</text></passage></document></collection>
