<?xml version="1.0" encoding="UTF-8"?>
<!DOCTYPE collection SYSTEM "BioC.dtd">
<collection><source>PMC</source><date>20201221</date><key>pmc.key</key><document><id>6094455</id><infon key="license">CC BY</infon><passage><infon key="article-id_doi">10.1186/s12879-018-3322-3</infon><infon key="article-id_pmc">6094455</infon><infon key="article-id_pmid">30111305</infon><infon key="article-id_publisher-id">3322</infon><infon key="elocation-id">403</infon><infon key="kwd">Community-based participatory research Crowd-sourcing Digital disease detection Influenza Public health informatics Public health surveillance</infon><infon key="license">Open AccessThis article is distributed under the terms of the Creative Commons Attribution 4.0 International License (http://creativecommons.org/licenses/by/4.0/), which permits unrestricted use, distribution, and reproduction in any medium, provided you give appropriate credit to the original author(s) and the source, provide a link to the Creative Commons license, and indicate if changes were made. The Creative Commons Public Domain Dedication waiver (http://creativecommons.org/publicdomain/zero/1.0/) applies to the data made available in this article, unless otherwise stated.</infon><infon key="name_0">surname:Baltrusaitis;given-names:Kristin</infon><infon key="name_1">surname:Brownstein;given-names:John S.</infon><infon key="name_10">surname:Baltrusaitis;given-names:Kristin</infon><infon key="name_2">surname:Scarpino;given-names:Samuel V.</infon><infon key="name_3">surname:Bakota;given-names:Eric</infon><infon key="name_4">surname:Crawley;given-names:Adam W.</infon><infon key="name_5">surname:Conidi;given-names:Giuseppe</infon><infon key="name_6">surname:Gunn;given-names:Julia</infon><infon key="name_7">surname:Gray;given-names:Josh</infon><infon key="name_8">surname:Zink;given-names:Anna</infon><infon key="name_9">surname:Santillana;given-names:Mauricio</infon><infon key="section_type">TITLE</infon><infon key="title">Keywords</infon><infon key="type">front</infon><infon key="volume">18</infon><infon key="year">2018</infon><offset>0</offset><text>Comparison of crowd-sourced, electronic health records based, and traditional health-care based influenza-tracking systems at multiple spatial resolutions in the United States of America</text></passage><passage><infon key="section_type">ABSTRACT</infon><infon key="type">abstract_title_1</infon><offset>187</offset><text>Background</text></passage><passage><infon key="section_type">ABSTRACT</infon><infon key="type">abstract</infon><offset>198</offset><text>Influenza causes an estimated 3000 to 50,000 deaths per year in the United States of America (US). Timely and representative data can help local, state, and national public health officials monitor and respond to outbreaks of seasonal influenza. Data from cloud-based electronic health records (EHR) and crowd-sourced influenza surveillance systems have the potential to provide complementary, near real-time estimates of influenza activity. The objectives of this paper are to compare two novel influenza-tracking systems with three traditional healthcare-based influenza surveillance systems at four spatial resolutions: national, regional, state, and city, and to determine the minimum number of participants in these systems required to produce influenza activity estimates that resemble the historical trends recorded by traditional surveillance systems.</text></passage><passage><infon key="section_type">ABSTRACT</infon><infon key="type">abstract_title_1</infon><offset>1058</offset><text>Methods</text></passage><passage><infon key="section_type">ABSTRACT</infon><infon key="type">abstract</infon><offset>1066</offset><text>We compared influenza activity estimates from five influenza surveillance systems: 1) patient visits for influenza-like illness (ILI) from the US Outpatient ILI Surveillance Network (ILINet), 2) virologic data from World Health Organization (WHO) Collaborating and National Respiratory and Enteric Virus Surveillance System (NREVSS) Laboratories, 3) Emergency Department (ED) syndromic surveillance from Boston, Massachusetts, 4) patient visits for ILI from EHR, and 5) reports of ILI from the crowd-sourced system, Flu Near You (FNY), by calculating correlations between these systems across four influenza seasons, 2012–16, at four different spatial resolutions in the US. For the crowd-sourced system, we also used a bootstrapping statistical approach to estimate the minimum number of reports necessary to produce a meaningful signal at a given spatial resolution.</text></passage><passage><infon key="section_type">ABSTRACT</infon><infon key="type">abstract_title_1</infon><offset>1937</offset><text>Results</text></passage><passage><infon key="section_type">ABSTRACT</infon><infon key="type">abstract</infon><offset>1945</offset><text>In general, as the spatial resolution increased, correlation values between all influenza surveillance systems decreased. Influenza-like Illness rates in geographic areas with more than 250 crowd-sourced participants or with more than 20,000 visit counts for EHR tracked government-lead estimates of influenza activity.</text></passage><passage><infon key="section_type">ABSTRACT</infon><infon key="type">abstract_title_1</infon><offset>2265</offset><text>Conclusions</text></passage><passage><infon key="section_type">ABSTRACT</infon><infon key="type">abstract</infon><offset>2277</offset><text>With a sufficient number of reports, data from novel influenza surveillance systems can complement traditional healthcare-based systems at multiple spatial resolutions.</text></passage><passage><infon key="section_type">ABSTRACT</infon><infon key="type">abstract_title_1</infon><offset>2446</offset><text>Electronic supplementary material</text></passage><passage><infon key="section_type">ABSTRACT</infon><infon key="type">abstract</infon><offset>2480</offset><text>The online version of this article (10.1186/s12879-018-3322-3) contains supplementary material, which is available to authorized users.</text></passage><passage><infon key="section_type">INTRO</infon><infon key="type">title_1</infon><offset>2616</offset><text>Background</text></passage><passage><infon key="section_type">INTRO</infon><infon key="type">paragraph</infon><offset>2627</offset><text>Every year influenza epidemics are responsible for substantial clinical and economic burdens in the United States of America (US). Consequently, local, state, and national health authorities require quantitative evidence that is timely and representative to make informed decisions regarding the selection and allocation of resources. The Centers for Disease Control and Prevention (CDC), a governmental agency, has been continuously collecting information on the number of outpatient visits for influenza-like illness (ILI) from a diverse network of healthcare providers as well as on the number of influenza-positive lab specimens from public health and clinical laboratories across the US for multiple decades. Although influenza surveillance occurs throughout the calendar year, the influenza season is defined by the Morbidity and Mortality Weekly Report (MMWR) week 40 through week 20, which corresponds with months October through May. Due to the time to collect, process, and aggregate this information, CDC influenza surveillance reports are traditionally published with a 1–2 week delay. Alternative data sources that are available in near-real time may aid in the design, initiation, or communication of timely strategies and mitigate the impact of influenza.</text></passage><passage><infon key="section_type">INTRO</infon><infon key="type">paragraph</infon><offset>3901</offset><text>Over the past decade, Internet-based technologies have been explored as new ways to monitor influenza activity and provide more immediate estimates of disease activity. These Internet-based technologies include systems such as Yahoo, Google, Baidu, Twitter posts, clinicians’ database queries, cloud-based Electronic Health Records (EHR), and online participatory cohorts that allow individuals to report symptoms. The ability of these novel Internet-based and crowd-sourced approaches to complement, track, and forecast traditional provider-based influenza surveillance systems has been established at the national and regional levels in the US. However, because characteristics of activity may differ across states and sub-populations, further investigation of these novel systems is essential at finer spatial resolutions.</text></passage><passage><infon key="section_type">INTRO</infon><infon key="type">paragraph</infon><offset>4729</offset><text>In this paper, we evaluate two novel influenza-tracking systems, athenahealth, a cloud-based EHR-based system, and Flu Near You (FNY), a crowd-sourced system. Founded in 1997, athenahealth is a provider of cloud-based services and mobile applications for medical groups and health systems. Similar to traditional health-care based surveillance systems, athenahealth collects data on individuals who seek medical care. Because athenahealth’s network is cloud-based, the proportion of patients with ILI symptoms in their national network of providers can be estimated in near real-time, potentially providing estimates of influenza activity faster than the national surveillance systems (https://insight.athenahealth.com/flu-dashboard-2016). Flu Near You is an online crowd-sourced surveillance system that allows volunteers in the US and Canada to report weekly if they have experienced ILI symptoms. The majority (65%) of FNY respondents who report ILI do not seek medical attention, therefore, this system captures illness activity among a population not routinely included among the other healthcare-based systems considered in this paper.</text></passage><passage><infon key="section_type">INTRO</infon><infon key="type">paragraph</infon><offset>5873</offset><text>The objectives of this paper are to assess whether these novel systems, EHR and crowd-sourced, correlate with traditional influenza surveillance systems across multiple spatial resolutions with different sample sizes and to determine the minimum number of visits or reports necessary in each of these novel systems to produce influenza activity estimates that resemble the historical trends recorded by traditional surveillance systems for a given spatial resolution.</text></passage><passage><infon key="section_type">METHODS</infon><infon key="type">title_1</infon><offset>6341</offset><text>Methods</text></passage><passage><infon key="section_type">METHODS</infon><infon key="type">title_2</infon><offset>6349</offset><text>Data</text></passage><passage><infon key="section_type">METHODS</infon><infon key="type">title_3</infon><offset>6354</offset><text>Electronic health records (EHR) from athenahealth</text></passage><passage><infon key="section_type">METHODS</infon><infon key="type">paragraph</infon><offset>6404</offset><text>Weekly state-aggregated counts of total visits, influenza vaccine visits, influenza visits, ILI visits, and unspecified viral or ILI visits were provided by the athenahealth research team for the time period of 2012–16 (http://www.athenahealth.com). For the analysis presented in this paper, ILI was defined as Unspecified Viral or ILI Visit Count, which included the number of visits where the patient had an unspecified viral diagnosis, an influenza diagnosis, or a fever diagnosis with an accompanying sore throat or cough diagnosis. Influenza-Like Illness rates for a given location were calculated by dividing the Unspecified Viral or ILI Visit Count by the total number of visits.</text></passage><passage><infon key="section_type">METHODS</infon><infon key="type">title_3</infon><offset>7093</offset><text>Crowd-sourced from flu near you</text></passage><passage><infon key="section_type">METHODS</infon><infon key="type">paragraph</infon><offset>7125</offset><text>Flu Near You was created in 2011 through collaboration between HealthMap of Boston Children’s Hospital and the Skoll Global Threats Fund (https://flunearyou.org/). This system maintains a website and mobile application that allows volunteers in the United States and Canada to report the health information of the user and their family using a brief weekly survey. Flu Near You ILI rates were calculated by dividing the number of participants reporting ILI, defined by a symptom report of fever plus cough and/or sore throat, in a given week, by the total number of FNY participant reports in that same week at each spatial resolution. Participants were aggregated at each spatial resolution using the zip code provided at registration for the time-period of 2012–16.</text></passage><passage><infon key="section_type">METHODS</infon><infon key="type">title_3</infon><offset>7897</offset><text>CDC ILINet national/regional/state</text></passage><passage><infon key="section_type">METHODS</infon><infon key="type">paragraph</infon><offset>7932</offset><text>Information on patient visits to health care providers for ILI is collected through the US Outpatient Influenza-like Illness Surveillance Network (ILINet, https://www.cdc.gov/flu/weekly/overview.htm). For this system, ILI was defined as fever (temperature of 37.8 °C [100 °F] or greater) and a cough and/or a sore throat without a known cause other than influenza. Weighted percent ILI, calculated by weighting the percentage of patient visits to healthcare providers for ILI reported each week on the basis of state population, was used as the influenza activity measure. For regional analyses, we used the ten Health and Human Services (HHS) defined regions. Each region consists of three to eight US states or territories.</text></passage><passage><infon key="section_type">METHODS</infon><infon key="type">title_3</infon><offset>8662</offset><text>CDC virology</text></passage><passage><infon key="section_type">METHODS</infon><infon key="type">paragraph</infon><offset>8675</offset><text>Virological influenza surveillance data is collected through participating US World Health Organization (WHO) Collaborating Laboratories and National Respiratory and Enteric Virus Surveillance System (NREVSS) laboratories located throughout the US. The number of specimens testing positive for influenza was used in these analyses.</text></passage><passage><infon key="section_type">METHODS</infon><infon key="type">title_3</infon><offset>9007</offset><text>Boston epidemiological data</text></passage><passage><infon key="section_type">METHODS</infon><infon key="type">paragraph</infon><offset>9035</offset><text>The Boston Public Health Commission (BPHC) has operated a syndromic surveillance system since 2004. All nine acute care Boston hospitals electronically send limited data for all emergency department (ED) visits every 24 h. Data sent includes visit date, chief complaint, zip code of residence, age, gender, and race/ethnicity. Influenza-Like Illness visits were defined as fever and a cough or sore throat using chief complaints. Greater Boston was defined as zip codes associated with Suffolk, Norfolk, Middlesex, Essex, and Plymouth counties. These zip codes are associated with over 90% of Boston ED visits. Influenza-Like Illness rates for Greater Boston were calculated by using the number of ILI visits divided by the total number of ED visits.</text></passage><passage><infon key="section_type">METHODS</infon><infon key="type">title_2</infon><offset>9787</offset><text>Statistical analysis</text></passage><passage><infon key="section_type">METHODS</infon><infon key="type">title_3</infon><offset>9808</offset><text>Correlation with traditional influenza surveillance systems across multiple spatial resolutions with different sample sizes</text></passage><passage><infon key="section_type">METHODS</infon><infon key="type">paragraph</infon><offset>9932</offset><text>We used Pearson correlations to compare EHR and crowd-sourced ILI rates to ILI rates from ILINet along with the number of specimens testing positive for influenza from the virologic surveillance system. Correlations were calculated at the national and HHS-defined regional resolutions during the time period of October 1, 2012 through May 21, 2016, and for each of the four individual influenza seasons within this time period (MMWR weeks 40 to 20) separately. We also present comparisons of EHR to CDC ILINet for 46 states and comparisons of crowd-sourced ILI to CDC ILINet for 49 states that voluntarily provided historic data across all seasons. Finally, crowd-sourced ILI rates were also compared to ILI rates estimated from ED visits in the Greater Boston area. Boston was chosen as a pilot city because of the large FNY user base and availability of data. Electronic Health Record data at this spatial resolution was not available.</text></passage><passage><infon key="section_type">METHODS</infon><infon key="type">paragraph</infon><offset>10870</offset><text>Spatial resolutions were classified into three author-defined categories based on correlation values with CDC ILINet across all seasons. Spatial resolutions with correlations less than 0.5 were classified as “poor”, spatial resolutions with correlations between 0.5 and 0.70 were classified as “good”, and spatial resolutions with correlations greater than or equal to 0.70 were classified as “excellent”. Data were analyzed using R, version 3.3.2, and descriptive statistics are presented as median (Interquartile Range, IQR).</text></passage><passage><infon key="section_type">METHODS</infon><infon key="type">title_3</infon><offset>11410</offset><text>Bootstrapping approach to estimate the minimum number of crowd-sourced reports necessary to produce estimates that resemble the historical government-lead surveillance system trends</text></passage><passage><infon key="section_type">METHODS</infon><infon key="type">paragraph</infon><offset>11592</offset><text>As above, weekly ILI rates from the crowd-sourced system were compared to weighted ILI rates from CDC ILINet and the number of specimens testing positive for influenza at national and regional resolutions during the 2015–16 influenza season. State and city resolutions were not included in this analysis because the crowd-sourced user base was not large enough. At the national level, Pearson correlations were calculated for subsets of the crowd-sourced data from 0.1 to 15% of the full dataset in increments of 0.1%, and at the regional level, Pearson correlations were calculated from 1 to 100% of the full dataset in increments of 1%. This process was repeated 1000 times using sampling with replacement (bootstrapping), stratified by week at each spatial resolution. The 95% confidence intervals were calculated by ordering the Pearson correlation coefficients and selecting the 2.5th and 97.5th percentiles. This method was not performed for EHR because available data was aggregated at the state level.</text></passage><passage><infon key="section_type">RESULTS</infon><infon key="type">title_1</infon><offset>12604</offset><text>Results</text></passage><passage><infon key="section_type">RESULTS</infon><infon key="type">title_2</infon><offset>12612</offset><text>Correlation with traditional influenza surveillance systems across multiple spatial resolutions with different sample sizes</text></passage><passage><infon key="section_type">RESULTS</infon><infon key="type">title_3</infon><offset>12736</offset><text>Electronic health records</text></passage><passage><infon key="section_type">RESULTS</infon><infon key="type">paragraph</infon><offset>12762</offset><text>Pearson correlations between CDC ILINet and EHR and mean weekly visits at all spatial resolutions are shown in Additional file 1: Table S1. Across all seasons, the national mean weekly visits was 863,361, and the national correlation was 0.97. At the regional level, the median of the mean weekly visits was 69,077 (IQR: 26,584, 126,455). Region 7 (Iowa, Kansas, Missouri, and Nebraska) had the smallest mean weekly visits (10,177) and Region 4 (Alabama, Florida, Georgia, Kentucky, Mississippi, North Carolina, South Carolina, and Tennessee) had the largest mean weekly visits (195,142). The median regional correlation was 0.93 (IQR: 0.91, 0.95), and all regions were classified as “excellent”. At the state level, the median of the mean weekly visits was 11,840 (IQR: 4204, 30,740), and the median correlation was 0.86 (IQR: 0.80, 0.92). Using the cutoff values defined in the methods sections, 41 of the states with data available were classified as “excellent” and five were classified as “good”.</text></passage><passage><infon key="section_type">RESULTS</infon><infon key="type">title_3</infon><offset>13778</offset><text>Crowd-sourced reports</text></passage><passage><infon key="section_type">RESULTS</infon><infon key="type">paragraph</infon><offset>13800</offset><text>Pearson correlations of crowd-sourced ILI rates versus CDC ILINet and BPHC as well as mean weekly reports at all spatial resolutions are shown in Additional file 1: Table S2. The national mean weekly reports across all seasons was 9699, and the correlation was 0.81. At the regional level, the median of the mean weekly reports was 889 (IQR: 707, 1157). Region 7 had the smallest mean number of weekly reports (415), and Region 4 had the largest mean number of weekly reports (1798). The median correlation was 0.74 (IQR: 0.73, 0.76). Across all seasons, 9 regions were classified as “excellent” and one region was classified as “good”. The median of the mean weekly reports at the state level was 128 (IQR: 57, 263), and the median correlation with CDC ILINet was 0.55 (IQR: 0.43, 0.63). Two states, Massachusetts and California, were classified as “excellent”, 26 states were classified as “good”, and 21 states were classified as “poor”.</text></passage><passage><infon key="file">12879_2018_3322_Fig1_HTML.jpg</infon><infon key="id">Fig1</infon><infon key="section_type">FIG</infon><infon key="type">fig_caption</infon><offset>14761</offset><text>a Correlation of EHR (blue) with CDC ILINet by mean visits at the regional and state resolution across all seasons (b) Correlation of the crowd-sourced system (red) with CDC ILINet and BPHC (star) by mean reports at the regional, state, and city resolutions across all seasons (c) EHR correlation category (blue) by percent of total visits (d) Crowd-sourced correlation category (red) by percent of total reports</text></passage><passage><infon key="section_type">RESULTS</infon><infon key="type">paragraph</infon><offset>15174</offset><text>Fig. 1a and b display correlations across all seasons plotted as a function of the mean weekly visits (EHR) or mean weekly reports (FNY). As shown in this figure, in general, correlation values increased as the mean weekly visits or reports increased for both EHR and crowd-sourced at all the regional and state resolutions across all seasons. For EHR, spatial resolutions with at least 2.5% (approximately 20,000/863,361) of total weekly visits are more likely to be classified as “excellent” compared to “good” or “poor” (Fig. 1c). Spatial resolutions with at least 2.5% (approximately 250/ 9699) of total weekly crowd-sourced reports are more likely to be classified as “good” compared to “poor”, and spatial resolutions with at least 5% (approximately 500/9699) of weekly crowd-sourced reports are more likely to be classified as “excellent” compared to “good” or “poor” (Fig. 1d).</text></passage><passage><infon key="file">12879_2018_3322_Fig2_HTML.jpg</infon><infon key="id">Fig2</infon><infon key="section_type">FIG</infon><infon key="type">fig_caption</infon><offset>16093</offset><text>Percent ILI for CDC ILINet (black), EHR (blue), crowd-sourced FNY (red), and BPHC (purple) as well as number of viral specimens (green) as a function of time for National, Region 1, Massachusetts, and Greater Boston spatial resolutions</text></passage><passage><infon key="section_type">RESULTS</infon><infon key="type">paragraph</infon><offset>16329</offset><text>Figure 2 provides the time series of CDC ILINet, BPHC, EHR, and crowd-sourced (FNY) ILI rates and CDC number viral specimens across all seasons at four spatial resolutions: National, Region 1 (Connecticut, Maine, Massachusetts, New Hampshire, Rhode Island, and Vermont), Massachusetts, and Greater Boston. Although the amount of noise increases as the spatial resolution increases and the mean weekly visits or reports decrease, a meaningful signal is retained for both EHR and crowd-sourced ILI rates.</text></passage><passage><infon key="section_type">RESULTS</infon><infon key="type">title_2</infon><offset>16833</offset><text>Bootstrapping approach to estimate the minimum number of crowd-sourced reports necessary to produce estimates that resemble the historical government-lead surveillance system trends</text></passage><passage><infon key="file">12879_2018_3322_Fig3_HTML.jpg</infon><infon key="id">Fig3</infon><infon key="section_type">FIG</infon><infon key="type">fig_caption</infon><offset>17015</offset><text>Correlation between bootstrapped samples of crowd-sourced (FNY) estimated percent ILI and observed percent ILI, as reported by the CDC ILINet (red) and the number of viral-positive specimens (green) at the national resolution (a) with 95% Confidence Intervals (CI) and the regional resolution (b) for the 2015–16 influenza season</text></passage><passage><infon key="section_type">RESULTS</infon><infon key="type">paragraph</infon><offset>17347</offset><text>During the 2015–16 influenza season, a total of 401,993 crowd-sourced reports were collected in the US, corresponding to a weekly average of 12,182 reports. The Pearson correlation coefficients during the 2015–16 influenza seasons for the full crowd-sourced dataset and CDC ILINet and the number of viral-positive specimens were 0.84 and 0.92, respectively. Figure 3a shows the mean Pearson correlation coefficient and 95% CI of 1000 bootstrap runs between the crowd-sourced system and both CDC ILINet and the number of viral-positive specimens for increasing weekly reports. As shown in this figure, the correlation coefficient increases as the number of weekly reports increases, but the rate of growth slows around 250 weekly reports. Although the crowd-sourced data appear to correlate more strongly with virological data during this influenza season, this pattern is not consistent across all seasons and regions (Additional file 1: Table S3). The correlations for 1800 weekly crowd-sourced reports (approximately 10%) were 0.80 and 0.86 for CDC ILINet and CDC number of viral-positive specimens, respectively. At an arbitrary cut-off value of 250 weekly reports, the correlation between the crowd-sourced system and CDC ILINet was approximately 0.60, and the correlation between the crowd-sourced system and the number of viral-positive specimens was 0.65. When the number of reports is less than this value, correlation coefficients drop-off sharply. A similar pattern is shown at the regional level (Fig. 3b). Although some regions reach saturation at higher correlations than other regions, there is non-linear growth in the correlation coefficient until estimates include approximately 250 weekly reports.</text></passage><passage><infon key="section_type">DISCUSS</infon><infon key="type">title_1</infon><offset>19068</offset><text>Discussion</text></passage><passage><infon key="section_type">DISCUSS</infon><infon key="type">paragraph</infon><offset>19079</offset><text>Traditional surveillance systems currently used by governmental agencies are robust, well accepted, and provide the best basis for tracking influenza activity. However, because estimates only include individuals who visit a medical care facility and there is typically a delay from onset of patient symptoms to final publication of reports, alternative data sources have the potential to minimize these delays in reporting and complement these traditional systems. Although there is still a time delay from onset of patient symptoms to presentation at a health-care provider, the EHR cloud-based system allows symptom reports to be aggregated in near-real time. On the other hand, the crowd-sourced system does not include the same time delay as health-care based systems and captures individuals who do not seek medical care. However, while participants have the option to report symptoms the same day as onset, most participants do not report until they receive the weekly reminder and data is typically aggregated once a week.</text></passage><passage><infon key="section_type">DISCUSS</infon><infon key="type">paragraph</infon><offset>20109</offset><text>For both EHR and crowd-sourced ILI, as the number of total reports increases, the correlations with traditional ILI estimates from governmental agencies also increase. However, EHR data showed higher correlations with CDC ILINet and the number of viral-positive specimens compared to crowd-sourced data at similar spatial resolutions. EHR correlations with CDC ILINet are close to one, which shows that healthcare-based influenza surveillance with different data capture strategies lead to similar ILI incidence curves. Although both EHR and the CDC use data from patients seeking medical attention, the proportion of visit settings differs slightly between the two systems, with emergency department visits being under-represented in the EHR. On the other hand, crowd-sourced correlations with CDC ILINet never reach a correlation of one. Instead, crowd-sourced correlations converge to approximately 0.8–0.9, as shown using both empirical and theoretical approaches. A similar observation was observed when comparing methods of provider recruitment in Texas. This difference in correlation saturation may be a result of differences in the activity being measured (e.g. ILI reports out of all persons enrolled vs. visits with ILI out of the total number of patient visits) and the population under surveillance, as the crowd-sourced population includes individuals who may not seek medical attention. Based on preliminary analyses, we estimate that approximately 65% of the FNY population who reported ILI symptoms did not seek medical attention. The Italian crowd-sourced counterpart, INFLUWEB, has also reported that approximately two thirds of their participants did not seek medical assistance. Furthermore, studies in the US have shown that approximately 40% of individuals with ILI seek healthcare. The crowd-sourced population also differs by demographics. Females and middle-aged individuals are over-represented in the crowd-sourced population. In addition, crowd-sourced estimates can be affected by media attention and by user participation. For example, the large peak observed in January 2013 occurred after FNY was featured in NBC’s Nightly News with Brian Williams. Investigators have applied a few methods to adjust for these reporting biases, including dropping first reports and a spike-detector method. We did not adjust for these biases in this paper.</text></passage><passage><infon key="section_type">DISCUSS</infon><infon key="type">paragraph</infon><offset>22486</offset><text>In general, both crowd-sourced and EHR ILI rates showed higher correlations with CDC ILINet compared to the number of viral-positive specimens at the national and regional resolutions (Additional file 1: Table S3). One interesting pattern to note is that when using the bootstrap resampling approach, crowd-sourced correlations with CDC laboratory confirmed influenza specimens reaches the saturation faster than correlations with CDC ILINet. This pattern is also evident at the regional resolution.</text></passage><passage><infon key="section_type">DISCUSS</infon><infon key="type">paragraph</infon><offset>22986</offset><text>Based on the results from this study, we estimate that ILI rates from EHR and crowd-sourced data track traditional ILI estimates from governmental agencies at spatial resolutions that have at least 20,000 weekly EHR visits and 250 weekly crowd-sourced reports. Some spatial resolutions are not well represented in the included novel systems. During the 2015–16 influenza season, for example, 47 states were represented in this EHR network and 26 of these states reached the 20,000 threshold. Although all 50 states are represented in the crowd-sourced system, 32 states did not reach the 250 weekly report threshold during the 2015–16 influenza season. In addition, the geographic distribution of crowd-sourced reports shows large gaps of information especially in the middle and southern areas of the US, and participants tend to cluster around large urban areas, with especially large user bases in the greater metropolitan areas surrounding Boston, New York City, and San Francisco. Flu Near You has made recent efforts to recruit new users through online media campaigns through Facebook, and other previously successful recruitment strategies, such as encouraging current users to recruit friends and colleagues to join, can be easily employed.</text></passage><passage><infon key="section_type">DISCUSS</infon><infon key="type">paragraph</infon><offset>24240</offset><text>Ideally, we would want to compare ILI rates from crowd-sourced reports to laboratory confirmed influenza cases in the general population. Currently, the CDC provides yearly estimates of seasonal influenza burden in the general population using laboratory-confirmed influenza-associated hospitalization rates from their Influenza Hospital Surveillance Network (FluSurv-NET). However, they do not provide weekly estimates to the public of laboratory-confirmed influenza burden. Although the mechanisms of capture differ between the syndromic systems, the general seasonal trends are similar and provide valuable information about changes in influenza activity.</text></passage><passage><infon key="section_type">CONCL</infon><infon key="type">title_1</infon><offset>24899</offset><text>Conclusions</text></passage><passage><infon key="section_type">CONCL</infon><infon key="type">paragraph</infon><offset>24911</offset><text>Our findings suggest that both EHR and crowd-sourced ILI estimates correlate with ILI estimates from traditional influenza surveillance systems in various spatial resolutions with a sufficient number of visits or reports. Spatial resolutions with at least 250 mean weekly crowd-sourced reports display correlations higher than 0.5 with traditional influenza surveillance systems. Furthermore, spatial resolutions with approximately 20,000 weekly EHR visit counts consistently show correlations greater than 0.7 with traditional influenza surveillance systems. As the FNY user base and availability of EHR data are increased throughout the US, these internet-based surveillance tools may become a complementary way to timely monitor influenza activity, especially in populations who do not access health care systems, areas with limited surveillance data, and community based populations.</text></passage><passage><infon key="section_type">CONCL</infon><infon key="type">title_1</infon><offset>25799</offset><text>Additional file</text></passage><passage><infon key="section_type">ABBR</infon><infon key="type">title</infon><offset>25815</offset><text>Abbreviations</text></passage><passage><infon key="section_type">ABBR</infon><infon key="type">paragraph</infon><offset>25829</offset><text>BPHC</text></passage><passage><infon key="section_type">ABBR</infon><infon key="type">paragraph</infon><offset>25834</offset><text>Boston Public Health Commission</text></passage><passage><infon key="section_type">ABBR</infon><infon key="type">paragraph</infon><offset>25866</offset><text>CDC</text></passage><passage><infon key="section_type">ABBR</infon><infon key="type">paragraph</infon><offset>25870</offset><text>Centers for disease control and prevention</text></passage><passage><infon key="section_type">ABBR</infon><infon key="type">paragraph</infon><offset>25913</offset><text>ED</text></passage><passage><infon key="section_type">ABBR</infon><infon key="type">paragraph</infon><offset>25916</offset><text>Emergency department</text></passage><passage><infon key="section_type">ABBR</infon><infon key="type">paragraph</infon><offset>25937</offset><text>EHR</text></passage><passage><infon key="section_type">ABBR</infon><infon key="type">paragraph</infon><offset>25941</offset><text>Electronic health records</text></passage><passage><infon key="section_type">ABBR</infon><infon key="type">paragraph</infon><offset>25967</offset><text>FluSurv-NET</text></passage><passage><infon key="section_type">ABBR</infon><infon key="type">paragraph</infon><offset>25979</offset><text>Influenza Hospital Surveillance Network</text></passage><passage><infon key="section_type">ABBR</infon><infon key="type">paragraph</infon><offset>26019</offset><text>FNY</text></passage><passage><infon key="section_type">ABBR</infon><infon key="type">paragraph</infon><offset>26023</offset><text>Flu near you</text></passage><passage><infon key="section_type">ABBR</infon><infon key="type">paragraph</infon><offset>26036</offset><text>HHS</text></passage><passage><infon key="section_type">ABBR</infon><infon key="type">paragraph</infon><offset>26040</offset><text>Health and human services</text></passage><passage><infon key="section_type">ABBR</infon><infon key="type">paragraph</infon><offset>26066</offset><text>ILI</text></passage><passage><infon key="section_type">ABBR</infon><infon key="type">paragraph</infon><offset>26070</offset><text>Influenza-like illness</text></passage><passage><infon key="section_type">ABBR</infon><infon key="type">paragraph</infon><offset>26093</offset><text>ILINet</text></passage><passage><infon key="section_type">ABBR</infon><infon key="type">paragraph</infon><offset>26100</offset><text>US outpatient influenza-like illness surveillance network</text></passage><passage><infon key="section_type">ABBR</infon><infon key="type">paragraph</infon><offset>26158</offset><text>IQR</text></passage><passage><infon key="section_type">ABBR</infon><infon key="type">paragraph</infon><offset>26162</offset><text>Interquartile range</text></passage><passage><infon key="section_type">ABBR</infon><infon key="type">paragraph</infon><offset>26182</offset><text>MMWR</text></passage><passage><infon key="section_type">ABBR</infon><infon key="type">paragraph</infon><offset>26187</offset><text>Morbidity and mortality weekly report</text></passage><passage><infon key="section_type">ABBR</infon><infon key="type">paragraph</infon><offset>26225</offset><text>NREVSS</text></passage><passage><infon key="section_type">ABBR</infon><infon key="type">paragraph</infon><offset>26232</offset><text>National respiratory and enteric virus surveillance system</text></passage><passage><infon key="section_type">ABBR</infon><infon key="type">paragraph</infon><offset>26291</offset><text>US</text></passage><passage><infon key="section_type">ABBR</infon><infon key="type">paragraph</infon><offset>26294</offset><text>United States of America</text></passage><passage><infon key="section_type">ABBR</infon><infon key="type">paragraph</infon><offset>26319</offset><text>WHO</text></passage><passage><infon key="section_type">ABBR</infon><infon key="type">paragraph</infon><offset>26323</offset><text>World Health Organization</text></passage><passage><infon key="section_type">AUTH_CONT</infon><infon key="type">title</infon><offset>26349</offset><text>Authors’ contributions</text></passage><passage><infon key="section_type">AUTH_CONT</infon><infon key="type">paragraph</infon><offset>26374</offset><text>KB, MS, AWC, SVS, EB, and JSB conceived the research. KB and EB conducted the statistical analysis. KB, MS, AWC, GC, and JGu drafted the manuscript. GC, JGu, JGr, and AZ made substantial contributions to the acquisition and collection of data. All authors critically revised the intellectual content of the manuscript and approved the final version.</text></passage><passage><infon key="section_type">AUTH_CONT</infon><infon key="type">title_1</infon><offset>26724</offset><text>Ethics approval and consent to participate</text></passage><passage><infon key="section_type">AUTH_CONT</infon><infon key="type">paragraph</infon><offset>26767</offset><text>The institutional review board at the Office of Clinical Investigations at Boston Children’s Hospital approved FNY for expedited continuing approval and received a waiver of informed consent.</text></passage><passage><infon key="section_type">AUTH_CONT</infon><infon key="type">title_1</infon><offset>26961</offset><text>Consent for publication</text></passage><passage><infon key="section_type">AUTH_CONT</infon><infon key="type">paragraph</infon><offset>26985</offset><text>Not applicable.</text></passage><passage><infon key="section_type">COMP_INT</infon><infon key="type">title_1</infon><offset>27001</offset><text>Competing interests</text></passage><passage><infon key="section_type">COMP_INT</infon><infon key="type">paragraph</infon><offset>27021</offset><text>The authors declare that they have no competing interests.</text></passage><passage><infon key="section_type">COMP_INT</infon><infon key="type">title_1</infon><offset>27080</offset><text>Publisher’s Note</text></passage><passage><infon key="section_type">COMP_INT</infon><infon key="type">paragraph</infon><offset>27099</offset><text>Springer Nature remains neutral with regard to jurisdictional claims in published maps and institutional affiliations.</text></passage><passage><infon key="section_type">REF</infon><infon key="type">title</infon><offset>27218</offset><text>References</text></passage><passage><infon key="fpage">5086</infon><infon key="lpage">5096</infon><infon key="name_0">surname:Molinari;given-names:NAM</infon><infon key="name_1">surname:Ortega-Sanchez;given-names:IR</infon><infon key="name_2">surname:Messonnier;given-names:ML</infon><infon key="name_3">surname:Thompson;given-names:WW</infon><infon key="name_4">surname:Wortley;given-names:PM</infon><infon key="name_5">surname:Weintraub;given-names:E</infon><infon key="pub-id_doi">10.1016/j.vaccine.2007.03.046</infon><infon key="pub-id_pmid">17544181</infon><infon key="section_type">REF</infon><infon key="source">Vaccine</infon><infon key="type">ref</infon><infon key="volume">25</infon><infon key="year">2007</infon><offset>27229</offset><text>The annual impact of seasonal influenza in the US: measuring disease burden and costs</text></passage><passage><infon key="section_type">REF</infon><infon key="type">ref</infon><offset>27315</offset><text>Overview of Influenza Surveillance in the United States. Centers for Disease Control and Prevention. https://www.cdc.gov/flu/weekly/overview.htm. Accessed 1 Jan 2017.</text></passage><passage><infon key="fpage">1443</infon><infon key="lpage">1448</infon><infon key="name_0">surname:Polgreen;given-names:PM</infon><infon key="name_1">surname:Chen;given-names:Y</infon><infon key="name_2">surname:Pennock;given-names:DM</infon><infon key="name_3">surname:Nelson;given-names:FD</infon><infon key="name_4">surname:Weinstein;given-names:RA</infon><infon key="pub-id_doi">10.1086/593098</infon><infon key="pub-id_pmid">18954267</infon><infon key="section_type">REF</infon><infon key="source">Clin Infect Dis</infon><infon key="type">ref</infon><infon key="volume">47</infon><infon key="year">2008</infon><offset>27482</offset><text>Using internet searches for influenza surveillance</text></passage><passage><infon key="fpage">1012</infon><infon key="lpage">1014</infon><infon key="name_0">surname:Ginsberg;given-names:J</infon><infon key="name_1">surname:Mohebbi;given-names:MH</infon><infon key="name_2">surname:Patel;given-names:RS</infon><infon key="name_3">surname:Brammer;given-names:L</infon><infon key="name_4">surname:Smolinski;given-names:MS</infon><infon key="name_5">surname:Brilliant;given-names:L</infon><infon key="pub-id_doi">10.1038/nature07634</infon><infon key="pub-id_pmid">19020500</infon><infon key="section_type">REF</infon><infon key="source">Nature</infon><infon key="type">ref</infon><infon key="volume">457</infon><infon key="year">2009</infon><offset>27533</offset><text>Detecting influenza epidemics using search engine query data</text></passage><passage><infon key="fpage">14473</infon><infon key="lpage">14478</infon><infon key="name_0">surname:Yang;given-names:S</infon><infon key="name_1">surname:Santillana;given-names:M</infon><infon key="name_2">surname:Kou;given-names:SC</infon><infon key="pub-id_doi">10.1073/pnas.1515373112</infon><infon key="pub-id_pmid">26553980</infon><infon key="section_type">REF</infon><infon key="source">Proc Natl Acad Sci</infon><infon key="type">ref</infon><infon key="volume">112</infon><infon key="year">2015</infon><offset>27594</offset><text>Accurate estimation of influenza epidemics using Google search data via ARGO</text></passage><passage><infon key="section_type">REF</infon><infon key="type">ref</infon><offset>27671</offset><text>Eysenbach G. Infodemiology: tracking flu-related searches on the web for syndromic surveillance. AMIA Annu Symp Proc. 2006;:244–8. doi: PMC1839505.</text></passage><passage><infon key="fpage">e64323</infon><infon key="name_0">surname:Yuan;given-names:Q</infon><infon key="name_1">surname:Nsoesie;given-names:EO</infon><infon key="name_2">surname:Lv;given-names:B</infon><infon key="name_3">surname:Peng;given-names:G</infon><infon key="name_4">surname:Chunara;given-names:R</infon><infon key="name_5">surname:Brownstein;given-names:JS</infon><infon key="pub-id_doi">10.1371/journal.pone.0064323</infon><infon key="pub-id_pmid">23750192</infon><infon key="section_type">REF</infon><infon key="source">PLoS One</infon><infon key="type">ref</infon><infon key="volume">8</infon><infon key="year">2013</infon><offset>27821</offset><text>Monitoring influenza epidemics in China with search query from baidu</text></passage><passage><infon key="fpage">e19467</infon><infon key="name_0">surname:Signorini;given-names:A</infon><infon key="name_1">surname:Segre;given-names:AM</infon><infon key="name_2">surname:Polgreen;given-names:PM</infon><infon key="pub-id_doi">10.1371/journal.pone.0019467</infon><infon key="pub-id_pmid">21573238</infon><infon key="section_type">REF</infon><infon key="source">PLoS One</infon><infon key="type">ref</infon><infon key="volume">6</infon><infon key="year">2011</infon><offset>27890</offset><text>The use of Twitter to track levels of disease activity and public concern in the U.S. during the influenza A H1N1 pandemic</text></passage><passage><infon key="fpage">1</infon><infon key="lpage">13</infon><infon key="name_0">surname:Paul;given-names:MJ</infon><infon key="name_1">surname:Dredze;given-names:M</infon><infon key="name_2">surname:Broniatowski;given-names:D</infon><infon key="section_type">REF</infon><infon key="source">PLoS Curr</infon><infon key="type">ref</infon><infon key="volume">6</infon><infon key="year">2014</infon><offset>28013</offset><text>Twitter improves influenza forecasting</text></passage><passage><infon key="section_type">REF</infon><infon key="type">ref</infon><offset>28052</offset><text>Chen L, Tozammel Hossain KSM, Butler P, Ramakrishnan N, Prakash BA. Syndromic surveillance of Flu on Twitter using weakly supervised temporal topic models. Data Min Knowl Discov. 2015.</text></passage><passage><infon key="fpage">1446</infon><infon key="lpage">1450</infon><infon key="name_0">surname:Santillana;given-names:M</infon><infon key="name_1">surname:Nsoesie;given-names:EO</infon><infon key="name_2">surname:Mekaru;given-names:SR</infon><infon key="name_3">surname:Scales;given-names:D</infon><infon key="name_4">surname:Brownstein;given-names:JS</infon><infon key="pub-id_doi">10.1093/cid/ciu647</infon><infon key="pub-id_pmid">25115873</infon><infon key="section_type">REF</infon><infon key="source">Clin Infect Dis</infon><infon key="type">ref</infon><infon key="volume">59</infon><infon key="year">2014</infon><offset>28237</offset><text>Using clinicians’ search query data to monitor influenza epidemics</text></passage><passage><infon key="section_type">REF</infon><infon key="type">ref</infon><offset>28306</offset><text>Santillana M, Nguyen AT, Louie T, Zink A, Gray J, Sung I, et al. Cloud-based Electronic Health Records for Real-time, Region-specific Influenza Surveillance. Sci Rep. 2016;6 April:25732. doi:10.1038/srep25732.</text></passage><passage><infon key="fpage">1960</infon><infon key="lpage">1962</infon><infon key="name_0">surname:Carlson;given-names:SJ</infon><infon key="name_1">surname:Dalton;given-names:CB</infon><infon key="name_2">surname:Durrheim;given-names:DN</infon><infon key="name_3">surname:Fejsa;given-names:J</infon><infon key="pub-id_doi">10.3201/eid1612.100935</infon><infon key="pub-id_pmid">21122231</infon><infon key="section_type">REF</infon><infon key="source">Australia Emerg Infect Dis</infon><infon key="type">ref</infon><infon key="volume">16</infon><infon key="year">2010</infon><offset>28516</offset><text>Online Flutracking survey of influenza-like illness during pandemic (H1N1) 2009</text></passage><passage><infon key="fpage">17</infon><infon key="lpage">21</infon><infon key="name_0">surname:Paolotti;given-names:D</infon><infon key="name_1">surname:Carnahan;given-names:A</infon><infon key="name_2">surname:Colizza;given-names:V</infon><infon key="name_3">surname:Eames;given-names:K</infon><infon key="name_4">surname:Edmunds;given-names:J</infon><infon key="name_5">surname:Gomes;given-names:G</infon><infon key="pub-id_doi">10.1111/1469-0691.12477</infon><infon key="pub-id_pmid">24350723</infon><infon key="section_type">REF</infon><infon key="source">Clin Microbiol Infect</infon><infon key="type">ref</infon><infon key="volume">20</infon><infon key="year">2014</infon><offset>28596</offset><text>Web-based participatory surveillance of infectious diseases: the Influenzanet participatory surveillance experience</text></passage><passage><infon key="fpage">2124</infon><infon key="lpage">2130</infon><infon key="name_0">surname:Smolinski;given-names:MS</infon><infon key="name_1">surname:Crawley;given-names:AW</infon><infon key="name_2">surname:Baltrusaitis;given-names:K</infon><infon key="name_3">surname:Chunara;given-names:R</infon><infon key="name_4">surname:Olsen;given-names:JM</infon><infon key="name_5">surname:Wójcik;given-names:O</infon><infon key="pub-id_doi">10.2105/AJPH.2015.302696</infon><infon key="pub-id_pmid">26270299</infon><infon key="section_type">REF</infon><infon key="source">Am J Public Health</infon><infon key="type">ref</infon><infon key="volume">105</infon><infon key="year">2015</infon><offset>28712</offset><text>Flu near you: crowdsourced symptom reporting spanning 2 influenza seasons</text></passage><passage><infon key="fpage">28</infon><infon key="lpage">36</infon><infon key="name_0">surname:van Noort;given-names:SP</infon><infon key="name_1">surname:Codeço;given-names:CT</infon><infon key="name_2">surname:Koppeschaar;given-names:CE</infon><infon key="name_3">surname:van Ranst;given-names:M</infon><infon key="name_4">surname:Paolotti;given-names:D</infon><infon key="name_5">surname:Gomes;given-names:MGM</infon><infon key="pub-id_doi">10.1016/j.epidem.2015.05.001</infon><infon key="pub-id_pmid">26616039</infon><infon key="section_type">REF</infon><infon key="source">Epidemics</infon><infon key="type">ref</infon><infon key="volume">13</infon><infon key="year">2015</infon><offset>28786</offset><text>Ten-year performance of Influenzanet: ILI time series, risks, vaccine effects, and care-seeking behaviour</text></passage><passage><infon key="fpage">e1004513</infon><infon key="name_0">surname:Santillana;given-names:M</infon><infon key="name_1">surname:Nguyen;given-names:AT</infon><infon key="name_2">surname:Dredze;given-names:M</infon><infon key="name_3">surname:Paul;given-names:MJ</infon><infon key="name_4">surname:Nsoesie;given-names:EO</infon><infon key="name_5">surname:Brownstein;given-names:JS</infon><infon key="pub-id_doi">10.1371/journal.pcbi.1004513</infon><infon key="pub-id_pmid">26513245</infon><infon key="section_type">REF</infon><infon key="source">PLoS Comput Biol</infon><infon key="type">ref</infon><infon key="volume">11</infon><infon key="year">2015</infon><offset>28892</offset><text>Combining search, social media, and traditional data sources to improve influenza surveillance</text></passage><passage><infon key="fpage">20425</infon><infon key="lpage">20430</infon><infon key="name_0">surname:Shaman;given-names:J</infon><infon key="name_1">surname:Karspeck;given-names:A</infon><infon key="pub-id_doi">10.1073/pnas.1208772109</infon><infon key="pub-id_pmid">23184969</infon><infon key="section_type">REF</infon><infon key="source">Proc Natl Acad Sci U S A</infon><infon key="type">ref</infon><infon key="volume">109</infon><infon key="year">2012</infon><offset>28987</offset><text>Forecasting seasonal outbreaks of influenza</text></passage><passage><infon key="fpage">1</infon><infon key="lpage">8</infon><infon key="name_0">surname:Cook;given-names:S</infon><infon key="name_1">surname:Conrad;given-names:C</infon><infon key="name_2">surname:Fowlkes;given-names:AL</infon><infon key="name_3">surname:Mohebbi;given-names:MH</infon><infon key="section_type">REF</infon><infon key="source">PLoS One</infon><infon key="type">ref</infon><infon key="volume">6</infon><infon key="year">2011</infon><offset>29031</offset><text>Assessing Google flu trends performance in the United States during the 2009 influenza virus a (H1N1) pandemic</text></passage><passage><infon key="fpage">e1003256</infon><infon key="name_0">surname:Olson;given-names:DR</infon><infon key="name_1">surname:Konty;given-names:KJ</infon><infon key="name_2">surname:Paladini;given-names:M</infon><infon key="name_3">surname:Viboud;given-names:C</infon><infon key="name_4">surname:Simonsen;given-names:L</infon><infon key="pub-id_doi">10.1371/journal.pcbi.1003256</infon><infon key="pub-id_pmid">24146603</infon><infon key="section_type">REF</infon><infon key="source">PLoS Comput Biol</infon><infon key="type">ref</infon><infon key="volume">9</infon><infon key="year">2013</infon><offset>29142</offset><text>Reassessing Google flu trends data for detection of seasonal and pandemic influenza: a comparative epidemiological study at three geographic scales</text></passage><passage><infon key="fpage">89</infon><infon key="lpage">115</infon><infon key="name_0">surname:Lipsitch;given-names:M</infon><infon key="name_1">surname:Finelli;given-names:L</infon><infon key="name_2">surname:Heffernan;given-names:RT</infon><infon key="name_3">surname:Leung;given-names:GM</infon><infon key="name_4">surname:Redd;given-names:SC</infon><infon key="pub-id_pmid">21612363</infon><infon key="section_type">REF</infon><infon key="source">Biosecur Bioterror</infon><infon key="type">ref</infon><infon key="volume">9</infon><infon key="year">2011</infon><offset>29290</offset><text>Group for the 2009 HS. Improving the evidence base for decision making during a pandemic: the example of 2009 influenza a/H1N1</text></passage><passage><infon key="fpage">1</infon><infon key="lpage">8</infon><infon key="name_0">surname:Althouse;given-names:BM</infon><infon key="name_1">surname:Scarpino;given-names:SV</infon><infon key="name_2">surname:Meyers;given-names:LA</infon><infon key="name_3">surname:Ayers;given-names:JW</infon><infon key="name_4">surname:Bargsten;given-names:M</infon><infon key="name_5">surname:Baumbach;given-names:J</infon><infon key="pub-id_doi">10.1140/epjds/s13688-015-0054-0</infon><infon key="section_type">REF</infon><infon key="source">EPJ Data Sci</infon><infon key="type">ref</infon><infon key="volume">4</infon><infon key="year">2015</infon><offset>29417</offset><text>Enhancing disease surveillance with novel data streams: challenges and opportunities</text></passage><passage><infon key="section_type">REF</infon><infon key="type">ref</infon><offset>29502</offset><text>R Core Team (R Foundation for Statistical Computing). R: A Language and Environment for Statistical Computing. 2016. https://www.r-project.org/.</text></passage><passage><infon key="fpage">e1002472</infon><infon key="name_0">surname:Scarpino;given-names:SV</infon><infon key="name_1">surname:Dimitrov;given-names:NB</infon><infon key="name_2">surname:Meyers;given-names:LA</infon><infon key="pub-id_doi">10.1371/journal.pcbi.1002472</infon><infon key="pub-id_pmid">22511860</infon><infon key="section_type">REF</infon><infon key="source">PLoS Comput Biol</infon><infon key="type">ref</infon><infon key="volume">8</infon><infon key="year">2012</infon><offset>29647</offset><text>Optimizing provider recruitment for influenza surveillance networks</text></passage><passage><infon key="fpage">S386</infon><infon key="issue">suppl 4</infon><infon key="lpage">S392</infon><infon key="name_0">surname:Guerrisi;given-names:C</infon><infon key="name_1">surname:Turbelin;given-names:C</infon><infon key="name_2">surname:Blanchon;given-names:T</infon><infon key="name_3">surname:Hanslik;given-names:T</infon><infon key="name_4">surname:Bonmarin;given-names:I</infon><infon key="name_5">surname:Levy-Bruhl;given-names:D</infon><infon key="pub-id_doi">10.1093/infdis/jiw280</infon><infon key="pub-id_pmid">28830105</infon><infon key="section_type">REF</infon><infon key="source">J Infect Dis</infon><infon key="type">ref</infon><infon key="volume">214</infon><infon key="year">2016</infon><offset>29715</offset><text>Participatory syndromic surveillance of influenza in Europe</text></passage><passage><infon key="fpage">535</infon><infon key="lpage">544</infon><infon key="name_0">surname:Fry;given-names:M</infon><infon key="name_1">surname:Balluz;given-names:L</infon><infon key="name_2">surname:Finelli;given-names:L</infon><infon key="section_type">REF</infon><infon key="source">HHS Public Access</infon><infon key="type">ref</infon><infon key="volume">210</infon><infon key="year">2015</infon><offset>29775</offset></passage><passage><infon key="fpage">e18</infon><infon key="name_0">surname:Baltrusaitis;given-names:K</infon><infon key="name_1">surname:Santillana;given-names:M</infon><infon key="name_2">surname:Crawley;given-names:AW</infon><infon key="name_3">surname:Chunara;given-names:R</infon><infon key="name_4">surname:Smolinski;given-names:M</infon><infon key="name_5">surname:Brownstein;given-names:JS</infon><infon key="pub-id_doi">10.2196/publichealth.7304</infon><infon key="section_type">REF</infon><infon key="source">JMIR public Heal Surveill</infon><infon key="type">ref</infon><infon key="volume">3</infon><infon key="year">2017</infon><offset>29776</offset><text>Determinants of participants’ follow-up and characterization of representativeness in flu near you, a participatory disease surveillance system</text></passage><passage><infon key="section_type">REF</infon><infon key="type">ref</infon><offset>29922</offset><text>Dalton C, Carlson SJ, Butler MT, Cassano D, Clarke S, Fejsa J, et al. Insights from Flutracking – 12 tips to growing an online participatory surveillance system. JMIR public Heal Surveill. 2017;</text></passage></document></collection>
