<?xml version="1.0" encoding="UTF-8"?>
<!DOCTYPE collection SYSTEM "BioC.dtd">
<collection><source>PMC</source><date>20201222</date><key>pmc.key</key><document><id>6125116</id><infon key="license">CC BY-NC</infon><passage><infon key="article-id_doi">10.9740/mhc.2018.09.227</infon><infon key="article-id_pmc">6125116</infon><infon key="article-id_pmid">30206506</infon><infon key="article-id_sici">mhcl-08-05-01</infon><infon key="fpage">227</infon><infon key="issue">5</infon><infon key="kwd">stigma mental illness crowdsourcing</infon><infon key="license">This is an open access article distributed under the terms of the Creative Commons Attribution-NonCommercial 3.0 License, which permits non-commercial use, distribution, and reproduction in any medium, provided the original work is properly cited.</infon><infon key="lpage">234</infon><infon key="name_0">surname:Palmer;given-names:Emma C.</infon><infon key="name_1">surname:Douglass;given-names:Amber R.</infon><infon key="name_2">surname:Smith;given-names:Thomas</infon><infon key="name_3">surname:Fuentes;given-names:David G.</infon><infon key="section_type">TITLE</infon><infon key="title">Keywords</infon><infon key="type">front</infon><infon key="volume">8</infon><infon key="year">2018</infon><offset>0</offset><text>Evaluation of perceptions and knowledge of mental illness in the United States through crowdsourcing</text></passage><passage><infon key="section_type">ABSTRACT</infon><infon key="type">abstract_title_1</infon><offset>101</offset><text>Introduction:</text></passage><passage><infon key="section_type">ABSTRACT</infon><infon key="type">abstract</infon><offset>115</offset><text>Crowdsourcing is a method of data collection with possible benefits in assessing perceptions of mental illness in a large US population.</text></passage><passage><infon key="section_type">ABSTRACT</infon><infon key="type">abstract_title_1</infon><offset>252</offset><text>Methods:</text></passage><passage><infon key="section_type">ABSTRACT</infon><infon key="type">abstract</infon><offset>261</offset><text>The objective was to describe perceptions and trends of stigma surrounding mental illness in the United States using crowdsourcing. An online survey was conducted evaluating adults in the United States recruited via the online resource Amazon Mechanical Turk. Questions evaluated demographics and perceptions of mental illness. Survey data were adjusted for demographic variables and compared via logistic regression.</text></passage><passage><infon key="section_type">ABSTRACT</infon><infon key="type">abstract_title_1</infon><offset>679</offset><text>Results:</text></passage><passage><infon key="section_type">ABSTRACT</infon><infon key="type">abstract</infon><offset>688</offset><text>Respondents (n = 1422) were predominately 18 to 30 years of age (n = 743; 52.3%) and white (n = 1101; 77.4%). Over half reported an individual close to them had mental illness (n = 932; 65.5%), and more than one quarter (n = 397; 27.9%) reported having a current or previous mental illness. Non-whites were less likely to agree that: medications are effective (odds ratio [OR] 0.63); they would be comfortable around a coworker with mental illness (OR 0.66); and mental illness is inheritable (OR 0.74). They are also more likely to agree that mental illness is preventable (OR 1.49). Individuals reporting mental illness were more likely to agree that medications (OR 1.34; 95% confidence interval 1.03 to 1.74) and talk therapy (OR 1.46; 95% confidence interval 1.12 to 1.90) are effective. Those reporting some or no college were more likely to agree that the United States has good access to mental health treatment.</text></passage><passage><infon key="section_type">ABSTRACT</infon><infon key="type">abstract_title_1</infon><offset>1629</offset><text>Discussion:</text></passage><passage><infon key="section_type">ABSTRACT</infon><infon key="type">abstract</infon><offset>1641</offset><text>Crowdsourcing may be an effective way to obtain information regarding demographics, stigma, and mental illness. Personal experiences with mental illness, ethnicity, and educational level appear to continue to impact perceptions of mental illness.</text></passage><passage><infon key="section_type">INTRO</infon><infon key="type">title_1</infon><offset>1888</offset><text>Introduction</text></passage><passage><infon key="section_type">INTRO</infon><infon key="type">paragraph</infon><offset>1901</offset><text>Mental illness remains common across the United States. Data from the National Institute of Mental Health National Survey on Drug Use and Health indicated that 44.7 million US adults had a mental illness, and 43.1% of those received services in 2016. According to the National Alliance on Mental Illness, African, Hispanic, and Asian Americans used mental health services between half and one-third the rate of whites. In 2002, an estimated total direct and indirect societal cost of patients living with severe mental illness was greater than $300 billion yearly. Mental health care related expenditures ranked as high as the third costliest of medical conditions in 2006.</text></passage><passage><infon key="section_type">INTRO</infon><infon key="type">paragraph</infon><offset>2575</offset><text>Based on data collected by the Centers for Disease Control and Prevention in 2007, approximately 25% of adults with mental illness believed that others are sympathetic toward patients diagnosed with these conditions. The public's perceptions of mental health and mental illness have been studied in systematic reviews in regards to both individuals in public and in the workplace. The portrayal of mental illness in the media has also had an impact on the public's understanding of mental health and issues related to stigma. Reviews of university students described significant prevalence of illness, suggesting the need for both recognizing mental illness and improving education regarding stigma. Rusch and colleagues described 3 types of stigma: negative stereotypes, prejudice with negative emotional reactions, and discrimination. Considering prevalence of stigma that continues to the current day, it is imperative to continue to research these elements.</text></passage><passage><infon key="section_type">INTRO</infon><infon key="type">paragraph</infon><offset>3537</offset><text>A systematic review evaluated a number of health and medicine-based crowdsourcing studies. Their findings suggest that crowdsourcing can be a way to quickly and inexpensively produce a high-quality research project that can benefit many. Crowdsourcing is the process of obtaining information by soliciting contributions from a large number of people, typically from the internet. It has been defined as “an online, distributed, problem-solving, and production model that uses the collective intelligence of networked communities for specific purposes.” There are little data utilizing crowdsourcing as a primary instrument for assessing current stigma in mental health. Crowdsourcing may possibly be an untapped resource with a potential opportunity, which is one of the broad goals this study seeks to determine.</text></passage><passage><infon key="section_type">INTRO</infon><infon key="type">paragraph</infon><offset>4355</offset><text>The primary objective of this study was to explore characteristics of the US population regarding mental illness demographics using crowdsourcing. The secondary objective was to assess demographics that may impact perceptions, stigma, and knowledge of mental illness.</text></passage><passage><infon key="section_type">METHODS</infon><infon key="type">title_1</infon><offset>4623</offset><text>Methods</text></passage><passage><infon key="section_type">METHODS</infon><infon key="type">paragraph</infon><offset>4631</offset><text>A pilot survey was developed by the researchers and imported into Amazon Mechanical Turk's (AMT; Seattle, WA) database (Table 1). Amazon Mechanical Turk is an online database that uses individuals to complete various online tasks, which can include responding to surveys, tagging items, or performing other tasks that cannot be completed using artificial intelligence. The electronic survey was posted on the internet through the AMT website and was available to individuals aged 18 to 65 in the United States. The project was approved by the Institutional Review Board at Sullivan University College of Pharmacy and was funded through an internal grant provided by Sullivan University. Due to the broader goals, the researchers developed the pilot survey to ask additional questions covering themes of cognitive and behavioral constructs in stigma. Areas covered included constructs regarding stereotyping, institutionalization, and mental health funding, and knowledge questions regarding treatment and disability. Survey items were independently evaluated by the institution's research committee members but not statistically validated prior to administration.</text></passage><passage><infon key="file"></infon><infon key="id">i2168-9709-8-5-227-t01</infon><infon key="section_type">TABLE</infon><infon key="type">table_caption</infon><offset>5795</offset><text>Survey questions</text></passage><passage><infon key="section_type">METHODS</infon><infon key="type">paragraph</infon><offset>5812</offset><text>Subjects were required to have an approval rating of at least 90% based on successful completion of previous AMT tasks, which is commonly used as a measure of reliability of workers. Prior to initiating the survey, respondents reviewed an informed consent document. Subjects were then given a 45-minute time limit to complete the survey and compensated US$0.50 for their participation, which is similar to other tasks available in AMT.</text></passage><passage><infon key="section_type">METHODS</infon><infon key="type">paragraph</infon><offset>6248</offset><text>To ensure that subjects were engaged in the survey, an identical question regarding the percentage of Americans with depression was presented twice. The identity of AMT workers is anonymous with a randomized worker identification to exclude duplicate responses. Exclusion criteria were: incomplete survey submission, responders answering the duplicate question differently, and multiple submissions from the same responder. The first fully complete survey received was used in analysis.</text></passage><passage><infon key="section_type">METHODS</infon><infon key="type">paragraph</infon><offset>6735</offset><text>Once collected, survey results were imported into an Excel® spreadsheet (Microsoft Office, Redmond, WA). Descriptive statistics were performed in Excel® for the primary objective. An independent biostatistician performed the statistical analyses of the secondary objective using SAS version 9.4 (SAS Institute, Cary, NC). The secondary objective was evaluated using ordered logistic regression models to quantify the strength of association while adjusting for variables. Models were adjusted for age, gender, reported close contact with mental illness, and presented as odds ratios (OR) and 95% confidence intervals (CIs). P values &lt;.05 were considered statistically significant.</text></passage><passage><infon key="section_type">RESULTS</infon><infon key="type">title_1</infon><offset>7418</offset><text>Results</text></passage><passage><infon key="section_type">RESULTS</infon><infon key="type">paragraph</infon><offset>7426</offset><text>A total of 1872 responses were received between January 12 and 14, 2015. Of these, 450 were excluded from final analysis because of incomplete survey submission (n = 380; 20%), responders answering the duplicate question differently (n = 39; 2%), and multiple submissions from the same responder (n = 31; 1.6%). Of the responses received, 1422 (76%) were included in the final analysis. Demographic data are available in Table 2, frequency distribution of survey responses is found in Table 3, and statistical analyses of demographic influences are found in Table 4.</text></passage><passage><infon key="file"></infon><infon key="id">i2168-9709-8-5-227-t02</infon><infon key="section_type">TABLE</infon><infon key="type">table_caption</infon><offset>8005</offset><text>Subject demographics</text></passage><passage><infon key="file"></infon><infon key="id">i2168-9709-8-5-227-t03</infon><infon key="section_type">TABLE</infon><infon key="type">table_caption</infon><offset>8026</offset><text>Survey responses</text></passage><passage><infon key="file"></infon><infon key="id">i2168-9709-8-5-227-t04</infon><infon key="section_type">TABLE</infon><infon key="type">table_caption</infon><offset>8043</offset><text>Adjusted odds ratios (and 95% confidence intervals) for select variables</text></passage><passage><infon key="section_type">RESULTS</infon><infon key="type">title_2</infon><offset>8116</offset><text>Experience With Mental Illness</text></passage><passage><infon key="section_type">RESULTS</infon><infon key="type">paragraph</infon><offset>8147</offset><text>Over half of respondents reported an individual close to them had mental illness (n = 932; 65.5%), and more than one quarter (n = 397; 27.9%) reported having a current or previous mental illness.</text></passage><passage><infon key="section_type">RESULTS</infon><infon key="type">title_2</infon><offset>8351</offset><text>Disease Opinions</text></passage><passage><infon key="section_type">RESULTS</infon><infon key="type">paragraph</infon><offset>8368</offset><text>Participants were less likely to identify a mental illness as most dangerous, compared to the 81% who identified heart disease, colon cancer, or diabetes collectively as most dangerous. Anxiety was most often reported as least dangerous by participants (39%).</text></passage><passage><infon key="section_type">RESULTS</infon><infon key="type">title_2</infon><offset>8628</offset><text>Mental Health Status</text></passage><passage><infon key="section_type">RESULTS</infon><infon key="type">paragraph</infon><offset>8649</offset><text>Survey participants who reported having a mental illness were statistically more likely to agree with several statements, including: that medications (OR 1.34; 95% CI 1.03 to 1.74) and talk therapy (OR 1.46; 95% CI 1.12 to 1.90) are effective; they would feel comfortable around a coworker with mental illness (OR 2.05; 95% CI 1.56 to 2.69); and that mental illness is inheritable from your relatives (OR 1.50; 95% CI 1.14 to 1.96).</text></passage><passage><infon key="section_type">RESULTS</infon><infon key="type">title_2</infon><offset>9082</offset><text>Ethnicity</text></passage><passage><infon key="section_type">RESULTS</infon><infon key="type">paragraph</infon><offset>9092</offset><text>Non-white participants were more likely to report that mental illness is preventable (OR 1.49; 95% CI 1.18 to 1.88) and less likely to agree that medications are effective (OR 0.63; 95% CI 0.50 to 0.80). Non-whites were also less likely to report feeling comfortable around a coworker with mental illness (OR 0.66; 95% CI 0.52 to 0.84) and less likely to endorse that mental illness is inheritable (OR 0.74; 95% CI 0.58 to 0.95).</text></passage><passage><infon key="section_type">RESULTS</infon><infon key="type">title_2</infon><offset>9522</offset><text>Education</text></passage><passage><infon key="section_type">RESULTS</infon><infon key="type">paragraph</infon><offset>9532</offset><text>Compared to survey participants who completed 4-year college degrees or higher, survey participants who completed some college were more likely to report that people in the United States have good access to mental health treatment (OR 1.23; 95% CI 1.00 to 1.50) and less likely to agree that medication treatment is effective (OR 0.78; 95% CI 0.63 to 0.97). Participants who reported no college were also more likely to agree that people in the United States have good access to treatment (OR 1.52; 95% CI 1.11 to 2.06) and less likely to agree exercise can help treat mental illness (OR 0.54; 95% CI 0.39 to 0.74).</text></passage><passage><infon key="section_type">DISCUSS</infon><infon key="type">title_1</infon><offset>10148</offset><text>Discussion</text></passage><passage><infon key="section_type">DISCUSS</infon><infon key="type">paragraph</infon><offset>10159</offset><text>Stigma not only directly affects patients with mental illness, it may deter individuals from seeking help. Data from previous studies have also found significant differences in perceptions based on racial/ethnic identities. Other concerns to consider are that laypeople may be unable to recognize specific disorders or types of psychological distress. Studies examining and establishing themes with mental illness in the area of stigma is crucial. A survey by Yokoya and colleagues included 1085 respondents, and only 58.9% believed in the effectiveness of pharmacotherapy for depression. Given that disparities in perceptions and access to mental health among minority populations have been documented for many years, those disparities found within our survey are in line with previous experience in this field. In addition, a recently published study examining mental health literacy in college-aged males has reported higher degrees of education contributing to lower levels of stigma, which is similar to some of the associations found in this study.</text></passage><passage><infon key="section_type">DISCUSS</infon><infon key="type">paragraph</infon><offset>11214</offset><text>Comparing this study's demographic data to 2010 US census data, gender and ethnicity appear similar, which gives credence to the hypothesis that crowdsourcing can provide a representative population. Participants in this survey were 46.1% female compared with 50.8% of the US population. Regarding ethnicity, 77.4% of subjects reported to be white, compared with 77.1% in census data. Asian (7.5%), black (6%), Hispanic/Latino (5.8%) compared to 4.8%, 12.6%, and 16.3% from census data respectively. It is more difficult to compare age groups as this study included respondents aged 18 to 65.</text></passage><passage><infon key="section_type">DISCUSS</infon><infon key="type">paragraph</infon><offset>11807</offset><text>This study also supports the use of crowdsourcing to obtain data in an efficient way. Hundreds of responses were obtained from individuals over a short period of time with a relative low cost of approximately US$0.60 per response, including AMT fees. This is in line with suggestions from the systematic review by Ranard et al and incorporated areas they found to be lacking in crowdsourcing publications, such as demographics of the participating crowd. This method of collecting data may prove to be a cost-effective, high-quality, and under-utilized process that should continue to be investigated in the future.</text></passage><passage><infon key="section_type">DISCUSS</infon><infon key="type">paragraph</infon><offset>12423</offset><text>Based on findings, a follow-up study directed at a more targeted population, such as minority groups, may be of interest. It is well known that minorities are underrepresented in clinical research, and crowdsourcing may offer an alternative approach to access these populations that otherwise are underrepresented. The paucity of data that is available examining stigma in minority populations may be supported by this study. Cultural values of individuals may vary significantly, particularly from assumed cultural norms of whites in the United States. Others also support this strategy, as they found that AMT offers more demographically diverse samples than some traditional methods. Additional studies on minority groups may add valuable insights.</text></passage><passage><infon key="section_type">DISCUSS</infon><infon key="type">paragraph</infon><offset>13175</offset><text>This study has notable limitations. Respondents were inherently required to have access to the internet and have the ability to read and comprehend English. This method of data collection makes it difficult to assess those of low socioeconomic, educational, and/or English literacy level. This is evident by the increased percentage of respondents completing higher education compared to the US population. Additionally, the survey instrument itself contains wording that might be difficult to interpret. Specific areas involve the use of a non-validated or pretested measure. Responders were unable to ask to clarify a question that may not make sense to him or her, which could alter results. Also, data that required sophisticated adjustment for confounding variables and analysis of subgroups needed additional funding for biostatistician evaluation to confidently determine significance or lack thereof. Notable issues related to the specifics regarding remuneration can also be seen as limitations, as AMT are also cited as receiving US$0.10 hourly. Because of the study instrument and less-specific population examined, study findings across previously published data may be difficult to generalize. While other studies have examined cross-cultural beliefs regarding psychiatric illnesses, the differing constructs of the analysis make the data difficult to compare. Along those lines, there appears to be a gap in the literature regarding several points of discussion reported in this study. Furthermore, this study offered a specific compensation, therefore individuals who may not have been interested in the task or satisfied with the offered compensation may have declined to participate.</text></passage><passage><infon key="section_type">CONCL</infon><infon key="type">title_1</infon><offset>14876</offset><text>Conclusion</text></passage><passage><infon key="section_type">CONCL</infon><infon key="type">paragraph</infon><offset>14887</offset><text>Crowdsourcing may be a useful method of obtaining information regarding mental illness in the United States. These data indicate significant prevalence and awareness of mental illness, with varying perceptions of mental illness between white and minority populations. Factors that may influence perceptions of mental illness include personal experiences, ethnicity, and educational level. These data continue to describe a present force in US culture and a continuing concern. Future studies using crowdsourcing may be a practical and beneficial option in continued study of population perspectives.</text></passage><passage><infon key="section_type">CONCL</infon><infon key="type">footnote</infon><offset>15487</offset><text>Disclosures: None of the authors report competing interests.</text></passage><passage><infon key="section_type">REF</infon><infon key="type">title</infon><offset>15548</offset><text>References</text></passage><passage><infon key="comment">c2014 [updated 2017 Nov; cited 2018 Jul 26] Available from: https://www.nimh.nih.gov/health/statistics/mental-illness.shtml</infon><infon key="section_type">REF</infon><infon key="source">Any mental illness (AMI) among US adults</infon><infon key="type">ref</infon><offset>15559</offset></passage><passage><infon key="comment">; c2015 [updated 2017 Jun; cited 2017 Jun 7] Available from: https://www.nami.org/Learn-More/Mental-Health-By-the-Numbers</infon><infon key="section_type">REF</infon><infon key="source">Mental health by the numbers</infon><infon key="type">ref</infon><offset>15560</offset></passage><passage><infon key="comment">; c2008 [updated 2008 Jun; cited 2017 Jun 7] Available from: http://www.nimh.nih.gov/health/statistics/cost/file_148243.pdf</infon><infon key="section_type">REF</infon><infon key="source">Annual total direct and indirect costs of serious mental illness (SMI) in 2002</infon><infon key="type">ref</infon><offset>15561</offset></passage><passage><infon key="comment">; c2006 [updated 2009 Jul; cited 2017 Jun 7] Available from: http://www.nimh.nih.gov/health/statistics/cost/file_148349.pdf</infon><infon key="section_type">REF</infon><infon key="source">Total expenditures for the five most costly medical conditions (1996 vs 2006)</infon><infon key="type">ref</infon><offset>15562</offset></passage><passage><infon key="comment">; c2013 [cited 2017 Jun 7] Available from: https://www.cdc.gov/hrqol/Mental_Health_Reports/pdf/BRFSS_Full%20Report.pdf</infon><infon key="section_type">REF</infon><infon key="source">Stigma of mental illness</infon><infon key="type">ref</infon><offset>15563</offset></passage><passage><infon key="comment">DOI: 10.1111/j.1600-0447.2012.01826.x PubMed PMID:   PubMed PMID: 22242976</infon><infon key="element-citation">22242976</infon><infon key="fpage">440</infon><infon key="issue">6</infon><infon key="lpage">52</infon><infon key="name_0">surname:Schomerus</infon><infon key="name_1">surname:Schwahn</infon><infon key="name_2">surname:Holzinger</infon><infon key="name_3">surname:Corrigan</infon><infon key="name_4">surname:Grabe</infon><infon key="name_5">surname:Carta</infon><infon key="pub-id_doi">10.1111/j.1600-0447.2012.01826.x</infon><infon key="pub-id_pmid">22242976</infon><infon key="section_type">REF</infon><infon key="source">Acta Psychiatr Scand</infon><infon key="type">ref</infon><infon key="volume">125</infon><infon key="year">2012</infon><offset>15564</offset><text>Evolution of public attitudes about mental illness: a systematic review and meta-analysis</text></passage><passage><infon key="comment">DOI: 10.1017/S0033291714000129 PubMed PMID:   PubMed PMID: 24569086</infon><infon key="element-citation">24569086</infon><infon key="fpage">11</infon><infon key="issue">1</infon><infon key="lpage">27</infon><infon key="name_0">surname:Clement</infon><infon key="name_1">surname:Schauman</infon><infon key="name_2">surname:Graham</infon><infon key="name_3">surname:Maggioni</infon><infon key="name_4">surname:Evans-Lacko</infon><infon key="name_5">surname:Bezborodovs</infon><infon key="pub-id_doi">10.1017/S0033291714000129</infon><infon key="pub-id_pmid">24569086</infon><infon key="section_type">REF</infon><infon key="source">Psychol Med</infon><infon key="type">ref</infon><infon key="volume">45</infon><infon key="year">2015</infon><offset>15654</offset><text>What is the impact of mental health-related stigma on help-seeking? A systematic review of quantitative and qualitative studies</text></passage><passage><infon key="comment">DOI: 10.1192/bjp.bp.114.151944 PubMed PMID:   PubMed PMID: 26527664</infon><infon key="element-citation">26527664</infon><infon key="fpage">377</infon><infon key="issue">5</infon><infon key="lpage">84</infon><infon key="name_0">surname:Mehta</infon><infon key="name_1">surname:Clement</infon><infon key="name_2">surname:Marcus</infon><infon key="name_3">surname:Stona;given-names:A</infon><infon key="name_4">surname:Bezborodovs</infon><infon key="name_5">surname:Evans-Lacko</infon><infon key="pub-id_doi">10.1192/bjp.bp.114.151944</infon><infon key="pub-id_pmid">26527664</infon><infon key="section_type">REF</infon><infon key="source">Br J Psychiatry</infon><infon key="type">ref</infon><infon key="volume">207</infon><infon key="year">2015</infon><offset>15782</offset><text>Evidence for effective interventions to reduce mental health-related stigma and discrimination in the medium and long term: systematic review</text></passage><passage><infon key="comment">DOI: 10.1186/s12888-015-0706-4 PubMed PMID: 26739960 PubMed Central PMCID:   PubMed PMID: 26739960 PubMed Central PMCID: PMC4704270</infon><infon key="element-citation">26739960PMC4704270</infon><infon key="fpage">1</infon><infon key="name_0">surname:Hanisch</infon><infon key="name_1">surname:Twomey</infon><infon key="name_2">surname:Szeto;given-names:A</infon><infon key="name_3">surname:Birner</infon><infon key="name_4">surname:Nowak</infon><infon key="name_5">surname:Sabariego</infon><infon key="pub-id_doi">10.1186/s12888-015-0706-4</infon><infon key="pub-id_pmid">26739960</infon><infon key="section_type">REF</infon><infon key="source">BMC Psychiatry</infon><infon key="type">ref</infon><infon key="volume">16</infon><infon key="year">2016</infon><offset>15924</offset><text>The effectiveness of interventions targeting the stigma of mental illness at the workplace: a systematic review</text></passage><passage><infon key="comment">;7:CD009453. DOI: 10.1002/14651858.CD009453.pub2 PubMed PMID:   PubMed PMID: 23881731</infon><infon key="element-citation">23881731</infon><infon key="name_0">surname:Clement</infon><infon key="name_1">surname:Lassman</infon><infon key="name_2">surname:Barley</infon><infon key="name_3">surname:Evans-Lacko</infon><infon key="name_4">surname:Williams</infon><infon key="name_5">surname:Yamaguchi</infon><infon key="pub-id_doi">10.1002/14651858.CD009453.pub2</infon><infon key="section_type">REF</infon><infon key="source">Cochrane Database Syst Rev</infon><infon key="type">ref</infon><infon key="year">2013</infon><offset>16036</offset><text>Mass media interventions for reducing mental health-related stigma</text></passage><passage><infon key="comment">DOI: 10.3109/01612840903537167 PubMed PMID:   PubMed PMID: 20521914</infon><infon key="element-citation">20521914</infon><infon key="fpage">450</infon><infon key="issue">7</infon><infon key="lpage">5</infon><infon key="name_0">surname:Horsefall</infon><infon key="name_1">surname:Cleary</infon><infon key="name_2">surname:Hunt</infon><infon key="pub-id_doi">10.3109/01612840903537167</infon><infon key="pub-id_pmid">20521914</infon><infon key="section_type">REF</infon><infon key="source">Issues Ment Health Nurs</infon><infon key="type">ref</infon><infon key="volume">31</infon><infon key="year">2010</infon><offset>16103</offset><text>Stigma in mental health: clients and professionals</text></passage><passage><infon key="comment">DOI: 10.1016/j.jpsychires.2012.11.015 PubMed PMID:   PubMed PMID: 23260171</infon><infon key="element-citation">23260171</infon><infon key="fpage">391</infon><infon key="issue">3</infon><infon key="lpage">400</infon><infon key="name_0">surname:Ibrahim</infon><infon key="name_1">surname:Kelly</infon><infon key="name_2">surname:Adams</infon><infon key="name_3">surname:Glazebrook</infon><infon key="pub-id_doi">10.1016/j.jpsychires.2012.11.015</infon><infon key="pub-id_pmid">23260171</infon><infon key="section_type">REF</infon><infon key="source">J Psychiatr Res</infon><infon key="type">ref</infon><infon key="volume">47</infon><infon key="year">2013</infon><offset>16154</offset><text>A systematic review of studies of depression prevalence in university students</text></passage><passage><infon key="comment">DOI: 10.1186/s12888-015-0523-9 PubMed PMID: 26087847 PubMed Central PMCID:   PubMed PMID: 26087847 PubMed Central PMCID: PMC4472246</infon><infon key="element-citation">26087847PMC4472246</infon><infon key="fpage">1</infon><infon key="name_0">surname:Amarasuriya</infon><infon key="name_1">surname:Jorm</infon><infon key="name_2">surname:Reavley</infon><infon key="name_3">surname:Mackinnon</infon><infon key="pub-id_doi">10.1186/s12888-015-0523-9</infon><infon key="pub-id_pmid">25609320</infon><infon key="section_type">REF</infon><infon key="source">BMC Psychiatry</infon><infon key="type">ref</infon><infon key="volume">15</infon><infon key="year">2015</infon><offset>16233</offset><text>Stigmatising attitudes of undergraduates towards their peers with depression: a cross-sectional study in Sri Lanka</text></passage><passage><infon key="comment">DOI: 10.1192/bjp.bp.113.131961 PubMed PMID:   PubMed PMID: 24692749</infon><infon key="element-citation">24692749</infon><infon key="fpage">249</infon><infon key="lpage">51</infon><infon key="name_0">surname:Rüsch</infon><infon key="name_1">surname:Thornicroft</infon><infon key="pub-id_doi">10.1192/bjp.bp.113.131961</infon><infon key="pub-id_pmid">24692749</infon><infon key="section_type">REF</infon><infon key="source">Br J Psychiatry</infon><infon key="type">ref</infon><infon key="volume">204</infon><infon key="year">2014</infon><offset>16348</offset><text>Does stigma impair prevention of mental disorders?</text></passage><passage><infon key="comment">DOI: 10.1007/s11606-013-2536-8 PubMed PMID: 23843021 PubMed Central PMCID:   PubMed PMID: 23843021 PubMed Central PMCID: PMC3889976</infon><infon key="element-citation">23843021PMC3889976</infon><infon key="fpage">187</infon><infon key="issue">1</infon><infon key="lpage">203</infon><infon key="name_0">surname:Ranard</infon><infon key="name_1">surname:Ha</infon><infon key="name_2">surname:Meisel</infon><infon key="name_3">surname:Asch</infon><infon key="name_4">surname:Hill</infon><infon key="name_5">surname:Becker</infon><infon key="pub-id_doi">10.1007/s11606-013-2536-8</infon><infon key="pub-id_pmid">23843021</infon><infon key="section_type">REF</infon><infon key="source">J Gen Intern Med</infon><infon key="type">ref</infon><infon key="volume">29</infon><infon key="year">2014</infon><offset>16399</offset><text>Crowdsourcing—harnessing the masses to advance health and medicine, a systematic review</text></passage><passage><infon key="comment">DOI: 10.1016/j.amepre.2013.10.016 PubMed PMID:   PubMed PMID: 24439353</infon><infon key="element-citation">24439353</infon><infon key="fpage">179</infon><infon key="issue">2</infon><infon key="lpage">87</infon><infon key="name_0">surname:Brabham</infon><infon key="name_1">surname:Ribisl</infon><infon key="name_2">surname:Kirchner</infon><infon key="name_3">surname:Bernhardt</infon><infon key="pub-id_doi">10.1016/j.amepre.2013.10.016</infon><infon key="pub-id_pmid">24439353</infon><infon key="section_type">REF</infon><infon key="source">Am J Prev Med</infon><infon key="type">ref</infon><infon key="volume">46</infon><infon key="year">2014</infon><offset>16489</offset><text>Crowdsourcing applications for public health</text></passage><passage><infon key="fpage">184</infon><infon key="issue">3</infon><infon key="lpage">8</infon><infon key="name_0">surname:Paolacci</infon><infon key="name_1">surname:Chandler</infon><infon key="pub-id_doi">10.1177/0963721414531598</infon><infon key="section_type">REF</infon><infon key="source">Curr Dir Psychol Sci</infon><infon key="type">ref</infon><infon key="volume">23</infon><infon key="year">2014</infon><offset>16534</offset><text>Inside the Turk: understanding Mechanical Turk as a participant tool</text></passage><passage><infon key="comment">DOI: 10.1016/j.cpr.2010.06.004 PubMed PMID:   PubMed PMID: 20674114</infon><infon key="element-citation">20674114</infon><infon key="fpage">907</infon><infon key="issue">8</infon><infon key="lpage">22</infon><infon key="name_0">surname:Corrigan</infon><infon key="name_1">surname:Shapiro</infon><infon key="pub-id_doi">10.1016/j.cpr.2010.06.004</infon><infon key="pub-id_pmid">20674114</infon><infon key="section_type">REF</infon><infon key="source">Clin Psychol Rev</infon><infon key="type">ref</infon><infon key="volume">30</infon><infon key="year">2010</infon><offset>16603</offset><text>Measuring the impact of programs that challenge the public stigma of mental illness</text></passage><passage><infon key="comment">DOI: 10.1097/NMD.0b013e31815c046e PubMed PMID:   PubMed PMID: 18091196</infon><infon key="element-citation">18091196</infon><infon key="fpage">1020</infon><infon key="issue">12</infon><infon key="lpage">3</infon><infon key="name_0">surname:Rao</infon><infon key="name_1">surname:Feinglass</infon><infon key="name_2">surname:Corrigan</infon><infon key="pub-id_doi">10.1097/NMD.0b013e31815c046e</infon><infon key="pub-id_pmid">18091196</infon><infon key="section_type">REF</infon><infon key="source">J Nerv Ment Dis</infon><infon key="type">ref</infon><infon key="volume">195</infon><infon key="year">2007</infon><offset>16687</offset><text>Racial and ethnic disparities in mental illness stigma</text></passage><passage><infon key="comment">DOI: 10.1192/bjp.177.5.396 PubMed PMID:   PubMed PMID: 11059991</infon><infon key="element-citation">11059991</infon><infon key="fpage">396</infon><infon key="issue">05</infon><infon key="lpage">401</infon><infon key="name_0">surname:Jorm</infon><infon key="pub-id_doi">10.1192/bjp.177.5.396</infon><infon key="pub-id_pmid">11059991</infon><infon key="section_type">REF</infon><infon key="source">Br J Psychiatry</infon><infon key="type">ref</infon><infon key="volume">177</infon><infon key="year">2000</infon><offset>16742</offset><text>Mental health literacy. Public knowledge and beliefs about mental disorders</text></passage><passage><infon key="comment">DOI: 10.1007/s00127-013-0729-4 PubMed PMID:   PubMed PMID: 23835576</infon><infon key="element-citation">23835576</infon><infon key="fpage">79</infon><infon key="issue">1</infon><infon key="lpage">87</infon><infon key="name_0">surname:Mestdagh</infon><infon key="name_1">surname:Hansen</infon><infon key="pub-id_doi">10.1007/s00127-013-0729-4</infon><infon key="pub-id_pmid">23835576</infon><infon key="section_type">REF</infon><infon key="source">Soc Psychiatry Psychiatr Epidemiol</infon><infon key="type">ref</infon><infon key="volume">49</infon><infon key="year">2014</infon><offset>16818</offset><text>Stigma in patients with schizophrenia receiving community mental health care: a review of qualitative studies</text></passage><passage><infon key="comment">DOI: 10.14740/jocmr3282w PubMed PMID: 29416578 PubMed Central PMCID:   PubMed PMID: 29416578 PubMed Central PMCID: PMC5798266</infon><infon key="element-citation">29416578PMC5798266</infon><infon key="fpage">202</infon><infon key="issue">3</infon><infon key="lpage">9</infon><infon key="name_0">surname:Yokoya</infon><infon key="name_1">surname:Maeno</infon><infon key="name_2">surname:Sakamoto</infon><infon key="name_3">surname:Goto</infon><infon key="name_4">surname:Maeno</infon><infon key="pub-id_doi">10.14740/jocmr3282w</infon><infon key="pub-id_pmid">29416578</infon><infon key="section_type">REF</infon><infon key="source">J Clin Med Res</infon><infon key="type">ref</infon><infon key="volume">10</infon><infon key="year">2018</infon><offset>16928</offset><text>A brief survey of public knowledge and stigma towards depression</text></passage><passage><infon key="comment">DOI: 10.1080/07448481.2018.1434780 PubMed PMID:   PubMed PMID: 29419361</infon><infon key="element-citation">29419361</infon><infon key="fpage">284</infon><infon key="issue">4</infon><infon key="lpage">91</infon><infon key="name_0">surname:Rafal</infon><infon key="name_1">surname:Gatto</infon><infon key="name_2">surname:DeBate</infon><infon key="pub-id_doi">10.1080/07448481.2018.1434780</infon><infon key="pub-id_pmid">29419361</infon><infon key="section_type">REF</infon><infon key="source">J Am Coll Health</infon><infon key="type">ref</infon><infon key="volume">66</infon><infon key="year">2018</infon><offset>16993</offset><text>Mental health literacy, stigma, and help-seeking behaviors among male college students</text></passage><passage><infon key="comment">; c2015 [cited 2017 Jun 6] Available from: https://www.census.gov/quickfacts</infon><infon key="section_type">REF</infon><infon key="source">Quick facts (2010-2015 data)</infon><infon key="type">ref</infon><offset>17080</offset></passage><passage><infon key="comment">DOI: 10.1002/da.22153 PubMed PMID:   PubMed PMID: 23959771</infon><infon key="element-citation">23959771</infon><infon key="fpage">258</infon><infon key="issue">3</infon><infon key="lpage">67</infon><infon key="name_0">surname:Aponte-Rivera</infon><infon key="name_1">surname:Dunlop</infon><infon key="name_2">surname:Ramirez</infon><infon key="name_3">surname:Kelley</infon><infon key="name_4">surname:Schneider</infon><infon key="name_5">surname:Blastos</infon><infon key="pub-id_doi">10.1002/da.22153</infon><infon key="pub-id_pmid">23959771</infon><infon key="section_type">REF</infon><infon key="source">Depress Anxiety</infon><infon key="type">ref</infon><infon key="volume">31</infon><infon key="year">2014</infon><offset>17081</offset><text>Enhancing Hispanic participation in mental health clinical research: development of a Spanish-speaking depression research site</text></passage><passage><infon key="comment">DOI: 10.1016/j.cpr.2011.05.003 PubMed PMID:   PubMed PMID: 21683671</infon><infon key="element-citation">21683671</infon><infon key="fpage">934</infon><infon key="issue">6</infon><infon key="lpage">48</infon><infon key="name_0">surname:Abdullah</infon><infon key="name_1">surname:Brown</infon><infon key="pub-id_doi">10.1016/j.cpr.2011.05.003</infon><infon key="pub-id_pmid">21683671</infon><infon key="section_type">REF</infon><infon key="source">Clin Psychol Rev</infon><infon key="type">ref</infon><infon key="volume">31</infon><infon key="year">2011</infon><offset>17209</offset><text>Mental illness stigma and ethnocultural beliefs, values, and norms: an integrative review</text></passage><passage><infon key="comment">DOI: 10.1177/1745691610393980 PubMed PMID:   PubMed PMID: 26162106</infon><infon key="element-citation">26162106</infon><infon key="fpage">3</infon><infon key="issue">1</infon><infon key="lpage">5</infon><infon key="name_0">surname:Buhrmester</infon><infon key="name_1">surname:Kwang</infon><infon key="name_2">surname:Gosling</infon><infon key="pub-id_doi">10.1177/1745691610393980</infon><infon key="pub-id_pmid">26162106</infon><infon key="section_type">REF</infon><infon key="source">Perspect Psychol Sci</infon><infon key="type">ref</infon><infon key="volume">6</infon><infon key="year">2011</infon><offset>17299</offset><text>Amazon's Mechanical Turk: a new source of inexpensive, yet high-quality, data?</text></passage><passage><infon key="comment">DOI: 10.3389/fpsyg.2015.01272 PubMed PMID: 26441699 PubMed Central PMCID:   PubMed PMID: 26441699 PubMed Central PMCID: PMC4561812</infon><infon key="element-citation">26441699PMC4561812</infon><infon key="fpage">1272</infon><infon key="name_0">surname:Altweck</infon><infon key="name_1">surname:Marshall</infon><infon key="name_2">surname:Ferenczi</infon><infon key="name_3">surname:Lefringhausen</infon><infon key="pub-id_doi">10.3389/fpsyg.2015.01272</infon><infon key="pub-id_pmid">26441699</infon><infon key="section_type">REF</infon><infon key="source">Front Psychol</infon><infon key="type">ref</infon><infon key="volume">6</infon><infon key="year">2015</infon><offset>17378</offset><text>Mental health literacy: a cross-cultural approach to knowledge and beliefs about depression, schizophrenia and generalized anxiety disorder</text></passage></document></collection>
