<?xml version="1.0" encoding="UTF-8"?>
<!DOCTYPE collection SYSTEM "BioC.dtd">
<collection><source>PMC</source><date>20201223</date><key>pmc.key</key><document><id>6190540</id><infon key="license">CC BY</infon><passage><infon key="article-id_doi">10.1186/s40413-018-0203-6</infon><infon key="article-id_pmc">6190540</infon><infon key="article-id_pmid">30349618</infon><infon key="article-id_publisher-id">203</infon><infon key="elocation-id">24</infon><infon key="issue">1</infon><infon key="kwd">Symptom data- SLI Patient’s Hayfever diary Pollen allergy Pollen concentrations</infon><infon key="license">Open Access This article is distributed under the terms of the Creative Commons Attribution 4.0 International License (http://creativecommons.org/licenses/by/4.0/), which permits unrestricted use, distribution, and reproduction in any medium, provided you give appropriate credit to the original author(s) and the source, provide a link to the Creative Commons license, and indicate if changes were made. The Creative Commons Public Domain Dedication waiver (http://creativecommons.org/publicdomain/zero/1.0/) applies to the data made available in this article, unless otherwise stated.</infon><infon key="name_0">surname:Bastl;given-names:Katharina</infon><infon key="name_1">surname:Kmenta;given-names:Maximilian</infon><infon key="name_2">surname:Berger;given-names:Markus</infon><infon key="name_3">surname:Berger;given-names:Uwe</infon><infon key="section_type">TITLE</infon><infon key="title">Keywords</infon><infon key="type">front</infon><infon key="volume">11</infon><infon key="year">2018</infon><offset>0</offset><text>The connection of pollen concentrations and crowd-sourced symptom data: new insights from daily and seasonal symptom load index data from 2013 to 2017 in Vienna</text></passage><passage><infon key="section_type">ABSTRACT</infon><infon key="type">abstract_title_1</infon><offset>161</offset><text>Background</text></passage><passage><infon key="section_type">ABSTRACT</infon><infon key="type">abstract</infon><offset>172</offset><text>Online pollen diaries and mobile applications nowadays allow easy and fast documentation of pollen allergy symptoms. Such crowd-sourced symptom data provides insights into the development and the onset of a pollen allergy. Hitherto studies of the symptom load index (SLI) showed a discrepancy between the SLI and the total pollen amount of a season, but did not analyze the daily data.</text></passage><passage><infon key="section_type">ABSTRACT</infon><infon key="type">abstract_title_1</infon><offset>558</offset><text>Methods</text></passage><passage><infon key="section_type">ABSTRACT</infon><infon key="type">abstract</infon><offset>566</offset><text>The Patient’s Hayfever Diary (PHD) was used as data pool for symptom data. Symptom data of Vienna (Austria) was chosen as a large and local sample size within the study period of 2013 until 2017. The city was divided into three different areas based on equal population densities and different environmental factors. Correlation factors, regression lines, locally weighted smoothing (LOESS) curves and line plots were calculated to examine the data.</text></passage><passage><infon key="section_type">ABSTRACT</infon><infon key="type">abstract_title_1</infon><offset>1018</offset><text>Results</text></passage><passage><infon key="section_type">ABSTRACT</infon><infon key="type">abstract</infon><offset>1026</offset><text>Daily SLI and pollen concentration data correlates well and the progress of the SLI within a pollen season is mirrored by the pollen concentrations. The LOESS curves do not deviate much from the regression line and support the linearity of the symptom-pollen correlation on a daily basis. Seasonal SLI data does not follow the same pattern as the respective seasonal pollen indices. Results did not vary in the three areas within Vienna or when compared with the Eastern region of Austria showing no significant spatial variation of the SLI.</text></passage><passage><infon key="section_type">ABSTRACT</infon><infon key="type">abstract_title_1</infon><offset>1568</offset><text>Discussion</text></passage><passage><infon key="section_type">ABSTRACT</infon><infon key="type">abstract</infon><offset>1579</offset><text>Results indicate a linear relationship of the SLI and pollen concentrations/seasonal polllen index (SPIn) on a daily basis for both in general and throughout the season, but not on a seasonal basis. These findings clarify the frequent misinterpretation of the SLI as index that is tightly connected to pollen concentrations, but reflects as well the seasonal variation of the burden of pollen allergy sufferers.</text></passage><passage><infon key="section_type">ABSTRACT</infon><infon key="type">abstract_title_1</infon><offset>1991</offset><text>Conclusion</text></passage><passage><infon key="section_type">ABSTRACT</infon><infon key="type">abstract</infon><offset>2002</offset><text>More than just the seasonal pollen index has to be considered when the SLI of a selected pollen season has to be explained. Cross-reactivity to other pollen types, allergen content and air pollution could play a considerable role. The similar behavior of the SLI in Vienna and a whole region indicate the feasibility of a possible symptom forecast in future and justifies the use of a single pollen monitoring station within a city of the size of Vienna.</text></passage><passage><infon key="section_type">INTRO</infon><infon key="type">title_1</infon><offset>2457</offset><text>Background</text></passage><passage><infon key="section_type">INTRO</infon><infon key="type">paragraph</infon><offset>2468</offset><text>Allergies are recognized by the World Allergy Organization (WAO) as a global public health issue – including pollen allergies. Allergic rhinitis makes up a significant proportion of 10–30% of the global population and pollen allergies are still on the rise causing a considerable socioeconomic impact (). One million people of eight million inhabitants are affected by a pollen allergy in Austria. Therefore, pollen information plays a key role in allergen avoidance and is strongly requested by the population. However, the generation of pollen forecasts became more complicated and now has to rely on good fundamental data including symptom data in the best case since pollen measurements alone do not automatically infer the burden that has to be expected from pollen allergy sufferers.</text></passage><passage><infon key="section_type">INTRO</infon><infon key="type">paragraph</infon><offset>3262</offset><text>It has been known for some time now, that the relationship of allergic symptoms and allergen/pollen exposure is not a direct one: Ellis et al. showed that the skin test reactivity to ragweed did neither correlate with the rate of symptom development nor the symptom severity. A panel study on grass pollen allergy sufferers revealed that the linear relationship between grass pollen concentrations and grass-sensitized persons is followed by a plateau. One of the early documented causes that could explain at least a part of the observed patterns is the “priming of the end organ” (short: priming effect), which comprises the observed decreased nasal threshold for allergic rhinitis after exposure/challenges and its reversibility. Up to now, the relationship and behavior of symptom patterns and exposure is still not clarified in detail.</text></passage><passage><infon key="section_type">INTRO</infon><infon key="type">paragraph</infon><offset>4107</offset><text>Pollen diaries are easy to fill in for users and constitute a useful pool of symptom data nowadays if handled carefully. They provide crowd-sourced data that directly relate to the pollen concentrations and impact on persons concerned. A number of tools, proven valuable, are available (e.g.).</text></passage><passage><infon key="section_type">INTRO</infon><infon key="type">paragraph</infon><offset>4401</offset><text>The symptom load index (SLI) was developed as an index based on a pollen diary (Patient’s Hayfever diary (PHD); www.pollendiary.com; or in the “Pollen” App) that provides information on the burden of pollen allergy sufferers. As such it is a tool with a direct connection to those who suffer from pollen allergies and provides crucial information. The SLI proved to be a robust index through different pollen seasons or years and is applicable even on a local level. Pollen measurements are needed for the definition of a pollen season and for comparisons with the SLI (e.g.). Thus, the SLI as a number on its own is independent of pollen data and calculated only on symptom data, but is in need for pollen data when a pollen season has to be defined as a prerequisite for a mean SLI in a certain period. Other issues concern the misconception that SLI and pollen data do not correlate. This point will be clarified in detail herein.</text></passage><passage><infon key="section_type">INTRO</infon><infon key="type">paragraph</infon><offset>5341</offset><text>It is essential to understand the onset and progress of allergic symptoms for more adequate pollen forecasts and for the development of symptom forecasts. First steps were already taken in this direction: the personalized pollen information classifies users based on their entries and compare them to other users of the same home region which is already reaching beyond a pollen forecast. However, a true symptom forecast is not on the horizon yet and certainly requires a deep understanding of the relationship and behavior of crowd-sourced symptom data.</text></passage><passage><infon key="section_type">INTRO</infon><infon key="type">paragraph</infon><offset>5897</offset><text>The goal of this study was to evaluate how the SLI performs/behaves with a focus to (1) repeat a comparison of the felt burden within a certain pollen season (by the means of a mean SLI) with the pollen data of a certain pollen type (by the means of the seasonal pollen integral (SPIn)), (2) to examine if and in which extent correlation between daily SLI and pollen concentrations occur and (3) gain insight into the temporal behavior of the SLI and pollen concentrations throughout a pollen season (e.g., if peaks occur simultaneously).</text></passage><passage><infon key="section_type">METHODS</infon><infon key="type">title_1</infon><offset>6436</offset><text>Methods</text></passage><passage><infon key="section_type">METHODS</infon><infon key="type">title_2</infon><offset>6444</offset><text>Pollen data</text></passage><passage><infon key="section_type">METHODS</infon><infon key="type">paragraph</infon><offset>6456</offset><text>The pollen data for this study was evaluated with an automatic volumetric pollen and spore trap of the Hirst design situated at the rooftop of the Zentralanstalt für Meteorologie und Geodynamik in Vienna. Pollen data were collected following the minimum recommendations of the European aerobiology community (), also adhered to in the European Aeroallergen Network (EAN; https://ean.polleninfo.eu/Ean/). The following seasons were calculated following the standard season definition in the EAN database starting with 1% of the cumulative annual pollen amount and ending with 95% of the annual pollen amount: alder, birch and grass pollen season. We followed the recently published terminology for aerobiological studies by. Thus, the sum of the average daily (alder, birch or grass) pollen amounts over the defined respective pollen season was calculated as SPIn (formerly also named SPI = seasonal pollen index) and the defined pollen season refers to the MPS (main pollen season in).</text></passage><passage><infon key="section_type">METHODS</infon><infon key="type">title_2</infon><offset>7447</offset><text>Symptom data</text></passage><passage><infon key="section_type">METHODS</infon><infon key="type">paragraph</infon><offset>7460</offset><text>The symptom data used for this study was retrieved from the Patient’s Hayfever Diary (www.pollendiary.com) which is available as well as a mobile application (“Pollen”). Data for analyses were downloaded on 29th of November 2017. Data were selected and retrieved only for districts in Vienna (Austria) for the years 2013 until 2017 since user numbers are especially high from 2013 onwards. More than 50 entries per season allow a statistical analysis of a pollen season in terms of crowd-sourced symptom data. This recommendation was far exceeded by daily mean entries of above 25 (see Area classification). We applied the symptom load index (SLI) described in, which comprises in summary the average of entered symptoms (eyes, nose, lungs) and medication intake within a defined time period of a defined user sample. Users are granted anonymity and the services concerned were adapted to fulfill the latest EU regulation on data privacy (Regulation EU 2016/679) resulting in pooling only the absolute minimum of data such as symptom data and an email address in this case. Thus, personal data such as birthday or medical conditions are were not collected. Personal and symptom datasets are saved on separate servers to grant high security to avoid any unauthorized connection between them.</text></passage><passage><infon key="section_type">METHODS</infon><infon key="type">title_2</infon><offset>8757</offset><text>Area classification</text></passage><passage><infon key="section_type">METHODS</infon><infon key="type">paragraph</infon><offset>8777</offset><text>Vienna was divided into three areas to explore the variation of the SLI within a city. The division was based on population density and environmental factors. We established three areas: (1) “Vienna Center” (zip codes: 1010, 1040, 1050, 1060, 1070, 1080, 1090, 1100, 1120, 1150), (2) “Vienna East” (zip codes: 1020, 1030, 1110, 1200, 1210, 1220) and (3) “Vienna West” (zip codes: 1130, 1140, 1160, 1170, 1180, 1190, 1230). Each area within Vienna thus includes dense and less dense populated districts (see). This was cross-checked with the sample size of the PHD and resulted in a very similar sample size for each of the three areas throughout the different pollen seasons and years. A comparable sample size is important to exclude possible influences of an unreliable small dataset. As an example, the mean samples sizes for the year 2017 are noted here for “Vienna Center” (alder/birch/grass pollen season: 26/43/23), “Vienna East” (alder/birch/grass pollen season: 36/60/30) and “Vienna West” (alder/birch/grass pollen season: 38/50/28). The three areas correspond also to areas of a different vegetation influence: “Vienna Center” can be characterized as the most urbanized area with mostly parks and alley trees as green areas. This area is characterized by less grass vegetation (especially natural meadows) and fallow lands (preferred by Artemisia and Ambrosia). “Vienna East” is influenced by the river Danube and the Danube valley. This area is characterized by alluvial vegetation and taxa preferring proximity to water, e.g., species of the genus Alnus, Populus, Salix and Fraxinus. Grass areas and fallow lands are frequent due to the agricultural influence in certain districts (1110, 1210 and 1220). “Vienna West” is influenced by the Vienna forests. Therefore, natural meadows can be found in this area as well as forest elements, such as Corylus, Carpinus, Fagus, Quercus and Pinus. Fallow lands occur in this area due to the industrial area in certain districts (1130 and 1230). Vienna was chosen for this study due to the high user numbers making it the only location so far possible for a more detailed spatio-temporal analysis of crowd-sourced symptom data.</text></passage><passage><infon key="section_type">METHODS</infon><infon key="type">paragraph</infon><offset>10994</offset><text>In addition, the region “Pannonian Lowlands” comprised of Vienna, parts of Lower Austria and Burgenland was included to examine the SLI pattern for a larger area in comparison.</text></passage><passage><infon key="section_type">METHODS</infon><infon key="type">title_2</infon><offset>11175</offset><text>Statistics</text></passage><passage><infon key="file">40413_2018_203_Fig1_HTML.jpg</infon><infon key="id">Fig1</infon><infon key="section_type">FIG</infon><infon key="type">fig_caption</infon><offset>11186</offset><text>Behavior of the SLI data and the pollen data as square root of the respective aeroallergen is displayed. a, Linear regression (grey) and LOESS curve (black) in the three areas within Vienna and the Pannonian Lowlands for the respective pollen seasons (2013–2017) of alder (upper), birch (middle) and grass (lower). Note the similar behavior of the LOESS for all areas/regions within the same pollen season. b, Temporal development of square root of the daily pollen concentrations (grey) and the respective SLI data (black). The birch pollen season 2014 (upper) and the grass pollen season 2014 (lower) were chosen as examples to show the similar progress of the datasets. Peaks of the pollen data are reflected in the SLI data</text></passage><passage><infon key="section_type">METHODS</infon><infon key="type">paragraph</infon><offset>11916</offset><text>The graphs and computations were performed using the statistical software R 3.4.3. We used descriptive statistics to explore the behavior of the SLI in comparison to the daily pollen concentrations. Data were analyzed for different regions (see Area classification). The relationship of the SLI and the square root of the daily pollen concentrations is figured in a scatter plot (Fig. 1a). A linear regression line (grey) and a locally weighted smoothing (LOESS) curve (black) were calculated. The linear regression line models the relationship of a dependent variable (SLI) and the explanatory variable (daily pollen concentrations) via the formula y = a + bx. In addition, the correlation factor of the SLI including the p-values and significance levels as well as the daily pollen concentrations in the respective pollen season were calculated (see Table 2). LOESS is a modern, non-parametric regression method and was chosen due to its advantages as a flexible and simple tool applied to complex processes without theoretical model. Besides, LOESS finds the curve of best fit without assuming the data have to fit to a certain distribution shape.</text></passage><passage><infon key="section_type">METHODS</infon><infon key="type">paragraph</infon><offset>13077</offset><text>The temporal development of the SLI and the daily pollen concentration for specific pollen seasons were explored in a line plot (Fig. 1b). The birch and the grass pollen season 2014 was chosen as an example. The SLI and the square root of the daily pollen concentrations were scaled to mean zero and standard deviation 1 to be comparable. The line chart was chosen to visualize the behavior of the SLI and the daily pollen concentrations over a certain time period (pollen season).</text></passage><passage><infon key="section_type">RESULTS</infon><infon key="type">title_1</infon><offset>13560</offset><text>Results</text></passage><passage><infon key="file">Tab1.xml</infon><infon key="id">Tab1</infon><infon key="section_type">TABLE</infon><infon key="type">table_caption</infon><offset>13568</offset><text>SLI values in different years (2013–2017) through different pollen seasons (alder, birch and grass) are shown for the three selected areas within Vienna (“Vienna East”, “Vienna Center” and “Vienna West”) in combination with their respective average for Vienna</text></passage><passage><infon key="file">Tab1.xml</infon><infon key="id">Tab1</infon><infon key="section_type">TABLE</infon><infon key="type">table</infon><infon key="xml">&lt;?xml version=&quot;1.0&quot; encoding=&quot;UTF-8&quot;?&gt;
&lt;table frame=&quot;hsides&quot; rules=&quot;groups&quot;&gt;&lt;thead&gt;&lt;tr&gt;&lt;th&gt;Region&lt;/th&gt;&lt;th&gt;Year&lt;/th&gt;&lt;th&gt;SLI/SPIn alder&lt;/th&gt;&lt;th&gt;SLI/SPIn birch&lt;/th&gt;&lt;th&gt;SLI/SPIn grasses&lt;/th&gt;&lt;/tr&gt;&lt;/thead&gt;&lt;tbody&gt;&lt;tr&gt;&lt;td&gt;Vienna Average&lt;/td&gt;&lt;td char=&quot;.&quot; align=&quot;char&quot;&gt;2013&lt;/td&gt;&lt;td&gt;2.4/2679&lt;/td&gt;&lt;td&gt;6.4/4517&lt;/td&gt;&lt;td&gt;3.8/3107&lt;/td&gt;&lt;/tr&gt;&lt;tr&gt;&lt;td&gt;Vienna East&lt;/td&gt;&lt;td/&gt;&lt;td&gt;2.3&lt;/td&gt;&lt;td&gt;6.2&lt;/td&gt;&lt;td&gt;3.9&lt;/td&gt;&lt;/tr&gt;&lt;tr&gt;&lt;td&gt;Vienna Center&lt;/td&gt;&lt;td/&gt;&lt;td&gt;2.4&lt;/td&gt;&lt;td&gt;6.4&lt;/td&gt;&lt;td&gt;3.7&lt;/td&gt;&lt;/tr&gt;&lt;tr&gt;&lt;td&gt;Vienna West&lt;/td&gt;&lt;td/&gt;&lt;td&gt;2.6&lt;/td&gt;&lt;td&gt;6.6&lt;/td&gt;&lt;td&gt;3.8&lt;/td&gt;&lt;/tr&gt;&lt;tr&gt;&lt;td&gt;Vienna Average&lt;/td&gt;&lt;td char=&quot;.&quot; align=&quot;char&quot;&gt;2014&lt;/td&gt;&lt;td&gt;⇑ 3.6/2883 ⇑&lt;/td&gt;&lt;td&gt;⇓ 5.1/6916 ⇑&lt;/td&gt;&lt;td&gt;⇑ 4.1/2031 ⇓&lt;/td&gt;&lt;/tr&gt;&lt;tr&gt;&lt;td&gt;Vienna East&lt;/td&gt;&lt;td/&gt;&lt;td&gt;3.4&lt;/td&gt;&lt;td&gt;4.7&lt;/td&gt;&lt;td&gt;4.1&lt;/td&gt;&lt;/tr&gt;&lt;tr&gt;&lt;td&gt;Vienna Center&lt;/td&gt;&lt;td/&gt;&lt;td&gt;3.5&lt;/td&gt;&lt;td&gt;5.3&lt;/td&gt;&lt;td&gt;4.0&lt;/td&gt;&lt;/tr&gt;&lt;tr&gt;&lt;td&gt;Vienna West&lt;/td&gt;&lt;td/&gt;&lt;td&gt;4.0&lt;/td&gt;&lt;td&gt;5.3&lt;/td&gt;&lt;td&gt;4.1&lt;/td&gt;&lt;/tr&gt;&lt;tr&gt;&lt;td&gt;Vienna Average&lt;/td&gt;&lt;td char=&quot;.&quot; align=&quot;char&quot;&gt;2015&lt;/td&gt;&lt;td&gt;⇓ 2.8/760 ⇓&lt;/td&gt;&lt;td&gt;⇑ 5.6/4992 ⇓&lt;/td&gt;&lt;td&gt;⇑ 4.3/3264 ⇑&lt;/td&gt;&lt;/tr&gt;&lt;tr&gt;&lt;td&gt;Vienna East&lt;/td&gt;&lt;td/&gt;&lt;td&gt;2.6&lt;/td&gt;&lt;td&gt;5.6&lt;/td&gt;&lt;td&gt;4.3&lt;/td&gt;&lt;/tr&gt;&lt;tr&gt;&lt;td&gt;Vienna Center&lt;/td&gt;&lt;td/&gt;&lt;td&gt;2.5&lt;/td&gt;&lt;td&gt;5.6&lt;/td&gt;&lt;td&gt;4.2&lt;/td&gt;&lt;/tr&gt;&lt;tr&gt;&lt;td&gt;Vienna West&lt;/td&gt;&lt;td/&gt;&lt;td&gt;3.2&lt;/td&gt;&lt;td&gt;5.5&lt;/td&gt;&lt;td&gt;4.3&lt;/td&gt;&lt;/tr&gt;&lt;tr&gt;&lt;td&gt;Vienna Average&lt;/td&gt;&lt;td char=&quot;.&quot; align=&quot;char&quot;&gt;2016&lt;/td&gt;&lt;td&gt;⇑ 3.9/2685 ⇑&lt;/td&gt;&lt;td&gt;⇓ 5.2/9233 ⇑&lt;/td&gt;&lt;td&gt;⇔ 4.2/2522 ⇓&lt;/td&gt;&lt;/tr&gt;&lt;tr&gt;&lt;td&gt;Vienna East&lt;/td&gt;&lt;td/&gt;&lt;td&gt;3.7&lt;/td&gt;&lt;td&gt;5.1&lt;/td&gt;&lt;td&gt;4.2&lt;/td&gt;&lt;/tr&gt;&lt;tr&gt;&lt;td&gt;Vienna Center&lt;/td&gt;&lt;td/&gt;&lt;td&gt;4.0&lt;/td&gt;&lt;td&gt;5.3&lt;/td&gt;&lt;td&gt;4.3&lt;/td&gt;&lt;/tr&gt;&lt;tr&gt;&lt;td&gt;Vienna West&lt;/td&gt;&lt;td/&gt;&lt;td&gt;4.0&lt;/td&gt;&lt;td&gt;5.2&lt;/td&gt;&lt;td&gt;4.0&lt;/td&gt;&lt;/tr&gt;&lt;tr&gt;&lt;td&gt;Vienna Average&lt;/td&gt;&lt;td char=&quot;.&quot; align=&quot;char&quot;&gt;2017&lt;/td&gt;&lt;td&gt;⇑ 4.1/1477 ⇓&lt;/td&gt;&lt;td&gt;⇓ 4.8/3497 ⇓&lt;/td&gt;&lt;td&gt;⇓ 4.0/2517 ⇔&lt;/td&gt;&lt;/tr&gt;&lt;tr&gt;&lt;td&gt;Vienna East&lt;/td&gt;&lt;td/&gt;&lt;td&gt;4.0&lt;/td&gt;&lt;td&gt;4.8&lt;/td&gt;&lt;td&gt;3.9&lt;/td&gt;&lt;/tr&gt;&lt;tr&gt;&lt;td&gt;Vienna Center&lt;/td&gt;&lt;td/&gt;&lt;td&gt;3.9&lt;/td&gt;&lt;td&gt;4.3&lt;/td&gt;&lt;td&gt;3.9&lt;/td&gt;&lt;/tr&gt;&lt;tr&gt;&lt;td&gt;Vienna West&lt;/td&gt;&lt;td/&gt;&lt;td&gt;4.3&lt;/td&gt;&lt;td&gt;5.0&lt;/td&gt;&lt;td&gt;4.4&lt;/td&gt;&lt;/tr&gt;&lt;/tbody&gt;&lt;/table&gt;
</infon><offset>13842</offset><text>Region	Year	SLI/SPIn alder	SLI/SPIn birch	SLI/SPIn grasses	 	Vienna Average	2013	2.4/2679	6.4/4517	3.8/3107	 	Vienna East		2.3	6.2	3.9	 	Vienna Center		2.4	6.4	3.7	 	Vienna West		2.6	6.6	3.8	 	Vienna Average	2014	⇑ 3.6/2883 ⇑	⇓ 5.1/6916 ⇑	⇑ 4.1/2031 ⇓	 	Vienna East		3.4	4.7	4.1	 	Vienna Center		3.5	5.3	4.0	 	Vienna West		4.0	5.3	4.1	 	Vienna Average	2015	⇓ 2.8/760 ⇓	⇑ 5.6/4992 ⇓	⇑ 4.3/3264 ⇑	 	Vienna East		2.6	5.6	4.3	 	Vienna Center		2.5	5.6	4.2	 	Vienna West		3.2	5.5	4.3	 	Vienna Average	2016	⇑ 3.9/2685 ⇑	⇓ 5.2/9233 ⇑	⇔ 4.2/2522 ⇓	 	Vienna East		3.7	5.1	4.2	 	Vienna Center		4.0	5.3	4.3	 	Vienna West		4.0	5.2	4.0	 	Vienna Average	2017	⇑ 4.1/1477 ⇓	⇓ 4.8/3497 ⇓	⇓ 4.0/2517 ⇔	 	Vienna East		4.0	4.8	3.9	 	Vienna Center		3.9	4.3	3.9	 	Vienna West		4.3	5.0	4.4	 	</text></passage><passage><infon key="file">Tab1.xml</infon><infon key="id">Tab1</infon><infon key="section_type">TABLE</infon><infon key="type">table_foot</infon><offset>14659</offset><text>The SPIn was calculated for the observed time period and is shown for Vienna with the average SLI. The arrows indicate the change of the SLI (left) and the SPIn (right) compared to the previous year. Note the inconsistency between the increase/decrease of SLI and SPIn in most of the cases, especially in the birch and the grass pollen seasons</text></passage><passage><infon key="file">Tab2.xml</infon><infon key="id">Tab2</infon><infon key="section_type">TABLE</infon><infon key="type">table_caption</infon><offset>15003</offset><text>The correlation factors including p-values (and significance levels) between the daily SLI values of the defined pollen season (alder, birch and grass) in the observed time period (2013–2017) and the daily mean pollen concentrations are displayed for each of the areas in Vienna as well as for a whole region (“Pannonian Lowlands”) in comparison</text></passage><passage><infon key="file">Tab2.xml</infon><infon key="id">Tab2</infon><infon key="section_type">TABLE</infon><infon key="type">table</infon><infon key="xml">&lt;?xml version=&quot;1.0&quot; encoding=&quot;UTF-8&quot;?&gt;
&lt;table frame=&quot;hsides&quot; rules=&quot;groups&quot;&gt;&lt;thead&gt;&lt;tr&gt;&lt;th&gt;Corr.-Factor sqrt/&lt;italic&gt;p&lt;/italic&gt;-value&lt;/th&gt;&lt;th&gt;SLI alder&lt;/th&gt;&lt;th&gt;SLI birch&lt;/th&gt;&lt;th&gt;SLI grasses&lt;/th&gt;&lt;/tr&gt;&lt;/thead&gt;&lt;tbody&gt;&lt;tr&gt;&lt;td&gt;Pannonian Lowlands&lt;/td&gt;&lt;td&gt;69.1/2.02e&lt;sup&gt;− 13&lt;/sup&gt;***&lt;/td&gt;&lt;td&gt;69.3/1.90e&lt;sup&gt;− 8&lt;/sup&gt;***&lt;/td&gt;&lt;td&gt;69.1/1.85e&lt;sup&gt;− 28&lt;/sup&gt;***&lt;/td&gt;&lt;/tr&gt;&lt;tr&gt;&lt;td&gt;Vienna East&lt;/td&gt;&lt;td&gt;59.4/9.15e&lt;sup&gt;− 12&lt;/sup&gt;***&lt;/td&gt;&lt;td&gt;66.1/1.68e&lt;sup&gt;− 7&lt;/sup&gt;***&lt;/td&gt;&lt;td&gt;62.2/1.77e&lt;sup&gt;− 21&lt;/sup&gt;***&lt;/td&gt;&lt;/tr&gt;&lt;tr&gt;&lt;td&gt;Vienna Center&lt;/td&gt;&lt;td&gt;56.4/1.71e&lt;sup&gt;− 10&lt;/sup&gt;***&lt;/td&gt;&lt;td&gt;65.9/2.45e&lt;sup&gt;− 7&lt;/sup&gt;***&lt;/td&gt;&lt;td&gt;61.5/8.58e&lt;sup&gt;− 21&lt;/sup&gt;***&lt;/td&gt;&lt;/tr&gt;&lt;tr&gt;&lt;td&gt;Vienna West&lt;/td&gt;&lt;td&gt;55.3/5.43e&lt;sup&gt;− 10&lt;/sup&gt;***&lt;/td&gt;&lt;td&gt;67.9/4.96e&lt;sup&gt;− 8&lt;/sup&gt;***&lt;/td&gt;&lt;td&gt;61.9/1.47e&lt;sup&gt;− 21&lt;/sup&gt;***&lt;/td&gt;&lt;/tr&gt;&lt;/tbody&gt;&lt;/table&gt;
</infon><offset>15355</offset><text>Corr.-Factor sqrt/p-value	SLI alder	SLI birch	SLI grasses	 	Pannonian Lowlands	69.1/2.02e− 13***	69.3/1.90e− 8***	69.1/1.85e− 28***	 	Vienna East	59.4/9.15e− 12***	66.1/1.68e− 7***	62.2/1.77e− 21***	 	Vienna Center	56.4/1.71e− 10***	65.9/2.45e− 7***	61.5/8.58e− 21***	 	Vienna West	55.3/5.43e− 10***	67.9/4.96e− 8***	61.9/1.47e− 21***	 	</text></passage><passage><infon key="file">Tab2.xml</infon><infon key="id">Tab2</infon><infon key="section_type">TABLE</infon><infon key="type">table_foot</infon><offset>15741</offset><text>Significance codes: 0 ‘***’ 0.001 ‘**’ 0.01 ‘*’ 0.05 ‘.’ 0.1 “1</text></passage><passage><infon key="section_type">RESULTS</infon><infon key="type">paragraph</infon><offset>15823</offset><text>The SLIs attained in different areas within Vienna show little variation in different years, but the same pollen season (Table 1). In general, the linear relationships and thus the correlation is very similar between the different areas in Vienna and the Pannonian lowlands and is observed due to the parallelism of the linear regression lines (Fig. 1a). Deviations from linearity are shown in the LOESS curve. While the SLI is almost perfectly linear over the whole spectrum of observed grass pollen concentrations, the SLI deviates from the general trend for high birch pollen concentrations (Fig. 1a). The temporal development of the SLI and the square root of the pollen concentrations throughout a pollen season is shown in the line plots (Fig. 1b) and supports the relationship of SLI and pollen concentrations (Table 2). The three pollen seasons analyzed are characterized in the following separately.</text></passage><passage><infon key="section_type">RESULTS</infon><infon key="type">title_2</infon><offset>16737</offset><text>Alder pollen seasons</text></passage><passage><infon key="section_type">RESULTS</infon><infon key="type">paragraph</infon><offset>16758</offset><text>The mean SLI during the alder pollen season varies from a minimum of 2.4 to a maximum of 4.1 from 2013 to 2017. The three areas within Vienna show a variation from 0.2 to 0.7 between each other in the observed time period. The mean SLI is lowest during the alder pollen season when compared to the birch and grass pollen season. The pattern of increase/decrease in SPIn of alder pollen is consistent from 2014 until 2016, but is interrupted in 2017 (Table 1). Daily alder pollen concentrations correlate with daily symptom data during the alder pollen season. The correlation factors attain values above 50% for the areas within Vienna up to around 70% for the Pannonian Lowlands (Table 2). The behavior of the SLI during the alder pollen seasons 2013–2017 shows the same progress within the three Vienna areas and the Pannonian lowlands (see LOESS curve in Fig. 1a). The data scatters more than for the birch and the grass pollen season and the LOESS curve deviates from the regression line in some extent.</text></passage><passage><infon key="section_type">RESULTS</infon><infon key="type">title_2</infon><offset>17771</offset><text>Birch pollen seasons</text></passage><passage><infon key="section_type">RESULTS</infon><infon key="type">paragraph</infon><offset>17792</offset><text>The mean SLI during the birch pollen season varies from a minimum of 4.8 to a maximum of 6.4 from 2013 to 2017. The variation between the three areas within Vienna ranges from 0.1 to 0.7 in the observed time period. The mean SLI is highest during the birch pollen season when compared with the alder and grass pollen season. The pattern of increase/decrease in SPIn of birch pollen is inconsistent over most seasons (2014–2016) and only consistent in 2017 (Table 1). Daily birch pollen concentrations correlate with daily symptom data during the birch pollen season. The correlation factors attain values above 60% (Table 2). The behavior of the SLI during the birch pollen seasons 2013–2017 shows the same progress in the three Vienna areas and the Pannonian lowlands (Fig. 1a). The progress within a single birch pollen season (Fig. 1b) shows that the peaks of the square root of the daily mean pollen concentrations is mirrored in the SLI. The three areas in Vienna and the Pannonian lowlands show overall the same pattern as well. Line plots of birch pollen seasons provided similar results.</text></passage><passage><infon key="section_type">RESULTS</infon><infon key="type">title_2</infon><offset>18896</offset><text>Grass pollen seasons</text></passage><passage><infon key="section_type">RESULTS</infon><infon key="type">paragraph</infon><offset>18917</offset><text>The mean SLI during the grass pollen season varies from a minimum of 3.8 to a maximum of 4.3 from 2013 to 2017. The three areas within Vienna show a variation from 0.1 to 0.5 in the observed time period and thus the lowest variation. The mean SLI attains a value between those of the alder and the birch pollen season. The pattern of increase/decrease in SPIn of grass pollen is mostly inconsistent over most seasons (2014; 2016–2017) with the exception of 2015 (Table 1). Daily grass pollen concentrations correlate with daily symptom data in the grass pollen season. The correlation factors are comparable to those during the birch pollen season and attain as well values above 60% (Table 2). The LOESS for the grass pollen seasons 2013–2017 shows the same pattern within the three areas of Vienna and the Pannonian lowlands (Fig. 1a). The LOESS curve is here most similar to the regression line when compared with the alder and the birch pollen seasons. The progress within a single grass pollen season (Fig. 1b) shows the reflection of the peaks in the square root of the daily mean pollen concentrations in the SLI even better than for the birch pollen season. Only minor differences between the three regions in Vienna and the Pannonian lowlands can be observed (e.g. the double-headed peak during the main peak of the grass pollen season for “Vienna Center” compared to “Vienna East” and “Vienna West”). Line plots of other grass pollen seasons provided similar results.</text></passage><passage><infon key="section_type">DISCUSS</infon><infon key="type">title_1</infon><offset>20415</offset><text>Discussion</text></passage><passage><infon key="section_type">DISCUSS</infon><infon key="type">paragraph</infon><offset>20426</offset><text>Daily and seasonal SLIs were analyzed for three different pollen seasons and for three different areas in Vienna to examine the relationship of the SLI and pollen concentrations/SPIn. The SLI data shows a significant correlation with the daily pollen concentrations in general (Table 2) and throughout the season (Fig. 1b). This finding has to be emphasized since the SLI has been misinterpreted since its development in the scientific field and is thwarted by the new and further evidence of its inconsistency as mean value for a pollen season with the respective SPIn of that pollen season (Table 1). The complexity of the results indicate a more or less linear relationship of SLI and pollen concentrations/SPIns on a daily, but not on a seasonal basis. This can be explained by a variety of factors of importance for the development and onset of allergic symptoms.</text></passage><passage><infon key="section_type">DISCUSS</infon><infon key="type">title_2</infon><offset>21298</offset><text>Cross-reactivity</text></passage><passage><infon key="section_type">DISCUSS</infon><infon key="type">paragraph</infon><offset>21315</offset><text>Cross-reactivities and other allergic triggers will play a role for individual pollen allergy sufferers. Hazel (Corylus) is cross-reactive to alder (Alnus) and its occurrence/absence in different seasons may increase or decrease the mean SLI during an alder pollen season. There are several candidates for a possible cross-reactivity during the birch pollen season (all flowering times of possible cross-reactive aeroallergens are based on unpublished long term pollen data from Vienna and personal observation in the following): The hazel and alder pollen season sometimes overlaps with the beginning of the birch pollen season. Beech (Fagus) and oak (Quercus) flower later during the birch pollen season and are possible triggers for cross-reactivity. Besides, ash (Fraxinus) flowers about the same time with birch (Betula), but is not closely related. It belongs to the olive family (Oleaceae) and may cause as well pollen allergy during spring time. Poly-sensitized pollen allergy sufferers may react during the analyzed time period to ash and birch pollen. However, the frequency of ash pollen allergy is with 17.7% much lower than birch pollen allergy with 41.7% in Eastern Austria. A number of plants have the potential to irritate pollen allergy sufferers during the grass pollen season such as plantain (Plantago), dock (Rumex), the nettle family (Urticaceae), the goosefoot family (Amaranthaceae) or mercury (Mercurialis). Grass pollen allergy is the most frequent pollen allergy in Eastern Austria with a frequency of 56.3%. It is noteworthy here to point to the sample size (see Symptom data and Area classification) which is largest for the birch pollen season. This is in accordance with the highest SLIs found in the birch pollen season, despite the lower frequency of birch pollen allergy. User numbers and thus sample size may be connected with a high burden and triggered by the occurrence of severe symptoms. This is reflected as well in pollen information consumption (high user numbers and web site visits) during the birch pollen season.</text></passage><passage><infon key="section_type">DISCUSS</infon><infon key="type">title_2</infon><offset>23375</offset><text>Allergen content</text></passage><passage><infon key="section_type">DISCUSS</infon><infon key="type">paragraph</infon><offset>23392</offset><text>Significant positive correlations between major aeroallergens such as Bet v 1 and Phl p 5 with the SLI were found for Vienna. It is known that the allergen content may vary from pollen grain to pollen grain. Pollen allergens can be present in the air also as small respirable particles (), thus resulting in a different occurrence when compared to pollen concentrations. Allergen content evaluation is highly time and cost consuming. Additionally, not only one major allergen is sufficient to monitor and a range of major and minor allergens are of importance for the immune response (e.g.) besides panallergens such as profilins and polcalcins. Therefore, it remains currently unknown, if a large range of allergens analyzed would explain the symptom burden. Allergen content in any case is a major factor influencing the SLI.</text></passage><passage><infon key="section_type">DISCUSS</infon><infon key="type">title_2</infon><offset>24220</offset><text>Air quality and pollution</text></passage><passage><infon key="section_type">DISCUSS</infon><infon key="type">paragraph</infon><offset>24246</offset><text>Air quality in general has an impact on the allergenicity of pollen grains () and thus the burden of pollen allergy sufferers e.g. the occurrence of atopic diseases (asthmatic bronchitis, hay fever, eczema, sensitization) and asthma admissions. Allergenicity changes in birch and grass pollen under air pollution such as nitrogen dioxide (NO2), ammonia (NH3) and ozone (O3) and decreases microbial diversity. Majd et al. found that air pollution causes the release of pollen proteins resulting in a higher allergenicity besides a changed shape of the pollen and its tectum. Fine particles shall be mentioned as well, since diesel exhaust carbon particles are able to bind to major allergens under in vitro conditions (e.g. Lol p 1).</text></passage><passage><infon key="section_type">DISCUSS</infon><infon key="type">paragraph</infon><offset>24979</offset><text>D´Amato et al. summarized the possible relationships between air pollution and allergens as follows: (1) modified allergenicity, (2) interaction with microscopic allergen-carrying particles reaching to the lower airways, (3) inflammatory effect with increased epithelial permeability and (4) adjuvant immunologic effect on IgE synthesis in atopic persons. Therefore, it has to be assumed that air pollution could explain observed SLI patterns in addition.</text></passage><passage><infon key="section_type">DISCUSS</infon><infon key="type">title_2</infon><offset>25436</offset><text>Remarks and limitations</text></passage><passage><infon key="section_type">DISCUSS</infon><infon key="type">paragraph</infon><offset>25460</offset><text>The SLI calculations performed herein rely on an excellent sample size and allow to split Vienna in three areas to observe possible spatio-temporal differences. The observation period of five years and the comparison with a whole bio-geographical region (the Pannonian lowlands) adds to the robustness of the outcomes and allows to compare insights in different years and different pollen seasons. A noteworthy impact of the vegetation (see Area classification) could not be observed in the three areas, e.g. the SLI was not highest in “Vienna East”, where the Danube has a strong influence. The results from could be reproduced (seasonal SLI and SPIn do not increase/decrease with each other). This is contrasted by the correlation factors line plots that were produced to show a correlation concerning the daily SLI and daily mean pollen concentrations (Table 2 and Fig. 1a). Moreover, the results do not match with those from Berlin – the only other study that analyzed the spatio-temporal differences of crowd-sourced symptom data within a city to our knowledge. However, the observed differences therein could have occurred due to the much lower sample size in this study in combination with the larger study area.</text></passage><passage><infon key="section_type">DISCUSS</infon><infon key="type">paragraph</infon><offset>26688</offset><text>Care has to be taken concerning the interpretation of the results. Pollen allergy is a complex disease and a range of key factors might play an important role as discussed concerning cross-reactivities, allergenicity and air pollution. Therefore, important limitations are comprised of (1) the SLI is calculated for a certain pollen season, but might be caused also by other aeroallergens and (2) users can not be characterized directly as patients due to the miss of personal information (although the crowd-sourced nature of the data assures significance; e.g., and works also for local phenomena e.g.,).</text></passage><passage><infon key="section_type">CONCL</infon><infon key="type">title_1</infon><offset>27295</offset><text>Conclusions</text></passage><passage><infon key="section_type">CONCL</infon><infon key="type">paragraph</infon><offset>27307</offset><text>The in-depth analysis of daily and seasonal SLIs of Vienna revealed that the SLI and pollen concentrations correlate on a daily basis, but not on the seasonal level and that the SLI behavior and pattern do not vary on a local level. In fact, the SLI behavior of a large city like Vienna is more or less the same as for a whole region such as the Pannonian lowlands.</text></passage><passage><infon key="section_type">CONCL</infon><infon key="type">paragraph</infon><offset>27673</offset><text>a symptom forecast based on crowd-sourced symptom data could be feasible in the future. The development of the SLI could be calculated since the SLI shows a widespread, consistent pattern during the season as shown herein.</text></passage><passage><infon key="section_type">CONCL</infon><infon key="type">paragraph</infon><offset>27896</offset><text>the overall severity of a season is impacted by additional factors than just the major aeroallergen in the air during this period. The mean SLI during the pollen season usually does not correlation with the SPIn. This should be considered for a range of activities such as pollen forecasting and clinical studies.</text></passage><passage><infon key="section_type">CONCL</infon><infon key="type">paragraph</infon><offset>28210</offset><text>pollen monitoring stations do not have to be too numerous. Results indicate that a second or more pollen traps in Vienna would not provide any benefit, since the SLI patterns are comparable in the whole city of Vienna. A certain density of pollen monitoring stations across a country/region has of course to be guaranteed and depends on vegetation, topography and other factors.</text></passage><passage><infon key="section_type">CONCL</infon><infon key="type">paragraph</infon><offset>28589</offset><text>These results lead to far-reaching consequences:</text></passage><passage><infon key="section_type">ABBR</infon><infon key="type">title</infon><offset>28638</offset><text>Abbreviations</text></passage><passage><infon key="section_type">ABBR</infon><infon key="type">paragraph</infon><offset>28652</offset><text>EAN</text></passage><passage><infon key="section_type">ABBR</infon><infon key="type">paragraph</infon><offset>28656</offset><text>European Aeroallergen Network (https://ean.polleninfo.eu/Ean)</text></passage><passage><infon key="section_type">ABBR</infon><infon key="type">paragraph</infon><offset>28718</offset><text>LOESS</text></passage><passage><infon key="section_type">ABBR</infon><infon key="type">paragraph</infon><offset>28724</offset><text>Locally weighted smoothing</text></passage><passage><infon key="section_type">ABBR</infon><infon key="type">paragraph</infon><offset>28751</offset><text>PHD</text></passage><passage><infon key="section_type">ABBR</infon><infon key="type">paragraph</infon><offset>28755</offset><text>Patient’s Hayfever Diary (www.pollendiary.com)</text></passage><passage><infon key="section_type">ABBR</infon><infon key="type">paragraph</infon><offset>28804</offset><text>SLI</text></passage><passage><infon key="section_type">ABBR</infon><infon key="type">paragraph</infon><offset>28808</offset><text>Symptom load index</text></passage><passage><infon key="section_type">ABBR</infon><infon key="type">paragraph</infon><offset>28827</offset><text>SPIn</text></passage><passage><infon key="section_type">ABBR</infon><infon key="type">paragraph</infon><offset>28832</offset><text>Seasonal Pollen Integral</text></passage><passage><infon key="section_type">AUTH_CONT</infon><infon key="type">title</infon><offset>28857</offset><text>Authors’ contributions</text></passage><passage><infon key="section_type">AUTH_CONT</infon><infon key="type">paragraph</infon><offset>28882</offset><text>KB drafted the main body of the manuscript, supervised the analyzes and prepared the figures. MK prepared the Tables, took part in the analysis of the results and evaluated the pollen datasets. MB took part in the analysis of the results and prepared the raw datasets of pollen and symptom data. UB took part in drafting the manuscript and supervised the study. All authors designed the study and revised and approved the final version of the manuscript.</text></passage><passage><infon key="section_type">AUTH_CONT</infon><infon key="type">title_1</infon><offset>29337</offset><text>Ethics approval and consent to participate</text></passage><passage><infon key="section_type">AUTH_CONT</infon><infon key="type">paragraph</infon><offset>29380</offset><text>Only crowd-sourced and anonymized symptom data was used, so no ethics approval was needed.</text></passage><passage><infon key="section_type">AUTH_CONT</infon><infon key="type">title_1</infon><offset>29471</offset><text>Consent for publication</text></passage><passage><infon key="section_type">AUTH_CONT</infon><infon key="type">paragraph</infon><offset>29495</offset><text>All authors confirm their consent for publication.</text></passage><passage><infon key="section_type">COMP_INT</infon><infon key="type">title_1</infon><offset>29546</offset><text>Competing interests</text></passage><passage><infon key="section_type">COMP_INT</infon><infon key="type">paragraph</infon><offset>29566</offset><text>Uwe Berger developed the PHD and the “Pollen” App. The services are free and there is no financial interest.</text></passage><passage><infon key="section_type">COMP_INT</infon><infon key="type">paragraph</infon><offset>29679</offset><text>Katharina Bastl and Maximilian Kmenta were involved in the development and/or improvements of these services.</text></passage><passage><infon key="section_type">COMP_INT</infon><infon key="type">paragraph</infon><offset>29789</offset><text>Markus Berger reports no competing interests.</text></passage><passage><infon key="section_type">COMP_INT</infon><infon key="type">title_1</infon><offset>29835</offset><text>Publisher’s Note</text></passage><passage><infon key="section_type">COMP_INT</infon><infon key="type">paragraph</infon><offset>29854</offset><text>Springer Nature remains neutral with regard to jurisdictional claims in published maps and institutional affiliations.</text></passage><passage><infon key="section_type">REF</infon><infon key="type">title</infon><offset>29973</offset><text>References</text></passage><passage><infon key="section_type">REF</infon><infon key="type">ref</infon><offset>29984</offset><text>Pawankar R, Canonica GW, Holgate ST, Lockey RF, Blaiss MS. White Book on Allergy: Update 2013: WAO World Allergy Organization; 2013. http://www.worldallergy.org/wao-white-book-on-allergy.</text></passage><passage><infon key="fpage">976</infon><infon key="lpage">990</infon><infon key="name_0">surname:D’Amato;given-names:G</infon><infon key="name_1">surname:Cecchi;given-names:L</infon><infon key="name_2">surname:Bonini;given-names:S</infon><infon key="name_3">surname:Nunes;given-names:C</infon><infon key="name_4">surname:Annesi-Maesano;given-names:I</infon><infon key="name_5">surname:Behrendt;given-names:H</infon><infon key="pub-id_doi">10.1111/j.1398-9995.2007.01393.x</infon><infon key="pub-id_pmid">17521313</infon><infon key="section_type">REF</infon><infon key="source">Allergy</infon><infon key="type">ref</infon><infon key="volume">62</infon><infon key="year">2007</infon><offset>30172</offset><text>Allergenic pollen and pollen allergy in Europe</text></passage><passage><infon key="fpage">733</infon><infon key="lpage">743</infon><infon key="name_0">surname:Asher;given-names:MI</infon><infon key="name_1">surname:Montefort;given-names:S</infon><infon key="name_2">surname:Björksten;given-names:B</infon><infon key="name_3">surname:Lai;given-names:CK</infon><infon key="name_4">surname:Strachan;given-names:DP</infon><infon key="name_5">surname:Weiland;given-names:SK</infon><infon key="pub-id_doi">10.1016/S0140-6736(06)69283-0</infon><infon key="pub-id_pmid">16935684</infon><infon key="section_type">REF</infon><infon key="source">Lancet</infon><infon key="type">ref</infon><infon key="volume">368</infon><infon key="year">2006</infon><offset>30219</offset><text>Worldwide time trends in the prevalence of symptoms of asthma, allergic rhinoconjunctivitis, and eczema in childhood: ISAAC phases one and three repeat multicountry cross-sectional surveys</text></passage><passage><infon key="name_0">surname:Dorner;given-names:T</infon><infon key="name_1">surname:Rieder;given-names:A</infon><infon key="name_2">surname:Lawrence;given-names:K</infon><infon key="name_3">surname:Kunze;given-names:M</infon><infon key="section_type">REF</infon><infon key="source">Österreichischer Allergiebericht</infon><infon key="type">ref</infon><infon key="year">2006</infon><offset>30408</offset></passage><passage><infon key="fpage">19</infon><infon key="name_0">surname:Kiotseridis;given-names:H</infon><infon key="name_1">surname:Cilio;given-names:CM</infon><infon key="name_2">surname:Bjermer;given-names:L</infon><infon key="name_3">surname:Tunsäter;given-names:A</infon><infon key="name_4">surname:Jacobsson;given-names:H</infon><infon key="name_5">surname:Dahl;given-names:A</infon><infon key="pub-id_doi">10.1186/2045-7022-3-19</infon><infon key="pub-id_pmid">23799882</infon><infon key="section_type">REF</infon><infon key="source">Clin Transl Allergy</infon><infon key="type">ref</infon><infon key="volume">3</infon><infon key="year">2013</infon><offset>30409</offset><text>Grass pollen allergy in children and adolescents-symptoms, health related quality of life and the value of pollen prognosis</text></passage><passage><infon key="fpage">59</infon><infon key="issue">1–2</infon><infon key="lpage">67</infon><infon key="name_0">surname:Kmenta;given-names:M</infon><infon key="name_1">surname:Zetter;given-names:R</infon><infon key="name_2">surname:Berger;given-names:U</infon><infon key="name_3">surname:Bastl;given-names:K</infon><infon key="pub-id_pmid">26373744</infon><infon key="section_type">REF</infon><infon key="source">Wien Klin Wochenschr</infon><infon key="type">ref</infon><infon key="volume">128</infon><infon key="year">2015</infon><offset>30533</offset><text>Pollen information consumption as an indicator of pollen allergy burden</text></passage><passage><infon key="fpage">70</infon><infon key="lpage">74</infon><infon key="name_0">surname:Bastl;given-names:K</infon><infon key="name_1">surname:Berger;given-names:M</infon><infon key="name_2">surname:Bergmann;given-names:KC</infon><infon key="name_3">surname:Kmenta;given-names:M</infon><infon key="name_4">surname:Berger;given-names:U</infon><infon key="pub-id_doi">10.1007/s00508-016-1097-3</infon><infon key="pub-id_pmid">27761736</infon><infon key="section_type">REF</infon><infon key="source">Wien Klin Wochenschr</infon><infon key="type">ref</infon><infon key="volume">129</infon><infon key="year">2017</infon><offset>30605</offset><text>The medical and scientific responsibility of pollen information services</text></passage><passage><infon key="fpage">293</infon><infon key="issue">4</infon><infon key="lpage">298</infon><infon key="name_0">surname:Ellis;given-names:AK</infon><infon key="name_1">surname:Ratz;given-names:JD</infon><infon key="name_2">surname:Day;given-names:AH</infon><infon key="name_3">surname:Day;given-names:JH</infon><infon key="pub-id_doi">10.1016/j.anai.2010.01.012</infon><infon key="pub-id_pmid">20408338</infon><infon key="section_type">REF</infon><infon key="source">Ann Allergy Asthma Immunol</infon><infon key="type">ref</infon><infon key="volume">104</infon><infon key="year">2010</infon><offset>30678</offset><text>Factors that affect the allergic rhinitis response to ragweed allergen exposure</text></passage><passage><infon key="fpage">812</infon><infon key="issue">3</infon><infon key="lpage">814</infon><infon key="name_0">surname:Caillaud;given-names:DM</infon><infon key="name_1">surname:Martin;given-names:S</infon><infon key="name_2">surname:Segala;given-names:C</infon><infon key="name_3">surname:Besancenot;given-names:JP</infon><infon key="name_4">surname:Thibaudon;given-names:M</infon><infon key="pub-id_doi">10.1016/j.jaci.2012.04.034</infon><infon key="pub-id_pmid">22704534</infon><infon key="section_type">REF</infon><infon key="source">J Allergy Clin Immunol</infon><infon key="type">ref</infon><infon key="volume">130</infon><infon key="year">2012</infon><offset>30758</offset><text>French aerobiology network. Nonlinear short-term effects of airborne Poaceae levels on hay fever symptoms</text></passage><passage><infon key="fpage">123</infon><infon key="lpage">139</infon><infon key="name_0">surname:Connell;given-names:JT</infon><infon key="pub-id_doi">10.1016/0021-8707(68)90053-1</infon><infon key="section_type">REF</infon><infon key="source">Allergy</infon><infon key="type">ref</infon><infon key="volume">41</infon><infon key="year">1986</infon><offset>30864</offset><text>Quantitative intranasal pollen challenge, II: effect of daily pollen challenge, environmental pollen exposure, and placebo challenge on the nasal membrane</text></passage><passage><infon key="fpage">216</infon><infon key="issue">6</infon><infon key="lpage">225</infon><infon key="name_0">surname:Costa;given-names:C</infon><infon key="name_1">surname:Menesatti;given-names:P</infon><infon key="name_2">surname:Brighetti;given-names:MA</infon><infon key="name_3">surname:Travaglini;given-names:A</infon><infon key="name_4">surname:Rimatori;given-names:V</infon><infon key="name_5">surname:Di Rienzo;given-names:BA</infon><infon key="section_type">REF</infon><infon key="source">Eur Ann Allergy Clin Immunol</infon><infon key="type">ref</infon><infon key="volume">46</infon><infon key="year">2017</infon><offset>31019</offset><text>Pilot study on the short-term prediction of symptoms in children with hay fever monitored with e-health technology</text></passage><passage><infon key="fpage">1721</infon><infon key="lpage">1726</infon><infon key="name_0">surname:Kmenta;given-names:M</infon><infon key="name_1">surname:Bastl;given-names:K</infon><infon key="name_2">surname:Jäger;given-names:S</infon><infon key="name_3">surname:Berger;given-names:U</infon><infon key="pub-id_doi">10.1007/s00484-013-0776-2</infon><infon key="pub-id_pmid">24357491</infon><infon key="section_type">REF</infon><infon key="source">Int J Biometeorol</infon><infon key="type">ref</infon><infon key="volume">58</infon><infon key="year">2014</infon><offset>31134</offset><text>Development of personal pollen information – the next generation of pollen information and a step forward for hay-fever sufferers</text></passage><passage><infon key="fpage">1085</infon><infon key="issue">8</infon><infon key="lpage">1091</infon><infon key="name_0">surname:de Weger;given-names:LA</infon><infon key="name_1">surname:Hiemstra;given-names:PS</infon><infon key="name_2">surname:Op den Buysch;given-names:E</infon><infon key="name_3">surname:van Vliet;given-names:AJ</infon><infon key="pub-id_doi">10.1111/all.12433</infon><infon key="pub-id_pmid">24888457</infon><infon key="section_type">REF</infon><infon key="source">Allergy</infon><infon key="type">ref</infon><infon key="volume">69</infon><infon key="year">2014</infon><offset>31266</offset><text>Spatiotemporal monitoring of allergic rhinitis symptoms in the Netherlands using citizen science</text></passage><passage><infon key="fpage">296</infon><infon key="lpage">280</infon><infon key="name_0">surname:Bastl;given-names:K</infon><infon key="name_1">surname:Kmenta;given-names:M</infon><infon key="name_2">surname:Jäger;given-names:S</infon><infon key="name_3">surname:Bergmann;given-names:KC</infon><infon key="name_4">surname:Berger;given-names:U</infon><infon key="pub-id_doi">10.1007/s10453-014-9326-6</infon><infon key="section_type">REF</infon><infon key="source">Aerobiologia</infon><infon key="type">ref</infon><infon key="volume">30</infon><infon key="year">2014</infon><offset>31363</offset><text>Development of a symptom load index – enabling temporal and regional pollen season comparisons and pointing out the need for personalized pollen information</text></passage><passage><infon key="fpage">109</infon><infon key="lpage">116</infon><infon key="name_0">surname:Bastl;given-names:K</infon><infon key="name_1">surname:Kmenta;given-names:M</infon><infon key="name_2">surname:Geller-Bernstein;given-names:C</infon><infon key="name_3">surname:Berger;given-names:U</infon><infon key="name_4">surname:Jäger;given-names:S</infon><infon key="pub-id_doi">10.1016/j.envpol.2015.04.016</infon><infon key="pub-id_pmid">25935611</infon><infon key="section_type">REF</infon><infon key="source">Environ Pollut</infon><infon key="type">ref</infon><infon key="volume">204</infon><infon key="year">2015</infon><offset>31522</offset><text>Can we improve pollen season definitions by using the symptom load index in addition to pollen counts?</text></passage><passage><infon key="fpage">515</infon><infon key="issue">4</infon><infon key="lpage">521</infon><infon key="name_0">surname:Bastl;given-names:K</infon><infon key="name_1">surname:Kmenta;given-names:M</infon><infon key="name_2">surname:Berger;given-names:U</infon><infon key="pub-id_doi">10.1007/s10453-015-9383-5</infon><infon key="section_type">REF</infon><infon key="source">Aerobiologia</infon><infon key="type">ref</infon><infon key="volume">31</infon><infon key="year">2015</infon><offset>31625</offset><text>Unusually early flowering of alder in Austria: first report of Alnus x spaethii in Austria, combined LM and SEM study of alder species and impact on pollen allergy sufferers</text></passage><passage><infon key="fpage">31</infon><infon key="name_0">surname:Kmenta;given-names:M</infon><infon key="name_1">surname:Bastl;given-names:K</infon><infon key="name_2">surname:Berger;given-names:U</infon><infon key="name_3">surname:Kramer;given-names:MF</infon><infon key="name_4">surname:Heath;given-names:MD</infon><infon key="name_5">surname:Pätsi;given-names:S</infon><infon key="pub-id_doi">10.1186/s40413-017-0163-2</infon><infon key="pub-id_pmid">28932345</infon><infon key="section_type">REF</infon><infon key="source">World Allergy Organ J</infon><infon key="type">ref</infon><infon key="volume">10</infon><infon key="year">2017</infon><offset>31799</offset><text>The grass pollen season 2015: a proof of concept multi-approach study in three different European cities</text></passage><passage><infon key="fpage">257</infon><infon key="lpage">265</infon><infon key="name_0">surname:Hirst;given-names:JM</infon><infon key="pub-id_doi">10.1111/j.1744-7348.1952.tb00904.x</infon><infon key="section_type">REF</infon><infon key="source">Ann Appl Biol</infon><infon key="type">ref</infon><infon key="volume">39</infon><infon key="year">1952</infon><offset>31904</offset><text>An automatic volumetric spore trap</text></passage><passage><infon key="fpage">385</infon><infon key="issue">4</infon><infon key="lpage">395</infon><infon key="name_0">surname:Galán;given-names:C</infon><infon key="name_1">surname:Smith;given-names:M</infon><infon key="name_2">surname:Thibaudon;given-names:M</infon><infon key="name_3">surname:Frenguelli;given-names:G</infon><infon key="name_4">surname:Oteros;given-names:J</infon><infon key="name_5">surname:Gehrig;given-names:R</infon><infon key="pub-id_doi">10.1007/s10453-014-9335-5</infon><infon key="section_type">REF</infon><infon key="source">Aerobiologia</infon><infon key="type">ref</infon><infon key="volume">30</infon><infon key="year">2014</infon><offset>31939</offset><text>Pollen monitoring: minimum requirements and reproducibility of analysis</text></passage><passage><infon key="fpage">69</infon><infon key="lpage">70</infon><infon key="name_0">surname:Jäger;given-names:S</infon><infon key="name_1">surname:Mandroli;given-names:P</infon><infon key="name_2">surname:Spieksma;given-names:F</infon><infon key="name_3">surname:Emberlin;given-names:J</infon><infon key="name_4">surname:Hjelmroos;given-names:M</infon><infon key="name_5">surname:Rantio-Lehtimaki;given-names:A</infon><infon key="pub-id_doi">10.1007/BF02136148</infon><infon key="section_type">REF</infon><infon key="source">Aerobiologia</infon><infon key="type">ref</infon><infon key="volume">11</infon><infon key="year">1995</infon><offset>32011</offset><text>News</text></passage><passage><infon key="fpage">293</infon><infon key="lpage">295</infon><infon key="name_0">surname:Galán;given-names:C</infon><infon key="name_1">surname:Ariatti;given-names:A</infon><infon key="name_2">surname:Bonini;given-names:M</infon><infon key="name_3">surname:Clot;given-names:B</infon><infon key="name_4">surname:Crouzy;given-names:B</infon><infon key="name_5">surname:Dahl;given-names:A</infon><infon key="pub-id_doi">10.1007/s10453-017-9496-0</infon><infon key="section_type">REF</infon><infon key="source">Aerobiologia</infon><infon key="type">ref</infon><infon key="volume">33</infon><infon key="year">2017</infon><offset>32016</offset><text>Recommended terminology for aerobiological studies</text></passage><passage><infon key="section_type">REF</infon><infon key="type">ref</infon><offset>32067</offset><text>Vienna Government. EinwohnerInnen-Dichte 2017. https://www.wien.gv.at/stadtentwicklung/grundlagen/stadtforschung/karten/bevoelkerung.html. 2017. Accessed 20 Mar 2018.</text></passage><passage><infon key="section_type">REF</infon><infon key="type">ref</infon><offset>32234</offset><text>R Core Team. R: A language and environment for statistical computing. R Foundation for Statistical Computing 2017; Vienna, Austria https://www.R-project.org/</text></passage><passage><infon key="fpage">309</infon><infon key="lpage">376</infon><infon key="name_0">surname:Cleveland;given-names:WS</infon><infon key="name_1">surname:Grosse;given-names:E</infon><infon key="name_2">surname:Shyu;given-names:WM</infon><infon key="name_3">surname:Chambers;given-names:JM</infon><infon key="name_4">surname:Tj;given-names:H</infon><infon key="section_type">REF</infon><infon key="source">Statistical models in S</infon><infon key="type">ref</infon><infon key="year">1992</infon><offset>32392</offset><text>Local Polynomial Regression Fitting Local regression models</text></passage><passage><infon key="name_0">surname:Hemmer;given-names:W</infon><infon key="name_1">surname:Schauer;given-names:U</infon><infon key="name_2">surname:Trinca;given-names:AM</infon><infon key="name_3">surname:Neumann;given-names:C</infon><infon key="section_type">REF</infon><infon key="source">Endbericht 2009 zur Studie: Prävalenz der Ragweedpollen-Allergie in Ostösterreich</infon><infon key="type">ref</infon><infon key="year">2010</infon><offset>32452</offset></passage><passage><infon key="fpage">229</infon><infon key="lpage">235</infon><infon key="name_0">surname:Bastl;given-names:K</infon><infon key="name_1">surname:Kmenta;given-names:M</infon><infon key="name_2">surname:Pessi;given-names:AM</infon><infon key="name_3">surname:Prank;given-names:M</infon><infon key="name_4">surname:Saarto;given-names:A</infon><infon key="name_5">surname:Sofiev;given-names:M</infon><infon key="pub-id_doi">10.1016/j.scitotenv.2016.01.014</infon><infon key="pub-id_pmid">26802351</infon><infon key="section_type">REF</infon><infon key="source">Sci Total Environ</infon><infon key="type">ref</infon><infon key="volume">548–549</infon><infon key="year">2016</infon><offset>32453</offset><text>First comparison of allergen content (Bet v 1 and Phl p 5 measurements) with symptom and pollen data from four European regions during 2009–2011</text></passage><passage><infon key="fpage">496</infon><infon key="lpage">505</infon><infon key="name_0">surname:Buters;given-names:JTM</infon><infon key="name_1">surname:Thibaudon;given-names:M</infon><infon key="name_2">surname:Smith;given-names:M</infon><infon key="name_3">surname:Kennedy;given-names:R</infon><infon key="name_4">surname:Rantio-Lehtimäki;given-names:A</infon><infon key="name_5">surname:Albertini;given-names:R</infon><infon key="pub-id_doi">10.1016/j.atmosenv.2012.01.054</infon><infon key="section_type">REF</infon><infon key="source">Atmos Environ</infon><infon key="type">ref</infon><infon key="volume">55</infon><infon key="year">2012</infon><offset>32600</offset><text>Release of bet v 1 from birch pollen from 5 European countries. Results from the HIALINE study</text></passage><passage><infon key="fpage">51</infon><infon key="lpage">57</infon><infon key="name_0">surname:Spieksma;given-names:FT</infon><infon key="name_1">surname:Emberlin;given-names:JC</infon><infon key="name_2">surname:Hjelmroos;given-names:M</infon><infon key="name_3">surname:Jäger;given-names:S</infon><infon key="name_4">surname:Leuschner;given-names:RM</infon><infon key="pub-id_doi">10.1080/00173139509429033</infon><infon key="section_type">REF</infon><infon key="source">Grana</infon><infon key="type">ref</infon><infon key="volume">34</infon><infon key="year">1995</infon><offset>32695</offset><text>Atmospheric birch (Betula) pollen in Europe: trends and fluctuations in annual quantities and the starting dates of the seasons</text></passage><passage><infon key="fpage">656</infon><infon key="lpage">661</infon><infon key="name_0">surname:Schäppi;given-names:G</infon><infon key="name_1">surname:Supphioglu;given-names:C</infon><infon key="name_2">surname:Taylor;given-names:PE</infon><infon key="name_3">surname:Knox;given-names:RB</infon><infon key="pub-id_doi">10.1016/S0091-6749(97)70170-2</infon><infon key="pub-id_pmid">9389296</infon><infon key="section_type">REF</infon><infon key="source">J Allergy Clin Immunol</infon><infon key="type">ref</infon><infon key="volume">100</infon><infon key="year">1997</infon><offset>32823</offset><text>Concentrations of the major birch tree allergen bet v 1 in pollen and respirable fine particles in the atmosphere</text></passage><passage><infon key="fpage">633</infon><infon key="issue">5</infon><infon key="lpage">641</infon><infon key="name_0">surname:Schäppi;given-names:GF</infon><infon key="name_1">surname:Taylor;given-names:PE</infon><infon key="name_2">surname:Pain;given-names:MC</infon><infon key="name_3">surname:Cameron;given-names:PA</infon><infon key="name_4">surname:Dent;given-names:AW</infon><infon key="name_5">surname:Staff;given-names:IA</infon><infon key="pub-id_doi">10.1046/j.1365-2222.1999.00567.x</infon><infon key="pub-id_pmid">10231323</infon><infon key="section_type">REF</infon><infon key="source">Clin Exp Allergy</infon><infon key="type">ref</infon><infon key="volume">29</infon><infon key="year">1999</infon><offset>32937</offset><text>Concentrations of major grass group 5 allergens in pollen grains and atmo- spheric particles: implications for hay fever and allergic asthma sufferers sensitized to grass pollen allergens</text></passage><passage><infon key="fpage">850</infon><infon key="issue">7</infon><infon key="lpage">858</infon><infon key="name_0">surname:Buters;given-names:JTM</infon><infon key="name_1">surname:Weichenmeier;given-names:I</infon><infon key="name_2">surname:Ochs;given-names:S</infon><infon key="name_3">surname:Pusch;given-names:G</infon><infon key="name_4">surname:Kreyling;given-names:W</infon><infon key="name_5">surname:Boere;given-names:AJ</infon><infon key="pub-id_doi">10.1111/j.1398-9995.2009.02286.x</infon><infon key="pub-id_pmid">20132158</infon><infon key="section_type">REF</infon><infon key="source">Allergy</infon><infon key="type">ref</infon><infon key="volume">65</infon><infon key="year">2010</infon><offset>33125</offset><text>The allergen bet v1 in fractions of ambient air deviates from birch pollen counts</text></passage><passage><infon key="fpage">87</infon><infon key="issue">2</infon><infon key="lpage">107</infon><infon key="name_0">surname:Andersson;given-names:K</infon><infon key="name_1">surname:Lidholm;given-names:J</infon><infon key="pub-id_doi">10.1159/000069013</infon><infon key="pub-id_pmid">12673063</infon><infon key="section_type">REF</infon><infon key="source">Int Arch Allergy Immunol</infon><infon key="type">ref</infon><infon key="volume">130</infon><infon key="year">2003</infon><offset>33207</offset><text>Characteristics and immunobiology of grass pollen aller- gens</text></passage><passage><infon key="fpage">991</infon><infon key="issue">5</infon><infon key="lpage">999</infon><infon key="name_0">surname:Karamloo;given-names:F</infon><infon key="name_1">surname:Schmitz;given-names:N</infon><infon key="name_2">surname:Scheurer;given-names:S</infon><infon key="name_3">surname:Foetisch;given-names:K</infon><infon key="name_4">surname:Hoffmann;given-names:A</infon><infon key="name_5">surname:Haustein;given-names:D</infon><infon key="pub-id_doi">10.1016/S0091-6749(99)70080-1</infon><infon key="pub-id_pmid">10550744</infon><infon key="section_type">REF</infon><infon key="source">J Allergy Clin Immunol</infon><infon key="type">ref</infon><infon key="volume">104</infon><infon key="year">1999</infon><offset>33269</offset><text>Molecular cloning and characterization of a birch pollen minor allergen, bet v 5, belonging to a family of isoflavone reductase-related proteins</text></passage><passage><infon key="fpage">1</infon><infon key="issue">1</infon><infon key="name_0">surname:Hauser;given-names:M</infon><infon key="name_1">surname:Roulias;given-names:A</infon><infon key="name_2">surname:Ferreira;given-names:F</infon><infon key="name_3">surname:Egger;given-names:M</infon><infon key="pub-id_doi">10.1186/1710-1492-6-1</infon><infon key="pub-id_pmid">20298513</infon><infon key="section_type">REF</infon><infon key="source">Allergy Asthma Clin Immunol</infon><infon key="type">ref</infon><infon key="volume">6</infon><infon key="year">2010</infon><offset>33414</offset><text>Panallergens and their impact on the allergic patient</text></passage><passage><infon key="fpage">111</infon><infon key="lpage">118</infon><infon key="name_0">surname:Majd;given-names:A</infon><infon key="name_1">surname:Chehregani;given-names:A</infon><infon key="name_2">surname:Moin;given-names:M</infon><infon key="name_3">surname:Gholami;given-names:M</infon><infon key="name_4">surname:Kohno;given-names:S</infon><infon key="name_5">surname:Nabe;given-names:T</infon><infon key="pub-id_doi">10.1023/B:AERO.0000032950.12169.38</infon><infon key="section_type">REF</infon><infon key="source">Aerobiologia</infon><infon key="type">ref</infon><infon key="volume">20</infon><infon key="year">2004</infon><offset>33468</offset><text>The effects of air pollution on structures, proteins and allergenicity of pollen grains</text></passage><passage><infon key="fpage">e0149545</infon><infon key="issue">2</infon><infon key="name_0">surname:Obersteiner;given-names:A</infon><infon key="name_1">surname:Gilles;given-names:S</infon><infon key="name_2">surname:Frank;given-names:U</infon><infon key="name_3">surname:Beck;given-names:I</infon><infon key="name_4">surname:Häring;given-names:F</infon><infon key="name_5">surname:Ernst;given-names:D</infon><infon key="pub-id_doi">10.1371/journal.pone.0149545</infon><infon key="pub-id_pmid">26910418</infon><infon key="section_type">REF</infon><infon key="source">PLoS One</infon><infon key="type">ref</infon><infon key="volume">11</infon><infon key="year">2016</infon><offset>33556</offset><text>Pollen-associated microbiome correlates with pollution parameters and the allergenicity of pollen</text></passage><passage><infon key="section_type">REF</infon><infon key="type">ref</infon><offset>33654</offset><text>Morgenstern V, Zutavern A, Cyrys J, Brockow I, Koletzko S, Krämer U, et al. Atopic diseases, allergic sensitization, and exposure to traffic-related air pollution in children. Am J Respir Critical Care Med. 2008:1331–7. 10.1164/rccm.200701-036OC.</text></passage><passage><infon key="fpage">760</infon><infon key="issue">9</infon><infon key="lpage">765</infon><infon key="name_0">surname:Sunyer;given-names:J</infon><infon key="name_1">surname:Spix;given-names:C</infon><infon key="name_2">surname:Quénel;given-names:P</infon><infon key="name_3">surname:Ponce-de-Léon;given-names:A</infon><infon key="name_4">surname:Pönka;given-names:A</infon><infon key="name_5">surname:Barumandzadeh;given-names:T</infon><infon key="pub-id_doi">10.1136/thx.52.9.760</infon><infon key="pub-id_pmid">9371204</infon><infon key="section_type">REF</infon><infon key="source">Thorax</infon><infon key="type">ref</infon><infon key="volume">52</infon><infon key="year">1997</infon><offset>33904</offset><text>Urban air pollution and emergency admissions for asthma in four European cities: the APHEA project</text></passage><passage><infon key="fpage">246</infon><infon key="issue">3</infon><infon key="lpage">251</infon><infon key="name_0">surname:Knox;given-names:RB</infon><infon key="name_1">surname:Suphioglu;given-names:C</infon><infon key="name_2">surname:Taylor;given-names:P</infon><infon key="name_3">surname:Desai;given-names:R</infon><infon key="name_4">surname:Watson;given-names:HC</infon><infon key="name_5">surname:Peng;given-names:JL</infon><infon key="pub-id_doi">10.1111/j.1365-2222.1997.tb00702.x</infon><infon key="pub-id_pmid">9088650</infon><infon key="section_type">REF</infon><infon key="source">Clin Exp Allergy</infon><infon key="type">ref</infon><infon key="volume">27</infon><infon key="year">1997</infon><offset>34003</offset><text>Major grass pollen allergen lol p 1 binds to diesel exhaust particles: implications for asthma and air pollution</text></passage><passage><infon key="fpage">95</infon><infon key="issue">2</infon><infon key="lpage">102</infon><infon key="name_0">surname:D’Amato;given-names:G</infon><infon key="name_1">surname:Cecchi;given-names:L</infon><infon key="name_2">surname:D’Amato;given-names:M</infon><infon key="name_3">surname:Liccardi;given-names:G</infon><infon key="section_type">REF</infon><infon key="source">J Invest Allerg Clin</infon><infon key="type">ref</infon><infon key="volume">20</infon><infon key="year">2010</infon><offset>34116</offset><text>Urban air pollution and climate change as environmental risk factors of respiratory allergy: an update</text></passage><passage><infon key="section_type">REF</infon><infon key="type">ref</infon><offset>34219</offset><text>Werchan B, Werchan M, Bergmann KC. Studie zum Vergleich von allergischen Symptomdaten aus einer Pollen-App mit Pollenkonzentrationen aus 2014 in Berlin. Umwelt und Gesundheit 02/2017, Umweltbundesamt. 2017. https://www.umweltbundesamt.de/sites/default/files/medien/1410/publikationen/2017-11-06_umwelt-gesundheit_02-2017_pollenstudie-2016.pdf. Accessed 26 Mar 2018.</text></passage></document></collection>
