<?xml version="1.0" encoding="UTF-8"?>
<!DOCTYPE collection SYSTEM "BioC.dtd">
<collection><source>PMC</source><date>20201219</date><key>pmc.key</key><document><id>6186835</id><infon key="license">CC BY</infon><passage><infon key="article-id_doi">10.3389/fpsyg.2018.01898</infon><infon key="article-id_pmc">6186835</infon><infon key="article-id_pmid">30349499</infon><infon key="elocation-id">1898</infon><infon key="kwd">metacognition posttraumatic stress trauma cognitive control executive control</infon><infon key="license">This is an open-access article distributed under the terms of the Creative Commons Attribution License (CC BY). The use, distribution or reproduction in other forums is permitted, provided the original author(s) and the copyright owner(s) are credited and that the original publication in this journal is cited, in accordance with accepted academic practice. No use, distribution or reproduction is permitted which does not comply with these terms.</infon><infon key="name_0">surname:Bardeen;given-names:Joseph R.</infon><infon key="name_1">surname:Fergus;given-names:Thomas A.</infon><infon key="section_type">TITLE</infon><infon key="type">front</infon><infon key="volume">9</infon><infon key="year">2018</infon><offset>0</offset><text>Executive Control Deficits Potentiate the Effect of Maladaptive Metacognitive Beliefs on Posttraumatic Stress Symptoms</text></passage><passage><infon key="section_type">ABSTRACT</infon><infon key="type">abstract</infon><offset>119</offset><text>The metacognitive model and recent preliminary research suggests that metacognitive beliefs (i.e., beliefs about thinking) may be particularly important for understanding the pathogenesis of posttraumatic stress (PTS). The metacognitive model also suggests that deficits in executive control (i.e., metacognitive control) may increase the impact of metacognitive beliefs on PTS symptoms. Trauma-exposed adult participants (N = 469), recruited through an online crowdsourcing website, completed a battery of measures assessing the constructs of interest. As predicted, deficits in executive control strengthened the positive association between metacognitive beliefs and PTS symptoms. This effect was found in relation to positive (e.g., “Worrying will keep me safe”), but not negative (e.g., “My thoughts are uncontrollable”), metacognitive beliefs. Supplemental analyses, indicated that the interaction between positive metacognitive beliefs and executive control significantly predicted all PTS cluster scores (i.e., Intrusion, Cognition, Arousal, Avoidance). Taken together, results support the proposal that executive control deficits potentiate the effect of metacognitive beliefs on PTS symptoms. Intervention strategies designed to strengthen executive control (e.g., the attention training technique) may be useful in treating individuals with PTS.</text></passage><passage><infon key="section_type">INTRO</infon><infon key="type">title_1</infon><offset>1484</offset><text>Introduction</text></passage><passage><infon key="section_type">INTRO</infon><infon key="type">paragraph</infon><offset>1497</offset><text>A large majority of the U.S. population will be exposed to one or more traumatic events at some point in the lifespan, and approximately 6 to 8% of the U.S. population (i.e.,), as well as 5–20% of returning military personnel, will develop posttraumatic stress disorder (PTSD; Diagnostic and Statistical Manual of Mental Disorders [DSM-5]) following trauma exposure. Cognitive-behavioral therapy (CBT) and its underlying theoretical model has resulted in advances to our understanding and treatment of PTSD, thereby aiding in the reduction of the substantial personal and societal burden associated with PTSD. Nevertheless, approximately 41% of individuals with PTSD will be classified as non-responders following CBT, and this number may be as high as 72% in community clinical settings.</text></passage><passage><infon key="section_type">INTRO</infon><infon key="type">paragraph</infon><offset>2288</offset><text>Whereas cognitive-behavioral models of PTSD suggest that the content of one’s thoughts (e.g., beliefs about the self, others, and the world) play a central role in conceptualizing and treating PTSD (e.g.,), the metacognitive model posits that PTSD develops as a function of one’s beliefs about thinking (i.e., metacognitive beliefs), and subsequent maladaptive coping (i.e., the cognitive attentional syndrome [CAS]), rather than content-based cognitive themes. Consistent with this conceptualization of PTSD, empirical evidence suggests that metacognitive beliefs may be more important than trauma-related thought content in the pathogenesis of PTS. For example, found that associations between content-specific beliefs and PTS symptoms were attenuated or rendered non-significant after accounting for metacognitive beliefs in a sample trauma-exposed community adults (N = 299).</text></passage><passage><infon key="section_type">INTRO</infon><infon key="type">paragraph</infon><offset>3172</offset><text>Within the metacognitive model of PTSD, PTS symptoms are viewed as a normative part of an adaptation process in the acute aftermath of trauma exposure. The CAS (i.e., heightened self-focused attention and threat monitoring, as well as use of rumination, worry, or other avoidant coping strategies), which is initiated and maintained by metacognitive beliefs, is thought to account for the duration and severity of PTS symptoms following trauma exposure. Positive metacognitive beliefs (e.g., “Worrying helps me to avoid problems in the future”) are thought to lead to the use of the CAS following trauma exposure. Positive metacognitive beliefs are strengthened when feared outcomes do not occur. Negative metacognitive beliefs surrounding the uncontrollability and danger of thoughts (e.g., “If I could not control my thoughts, I would not be able to function”) are thought to increase attention toward internal experience (e.g., monitoring of thought content) and the likelihood that thought processes will be perceived as distressing. Negative metacognitive beliefs are maintained and strengthened because avoidant coping increases vigilance toward internal experience and PTS symptoms, thereby strengthening beliefs about the uncontrollability and danger of thoughts.</text></passage><passage><infon key="section_type">INTRO</infon><infon key="type">paragraph</infon><offset>4452</offset><text>Despite promising preliminary findings that metacognitive beliefs may be more relevant to PTS symptoms than content-specific beliefs, relatively few studies have reported associations between metacognitive beliefs and PTS symptoms and findings have been mixed. In two studies, significant positive associations that were medium to large in size were reported between metacognitive beliefs and PTS symptoms. In contrast, did not observe an association between positive metacognitive beliefs and PTS symptoms (r = -0.01), while a medium-large sized association was observed between negative metacognitive beliefs and PTS symptoms (r = 0.41). These discrepancies may be the result of using different measures of metacognitive beliefs. Specifically, the measure used by focuses on metacognitive beliefs related to memory, the measure used by assesses metacognitive beliefs broadly, but in relation to trauma, and the measure used by broadly assesses metacognitive beliefs without on an emphasis on trauma. Apparent discrepancies in these associations may also be a function of failing to account for a third variable (i.e., moderator variable) that alters the strength of the relationship between PTS symptoms and metacognitive beliefs. A moderator impacts the strength of the relation between two other variables and can help explicate under what conditions the two variables relate to one another. As described below, executive control (i.e., metacognitive control:) may be one such potential moderator that helps explicate when metacognitive beliefs relate to PTS symptoms.</text></passage><passage><infon key="section_type">INTRO</infon><infon key="type">paragraph</infon><offset>6025</offset><text>Executive control relies on of a variety of top-down cognitive abilities that are associated with activation in the prefrontal cortex (e.g., inhibition, set shifting, working memory updating, error detection, and strategy formulation). Within the metacognitive model, the excessive conceptual processing that characterizes the CAS is thought to be exacerbated by deficits in executive control that reduce the likelihood that one can effectively disengage from internal experience (e.g., worry, rumination, and other forms of self-focused attentional processes) and maintain attentional focus on adaptive goal-relevant pursuits (i.e., value-driven behavior). The importance of considering deficits in executive control when conceptualizing PTSD from a metacognitive perspective is highlighted by the fact that a technique was developed to specifically address these deficits in metacognitive therapy. Specifically, the attention training technique was developed to strengthen executive control processes that can be used to interrupt the excessive self-focused, threat-based processing that characterizes the CAS. Despite the conceptual importance of executive control to the metacognitive model, the impact of this construct on the relationship between metacognitive beliefs and PTS symptoms has yet to be empirically examined.</text></passage><passage><infon key="section_type">INTRO</infon><infon key="type">title_1</infon><offset>7353</offset><text>Present Study</text></passage><passage><infon key="section_type">INTRO</infon><infon key="type">paragraph</infon><offset>7367</offset><text>The purpose of the present study was to examine executive control as a moderator of the relationship between metacognitive beliefs and PTS symptoms in a trauma-exposed sample of adults. Following from the empirical evidence described above, we predicted that both positive and negative maladaptive metacognitive beliefs would be associated with PTS symptoms, and the association between negative metacognitive beliefs and PTS symptoms would be the largest in magnitude. Additionally, based on evidence showing that individuals with PTSD exhibit relative deficits in the cognitive abilities associated with executive control, we predicted that executive control deficits would be positively associated with PTS symptoms. Importantly, based on metacognitive theory, which suggests that CAS-based coping is exacerbated by deficits in executive control, we predicted that the magnitude of the positive association between maladaptive metacognitive beliefs (i.e., positive and negative) and PTS symptoms would become significantly stronger as deficits in executive control increased. Finally, we conducted an exploratory analysis examining significant domain-specific interaction effects in the context of PTS cluster scores (i.e., clusters B [Intrusion], C [Avoidance], D [Cognition], and E [Arousal]: DSM-5 PTSD,). Given the exploratory nature of these analyses, no a priori hypotheses were made.</text></passage><passage><infon key="section_type">METHODS</infon><infon key="type">title_1</infon><offset>8761</offset><text>Materials and Methods</text></passage><passage><infon key="section_type">METHODS</infon><infon key="type">title_2</infon><offset>8783</offset><text>Participants and Procedure</text></passage><passage><infon key="section_type">METHODS</infon><infon key="type">paragraph</infon><offset>8810</offset><text>A total of 597 adults were recruited via Amazon Mechanical Turk (MTurk). MTurk is an online labor market where adults from the general population can be recruited to complete questionnaires in exchange for payment. MTurk samples tend to be more demographically diverse than American undergraduate samples and a number of studies support the quality of data collected via MTurk (e.g.,). Recruitment was limited to MTurk users located within the United States and between the ages of 18–65. Additionally, to be included in the present study, participants had to report exposure to a traumatic event (Criterion A: exposure to actual or threatened death, serious injury, or sexual violence) as defined in the DSM-5. The final sample (n = 469) consisted of adults who had experience at least one traumatic event. The average age of the final sample was 35.9 years (SD = 11.0) and the majority were female (61.4%). In regard to race and ethnicity, 83.6% self-identified as White, 7.0% as Black, 6.6% as Asian, 1.7% as American Indian or Alaska Native, 1.1% endorsed “other,” and 7.2% of the final sample identified their ethnicity as Hispanic.</text></passage><passage><infon key="section_type">METHODS</infon><infon key="type">paragraph</infon><offset>9954</offset><text>A secure online survey program was used to administer informed consent and self-report measures. Participants were informed (via the electronic consent form) of the costs/benefits of study participation, that their responses were confidential, and that they were free to withdraw from the study at any time. After reading the consent form, participants were able to consent to, or opt out of, continued participation by clicking on one of two radio buttons that offered these choices. Upon study completion, participants were debriefed and paid in full. Participants were compensated $1.50 for completing study questionnaires, an amount consistent with precedence for paying MTurk workers in similar studies. This study was approved by the local university-based institutional review board.</text></passage><passage><infon key="section_type">METHODS</infon><infon key="type">title_2</infon><offset>10745</offset><text>Measures</text></passage><passage><infon key="section_type">METHODS</infon><infon key="type">title_3</infon><offset>10754</offset><text>Metacognitive Questionnaire-30 (MCQ-30)</text></passage><passage><infon key="section_type">METHODS</infon><infon key="type">paragraph</infon><offset>10794</offset><text>The MCQ-30 is a 30-item measure inclusive of positive metacognitive beliefs about CAS-based coping (e.g., “worrying helps me to avoid problems in the future”) and negative metacognitive beliefs about uncontrollability and danger of thinking (e.g., “my worrying is dangerous for me”). Items of the MCQ-30 are rated on a 4-point scale ranging from 1 (do not agree) to 4 (agree very much). Higher scores indicate higher levels of maladaptive metacognitive beliefs. The MCQ-30 has exhibited adequate psychometric properties, including internal consistency, retest reliability, and construct validity. Additionally, factor analytic results support use of a total score and subscale scores, and measurement invariance has been observed between men and women. Internal consistency of the positive and negative MCQ-30 scales was adequate in the present study (α = 0.92 and 0.91, respectively).</text></passage><passage><infon key="section_type">METHODS</infon><infon key="type">title_3</infon><offset>11689</offset><text>Barkley Deficits in Executive Functioning Scale-Short Form (BDEFS-SF)</text></passage><passage><infon key="section_type">METHODS</infon><infon key="type">paragraph</infon><offset>11759</offset><text>The BDEFS-SF is a 20-item self-report measure designed to identify deficits in executive functioning. Participants are asked to use a 4-point scale (1 = never or rarely to 4 = very often) to indicate how often they exhibit behaviors associated with daily activities that are indicative of executive functioning deficits across five domains (i.e., time management, organization and problem solving, self-restraint, self-motivation, and self-regulation of emotions). The BDEFS has exhibited adequate psychometric properties in previous research, including evidence of internal consistency and criterion-related validity in relation to both self-report (e.g., Attention Deficit/Hyperactivity Disorder) and performance-based measures (e.g., working memory). Internal consistency of the BDEFS-SF total score was adequate in the present study (α = 0.95).</text></passage><passage><infon key="section_type">METHODS</infon><infon key="type">title_3</infon><offset>12612</offset><text>Life Events Checklist for DSM-5 (LEC-5) Extended Version</text></passage><passage><infon key="section_type">METHODS</infon><infon key="type">paragraph</infon><offset>12669</offset><text>The LEC-5 assesses exposure to 17 potentially traumatic events (e.g., sexual assault, motor vehicle accident, and combat). For each event, respondents are asked to indicate whether the event happened to them, they witnessed it, they learned about it, it was part of their job, they are unsure, or the event did not apply to them. For the extended version of the LEC-5, participants are asked to provide a brief narrative of the events endorsed on the screening page. They then answer a series of follow-up questions designed to clarify whether the endorsed events meet Criterion A (e.g., exposure to actual or threatened death, serious injury, or sexual violence).</text></passage><passage><infon key="section_type">METHODS</infon><infon key="type">title_3</infon><offset>13334</offset><text>PTSD Checklist for DSM5-Civilian Version (PCL-5)</text></passage><passage><infon key="section_type">METHODS</infon><infon key="type">paragraph</infon><offset>13383</offset><text>The PCL-5 is a 20-item self-report measure designed to assess symptoms in clusters B (Intrusion), C (Avoidance), D (Cognition), and E (Arousal) of the DSM-5 PTSD criteria. Participants were asked to rate how much they have been bothered by each symptom in the past month (0 = not at all to 4 = extremely), with higher scores indicating greater PTS symptoms. Cluster scores were calculated by summing ratings for each item within a particular symptom cluster. Consistent with evidence suggesting that PTSD is a dimensional construct rather than a discrete clinical syndrome (e.g.,), items were summed to create both total and cluster scores. The PCL-5 has demonstrated adequate psychometric properties, including internal consistency, retest reliability over a 1-week period, and convergent and discriminant validity. Internal consistency of the total score and subscale scores was adequate in the present study (i.e., total score α = 0.97, subscale scores from 0.88 to 0.93).</text></passage><passage><infon key="section_type">METHODS</infon><infon key="type">title_2</infon><offset>14363</offset><text>Data Analytic Strategy</text></passage><passage><infon key="section_type">METHODS</infon><infon key="type">paragraph</infon><offset>14386</offset><text> test for dependent correlations was used to test the hypothesis that the association between negative metacognitive beliefs and PTS symptoms would be larger in magnitude than the association between positive metacognitive beliefs and PTS symptoms. Next, SPSS version 24 (SPSS IBM, New York) was used to conduct a hierarchical regression to test the hypothesized interactive effects. Consistent with, the predictor (i.e., metacognitive beliefs) and moderator (i.e., executive functioning) variables were mean centered and interaction terms were calculated as the product of the moderator and predictor variables. The predictor variables were entered into the first step of the model (negative and positive metacognitive beliefs), the moderator was entered into the second step of the model (executive functioning), and the interaction terms were entered into the third step of the model (executive functioning by negative and positive metacognitive beliefs). PTS symptoms served as the outcome variable in each model. Simple slopes analysis was used to further examine significant interaction effects. Simple slopes analysis helps to explicate under what conditions two variables relate to one another. More specifically, simple slopes analysis consists of constructing two simple regression equations in which the relationship between the independent variable and the dependent variable is tested at both high (+1 SD) and low (-1 SD) levels of the moderating variable (i.e., executive functioning).</text></passage><passage><infon key="section_type">METHODS</infon><infon key="type">paragraph</infon><offset>15886</offset><text>Next, interaction effects (i.e., positive and/or negative metacognitive beliefs by executive functioning) were examined in the context of PTS clusters scores. Structural equation modeling (SEM) and path analysis were used to conduct this examination, instead of standard regression analysis, because multiple outcome variables (i.e., PTS cluster scores) can be modeled simultaneously in SEM. For each of the two path models, metacognitive beliefs (i.e., positive or negative), executive functioning, and an interaction term (i.e., metacognitive beliefs by executive functioning) served as predictor variables in the model. The four PTS cluster scores served as outcome variables. Each model was tested using Amos software (Version 24) and maximum likelihood estimation. All variables were modeled as manifest indicators. Fit statistics were not computed because just-identified models provide perfect fit to the data.</text></passage><passage><infon key="section_type">RESULTS</infon><infon key="type">title_1</infon><offset>16804</offset><text>Results</text></passage><passage><infon key="section_type">RESULTS</infon><infon key="type">title_2</infon><offset>16812</offset><text>Bivariate Correlations</text></passage><passage><infon key="section_type">RESULTS</infon><infon key="type">paragraph</infon><offset>16835</offset><text>Both positive and negative metacognitive beliefs positively correlated with PTS symptoms (see Table 1). As predicted, a test of dependent correlations revealed that PTS symptoms correlated significantly more strongly with negative metacognitive beliefs (r = 0.54, p &lt; 0.001) than positive metacognitive beliefs (r = 0.46, p &lt; 0.001, z = 2.07, and p = 0.02). Also of note, a positive association between executive functioning deficits and PTS symptoms was observed (r = 0.57, p &lt; 0.001).</text></passage><passage><infon key="file">T1.xml</infon><infon key="id">T1</infon><infon key="section_type">TABLE</infon><infon key="type">table_caption</infon><offset>17322</offset><text>Zero-order correlations, means, and standard deviations for study variables.</text></passage><passage><infon key="file">T1.xml</infon><infon key="id">T1</infon><infon key="section_type">TABLE</infon><infon key="type">table</infon><infon key="xml">&lt;?xml version=&quot;1.0&quot; encoding=&quot;UTF-8&quot;?&gt;
&lt;table frame=&quot;hsides&quot; rules=&quot;groups&quot; cellspacing=&quot;5&quot; cellpadding=&quot;5&quot;&gt;&lt;thead&gt;&lt;tr&gt;&lt;th valign=&quot;top&quot; align=&quot;left&quot; rowspan=&quot;1&quot; colspan=&quot;1&quot;&gt;Variable&lt;/th&gt;&lt;th valign=&quot;top&quot; align=&quot;left&quot; rowspan=&quot;1&quot; colspan=&quot;1&quot;&gt;1&lt;/th&gt;&lt;th valign=&quot;top&quot; align=&quot;left&quot; rowspan=&quot;1&quot; colspan=&quot;1&quot;&gt;2&lt;/th&gt;&lt;th valign=&quot;top&quot; align=&quot;left&quot; rowspan=&quot;1&quot; colspan=&quot;1&quot;&gt;3&lt;/th&gt;&lt;th valign=&quot;top&quot; align=&quot;left&quot; rowspan=&quot;1&quot; colspan=&quot;1&quot;&gt;4&lt;/th&gt;&lt;th valign=&quot;top&quot; align=&quot;left&quot; rowspan=&quot;1&quot; colspan=&quot;1&quot;&gt;5&lt;/th&gt;&lt;th valign=&quot;top&quot; align=&quot;left&quot; rowspan=&quot;1&quot; colspan=&quot;1&quot;&gt;6&lt;/th&gt;&lt;th valign=&quot;top&quot; align=&quot;left&quot; rowspan=&quot;1&quot; colspan=&quot;1&quot;&gt;7&lt;/th&gt;&lt;th valign=&quot;top&quot; align=&quot;left&quot; rowspan=&quot;1&quot; colspan=&quot;1&quot;&gt;8&lt;/th&gt;&lt;/tr&gt;&lt;/thead&gt;&lt;tbody&gt;&lt;tr&gt;&lt;td valign=&quot;top&quot; align=&quot;left&quot; rowspan=&quot;1&quot; colspan=&quot;1&quot;&gt;(1) MCQ-30 Positive&lt;/td&gt;&lt;td valign=&quot;top&quot; align=&quot;left&quot; rowspan=&quot;1&quot; colspan=&quot;1&quot;&gt;–&lt;/td&gt;&lt;td valign=&quot;top&quot; align=&quot;left&quot; rowspan=&quot;1&quot; colspan=&quot;1&quot;/&gt;&lt;td valign=&quot;top&quot; align=&quot;left&quot; rowspan=&quot;1&quot; colspan=&quot;1&quot;/&gt;&lt;td valign=&quot;top&quot; align=&quot;left&quot; rowspan=&quot;1&quot; colspan=&quot;1&quot;/&gt;&lt;td valign=&quot;top&quot; align=&quot;left&quot; rowspan=&quot;1&quot; colspan=&quot;1&quot;/&gt;&lt;td valign=&quot;top&quot; align=&quot;left&quot; rowspan=&quot;1&quot; colspan=&quot;1&quot;/&gt;&lt;td valign=&quot;top&quot; align=&quot;left&quot; rowspan=&quot;1&quot; colspan=&quot;1&quot;/&gt;&lt;td valign=&quot;top&quot; align=&quot;left&quot; rowspan=&quot;1&quot; colspan=&quot;1&quot;/&gt;&lt;/tr&gt;&lt;tr&gt;&lt;td valign=&quot;top&quot; align=&quot;left&quot; rowspan=&quot;1&quot; colspan=&quot;1&quot;&gt;(2) MCQ-30 Negative&lt;/td&gt;&lt;td valign=&quot;top&quot; align=&quot;left&quot; rowspan=&quot;1&quot; colspan=&quot;1&quot;&gt;0.49&lt;/td&gt;&lt;td valign=&quot;top&quot; align=&quot;left&quot; rowspan=&quot;1&quot; colspan=&quot;1&quot;&gt;–&lt;/td&gt;&lt;td valign=&quot;top&quot; align=&quot;left&quot; rowspan=&quot;1&quot; colspan=&quot;1&quot;/&gt;&lt;td valign=&quot;top&quot; align=&quot;left&quot; rowspan=&quot;1&quot; colspan=&quot;1&quot;/&gt;&lt;td valign=&quot;top&quot; align=&quot;left&quot; rowspan=&quot;1&quot; colspan=&quot;1&quot;/&gt;&lt;td valign=&quot;top&quot; align=&quot;left&quot; rowspan=&quot;1&quot; colspan=&quot;1&quot;/&gt;&lt;td valign=&quot;top&quot; align=&quot;left&quot; rowspan=&quot;1&quot; colspan=&quot;1&quot;/&gt;&lt;td valign=&quot;top&quot; align=&quot;left&quot; rowspan=&quot;1&quot; colspan=&quot;1&quot;/&gt;&lt;/tr&gt;&lt;tr&gt;&lt;td valign=&quot;top&quot; align=&quot;left&quot; rowspan=&quot;1&quot; colspan=&quot;1&quot;&gt;(3) BDEFS-SF total&lt;/td&gt;&lt;td valign=&quot;top&quot; align=&quot;left&quot; rowspan=&quot;1&quot; colspan=&quot;1&quot;&gt;0.44&lt;/td&gt;&lt;td valign=&quot;top&quot; align=&quot;left&quot; rowspan=&quot;1&quot; colspan=&quot;1&quot;&gt;0.61&lt;/td&gt;&lt;td valign=&quot;top&quot; align=&quot;left&quot; rowspan=&quot;1&quot; colspan=&quot;1&quot;&gt;–&lt;/td&gt;&lt;td valign=&quot;top&quot; align=&quot;left&quot; rowspan=&quot;1&quot; colspan=&quot;1&quot;/&gt;&lt;td valign=&quot;top&quot; align=&quot;left&quot; rowspan=&quot;1&quot; colspan=&quot;1&quot;/&gt;&lt;td valign=&quot;top&quot; align=&quot;left&quot; rowspan=&quot;1&quot; colspan=&quot;1&quot;/&gt;&lt;td valign=&quot;top&quot; align=&quot;left&quot; rowspan=&quot;1&quot; colspan=&quot;1&quot;/&gt;&lt;td valign=&quot;top&quot; align=&quot;left&quot; rowspan=&quot;1&quot; colspan=&quot;1&quot;/&gt;&lt;/tr&gt;&lt;tr&gt;&lt;td valign=&quot;top&quot; align=&quot;left&quot; rowspan=&quot;1&quot; colspan=&quot;1&quot;&gt;(4) PCL-5 Total&lt;/td&gt;&lt;td valign=&quot;top&quot; align=&quot;left&quot; rowspan=&quot;1&quot; colspan=&quot;1&quot;&gt;0.46&lt;/td&gt;&lt;td valign=&quot;top&quot; align=&quot;left&quot; rowspan=&quot;1&quot; colspan=&quot;1&quot;&gt;0.54&lt;/td&gt;&lt;td valign=&quot;top&quot; align=&quot;left&quot; rowspan=&quot;1&quot; colspan=&quot;1&quot;&gt;0.56&lt;/td&gt;&lt;td valign=&quot;top&quot; align=&quot;left&quot; rowspan=&quot;1&quot; colspan=&quot;1&quot;&gt;–&lt;/td&gt;&lt;td valign=&quot;top&quot; align=&quot;left&quot; rowspan=&quot;1&quot; colspan=&quot;1&quot;/&gt;&lt;td valign=&quot;top&quot; align=&quot;left&quot; rowspan=&quot;1&quot; colspan=&quot;1&quot;/&gt;&lt;td valign=&quot;top&quot; align=&quot;left&quot; rowspan=&quot;1&quot; colspan=&quot;1&quot;/&gt;&lt;td valign=&quot;top&quot; align=&quot;left&quot; rowspan=&quot;1&quot; colspan=&quot;1&quot;/&gt;&lt;/tr&gt;&lt;tr&gt;&lt;td valign=&quot;top&quot; align=&quot;left&quot; rowspan=&quot;1&quot; colspan=&quot;1&quot;&gt;(5) PCL-5 Intrusion&lt;/td&gt;&lt;td valign=&quot;top&quot; align=&quot;left&quot; rowspan=&quot;1&quot; colspan=&quot;1&quot;&gt;0.42&lt;/td&gt;&lt;td valign=&quot;top&quot; align=&quot;left&quot; rowspan=&quot;1&quot; colspan=&quot;1&quot;&gt;0.49&lt;/td&gt;&lt;td valign=&quot;top&quot; align=&quot;left&quot; rowspan=&quot;1&quot; colspan=&quot;1&quot;&gt;0.51&lt;/td&gt;&lt;td valign=&quot;top&quot; align=&quot;left&quot; rowspan=&quot;1&quot; colspan=&quot;1&quot;&gt;0.93&lt;/td&gt;&lt;td valign=&quot;top&quot; align=&quot;left&quot; rowspan=&quot;1&quot; colspan=&quot;1&quot;&gt;–&lt;/td&gt;&lt;td valign=&quot;top&quot; align=&quot;left&quot; rowspan=&quot;1&quot; colspan=&quot;1&quot;/&gt;&lt;td valign=&quot;top&quot; align=&quot;left&quot; rowspan=&quot;1&quot; colspan=&quot;1&quot;/&gt;&lt;td valign=&quot;top&quot; align=&quot;left&quot; rowspan=&quot;1&quot; colspan=&quot;1&quot;/&gt;&lt;/tr&gt;&lt;tr&gt;&lt;td valign=&quot;top&quot; align=&quot;left&quot; rowspan=&quot;1&quot; colspan=&quot;1&quot;&gt;(6) PCL-5 Avoidance&lt;/td&gt;&lt;td valign=&quot;top&quot; align=&quot;left&quot; rowspan=&quot;1&quot; colspan=&quot;1&quot;&gt;0.34&lt;/td&gt;&lt;td valign=&quot;top&quot; align=&quot;left&quot; rowspan=&quot;1&quot; colspan=&quot;1&quot;&gt;0.44&lt;/td&gt;&lt;td valign=&quot;top&quot; align=&quot;left&quot; rowspan=&quot;1&quot; colspan=&quot;1&quot;&gt;0.37&lt;/td&gt;&lt;td valign=&quot;top&quot; align=&quot;left&quot; rowspan=&quot;1&quot; colspan=&quot;1&quot;&gt;0.80&lt;/td&gt;&lt;td valign=&quot;top&quot; align=&quot;left&quot; rowspan=&quot;1&quot; colspan=&quot;1&quot;&gt;0.76&lt;/td&gt;&lt;td valign=&quot;top&quot; align=&quot;left&quot; rowspan=&quot;1&quot; colspan=&quot;1&quot;&gt;–&lt;/td&gt;&lt;td valign=&quot;top&quot; align=&quot;left&quot; rowspan=&quot;1&quot; colspan=&quot;1&quot;/&gt;&lt;td valign=&quot;top&quot; align=&quot;left&quot; rowspan=&quot;1&quot; colspan=&quot;1&quot;/&gt;&lt;/tr&gt;&lt;tr&gt;&lt;td valign=&quot;top&quot; align=&quot;left&quot; rowspan=&quot;1&quot; colspan=&quot;1&quot;&gt;(7) PCL-5 Cognition&lt;/td&gt;&lt;td valign=&quot;top&quot; align=&quot;left&quot; rowspan=&quot;1&quot; colspan=&quot;1&quot;&gt;0.44&lt;/td&gt;&lt;td valign=&quot;top&quot; align=&quot;left&quot; rowspan=&quot;1&quot; colspan=&quot;1&quot;&gt;0.52&lt;/td&gt;&lt;td valign=&quot;top&quot; align=&quot;left&quot; rowspan=&quot;1&quot; colspan=&quot;1&quot;&gt;0.56&lt;/td&gt;&lt;td valign=&quot;top&quot; align=&quot;left&quot; rowspan=&quot;1&quot; colspan=&quot;1&quot;&gt;0.95&lt;/td&gt;&lt;td valign=&quot;top&quot; align=&quot;left&quot; rowspan=&quot;1&quot; colspan=&quot;1&quot;&gt;0.83&lt;/td&gt;&lt;td valign=&quot;top&quot; align=&quot;left&quot; rowspan=&quot;1&quot; colspan=&quot;1&quot;&gt;0.72&lt;/td&gt;&lt;td valign=&quot;top&quot; align=&quot;left&quot; rowspan=&quot;1&quot; colspan=&quot;1&quot;&gt;–&lt;/td&gt;&lt;td valign=&quot;top&quot; align=&quot;left&quot; rowspan=&quot;1&quot; colspan=&quot;1&quot;/&gt;&lt;/tr&gt;&lt;tr&gt;&lt;td valign=&quot;top&quot; align=&quot;left&quot; rowspan=&quot;1&quot; colspan=&quot;1&quot;&gt;(8) PCL-5 Arousal&lt;/td&gt;&lt;td valign=&quot;top&quot; align=&quot;left&quot; rowspan=&quot;1&quot; colspan=&quot;1&quot;&gt;0.45&lt;/td&gt;&lt;td valign=&quot;top&quot; align=&quot;left&quot; rowspan=&quot;1&quot; colspan=&quot;1&quot;&gt;0.52&lt;/td&gt;&lt;td valign=&quot;top&quot; align=&quot;left&quot; rowspan=&quot;1&quot; colspan=&quot;1&quot;&gt;0.56&lt;/td&gt;&lt;td valign=&quot;top&quot; align=&quot;left&quot; rowspan=&quot;1&quot; colspan=&quot;1&quot;&gt;0.94&lt;/td&gt;&lt;td valign=&quot;top&quot; align=&quot;left&quot; rowspan=&quot;1&quot; colspan=&quot;1&quot;&gt;0.84&lt;/td&gt;&lt;td valign=&quot;top&quot; align=&quot;left&quot; rowspan=&quot;1&quot; colspan=&quot;1&quot;&gt;0.65&lt;/td&gt;&lt;td valign=&quot;top&quot; align=&quot;left&quot; rowspan=&quot;1&quot; colspan=&quot;1&quot;&gt;0.85&lt;/td&gt;&lt;td valign=&quot;top&quot; align=&quot;left&quot; rowspan=&quot;1&quot; colspan=&quot;1&quot;&gt;–&lt;/td&gt;&lt;/tr&gt;&lt;tr&gt;&lt;td valign=&quot;top&quot; align=&quot;left&quot; rowspan=&quot;1&quot; colspan=&quot;1&quot;&gt;&lt;italic&gt;Means&lt;/italic&gt;&lt;/td&gt;&lt;td valign=&quot;top&quot; align=&quot;left&quot; rowspan=&quot;1&quot; colspan=&quot;1&quot;&gt;10.51&lt;/td&gt;&lt;td valign=&quot;top&quot; align=&quot;left&quot; rowspan=&quot;1&quot; colspan=&quot;1&quot;&gt;11.69&lt;/td&gt;&lt;td valign=&quot;top&quot; align=&quot;left&quot; rowspan=&quot;1&quot; colspan=&quot;1&quot;&gt;33.54&lt;/td&gt;&lt;td valign=&quot;top&quot; align=&quot;left&quot; rowspan=&quot;1&quot; colspan=&quot;1&quot;&gt;18.80&lt;/td&gt;&lt;td valign=&quot;top&quot; align=&quot;left&quot; rowspan=&quot;1&quot; colspan=&quot;1&quot;&gt;4.83&lt;/td&gt;&lt;td valign=&quot;top&quot; align=&quot;left&quot; rowspan=&quot;1&quot; colspan=&quot;1&quot;&gt;2.71&lt;/td&gt;&lt;td valign=&quot;top&quot; align=&quot;left&quot; rowspan=&quot;1&quot; colspan=&quot;1&quot;&gt;6.17&lt;/td&gt;&lt;td valign=&quot;top&quot; align=&quot;left&quot; rowspan=&quot;1&quot; colspan=&quot;1&quot;&gt;5.10&lt;/td&gt;&lt;/tr&gt;&lt;tr&gt;&lt;td valign=&quot;top&quot; align=&quot;left&quot; rowspan=&quot;1&quot; colspan=&quot;1&quot;&gt;&lt;italic&gt;Standard deviations&lt;/italic&gt;&lt;/td&gt;&lt;td valign=&quot;top&quot; align=&quot;left&quot; rowspan=&quot;1&quot; colspan=&quot;1&quot;&gt;4.47&lt;/td&gt;&lt;td valign=&quot;top&quot; align=&quot;left&quot; rowspan=&quot;1&quot; colspan=&quot;1&quot;&gt;5.12&lt;/td&gt;&lt;td valign=&quot;top&quot; align=&quot;left&quot; rowspan=&quot;1&quot; colspan=&quot;1&quot;&gt;12.09&lt;/td&gt;&lt;td valign=&quot;top&quot; align=&quot;left&quot; rowspan=&quot;1&quot; colspan=&quot;1&quot;&gt;18.99&lt;/td&gt;&lt;td valign=&quot;top&quot; align=&quot;left&quot; rowspan=&quot;1&quot; colspan=&quot;1&quot;&gt;5.10&lt;/td&gt;&lt;td valign=&quot;top&quot; align=&quot;left&quot; rowspan=&quot;1&quot; colspan=&quot;1&quot;&gt;2.63&lt;/td&gt;&lt;td valign=&quot;top&quot; align=&quot;left&quot; rowspan=&quot;1&quot; colspan=&quot;1&quot;&gt;7.23&lt;/td&gt;&lt;td valign=&quot;top&quot; align=&quot;left&quot; rowspan=&quot;1&quot; colspan=&quot;1&quot;&gt;5.60&lt;/td&gt;&lt;/tr&gt;&lt;/tbody&gt;&lt;/table&gt;
</infon><offset>17399</offset><text>Variable	1	2	3	4	5	6	7	8	 	(1) MCQ-30 Positive	–								 	(2) MCQ-30 Negative	0.49	–							 	(3) BDEFS-SF total	0.44	0.61	–						 	(4) PCL-5 Total	0.46	0.54	0.56	–					 	(5) PCL-5 Intrusion	0.42	0.49	0.51	0.93	–				 	(6) PCL-5 Avoidance	0.34	0.44	0.37	0.80	0.76	–			 	(7) PCL-5 Cognition	0.44	0.52	0.56	0.95	0.83	0.72	–		 	(8) PCL-5 Arousal	0.45	0.52	0.56	0.94	0.84	0.65	0.85	–	 	Means	10.51	11.69	33.54	18.80	4.83	2.71	6.17	5.10	 	Standard deviations	4.47	5.12	12.09	18.99	5.10	2.63	7.23	5.60	 	</text></passage><passage><infon key="section_type">RESULTS</infon><infon key="type">title_2</infon><offset>17912</offset><text>Predicting Total Posttraumatic Stress Symptoms</text></passage><passage><infon key="section_type">RESULTS</infon><infon key="type">paragraph</infon><offset>17959</offset><text>An examination of scatterplots (refer to Supplementary Figures S1, S2) and the Durbin–Watson statistic indicated that the regression assumptions [i.e., additivity and linearity, independent errors (Durbin–Watson statistic = 1.85), homoscedasticity, and normally distributed errors] were met (see). Moreover, an examination of multivariate outliers suggested that none of the cases exhibited undue influence on the estimates within the regression model (defined as &gt;1 DFFITSi). Additionally, multicollinearity statistics were all above recommended levels (tolerance statistics &gt;0.10 and VIF&lt;10), thus indicating no robust problems related to multicollinearity.</text></passage><passage><infon key="section_type">RESULTS</infon><infon key="type">paragraph</infon><offset>18623</offset><text>In the first step of the regression model (adjusted R2 = 0.34, p &lt; 0.001), positive and negative metacognitive beliefs significantly predicted PTS symptoms (βs = 0.26 and 0.42, respectively, ps &lt; 0.001). In the second step of the model (ΔR2 = 0.07, p &lt; 0.001), executive functioning significantly predicted PTS symptoms (β = 0.33, p &lt; 0.001). In the third step of the model (ΔR2 = 0.03, p &lt; 0.001), the interaction between positive metacognitive beliefs and executive functioning significantly predicted PTS symptoms (β = 0.18, p &lt; 0.001), but the interaction between negative metacognitive beliefs and executive functioning did not (β = -0.02, p = 0.65). The non-significant interaction term (negative metacognitive beliefs by executive functioning) was removed from the model to provide an accurate interpretation of simple effects for the significant interaction (positive metacognitive beliefs by executive functioning) in simple slopes analysis. Simple slopes analysis revealed a positive association between positive metacognitive beliefs and PTS symptoms that was significant at higher (β = 0.43, p &lt; 0.001), but not lower (β = 0.08, p = 0.18), levels of executive functioning deficits (see Figure 1).</text></passage><passage><infon key="file">fpsyg-09-01898-g001.jpg</infon><infon key="id">F1</infon><infon key="section_type">FIG</infon><infon key="type">fig_caption</infon><offset>19858</offset><text>The interaction effect [positive metacognitive beliefs (assessed via the Metacognitive Questionnaire-30) by executive functioning deficits (assessed via the Barkley Deficits in Executive Functioning Scale-Short Form)] predicting total posttraumatic stress (PTS) symptoms (assessed via the PTSD Checklist for DSM5-Civilian Version). Simple slopes analysis revealed a positive association between positive metacognitive beliefs and PTS symptoms that was significant at higher (β = 0.43, p &lt; 0.001), but not lower (β = 0.08, p = 0.18), levels of executive functioning deficits.</text></passage><passage><infon key="section_type">RESULTS</infon><infon key="type">title_2</infon><offset>20439</offset><text>Predicting Posttraumatic Stress Symptom Cluster Scores</text></passage><passage><infon key="section_type">RESULTS</infon><infon key="type">paragraph</infon><offset>20494</offset><text>Because the positive negative metacognitive beliefs by executive functioning interaction was significant in our primary analytic model, we conducted a path analysis in which the interaction between positive metacognitive beliefs and executive functioning predicted PTS cluster scores. Standardized path coefficients are presented in Figure 2. As can be seen in Figure 2, positive metacognitive beliefs, executive functioning, and the interaction term (positive metacognitive beliefs by executive functioning) significantly predicted each of the four PTS cluster scores (all ps &lt; 0.05). Following from our primary analysis, the interaction effect was further explored using simple slopes analysis. Simple slopes analysis revealed significant positive associations between positive metacognitive beliefs and each PTS cluster score at higher (Intrusion: β = 0.34, Avoidance: β = 0.28, Cognition: β = 0.34, and Arousal: β = 0.34, ps &lt; 0.001), but not lower (Intrusion: β = 0.05, p = 0.46, Avoidance: β = 0.10, p = 0.14, Cognition: β = 0.08, p = 0.22, and Arousal: β = 0.09, p = 0.16), levels of executive functioning deficits.</text></passage><passage><infon key="file">fpsyg-09-01898-g002.jpg</infon><infon key="id">F2</infon><infon key="section_type">FIG</infon><infon key="type">fig_caption</infon><offset>21641</offset><text>Path model with standardized path coefficients. Executive functioning = the Barkley Deficits in Executive Functioning Scale-Short Form (BDEFS-S) total score; Positive metacognitive beliefs = the Metacognitive Questionnaire-30 (MCQ-30) Positive subscale score; Interaction term = BDEFS-S × MCQ-30 Positive; Intrusion, Avoidance, Cognition, and Arousal = the four symptom clusters identified in the DSM-5 criteria for a diagnosis of PTSD as a assessed by the PTSD Checklist for DSM5-Civilian Version. ∗p &lt; 0.05 and ∗∗∗p &lt; 0.001.</text></passage><passage><infon key="section_type">RESULTS</infon><infon key="type">paragraph</infon><offset>22177</offset><text>Although the negative metacognitive beliefs by executive functioning interaction was not significant in our primary analytic model, we conducted a second path analysis in which the interaction between negative metacognitive beliefs and executive functioning predicted PTS cluster scores to ensure that the interaction terms did not exhibit significant associations with specific PTS clusters. Negative metacognitive beliefs and executive functioning significantly predicted each of the four PTS cluster scores (Intrusion: β = 0.28 and 0.32, Avoidance: β = 0.33 and 0.16, Cognition: β = 0.27 and 0.37, and Arousal: β = 0.27 and 0.37, ps &lt; 0.01). Consistent with our primary analytic model, the interaction term (i.e., negative metacognitive beliefs by executive functioning) did not significantly predict any of the PTS cluster scores (Intrusion: β = 0.05, Avoidance: β = 0.03, Cognition: β = 0.07, and Arousal: β = 0.07, ps &gt; 0.05).</text></passage><passage><infon key="section_type">DISCUSS</infon><infon key="type">title_1</infon><offset>23134</offset><text>Discussion</text></passage><passage><infon key="section_type">DISCUSS</infon><infon key="type">paragraph</infon><offset>23145</offset><text>As predicted, executive control deficits moderated the relationship between maladaptive metacognitive beliefs and PTS symptoms in a sample of trauma-exposed adults. Specifically, as executive control deficits increased, the strength of the association between positive metacognitive beliefs and PTS symptoms also increased. This pattern of findings is consistent with the metacognitive model, which suggests that deficits in executive control reduce the likelihood of successfully disengaging from CAS-based coping in response to internal experience (e.g., worry, rumination, and other forms of self-focused attention). These findings are also consistent with evidence that suggests that top-down executive control processes (e.g., inhibition, set shifting, working memory updating) can be used to protect those who are vulnerable to maladaptive psychological outcomes from experiencing such outcomes.</text></passage><passage><infon key="section_type">DISCUSS</infon><infon key="type">paragraph</infon><offset>24047</offset><text>An examination of raw correlations in the present study was consistent with previous research showing that the association between negative metacognitive beliefs and PTS symptoms is larger in magnitude than the association between positive metacognitive beliefs and PTS symptoms. However, an aggregate effect of negative metacognitive beliefs and executive control deficits on PTS symptoms was not observed. One explanation for this null result is that the relationship between negative metacognitive beliefs and PTS symptoms is more direct than the relationship between positive metacognitive beliefs and PTS symptoms. That is, the amount of time one has to enact top-down regulatory processes before distress is experienced could be shorter in duration for negative, versus positive, metacognitive beliefs. In support of the proposition, found that the association between positive metacognitive beliefs and PTS symptoms was accounted for by CAS-based coping (i.e., use of worry as a thought control strategy), whereas negative metacognitive beliefs had a direct effect on PTS symptoms independent of such coping. Put more succinctly, positive metacognitive beliefs, such as “worrying helps me to avoid problems in the future,” are likely to lead to continued processing, but do not necessarily pose an immediate threat. In contrast, negative metacognitive beliefs, such as “my worrying could make me go mad,” have a clear sense of urgency, and thus, the buffering effect of executive control may be of less benefit for those whose metacognitive beliefs are primarily about the uncontrollability and danger of thinking.</text></passage><passage><infon key="section_type">DISCUSS</infon><infon key="type">paragraph</infon><offset>25677</offset><text>Another plausible explanation is that the diverse content of the MCQ-30 negative metacognitive beliefs subscale may be partially responsible for the null finding. The negative metacognitive beliefs subscale consists of items denoting either danger or uncontrollability. Following from the hypothesis above, executive control may have an impact on the relationship between negative metacognitive beliefs related to uncontrollability, but not danger, and PTS symptoms. Separately assessing uncontrollability and danger metacognitive beliefs in future research may be beneficial.</text></passage><passage><infon key="section_type">DISCUSS</infon><infon key="type">paragraph</infon><offset>26254</offset><text>An exploratory aim of the present study was to examine significant domain-specific interaction effects in the context of PTS cluster scores. Results of a path analysis indicated that the interaction between positive metacognitive beliefs and executive control significantly predicted all PTS cluster scores (i.e., Intrusion, Cognition, Arousal, and Avoidance). At higher levels of executive control deficits, the magnitude of the associations between positive metacognitive beliefs and each PTS cluster score were similar in size (i.e., 0.28 to 0.34). Given its emphasis on distress associated with intrusive cognitive content, one might hypothesize that the observed interaction effect might be particularly relevant to the Intrusion cluster. However, cognitive content is present in some form for all four of the PTS symptom clusters. Trauma-related thoughts are referenced in the avoidance cluster. Memory difficulties, negative expectations about one’s self, others and the world, self- or other-blame, and other internal content make up the Cognitions cluster. And finally, the Arousal cluster references concentration difficulties, as well as hypervigilance toward perceived threat (i.e., CAS threat monitoring; DSM-5:).</text></passage><passage><infon key="section_type">DISCUSS</infon><infon key="type">paragraph</infon><offset>27483</offset><text>The present results should be considered in light of study limitations. Internet samples of community adults have been used to examine trauma and PTS symptoms in prior research (e.g.,). Moreover, evidence supports MTurk as a viable method for collecting data for clinical research and established quality control methods were used in the present study to improve study data (e.g., using high reputation MTurk workers). Nonetheless, MTurk samples are not representative of the general population. As such, replicating study findings in samples with more racial/ethnic diversity, male representation, and higher levels of psychological distress (i.e., clinical samples) will be important in the future to ensure that study findings generalize. Despite utilization of a sample unselected based upon symptom severity, it is important to note that a considerable proportion of the trauma-exposed sample reported the presence of clinically relevant PTS symptoms (i.e., 29% using the more liberal PCL-5 cut score of 28 and 19.2% using the most conservative PCL-5 cut score of 37).</text></passage><passage><infon key="section_type">DISCUSS</infon><infon key="type">paragraph</infon><offset>28557</offset><text>The cross-sectional study design may also be considered a study limitation. Future research using longitudinal study designs will help clarify the temporal nature of relations among metacognitive beliefs, executive control deficits, and PTS symptoms. Additionally, experimental designs will be helpful in determining temporal precedence, as well as in determining whether executive functioning deficits are a moderator of the relationship between positive metacognitive beliefs and PTS symptoms, or vice versa. As described, executive control consists of a variety of top-down cognitive processes that are associated with activation in the prefrontal cortex (e.g., inhibition, set shifting, working memory updating, error detection, strategy formulation). The use of multiple objective measures (e.g., established behavioral assessments) to assess these cognitive processes will be important in future research to determine whether one or more of these specific processes is primarily responsible for the effects observed in the present study. Identification of the specific cognitive deficits that exacerbate the effect of metacognitive beliefs on PTS symptoms may aid in the development of a treatment for PTSD that has a narrower target.</text></passage><passage><infon key="section_type">DISCUSS</infon><infon key="type">paragraph</infon><offset>29798</offset><text>To our knowledge, the present study is the first to provide evidence that executive control modulates the effect of metacognitive beliefs on PTS symptoms. Although evidence supports the use of metacognitive therapy for treating individuals with PTSD, the attention training technique remains underutilized as a component of this larger treatment package. Results of the present study, in combination with evidence that the attention training technique reduces symptoms of emotional disorders as a standalone intervention (e.g.,), suggest that using the attention training technique to directly target executive control deficits may be an important adjunct to more established PTSD interventions. Moreover, given the applicability of the observed interaction to all four PTS symptom clusters, metacognitive therapy, including the attention training technique, may be particularly well-suited for treating individuals with PTSD.</text></passage><passage><infon key="section_type">DISCUSS</infon><infon key="type">title_1</infon><offset>30725</offset><text>Ethics Statement</text></passage><passage><infon key="section_type">DISCUSS</infon><infon key="type">paragraph</infon><offset>30742</offset><text>This study was carried out in accordance with the recommendations of the Institutional Review Board (IRB) in the Office of Research Compliance at Auburn University. The protocol was approved by the IRB at Auburn University. All participants were provided with a one page description of the study in order to make an informed choice about their participation. Participants were then given the option to participate in the study by clicking a “yes” or “‘no” button to indicate their consent. A waiver of documentation of written consent was approved by the IRB at Auburn University.</text></passage><passage><infon key="section_type">AUTH_CONT</infon><infon key="type">title_1</infon><offset>31333</offset><text>Author Contributions</text></passage><passage><infon key="section_type">AUTH_CONT</infon><infon key="type">paragraph</infon><offset>31354</offset><text>JB was involved in study conceptualization, data collection, data analysis and interpretation, and manuscript preparation. TF was involved in study conceptualization and manuscript preparation.</text></passage><passage><infon key="section_type">COMP_INT</infon><infon key="type">title_1</infon><offset>31548</offset><text>Conflict of Interest Statement</text></passage><passage><infon key="section_type">COMP_INT</infon><infon key="type">paragraph</infon><offset>31579</offset><text>The authors declare that the research was conducted in the absence of any commercial or financial relationships that could be construed as a potential conflict of interest.</text></passage><passage><infon key="section_type">COMP_INT</infon><infon key="type">footnote</infon><offset>31752</offset><text>Funding. The authors received no financial support for the research, authorship, and/or publication of this article.</text></passage><passage><infon key="section_type">SUPPL</infon><infon key="type">title_1</infon><offset>31869</offset><text>Supplementary Material</text></passage><passage><infon key="section_type">SUPPL</infon><infon key="type">paragraph</infon><offset>31892</offset><text>The Supplementary Material for this article can be found online at: https://www.frontiersin.org/articles/10.3389/fpsyg.2018.01898/full#supplementary-material</text></passage><passage><infon key="section_type">REF</infon><infon key="type">title</infon><offset>32050</offset><text>References</text></passage><passage><infon key="name_0">surname:Aiken;given-names:L. S.</infon><infon key="name_1">surname:West;given-names:S. G.</infon><infon key="section_type">REF</infon><infon key="source">Multiple Regression: Testing and Interpreting Interactions.</infon><infon key="type">ref</infon><infon key="year">1991</infon><offset>32061</offset></passage><passage><infon key="fpage">709</infon><infon key="lpage">724</infon><infon key="name_0">surname:Amaya-Jackson;given-names:L.</infon><infon key="name_1">surname:Davidson;given-names:J. R.</infon><infon key="name_2">surname:Hughes;given-names:D. C.</infon><infon key="name_3">surname:Swartz;given-names:M.</infon><infon key="name_4">surname:Reynolds;given-names:V.</infon><infon key="name_5">surname:George;given-names:L. K.</infon><infon key="pub-id_doi">10.1023/A:1024781504756</infon><infon key="pub-id_pmid">10646189</infon><infon key="section_type">REF</infon><infon key="source">J. Trauma. Stress</infon><infon key="type">ref</infon><infon key="volume">12</infon><infon key="year">1999</infon><offset>32062</offset><text>Functional impairment and utilization of services associated with posttraumatic stress in the community.</text></passage><passage><infon key="pub-id_doi">10.1176/appi.books.9780890425596</infon><infon key="section_type">REF</infon><infon key="source">Diagnostic and Statistical Manual of Mental Disorders</infon><infon key="type">ref</infon><infon key="year">2013</infon><offset>32167</offset></passage><passage><infon key="name_0">surname:Arbuckle;given-names:J. L.</infon><infon key="section_type">REF</infon><infon key="source">Amos (Version 24.0) [Computer software].</infon><infon key="type">ref</infon><infon key="year">2010</infon><offset>32168</offset></passage><passage><infon key="fpage">320</infon><infon key="lpage">329</infon><infon key="name_0">surname:Bardeen;given-names:J. R.</infon><infon key="name_1">surname:Fergus;given-names:T. A.</infon><infon key="pub-id_doi">10.1007/s10862-015-9522-x</infon><infon key="section_type">REF</infon><infon key="source">J. Psychopathol. Behav. Assess.</infon><infon key="type">ref</infon><infon key="volume">38</infon><infon key="year">2016</infon><offset>32169</offset><text>Emotional distress intolerance, experiential avoidance, and anxiety sensitivity: the buffering effect of attentional control on associations with posttraumatic stress symptoms.</text></passage><passage><infon key="name_0">surname:Barkley;given-names:R. A.</infon><infon key="section_type">REF</infon><infon key="source">Barkley Deficits in Executive Functioning Scale (BDEFS for Adults).</infon><infon key="type">ref</infon><infon key="year">2011</infon><offset>32346</offset></passage><passage><infon key="fpage">800</infon><infon key="lpage">813</infon><infon key="name_0">surname:Behrend;given-names:T. S.</infon><infon key="name_1">surname:Sharek;given-names:D. J.</infon><infon key="name_2">surname:Meade;given-names:A. W.</infon><infon key="name_3">surname:Wiebe;given-names:E. N.</infon><infon key="pub-id_doi">10.3758/s13428-011-0081-0</infon><infon key="pub-id_pmid">21437749</infon><infon key="section_type">REF</infon><infon key="source">Behav. Res. Methods</infon><infon key="type">ref</infon><infon key="volume">43</infon><infon key="year">2011</infon><offset>32347</offset><text>The viability of crowdsourcing for survey research.</text></passage><passage><infon key="fpage">318</infon><infon key="lpage">325</infon><infon key="name_0">surname:Bennett;given-names:H.</infon><infon key="name_1">surname:Wells;given-names:A.</infon><infon key="pub-id_doi">10.1016/j.janxdis.2010.01.004</infon><infon key="pub-id_pmid">20144524</infon><infon key="section_type">REF</infon><infon key="source">J. Anxiety Disord.</infon><infon key="type">ref</infon><infon key="volume">24</infon><infon key="year">2010</infon><offset>32399</offset><text>Metacognition, memory disorganization and rumination in posttraumatic stress symptoms.</text></passage><passage><infon key="fpage">489</infon><infon key="lpage">498</infon><infon key="name_0">surname:Blevins;given-names:C. A.</infon><infon key="name_1">surname:Weathers;given-names:F. W.</infon><infon key="name_2">surname:Davis;given-names:M. T.</infon><infon key="name_3">surname:Witte;given-names:T. K.</infon><infon key="name_4">surname:Domino;given-names:J. L.</infon><infon key="pub-id_doi">10.1002/jts.22059</infon><infon key="pub-id_pmid">26606250</infon><infon key="section_type">REF</infon><infon key="source">J. Trauma. Stress</infon><infon key="type">ref</infon><infon key="volume">28</infon><infon key="year">2015</infon><offset>32486</offset><text>The posttraumatic stress disorder checklist for DSM-5 (PCL-5): development and initial psychometric evaluation.</text></passage><passage><infon key="fpage">22</infon><infon key="issue">Suppl. 7</infon><infon key="lpage">32</infon><infon key="name_0">surname:Brady;given-names:K. T.</infon><infon key="name_1">surname:Killeen;given-names:T. K.</infon><infon key="name_2">surname:Brewerton;given-names:T.</infon><infon key="name_3">surname:Lucerini;given-names:S.</infon><infon key="section_type">REF</infon><infon key="source">J. Clin. Psychiatry</infon><infon key="type">ref</infon><infon key="volume">61</infon><infon key="year">2000</infon><offset>32598</offset><text>Comorbidity of psychiatric disorders and posttraumatic stress disorder.</text></passage><passage><infon key="fpage">198</infon><infon key="lpage">210</infon><infon key="name_0">surname:Breslau;given-names:N.</infon><infon key="pub-id_doi">10.1177/1524838009334448</infon><infon key="pub-id_pmid">19406860</infon><infon key="section_type">REF</infon><infon key="source">Trauma Viol. Abuse</infon><infon key="type">ref</infon><infon key="volume">10</infon><infon key="year">2009</infon><offset>32670</offset><text>The epidemiology of trauma, PTSD, and other posttrauma disorders.</text></passage><passage><infon key="fpage">364</infon><infon key="lpage">380</infon><infon key="name_0">surname:Broman-Fulks;given-names:J. J.</infon><infon key="name_1">surname:Ruggiero;given-names:K. J.</infon><infon key="name_2">surname:Green;given-names:B. A.</infon><infon key="name_3">surname:Kilpatrick;given-names:D. G.</infon><infon key="name_4">surname:Danielson;given-names:C. K.</infon><infon key="name_5">surname:Resnick;given-names:H. S.</infon><infon key="pub-id_doi">10.1016/j.beth.2006.02.006</infon><infon key="pub-id_pmid">17071214</infon><infon key="section_type">REF</infon><infon key="source">Behav. Ther.</infon><infon key="type">ref</infon><infon key="volume">37</infon><infon key="year">2006</infon><offset>32736</offset><text>Taxometric investigation of PTSD: data from two nationally representative samples.</text></passage><passage><infon key="fpage">3</infon><infon key="lpage">5</infon><infon key="name_0">surname:Buhrmester;given-names:M.</infon><infon key="name_1">surname:Kwang;given-names:T.</infon><infon key="name_2">surname:Gosling;given-names:S. D.</infon><infon key="pub-id_doi">10.1177/1745691617706516</infon><infon key="pub-id_pmid">26162106</infon><infon key="section_type">REF</infon><infon key="source">Perspect. Psychol. Sci.</infon><infon key="type">ref</infon><infon key="volume">6</infon><infon key="year">2011</infon><offset>32819</offset><text>Amazon’s mechanical Turk: a new source of inexpensive, yet high-quality, data?</text></passage><passage><infon key="fpage">53</infon><infon key="lpage">81</infon><infon key="name_0">surname:Chandler;given-names:J.</infon><infon key="name_1">surname:Shapiro;given-names:D.</infon><infon key="pub-id_doi">10.1146/annurev-clinpsy-021815-093623</infon><infon key="pub-id_pmid">26772208</infon><infon key="section_type">REF</infon><infon key="source">Annu. Rev. Clin. Psychol.</infon><infon key="type">ref</infon><infon key="volume">12</infon><infon key="year">2016</infon><offset>32900</offset><text>Conducting clinical research using crowdsourced convenience samples.</text></passage><passage><infon key="name_0">surname:Cohen;given-names:J.</infon><infon key="name_1">surname:Cohen;given-names:P.</infon><infon key="name_2">surname:West;given-names:S. G.</infon><infon key="name_3">surname:Aiken;given-names:L. A.</infon><infon key="section_type">REF</infon><infon key="source">Applied Multiple Regression/Correlation Analysis for the Behavioral Sciences</infon><infon key="type">ref</infon><infon key="year">2003</infon><offset>32969</offset></passage><passage><infon key="fpage">166</infon><infon key="lpage">177</infon><infon key="name_0">surname:Deppermann;given-names:S.</infon><infon key="name_1">surname:Storchak;given-names:H.</infon><infon key="name_2">surname:Fallgatter;given-names:A. J.</infon><infon key="name_3">surname:Ehlis;given-names:A. C.</infon><infon key="pub-id_doi">10.1016/j.neuroscience.2014.08.037</infon><infon key="pub-id_pmid">25193848</infon><infon key="section_type">REF</infon><infon key="source">Neuroscience</infon><infon key="type">ref</infon><infon key="volume">283</infon><infon key="year">2014</infon><offset>32970</offset><text>Stress-induced neuroplasticity: (Mal)adaptation to adverse life events in patients with PTSD—A critical overview.</text></passage><passage><infon key="fpage">319</infon><infon key="lpage">345</infon><infon key="name_0">surname:Ehlers;given-names:A.</infon><infon key="name_1">surname:Clark;given-names:D. M.</infon><infon key="pub-id_doi">10.1016/S0005-7967(99)00123-0</infon><infon key="pub-id_pmid">10761279</infon><infon key="section_type">REF</infon><infon key="source">Behav. Res. Ther.</infon><infon key="type">ref</infon><infon key="volume">38</infon><infon key="year">2000</infon><offset>33086</offset><text>A cognitive model of posttraumatic stress disorder.</text></passage><passage><infon key="fpage">259</infon><infon key="lpage">274</infon><infon key="name_0">surname:Feldman;given-names:G.</infon><infon key="name_1">surname:Knouse;given-names:L. E.</infon><infon key="name_2">surname:Robinson;given-names:A.</infon><infon key="section_type">REF</infon><infon key="source">J. Cogn. Behav. Psychother.</infon><infon key="type">ref</infon><infon key="volume">13</infon><infon key="year">2013</infon><offset>33138</offset><text>Executive functioning difficulties and depression symptoms: multidimensional assessment, incremental validity and prospective associations.</text></passage><passage><infon key="fpage">502</infon><infon key="lpage">516</infon><infon key="name_0">surname:Fergus;given-names:T. A.</infon><infon key="name_1">surname:Bardeen;given-names:J. R.</infon><infon key="pub-id_pmid">20861593</infon><infon key="section_type">REF</infon><infon key="source">Cogn. Behav. Pract.</infon><infon key="type">ref</infon><infon key="volume">23</infon><infon key="year">2016</infon><offset>33278</offset><text>The attention training technique: a review of a neurobehavioral therapy for anxiety and related disorders.</text></passage><passage><infon key="fpage">723</infon><infon key="lpage">730</infon><infon key="name_0">surname:Fergus;given-names:T. A.</infon><infon key="name_1">surname:Bardeen;given-names:J. R.</infon><infon key="pub-id_doi">10.1037/tra0000247</infon><infon key="pub-id_pmid">27991814</infon><infon key="section_type">REF</infon><infon key="source">Psychol. Trauma</infon><infon key="type">ref</infon><infon key="volume">9</infon><infon key="year">2017a</infon><offset>33385</offset><text>Examining the incremental contribution of metacognitive beliefs beyond content-specific beliefs in relation to posttraumatic stress in a community sample.</text></passage><passage><infon key="name_0">surname:Fergus;given-names:T. A.</infon><infon key="name_1">surname:Bardeen;given-names:J. R.</infon><infon key="pub-id_doi">10.1177/1073191116685807</infon><infon key="pub-id_pmid">28043161</infon><infon key="section_type">REF</infon><infon key="source">Assessment.</infon><infon key="type">ref</infon><infon key="year">2017b</infon><offset>33540</offset><text>The Metacognitions Questionnaire–30: an examination of a bifactor model and measurement invariance among men and women in a community sample.</text></passage><passage><infon key="fpage">213</infon><infon key="lpage">217</infon><infon key="name_0">surname:Fergus;given-names:T. A.</infon><infon key="name_1">surname:Bardeen;given-names:J. R.</infon><infon key="name_2">surname:Orcutt;given-names:H. K.</infon><infon key="pub-id_doi">10.1016/j.paid.2012.03.017</infon><infon key="section_type">REF</infon><infon key="source">Pers. Individ. Diff.</infon><infon key="type">ref</infon><infon key="volume">53</infon><infon key="year">2012</infon><offset>33684</offset><text>Attentional control moderates the relationship between the cognitive attentional syndrome and symptoms of psychopathology.</text></passage><passage><infon key="fpage">288</infon><infon key="lpage">307</infon><infon key="name_0">surname:Fernandez-Duque;given-names:D.</infon><infon key="name_1">surname:Baird;given-names:J. A.</infon><infon key="name_2">surname:Posner;given-names:M. I.</infon><infon key="pub-id_doi">10.1006/ccog.2000.0447</infon><infon key="pub-id_pmid">10924249</infon><infon key="section_type">REF</infon><infon key="source">Conscious. Cogn.</infon><infon key="type">ref</infon><infon key="volume">9</infon><infon key="year">2000</infon><offset>33807</offset><text>Executive attention and metacognitive regulation.</text></passage><passage><infon key="name_0">surname:Foa;given-names:E. B.</infon><infon key="name_1">surname:Rothbaum;given-names:B. O.</infon><infon key="section_type">REF</infon><infon key="source">Treating the Trauma of Rape: Cognitive Behavioral Therapy for PTSD.</infon><infon key="type">ref</infon><infon key="year">1998</infon><offset>33857</offset></passage><passage><infon key="fpage">647</infon><infon key="lpage">656</infon><infon key="name_0">surname:Forbes;given-names:D.</infon><infon key="name_1">surname:Haslam;given-names:N.</infon><infon key="name_2">surname:Williams;given-names:B. J.</infon><infon key="name_3">surname:Creamer;given-names:M.</infon><infon key="pub-id_doi">10.1002/jts.20073</infon><infon key="pub-id_pmid">16382434</infon><infon key="section_type">REF</infon><infon key="source">J. Trauma. Stress</infon><infon key="type">ref</infon><infon key="volume">18</infon><infon key="year">2005</infon><offset>33858</offset><text>Testing the latent structure of posttraumatic stress disorder: a taxometric study of combat veterans.</text></passage><passage><infon key="fpage">616</infon><infon key="lpage">630</infon><infon key="name_0">surname:Gray;given-names:S. A.</infon><infon key="name_1">surname:Fettes;given-names:P.</infon><infon key="name_2">surname:Woltering;given-names:S.</infon><infon key="name_3">surname:Mawjee;given-names:K.</infon><infon key="name_4">surname:Tannock;given-names:R.</infon><infon key="pub-id_doi">10.1177/0022219415576523</infon><infon key="pub-id_pmid">25778457</infon><infon key="section_type">REF</infon><infon key="source">J. Learn. Disabil.</infon><infon key="type">ref</infon><infon key="volume">49</infon><infon key="year">2015</infon><offset>33960</offset><text>Symptom manifestation and impairments in college students with ADHD.</text></passage><passage><infon key="issue">e324</infon><infon key="name_0">surname:Gray;given-names:S. A.</infon><infon key="name_1">surname:Woltering;given-names:S.</infon><infon key="name_2">surname:Mawjee;given-names:K.</infon><infon key="name_3">surname:Tannok;given-names:R.</infon><infon key="pub-id_doi">10.7717/peerj.324</infon><infon key="pub-id_pmid">24711973</infon><infon key="section_type">REF</infon><infon key="source">PeerJ</infon><infon key="type">ref</infon><infon key="volume">2</infon><infon key="year">2014</infon><offset>34029</offset><text>The Adult ADHD Self-report Scale (ASRS): utility in college students with attention-deficit/hyperactivity disorder.</text></passage><passage><infon key="name_0">surname:Hayes;given-names:A. F.</infon><infon key="section_type">REF</infon><infon key="source">Introduction to Mediation, Moderation, and Conditional Process Analysis: A Regression-based Approach</infon><infon key="type">ref</infon><infon key="year">2018</infon><offset>34145</offset></passage><passage><infon key="fpage">556</infon><infon key="lpage">561</infon><infon key="name_0">surname:Jones;given-names:C. R.</infon><infon key="name_1">surname:Fazio;given-names:R. H.</infon><infon key="name_2">surname:Vasey;given-names:M. W.</infon><infon key="pub-id_doi">10.1177/1948550611430166</infon><infon key="pub-id_pmid">22924093</infon><infon key="section_type">REF</infon><infon key="source">Soc. Psychol. Pers. Sci.</infon><infon key="type">ref</infon><infon key="volume">3</infon><infon key="year">2012</infon><offset>34146</offset><text>Attentional control buffers the effect of public-speaking anxiety on performance.</text></passage><passage><infon key="fpage">617</infon><infon key="lpage">627</infon><infon key="name_0">surname:Kessler;given-names:R. C.</infon><infon key="name_1">surname:Chiu;given-names:W. T.</infon><infon key="name_2">surname:Demler;given-names:O.</infon><infon key="name_3">surname:Walters;given-names:E. E.</infon><infon key="pub-id_doi">10.1001/archpsyc.62.6.617</infon><infon key="pub-id_pmid">15939839</infon><infon key="section_type">REF</infon><infon key="source">Arch. Gen. Psychiatry</infon><infon key="type">ref</infon><infon key="volume">62</infon><infon key="year">2005</infon><offset>34228</offset><text>Prevalence, severity, and comorbidity of 12 month DSM-IV disorders in the national comorbidity survey replication.</text></passage><passage><infon key="fpage">537</infon><infon key="lpage">547</infon><infon key="name_0">surname:Kilpatrick;given-names:D. G.</infon><infon key="name_1">surname:Resnick;given-names:H. S.</infon><infon key="name_2">surname:Milanak;given-names:M. E.</infon><infon key="name_3">surname:Miller;given-names:M. W.</infon><infon key="name_4">surname:Keyes;given-names:K. M.</infon><infon key="name_5">surname:Friedman;given-names:M. J.</infon><infon key="pub-id_doi">10.1002/jts.21848</infon><infon key="pub-id_pmid">24151000</infon><infon key="section_type">REF</infon><infon key="source">J. Trauma. Stress</infon><infon key="type">ref</infon><infon key="volume">26</infon><infon key="year">2013</infon><offset>34343</offset><text>National estimates of exposure to traumatic events and PTSD prevalence using DSM-IV and DSM-5 criteria.</text></passage><passage><infon key="name_0">surname:Kline;given-names:R. B.</infon><infon key="section_type">REF</infon><infon key="source">Principles and Practice of Structural Equation Modeling</infon><infon key="type">ref</infon><infon key="year">2016</infon><offset>34447</offset></passage><passage><infon key="fpage">999</infon><infon key="lpage">1025</infon><infon key="name_0">surname:Knowles;given-names:M. M.</infon><infon key="name_1">surname:Foden;given-names:P.</infon><infon key="name_2">surname:El-Deredy;given-names:W.</infon><infon key="name_3">surname:Wells;given-names:A.</infon><infon key="pub-id_doi">10.1002/jclp.22312</infon><infon key="pub-id_pmid">27129094</infon><infon key="section_type">REF</infon><infon key="source">J. Clin. Psychol.</infon><infon key="type">ref</infon><infon key="volume">72</infon><infon key="year">2016</infon><offset>34448</offset><text>A systematic review of efficacy of the attention training technique in clinical and nonclinical samples.</text></passage><passage><infon key="fpage">515</infon><infon key="lpage">524</infon><infon key="name_0">surname:McDonagh;given-names:A.</infon><infon key="name_1">surname:Friedman;given-names:M.</infon><infon key="name_2">surname:McHugo;given-names:G.</infon><infon key="name_3">surname:Ford;given-names:J.</infon><infon key="name_4">surname:Sengupta;given-names:A.</infon><infon key="name_5">surname:Mueser;given-names:K.</infon><infon key="pub-id_doi">10.1037/0022-006X.73.3.515</infon><infon key="pub-id_pmid">15982149</infon><infon key="section_type">REF</infon><infon key="source">J. Consult. Clin. Psychol.</infon><infon key="type">ref</infon><infon key="volume">73</infon><infon key="year">2005</infon><offset>34553</offset><text>Randomized trial of cognitive behavioral therapy for chronic posttraumatic stress disorder in adult female survivors of childhood sexual abuse.</text></passage><passage><infon key="fpage">172</infon><infon key="lpage">175</infon><infon key="name_0">surname:Meng;given-names:X. L.</infon><infon key="name_1">surname:Rosenthal;given-names:R.</infon><infon key="name_2">surname:Rubin;given-names:D. B.</infon><infon key="pub-id_doi">10.1037/0033-2909.111.1.172</infon><infon key="section_type">REF</infon><infon key="source">Psychol. Bull.</infon><infon key="type">ref</infon><infon key="volume">111</infon><infon key="year">1992</infon><offset>34697</offset><text>Comparing correlated correlation coefficients.</text></passage><passage><infon key="fpage">184</infon><infon key="lpage">188</infon><infon key="name_0">surname:Paolacci;given-names:G.</infon><infon key="name_1">surname:Chandler;given-names:J.</infon><infon key="pub-id_doi">10.1177/0963721414531598</infon><infon key="section_type">REF</infon><infon key="source">Curr. Dir. Psychol. Sci.</infon><infon key="type">ref</infon><infon key="volume">23</infon><infon key="year">2014</infon><offset>34744</offset><text>Inside the Turk: understanding Mechanical Turk as a participant pool.</text></passage><passage><infon key="fpage">1023</infon><infon key="lpage">1031</infon><infon key="name_0">surname:Peer;given-names:E.</infon><infon key="name_1">surname:Vosgerau;given-names:J.</infon><infon key="name_2">surname:Acquisti;given-names:A.</infon><infon key="pub-id_doi">10.3758/s13428-013-0434-y</infon><infon key="pub-id_pmid">24356996</infon><infon key="section_type">REF</infon><infon key="source">Behav. Res. Methods</infon><infon key="type">ref</infon><infon key="volume">46</infon><infon key="year">2014</infon><offset>34814</offset><text>Reputation as a sufficient condition for data quality on Amazon Mechanical Turk.</text></passage><passage><infon key="fpage">59</infon><infon key="lpage">68</infon><infon key="name_0">surname:Ramchand;given-names:R.</infon><infon key="name_1">surname:Schell;given-names:T. L.</infon><infon key="name_2">surname:Karney;given-names:B. R.</infon><infon key="name_3">surname:Osilla;given-names:K. C.</infon><infon key="name_4">surname:Burns;given-names:R. M.</infon><infon key="name_5">surname:Caldarone;given-names:L. B.</infon><infon key="pub-id_doi">10.1002/jts.20486</infon><infon key="pub-id_pmid">20135699</infon><infon key="section_type">REF</infon><infon key="source">J. Trauma. Stress</infon><infon key="type">ref</infon><infon key="volume">23</infon><infon key="year">2010</infon><offset>34895</offset><text>Disparate prevalence estimates of PTSD among service members who served Iraq and Afghanistan: possible explanations.</text></passage><passage><infon key="fpage">111</infon><infon key="lpage">122</infon><infon key="name_0">surname:Roussis;given-names:P.</infon><infon key="name_1">surname:Wells;given-names:A.</infon><infon key="pub-id_doi">10.1016/j.paid.2005.06.019</infon><infon key="section_type">REF</infon><infon key="source">Pers. Individ. Diff.</infon><infon key="type">ref</infon><infon key="volume">40</infon><infon key="year">2006</infon><offset>35012</offset><text>Posttraumatic stress symptoms: tests of relationships with thought control strategies and beliefs as predicted by the metacognitive model.</text></passage><passage><infon key="fpage">290</infon><infon key="lpage">301</infon><infon key="name_0">surname:Ruscio;given-names:A. M.</infon><infon key="name_1">surname:Ruscio;given-names:J.</infon><infon key="name_2">surname:Keane;given-names:T. M.</infon><infon key="pub-id_doi">10.1037/0021-843X.111.2.290</infon><infon key="pub-id_pmid">12003450</infon><infon key="section_type">REF</infon><infon key="source">J. Abnorm. Psychol.</infon><infon key="type">ref</infon><infon key="volume">111</infon><infon key="year">2002</infon><offset>35151</offset><text>The latent structure of posttraumatic stress disorder: a taxometric investigation of reactions to extreme stress.</text></passage><passage><infon key="fpage">105</infon><infon key="lpage">140</infon><infon key="name_0">surname:Scott;given-names:J. C.</infon><infon key="name_1">surname:Matt;given-names:G. E.</infon><infon key="name_2">surname:Wrocklage;given-names:K. M.</infon><infon key="name_3">surname:Crnich;given-names:C.</infon><infon key="name_4">surname:Jordan;given-names:J.</infon><infon key="name_5">surname:Southwick;given-names:S. M.</infon><infon key="pub-id_doi">10.1037/a0038039</infon><infon key="pub-id_pmid">25365762</infon><infon key="section_type">REF</infon><infon key="source">Psychol. Bull.</infon><infon key="type">ref</infon><infon key="volume">141</infon><infon key="year">2015</infon><offset>35265</offset><text>A quantitative meta-analysis of neurocognitive functioning in posttraumatic stress disorder.</text></passage><passage><infon key="fpage">218</infon><infon key="lpage">221</infon><infon key="name_0">surname:Seligowski;given-names:A. V.</infon><infon key="name_1">surname:Orcutt;given-names:H. K.</infon><infon key="pub-id_doi">10.1037/tra0000104</infon><infon key="pub-id_pmid">26689217</infon><infon key="section_type">REF</infon><infon key="source">Psychol. Trauma</infon><infon key="type">ref</infon><infon key="volume">8</infon><infon key="year">2016</infon><offset>35358</offset><text>Support for the 7-factor hybrid model of PTSD in a community sample.</text></passage><passage><infon key="fpage">213</infon><infon key="lpage">220</infon><infon key="name_0">surname:Shapiro;given-names:D. N.</infon><infon key="name_1">surname:Chandler;given-names:J.</infon><infon key="name_2">surname:Mueller;given-names:P. A.</infon><infon key="pub-id_doi">10.1177/2167702612469015</infon><infon key="section_type">REF</infon><infon key="source">Clin. Psychol. Sci.</infon><infon key="type">ref</infon><infon key="volume">1</infon><infon key="year">2013</infon><offset>35427</offset><text>Using Mechanical Turk to study clinical populations.</text></passage><passage><infon key="fpage">238</infon><infon key="lpage">242</infon><infon key="name_0">surname:Spada;given-names:M. M.</infon><infon key="name_1">surname:Mohiyeddini;given-names:C.</infon><infon key="name_2">surname:Wells;given-names:A.</infon><infon key="pub-id_doi">10.1016/j.paid.2008.04.005</infon><infon key="section_type">REF</infon><infon key="source">Pers. Individ. Diff.</infon><infon key="type">ref</infon><infon key="volume">45</infon><infon key="year">2008</infon><offset>35480</offset><text>Measuring metacognitions associated with emotional distress: factor structure and predictive validity of the Metacognitions Questionnaire 30.</text></passage><passage><infon key="name_0">surname:Weathers;given-names:F. W.</infon><infon key="name_1">surname:Blake;given-names:D. D.</infon><infon key="name_2">surname:Schnurr;given-names:P. P.</infon><infon key="name_3">surname:Kaloupek;given-names:D. G.</infon><infon key="name_4">surname:Marx;given-names:B. P.</infon><infon key="name_5">surname:Keane;given-names:T. M.</infon><infon key="section_type">REF</infon><infon key="source">The Life Events Checklist for DSM-5 (LEC-5). Instrument Available from the National Center for PTSD.</infon><infon key="type">ref</infon><infon key="year">2013a</infon><offset>35622</offset></passage><passage><infon key="name_0">surname:Weathers;given-names:F. W.</infon><infon key="name_1">surname:Litz;given-names:B. T.</infon><infon key="name_2">surname:Keane;given-names:T. M.</infon><infon key="name_3">surname:Palmieri;given-names:P. A.</infon><infon key="name_4">surname:Marx;given-names:B. P.</infon><infon key="name_5">surname:Schnurr;given-names:P. P.</infon><infon key="section_type">REF</infon><infon key="source">The PTSD Checklist for DSM-5 (LEC-5). Instrument Available from the National Center for PTSD.</infon><infon key="type">ref</infon><infon key="year">2013b</infon><offset>35623</offset></passage><passage><infon key="fpage">273</infon><infon key="lpage">280</infon><infon key="name_0">surname:Wells;given-names:A.</infon><infon key="pub-id_pmid">19059753</infon><infon key="section_type">REF</infon><infon key="source">Behav. Ther.</infon><infon key="type">ref</infon><infon key="volume">21</infon><infon key="year">1990</infon><offset>35624</offset><text>Panic disorder in association with relaxation induced anxiety: an attentional training approach to treatment.</text></passage><passage><infon key="name_0">surname:Wells;given-names:A.</infon><infon key="section_type">REF</infon><infon key="source">Metacognitive Therapy for Anxiety and Depression.</infon><infon key="type">ref</infon><infon key="year">2009</infon><offset>35734</offset></passage><passage><infon key="fpage">385</infon><infon key="lpage">396</infon><infon key="name_0">surname:Wells;given-names:A.</infon><infon key="name_1">surname:Cartwright-Hatton;given-names:S.</infon><infon key="pub-id_doi">10.1016/S0005-7967(03)00147-5</infon><infon key="pub-id_pmid">14998733</infon><infon key="section_type">REF</infon><infon key="source">Behav. Res. Ther.</infon><infon key="type">ref</infon><infon key="volume">42</infon><infon key="year">2004</infon><offset>35735</offset><text>A short-form of the Metacognitions Questionnaire: properties of the MCQ-30.</text></passage><passage><infon key="fpage">881</infon><infon key="lpage">888</infon><infon key="name_0">surname:Wells;given-names:A.</infon><infon key="name_1">surname:Matthews;given-names:G.</infon><infon key="pub-id_doi">10.1016/S0005-7967(96)00050-2</infon><infon key="pub-id_pmid">8990539</infon><infon key="section_type">REF</infon><infon key="source">Behav. Res. Ther.</infon><infon key="type">ref</infon><infon key="volume">34</infon><infon key="year">1996</infon><offset>35811</offset><text>Modelling Cognition in emotional disorders: the S-REF model.</text></passage><passage><infon key="fpage">307</infon><infon key="lpage">318</infon><infon key="name_0">surname:Wells;given-names:A.</infon><infon key="name_1">surname:Sembi;given-names:S.</infon><infon key="pub-id_doi">10.1016/j.jbtep.2004.07.001</infon><infon key="pub-id_pmid">15530845</infon><infon key="section_type">REF</infon><infon key="source">J. Behav. Ther. Exp. Psychiatry</infon><infon key="type">ref</infon><infon key="volume">35</infon><infon key="year">2004</infon><offset>35872</offset><text>Metacognitive-focused therapy for PTSD: a preliminary investigation of a new brief treatment.</text></passage><passage><infon key="fpage">70</infon><infon key="lpage">80</infon><infon key="name_0">surname:Wells;given-names:A.</infon><infon key="name_1">surname:Walton;given-names:D.</infon><infon key="name_2">surname:Lovell;given-names:K.</infon><infon key="name_3">surname:Proctor;given-names:D.</infon><infon key="pub-id_doi">10.1007/s10608-014-9636-6</infon><infon key="section_type">REF</infon><infon key="source">Cogn. Ther. Res.</infon><infon key="type">ref</infon><infon key="volume">39</infon><infon key="year">2015</infon><offset>35966</offset><text>Metacognitive versus prolonged exposure in adults with chronic post-traumatic stress disorder: a parallel randomized controlled trial.</text></passage><passage><infon key="fpage">637</infon><infon key="lpage">645</infon><infon key="name_0">surname:Zayfert;given-names:C.</infon><infon key="name_1">surname:DeViva;given-names:J. C.</infon><infon key="name_2">surname:Becker;given-names:C. B.</infon><infon key="name_3">surname:Pike;given-names:J. L.</infon><infon key="name_4">surname:Gillock;given-names:K. L.</infon><infon key="name_5">surname:Hayes;given-names:S. A.</infon><infon key="pub-id_pmid">16382429</infon><infon key="section_type">REF</infon><infon key="source">J. Traum.</infon><infon key="type">ref</infon><infon key="volume">18</infon><infon key="year">2005</infon><offset>36101</offset><text>Exposure utilization and completion of cognitive behavioral therapy for PTSD in a “real world” clinical practice.</text></passage></document></collection>
