<?xml version="1.0" encoding="UTF-8"?>
<!DOCTYPE collection SYSTEM "BioC.dtd">
<collection><source>PMC</source><date>20201216</date><key>pmc.key</key><document><id>6258257</id><infon key="license">CC BY</infon><passage><infon key="article-id_doi">10.3390/data2040038</infon><infon key="article-id_manuscript">NIHMS923541</infon><infon key="article-id_pmc">6258257</infon><infon key="article-id_pmid">30498741</infon><infon key="elocation-id">38</infon><infon key="issue">4</infon><infon key="kwd">data exchange resource donations text mining</infon><infon key="license">This article is an open access article distributed under the terms
and conditions of the Creative Commons by Attribution (CC-BY) license
(http://creativecommons.org/licenses/by/4.0/).</infon><infon key="name_0">surname:Subramanian;given-names:Sandeep</infon><infon key="name_1">surname:Ganapathiraju;given-names:Madhavi K.</infon><infon key="section_type">TITLE</infon><infon key="type">front</infon><infon key="volume">2</infon><infon key="year">2018</infon><offset>0</offset><text>Antibody Exchange: Information extraction of biological antibody donation and a web-portal to find donors and seekers</text></passage><passage><infon key="section_type">ABSTRACT</infon><infon key="type">abstract</infon><offset>118</offset><text>Bio-molecular reagents like antibodies required in experimental biology are expensive and their effectiveness, among other things, is critical to the success of the experiment. Although such resources are sometimes donated by one investigator to another through personal communication between the two, there is no previous study to our knowledge on the extent of such donations, nor a central platform that directs resource seekers to donors. In this paper, we describe, to our knowledge, a first attempt at building a web-portal titled Antibody Exchange (or more general ‘Bio-Resource Exchange’) that attempts to bridge this gap between resource seekers and donors in the domain of experimental biology. Users on this portal can request for or donate antibodies, cell-lines and DNA Constructs. This resource could also serve as a crowd-sourced database of resources for experimental biology. Further, we also studied the extent of antibody donations by mining the acknowledgement sections of scientific articles. Specifically, we extracted the name of the donor, his/her affiliation and the name of the antibody for every donation by parsing the acknowledgements sections of articles. To extract annotations at this level, we adopted two approaches – a rule based algorithm and a bootstrapped pattern learning algorithm. The algorithms extracted donor names, affiliations and antibody names with average accuracies of 57% and 62% respectively. We also created a dataset of 50 expert-annotated acknowledgements sections that will serve as a gold standard dataset to evaluate extraction algorithms in the future.</text></passage><passage><infon key="section_type">INTRO</infon><infon key="type">title_1</infon><offset>1736</offset><text>1. Introduction</text></passage><passage><infon key="section_type">INTRO</infon><infon key="type">paragraph</infon><offset>1752</offset><text>Antibodies and other such wet-lab reagents are vital resources in a variety of experiments in molecular biology. These resources are expensive and their quality is crucial for the success of the experiment. For those conducting these experiments, it would be extremely valuable when these reagents become available in spare quantities in one lab, they are then donated to others when required. This donation will be even more useful if the donor lab has already tested the quality of the resource. For example, a research group that studies the protein HMGB1 extensively, might have a reliable and well-tested antibody for it, and could potentially donate some of it to colleagues or collaborators who may need it. Such donations, where possible, could help unfunded junior investigators to carry out experiments that they otherwise could not afford. Further, such acts of generosity could spark collaborations between research groups and serve as a means to connect researchers with similar expertise.</text></passage><passage><infon key="section_type">INTRO</infon><infon key="type">paragraph</infon><offset>2755</offset><text>Even in the strongly connected world that we are in today, researchers, unaware of a group that may have the reagents in close proximity within their organization, typically turn to vendors whose information is readily available online. Increasingly, there has been a trend towards open resource sharing. For example, open source software, open data sharing and open access of manuscript publishing have become pervasive and have accelerated advancement of science.</text></passage><passage><infon key="section_type">INTRO</infon><infon key="type">paragraph</infon><offset>3221</offset><text>In these open sharing environments, what are the factors that drive people to do social good? While some individuals have altruistic motives such as contributing to the advancement of science and encouraging junior investigators, there are others who build a reputation for being highly visible donors or build goodwill for future reciprocations. How feasible is it to share material resources among research groups, given that they cannot be shared simply over the Internet?</text></passage><passage><infon key="section_type">INTRO</infon><infon key="type">paragraph</infon><offset>3697</offset><text>In this work, we studied the extent to which researchers share biological reagents, specifically antibodies, by parsing the acknowledgements sections of papers available in PubMed Central. Encouraged by what we found, we developed a web portal to connect donors with seekers of reagents to facilitate and promote sharing of such resources. This portal can serve as a means for people to find locally available resources for their experiments.</text></passage><passage><infon key="section_type">INTRO</infon><infon key="type">paragraph</infon><offset>4140</offset><text>The amount of bio-medically relevant content is increasing at an unprecedented rate; two new articles are published on PubMed every minute . Therefore, information extraction from text documents has seen several advancements over the past decade. The BioCreative and BioNLP workshop initiatives were created to evaluate text mining and information extraction approaches. Tasks ranging from named entity recognition (NER) on genes, drugs and chemical compounds to protein-protein interaction extraction from PubMed have been a part of these initiatives. Further, GENIA is a dataset pertinent to text mining of bio literature and has played an important role in the advancement of Biomedical Natural Language Processing.</text></passage><passage><infon key="section_type">INTRO</infon><infon key="type">paragraph</infon><offset>4859</offset><text>Riloff and Jones  pioneered an information extraction algorithm that iteratively learns rules for extracting relevant information and in turn uses the information to learn new rules. This approach to learning is often referred to as bootstrapping and is in practice to-date. Some of the biggest and most successful information extraction systems like Never Ending Language Learner (NELL)  have used bootstrapping effectively even in the biomedical domain. We adopt this as one of our methods to extract information from literature. The NLP research community has largely stuck to machine learning approaches for information extraction until very recently when rule based systems have seen some resurfacing, while the industry has always stuck to the latter. Rule based information extraction systems have the advantage of being interpretable and can be fine-tuned easily. In this work, we experiment with using a purely hand-engineered rule based extraction system and compare its performance with bootstrapped pattern learning system. Recently, bio-literature has been mined to index and curate bioinformatics and biomedical resources. Several examples are presented in our prior work. Duck et al present a literature mining approach to quantifying the use of resource in computational biology while de la Calle et al  do the same for resources in bioinformatics. In contrast, we focus on wet-lab resources. Ozyurt et al  develop a holistic resource that has software, databases and tissue banks but does not contain antibodies or attempt to understand the phenomenon of bio resource donation in literature.</text></passage><passage><infon key="section_type">METHODS</infon><infon key="type">title_1</infon><offset>6468</offset><text>2. Materials and Methods</text></passage><passage><infon key="section_type">METHODS</infon><infon key="type">paragraph</infon><offset>6493</offset><text>Researchers acknowledge donations from others by thanking them in the acknowledgements section of their published work. In this particular work, we focused on studying acknowledgements pertaining to antibody donations. We mined full-text articles from PubMed Central to extract information at coarse and fine granularities. At the coarse level, we extracted the entire acknowledgement section if a case-insensitive search on the entire acknowledgement section contains the word “antibody” or “antibodies”. Authors however, tend to acknowledge multiple things in this section such as manuscript reading, instrument usage and their funding sources. For example, the acknowledgement “We thank Peter Merrifield and Stefano Schiaffino for providing antibodies. This work was supported by grants from the Medical Research Council of Canada. K.E.M.H is a Killam Scholar of the Montreal Neurological Institute.” contains information extraneous to the task we are focused on. We therefore had to develop extraction algorithms that can carefully extract out donor names, donor affiliations and antibody names from entire acknowledgement sections.</text></passage><passage><infon key="section_type">METHODS</infon><infon key="type">title_2</infon><offset>7642</offset><text>A. Data Acquisition</text></passage><passage><infon key="section_type">METHODS</infon><infon key="type">paragraph</infon><offset>7662</offset><text>PubMed Central provides full-text access to all of its open access papers https://www.ncbi.nlm.nih.gov/pmc/. As of April 2015, according to our statistics it consisted of a total of 1,000,148 open access papers. These papers are available for download, free of cost and formatted in XML. We parsed these to extract the acknowledgements section of every paper and searched for a reference to an antibody donation within it. Since generating the entire XML parse tree of every paper was computationally expensive, we ran a shallow parse using regular expressions to parse out just the acknowledgements section.</text></passage><passage><infon key="section_type">METHODS</infon><infon key="type">paragraph</infon><offset>8271</offset><text>A crude extraction approach for this task was done using a case insensitive search for the word “antibody” and “antibodies” in the acknowledgements section, which returned 6,533 instances across all papers in all journals. Only a very small fraction of these did not contain a reference to an antibody donation. For example, the sentence “We’d like to thank Doris Thelian for her expert advice on antibody cocktails and flow cytometry data analysis” has absolutely no reference to donation of an antibody.</text></passage><passage><infon key="section_type">METHODS</infon><infon key="type">paragraph</infon><offset>8791</offset><text>We then analyzed the extracted paragraphs using information extraction algorithms that we will describe in detail in the subsequent sections to determine the antibody donor name, affiliation and the name of the antibody.</text></passage><passage><infon key="section_type">METHODS</infon><infon key="type">title_2</infon><offset>9012</offset><text>B. Rule Based Extraction</text></passage><passage><infon key="section_type">METHODS</infon><infon key="type">paragraph</infon><offset>9037</offset><text>Rule based systems can easily exploit the formal and consistent nature of writing in the acknowledgements section of scientific articles. Rule based information extraction systems that search key-word context windows have been employed with success in the past. The context in which a word occurs (i.e.) the words surrounding it, has been studied extensively. We formulate heuristically determined search rules for information extraction within these word contexts.</text></passage><passage><infon key="section_type">METHODS</infon><infon key="type">paragraph</infon><offset>9503</offset><text>We observe that the antibody names were mostly written in ‘TARGET1 antibody” form (Fig. 1), but also occasionally as “antibody of/to TARGET”; for example: “Dr. Y. Nishiyama is thanked for the antibody to UL7” is written in passive voice, which would require searching the right context instead. We assert that the first word within the left context window of the word “antibody” that is not in the English dictionary or a named entity, is the name of the antibody that was donated. If no such word is found in the left context, we then proceed to search the right-context. The size of the left and right context windows is set at 4 words, determined after examining the paragraphs from the high-level extraction step. Further, we also search the left context window for any tags (primary, secondary, monoclonal, polyclonal) that may associated with the antibody. While an NER system for antibodies would have been ideal, biomedical NER systems such as BANNER are incapable of tagging antibodies nor is there a corpus from which a supervised one can be trained.</text></passage><passage><infon key="section_type">METHODS</infon><infon key="type">paragraph</infon><offset>10580</offset><text>While extracting the name of the donor, we do not fix the size of the context window in which we search. Instead, we keep searching the left context of the antibody name until a named entity labeled as a person is encountered. We found that the name of a donor is typically located far away from the antibody. We used MIT’s Information Extraction Library2 (MITIE) for NER that identifies named entities and provides labels for them like ‘person’, ‘organization’ and ‘location’. Another observation about the nature of acknowledgements in biomedical literature was that a person’s affiliation almost always occurred immediately after his/her name within brackets. We used this to label the donor’s affiliation as the closest organization extracted by our NER in his/her right context while still being on the left context of the word “antibody” or “antibodies”.</text></passage><passage><infon key="section_type">METHODS</infon><infon key="type">title_2</infon><offset>11467</offset><text>C. Bootstrapped pattern learning</text></passage><passage><infon key="section_type">METHODS</infon><infon key="type">paragraph</infon><offset>11500</offset><text>While rule-based extraction systems are capable of extracting entities with high precision, they require rules to be explicitly defined. This also prevents them from being easily adapted to new domains. Bootstrapping alleviates this problem by automatically learning phrases/patterns that identify entities of interest from seeded ground-truth annotations. The following subsection describes the bootstrapping algorithm that we used to learn extraction rules.</text></passage><passage><infon key="section_type">METHODS</infon><infon key="type">paragraph</infon><offset>11960</offset><text>Seed an initial set of antibody names.</text></passage><passage><infon key="section_type">METHODS</infon><infon key="type">paragraph</infon><offset>11999</offset><text>For every sentence that contains any of the seeded antibody names, run a constituency parse to extract the leaves of immediate parent noun phrase as shown in Fig. 2 and replace the seeded antibody with a wildcard ‘TARGET’.</text></passage><passage><infon key="section_type">METHODS</infon><infon key="type">paragraph</infon><offset>12226</offset><text>These phrases constitute the learned patterns. (Fig. 3)</text></passage><passage><infon key="section_type">METHODS</infon><infon key="type">paragraph</infon><offset>12282</offset><text>Extract new antibody names using these learned patterns by pattern matching any of these patterns with every sentence.</text></passage><passage><infon key="section_type">METHODS</infon><infon key="type">paragraph</infon><offset>12401</offset><text>Repeat antibody-name extraction and rule-learning steps iteratively.</text></passage><passage><infon key="section_type">METHODS</infon><infon key="type">paragraph</infon><offset>12470</offset><text>We used bootstrapping to identify antibody names only, using the context-based approach as described in the Rule Based Extraction to identify the donor names, affiliations and antibody names. The algorithm is as follows: </text></passage><passage><infon key="section_type">METHODS</infon><infon key="type">paragraph</infon><offset>12692</offset><text>Bootstrapping algorithms learn new patterns and ground-truth iteratively . The algorithm constitutes extracting antibody names either from the initial seed or from the patterns learned thus far, and then updating patterns from the current set of antibody names extracted. We observed that best performance was achieved after 2 iterations, whereas more iterations introduced noisy extraction rules.</text></passage><passage><infon key="section_type">METHODS</infon><infon key="type">paragraph</infon><offset>13090</offset><text>the mouse TARGET antibody</text></passage><passage><infon key="section_type">METHODS</infon><infon key="type">paragraph</infon><offset>13116</offset><text>rabbit TARGET antibodies</text></passage><passage><infon key="section_type">METHODS</infon><infon key="type">paragraph</infon><offset>13141</offset><text>TARGET monoclonal antibodies</text></passage><passage><infon key="section_type">METHODS</infon><infon key="type">paragraph</infon><offset>13170</offset><text>TARGET antibody</text></passage><passage><infon key="section_type">METHODS</infon><infon key="type">paragraph</infon><offset>13186</offset><text>antibody to TARGET</text></passage><passage><infon key="section_type">METHODS</infon><infon key="type">paragraph</infon><offset>13205</offset><text>Some of the patterns learned by this algorithm starting with 40 antibody names as seeds are: </text></passage><passage><infon key="section_type">METHODS</infon><infon key="type">title_2</infon><offset>13299</offset><text>D. Human Annotations</text></passage><passage><infon key="section_type">METHODS</infon><infon key="type">paragraph</infon><offset>13320</offset><text>There is no dataset with ground-truth annotations for evaluating these algorithms. So we undertook collection of human annotations for 50 randomly sampled acknowledgement sections. Biologists familiar with this domain were asked to manually annotate donor names, his/her affiliation, the name of the antibody and any of its attributes. We also asked the annotators to identify other bio-resources (e.g. cell-lines) that they could find in the acknowledgements and annotate them with labels describing the resource and the resource name for future work along this line. Further, we also asked them to annotate people or organizations in the acknowledgements that were not part of a donation of a bio-resource for potential application in NER tasks.</text></passage><passage><infon key="section_type">METHODS</infon><infon key="type">paragraph</infon><offset>14068</offset><text>Example annotations of sentences describing only antibody donations are shown in Fig. 4 and Fig. 5 and annotations of sentences containing other bio-resources are shown in Fig. 6.</text></passage><passage><infon key="section_type">METHODS</infon><infon key="type">paragraph</infon><offset>14248</offset><text>Five biologists participated in the annotation process. Fifty abstracts were annotated overall, of which 18 were annotated by at least 2 individuals. Inter-annotator agreement was 75%. We foresee these annotations being used as ground-truth for other researchers to evaluate their algorithms on the same task. More generally, these annotations could be used to train information extraction and named entity recognition systems. The annotations are formatted in XML, a snippet of which can be seen in Fig. 7.</text></passage><passage><infon key="section_type">METHODS</infon><infon key="type">paragraph</infon><offset>14756</offset><text>The dataset of annotated acknowledgements is provided in Supplementary File 1.</text></passage><passage><infon key="section_type">RESULTS</infon><infon key="type">title_1</infon><offset>14835</offset><text>3. Results and Discussion</text></passage><passage><infon key="section_type">RESULTS</infon><infon key="type">paragraph</infon><offset>14861</offset><text>We studied frequent donors (people &amp; organizations), frequently donated antibodies, and donation trends across journals, and trends over time. These results are presented for both approaches.</text></passage><passage><infon key="section_type">RESULTS</infon><infon key="type">title_2</infon><offset>15053</offset><text>A. Rule Based Approach</text></passage><passage><infon key="section_type">RESULTS</infon><infon key="type">paragraph</infon><offset>15076</offset><text>The rule-based approach extracted a total of 7,589 antibody donations. The number of extracted donations exceeds the number of acknowledgement sections because the algorithm is capable of extracting multiple donations within the same acknowledgement section. Table 1 contains the top 5 donor names irrespective of their affiliation.</text></passage><passage><infon key="section_type">RESULTS</infon><infon key="type">paragraph</infon><offset>15409</offset><text>Table 2 contains the top 5 donor-affiliation pairs.</text></passage><passage><infon key="section_type">RESULTS</infon><infon key="type">paragraph</infon><offset>15461</offset><text>Our approach suffers from some weaknesses – the NER system tagged “Albert Einstein College of Medicine” as a person. Also, it is incapable of identifying different ways of writing a donor name (Keith Gull vs K. Gull vs Gull, K) or affiliation (University of Oxford vs Oxford University).</text></passage><passage><infon key="section_type">RESULTS</infon><infon key="type">paragraph</infon><offset>15755</offset><text>Table 3 contains the organizations that donated the most antibodies.</text></passage><passage><infon key="section_type">RESULTS</infon><infon key="type">paragraph</infon><offset>15824</offset><text>Table 4 contains the most frequently donated antibodies.</text></passage><passage><infon key="section_type">RESULTS</infon><infon key="type">paragraph</infon><offset>15881</offset><text>Table 5 contains the journals that had the most references to an antibody donation. Note that these journals are completely open access, however all their articles are available in the data we processed.</text></passage><passage><infon key="section_type">RESULTS</infon><infon key="type">paragraph</infon><offset>16085</offset><text>Fig. 8 shows a plot of the number of antibody donations extracted papers published during the years 2000 to 2014. The data the nature of open-access publications and their deposition in PubMed Central have seen increasing adoption during this period because of which the number of publications per year grew in PMC, from around 40 thousand in 2000 to about 400,000 thousand in 2014. To normalize for this effect, we also show ‘donations per 1000 PMC articles’, with a secondary axis on the right-side of the figure. We counted multiple donations mentioned in the same paper (of different antibodies or by different donors) as distinct entities; however, these are rare occasions and would not significantly alter normalized values. We can see that the donations themselves, or the practice of acknowledgement in the manuscripts, have increased over the years 2000-2014.</text></passage><passage><infon key="section_type">RESULTS</infon><infon key="type">title_2</infon><offset>16959</offset><text>B. Bootstrapped Pattern Learning</text></passage><passage><infon key="section_type">RESULTS</infon><infon key="type">paragraph</infon><offset>16992</offset><text>The bootstrapped pattern learning algorithm extracted a total of 7,864 antibody donations. Table 6 contains the top 5 donors independent of their affiliation.</text></passage><passage><infon key="section_type">RESULTS</infon><infon key="type">paragraph</infon><offset>17151</offset><text>Table 7 contains the top 5 donor-affiliation pairs.</text></passage><passage><infon key="section_type">RESULTS</infon><infon key="type">paragraph</infon><offset>17203</offset><text>Table 8 contains the organizations that donated the most antibodies.</text></passage><passage><infon key="section_type">RESULTS</infon><infon key="type">paragraph</infon><offset>17272</offset><text>Table 9 below contains the antibody names that were donated the most frequently.</text></passage><passage><infon key="section_type">RESULTS</infon><infon key="type">paragraph</infon><offset>17353</offset><text>Table 10 contains the journals that had the most references to an antibody donation.</text></passage><passage><infon key="section_type">RESULTS</infon><infon key="type">paragraph</infon><offset>17438</offset><text>The plot showing the temporal donation trend for this approach was identical to the previous approach and is therefore not included in this section.</text></passage><passage><infon key="section_type">RESULTS</infon><infon key="type">title_1</infon><offset>17587</offset><text>4. Extraction Evaluation</text></passage><passage><infon key="section_type">RESULTS</infon><infon key="type">title_2</infon><offset>17612</offset><text>A. Evaluation</text></passage><passage><infon key="section_type">RESULTS</infon><infon key="type">paragraph</infon><offset>17626</offset><text>We evaluated the performance of our algorithms, by comparing them to any of the human labeled annotations. We report the accuracies in Table 11. It is evident that we are able to extract characteristics about an antibody using both our proposed approaches. The bootstrapped pattern learning algorithm achieves better performance than the simple rule-based approach at extracting donor and antibody names but doesn’t do as well with extracting affiliations.</text></passage><passage><infon key="section_type">RESULTS</infon><infon key="type">title_1</infon><offset>18085</offset><text>5. Bio-Resource Exchange Web Portal</text></passage><passage><infon key="section_type">RESULTS</infon><infon key="type">paragraph</infon><offset>18121</offset><text>We developed a resource-sharing web-portal called Bio-Resource Exchange (BRX) available at http://tonks.dbmi.pitt.edu/brx. It is built modularly, with the ability to be a generic resource-sharing platform. It allows users to make requests for or donate resources via a simple customizable form for each resource. At present, resources on BRX include antibodies, DNA constructs and cell-lines. The moment a form is filled in by a user, it appears on a bulletin board (analogous to a news feed on social networking websites) that is visible to all other users in the system (Fig. 9). A user’s news feed may be filtered based on the type of research he/she is looking for. It allows users to search for specific information, for example, particular antibodies or cell-lines, or posts by specific individuals. BRX also allows users to comment on posts and also puts them in touch with the author via email.</text></passage><passage><infon key="section_type">RESULTS</infon><infon key="type">paragraph</infon><offset>19026</offset><text>BRX was developed using the Django web framework with a MySQL backend database. Separate tables were created for each resource type to allow each of them to have different attributes using Django’s ORM (Object-relation Mapping). Foreign keys to this table were made to store comments and email correspondences. The rest of the backend elements are designed to make the addition of a new resource extremely simple. Third-party authentication elements on BRX were built using an open source Oauth2 library3. For University of Pittsburgh users exclusively, we used LDAP (Lightweight Directory Access Protocol) authentication to let users sign in with their university email accounts. Front-end elements were built using twitter-bootstrap, Vanilla JavaScript and jQuery. In the future, the front-end could include leaderboards of universities, organizations and people who have donated the most resources to promote healthy competition.</text></passage><passage><infon key="section_type">RESULTS</infon><infon key="type">paragraph</infon><offset>19961</offset><text>The results from mining literature haven’t been incorporated into the website, because the posts are tied to individual profiles, i.e. of donors and seekers. Unless a user registers and posts the information that they are seeking/donating antibodies or other resources, it does not appear on the web portal.</text></passage><passage><infon key="section_type">CONCL</infon><infon key="type">title_1</infon><offset>20271</offset><text>6. Conclusions</text></passage><passage><infon key="section_type">CONCL</infon><infon key="type">paragraph</infon><offset>20286</offset><text>We carried out text-mining over acknowledgement sections of open-access articles to study the extent of antibody donations reported so far. We first created a dataset of 50 expert-annotated acknowledgements sections that will be useful for algorithm development and evaluation purposes in studying such donations. Using NLP techniques, we extracted the name of the donor, his/her affiliation and the name of the antibody for every donation by parsing the sentences by adopting two approaches – a rule based algorithm and a bootstrapped pattern learning algorithm, and achieved average accuracies of 57% and 62% respectively.</text></passage><passage><infon key="section_type">CONCL</infon><infon key="type">paragraph</infon><offset>20913</offset><text>We also developed a web-portal, Bio-Resource Exchange that attempts to connect biologists seeking antibodies, cell-lines or DNA-constructs to potential donors. We expect that it would bridge a gap between resource seekers and donors in the domain of experimental biology. Users on this portal can post information that they are either seeking a specific antibody, cell-line or DNA construct, or that they are in a position to donate them. It allows other registered users to comment on such posts. Thus, this resource could grow into a crowd-sourced database of resources for experimental biology.</text></passage><passage><infon key="section_type">DISCUSS</infon><infon key="type">title_1</infon><offset>21511</offset><text>7. Limitations</text></passage><passage><infon key="section_type">DISCUSS</infon><infon key="type">paragraph</infon><offset>21526</offset><text>A significant limitation of this work is that the text-mining methods adopted were extremely simple and involved the use of several heuristics owing to limited data and the absence of a labeled corpus for such a task. There exist no corpora from which named entity taggers can be learned to recognized antibody names in a supervised manner and therefore more contemporary methods such as CRFs  or neural methods  could not be adopted. While integrating results from text-mining is trivial from an implementation perspective, some thought has to be put into curating the data that goes onto the web page. For example, attributing an antibody with an incorrect donor could lead to problems when contacting him/her. Further, we found it difficult to get biologists to annotate a large collection of our dataset and so had to distribute our data across many of them thereby inducing a minimal amount of noise in the annotations. Soft matching constraints when evaluating our models could provide deeper insights into the model’s strengths and weaknesses. At present, the XML dataset does not contain the character offsets of each annotation within the paragraph – this is an extension we foresee adding in future releases of this dataset.</text></passage><passage><infon key="section_type">SUPPL</infon><infon key="type">title_1</infon><offset>22765</offset><text>Supplementary Material</text></passage><passage><infon key="section_type">SUPPL</infon><infon key="type">footnote</infon><offset>22788</offset><text>Antibody Exchange Website: http://tonks.dbmi.pitt.edu/brx</text></passage><passage><infon key="section_type">SUPPL</infon><infon key="type">footnote</infon><offset>22846</offset><text>Data Set: Will be published as a supplement to this paper in the journal Data.</text></passage><passage><infon key="section_type">SUPPL</infon><infon key="type">footnote</infon><offset>22925</offset><text>TARGET is the name of a protein or other biomolecule that the antibody binds to</text></passage><passage><infon key="section_type">SUPPL</infon><infon key="type">footnote</infon><offset>23005</offset><text>https://github.com/mit-nlp/MITIE</text></passage><passage><infon key="section_type">SUPPL</infon><infon key="type">footnote</infon><offset>23038</offset><text>https://github.com/omab/python-social-auth</text></passage><passage><infon key="fpage">14</infon><infon key="issue">1</infon><infon key="name_0">surname:Nawaz;given-names:R</infon><infon key="name_1">surname:Thompson;given-names:P</infon><infon key="name_2">surname:Ananiadou;given-names:S</infon><infon key="pub-id_pmid">23323936</infon><infon key="section_type">REF</infon><infon key="source">BMC bioinformatics</infon><infon key="type">ref</infon><infon key="volume">14</infon><infon key="year">2013</infon><offset>23081</offset><text>Negated bio-events: analysis and identification</text></passage><passage><infon key="name_0">surname:Finkel;given-names:JR</infon><infon key="name_1">surname:Grenager;given-names:T</infon><infon key="name_2">surname:Manning;given-names:C</infon><infon key="section_type">REF</infon><infon key="source">Proceedings of the 43rd Annual Meeting on Association for Computational
Linguistics</infon><infon key="type">ref</infon><infon key="year">2005</infon><offset>23129</offset><text>Incorporating non-local information into information extraction systems by gibbs sampling</text></passage><passage><infon key="name_0">surname:Banko;given-names:M</infon><infon key="section_type">REF</infon><infon key="source">IJCAI</infon><infon key="type">ref</infon><infon key="year">2007</infon><offset>23219</offset><text>Open information extraction for the web</text></passage><passage><infon key="fpage">233</infon><infon key="issue">1–3</infon><infon key="lpage">272</infon><infon key="name_0">surname:Soderland;given-names:S</infon><infon key="section_type">REF</infon><infon key="source">Machine learning</infon><infon key="type">ref</infon><infon key="volume">34</infon><infon key="year">1999</infon><offset>23259</offset><text>Learning information extraction rules for semi-structured and free text</text></passage><passage><infon key="fpage">S1</infon><infon key="issue">Suppl 1</infon><infon key="name_0">surname:Hirschman;given-names:L</infon><infon key="section_type">REF</infon><infon key="source">BMC bioinformatics</infon><infon key="type">ref</infon><infon key="volume">6</infon><infon key="year">2005</infon><offset>23331</offset><text>Overview of BioCreAtIvE: critical assessment of information extraction for biology</text></passage><passage><infon key="name_0">surname:Kim;given-names:JD</infon><infon key="section_type">REF</infon><infon key="source">Proceedings of the BioNLP Shared Task 2011 Workshop</infon><infon key="type">ref</infon><infon key="year">2011</infon><offset>23414</offset><text>Overview of BioNLP shared task 2011</text></passage><passage><infon key="fpage">i180</infon><infon key="issue">suppl 1</infon><infon key="lpage">i182</infon><infon key="name_0">surname:Kim;given-names:JD</infon><infon key="pub-id_pmid">12855455</infon><infon key="section_type">REF</infon><infon key="source">Bioinformatics</infon><infon key="type">ref</infon><infon key="volume">19</infon><infon key="year">2003</infon><offset>23450</offset><text>GENIA corpus—a semantically annotated corpus for bio-textmining</text></passage><passage><infon key="name_0">surname:Riloff;given-names:E</infon><infon key="name_1">surname:Jones;given-names:R</infon><infon key="section_type">REF</infon><infon key="source">AAAI/IAAI</infon><infon key="type">ref</infon><infon key="year">1999</infon><offset>23516</offset><text>Learning dictionaries for information extraction by multi-level bootstrapping</text></passage><passage><infon key="fpage">1</infon><infon key="lpage">38</infon><infon key="name_0">surname:Dempster;given-names:AP</infon><infon key="name_1">surname:Laird;given-names:NM</infon><infon key="name_2">surname:Rubin;given-names:DB</infon><infon key="section_type">REF</infon><infon key="source">Journal of the royal statistical society Series B
(methodological)</infon><infon key="type">ref</infon><infon key="year">1977</infon><offset>23594</offset><text>Maximum likelihood from incomplete data via the EM algorithm</text></passage><passage><infon key="fpage">38</infon><infon key="name_0">surname:Gupta;given-names:S</infon><infon key="name_1">surname:Manning;given-names:CD</infon><infon key="section_type">REF</infon><infon key="source">Sponsor: Idibon</infon><infon key="type">ref</infon><infon key="year">2014</infon><offset>23655</offset><text>Spied: Stanford pattern-based information extraction and diagnostics</text></passage><passage><infon key="fpage">98</infon><infon key="name_0">surname:Gupta;given-names:S</infon><infon key="name_1">surname:Manning;given-names:CD</infon><infon key="section_type">REF</infon><infon key="source">CoNLL-2014</infon><infon key="type">ref</infon><infon key="year">2014</infon><offset>23724</offset><text>Improved Pattern Learning for Bootstrapped Entity Extraction</text></passage><passage><infon key="name_0">surname:Carlson;given-names:A</infon><infon key="section_type">REF</infon><infon key="source">AAAI</infon><infon key="type">ref</infon><infon key="year">2010</infon><offset>23785</offset><text>Toward an Architecture for Never-Ending Language Learning</text></passage><passage><infon key="name_0">surname:Movshovitz-Attias;given-names:D</infon><infon key="name_1">surname:Cohen;given-names:WW</infon><infon key="section_type">REF</infon><infon key="source">Proceedings of the 2012 Workshop on Biomedical Natural Language
Processing</infon><infon key="type">ref</infon><infon key="year">2012</infon><offset>23843</offset><text>Bootstrapping biomedical ontologies for scientific text using nell</text></passage><passage><infon key="name_0">surname:Chiticariu;given-names:L</infon><infon key="name_1">surname:Li;given-names:Y</infon><infon key="name_2">surname:Reiss;given-names:FR</infon><infon key="section_type">REF</infon><infon key="source">EMNLP</infon><infon key="type">ref</infon><infon key="year">2013</infon><offset>23910</offset><text>Rule-Based Information Extraction is Dead! Long Live Rule-Based Information Extraction Systems!</text></passage><passage><infon key="fpage">e0146300</infon><infon key="issue">1</infon><infon key="name_0">surname:Ozyurt;given-names:IB</infon><infon key="pub-id_pmid">26730820</infon><infon key="section_type">REF</infon><infon key="source">PLoS One</infon><infon key="type">ref</infon><infon key="volume">11</infon><infon key="year">2016</infon><offset>24006</offset><text>Resource Disambiguator for the Web: Extracting Biomedical Resources and Their Citations from the Scientific Literature</text></passage><passage><infon key="fpage">1214</infon><infon key="issue">3</infon><infon key="lpage">21</infon><infon key="name_0">surname:Petersen;given-names:R</infon><infon key="name_1">surname:Kempler;given-names:G</infon><infon key="name_2">surname:Barklis;given-names:E</infon><infon key="pub-id_pmid">1996087</infon><infon key="section_type">REF</infon><infon key="source">Mol Cell Biol</infon><infon key="type">ref</infon><infon key="volume">11</infon><infon key="year">1991</infon><offset>24125</offset><text>A stem cell-specific silencer in the primer-binding site of a retrovirus</text></passage><passage><infon key="fpage">320</infon><infon key="name_0">surname:de la Calle;given-names:G</infon><infon key="pub-id_pmid">19811635</infon><infon key="section_type">REF</infon><infon key="source">BMC Bioinformatics</infon><infon key="type">ref</infon><infon key="volume">10</infon><infon key="year">2009</infon><offset>24198</offset><text>BIRI: a new approach for automatically discovering and indexing available public bioinformatics resources from the literature</text></passage><passage><infon key="name_0">surname:Roth;given-names:A</infon><infon key="name_1">surname:Subramanian;given-names:S</infon><infon key="name_2">surname:Ganapathiraju;given-names:MK</infon><infon key="section_type">REF</infon><infon key="source">IEEE/ACM Trans Comput Biol Bioinform</infon><infon key="type">ref</infon><infon key="year">2015</infon><offset>24324</offset><text>Towards extracting supporting information about predicted protein-protein interactions</text></passage><passage><infon key="fpage">194</infon><infon key="name_0">surname:Duck;given-names:G</infon><infon key="pub-id_pmid">23768135</infon><infon key="section_type">REF</infon><infon key="source">BMC bioinformatics</infon><infon key="type">ref</infon><infon key="volume">14</infon><infon key="year">2013</infon><offset>24411</offset><text>bioNerDS: exploring bioinformatics’ database and software use through literature mining</text></passage><passage><infon key="name_0">surname:Mikolov;given-names:T</infon><infon key="section_type">REF</infon><infon key="source">Advances in neural information processing systems</infon><infon key="type">ref</infon><infon key="year">2013</infon><offset>24501</offset><text>Distributed representations of words and phrases and their compositionality</text></passage><passage><infon key="fpage">1532</infon><infon key="lpage">1543</infon><infon key="name_0">surname:Pennington;given-names:J</infon><infon key="name_1">surname:Socher;given-names:R</infon><infon key="name_2">surname:Manning;given-names:CD</infon><infon key="section_type">REF</infon><infon key="source">Proceedings of the Empiricial Methods in Natural Language Processing
(EMNLP 2014)</infon><infon key="type">ref</infon><infon key="volume">12</infon><infon key="year">2014</infon><offset>24577</offset><text>Glove: Global vectors for word representation</text></passage><passage><infon key="name_0">surname:Turian;given-names:J</infon><infon key="name_1">surname:Ratinov;given-names:L</infon><infon key="name_2">surname:Bengio;given-names:Y</infon><infon key="section_type">REF</infon><infon key="source">Proceedings of the 48th annual meeting of the association for
computational linguistics</infon><infon key="type">ref</infon><infon key="year">2010</infon><offset>24623</offset><text>Word representations: a simple and general method for semi-supervised learning</text></passage><passage><infon key="fpage">240403</infon><infon key="name_0">surname:Tang;given-names:B</infon><infon key="pub-id_pmid">24729964</infon><infon key="section_type">REF</infon><infon key="source">Biomed Res Int</infon><infon key="type">ref</infon><infon key="volume">2014</infon><infon key="year">2014</infon><offset>24702</offset><text>Evaluating word representation features in biomedical named entity recognition tasks</text></passage><passage><infon key="name_0">surname:Leaman;given-names:R</infon><infon key="name_1">surname:Gonzalez;given-names:G</infon><infon key="section_type">REF</infon><infon key="source">Pacific symposium on biocomputing</infon><infon key="type">ref</infon><infon key="year">2008</infon><offset>24787</offset><text>BANNER: an executable survey of advances in biomedical named entity recognition</text></passage><passage><infon key="name_0">surname:Wu;given-names:X</infon><infon key="name_1">surname:Fan;given-names:J</infon><infon key="name_2">surname:Subramanian;given-names:KR</infon><infon key="section_type">REF</infon><infon key="source">Proceedings of the eighth ACM SIGKDD international conference on
Knowledge discovery and data mining</infon><infon key="type">ref</infon><infon key="year">2002</infon><offset>24867</offset><text>B-EM: A classifier incorporating bootstrap with em approach for data mining</text></passage><passage><infon key="name_0">surname:McCallumzy;given-names:A</infon><infon key="name_1">surname:Nigamy;given-names:K</infon><infon key="section_type">REF</infon><infon key="source">Text classification by bootstrapping with keywords, EM and
shrinkage</infon><infon key="type">ref</infon><infon key="year">1999</infon><offset>24943</offset></passage><passage><infon key="name_0">surname:Settles;given-names:B</infon><infon key="section_type">REF</infon><infon key="source">Proceedings of the International Joint Workshop on Natural Language
Processing in Biomedicine and its Applications</infon><infon key="type">ref</infon><infon key="year">2004</infon><offset>24944</offset><text>Biomedical named entity recognition using conditional random fields and rich feature sets</text></passage><passage><infon key="name_0">surname:Lample;given-names:G</infon><infon key="section_type">REF</infon><infon key="source">arXiv preprint arXiv:1603.01360</infon><infon key="type">ref</infon><infon key="year">2016</infon><offset>25034</offset><text>Neural architectures for named entity recognition</text></passage><passage><infon key="file">nihms923541f1.jpg</infon><infon key="id">F1</infon><infon key="section_type">FIG</infon><infon key="type">fig_caption</infon><offset>25084</offset><text>Rule based extraction</text></passage><passage><infon key="file">nihms923541f2.jpg</infon><infon key="id">F2</infon><infon key="section_type">FIG</infon><infon key="type">fig_caption</infon><offset>25106</offset><text>Constituency parse of a sentence to find an extraction rule</text></passage><passage><infon key="file">nihms923541f3.jpg</infon><infon key="id">F3</infon><infon key="section_type">FIG</infon><infon key="type">fig_caption</infon><offset>25166</offset><text>Example extraction rule</text></passage><passage><infon key="file">nihms923541f4.jpg</infon><infon key="id">F4</infon><infon key="section_type">FIG</infon><infon key="type">fig_caption</infon><offset>25190</offset><text>Example annotation of an antibody donation</text></passage><passage><infon key="file">nihms923541f5.jpg</infon><infon key="id">F5</infon><infon key="section_type">FIG</infon><infon key="type">fig_caption</infon><offset>25233</offset><text>Example annotation of an antibody donation</text></passage><passage><infon key="file">nihms923541f6.jpg</infon><infon key="id">F6</infon><infon key="section_type">FIG</infon><infon key="type">fig_caption</infon><offset>25276</offset><text>Example annotation of a fly stock donation</text></passage><passage><infon key="file">nihms923541f7.jpg</infon><infon key="id">F7</infon><infon key="section_type">FIG</infon><infon key="type">fig_caption</infon><offset>25319</offset><text>Human annotations formatted in XML</text></passage><passage><infon key="file">nihms923541f8.jpg</infon><infon key="id">F8</infon><infon key="section_type">FIG</infon><infon key="type">fig_caption</infon><offset>25354</offset><text>Year vs number of donations extracted in that year</text></passage><passage><infon key="file">nihms923541f9.jpg</infon><infon key="id">F9</infon><infon key="section_type">FIG</infon><infon key="type">fig_caption</infon><offset>25405</offset><text>Screenshot of the Web-Portal</text></passage><passage><infon key="file">T1.xml</infon><infon key="id">T1</infon><infon key="section_type">TABLE</infon><infon key="type">table_caption</infon><offset>25434</offset><text>Top donors by name</text></passage><passage><infon key="file">T1.xml</infon><infon key="id">T1</infon><infon key="section_type">TABLE</infon><infon key="type">table</infon><infon key="xml">&lt;?xml version=&quot;1.0&quot; encoding=&quot;UTF-8&quot;?&gt;
&lt;table frame=&quot;hsides&quot; rules=&quot;groups&quot;&gt;&lt;thead&gt;&lt;tr&gt;&lt;th valign=&quot;middle&quot; align=&quot;center&quot; rowspan=&quot;1&quot; colspan=&quot;1&quot;&gt;Donor&lt;/th&gt;&lt;th valign=&quot;middle&quot; align=&quot;center&quot; rowspan=&quot;1&quot; colspan=&quot;1&quot;&gt;Number of Donations&lt;/th&gt;&lt;/tr&gt;&lt;/thead&gt;&lt;tbody&gt;&lt;tr&gt;&lt;td valign=&quot;middle&quot; align=&quot;center&quot; rowspan=&quot;1&quot; colspan=&quot;1&quot;&gt;Keith Gull&lt;/td&gt;&lt;td valign=&quot;middle&quot; align=&quot;center&quot; rowspan=&quot;1&quot; colspan=&quot;1&quot;&gt;32&lt;/td&gt;&lt;/tr&gt;&lt;tr&gt;&lt;td valign=&quot;middle&quot; align=&quot;center&quot; rowspan=&quot;1&quot; colspan=&quot;1&quot;&gt;Albert Einstein College of Medicine&lt;/td&gt;&lt;td valign=&quot;middle&quot; align=&quot;center&quot; rowspan=&quot;1&quot; colspan=&quot;1&quot;&gt;15&lt;/td&gt;&lt;/tr&gt;&lt;tr&gt;&lt;td valign=&quot;middle&quot; align=&quot;center&quot; rowspan=&quot;1&quot; colspan=&quot;1&quot;&gt;Peter Davies&lt;/td&gt;&lt;td valign=&quot;middle&quot; align=&quot;center&quot; rowspan=&quot;1&quot; colspan=&quot;1&quot;&gt;12&lt;/td&gt;&lt;/tr&gt;&lt;tr&gt;&lt;td valign=&quot;middle&quot; align=&quot;center&quot; rowspan=&quot;1&quot; colspan=&quot;1&quot;&gt;K. Gull&lt;/td&gt;&lt;td valign=&quot;middle&quot; align=&quot;center&quot; rowspan=&quot;1&quot; colspan=&quot;1&quot;&gt;10&lt;/td&gt;&lt;/tr&gt;&lt;tr&gt;&lt;td valign=&quot;middle&quot; align=&quot;center&quot; rowspan=&quot;1&quot; colspan=&quot;1&quot;&gt;Hugo Bellen&lt;/td&gt;&lt;td valign=&quot;middle&quot; align=&quot;center&quot; rowspan=&quot;1&quot; colspan=&quot;1&quot;&gt;10&lt;/td&gt;&lt;/tr&gt;&lt;/tbody&gt;&lt;/table&gt;
</infon><offset>25453</offset><text>Donor	Number of Donations	 	Keith Gull	32	 	Albert Einstein College of Medicine	15	 	Peter Davies	12	 	K. Gull	10	 	Hugo Bellen	10	 	</text></passage><passage><infon key="file">T2.xml</infon><infon key="id">T2</infon><infon key="section_type">TABLE</infon><infon key="type">table_caption</infon><offset>25587</offset><text>Top donors by donor-affiliation pairs</text></passage><passage><infon key="file">T2.xml</infon><infon key="id">T2</infon><infon key="section_type">TABLE</infon><infon key="type">table</infon><infon key="xml">&lt;?xml version=&quot;1.0&quot; encoding=&quot;UTF-8&quot;?&gt;
&lt;table frame=&quot;hsides&quot; rules=&quot;groups&quot;&gt;&lt;thead&gt;&lt;tr&gt;&lt;th valign=&quot;middle&quot; align=&quot;center&quot; rowspan=&quot;1&quot; colspan=&quot;1&quot;&gt;Donor&lt;/th&gt;&lt;th valign=&quot;middle&quot; align=&quot;center&quot; rowspan=&quot;1&quot; colspan=&quot;1&quot;&gt;Affiliation&lt;/th&gt;&lt;th valign=&quot;middle&quot; align=&quot;center&quot; rowspan=&quot;1&quot; colspan=&quot;1&quot;&gt;Number of Donations&lt;/th&gt;&lt;/tr&gt;&lt;/thead&gt;&lt;tbody&gt;&lt;tr&gt;&lt;td valign=&quot;middle&quot; align=&quot;center&quot; rowspan=&quot;1&quot; colspan=&quot;1&quot;&gt;Keith Gull&lt;/td&gt;&lt;td valign=&quot;middle&quot; align=&quot;center&quot; rowspan=&quot;1&quot; colspan=&quot;1&quot;&gt;University of Oxford&lt;/td&gt;&lt;td valign=&quot;middle&quot; align=&quot;center&quot; rowspan=&quot;1&quot; colspan=&quot;1&quot;&gt;6&lt;/td&gt;&lt;/tr&gt;&lt;tr&gt;&lt;td valign=&quot;middle&quot; align=&quot;center&quot; rowspan=&quot;1&quot; colspan=&quot;1&quot;&gt;Keith Gull&lt;/td&gt;&lt;td valign=&quot;middle&quot; align=&quot;center&quot; rowspan=&quot;1&quot; colspan=&quot;1&quot;&gt;Oxford University&lt;/td&gt;&lt;td valign=&quot;middle&quot; align=&quot;center&quot; rowspan=&quot;1&quot; colspan=&quot;1&quot;&gt;5&lt;/td&gt;&lt;/tr&gt;&lt;tr&gt;&lt;td valign=&quot;middle&quot; align=&quot;center&quot; rowspan=&quot;1&quot; colspan=&quot;1&quot;&gt;Gary Ward&lt;/td&gt;&lt;td valign=&quot;middle&quot; align=&quot;center&quot; rowspan=&quot;1&quot; colspan=&quot;1&quot;&gt;University of Vermont&lt;/td&gt;&lt;td valign=&quot;middle&quot; align=&quot;center&quot; rowspan=&quot;1&quot; colspan=&quot;1&quot;&gt;4&lt;/td&gt;&lt;/tr&gt;&lt;tr&gt;&lt;td valign=&quot;middle&quot; align=&quot;center&quot; rowspan=&quot;1&quot; colspan=&quot;1&quot;&gt;K. Mackie&lt;/td&gt;&lt;td valign=&quot;middle&quot; align=&quot;center&quot; rowspan=&quot;1&quot; colspan=&quot;1&quot;&gt;Indiana University&lt;/td&gt;&lt;td valign=&quot;middle&quot; align=&quot;center&quot; rowspan=&quot;1&quot; colspan=&quot;1&quot;&gt;3&lt;/td&gt;&lt;/tr&gt;&lt;tr&gt;&lt;td valign=&quot;middle&quot; align=&quot;center&quot; rowspan=&quot;1&quot; colspan=&quot;1&quot;&gt;Yoshihiko Funae&lt;/td&gt;&lt;td valign=&quot;middle&quot; align=&quot;center&quot; rowspan=&quot;1&quot; colspan=&quot;1&quot;&gt;Oosaka City University&lt;/td&gt;&lt;td valign=&quot;middle&quot; align=&quot;center&quot; rowspan=&quot;1&quot; colspan=&quot;1&quot;&gt;3&lt;/td&gt;&lt;/tr&gt;&lt;/tbody&gt;&lt;/table&gt;
</infon><offset>25625</offset><text>Donor	Affiliation	Number of Donations	 	Keith Gull	University of Oxford	6	 	Keith Gull	Oxford University	5	 	Gary Ward	University of Vermont	4	 	K. Mackie	Indiana University	3	 	Yoshihiko Funae	Oosaka City University	3	 	</text></passage><passage><infon key="file">T3.xml</infon><infon key="id">T3</infon><infon key="section_type">TABLE</infon><infon key="type">table_caption</infon><offset>25847</offset><text>Top donors by organization</text></passage><passage><infon key="file">T3.xml</infon><infon key="id">T3</infon><infon key="section_type">TABLE</infon><infon key="type">table</infon><infon key="xml">&lt;?xml version=&quot;1.0&quot; encoding=&quot;UTF-8&quot;?&gt;
&lt;table frame=&quot;hsides&quot; rules=&quot;groups&quot;&gt;&lt;thead&gt;&lt;tr&gt;&lt;th valign=&quot;middle&quot; align=&quot;center&quot; rowspan=&quot;1&quot; colspan=&quot;1&quot;&gt;Donor&lt;/th&gt;&lt;th valign=&quot;middle&quot; align=&quot;center&quot; rowspan=&quot;1&quot; colspan=&quot;1&quot;&gt;Number of Donations&lt;/th&gt;&lt;/tr&gt;&lt;/thead&gt;&lt;tbody&gt;&lt;tr&gt;&lt;td valign=&quot;middle&quot; align=&quot;center&quot; rowspan=&quot;1&quot; colspan=&quot;1&quot;&gt;University of California&lt;/td&gt;&lt;td valign=&quot;middle&quot; align=&quot;center&quot; rowspan=&quot;1&quot; colspan=&quot;1&quot;&gt;24&lt;/td&gt;&lt;/tr&gt;&lt;tr&gt;&lt;td valign=&quot;middle&quot; align=&quot;center&quot; rowspan=&quot;1&quot; colspan=&quot;1&quot;&gt;NIH&lt;/td&gt;&lt;td valign=&quot;middle&quot; align=&quot;center&quot; rowspan=&quot;1&quot; colspan=&quot;1&quot;&gt;19&lt;/td&gt;&lt;/tr&gt;&lt;tr&gt;&lt;td valign=&quot;middle&quot; align=&quot;center&quot; rowspan=&quot;1&quot; colspan=&quot;1&quot;&gt;Rockefeller University&lt;/td&gt;&lt;td valign=&quot;middle&quot; align=&quot;center&quot; rowspan=&quot;1&quot; colspan=&quot;1&quot;&gt;15&lt;/td&gt;&lt;/tr&gt;&lt;tr&gt;&lt;td valign=&quot;middle&quot; align=&quot;center&quot; rowspan=&quot;1&quot; colspan=&quot;1&quot;&gt;Harvard Medical School&lt;/td&gt;&lt;td valign=&quot;middle&quot; align=&quot;center&quot; rowspan=&quot;1&quot; colspan=&quot;1&quot;&gt;15&lt;/td&gt;&lt;/tr&gt;&lt;tr&gt;&lt;td valign=&quot;middle&quot; align=&quot;center&quot; rowspan=&quot;1&quot; colspan=&quot;1&quot;&gt;University of Pennsylvania&lt;/td&gt;&lt;td valign=&quot;middle&quot; align=&quot;center&quot; rowspan=&quot;1&quot; colspan=&quot;1&quot;&gt;12&lt;/td&gt;&lt;/tr&gt;&lt;/tbody&gt;&lt;/table&gt;
</infon><offset>25874</offset><text>Donor	Number of Donations	 	University of California	24	 	NIH	19	 	Rockefeller University	15	 	Harvard Medical School	15	 	University of Pennsylvania	12	 	</text></passage><passage><infon key="file">T4.xml</infon><infon key="id">T4</infon><infon key="section_type">TABLE</infon><infon key="type">table_caption</infon><offset>26030</offset><text>Most frequently donated antibodies</text></passage><passage><infon key="file">T4.xml</infon><infon key="id">T4</infon><infon key="section_type">TABLE</infon><infon key="type">table</infon><infon key="xml">&lt;?xml version=&quot;1.0&quot; encoding=&quot;UTF-8&quot;?&gt;
&lt;table frame=&quot;hsides&quot; rules=&quot;groups&quot;&gt;&lt;thead&gt;&lt;tr&gt;&lt;th valign=&quot;middle&quot; align=&quot;center&quot; rowspan=&quot;1&quot; colspan=&quot;1&quot;&gt;Antibody Name&lt;/th&gt;&lt;th valign=&quot;middle&quot; align=&quot;center&quot; rowspan=&quot;1&quot; colspan=&quot;1&quot;&gt;Number of Donations&lt;/th&gt;&lt;/tr&gt;&lt;/thead&gt;&lt;tbody&gt;&lt;tr&gt;&lt;td valign=&quot;middle&quot; align=&quot;center&quot; rowspan=&quot;1&quot; colspan=&quot;1&quot;&gt;plasmids&lt;/td&gt;&lt;td valign=&quot;middle&quot; align=&quot;center&quot; rowspan=&quot;1&quot; colspan=&quot;1&quot;&gt;111&lt;/td&gt;&lt;/tr&gt;&lt;tr&gt;&lt;td valign=&quot;middle&quot; align=&quot;center&quot; rowspan=&quot;1&quot; colspan=&quot;1&quot;&gt;autoantibody&lt;/td&gt;&lt;td valign=&quot;middle&quot; align=&quot;center&quot; rowspan=&quot;1&quot; colspan=&quot;1&quot;&gt;31&lt;/td&gt;&lt;/tr&gt;&lt;tr&gt;&lt;td valign=&quot;middle&quot; align=&quot;center&quot; rowspan=&quot;1&quot; colspan=&quot;1&quot;&gt;DSHB&lt;/td&gt;&lt;td valign=&quot;middle&quot; align=&quot;center&quot; rowspan=&quot;1&quot; colspan=&quot;1&quot;&gt;28&lt;/td&gt;&lt;/tr&gt;&lt;tr&gt;&lt;td valign=&quot;middle&quot; align=&quot;center&quot; rowspan=&quot;1&quot; colspan=&quot;1&quot;&gt;anti-tubulin&lt;/td&gt;&lt;td valign=&quot;middle&quot; align=&quot;center&quot; rowspan=&quot;1&quot; colspan=&quot;1&quot;&gt;14&lt;/td&gt;&lt;/tr&gt;&lt;tr&gt;&lt;td valign=&quot;middle&quot; align=&quot;center&quot; rowspan=&quot;1&quot; colspan=&quot;1&quot;&gt;anti-GFP&lt;/td&gt;&lt;td valign=&quot;middle&quot; align=&quot;center&quot; rowspan=&quot;1&quot; colspan=&quot;1&quot;&gt;14&lt;/td&gt;&lt;/tr&gt;&lt;/tbody&gt;&lt;/table&gt;
</infon><offset>26065</offset><text>Antibody Name	Number of Donations	 	plasmids	111	 	autoantibody	31	 	DSHB	28	 	anti-tubulin	14	 	anti-GFP	14	 	</text></passage><passage><infon key="file">T5.xml</infon><infon key="id">T5</infon><infon key="section_type">TABLE</infon><infon key="type">table_caption</infon><offset>26177</offset><text>Journals with the most donations</text></passage><passage><infon key="file">T5.xml</infon><infon key="id">T5</infon><infon key="section_type">TABLE</infon><infon key="type">table</infon><infon key="xml">&lt;?xml version=&quot;1.0&quot; encoding=&quot;UTF-8&quot;?&gt;
&lt;table frame=&quot;hsides&quot; rules=&quot;groups&quot;&gt;&lt;thead&gt;&lt;tr&gt;&lt;th valign=&quot;middle&quot; align=&quot;center&quot; rowspan=&quot;1&quot; colspan=&quot;1&quot;&gt;Journal&lt;/th&gt;&lt;th valign=&quot;middle&quot; align=&quot;center&quot; rowspan=&quot;1&quot; colspan=&quot;1&quot;&gt;Number of Donations&lt;/th&gt;&lt;/tr&gt;&lt;/thead&gt;&lt;tbody&gt;&lt;tr&gt;&lt;td valign=&quot;middle&quot; align=&quot;center&quot; rowspan=&quot;1&quot; colspan=&quot;1&quot;&gt;PLoS One&lt;/td&gt;&lt;td valign=&quot;middle&quot; align=&quot;center&quot; rowspan=&quot;1&quot; colspan=&quot;1&quot;&gt;2,894&lt;/td&gt;&lt;/tr&gt;&lt;tr&gt;&lt;td valign=&quot;middle&quot; align=&quot;center&quot; rowspan=&quot;1&quot; colspan=&quot;1&quot;&gt;PLoS Genetics&lt;/td&gt;&lt;td valign=&quot;middle&quot; align=&quot;center&quot; rowspan=&quot;1&quot; colspan=&quot;1&quot;&gt;667&lt;/td&gt;&lt;/tr&gt;&lt;tr&gt;&lt;td valign=&quot;middle&quot; align=&quot;center&quot; rowspan=&quot;1&quot; colspan=&quot;1&quot;&gt;PLoS Pathology&lt;/td&gt;&lt;td valign=&quot;middle&quot; align=&quot;center&quot; rowspan=&quot;1&quot; colspan=&quot;1&quot;&gt;536&lt;/td&gt;&lt;/tr&gt;&lt;tr&gt;&lt;td valign=&quot;middle&quot; align=&quot;center&quot; rowspan=&quot;1&quot; colspan=&quot;1&quot;&gt;PLoS ONE&lt;/td&gt;&lt;td valign=&quot;middle&quot; align=&quot;center&quot; rowspan=&quot;1&quot; colspan=&quot;1&quot;&gt;294&lt;/td&gt;&lt;/tr&gt;&lt;tr&gt;&lt;td valign=&quot;middle&quot; align=&quot;center&quot; rowspan=&quot;1&quot; colspan=&quot;1&quot;&gt;PLoS Biology&lt;/td&gt;&lt;td valign=&quot;middle&quot; align=&quot;center&quot; rowspan=&quot;1&quot; colspan=&quot;1&quot;&gt;286&lt;/td&gt;&lt;/tr&gt;&lt;/tbody&gt;&lt;/table&gt;
</infon><offset>26210</offset><text>Journal	Number of Donations	 	PLoS One	2,894	 	PLoS Genetics	667	 	PLoS Pathology	536	 	PLoS ONE	294	 	PLoS Biology	286	 	</text></passage><passage><infon key="file">T6.xml</infon><infon key="id">T6</infon><infon key="section_type">TABLE</infon><infon key="type">table_caption</infon><offset>26333</offset><text>Top donors by name</text></passage><passage><infon key="file">T6.xml</infon><infon key="id">T6</infon><infon key="section_type">TABLE</infon><infon key="type">table</infon><infon key="xml">&lt;?xml version=&quot;1.0&quot; encoding=&quot;UTF-8&quot;?&gt;
&lt;table frame=&quot;hsides&quot; rules=&quot;groups&quot;&gt;&lt;thead&gt;&lt;tr&gt;&lt;th valign=&quot;middle&quot; align=&quot;center&quot; rowspan=&quot;1&quot; colspan=&quot;1&quot;&gt;Donor&lt;/th&gt;&lt;th valign=&quot;middle&quot; align=&quot;center&quot; rowspan=&quot;1&quot; colspan=&quot;1&quot;&gt;Number of Donations&lt;/th&gt;&lt;/tr&gt;&lt;/thead&gt;&lt;tbody&gt;&lt;tr&gt;&lt;td valign=&quot;middle&quot; align=&quot;center&quot; rowspan=&quot;1&quot; colspan=&quot;1&quot;&gt;Keith Gull&lt;/td&gt;&lt;td valign=&quot;middle&quot; align=&quot;center&quot; rowspan=&quot;1&quot; colspan=&quot;1&quot;&gt;24&lt;/td&gt;&lt;/tr&gt;&lt;tr&gt;&lt;td valign=&quot;middle&quot; align=&quot;center&quot; rowspan=&quot;1&quot; colspan=&quot;1&quot;&gt;Albert Einstein College of Medicine&lt;/td&gt;&lt;td valign=&quot;middle&quot; align=&quot;center&quot; rowspan=&quot;1&quot; colspan=&quot;1&quot;&gt;20&lt;/td&gt;&lt;/tr&gt;&lt;tr&gt;&lt;td valign=&quot;middle&quot; align=&quot;center&quot; rowspan=&quot;1&quot; colspan=&quot;1&quot;&gt;Erich Buchner&lt;/td&gt;&lt;td valign=&quot;middle&quot; align=&quot;center&quot; rowspan=&quot;1&quot; colspan=&quot;1&quot;&gt;11&lt;/td&gt;&lt;/tr&gt;&lt;tr&gt;&lt;td valign=&quot;middle&quot; align=&quot;center&quot; rowspan=&quot;1&quot; colspan=&quot;1&quot;&gt;Charles Rice&lt;/td&gt;&lt;td valign=&quot;middle&quot; align=&quot;center&quot; rowspan=&quot;1&quot; colspan=&quot;1&quot;&gt;11&lt;/td&gt;&lt;/tr&gt;&lt;tr&gt;&lt;td valign=&quot;middle&quot; align=&quot;center&quot; rowspan=&quot;1&quot; colspan=&quot;1&quot;&gt;K. Gull&lt;/td&gt;&lt;td valign=&quot;middle&quot; align=&quot;center&quot; rowspan=&quot;1&quot; colspan=&quot;1&quot;&gt;10&lt;/td&gt;&lt;/tr&gt;&lt;/tbody&gt;&lt;/table&gt;
</infon><offset>26352</offset><text>Donor	Number of Donations	 	Keith Gull	24	 	Albert Einstein College of Medicine	20	 	Erich Buchner	11	 	Charles Rice	11	 	K. Gull	10	 	</text></passage><passage><infon key="file">T7.xml</infon><infon key="id">T7</infon><infon key="section_type">TABLE</infon><infon key="type">table_caption</infon><offset>26488</offset><text>Top donors by donor-affiliation pair</text></passage><passage><infon key="file">T7.xml</infon><infon key="id">T7</infon><infon key="section_type">TABLE</infon><infon key="type">table</infon><infon key="xml">&lt;?xml version=&quot;1.0&quot; encoding=&quot;UTF-8&quot;?&gt;
&lt;table frame=&quot;hsides&quot; rules=&quot;groups&quot;&gt;&lt;thead&gt;&lt;tr&gt;&lt;th valign=&quot;middle&quot; align=&quot;center&quot; rowspan=&quot;1&quot; colspan=&quot;1&quot;&gt;Donor&lt;/th&gt;&lt;th valign=&quot;middle&quot; align=&quot;center&quot; rowspan=&quot;1&quot; colspan=&quot;1&quot;&gt;Affiliation&lt;/th&gt;&lt;th valign=&quot;middle&quot; align=&quot;center&quot; rowspan=&quot;1&quot; colspan=&quot;1&quot;&gt;Number of Donations&lt;/th&gt;&lt;/tr&gt;&lt;/thead&gt;&lt;tbody&gt;&lt;tr&gt;&lt;td valign=&quot;middle&quot; align=&quot;center&quot; rowspan=&quot;1&quot; colspan=&quot;1&quot;&gt;Dr. Charles Rice&lt;/td&gt;&lt;td valign=&quot;middle&quot; align=&quot;center&quot; rowspan=&quot;1&quot; colspan=&quot;1&quot;&gt;Rockefeller University&lt;/td&gt;&lt;td valign=&quot;middle&quot; align=&quot;center&quot; rowspan=&quot;1&quot; colspan=&quot;1&quot;&gt;9&lt;/td&gt;&lt;/tr&gt;&lt;tr&gt;&lt;td valign=&quot;middle&quot; align=&quot;center&quot; rowspan=&quot;1&quot; colspan=&quot;1&quot;&gt;Steven S. Gross&lt;/td&gt;&lt;td valign=&quot;middle&quot; align=&quot;center&quot; rowspan=&quot;1&quot; colspan=&quot;1&quot;&gt;Weill Medical College&lt;/td&gt;&lt;td valign=&quot;middle&quot; align=&quot;center&quot; rowspan=&quot;1&quot; colspan=&quot;1&quot;&gt;8&lt;/td&gt;&lt;/tr&gt;&lt;tr&gt;&lt;td valign=&quot;middle&quot; align=&quot;center&quot; rowspan=&quot;1&quot; colspan=&quot;1&quot;&gt;Harold Gainer&lt;/td&gt;&lt;td valign=&quot;middle&quot; align=&quot;center&quot; rowspan=&quot;1&quot; colspan=&quot;1&quot;&gt;NIH&lt;/td&gt;&lt;td valign=&quot;middle&quot; align=&quot;center&quot; rowspan=&quot;1&quot; colspan=&quot;1&quot;&gt;7&lt;/td&gt;&lt;/tr&gt;&lt;tr&gt;&lt;td valign=&quot;middle&quot; align=&quot;center&quot; rowspan=&quot;1&quot; colspan=&quot;1&quot;&gt;Keith Gull&lt;/td&gt;&lt;td valign=&quot;middle&quot; align=&quot;center&quot; rowspan=&quot;1&quot; colspan=&quot;1&quot;&gt;University of Oxford&lt;/td&gt;&lt;td valign=&quot;middle&quot; align=&quot;center&quot; rowspan=&quot;1&quot; colspan=&quot;1&quot;&gt;7&lt;/td&gt;&lt;/tr&gt;&lt;tr&gt;&lt;td valign=&quot;middle&quot; align=&quot;center&quot; rowspan=&quot;1&quot; colspan=&quot;1&quot;&gt;Gary Ward&lt;/td&gt;&lt;td valign=&quot;middle&quot; align=&quot;center&quot; rowspan=&quot;1&quot; colspan=&quot;1&quot;&gt;University of Vermont&lt;/td&gt;&lt;td valign=&quot;middle&quot; align=&quot;center&quot; rowspan=&quot;1&quot; colspan=&quot;1&quot;&gt;6&lt;/td&gt;&lt;/tr&gt;&lt;/tbody&gt;&lt;/table&gt;
</infon><offset>26525</offset><text>Donor	Affiliation	Number of Donations	 	Dr. Charles Rice	Rockefeller University	9	 	Steven S. Gross	Weill Medical College	8	 	Harold Gainer	NIH	7	 	Keith Gull	University of Oxford	7	 	Gary Ward	University of Vermont	6	 	</text></passage><passage><infon key="file">T8.xml</infon><infon key="id">T8</infon><infon key="section_type">TABLE</infon><infon key="type">table_caption</infon><offset>26746</offset><text>Top donors by organization</text></passage><passage><infon key="file">T8.xml</infon><infon key="id">T8</infon><infon key="section_type">TABLE</infon><infon key="type">table</infon><infon key="xml">&lt;?xml version=&quot;1.0&quot; encoding=&quot;UTF-8&quot;?&gt;
&lt;table frame=&quot;hsides&quot; rules=&quot;groups&quot;&gt;&lt;thead&gt;&lt;tr&gt;&lt;th valign=&quot;middle&quot; align=&quot;center&quot; rowspan=&quot;1&quot; colspan=&quot;1&quot;&gt;Donor&lt;/th&gt;&lt;th valign=&quot;middle&quot; align=&quot;center&quot; rowspan=&quot;1&quot; colspan=&quot;1&quot;&gt;Number of Donations&lt;/th&gt;&lt;/tr&gt;&lt;/thead&gt;&lt;tbody&gt;&lt;tr&gt;&lt;td valign=&quot;middle&quot; align=&quot;center&quot; rowspan=&quot;1&quot; colspan=&quot;1&quot;&gt;NIH&lt;/td&gt;&lt;td valign=&quot;middle&quot; align=&quot;center&quot; rowspan=&quot;1&quot; colspan=&quot;1&quot;&gt;23&lt;/td&gt;&lt;/tr&gt;&lt;tr&gt;&lt;td valign=&quot;middle&quot; align=&quot;center&quot; rowspan=&quot;1&quot; colspan=&quot;1&quot;&gt;Harvard Medical School&lt;/td&gt;&lt;td valign=&quot;middle&quot; align=&quot;center&quot; rowspan=&quot;1&quot; colspan=&quot;1&quot;&gt;22&lt;/td&gt;&lt;/tr&gt;&lt;tr&gt;&lt;td valign=&quot;middle&quot; align=&quot;center&quot; rowspan=&quot;1&quot; colspan=&quot;1&quot;&gt;Rockefeller University&lt;/td&gt;&lt;td valign=&quot;middle&quot; align=&quot;center&quot; rowspan=&quot;1&quot; colspan=&quot;1&quot;&gt;21&lt;/td&gt;&lt;/tr&gt;&lt;tr&gt;&lt;td valign=&quot;middle&quot; align=&quot;center&quot; rowspan=&quot;1&quot; colspan=&quot;1&quot;&gt;University of California&lt;/td&gt;&lt;td valign=&quot;middle&quot; align=&quot;center&quot; rowspan=&quot;1&quot; colspan=&quot;1&quot;&gt;20&lt;/td&gt;&lt;/tr&gt;&lt;tr&gt;&lt;td valign=&quot;middle&quot; align=&quot;center&quot; rowspan=&quot;1&quot; colspan=&quot;1&quot;&gt;University of Pennsylvania&lt;/td&gt;&lt;td valign=&quot;middle&quot; align=&quot;center&quot; rowspan=&quot;1&quot; colspan=&quot;1&quot;&gt;20&lt;/td&gt;&lt;/tr&gt;&lt;/tbody&gt;&lt;/table&gt;
</infon><offset>26773</offset><text>Donor	Number of Donations	 	NIH	23	 	Harvard Medical School	22	 	Rockefeller University	21	 	University of California	20	 	University of Pennsylvania	20	 	</text></passage><passage><infon key="file">T9.xml</infon><infon key="id">T9</infon><infon key="section_type">TABLE</infon><infon key="type">table_caption</infon><offset>26929</offset><text>Most frequently donated antibodies</text></passage><passage><infon key="file">T9.xml</infon><infon key="id">T9</infon><infon key="section_type">TABLE</infon><infon key="type">table</infon><infon key="xml">&lt;?xml version=&quot;1.0&quot; encoding=&quot;UTF-8&quot;?&gt;
&lt;table frame=&quot;hsides&quot; rules=&quot;groups&quot;&gt;&lt;thead&gt;&lt;tr&gt;&lt;th valign=&quot;middle&quot; align=&quot;center&quot; rowspan=&quot;1&quot; colspan=&quot;1&quot;&gt;Antibody Name&lt;/th&gt;&lt;th valign=&quot;middle&quot; align=&quot;center&quot; rowspan=&quot;1&quot; colspan=&quot;1&quot;&gt;Number of Donations&lt;/th&gt;&lt;/tr&gt;&lt;/thead&gt;&lt;tbody&gt;&lt;tr&gt;&lt;td valign=&quot;middle&quot; align=&quot;center&quot; rowspan=&quot;1&quot; colspan=&quot;1&quot;&gt;plasmids&lt;/td&gt;&lt;td valign=&quot;middle&quot; align=&quot;center&quot; rowspan=&quot;1&quot; colspan=&quot;1&quot;&gt;74&lt;/td&gt;&lt;/tr&gt;&lt;tr&gt;&lt;td valign=&quot;middle&quot; align=&quot;center&quot; rowspan=&quot;1&quot; colspan=&quot;1&quot;&gt;anti-mouse&lt;/td&gt;&lt;td valign=&quot;middle&quot; align=&quot;center&quot; rowspan=&quot;1&quot; colspan=&quot;1&quot;&gt;30&lt;/td&gt;&lt;/tr&gt;&lt;tr&gt;&lt;td valign=&quot;middle&quot; align=&quot;center&quot; rowspan=&quot;1&quot; colspan=&quot;1&quot;&gt;anti-gfp&lt;/td&gt;&lt;td valign=&quot;middle&quot; align=&quot;center&quot; rowspan=&quot;1&quot; colspan=&quot;1&quot;&gt;18&lt;/td&gt;&lt;/tr&gt;&lt;tr&gt;&lt;td valign=&quot;middle&quot; align=&quot;center&quot; rowspan=&quot;1&quot; colspan=&quot;1&quot;&gt;anti-tubulin&lt;/td&gt;&lt;td valign=&quot;middle&quot; align=&quot;center&quot; rowspan=&quot;1&quot; colspan=&quot;1&quot;&gt;12&lt;/td&gt;&lt;/tr&gt;&lt;tr&gt;&lt;td valign=&quot;middle&quot; align=&quot;center&quot; rowspan=&quot;1&quot; colspan=&quot;1&quot;&gt;anti-actin&lt;/td&gt;&lt;td valign=&quot;middle&quot; align=&quot;center&quot; rowspan=&quot;1&quot; colspan=&quot;1&quot;&gt;10&lt;/td&gt;&lt;/tr&gt;&lt;/tbody&gt;&lt;/table&gt;
</infon><offset>26964</offset><text>Antibody Name	Number of Donations	 	plasmids	74	 	anti-mouse	30	 	anti-gfp	18	 	anti-tubulin	12	 	anti-actin	10	 	</text></passage><passage><infon key="file">T10.xml</infon><infon key="id">T10</infon><infon key="section_type">TABLE</infon><infon key="type">table_caption</infon><offset>27079</offset><text>Most frequently donated antibodies</text></passage><passage><infon key="file">T10.xml</infon><infon key="id">T10</infon><infon key="section_type">TABLE</infon><infon key="type">table</infon><infon key="xml">&lt;?xml version=&quot;1.0&quot; encoding=&quot;UTF-8&quot;?&gt;
&lt;table frame=&quot;hsides&quot; rules=&quot;groups&quot;&gt;&lt;thead&gt;&lt;tr&gt;&lt;th valign=&quot;middle&quot; align=&quot;center&quot; rowspan=&quot;1&quot; colspan=&quot;1&quot;&gt;Journal&lt;/th&gt;&lt;th valign=&quot;middle&quot; align=&quot;center&quot; rowspan=&quot;1&quot; colspan=&quot;1&quot;&gt;Number of Donations&lt;/th&gt;&lt;/tr&gt;&lt;/thead&gt;&lt;tbody&gt;&lt;tr&gt;&lt;td valign=&quot;middle&quot; align=&quot;center&quot; rowspan=&quot;1&quot; colspan=&quot;1&quot;&gt;PLoS One&lt;/td&gt;&lt;td valign=&quot;middle&quot; align=&quot;center&quot; rowspan=&quot;1&quot; colspan=&quot;1&quot;&gt;3174&lt;/td&gt;&lt;/tr&gt;&lt;tr&gt;&lt;td valign=&quot;middle&quot; align=&quot;center&quot; rowspan=&quot;1&quot; colspan=&quot;1&quot;&gt;PLoS Pathology&lt;/td&gt;&lt;td valign=&quot;middle&quot; align=&quot;center&quot; rowspan=&quot;1&quot; colspan=&quot;1&quot;&gt;671&lt;/td&gt;&lt;/tr&gt;&lt;tr&gt;&lt;td valign=&quot;middle&quot; align=&quot;center&quot; rowspan=&quot;1&quot; colspan=&quot;1&quot;&gt;PLoS Genetics&lt;/td&gt;&lt;td valign=&quot;middle&quot; align=&quot;center&quot; rowspan=&quot;1&quot; colspan=&quot;1&quot;&gt;577&lt;/td&gt;&lt;/tr&gt;&lt;tr&gt;&lt;td valign=&quot;middle&quot; align=&quot;center&quot; rowspan=&quot;1&quot; colspan=&quot;1&quot;&gt;PLoS Biology&lt;/td&gt;&lt;td valign=&quot;middle&quot; align=&quot;center&quot; rowspan=&quot;1&quot; colspan=&quot;1&quot;&gt;306&lt;/td&gt;&lt;/tr&gt;&lt;tr&gt;&lt;td valign=&quot;middle&quot; align=&quot;center&quot; rowspan=&quot;1&quot; colspan=&quot;1&quot;&gt;PLoS ONE&lt;/td&gt;&lt;td valign=&quot;middle&quot; align=&quot;center&quot; rowspan=&quot;1&quot; colspan=&quot;1&quot;&gt;301&lt;/td&gt;&lt;/tr&gt;&lt;/tbody&gt;&lt;/table&gt;
</infon><offset>27114</offset><text>Journal	Number of Donations	 	PLoS One	3174	 	PLoS Pathology	671	 	PLoS Genetics	577	 	PLoS Biology	306	 	PLoS ONE	301	 	</text></passage><passage><infon key="file">T11.xml</infon><infon key="id">T11</infon><infon key="section_type">TABLE</infon><infon key="type">table_caption</infon><offset>27236</offset><text>Extraction results</text></passage><passage><infon key="file">T11.xml</infon><infon key="id">T11</infon><infon key="section_type">TABLE</infon><infon key="type">table</infon><infon key="xml">&lt;?xml version=&quot;1.0&quot; encoding=&quot;UTF-8&quot;?&gt;
&lt;table frame=&quot;hsides&quot; rules=&quot;groups&quot;&gt;&lt;thead&gt;&lt;tr&gt;&lt;th valign=&quot;top&quot; align=&quot;left&quot; rowspan=&quot;1&quot; colspan=&quot;1&quot;/&gt;&lt;th valign=&quot;top&quot; align=&quot;left&quot; rowspan=&quot;1&quot; colspan=&quot;1&quot;/&gt;&lt;th valign=&quot;top&quot; align=&quot;left&quot; rowspan=&quot;1&quot; colspan=&quot;1&quot;&gt;Accuracy&lt;/th&gt;&lt;th valign=&quot;top&quot; align=&quot;left&quot; rowspan=&quot;1&quot; colspan=&quot;1&quot;/&gt;&lt;th valign=&quot;top&quot; align=&quot;left&quot; rowspan=&quot;1&quot; colspan=&quot;1&quot;/&gt;&lt;/tr&gt;&lt;tr&gt;&lt;th valign=&quot;top&quot; align=&quot;left&quot; rowspan=&quot;1&quot; colspan=&quot;1&quot;&gt;Approach&lt;/th&gt;&lt;th valign=&quot;top&quot; align=&quot;left&quot; rowspan=&quot;1&quot; colspan=&quot;1&quot;/&gt;&lt;th valign=&quot;top&quot; align=&quot;left&quot; rowspan=&quot;1&quot; colspan=&quot;1&quot;/&gt;&lt;th valign=&quot;top&quot; align=&quot;left&quot; rowspan=&quot;1&quot; colspan=&quot;1&quot;/&gt;&lt;th valign=&quot;top&quot; align=&quot;left&quot; rowspan=&quot;1&quot; colspan=&quot;1&quot;/&gt;&lt;/tr&gt;&lt;tr&gt;&lt;th valign=&quot;top&quot; align=&quot;left&quot; rowspan=&quot;1&quot; colspan=&quot;1&quot;/&gt;&lt;th valign=&quot;top&quot; align=&quot;left&quot; rowspan=&quot;1&quot; colspan=&quot;1&quot;&gt;Donor&lt;/th&gt;&lt;th valign=&quot;top&quot; align=&quot;left&quot; rowspan=&quot;1&quot; colspan=&quot;1&quot;&gt;Affiliation&lt;/th&gt;&lt;th valign=&quot;top&quot; align=&quot;left&quot; rowspan=&quot;1&quot; colspan=&quot;1&quot;&gt;Antibody Name&lt;/th&gt;&lt;th valign=&quot;top&quot; align=&quot;left&quot; rowspan=&quot;1&quot; colspan=&quot;1&quot;&gt;Mean&lt;/th&gt;&lt;/tr&gt;&lt;/thead&gt;&lt;tbody&gt;&lt;tr&gt;&lt;td valign=&quot;top&quot; align=&quot;left&quot; rowspan=&quot;1&quot; colspan=&quot;1&quot;&gt;Rule Based&lt;/td&gt;&lt;td valign=&quot;top&quot; align=&quot;left&quot; rowspan=&quot;1&quot; colspan=&quot;1&quot;&gt;50%&lt;/td&gt;&lt;td valign=&quot;top&quot; align=&quot;left&quot; rowspan=&quot;1&quot; colspan=&quot;1&quot;&gt;70%&lt;/td&gt;&lt;td valign=&quot;top&quot; align=&quot;left&quot; rowspan=&quot;1&quot; colspan=&quot;1&quot;&gt;50%&lt;/td&gt;&lt;td valign=&quot;top&quot; align=&quot;left&quot; rowspan=&quot;1&quot; colspan=&quot;1&quot;&gt;57%&lt;/td&gt;&lt;/tr&gt;&lt;tr&gt;&lt;td valign=&quot;top&quot; align=&quot;left&quot; rowspan=&quot;1&quot; colspan=&quot;1&quot;&gt;Bootstrapped Pattern Learning&lt;/td&gt;&lt;td valign=&quot;top&quot; align=&quot;left&quot; rowspan=&quot;1&quot; colspan=&quot;1&quot;&gt;57%&lt;/td&gt;&lt;td valign=&quot;top&quot; align=&quot;left&quot; rowspan=&quot;1&quot; colspan=&quot;1&quot;&gt;66%&lt;/td&gt;&lt;td valign=&quot;top&quot; align=&quot;left&quot; rowspan=&quot;1&quot; colspan=&quot;1&quot;&gt;64%&lt;/td&gt;&lt;td valign=&quot;top&quot; align=&quot;left&quot; rowspan=&quot;1&quot; colspan=&quot;1&quot;&gt;62%&lt;/td&gt;&lt;/tr&gt;&lt;/tbody&gt;&lt;/table&gt;
</infon><offset>27255</offset><text>		Accuracy			 	Approach					 		Donor	Affiliation	Antibody Name	Mean	 	Rule Based	50%	70%	50%	57%	 	Bootstrapped Pattern Learning	57%	66%	64%	62%	 	</text></passage></document></collection>
