<?xml version="1.0" encoding="UTF-8"?>
<!DOCTYPE collection SYSTEM "BioC.dtd">
<collection><source>PMC</source><date>20201221</date><key>pmc.key</key><document><id>6351939</id><infon key="license">CC BY</infon><passage><infon key="article-id_doi">10.3390/ijerph16020187</infon><infon key="article-id_pmc">6351939</infon><infon key="article-id_pmid">30634654</infon><infon key="article-id_publisher-id">ijerph-16-00187</infon><infon key="elocation-id">187</infon><infon key="issue">2</infon><infon key="kwd">environmental sustainability green crowdfunding project decision making model goal setting project duration non-linear</infon><infon key="license">Licensee MDPI, Basel, Switzerland. This article is an open access article distributed under the terms and conditions of the Creative Commons Attribution (CC BY) license (http://creativecommons.org/licenses/by/4.0/).</infon><infon key="name_0">surname:Yang;given-names:Jinbi</infon><infon key="name_1">surname:Liu;given-names:Libo</infon><infon key="name_2">surname:Yin;given-names:Chunxiao</infon><infon key="section_type">TITLE</infon><infon key="type">front</infon><infon key="volume">16</infon><infon key="year">2019</infon><offset>0</offset><text>A Non-Liner Decision Model for Green Crowdfunding Project Success: Evidence from China</text></passage><passage><infon key="section_type">ABSTRACT</infon><infon key="type">abstract</infon><offset>87</offset><text>Green growth and environmental sustainability have become a significant focus in today’s living. We believe that green crowdfunding project can make an important contribution to the creation and evaluation of environmental systems. This study aims to investigate the determinants of green crowdfunding project success. Contrary to the linear relationship in previous literature, we propose a non-liner decision model that includes three determinants, funds pledge, goal setting, and project duration to predict project success. The quantitative approach method was employed. We crawl data on 1389 green crowdfunding projects from Tencent Lejuan, a crowdfunding platform in China. By using ordinary least square method to conduct data analysis, we find that the effect of goal setting on project success is non-linear as low and moderate levels of goal setting are not always likely to have a significant impact on project success, but the presence of a higher goal is likely to exert a positive effect on project success. Moreover, results show that the effect of project duration on project success is non-linear as short and moderate levels of duration is not always certain to have significant impact on project success, but the presence of a long duration is likely to exert a positive effect on project success. This study has implications for fund-seekers for green crowdfunding projects and managers of crowdfunding platforms.</text></passage><passage><infon key="section_type">INTRO</infon><infon key="type">title_1</infon><offset>1523</offset><text>1. Introduction</text></passage><passage><infon key="section_type">INTRO</infon><infon key="type">paragraph</infon><offset>1539</offset><text>Environment pollution has become increasingly critical for people. As Internet has promoted the development of the business and society, “Internet + Environment Protection” should attract more attention. Crowdfunding platforms focusing on environment protection take advantage of the Internet to extend the boundary of the channels for public welfare activities related to the environment. These platforms launch environmental projects, including tree planting and sand prevention, marine protection, garbage classification, clean water sources and so on. In such way, individuals could participate in environmental groups and engage in public welfare activities online rather than offline. The first low-carbon crowdfunding project based on the Chinese certified emission reduction (CCER) was delivered in Hubei Province of China in 2015, promoting low-carbon economic transformation and curb greenhouse gas emissions. A famous Chinese green crowdfunding platform “Drive to Green” has hosted a successful crowdfunding project for “activities of agreement of one cup of water” since 2016, which helped nearly 3000 teachers and students in seven schools of Gansu Province and Anhui Province in China province to get clean water. Green crowdfunding project can make an important contribution to the creation and evaluation of environmental systems, which break new ground in environmental responsibility and ultimately improve the natural environment. </text></passage><passage><infon key="section_type">INTRO</infon><infon key="type">paragraph</infon><offset>3002</offset><text>Green crowdfunding project, including green donation-based and green reward-based crowdfunding project, takes advantage of the Internet to extend the boundary of the channels of environmental public welfare activities. For green donation-based crowdfunding platform, some environmental projects are launched by some nonprofit organizations, such as tree planting and sand prevention, marine protection, garbage classification, and clean water sources. Our work focuses on green donation-based crowdfunding. The most famous and largest donation-based platform, CrowdRise, raised more than 1.5 million dollars for donation-based projects in 2015. Green donation-based crowdfunding also has been gaining popularity in China in the past several years. In 2015, a professional green donation-based crowdfunding platform was established in China, named Drive to Green. More importantly, the emergence of various environment protection crowdfunding platforms encourages individuals and businesses to fulfill their social responsibility of environmental protection significantly. Hence, the current research aims to explore how a green donation-based crowdfunding project can success. </text></passage><passage><infon key="section_type">INTRO</infon><infon key="type">paragraph</infon><offset>4180</offset><text>Existing studies have considered the effects of design strategies (i.e., reward schema), project quality (i.e., high quality of project description), social networks, and social capital on crowdfunding project success from the perspective of capital seekers or fundraisers. However, for green crowdfunding projects, most of the fundraisers are non-profit environmental organizations; hence, conclusions related to reward schema, social networks, and social capital may be directly applicable. Fundraisers of green crowdfunding projects can properly set their projects to gain support from the public. Goal and duration are two common questions that should be decided by fundraisers when launching crowdfunding projects. Empirical results revealed inconsistent findings about the effect of goal setting on project success that some research indicated negative influences of goal setting and some indicated no effects or positive effects. Similar inconsistent findings were found for the effect of project duration that positive effects, negative effects, and no effects were all identified. These conflicting accounts suggest that the relationships between goal setting, duration and project success are more complex than has been anticipated by previous empirical studies. To reconcile inconsistent findings, this study propose a non-liner decision model and investigate the non-linear relationship of project setting (goal setting and project duration) on project success in the green crowdfunding context.</text></passage><passage><infon key="section_type">INTRO</infon><infon key="type">paragraph</infon><offset>5688</offset><text>We collected data on a leading crowdfunding platform in China: Tencent Lejuan crowdfunding platform (). We focus on green crowdfunding projects; thus, we only collect data from projects related to green growth in Tencent Lejuan crowdfunding platform. Our results show that the effect of goal setting on project success is non-linear as low and moderate levels of goal setting are not always likely to have significant impact on project success, but the presence of a higher goal is likely to exert a positive effect on project success. Moreover, the effect of project duration on project success is non-linear as short and moderate levels of duration is not always certain to have significant impact on project success, but the presence of a long duration is likely to exert a positive effect on project success. Last, funds pledge have positive relationship with green crowdfunding project success, which is consistent with altruism mechanism as our study is in the context of non-profit green project. </text></passage><passage><infon key="section_type">INTRO</infon><infon key="type">paragraph</infon><offset>6693</offset><text>The reminder of the study is organized as follows. An introduction to crowdfunding and a literature review of crowdfunding project success are presented, followed by the hypotheses development. The research methodology and results are discussed next. Last, implications and future research are presented.</text></passage><passage><infon key="section_type">INTRO</infon><infon key="type">title_1</infon><offset>6998</offset><text>2. Theoretical Background</text></passage><passage><infon key="section_type">INTRO</infon><infon key="type">title_2</infon><offset>7024</offset><text>2.1. Green Crowdfunding Project</text></passage><passage><infon key="section_type">INTRO</infon><infon key="type">paragraph</infon><offset>7056</offset><text>Crowdfunding can help entrepreneurs, artists, and non-profits organizations to raise money from collective individuals on the Internet, because it is easier to gain financial support relative to traditional fundraising channels (e.g., venture capital, angel investment, donations). Therefore, more and more ventures start to launch projects on crowdfunding platforms. There are four types of business models of crowdfunding, including equity-based, lending-based, donation-based, and reward-based crowdfunding. Nowadays, various types of projects are inquiring financial support through crowdfunding platforms, such as film/video, journalism, technology, public assets, and green products. This study focuses on green crowdfunding projects. There are two types of green crowdfunding. One is green donation-based crowdfunding, which includes non-profit activities and aims at building a green environment by protecting the nature. The other one is green reward-based crowdfunding, which is commonly used by organizations who sell green products or services. In general, green crowdfunding is a novel and popular transaction method, which can largely improve the efficiency of raising initial funds and selling innovative green products or services. </text></passage><passage><infon key="section_type">INTRO</infon><infon key="type">paragraph</infon><offset>8305</offset><text>The emergence of green crowdfunding projects, which are always launched by nonprofit organizations, is likely to be influenced by the extensive attention to environmental problems. Organizations and society as a whole start to focus more on environmental protection. In a greener environment, people can live better, organizations can do business more profitably, and the society can develop better. Following the call of green and sustainable growth, environment protection becomes much more critical than before. Hence, harnessing crowdfunding, an increasing number of environment protection projects has been initiated, named as green crowdfunding project. Similar to other types of donation-based projects, funders or backers of green crowdfunding projects do not necessarily receive any rewards for their donations. Moreover, it takes a long period for environment protection projects to exert effects. For example, trees can prevent sandstorm, but it takes years for trees to grow into forest. Therefore, it is also not easy for green donation-based crowdfunding projects to be successfully funded. Hence, intend to investigate how green donation-based crowdfunding projects could be successfully funded. </text></passage><passage><infon key="section_type">INTRO</infon><infon key="type">title_2</infon><offset>9517</offset><text>2.2. Crowdfunding Project Success</text></passage><passage><infon key="section_type">INTRO</infon><infon key="type">paragraph</infon><offset>9551</offset><text>Crowdfunding project success has received extensive attention in prior literature, especially from the perspective of fundraisers. Previous studies have explored what fundraisers can do to increase the success rate of their projects. First, fundraisers can choose proper design strategies to promote project success, such as the design for the reward schema, the design of video advertisement content, and the design of proper funding goal and duration. Second, fundraisers can carefully control the quality of their project by improving quality of project description or updating the projects intensively. Third, fundraisers can harness their social networks to enhance project success, such as social media usage and homepage usage. Forth, fundraisers can take advantage of social capital to help achieve project success, such as large social network size, strong social network ties, the shared meaning of project between fundraisers and funders. This study focuses on design strategies that fundraisers can use to promote their environmental protection projects. </text></passage><passage><infon key="section_type">INTRO</infon><infon key="type">paragraph</infon><offset>10619</offset><text>For green donation-based crowdfunding projects, design strategies for reward schema are less applicable because these projects are charity related and thus no reward would is necessary provided at the completion of the project. However, setting proper funding goal and duration is totally under the control of fundraisers. Therefore, this study concentrates on the effects of goal setting and project duration on project success. Actually, the role of goal setting and project duration is studied directly or indirectly (i.e., being taken as control variables) by previous research. After a scrutiny, we found that inconsistent results existed for these two as elaborated below. </text></passage><passage><infon key="section_type">INTRO</infon><infon key="type">paragraph</infon><offset>11299</offset><text>First, for the effects of goal setting, it is always justified that a higher goal would lead to lower success, and some researchers empirically verified this justification. For example, Cordova et al. found that an increase in project funding goal leaded to a lower probability and extent of success. Mollick empirically reported that increasing goal size was negatively associated with success. Lagazio and Querci argued that big-sized (a higher goal size) projects had a lower probability of success. Taking goal setting as a project-specific aspect, Koch et al., Zhang et al. and Giudici et al. empirically verified that a higher goal lead to lower success. However, on the other hand, there are still several studies that have different findings. Specially, the study of Xiao et al. showed that goal setting did not play a significant effect, and Li et al. revealed a positive influence. </text></passage><passage><infon key="section_type">INTRO</infon><infon key="type">paragraph</infon><offset>12192</offset><text>Second, as for project duration, similar inconsistent findings were found. Intuitively thinking, a longer funding duration should positively related to project success, and this is supported by some studies. For example, Burtch et al. proved that longer funding durations positively affected the project success in a crowd-funded marketplace for online journalism projects, because a longer duration might imply high awareness of the project and good quality of the output of the project. Cordova et al. found that project duration increased the chances of success, with the consideration of the longer of fundraising closure the higher the likelihood contributions. Lagazio and Querci argued that prolonged campaigns (duration) were more likely to reach the project success. That’s because potential investors need more time to fully appreciate the features of different projects to overcome information asymmetry. However, different results were also obtained. Directly or indirectly, the studies of Zhang et al., Mollick, Clauss et al., and Li et al. indicated a negative relationship between project duration and project success. One reason is that duration serves as a time-control mechanism and increases the motivational impact of potential contributors. Another reason is that longer fundraising time indicate a lack of confidence. Furthermore, taking project duration as a control variable, Xiao et al. and Koch et al. proposed no effects of project duration on project success. </text></passage><passage><infon key="section_type">INTRO</infon><infon key="type">paragraph</infon><offset>13683</offset><text>These studies offer various perspectives in understanding crowdfunding project success. However, there are still two limitations. First, the existing understanding of crowdfunding project success is mostly focus on the general types of projects. As green crowdfunding projects are non-profit, the determinants of project success might be different from other types of projects. The studies of green crowdfunding project success are rare. Second, inconsistent findings from previous studies indicate that the roles of goal setting and project duration might not as simple as previous studies think about. Therefore, this study intends to explore how goal setting and project duration affect project success of green crowdfunding projects by investigating their non-linear effects instead of previously studied linear ones. </text></passage><passage><infon key="section_type">INTRO</infon><infon key="type">title_1</infon><offset>14506</offset><text>3. Hypotheses Development</text></passage><passage><infon key="section_type">INTRO</infon><infon key="type">title_2</infon><offset>14532</offset><text>3.1. Goal Setting</text></passage><passage><infon key="section_type">INTRO</infon><infon key="type">paragraph</infon><offset>14550</offset><text>In the crowdfunding projects, fundraisers must set a goal in advance. Recent work on choice overload identified that goal of decision has significant influence on the robustness of choice overload. Therefore, setting a proper funding goal is critical for a crowdfunding project. The goal setting and motivation theory also proposes that a goal is one of important motivations that improve performance. The proper goal offers a guarantee for start and success of a project. </text></passage><passage><infon key="section_type">INTRO</infon><infon key="type">paragraph</infon><offset>15024</offset><text>The existing studies indicate an inconsistent conclusion related the role of goal setting on project success. On one hand, a higher goal requires to attract more funders or backers that may hinder the success of a project. On the other hand, a higher goal is challenging and may inspire people’s sympathy, especially for donation-based projects, because people want to help others. This indicates that for donation-based projects a higher goal may attract more funders and then receive more funding. To the background of the above arguments and given the mixed findings on the goal setting—project success relationship referenced above, we argue that the effect of goal setting on project success is non-linear as low and moderate levels of goal setting is not always certain to have significant impact on project success, but the presence of a higher goal is likely to exert a positive effect on project success. We expect goal setting to have a non-linear effect on the project success. </text></passage><passage><infon key="section_type">INTRO</infon><infon key="type">paragraph</infon><offset>16018</offset><text> The crowdfunding project’s goal setting exhibits a non-linear relationship with project success. </text></passage><passage><infon key="section_type">INTRO</infon><infon key="type">title_2</infon><offset>16119</offset><text>3.2. Project Duration</text></passage><passage><infon key="section_type">INTRO</infon><infon key="type">paragraph</infon><offset>16141</offset><text>Duration is another item that fundraisers must set in advance when launching projects. Duration means the number of days for which a project accepts funding. Setting a proper duration is also critical for fundraisers. </text></passage><passage><infon key="section_type">INTRO</infon><infon key="type">paragraph</infon><offset>16360</offset><text>A long duration can give sufficient time for projects to acquire funding, in which a project can easily receive enough funding. Deadlines serving as a time-control mechanism could help improve the effectiveness of goals and increase the motivational impact of targets based on the goal-setting theory. Individuals tend to postpone the decision or action. If the duration is not long enough for individuals to make decision, they might miss the opportunity to participate in. These two mechanisms indicate that a non-linear relationship should be considered. We expect that the effect of project duration on project success is non-linear as short and moderate levels of duration is not always certain to have significant impact on project success, but the presence of a long duration is likely to exert a positive effect on project success. We thus hypothesize that: </text></passage><passage><infon key="section_type">INTRO</infon><infon key="type">paragraph</infon><offset>17227</offset><text> The green crowdfunding project’s’ duration setting exhibits a non-linear relationship with project success. </text></passage><passage><infon key="section_type">INTRO</infon><infon key="type">title_2</infon><offset>17341</offset><text>3.3. Funds Pledge</text></passage><passage><infon key="section_type">INTRO</infon><infon key="type">paragraph</infon><offset>17359</offset><text>Funds pledge is the most fundamental behavior of the crowds on the crowdfunding platforms. There are two major mechanisms utilized in the previous research of crowdfunding to explain the funds pledge behavior of the funders: herding and altruism. Herding refers to an individual’s behavior of observing or imitating others. Studies on equity-based and lending-based crowdfunding platforms find evidence for this mechanism; that is, the crowds will manifest a herding behavior when they decide to pledge funds on a project. Given that financial return is the major expectation in these platforms, following others is a rational way for individuals to filter out high quality projects. This implies that a more successful project in equity-based and lending-based crowdfunding platforms may receive more supports from more funders. The focus of this study is the green crowdfunding projects, in which project funders which receive intangible rewards. Hence, the funder’s pledge behavior on these platforms must be different from that of the participations on other types of crowdfunding platforms. Their goals in participating green crowdfunding platforms are helping initiators. Therefore, the crowd’s participation in funds pledge should be positively related to project success. </text></passage><passage><infon key="section_type">INTRO</infon><infon key="type">paragraph</infon><offset>18646</offset><text> The crowd’s participations in funds pledge has positive effect on project success. </text></passage><passage><infon key="section_type">METHODS</infon><infon key="type">title_1</infon><offset>18733</offset><text>4. Methodology</text></passage><passage><infon key="section_type">METHODS</infon><infon key="type">title_2</infon><offset>18748</offset><text>4.1. Data Collection</text></passage><passage><infon key="section_type">METHODS</infon><infon key="type">paragraph</infon><offset>18769</offset><text>We collected data from Tencent Lejuan crowdfunding platform, one of the most popular donation-based crowdfunding platform in China. Tencent Lejuan crowdfunding platform enables nonprofit organizations to issue donation-based projects, such as poverty relief, disaster relief, fellowship, and environment protection, over the Internet and receive small investments from registered users in return. It is similar like CrowdRise that is a traditional donation-based crowdfunding model. In this study, we focus on green projects, and therefore we only collect data on projects related to green growth (i.e., environmental protection) from Tencent Lejuan crowdfunding platform. To ensure the sample included only successful projects, we selected projects which completed and at least one funds pelage participated in. The final project sample included 1,389 successful projects. All the data are cleaned based on the requirement (as shown in Table 1). Figure 1 illustrates the time window of a crowdfunding project. As goal setting and project duration are setting before the crowdfunding project start, it could provide support for the hypothesized causal influence of goal setting and project duration on project success. </text></passage><passage><infon key="section_type">METHODS</infon><infon key="type">title_2</infon><offset>19989</offset><text>4.2. Measures</text></passage><passage><infon key="section_type">METHODS</infon><infon key="type">paragraph</infon><offset>20003</offset><text>Funds pledge. The platform enables users to pledge in projects based on their preferences. Users can choose the amount they plan to pledge in a particular crowdfunding project. In this study, funds pledge is operationalized as the total number of funders in a particular project. </text></passage><passage><infon key="section_type">METHODS</infon><infon key="type">paragraph</infon><offset>20284</offset><text>Crowdfunding goal setting. Each project has a target goal that it wants to achieve. Therefore, the goal setting is operationalized as the total amount a project sets for its target. </text></passage><passage><infon key="section_type">METHODS</infon><infon key="type">paragraph</infon><offset>20467</offset><text>Project duration. Each project need set a time period to complete the project. Therefore, the project duration is operationalized as the total days a project last.</text></passage><passage><infon key="section_type">METHODS</infon><infon key="type">paragraph</infon><offset>20631</offset><text>Project success. Users are able to check the status of the project from the very beginning to its completion. Because projects differ in the volume of funds that they ask for, it is improper to operationalize project success as the total amount funds. This study operationalizes project success as the completion percentage of a project, which is the ratio of the actual collected funding divide target funding goal (as shown in the formula below). </text></passage><passage><infon key="section_type">METHODS</infon><infon key="type">paragraph</infon><offset>21081</offset><text>The descriptive statistics of four variables is shown in Table 1.</text></passage><passage><infon key="section_type">METHODS</infon><infon key="type">title_2</infon><offset>21147</offset><text>4.3. Data Analysis and Results</text></passage><passage><infon key="section_type">METHODS</infon><infon key="type">paragraph</infon><offset>21178</offset><text>We used an ordinary least square (OLS) method for data analysis by using SPSS. We performed panel data random effects regression with robust standard error and pooled over ordinary least square analysis with standard error clustered by user. Clustered standard errors can control for potential heteroscedasticity.</text></passage><passage><infon key="section_type">METHODS</infon><infon key="type">paragraph</infon><offset>21492</offset><text>To test our research model, we examined the research model in a regression framework as below. Following Kohtamäki et al. and Fang et al., we create square term (goalsetting2 and duration2) for goal setting and duration to test non-linear effect of project duration and goal setting.  where Fundpledge refers to number of funds pledge, GoalSetting refers to total amount of a project target, GoalSetting2 refers to square of number of funds goal, Duration refers to total number of days a project last, Duration2 refers to square of number of duration. Before conducting data analysis, Koenker statistic was used to check heteroscedasticity. The Koenker results (x2 = 10.856 with p = 0.212) indicated that heteroscedasticity is not exist in this study. </text></passage><passage><infon key="section_type">METHODS</infon><infon key="type">paragraph</infon><offset>22247</offset><text>Table 2 presents the results of the four studied models. The first model tests the main effects including funds pledge, goal setting, and duration. The second model enters the non-linear squared term of the goal setting. The third model adds the non-linear squared term of the duration, whereas the fourth model enters both the non-linear squared term of the goal setting and duration. We present plotted results to enable an interpretation of the marginal effects.</text></passage><passage><infon key="section_type">METHODS</infon><infon key="type">paragraph</infon><offset>22713</offset><text>In model 1, the regression results suggest that funds pledge has significant effect on project success (β = 0.309, p &lt; 0.01). The results show that both goal setting and duration have negative significant effect on project success (β = −0.073, p &lt; 0.01; β = −0.276, p &lt; 0.01).Thus H3 is supported. Model 1 explains 11.9% of the variation in project success.</text></passage><passage><infon key="section_type">METHODS</infon><infon key="type">paragraph</infon><offset>23080</offset><text>Model 2 tests the non-linearity of goal setting. Model 2 confirms the positive and statistically significant non-linear effect of goal setting on project success (β = 0.401, p &lt; 0.01). The positive effect of the quadratic term of goal setting indicates that the effect of goal setting on project success are not constant but rather increase at a progressive rate at higher levels of goal setting. The negative linear effect (β = −0.442, p &lt; 0.01) further reveals that at low levels of a goal setting, the effect on project success is minimal. We depict this relationship graphically in Figure 2. Thus, we find support for H1.</text></passage><passage><infon key="section_type">METHODS</infon><infon key="type">paragraph</infon><offset>23712</offset><text>Model 2 explains the variation of project success by 14.4%, improving model 1 where we tested the direct liner effect of project success (ΔR2 = 0.026). Model 3 tests the non-linearity of duration. Model 3 confirms the positive and statistically significant non-linear effect of duration on project success (β = 0.517, p &lt; 0.01). The positive effect of the quadratic term of duration indicates that the effect of duration on project success are not constant but rather increase at a progressive rate at higher levels of duration. The negative linear effect (β = −0.668 p &lt; 0.01) further reveals that at low levels of a duration, the effect on project success is minimal. We depict this relationship graphically in Figure 3. Thus, we find support for H2.</text></passage><passage><infon key="section_type">METHODS</infon><infon key="type">paragraph</infon><offset>24475</offset><text>Model 3 explains the variation of project success by 19.9%, improving model 1 where we tested the direct liner effect of project success (ΔR2 = 0.08). Model 4 test the full model, including both the non-linearity of goal setting and duration. </text></passage><passage><infon key="section_type">METHODS</infon><infon key="type">paragraph</infon><offset>24723</offset><text>Model 4 confirms both the positive and statistically significant non-linear effect of duration and goal setting on project success. Model 4 explains the variation of project success by 21.4%, significantly improving model 3 where we tested the direct liner effect of project success (ΔR2 = 0.016).</text></passage><passage><infon key="section_type">METHODS</infon><infon key="type">title_2</infon><offset>25025</offset><text>4.4. Robustness Check </text></passage><passage><infon key="section_type">METHODS</infon><infon key="type">paragraph</infon><offset>25048</offset><text>To test the robustness of our model, we applied our model to another dataset from kickstarter (kickstarter.com). We collected data from kickstarter in the category of ‘Technology’, which contained 705 projects about technology crowdfunding projects. We use completed percentage of project to measure project success. The results are shown below in Table 3 and Figure 4. The results show that our results continue to hold in different platform.</text></passage><passage><infon key="section_type">METHODS</infon><infon key="type">title_2</infon><offset>25496</offset><text>4.5. Key Findings</text></passage><passage><infon key="section_type">METHODS</infon><infon key="type">paragraph</infon><offset>25514</offset><text>This study examines the factors that affect the success of green crowdfunding project. We investigated three ways of participation antecedents, namely funds pledge, goal setting, and project duration. By collecting data from Tencent Lejuan crowdfunding platform, we have got three sets of key findings. </text></passage><passage><infon key="section_type">METHODS</infon><infon key="type">paragraph</infon><offset>25818</offset><text>First, our empirical results indicated that the crowds’ participation in funds pledge had a positive relationship with degree of project success. Previous literature proposed two underlying mechanisms to explain the crowds’ behavior of funds pledges: herding and altruism. These two mechanisms are contradictory with each other to some extent that herding plays a role for self-interests and altruism exerts an effect for others’ interests. Studies on reward-based crowdfunding revealed mixed findings that some studies indicated that funders’ participation in funds pledge will be driven by herding mechanism; While others found the opposite results that altruism and responsibility are the key drivers. Our results consistent with previous findings with Altruism mechanism. It can be explained by the research context focus on green crowdfunding project. </text></passage><passage><infon key="section_type">METHODS</infon><infon key="type">paragraph</infon><offset>26684</offset><text>Second, our results for goal setting indicated that goal setting had a non-linear relationship with the success of green crowdfunding project. Setting a proper goal is critical for crowdfunding projects. Previous studies obtained inconsistent findings related to the effects of goal setting on project success. We find that the effect of goal setting on project success is non-linear as low and moderate levels of goal setting is not always certain to have significant impact on project success, but the presence of a higher goal is likely to exert a positive effect on project success. </text></passage><passage><infon key="section_type">METHODS</infon><infon key="type">paragraph</infon><offset>27272</offset><text>Third, our empirical results indicated that the crowdfunding project duration had a non-linear relationship with degree of green project success. Previous literature showed the negative relationship between project duration and the degree of project success. Our study revealed mixed effect of project duration on project success is non-linear as short and moderate levels of duration is not always certain to have significant impact on project success, but the presence of a long duration is likely to exert a positive effect on project success.</text></passage><passage><infon key="section_type">CONCL</infon><infon key="type">title_1</infon><offset>27819</offset><text>5. Implications and Conclusions</text></passage><passage><infon key="section_type">CONCL</infon><infon key="type">title_2</infon><offset>27851</offset><text>5.1. Implications</text></passage><passage><infon key="section_type">CONCL</infon><infon key="type">paragraph</infon><offset>27869</offset><text>This study has several theoretical and practical implications. First, this research contributes to the literature on crowdfunding project success. Most of the existing studies on crowdfunding project success consider general types of projects (reward-based crowdfunding). Studies on projects related to crowdfunding projects for environmental sustainability are rare. Based on our knowledge, this is one of the first studies to explore the antecedents of project success in the environment protection context. Furthermore, most of these studies only focus on whether the projects succeed or not, but not take a further step to understand the degree of project success which is also critical in influencing both success of other projects and the whole crowdfunding platform. This study takes an early attempt in this stream, and enriches the existing understanding of project success. </text></passage><passage><infon key="section_type">CONCL</infon><infon key="type">paragraph</infon><offset>28754</offset><text>Second, this study advances the understanding of the relationship between project setting (i.e., goal setting, project duration, and funders’ pledge) with the success of green crowdfunding project. Our study theorizes the relationship between project setting and project success by examining the nonlinear relationship, and proposing a non-linear relationship. This reconciles the inconsistent findings in prior research about the roles of goal setting and project duration on project success, and sets a light to further studies to examine more complex effects of project success predictors. </text></passage><passage><infon key="section_type">CONCL</infon><infon key="type">paragraph</infon><offset>29350</offset><text>Third, from a practical point of view, the nonlinear results are highly relevant for stakeholders on green crowdfunding projects. Project fundraisers can make use of the results in order to set a proper goal and duration of the green donation-based project and then to increase the chance to have a project successfully funded. Besides goal setting, founders should find a proper interval for duration of the green crowdfunding project. Furthermore, fundraisers should maximize the total funding amount within a moderate number of goal setting and duration.</text></passage><passage><infon key="section_type">CONCL</infon><infon key="type">paragraph</infon><offset>29908</offset><text>Fourth, this study advances the understanding of funders’ pledge on degree of green project success. Existing studies in reward-based crowdfunding provide inconsistent results about funders’ pledge behavior. Specifically, some studies indicate that funders’ participation is driven by Herding mechanism; that is, more successful projects attract more funders. Other studies provide opposite results that altruism is the key driver; that is, less successful projects attract relatively more funders. Our study is in the context of environmental suitability, and it shows that more funders lead to more successful projects.</text></passage><passage><infon key="section_type">CONCL</infon><infon key="type">title_2</infon><offset>30536</offset><text>5.2. Limitations and Future Research</text></passage><passage><infon key="section_type">CONCL</infon><infon key="type">paragraph</infon><offset>30573</offset><text>This study also has two limitations. First, our empirical data were crawled from a crowdfunding platform in China. Therefore, future study should attempt to replicate the results of this study by studying the Western context and compare the differences between these two contexts. </text></passage><passage><infon key="section_type">CONCL</infon><infon key="type">paragraph</infon><offset>30855</offset><text>Second, we only investigated the nonlinear effects of two project setting items (i.e., goal setting and project duration) directly on project success. Future studies should explore the conditional factors that affect green crowdfunding project success, such as cultural factors, social return etc. In addition, other project-oriented factors should also be explored about their possible linear or nonlinear effects on the success of green donation-based crowdfunding project. </text></passage><passage><infon key="section_type">CONCL</infon><infon key="type">title_2</infon><offset>31332</offset><text>5.3. Conclusions</text></passage><passage><infon key="section_type">CONCL</infon><infon key="type">paragraph</infon><offset>31349</offset><text>In conclusion, the current study intends to explore the non-linear relationship of project setting on the success of green donation-based crowdfunding projects. We test a non-liner decision model to include three determinants: funds pledge, goal setting, and project duration to predict project success. We crawl 1389 green crowdfunding projects from Tencent Lejuan crowdfunding platform in China. By using ordinary least square method to conduct data analysis, we find that the effect of goal setting on project success is non-linear as low and moderate levels of goal setting is not always certain to have significant impact on project success, but the presence of a higher goal is likely to exert a positive effect on project success. Results also show that the effect of project duration on project success is non-linear as short and moderate levels of duration is not always certain to have significant impact on project success, but the presence of a long duration is likely to exert a positive effect on project success. Lastly, it is revealed that funds pledge show positive relationship with green crowdfunding project success. Our work enriches the literature of crowdfunding on the project success by reconciling inconsistent findings in previous literature, and hopes to set a light for future research.</text></passage><passage><infon key="section_type">AUTH_CONT</infon><infon key="type">title</infon><offset>32665</offset><text>Author Contributions</text></passage><passage><infon key="section_type">AUTH_CONT</infon><infon key="type">paragraph</infon><offset>32686</offset><text>Conceptualization, J.Y. and L.L.; Methodology, L.L.; Software, L.L.; Validation, J.Y. and L.L.; Formal Analysis, J.Y.; Investigation, J.Y.; Resources, J.Y.; Data Curation, J.Y.; Writing-Original Draft Preparation, J.Y., L.L., and C.Y.; Writing-Review &amp; Editing, C.Y.; Visualization, C.Y.; Supervision, J.Y.; Project Administration, J.Y.; Funding Acquisition, J.Y.</text></passage><passage><infon key="section_type">ACK_FUND</infon><infon key="type">title</infon><offset>33050</offset><text>Funding</text></passage><passage><infon key="section_type">ACK_FUND</infon><infon key="type">paragraph</infon><offset>33058</offset><text>This research was supported by the Research Foundation of Philosophy and Social Sciences in Colleges and Universities of Jiangsu Provincial Department of Education of 2016 (Grant No. 2016SJD630063) and the Fundamental Research Funds for the Central Universities (Grant No. JUSRP115A39).</text></passage><passage><infon key="section_type">COMP_INT</infon><infon key="type">title</infon><offset>33345</offset><text>Conflicts of Interest</text></passage><passage><infon key="section_type">COMP_INT</infon><infon key="type">paragraph</infon><offset>33367</offset><text>The authors declare no conflict of interest.</text></passage><passage><infon key="section_type">REF</infon><infon key="type">title</infon><offset>33412</offset><text>References</text></passage><passage><infon key="comment">Available online: https://cordis.europa.eu/news/rcn/142115/en</infon><infon key="section_type">REF</infon><infon key="type">ref</infon><offset>33423</offset><text>Green Crowdfunding: Disruption or Opportunity?</text></passage><passage><infon key="comment">Available online: http://www.crowdfundres.eu/wp-content/uploads/2017/11/Crowdfunding-for-green-projects-in-Europe-2017.pdf</infon><infon key="name_0">surname:Adhami;given-names:S.</infon><infon key="name_1">surname:Giudici;given-names:G.</infon><infon key="name_2">surname:Anh;given-names:H.P.N.</infon><infon key="section_type">REF</infon><infon key="type">ref</infon><offset>33470</offset><text>Crowdfunding for Green Projects in Europe: Success Factors and Effects on the Local Environmental Performance and Wellbeing</text></passage><passage><infon key="comment">Available online: http://www.xinhuanet.com/fortune/2015-07/24/c_1116034623.htm</infon><infon key="section_type">REF</infon><infon key="type">ref</infon><offset>33594</offset><text>Xinhuanet.com</text></passage><passage><infon key="comment">Available online: https://www.sohu.com/a/81292461_122114</infon><infon key="section_type">REF</infon><infon key="type">ref</infon><offset>33608</offset><text>Sohu.com</text></passage><passage><infon key="fpage">1</infon><infon key="issue">1</infon><infon key="lpage">21</infon><infon key="name_0">surname:Melville;given-names:N.P.</infon><infon key="pub-id_doi">10.2307/20721412</infon><infon key="section_type">REF</infon><infon key="source">MIS Q.</infon><infon key="type">ref</infon><infon key="volume">34</infon><infon key="year">2010</infon><offset>33617</offset><text>Information systems innovation for environmental sustainability</text></passage><passage><infon key="elocation-id">1090</infon><infon key="name_0">surname:Chen;given-names:Y.</infon><infon key="name_1">surname:Zhang;given-names:R.</infon><infon key="name_2">surname:Liu;given-names:B.</infon><infon key="pub-id_doi">10.3390/ijerph14091090</infon><infon key="pub-id_pmid">28930198</infon><infon key="section_type">REF</infon><infon key="source">Int. J.Environ. Res. Public Health</infon><infon key="type">ref</infon><infon key="volume">14</infon><infon key="year">2017</infon><offset>33681</offset><text>Joint Decisions on Production and Pricing with Strategic Consumers for Green Crowdfunding Products</text></passage><passage><infon key="comment">Available online: https://www.detroitnews.com/story/life/2016/02/02/royal-oak-based-crowdrise-raising-funds-fun-robert-wolfe/79726142/</infon><infon key="section_type">REF</infon><infon key="type">ref</infon><offset>33780</offset><text>Detroitnews.com</text></passage><passage><infon key="comment">Available online: http://finance.chinanews.com/auto/2015/06-15/7343148.shtml</infon><infon key="section_type">REF</infon><infon key="type">ref</infon><offset>33796</offset><text>Finance.chinanews.com</text></passage><passage><infon key="comment">Available online: https://www.researchgate.net/publication/314507810</infon><infon key="name_0">surname:Beier;given-names:M.</infon><infon key="name_1">surname:Wagner;given-names:K.</infon><infon key="section_type">REF</infon><infon key="type">ref</infon><offset>33818</offset><text>Crowdfunding between Social Media and E-Commerce: Online Communication, oNline Relationships and Fundraising Success on Crowdfunding Platforms</text></passage><passage><infon key="name_0">surname:Liu;given-names:Y.</infon><infon key="name_1">surname:Bhattacharya;given-names:P.</infon><infon key="name_2">surname:Jiang;given-names:Z.</infon><infon key="section_type">REF</infon><infon key="source">Proceedings of the 22nd International Conference on Information Systems</infon><infon key="type">ref</infon><offset>33961</offset><text>Video-evoked perspective taking on crowdfunding platforms: Impacts on contribution behavior</text></passage><passage><infon key="name_0">surname:Xiao;given-names:S.</infon><infon key="name_1">surname:Tan;given-names:X.</infon><infon key="name_2">surname:Dong;given-names:M.</infon><infon key="name_3">surname:Qi;given-names:J.</infon><infon key="section_type">REF</infon><infon key="source">Proceedings of the 22nd International Conference on Information Systems</infon><infon key="type">ref</infon><offset>34053</offset><text>How to design your project in the online crowdfunding market? Evidence from Kickstarter</text></passage><passage><infon key="comment">Available online: https://papers.ssrn.com/sol3/papers.cfm?abstract_id=2518662</infon><infon key="name_0">surname:Zhang;given-names:N.</infon><infon key="name_1">surname:Datta;given-names:S.</infon><infon key="name_2">surname:Kannan;given-names:K.N.</infon><infon key="section_type">REF</infon><infon key="type">ref</infon><offset>34141</offset><text>An Analysis of Incentive Structures in Collaborative Economy: An Application to Crowdfunding Platform</text></passage><passage><infon key="fpage">488</infon><infon key="lpage">496</infon><infon key="name_0">surname:Zheng;given-names:H.</infon><infon key="name_1">surname:Li;given-names:D.</infon><infon key="name_2">surname:Wu;given-names:J.</infon><infon key="name_3">surname:Xu;given-names:Y.</infon><infon key="pub-id_doi">10.1016/j.im.2014.03.003</infon><infon key="section_type">REF</infon><infon key="source">Inf. Manag.</infon><infon key="type">ref</infon><infon key="volume">51</infon><infon key="year">2014</infon><offset>34243</offset><text>The role of multidimensional social capital in crowdfunding: A comparative study in China and US</text></passage><passage><infon key="fpage">292</infon><infon key="lpage">303</infon><infon key="name_0">surname:Cumming;given-names:D.J.</infon><infon key="name_1">surname:Leboeuf;given-names:G.</infon><infon key="name_2">surname:Schwienbacher;given-names:A.</infon><infon key="pub-id_doi">10.1016/j.eneco.2017.04.030</infon><infon key="section_type">REF</infon><infon key="source">Energy Econ.</infon><infon key="type">ref</infon><infon key="volume">65</infon><infon key="year">2017</infon><offset>34340</offset><text>Crowdfunding cleantech</text></passage><passage><infon key="comment">in press</infon><infon key="name_0">surname:Salahaldin;given-names:L.</infon><infon key="name_1">surname:Angerer;given-names:M.</infon><infon key="name_2">surname:Kraus;given-names:S.</infon><infon key="name_3">surname:Trabelsi;given-names:D.</infon><infon key="pub-id_doi">10.1016/j.frl.2018.11.005</infon><infon key="section_type">REF</infon><infon key="source">Financ. Res. Lett.</infon><infon key="type">ref</infon><infon key="year">2018</infon><offset>34363</offset><text>A duration-based model of crowdfunding project choice</text></passage><passage><infon key="fpage">1</infon><infon key="lpage">16</infon><infon key="name_0">surname:Mollick;given-names:E.</infon><infon key="pub-id_doi">10.1016/j.jbusvent.2013.06.005</infon><infon key="section_type">REF</infon><infon key="source">J. Bus. Ventur.</infon><infon key="type">ref</infon><infon key="volume">29</infon><infon key="year">2014</infon><offset>34417</offset><text>The dynamics of crowdfunding: An exploratory study</text></passage><passage><infon key="fpage">115</infon><infon key="lpage">124</infon><infon key="name_0">surname:Cordova;given-names:A.</infon><infon key="name_1">surname:Dolci;given-names:J.</infon><infon key="name_2">surname:Gianfrate;given-names:G.</infon><infon key="pub-id_doi">10.1016/j.sbspro.2015.04.872</infon><infon key="section_type">REF</infon><infon key="source">Procedia Soc. Behav. Sci.</infon><infon key="type">ref</infon><infon key="volume">181</infon><infon key="year">2015</infon><offset>34468</offset><text>The Determinants of Crowdfunding Success: Evidence from Technology Projects</text></passage><passage><infon key="comment">Available online: https://www.mendeley.com/catalogue/dynamic-strategies-successful-online-crowdfunding</infon><infon key="name_0">surname:Li;given-names:Z.X.</infon><infon key="name_1">surname:Duan;given-names:A.</infon><infon key="name_2">surname:Jason;given-names:A.</infon><infon key="section_type">REF</infon><infon key="type">ref</infon><offset>34544</offset><text>Dynamic Strategies for Successful Online Crowdfunding</text></passage><passage><infon key="fpage">499</infon><infon key="lpage">519</infon><infon key="name_0">surname:Burtch;given-names:G.</infon><infon key="name_1">surname:Ghose;given-names:A.</infon><infon key="name_2">surname:Wattal;given-names:S.</infon><infon key="pub-id_doi">10.1287/isre.1120.0468</infon><infon key="section_type">REF</infon><infon key="source">Inf. Sys. Res.</infon><infon key="type">ref</infon><infon key="volume">24</infon><infon key="year">2013</infon><offset>34598</offset><text>An empirical examination of the antecedents and consequences of contribution patterns in crowd-funded markets</text></passage><passage><infon key="fpage">318</infon><infon key="lpage">324</infon><infon key="name_0">surname:Lagazio;given-names:C.</infon><infon key="name_1">surname:Querci;given-names:F.</infon><infon key="pub-id_doi">10.1016/j.jbusres.2018.05.031</infon><infon key="section_type">REF</infon><infon key="source">J. Bus. Res.</infon><infon key="type">ref</infon><infon key="volume">90</infon><infon key="year">2018</infon><offset>34708</offset><text>Exploring the multi-sided nature of crowdfunding campaign success</text></passage><passage><infon key="comment">Available at SSRN: https://ssrn.com/abstract=2808424</infon><infon key="name_0">surname:Koch;given-names:A.J.</infon><infon key="name_1">surname:Michael;given-names:S.</infon><infon key="section_type">REF</infon><infon key="source">Proceedings of the 23rd European conference on Information systems</infon><infon key="type">ref</infon><offset>34774</offset><text>Crowdfunding success factors: The characteristics of successfully funded projects on crowdfunding platforms</text></passage><passage><infon key="comment">Available online: https://papers.ssrn.com/sol3/papers.cfm?abstract_id=2234765</infon><infon key="name_0">surname:Kuppuswamy;given-names:V.</infon><infon key="name_1">surname:Bayus;given-names:B.L.</infon><infon key="section_type">REF</infon><infon key="type">ref</infon><offset>34882</offset><text>Crowdfunding Creative Ideas: The Dynamics of Project Backers in Kickstarter</text></passage><passage><infon key="fpage">249</infon><infon key="issue">2</infon><infon key="lpage">271</infon><infon key="name_0">surname:Stiver;given-names:A.</infon><infon key="name_1">surname:Barroca;given-names:L.</infon><infon key="name_2">surname:Minocha;given-names:S.</infon><infon key="name_3">surname:Richards;given-names:M.</infon><infon key="name_4">surname:Roberts;given-names:D.</infon><infon key="pub-id_doi">10.1177/1461444814558914</infon><infon key="section_type">REF</infon><infon key="source">New Media Soc.</infon><infon key="type">ref</infon><infon key="volume">17</infon><infon key="year">2015</infon><offset>34958</offset><text>Civic crowdfunding research: Challenges, opportunities, and future agenda</text></passage><passage><infon key="fpage">146</infon><infon key="issue">1</infon><infon key="lpage">166</infon><infon key="name_0">surname:Hobbs;given-names:J.</infon><infon key="name_1">surname:Grigore;given-names:G.</infon><infon key="name_2">surname:Molesworth;given-names:M.</infon><infon key="pub-id_doi">10.1108/IntR-08-2014-0202</infon><infon key="section_type">REF</infon><infon key="source">Internet Res.</infon><infon key="type">ref</infon><infon key="volume">26</infon><infon key="year">2016</infon><offset>35032</offset><text>Success in the management of crowdfunding projects in the creative industries</text></passage><passage><infon key="fpage">11</infon><infon key="lpage">20</infon><infon key="name_0">surname:Lam;given-names:P.T.I.</infon><infon key="name_1">surname:Law;given-names:A.O.K.</infon><infon key="pub-id_doi">10.1016/j.rser.2016.01.046</infon><infon key="section_type">REF</infon><infon key="source">Renew. Sust. Energ. Rev.</infon><infon key="type">ref</infon><infon key="volume">60</infon><infon key="year">2016</infon><offset>35110</offset><text>Crowdfunding for renewable and sustainable energy projects: An exploratory case study approach</text></passage><passage><infon key="comment">Available online: https://digitalcommons.unl.edu/cgi/viewcontent.cgi?article=1043&amp;context=businessdiss</infon><infon key="name_0">surname:Moisseyev;given-names:A.</infon><infon key="section_type">REF</infon><infon key="type">ref</infon><offset>35205</offset><text>Effect of Social Media on Crowdfunding Project Results</text></passage><passage><infon key="comment">Available online: https://papers.ssrn.com/sol3/papers.cfm?abstract_id=2255944</infon><infon key="name_0">surname:Giudici;given-names:G.</infon><infon key="name_1">surname:Guerini;given-names:M.</infon><infon key="name_2">surname:Rossi Lamastra;given-names:C.</infon><infon key="section_type">REF</infon><infon key="type">ref</infon><offset>35260</offset><text>Why Crowdfunding Projects Can Succeed: The Role of Proponents’ Individual and Territorial Social Capital</text></passage><passage><infon key="fpage">731</infon><infon key="lpage">751</infon><infon key="name_0">surname:Clauss;given-names:T.</infon><infon key="name_1">surname:Breitenecker;given-names:R.J.</infon><infon key="name_2">surname:Kraus;given-names:S.</infon><infon key="name_3">surname:Brem;given-names:A.</infon><infon key="name_4">surname:Richter;given-names:C.</infon><infon key="pub-id_doi">10.1080/10438599.2018.1396660</infon><infon key="section_type">REF</infon><infon key="source">Econ. Innov. New Technol.</infon><infon key="type">ref</infon><infon key="volume">27</infon><infon key="year">2018</infon><offset>35367</offset><text>Directing the wisdom of the crowd: the importance of social interaction among founders and the crowd during crowdfunding campaigns</text></passage><passage><infon key="fpage">333</infon><infon key="lpage">358</infon><infon key="name_0">surname:Chernev;given-names:A.</infon><infon key="name_1">surname:Böckenholt;given-names:U.</infon><infon key="name_2">surname:Goodman;given-names:J.</infon><infon key="pub-id_doi">10.1016/j.jcps.2014.08.002</infon><infon key="section_type">REF</infon><infon key="source">J. Consum. Psychol.</infon><infon key="type">ref</infon><infon key="volume">25</infon><infon key="year">2015</infon><offset>35498</offset><text>Choice overload: A conceptual review and meta-analysis</text></passage><passage><infon key="fpage">157</infon><infon key="lpage">189</infon><infon key="name_0">surname:Locke;given-names:E.A.</infon><infon key="pub-id_doi">10.1016/0030-5073(68)90004-4</infon><infon key="section_type">REF</infon><infon key="source">Organ. Behav. Hum. Perform.</infon><infon key="type">ref</infon><infon key="volume">3</infon><infon key="year">1968</infon><offset>35553</offset><text>Toward a Theory of Task Motivation and Incentives</text></passage><passage><infon key="name_0">surname:Cumming;given-names:D.</infon><infon key="name_1">surname:Leboeuf;given-names:G.</infon><infon key="name_2">surname:Schwienbacher;given-names:A.</infon><infon key="pub-id_doi">10.2139/ssrn.2447567</infon><infon key="section_type">REF</infon><infon key="source">SSRN</infon><infon key="type">ref</infon><infon key="year">2014</infon><offset>35603</offset><text>Crowdfunding models: Keep-it-all vs. all-or-nothing</text></passage><passage><infon key="comment">Available online: http://www.bristol.ac.uk/cmpo/events/2012/charitablegiving/smith.pdf</infon><infon key="name_0">surname:Smith;given-names:S.</infon><infon key="name_1">surname:Windmeijer;given-names:F.</infon><infon key="name_2">surname:Wright;given-names:E.</infon><infon key="section_type">REF</infon><infon key="type">ref</infon><offset>35655</offset><text>The Effect of Social Information on Charitable Donations: Evidence from the (Running) Field1 2012, University of Bristol Working Paper</text></passage><passage><infon key="fpage">1</infon><infon key="lpage">6</infon><infon key="name_0">surname:Lunenburg;given-names:F.C.</infon><infon key="section_type">REF</infon><infon key="source">Int. J. Manag. Bus. Adm.</infon><infon key="type">ref</infon><infon key="volume">15</infon><infon key="year">2011</infon><offset>35790</offset><text>Goal-setting theory of motivation</text></passage><passage><infon key="fpage">1013</infon><infon key="lpage">1041</infon><infon key="name_0">surname:Sun;given-names:H.</infon><infon key="pub-id_doi">10.25300/MISQ/2013/37.4.02</infon><infon key="section_type">REF</infon><infon key="source">MIS Q.</infon><infon key="type">ref</infon><infon key="volume">37</infon><infon key="year">2013</infon><offset>35824</offset><text>A longitudinal study of herd behavior in the adoption and continued use of technology</text></passage><passage><infon key="fpage">892</infon><infon key="lpage">912</infon><infon key="name_0">surname:Zhang;given-names:J.</infon><infon key="name_1">surname:Liu;given-names:P.</infon><infon key="pub-id_doi">10.1287/mnsc.1110.1459</infon><infon key="section_type">REF</infon><infon key="source">Manag. Sci.</infon><infon key="type">ref</infon><infon key="volume">58</infon><infon key="year">2012</infon><offset>35910</offset><text>Rational herding in microloan markets</text></passage><passage><infon key="fpage">1</infon><infon key="lpage">28</infon><infon key="name_0">surname:Gerber;given-names:E.M.</infon><infon key="name_1">surname:Hui;given-names:J.S.</infon><infon key="name_2">surname:Kuo;given-names:P.-Y.</infon><infon key="section_type">REF</infon><infon key="source">Crowdfunding: Why People are Motivated to Participate</infon><infon key="type">ref</infon><infon key="volume">2</infon><infon key="year">2012</infon><offset>35948</offset></passage><passage><infon key="fpage">1374</infon><infon key="lpage">1385</infon><infon key="name_0">surname:Kohtamäki;given-names:M.</infon><infon key="name_1">surname:Partanen;given-names:J.</infon><infon key="name_2">surname:Parida;given-names:V.</infon><infon key="name_3">surname:Wincent;given-names:J.</infon><infon key="pub-id_doi">10.1016/j.indmarman.2013.07.018</infon><infon key="section_type">REF</infon><infon key="source">Ind. Mark. Manag.</infon><infon key="type">ref</infon><infon key="volume">42</infon><infon key="year">2013</infon><offset>35949</offset><text>Non-linear relationship between industrial service offering and sales growth: The moderating role of network capabilities</text></passage><passage><infon key="fpage">1</infon><infon key="lpage">14</infon><infon key="name_0">surname:Fang;given-names:E.</infon><infon key="name_1">surname:Palmatier;given-names:R.W.</infon><infon key="name_2">surname:Steenkamp;given-names:J.B.E.</infon><infon key="pub-id_doi">10.1509/jmkg.72.5.001</infon><infon key="section_type">REF</infon><infon key="source">J. Mark.</infon><infon key="type">ref</infon><infon key="volume">72</infon><infon key="year">2008</infon><offset>36071</offset><text>Effect of service transition strategies on firm value</text></passage><passage><infon key="name_0">surname:Thies;given-names:F.</infon><infon key="name_1">surname:Wessel;given-names:M.</infon><infon key="section_type">REF</infon><infon key="source">Proceedings of the European Conference on Information Systems (ECIS)</infon><infon key="type">ref</infon><offset>36125</offset><text>The Circular Effects of Popularity Information and Electronic Word-of-Mouth on Consumer Decision-Making: Evidence from a Crowdfunding Platform</text></passage><passage><infon key="file">ijerph-16-00187-g001.jpg</infon><infon key="id">ijerph-16-00187-f001</infon><infon key="section_type">FIG</infon><infon key="type">fig_caption</infon><offset>36268</offset><text>Time windows of crowdfunding project.</text></passage><passage><infon key="file">ijerph-16-00187-g002.jpg</infon><infon key="id">ijerph-16-00187-f002</infon><infon key="section_type">FIG</infon><infon key="type">fig_caption</infon><offset>36306</offset><text>The non-linear effect of goal setting on project success.</text></passage><passage><infon key="file">ijerph-16-00187-g003.jpg</infon><infon key="id">ijerph-16-00187-f003</infon><infon key="section_type">FIG</infon><infon key="type">fig_caption</infon><offset>36364</offset><text>The non-linear effect of duration on project success.</text></passage><passage><infon key="file">ijerph-16-00187-g004.jpg</infon><infon key="id">ijerph-16-00187-f004</infon><infon key="section_type">FIG</infon><infon key="type">fig_caption</infon><offset>36418</offset><text>The non-linear effect of goal setting (left) and Duration (right) on project success.</text></passage><passage><infon key="file">ijerph-16-00187-t001.xml</infon><infon key="id">ijerph-16-00187-t001</infon><infon key="section_type">TABLE</infon><infon key="type">table_caption</infon><offset>36504</offset><text>Summarizes the descriptive statistics for each variables.</text></passage><passage><infon key="file">ijerph-16-00187-t001.xml</infon><infon key="id">ijerph-16-00187-t001</infon><infon key="section_type">TABLE</infon><infon key="type">table</infon><infon key="xml">&lt;?xml version=&quot;1.0&quot; encoding=&quot;UTF-8&quot;?&gt;
&lt;table frame=&quot;hsides&quot; rules=&quot;groups&quot;&gt;&lt;thead&gt;&lt;tr&gt;&lt;th align=&quot;center&quot; valign=&quot;middle&quot; style=&quot;border-top:solid thin;border-bottom:solid thin&quot; rowspan=&quot;1&quot; colspan=&quot;1&quot;&gt;Variables&lt;/th&gt;&lt;th align=&quot;center&quot; valign=&quot;middle&quot; style=&quot;border-top:solid thin;border-bottom:solid thin&quot; rowspan=&quot;1&quot; colspan=&quot;1&quot;&gt;Min&lt;/th&gt;&lt;th align=&quot;center&quot; valign=&quot;middle&quot; style=&quot;border-top:solid thin;border-bottom:solid thin&quot; rowspan=&quot;1&quot; colspan=&quot;1&quot;&gt;Max&lt;/th&gt;&lt;th align=&quot;center&quot; valign=&quot;middle&quot; style=&quot;border-top:solid thin;border-bottom:solid thin&quot; rowspan=&quot;1&quot; colspan=&quot;1&quot;&gt;Mean&lt;/th&gt;&lt;th align=&quot;center&quot; valign=&quot;middle&quot; style=&quot;border-top:solid thin;border-bottom:solid thin&quot; rowspan=&quot;1&quot; colspan=&quot;1&quot;&gt;Std. Deviation&lt;/th&gt;&lt;/tr&gt;&lt;/thead&gt;&lt;tbody&gt;&lt;tr&gt;&lt;td align=&quot;center&quot; valign=&quot;middle&quot; rowspan=&quot;1&quot; colspan=&quot;1&quot;&gt;Goal setting&lt;/td&gt;&lt;td align=&quot;center&quot; valign=&quot;middle&quot; rowspan=&quot;1&quot; colspan=&quot;1&quot;&gt;1000&lt;/td&gt;&lt;td align=&quot;center&quot; valign=&quot;middle&quot; rowspan=&quot;1&quot; colspan=&quot;1&quot;&gt;30,000,000.000&lt;/td&gt;&lt;td align=&quot;center&quot; valign=&quot;middle&quot; rowspan=&quot;1&quot; colspan=&quot;1&quot;&gt;338,089.642&lt;/td&gt;&lt;td align=&quot;center&quot; valign=&quot;middle&quot; rowspan=&quot;1&quot; colspan=&quot;1&quot;&gt;1,232,957.197&lt;/td&gt;&lt;/tr&gt;&lt;tr&gt;&lt;td align=&quot;center&quot; valign=&quot;middle&quot; rowspan=&quot;1&quot; colspan=&quot;1&quot;&gt;Project duration&lt;/td&gt;&lt;td align=&quot;center&quot; valign=&quot;middle&quot; rowspan=&quot;1&quot; colspan=&quot;1&quot;&gt;1&lt;/td&gt;&lt;td align=&quot;center&quot; valign=&quot;middle&quot; rowspan=&quot;1&quot; colspan=&quot;1&quot;&gt;1940&lt;/td&gt;&lt;td align=&quot;center&quot; valign=&quot;middle&quot; rowspan=&quot;1&quot; colspan=&quot;1&quot;&gt;106.12&lt;/td&gt;&lt;td align=&quot;center&quot; valign=&quot;middle&quot; rowspan=&quot;1&quot; colspan=&quot;1&quot;&gt;119.954&lt;/td&gt;&lt;/tr&gt;&lt;tr&gt;&lt;td align=&quot;center&quot; valign=&quot;middle&quot; rowspan=&quot;1&quot; colspan=&quot;1&quot;&gt;Funds pledge&lt;/td&gt;&lt;td align=&quot;center&quot; valign=&quot;middle&quot; rowspan=&quot;1&quot; colspan=&quot;1&quot;&gt;1&lt;/td&gt;&lt;td align=&quot;center&quot; valign=&quot;middle&quot; rowspan=&quot;1&quot; colspan=&quot;1&quot;&gt;182,072&lt;/td&gt;&lt;td align=&quot;center&quot; valign=&quot;middle&quot; rowspan=&quot;1&quot; colspan=&quot;1&quot;&gt;2,509.110&lt;/td&gt;&lt;td align=&quot;center&quot; valign=&quot;middle&quot; rowspan=&quot;1&quot; colspan=&quot;1&quot;&gt;9,815.229&lt;/td&gt;&lt;/tr&gt;&lt;tr&gt;&lt;td align=&quot;center&quot; valign=&quot;middle&quot; style=&quot;border-bottom:solid thin&quot; rowspan=&quot;1&quot; colspan=&quot;1&quot;&gt;Project success&lt;/td&gt;&lt;td align=&quot;center&quot; valign=&quot;middle&quot; style=&quot;border-bottom:solid thin&quot; rowspan=&quot;1&quot; colspan=&quot;1&quot;&gt;0.00001&lt;/td&gt;&lt;td align=&quot;center&quot; valign=&quot;middle&quot; style=&quot;border-bottom:solid thin&quot; rowspan=&quot;1&quot; colspan=&quot;1&quot;&gt;2.157&lt;/td&gt;&lt;td align=&quot;center&quot; valign=&quot;middle&quot; style=&quot;border-bottom:solid thin&quot; rowspan=&quot;1&quot; colspan=&quot;1&quot;&gt;0.433&lt;/td&gt;&lt;td align=&quot;center&quot; valign=&quot;middle&quot; style=&quot;border-bottom:solid thin&quot; rowspan=&quot;1&quot; colspan=&quot;1&quot;&gt;0.412&lt;/td&gt;&lt;/tr&gt;&lt;/tbody&gt;&lt;/table&gt;
</infon><offset>36562</offset><text>Variables	Min	Max	Mean	Std. Deviation	 	Goal setting	1000	30,000,000.000	338,089.642	1,232,957.197	 	Project duration	1	1940	106.12	119.954	 	Funds pledge	1	182,072	2,509.110	9,815.229	 	Project success	0.00001	2.157	0.433	0.412	 	</text></passage><passage><infon key="file">ijerph-16-00187-t002.xml</infon><infon key="id">ijerph-16-00187-t002</infon><infon key="section_type">TABLE</infon><infon key="type">table_caption</infon><offset>36794</offset><text>Results of research model.</text></passage><passage><infon key="file">ijerph-16-00187-t002.xml</infon><infon key="id">ijerph-16-00187-t002</infon><infon key="section_type">TABLE</infon><infon key="type">table</infon><infon key="xml">&lt;?xml version=&quot;1.0&quot; encoding=&quot;UTF-8&quot;?&gt;
&lt;table frame=&quot;hsides&quot; rules=&quot;groups&quot;&gt;&lt;thead&gt;&lt;tr&gt;&lt;th align=&quot;center&quot; valign=&quot;middle&quot; style=&quot;border-top:solid thin;border-bottom:solid thin&quot; rowspan=&quot;1&quot; colspan=&quot;1&quot;&gt;Variables&lt;/th&gt;&lt;th align=&quot;center&quot; valign=&quot;middle&quot; style=&quot;border-top:solid thin;border-bottom:solid thin&quot; rowspan=&quot;1&quot; colspan=&quot;1&quot;&gt;Model 1&lt;/th&gt;&lt;th align=&quot;center&quot; valign=&quot;middle&quot; style=&quot;border-top:solid thin;border-bottom:solid thin&quot; rowspan=&quot;1&quot; colspan=&quot;1&quot;&gt;Model 2&lt;/th&gt;&lt;th align=&quot;center&quot; valign=&quot;middle&quot; style=&quot;border-top:solid thin;border-bottom:solid thin&quot; rowspan=&quot;1&quot; colspan=&quot;1&quot;&gt;Model 3&lt;/th&gt;&lt;th align=&quot;center&quot; valign=&quot;middle&quot; style=&quot;border-top:solid thin;border-bottom:solid thin&quot; rowspan=&quot;1&quot; colspan=&quot;1&quot;&gt;Model 4&lt;/th&gt;&lt;/tr&gt;&lt;/thead&gt;&lt;tbody&gt;&lt;tr&gt;&lt;td align=&quot;center&quot; valign=&quot;middle&quot; rowspan=&quot;1&quot; colspan=&quot;1&quot;&gt;Funds pledge&lt;/td&gt;&lt;td align=&quot;center&quot; valign=&quot;middle&quot; rowspan=&quot;1&quot; colspan=&quot;1&quot;&gt;0.309 **&lt;/td&gt;&lt;td align=&quot;center&quot; valign=&quot;middle&quot; rowspan=&quot;1&quot; colspan=&quot;1&quot;&gt;0.343 **&lt;/td&gt;&lt;td align=&quot;center&quot; valign=&quot;middle&quot; rowspan=&quot;1&quot; colspan=&quot;1&quot;&gt;0.213 **&lt;/td&gt;&lt;td align=&quot;center&quot; valign=&quot;middle&quot; rowspan=&quot;1&quot; colspan=&quot;1&quot;&gt;0.245 **&lt;/td&gt;&lt;/tr&gt;&lt;tr&gt;&lt;td align=&quot;center&quot; valign=&quot;middle&quot; rowspan=&quot;1&quot; colspan=&quot;1&quot;&gt;Goal setting &lt;/td&gt;&lt;td align=&quot;center&quot; valign=&quot;middle&quot; rowspan=&quot;1&quot; colspan=&quot;1&quot;&gt;−0.073 **&lt;/td&gt;&lt;td align=&quot;center&quot; valign=&quot;middle&quot; rowspan=&quot;1&quot; colspan=&quot;1&quot;&gt;−0.442 **&lt;/td&gt;&lt;td align=&quot;center&quot; valign=&quot;middle&quot; rowspan=&quot;1&quot; colspan=&quot;1&quot;&gt;−0.046&lt;/td&gt;&lt;td align=&quot;center&quot; valign=&quot;middle&quot; rowspan=&quot;1&quot; colspan=&quot;1&quot;&gt;−0.338 **&lt;/td&gt;&lt;/tr&gt;&lt;tr&gt;&lt;td align=&quot;center&quot; valign=&quot;middle&quot; rowspan=&quot;1&quot; colspan=&quot;1&quot;&gt;Duration&lt;/td&gt;&lt;td align=&quot;center&quot; valign=&quot;middle&quot; rowspan=&quot;1&quot; colspan=&quot;1&quot;&gt;−0.276 **&lt;/td&gt;&lt;td align=&quot;center&quot; valign=&quot;middle&quot; rowspan=&quot;1&quot; colspan=&quot;1&quot;&gt;−0.272 **&lt;/td&gt;&lt;td align=&quot;center&quot; valign=&quot;middle&quot; rowspan=&quot;1&quot; colspan=&quot;1&quot;&gt;−0.668 **&lt;/td&gt;&lt;td align=&quot;center&quot; valign=&quot;middle&quot; rowspan=&quot;1&quot; colspan=&quot;1&quot;&gt;−0.643 **&lt;/td&gt;&lt;/tr&gt;&lt;tr&gt;&lt;td align=&quot;center&quot; valign=&quot;middle&quot; rowspan=&quot;1&quot; colspan=&quot;1&quot;&gt;GoalSetting&lt;sup&gt;2&lt;/sup&gt;&lt;/td&gt;&lt;td align=&quot;center&quot; valign=&quot;middle&quot; rowspan=&quot;1&quot; colspan=&quot;1&quot;&gt;
&lt;/td&gt;&lt;td align=&quot;center&quot; valign=&quot;middle&quot; rowspan=&quot;1&quot; colspan=&quot;1&quot;&gt;0.401 **&lt;/td&gt;&lt;td align=&quot;center&quot; valign=&quot;middle&quot; rowspan=&quot;1&quot; colspan=&quot;1&quot;&gt;
&lt;/td&gt;&lt;td align=&quot;center&quot; valign=&quot;middle&quot; rowspan=&quot;1&quot; colspan=&quot;1&quot;&gt;0.315 **&lt;/td&gt;&lt;/tr&gt;&lt;tr&gt;&lt;td align=&quot;center&quot; valign=&quot;middle&quot; rowspan=&quot;1&quot; colspan=&quot;1&quot;&gt;Duration&lt;sup&gt;2&lt;/sup&gt;&lt;/td&gt;&lt;td align=&quot;center&quot; valign=&quot;middle&quot; rowspan=&quot;1&quot; colspan=&quot;1&quot;&gt;
&lt;/td&gt;&lt;td align=&quot;center&quot; valign=&quot;middle&quot; rowspan=&quot;1&quot; colspan=&quot;1&quot;&gt;
&lt;/td&gt;&lt;td align=&quot;center&quot; valign=&quot;middle&quot; rowspan=&quot;1&quot; colspan=&quot;1&quot;&gt;0.517 **&lt;/td&gt;&lt;td align=&quot;center&quot; valign=&quot;middle&quot; rowspan=&quot;1&quot; colspan=&quot;1&quot;&gt;0.487 **&lt;/td&gt;&lt;/tr&gt;&lt;tr&gt;&lt;td align=&quot;center&quot; valign=&quot;middle&quot; rowspan=&quot;1&quot; colspan=&quot;1&quot;&gt;∆R&lt;sup&gt;2&lt;/sup&gt;&lt;/td&gt;&lt;td align=&quot;center&quot; valign=&quot;middle&quot; rowspan=&quot;1&quot; colspan=&quot;1&quot;&gt;0.121&lt;/td&gt;&lt;td align=&quot;center&quot; valign=&quot;middle&quot; rowspan=&quot;1&quot; colspan=&quot;1&quot;&gt;0.026&lt;/td&gt;&lt;td align=&quot;center&quot; valign=&quot;middle&quot; rowspan=&quot;1&quot; colspan=&quot;1&quot;&gt;0.080&lt;/td&gt;&lt;td align=&quot;center&quot; valign=&quot;middle&quot; rowspan=&quot;1&quot; colspan=&quot;1&quot;&gt;0.016&lt;/td&gt;&lt;/tr&gt;&lt;tr&gt;&lt;td align=&quot;center&quot; valign=&quot;middle&quot; rowspan=&quot;1&quot; colspan=&quot;1&quot;&gt;R&lt;sup&gt;2&lt;/sup&gt;&lt;/td&gt;&lt;td align=&quot;center&quot; valign=&quot;middle&quot; rowspan=&quot;1&quot; colspan=&quot;1&quot;&gt;0.121&lt;/td&gt;&lt;td align=&quot;center&quot; valign=&quot;middle&quot; rowspan=&quot;1&quot; colspan=&quot;1&quot;&gt;0.147&lt;/td&gt;&lt;td align=&quot;center&quot; valign=&quot;middle&quot; rowspan=&quot;1&quot; colspan=&quot;1&quot;&gt;0.201&lt;/td&gt;&lt;td align=&quot;center&quot; valign=&quot;middle&quot; rowspan=&quot;1&quot; colspan=&quot;1&quot;&gt;0.217&lt;/td&gt;&lt;/tr&gt;&lt;tr&gt;&lt;td align=&quot;center&quot; valign=&quot;middle&quot; rowspan=&quot;1&quot; colspan=&quot;1&quot;&gt;Adjusted R&lt;sup&gt;2&lt;/sup&gt;&lt;/td&gt;&lt;td align=&quot;center&quot; valign=&quot;middle&quot; rowspan=&quot;1&quot; colspan=&quot;1&quot;&gt;0.119&lt;/td&gt;&lt;td align=&quot;center&quot; valign=&quot;middle&quot; rowspan=&quot;1&quot; colspan=&quot;1&quot;&gt;0.144&lt;/td&gt;&lt;td align=&quot;center&quot; valign=&quot;middle&quot; rowspan=&quot;1&quot; colspan=&quot;1&quot;&gt;0.199&lt;/td&gt;&lt;td align=&quot;center&quot; valign=&quot;middle&quot; rowspan=&quot;1&quot; colspan=&quot;1&quot;&gt;0.214&lt;/td&gt;&lt;/tr&gt;&lt;tr&gt;&lt;td align=&quot;center&quot; valign=&quot;middle&quot; style=&quot;border-bottom:solid thin&quot; rowspan=&quot;1&quot; colspan=&quot;1&quot;&gt;Observations&lt;/td&gt;&lt;td align=&quot;center&quot; valign=&quot;middle&quot; style=&quot;border-bottom:solid thin&quot; rowspan=&quot;1&quot; colspan=&quot;1&quot;&gt;1389&lt;/td&gt;&lt;td align=&quot;center&quot; valign=&quot;middle&quot; style=&quot;border-bottom:solid thin&quot; rowspan=&quot;1&quot; colspan=&quot;1&quot;&gt;1389&lt;/td&gt;&lt;td align=&quot;center&quot; valign=&quot;middle&quot; style=&quot;border-bottom:solid thin&quot; rowspan=&quot;1&quot; colspan=&quot;1&quot;&gt;1389&lt;/td&gt;&lt;td align=&quot;center&quot; valign=&quot;middle&quot; style=&quot;border-bottom:solid thin&quot; rowspan=&quot;1&quot; colspan=&quot;1&quot;&gt;1389&lt;/td&gt;&lt;/tr&gt;&lt;/tbody&gt;&lt;/table&gt;
</infon><offset>36821</offset><text>Variables	Model 1	Model 2	Model 3	Model 4	 	Funds pledge	0.309 **	0.343 **	0.213 **	0.245 **	 	Goal setting 	−0.073 **	−0.442 **	−0.046	−0.338 **	 	Duration	−0.276 **	−0.272 **	−0.668 **	−0.643 **	 	GoalSetting2		0.401 **		0.315 **	 	Duration2			0.517 **	0.487 **	 	∆R2	0.121	0.026	0.080	0.016	 	R2	0.121	0.147	0.201	0.217	 	Adjusted R2	0.119	0.144	0.199	0.214	 	Observations	1389	1389	1389	1389	 	</text></passage><passage><infon key="file">ijerph-16-00187-t002.xml</infon><infon key="id">ijerph-16-00187-t002</infon><infon key="section_type">TABLE</infon><infon key="type">table_footnote</infon><offset>37238</offset><text>Notes: Standardized coefficients are reported; ** indicate that p &lt; 0.01.</text></passage><passage><infon key="file">ijerph-16-00187-t003.xml</infon><infon key="id">ijerph-16-00187-t003</infon><infon key="section_type">TABLE</infon><infon key="type">table_caption</infon><offset>37312</offset><text>Results of robustness check.</text></passage><passage><infon key="file">ijerph-16-00187-t003.xml</infon><infon key="id">ijerph-16-00187-t003</infon><infon key="section_type">TABLE</infon><infon key="type">table</infon><infon key="xml">&lt;?xml version=&quot;1.0&quot; encoding=&quot;UTF-8&quot;?&gt;
&lt;table frame=&quot;hsides&quot; rules=&quot;groups&quot;&gt;&lt;thead&gt;&lt;tr&gt;&lt;th align=&quot;center&quot; valign=&quot;middle&quot; style=&quot;border-top:solid thin;border-bottom:solid thin&quot; rowspan=&quot;1&quot; colspan=&quot;1&quot;&gt;
&lt;/th&gt;&lt;th align=&quot;center&quot; valign=&quot;middle&quot; style=&quot;border-top:solid thin;border-bottom:solid thin&quot; rowspan=&quot;1&quot; colspan=&quot;1&quot;&gt;Full Model&lt;/th&gt;&lt;/tr&gt;&lt;/thead&gt;&lt;tbody&gt;&lt;tr&gt;&lt;td align=&quot;center&quot; valign=&quot;middle&quot; rowspan=&quot;1&quot; colspan=&quot;1&quot;&gt;Variables&lt;/td&gt;&lt;td align=&quot;center&quot; valign=&quot;middle&quot; rowspan=&quot;1&quot; colspan=&quot;1&quot;&gt;
&lt;/td&gt;&lt;/tr&gt;&lt;tr&gt;&lt;td align=&quot;center&quot; valign=&quot;middle&quot; rowspan=&quot;1&quot; colspan=&quot;1&quot;&gt;Funds pledge&lt;/td&gt;&lt;td align=&quot;center&quot; valign=&quot;middle&quot; rowspan=&quot;1&quot; colspan=&quot;1&quot;&gt;0.268 **&lt;/td&gt;&lt;/tr&gt;&lt;tr&gt;&lt;td align=&quot;center&quot; valign=&quot;middle&quot; rowspan=&quot;1&quot; colspan=&quot;1&quot;&gt;Goal setting &lt;/td&gt;&lt;td align=&quot;center&quot; valign=&quot;middle&quot; rowspan=&quot;1&quot; colspan=&quot;1&quot;&gt;−0.392 *&lt;/td&gt;&lt;/tr&gt;&lt;tr&gt;&lt;td align=&quot;center&quot; valign=&quot;middle&quot; rowspan=&quot;1&quot; colspan=&quot;1&quot;&gt;Duration&lt;/td&gt;&lt;td align=&quot;center&quot; valign=&quot;middle&quot; rowspan=&quot;1&quot; colspan=&quot;1&quot;&gt;−0.479 **&lt;/td&gt;&lt;/tr&gt;&lt;tr&gt;&lt;td align=&quot;center&quot; valign=&quot;middle&quot; rowspan=&quot;1&quot; colspan=&quot;1&quot;&gt;GoalSetting&lt;sup&gt;2&lt;/sup&gt;&lt;/td&gt;&lt;td align=&quot;center&quot; valign=&quot;middle&quot; rowspan=&quot;1&quot; colspan=&quot;1&quot;&gt;0.336 *&lt;/td&gt;&lt;/tr&gt;&lt;tr&gt;&lt;td align=&quot;center&quot; valign=&quot;middle&quot; rowspan=&quot;1&quot; colspan=&quot;1&quot;&gt;Duration&lt;sup&gt;2&lt;/sup&gt;&lt;/td&gt;&lt;td align=&quot;center&quot; valign=&quot;middle&quot; rowspan=&quot;1&quot; colspan=&quot;1&quot;&gt;0.457 **&lt;/td&gt;&lt;/tr&gt;&lt;tr&gt;&lt;td align=&quot;center&quot; valign=&quot;middle&quot; rowspan=&quot;1&quot; colspan=&quot;1&quot;&gt;∆R&lt;sup&gt;2&lt;/sup&gt;&lt;/td&gt;&lt;td align=&quot;center&quot; valign=&quot;middle&quot; rowspan=&quot;1&quot; colspan=&quot;1&quot;&gt;0.016&lt;/td&gt;&lt;/tr&gt;&lt;tr&gt;&lt;td align=&quot;center&quot; valign=&quot;middle&quot; rowspan=&quot;1&quot; colspan=&quot;1&quot;&gt;R&lt;sup&gt;2&lt;/sup&gt;&lt;/td&gt;&lt;td align=&quot;center&quot; valign=&quot;middle&quot; rowspan=&quot;1&quot; colspan=&quot;1&quot;&gt;0.189&lt;/td&gt;&lt;/tr&gt;&lt;tr&gt;&lt;td align=&quot;center&quot; valign=&quot;middle&quot; rowspan=&quot;1&quot; colspan=&quot;1&quot;&gt;Adjusted R&lt;sup&gt;2&lt;/sup&gt;&lt;/td&gt;&lt;td align=&quot;center&quot; valign=&quot;middle&quot; rowspan=&quot;1&quot; colspan=&quot;1&quot;&gt;0.183&lt;/td&gt;&lt;/tr&gt;&lt;tr&gt;&lt;td align=&quot;center&quot; valign=&quot;middle&quot; style=&quot;border-bottom:solid thin&quot; rowspan=&quot;1&quot; colspan=&quot;1&quot;&gt;Observations&lt;/td&gt;&lt;td align=&quot;center&quot; valign=&quot;middle&quot; style=&quot;border-bottom:solid thin&quot; rowspan=&quot;1&quot; colspan=&quot;1&quot;&gt;705&lt;/td&gt;&lt;/tr&gt;&lt;/tbody&gt;&lt;/table&gt;
</infon><offset>37341</offset><text>	Full Model	 	Variables		 	Funds pledge	0.268 **	 	Goal setting 	−0.392 *	 	Duration	−0.479 **	 	GoalSetting2	0.336 *	 	Duration2	0.457 **	 	∆R2	0.016	 	R2	0.189	 	Adjusted R2	0.183	 	Observations	705	 	</text></passage><passage><infon key="file">ijerph-16-00187-t003.xml</infon><infon key="id">ijerph-16-00187-t003</infon><infon key="section_type">TABLE</infon><infon key="type">table_footnote</infon><offset>37551</offset><text>Notes: Standardized coefficients are reported; * indicate that p &lt; 0.05, ** indicate that p &lt; 0.01.</text></passage></document></collection>
