<?xml version="1.0" encoding="UTF-8"?>
<!DOCTYPE collection SYSTEM "BioC.dtd">
<collection><source>PMC</source><date>20201219</date><key>pmc.key</key><document><id>6311695</id><infon key="license">NO-CC CODE</infon><passage><infon key="article-id_doi">10.1021/acscentsci.8b00747</infon><infon key="article-id_pmc">6311695</infon><infon key="article-id_pmid">30648156</infon><infon key="fpage">1727</infon><infon key="issue">12</infon><infon key="license">This is an open access article published under an ACS AuthorChoice License, which permits copying and redistribution of the article or any adaptations for non-commercial purposes.</infon><infon key="lpage">1741</infon><infon key="name_0">surname:Kearney;given-names:Sara E.</infon><infon key="name_1">surname:Zahoránszky-Kőhalmi;given-names:Gergely</infon><infon key="name_10">surname:Cheff;given-names:Dorian
M.</infon><infon key="name_11">surname:Lee;given-names:Tobie
D.</infon><infon key="name_12">surname:Bougie;given-names:Danielle</infon><infon key="name_13">surname:Cheng;given-names:Ken</infon><infon key="name_14">surname:Coussens;given-names:Nathan
P.</infon><infon key="name_15">surname:Dorjsuren;given-names:Dorjbal</infon><infon key="name_16">surname:Eastman;given-names:Richard
T.</infon><infon key="name_17">surname:Huang;given-names:Ruili</infon><infon key="name_18">surname:Iannotti;given-names:Michael
J.</infon><infon key="name_19">surname:Karavadhi;given-names:Surendra</infon><infon key="name_2">surname:Brimacombe;given-names:Kyle R.</infon><infon key="name_20">surname:Klumpp-Thomas;given-names:Carleen</infon><infon key="name_21">surname:Roth;given-names:Jacob
S.</infon><infon key="name_22">surname:Sakamuru;given-names:Srilatha</infon><infon key="name_23">surname:Sun;given-names:Wei</infon><infon key="name_24">surname:Titus;given-names:Steven
A.</infon><infon key="name_25">surname:Yasgar;given-names:Adam</infon><infon key="name_26">surname:Zhang;given-names:Ya-Qin</infon><infon key="name_27">surname:Zhao;given-names:Jinghua</infon><infon key="name_28">surname:Andrade;given-names:Rodrigo
B.</infon><infon key="name_29">surname:Brown;given-names:M. Kevin</infon><infon key="name_3">surname:Henderson;given-names:Mark J.</infon><infon key="name_30">surname:Burns;given-names:Noah
Z.</infon><infon key="name_31">surname:Cha;given-names:Jin K.</infon><infon key="name_32">surname:Mevers;given-names:Emily
E.</infon><infon key="name_33">surname:Clardy;given-names:Jon</infon><infon key="name_34">surname:Clement;given-names:Jason
A.</infon><infon key="name_35">surname:Crooks;given-names:Peter
A.</infon><infon key="name_36">surname:Cuny;given-names:Gregory
D.</infon><infon key="name_37">surname:Ganor;given-names:Jake</infon><infon key="name_38">surname:Moreno;given-names:Jesus</infon><infon key="name_39">surname:Morrill;given-names:Lucas
A.</infon><infon key="name_4">surname:Lynch;given-names:Caitlin</infon><infon key="name_40">surname:Picazo;given-names:Elias</infon><infon key="name_41">surname:Susick;given-names:Robert
B.</infon><infon key="name_42">surname:Garg;given-names:Neil
K.</infon><infon key="name_43">surname:Goess;given-names:Brian
C.</infon><infon key="name_44">surname:Grossman;given-names:Robert
B.</infon><infon key="name_45">surname:Hughes;given-names:Chambers
C.</infon><infon key="name_46">surname:Johnston;given-names:Jeffrey
N.</infon><infon key="name_47">surname:Joullie;given-names:Madeleine
M.</infon><infon key="name_48">surname:Kinghorn;given-names:A. Douglas</infon><infon key="name_49">surname:Kingston;given-names:David
G.I.</infon><infon key="name_5">surname:Zhao;given-names:Tongan</infon><infon key="name_50">surname:Krische;given-names:Michael
J.</infon><infon key="name_51">surname:Kwon;given-names:Ohyun</infon><infon key="name_52">surname:Maimone;given-names:Thomas
J.</infon><infon key="name_53">surname:Majumdar;given-names:Susruta</infon><infon key="name_54">surname:Maloney;given-names:Katherine
N.</infon><infon key="name_55">surname:Mohamed;given-names:Enas</infon><infon key="name_56">surname:Murphy;given-names:Brian
T.</infon><infon key="name_57">surname:Nagorny;given-names:Pavel</infon><infon key="name_58">surname:Olson;given-names:David
E.</infon><infon key="name_59">surname:Overman;given-names:Larry
E.</infon><infon key="name_6">surname:Wan;given-names:Kanny
K.</infon><infon key="name_60">surname:Brown;given-names:Lauren
E.</infon><infon key="name_61">surname:Snyder;given-names:John
K.</infon><infon key="name_62">surname:Porco;given-names:John
A.;suffix:Jr.</infon><infon key="name_63">surname:Rivas;given-names:Fatima</infon><infon key="name_64">surname:Ross;given-names:Samir
A.</infon><infon key="name_65">surname:Sarpong;given-names:Richmond</infon><infon key="name_66">surname:Sharma;given-names:Indrajeet</infon><infon key="name_67">surname:Shaw;given-names:Jared
T.</infon><infon key="name_68">surname:Xu;given-names:Zhengren</infon><infon key="name_69">surname:Shen;given-names:Ben</infon><infon key="name_7">surname:Itkin;given-names:Zina</infon><infon key="name_70">surname:Shi;given-names:Wei</infon><infon key="name_71">surname:Stephenson;given-names:Corey
R.J.</infon><infon key="name_72">surname:Verano;given-names:Alyssa
L.</infon><infon key="name_73">surname:Tan;given-names:Derek
S.</infon><infon key="name_74">surname:Tang;given-names:Yi</infon><infon key="name_75">surname:Taylor;given-names:Richard
E.</infon><infon key="name_76">surname:Thomson;given-names:Regan
J.</infon><infon key="name_77">surname:Vosburg;given-names:David
A.</infon><infon key="name_78">surname:Wu;given-names:Jimmy</infon><infon key="name_79">surname:Wuest;given-names:William
M.</infon><infon key="name_8">surname:Dillon;given-names:Christopher</infon><infon key="name_80">surname:Zakarian;given-names:Armen</infon><infon key="name_81">surname:Zhang;given-names:Yufeng</infon><infon key="name_82">surname:Ren;given-names:Tianjing</infon><infon key="name_83">surname:Zuo;given-names:Zhong</infon><infon key="name_84">surname:Inglese;given-names:James</infon><infon key="name_85">surname:Michael;given-names:Sam</infon><infon key="name_86">surname:Simeonov;given-names:Anton</infon><infon key="name_87">surname:Zheng;given-names:Wei</infon><infon key="name_88">surname:Shinn;given-names:Paul</infon><infon key="name_89">surname:Jadhav;given-names:Ajit</infon><infon key="name_9">surname:Shen;given-names:Min</infon><infon key="name_90">surname:Boxer;given-names:Matthew
B.</infon><infon key="name_91">surname:Hall;given-names:Matthew D.</infon><infon key="name_92">surname:Xia;given-names:Menghang</infon><infon key="name_93">surname:Guha;given-names:Rajarshi</infon><infon key="name_94">surname:Rohde;given-names:Jason M.</infon><infon key="section_type">TITLE</infon><infon key="type">front</infon><infon key="volume">4</infon><infon key="year">2018</infon><offset>0</offset><text>Canvass: A Crowd-Sourced, Natural-Product Screening Library for Exploring Biological Space</text></passage><passage><infon key="section_type">ABSTRACT</infon><infon key="type">abstract</infon><offset>91</offset><text>Natural products and their derivatives continue to be wellsprings of nascent therapeutic potential. However, many laboratories have limited resources for biological evaluation, leaving their previously isolated or synthesized compounds largely or completely untested. To address this issue, the Canvass library of natural products was assembled, in collaboration with academic and industry researchers, for quantitative high-throughput screening (qHTS) across a diverse set of cell-based and biochemical assays. Characterization of the library in terms of physicochemical properties, structural diversity, and similarity to compounds in publicly available libraries indicates that the Canvass library contains many structural elements in common with approved drugs. The assay data generated were analyzed using a variety of quality control metrics, and the resultant assay profiles were explored using statistical methods, such as clustering and compound promiscuity analyses. Individual compounds were then sorted by structural class and activity profiles. Differential behavior based on these classifications, as well as noteworthy activities, are outlined herein. One such highlight is the activity of (−)-2(S)-cathafoline, which was found to stabilize calcium levels in the endoplasmic reticulum. The workflow described here illustrates a pilot effort to broadly survey the biological potential of natural products by utilizing the power of automation and high-throughput screening.</text></passage><passage><infon key="section_type">ABSTRACT</infon><infon key="type">abstract</infon><offset>1580</offset><text>Canvass, a crowd-sourced library of natural products, was evaluated through HTS in a spectrum of disease-relevant assays to survey the broad biological potential of natural products in drug discovery.</text></passage><passage><infon key="section_type">INTRO</infon><infon key="type">title_1</infon><offset>1781</offset><text>Introduction</text></passage><passage><infon key="section_type">INTRO</infon><infon key="type">paragraph</infon><offset>1794</offset><text>Throughout history, nature has served as our primary source of medicines and continues to be one of the richest sources of new therapeutics. Either directly or as inspiration, natural products account for 50% to 70% of all small-molecule pharmaceutical agents currently in clinical use. While their influence has been most profound in the treatment of infectious diseases and cancer, natural products have also found utility in other therapeutic areas such as pain, inflammation, and cardiovascular disorders. Yet, many pharmaceutical companies have diminished or abandoned natural products research throughout recent decades for a variety of reasons, ranging from the promise of emerging technologies (e.g., combinatorial chemistry), to concerns about international regulations of access to natural products and their sources. In parallel, decreases in funding agency support for natural-products-related research have contributed to this contraction. However, within the same time period, natural compounds still continue to be both a significant source and point of inspiration for new medicines.</text></passage><passage><infon key="section_type">INTRO</infon><infon key="type">paragraph</infon><offset>2894</offset><text>Despite this dichotomy, the pendulum is swinging back toward natural products within both industry and academia. New screening libraries are being designed to incorporate key features of natural products, including scaffold diversity and stereochemistry. Strategic prefractionation methods have also facilitated high-throughput screening of natural product extracts. Genome mining with the goal of discovering “hidden” natural products within microbial genomes has fostered a great deal of excitement, and is the foundational approach of a number of pharmaceutical companies. The academic sector has also begun to see a recovery in the funding climate, as reflected in the creation of the Center for High-Throughput Functional Annotation of Natural Products (HiFAN). HiFAN is a collaborative, international, multi-institute center established to determine the mechanism of action of natural products and botanicals, with the intention of making platform technologies and data available community-wide. Together, these and other developments bode well for the renewed interest in nature as a rich resource for biologically relevant chemical matter.</text></passage><passage><infon key="section_type">INTRO</infon><infon key="type">paragraph</infon><offset>4046</offset><text>While this resurgence has significant potential, especially to address the imminent threat of antibiotic resistance, we hypothesize that therapeutic opportunities for natural products across other disease indications have been underexplored. All too often, isolation scientists and synthetic chemists in academic laboratories isolate or synthesize natural products and test them against a single representative cancer cell line or bacterial strain, or in some instances, never test their compounds in any biological assay at all, missing out entirely on the potential to discover a valuable, new therapeutic. Do storage freezers in laboratories engaged in natural product synthesis throughout the world contain the next advancements in human health? Toward realizing the potential of purified natural products, we established the Canvass natural product screening pilot initiative to provide the scientific community with a mechanism to evaluate the biological activities of natural products in a diversity of in vitro assays.</text></passage><passage><infon key="section_type">INTRO</infon><infon key="type">paragraph</infon><offset>5073</offset><text>With the Canvass pilot program, we set out to crowd-source a diverse set of purified natural products by inviting academic investigators and companies to submit their natural products to the National Center for Advancing Translational Sciences (NCATS). Upon assembly, the Canvass library was compared to other relevant, well-studied chemical libraries. We then sought to broadly explore, or “canvass”, the library’s biological activity in an assortment of robust assays using quantitative high-throughput screening (qHTS). Due to the broad scope of disease-relevant mechanisms investigated by NCATS, we were able to screen the library against a wide range of assays. The resulting data set from 50 different assays was then systematically analyzed to identify overall trends and specific natural products with interesting biological activities. Project teams at NCATS further investigated the activities of several compounds using established workflows, and the full data set was made available through the Canvass website ().</text></passage><passage><infon key="section_type">RESULTS</infon><infon key="type">title_1</infon><offset>6106</offset><text>Results</text></passage><passage><infon key="section_type">RESULTS</infon><infon key="type">title_2</infon><offset>6114</offset><text>Canvass Library</text></passage><passage><infon key="section_type">RESULTS</infon><infon key="type">paragraph</infon><offset>6130</offset><text>The Canvass library of 346 natural products was assembled through a broad solicitation of both the academic and private sectors via the Canvass website. The pure (&gt;85% purity by liquid chromatography/mass spectrometry [LC/MS]) compounds were submitted by 45 academic laboratories or companies around the world. We collected pure natural products, rather than natural product extracts, to circumvent deconvolution and structure elucidation due to time and resource limitations. The library was formatted into 1536-well plates and evaluated in 50 assays by qHTS in an 11-point concentration series. We manually classified the Canvass compounds using a set of 12 well-known structural classes, the distribution of which is summarized in Figure 1a.</text></passage><passage><infon key="file">oc-2018-007478_0001.jpg</infon><infon key="id">fig1</infon><infon key="section_type">FIG</infon><infon key="type">fig_caption</infon><offset>6875</offset><text>(a) Distribution of structural
classes within the Canvass library.
(b) Physicochemical properties of chemical libraries; MW = molecular
weight, HBA = H-bond acceptor, HBD = H-bond donor, RotB = number of
rotatable bonds, PBF = plane of best fit. (c) Chemical space overlap
of the Canvass library with three other libraries in a 1024D fingerprint
space reduced to two dimensions using tSNE. ECFP-6 fingerprints were
computed using the CDK; tSNE = t-distributed stochastic neighbor embedding,
ECFP-6 = extended connectivity fingerprint of diameter = 6, CDK =
Chemistry Development Kit.</text></passage><passage><infon key="section_type">RESULTS</infon><infon key="type">title_2</infon><offset>7459</offset><text>Physicochemical Property Distributions</text></passage><passage><infon key="section_type">RESULTS</infon><infon key="type">paragraph</infon><offset>7498</offset><text>To ascertain the similarity of the Canvass library to existing drug collections, we analyzed and compared the structural features and physicochemical properties of the compound collection to publicly available compound collections known to contain druglike compounds or natural products. We first examined the physicochemical properties of the library in comparison to three well-known small-molecule libraries: the DrugBank Approved Drugs (2073 compounds, database version: 2.0.9), the ChEMBL natural product set (1921 compounds, database version: ChEMBL 23), and a random subset of 3000 molecules from the Life Chemicals Diversity Set of 50K molecules (LC50K, 50 240 compounds). Selecting a subset of the LC50K library was necessary to reduce the dominance of the chemical space of such a large and diverse library. These libraries, spanned by compounds representing the entry-points and end-points of the drug discovery pipeline, helped us evaluate how the Canvass collection fits within drug discovery space. Specifically, we used the collections of ChEMBL natural products and LC50K molecules to represent the entry-points of drug discovery space. The ChEMBL collection generally represented natural products which historically have served as a rich source of drugs or starting points in lead-optimization efforts, while the LC50K molecules exemplified the engineered libraries of diverse compounds characterized by desirable properties for lead-discovery purposes. Meanwhile, since the DrugBank set covers the majority of approved small-molecule drugs, it represented the end-points space.</text></passage><passage><infon key="section_type">RESULTS</infon><infon key="type">paragraph</infon><offset>9096</offset><text>We computed seven physicochemical properties: molecular weight (MW), H-bond acceptor (HBA) and H-bond donor (HBD) counts, XLogP, the number of rotatable bonds (RotB), the plane of best fit (PBF), and fraction of rotatable bonds (flexibility). While the first five are relevant in a drug discovery setting, the PBF and flexibility descriptors characterize the three-dimensionality of the molecules. As shown by Meyers et al., many synthetic scaffolds tend toward flatness, and there has been increasing interest to enhance the three-dimensionality of molecules in screening libraries.Figure 1b summarizes the distribution of these properties for the Canvass collection versus those of the other libraries. While the medians of the properties are well-aligned between the Canvass and LC50K collections, it should be noted that Canvass compounds represent a more diverse physicochemical space. The accordance of median property values toward the ChEMBL and DrugBank collections shows a mixed picture. There is an almost perfect split in the number of cases where the Canvass physicochemical properties are more closely aligned with either the ChEMBL or DrugBank collections. Surprisingly, the distribution of PBF is similar between the four libraries.</text></passage><passage><infon key="section_type">RESULTS</infon><infon key="type">title_2</infon><offset>10345</offset><text>Chemical Space Overlap</text></passage><passage><infon key="section_type">RESULTS</infon><infon key="type">paragraph</infon><offset>10368</offset><text>We next examined the chemical space overlap of the Canvass library with the three comparator libraries. We considered two distinct chemical spaces: the physicochemical 7-dimensional descriptor space defined above, and a 1024-dimensional fingerprint space emphasizing structural features. In both cases, we computed a reduced 2-dimensional (2D) space using t-distributed stochastic neighbor embedding (tSNE). The results for the physicochemical space analysis are presented in the Supporting Information (see Figure S1). In the physicochemical space, the Canvass library is very similar to the other libraries, even though they may not be specifically natural-product-like, which is in line with the property distributions summarized in Figure 1b. We quantified the overlap between pairs of libraries using Thornton’s separability index (S), resulting in the following values: 0.81, 0.82, and 0.89 for Canvass versus the ChEMBL natural products, DrugBank, and the LC50K subset, respectively. A larger index represents a larger separation in terms of likeness. These indices support previous observations regarding physicochemical property distributions that Canvass compounds are well-aligned with the other libraries in terms of their physicochemical properties. As expected, the closest set to Canvass in physicochemical space is the ChEMBL natural products set.</text></passage><passage><infon key="section_type">RESULTS</infon><infon key="type">paragraph</infon><offset>11734</offset><text>We then computed 1024-bit ECFP-6 fingerprints using the Chemistry Development Kit (CDK) for all compounds and examined the overlap in fingerprint space (Figure 1c). We observed that the embedding of Canvass compounds in this chemical space shows a resemblance to that of the ChEMBL natural products, as might be expected. Further, the chemical space occupied by Canvass and the DrugBank compounds shows a significant overlap. The quantitated overlap (using the separability index) reflects similar observations that we made regarding the physicochemical space, only, in this chemical space, Canvass overlaps to the highest degree with the DrugBank library (0.93), followed by ChEMBL natural product (0.95) and the LC50K (0.99) libraries. While this is somewhat unexpected, it may indicate that the Canvass library contains a number of structural elements in common with approved drugs.</text></passage><passage><infon key="section_type">RESULTS</infon><infon key="type">title_2</infon><offset>12620</offset><text>Summary of the Assay Panel</text></passage><passage><infon key="section_type">RESULTS</infon><infon key="type">paragraph</infon><offset>12647</offset><text>The Canvass library was screened in qHTS format with 11-point dose–response against 50 assays covering a variety of readouts, modalities, and targets (either specific protein targets or biological processes) in both cell-based and biochemical assays. The bulk (33) of the assays focused on viability (e.g., cytotoxicity, cell proliferation, or membrane integrity), while 11 assays probed specific pathways (e.g., hypoxia-inducible factor 1-alpha [HIF1] signaling, or calcium modulation), and the remaining 6 assays were designed for specific biochemical targets (e.g., mutant isocitrate dehydrogenase 1 [mIDH1] or ATPase family AAA domain-containing protein 5 [ATAD5]). All cell-based assays were measured at a single end-point, with the exception of the apoptosis assays using Caspase-Glo, which were measured at three time-points (12, 18, and 24 h). This screen generated over 210 000 data points. Though it is worth noting that, while we ran 50 individual assays, this number includes counter-screens associated with other assays. An example is the secreted endoplasmic reticulum calcium-monitoring proteins (SERCaMP) assay designed to detect endoplasmic reticulum (ER) calcium dysfunction. The primary assay identifies compounds that prevent depletion of the ER calcium store and is accompanied by secretion and viability counter-assays, each of which is designed to eliminate false positives from the primary assay.</text></passage><passage><infon key="section_type">RESULTS</infon><infon key="type">paragraph</infon><offset>14072</offset><text>A variety of quality control (QC) metrics were computed for each assay (focusing on the primary readout only) including Z′-factor, signal-to-background (S/B), and the coefficient of variation (CV). QC measure values associated with plates of Z′ ≤ −10 were treated as outliers and accordingly excluded from the analysis. Figure 2a–c summarizes the Z′, S/B, and CV for all assays, grouped by their type (pathway, target, and viability). In general, assay performance was good (0 &lt; Z′ ≤ 0.5) to excellent (Z′ &gt; 0.5) for all the assays in the panel, with a few exceptions. For instance, in the caspase-HEK293 apoptosis assay, the control compound (doxorubicin) did not elicit sufficient signal, which necessitated normalization using the maximum value from the sample wells. As a result, the Z′ is not relevant for this particular assay. For assays with multiple readouts, we report only the median QC measure for the main readout. Except for the apoptosis assays, the viability assays tended to exhibit slightly better performance across all metrics than the other two assay classes (Figure 2d). A separate plot was made for better visibility of QC measure values for assays of Z′ ≥ 0 and of SB &lt; 60 (see Figure S2).</text></passage><passage><infon key="file">oc-2018-007478_0002.jpg</infon><infon key="id">fig2</infon><infon key="section_type">FIG</infon><infon key="type">fig_caption</infon><offset>15310</offset><text>(a–c) Distribution
of median assay quality control measures
among the three assay classes (pathway, target, and viability). (d)
Summary of quality control metrics for the Canvass assay panel, characterized
as a pathway-based (pink), a target-based (blue), or a viability assay
(green). For all metrics the median values, across all plates run
in the assay, are reported.</text></passage><passage><infon key="section_type">RESULTS</infon><infon key="type">title_2</infon><offset>15683</offset><text>Clustering Assays</text></passage><passage><infon key="section_type">RESULTS</infon><infon key="type">paragraph</infon><offset>15701</offset><text>Several features stand out from a pairwise correlation matrix of a vector representation of the assays (Figure 3, see the Experimental Methods section for details). At a high level, four clusters of assays are apparent. The largest cluster is composed mainly of cytotoxicity assays (purple) with several pathways-specific (green) and one target-specific (red) assays. The cytotoxicity assays exhibit a negative correlation with a number of other assays (e.g., apoptotic assays), which can be largely attributed to the normalization scheme. Agonist assays have positive normalized areas under the curve (nAUCs), whereas antagonist assays have negative nAUCs. However, the observed negative correlations are modest. The second major cluster is composed of the three target-specific (red), two pathway and two cytotoxicity assays that exhibit overall poor correlation with any other. This is likely indicative of the orthogonal nature of biological or chemical processes captured by these assays. For instance, counter-assays associated with different screening technologies, such as AlphaLISA or fluorescence, are poorly correlated with each other, as expected. However, the diaphorase and redox counter-assays that are also in this cluster are correlated to some degree as one would expect; the negative correlation in this case is due to the normalization schemes. Two smaller clusters are characterized by a high correlation among the associated assays. One cluster includes the apoptotic assays, membrane integrity, protease, and HIF1 assays. The other cluster is composed of the p53, ATAD5, and CAR assays. Similar observations can be made when clustering is performed with the help of log AC50 and efficacy values of samples (see Figures S5 and S6). Overall, the screening results in the Canvass assay panel confirm general expectations based on the nature of the individual assays.</text></passage><passage><infon key="file">oc-2018-007478_0003.jpg</infon><infon key="id">fig3</infon><infon key="section_type">FIG</infon><infon key="type">fig_caption</infon><offset>17588</offset><text>Heatmap representation of the clustering of the assays, based on
the Pearson correlation matrix computed from z-scored
compound nAUCs. Pearson correlation can have a value between −1
and 1, where 0 means no correlation, 1 means completely positively
correlated, and −1 means completely negatively correlated.</text></passage><passage><infon key="section_type">RESULTS</infon><infon key="type">title_2</infon><offset>17901</offset><text>Promiscuity Analysis</text></passage><passage><infon key="section_type">RESULTS</infon><infon key="type">paragraph</infon><offset>17922</offset><text>Promiscuous compounds can pose challenges in screening campaigns. Promiscuity can be due to assay interference (such as quenching and autofluorescence) or intractable mechanisms of action, including nonspecific reactivity, redox, or aggregation by pan-assay interference compounds (PAINS), and can be evaluated from the hit-rate among all high-throughput screens run during a given period. Given that we screened the Canvass library in 50 assays, we characterized the promiscuity of these compounds based on their nAUC values. We considered the absolute value of nAUCs and ignored the pharmacological action (inhibitor, agonist, or antagonist) of the individual compounds. Using this parameter, we defined a compound as promiscuous using two rules: (i) the transformed nAUC value falls into the 90th percentile in a given assay, and (ii) the first condition holds true for at least 40% of the assays. This rule identified 49 compounds as promiscuous, and these are summarized in Figure S3 (compounds listed in Table S2). However, given that the majority of the assays in which these compounds are active are cytotoxicity assays, rather than target-specific assays, the commonality of the assay end-points may unfairly emphasize their promiscuity. A number of these compounds, however, do appear as hits in target-specific assays (e.g., ATAD5, constitutive androstane receptor [CAR], SERCaMP), but their activity could have been driven by toxicity. To identify compounds not captured by the use of nAUC values, similar promiscuity analyses were carried out using the log AC50 data and the absolute value of the efficacy data. For the promiscuity analysis based on log AC50 data, compounds with a log AC50 value lower than the 10th percentile were considered, and the analysis did not reveal additional promiscuous compounds. The promiscuity analysis of the efficacy data was performed in an analogous manner to the nAUC analysis, and it revealed 12 additional promiscuous compounds that might be associated with cytotoxicity or aggregation at high concentrations (Figure S3).</text></passage><passage><infon key="section_type">RESULTS</infon><infon key="type">title_2</infon><offset>19997</offset><text>Cytotoxicity Panel Overview</text></passage><passage><infon key="section_type">RESULTS</infon><infon key="type">paragraph</infon><offset>20025</offset><text>We profiled the cytotoxicity of the Canvass library against a collection of 16 cell lines representing a range of malignancies. The primary motivation for assessing cell killing was the well-known contribution of natural product sources to the chemotherapeutic pharmacopoeia. A secondary goal was to identify cytotoxic compounds that may produce artifacts in other cell-based assays performed as part of the library profiling. Sensitivity varied across all cell lines (Figure 4a), though some compounds demonstrated near pan-activity: herboxidiene (NCGC00488492), strophanthidin 3-O-β-glucopyranosyl-(1,2)-O-β-diginopyranosyl-(1,4)-O-β-cymaropyranosyl-(1,4)-O-β-digitoxopyranoside (NCGC00488465), and lactimidomycin (NCGC00488635). There was no clear clustering of sensitivity by tissue-of-origin, although the sensitivity of the canine glioma cell lines G06 and SDT closely correlated. Of the compounds in the library, 49% demonstrated class 1 or 2 curves with maximum response over 50% against at least one cell line.</text></passage><passage><infon key="file">oc-2018-007478_0004.jpg</infon><infon key="id">fig4</infon><infon key="section_type">FIG</infon><infon key="type">fig_caption</infon><offset>21057</offset><text>(a) Comparison of the cytotoxicity of
each compound (rows) in 16
cancer cell lines (columns). The heatmap was generated based on the
area under the dose–response curve (AUC). Dark red indicates
a more potent and efficacious compound. (b) AUC correlation plot of
KB-8-5-11 vs KB-3-1. AUC for each Canvass compound is represented
by a dot with prospective P-gp substrates highlighted (pink) above
the unity line (dashed). (c) Dose–response activity of (+)-chamaecypanone
C, a prospective P-gp substrate identified in the Canvass library
screen. This compound showed selective killing against KB-3-1 (black),
resistance in KB-8-5-11 (gray), and reversal of resistance to levels
approaching that of KB-3-1 in KB-8-5-11 + 1 μM tariquidar (pink).</text></passage><passage><infon key="section_type">RESULTS</infon><infon key="type">paragraph</infon><offset>21803</offset><text>Natural product cytotoxins are susceptible to efflux by multidrug-resistance transporters. To identify P-glycoprotein (P-gp) substrates, we tested compounds against a P-gp overexpressing cell line, KB-8-5-11, and its nonexpressing parental counterpart, KB-3-1. Inhibition of P-gp reverses resistance to P-gp substrates. KB-8-5-11 cells cotreated with 1 μM tariquidar (KB-8-5-11 + tariquidar), a known P-gp inhibitor, were also tested to confirm the P-gp substrates. P-gp substrates demonstrate reduced cell killing against KB-8-5-11 cells, and greater activity against the parent KB-3-1 cell line. Comparison of activity (AUC) against the two cell lines revealed a small number of compounds less active against the P-gp-expressing cell line (above the unity line, Figure 4b), and most compounds did not demonstrate significant cytotoxicity (clustered at the origin, Figure 4b). Confirmation retesting revealed 4 substrates among 40 compounds demonstrating cytotoxicity (pink spheres, Figure 4b): batzelladine D (NCGC00488661), (+)-chamaecypanone C (NCGC00488556, Figure 4c), apicidin (NCGC00165733, Figure S4), and an iso-migrastatin derivative (NCGC00488640). Concentration–response curves show that KB 8-5-11 cells were resistant to cell killing, but were sensitized by the P-gp inhibitor tariquidar.</text></passage><passage><infon key="section_type">RESULTS</infon><infon key="type">title_2</infon><offset>23109</offset><text>Apoptotic Behavior</text></passage><passage><infon key="section_type">RESULTS</infon><infon key="type">paragraph</infon><offset>23128</offset><text>The Canvass assay panel enables us to probe a wide variety of pharmacological responses, but at fixed time-points. The inclusion of the apoptosis assays (measured using Caspase-Glo) read at three time-points (12, 18, and 24 h) allowed us to explore the apoptotic response to the compounds over time. The majority of the 346 Canvass compounds did not induce apoptosis at any of the time-points (just 33 compounds exhibited an active dose–response at one or more time-points), and only 19 compounds induced caspase activity in a dose–response manner at all three time-points in any of the two assays (Figure 5a). In general, these 19 compounds did not exhibit high potencies, with the exception of 15-deoxygoyazensolide (NCGC00488496) (see Figure 5b). Nevertheless, we categorized the observed activities in relation to the two cell lines (HPAF-II and HEK293) for compounds based on the detected maximal response signal (“Max. Data”). This schema gave rise to four categories. Compounds characterized by “high” apoptotic activity in HPAF-II but “low” in HEK293 assays may have implications for biasing apoptosis induction toward cancer as opposed to normal cells. Three compounds were found that fall under this group of interest (NCGC00488600, NCGC00488498, NCGC00488506).</text></passage><passage><infon key="file">oc-2018-007478_0005.jpg</infon><infon key="id">fig5</infon><infon key="section_type">FIG</infon><infon key="type">fig_caption</infon><offset>24416</offset><text>Compounds that induce apoptosis: (a) 19
compounds were identified
as able to induce apoptosis as they were active at all three time-points
in the apoptosis assay. The graph shows the fraction of the 27 non-caspase
viability assays in which these 19 compounds are active. Individual
points are colored by the maximum reading (Max. Data) observed across
the two caspase assays (cell lines: HPAF-II and HEK293). The observed
maximum readings were grouped based on quartiles (low–less
than equal to median; and high–greater than median). Inactive
samples were assigned to category “low” for clarity.
(b) Curve fit parameters for 15-Deoxygoyazensolide the most potent
compound in the Canvass library exhibiting apoptotic activity at all
three time-points in any of the two cell lines (HEK293, HPAF-II) and
its structure; nAUC = normalized area under the curve.</text></passage><passage><infon key="section_type">RESULTS</infon><infon key="type">paragraph</infon><offset>25280</offset><text>We also examined the correlation between the 19 compounds inducing apoptosis at all three time-points and their activities in the remaining 27 viability assays. We computed the fraction of assays in which each of these compounds exhibited an active curve class. These values ranged from 0.18 (chatancin, NCGC00488505) to 0.93 ((+)-cryptocaryol A, NCGC00488500). The values for all compounds are summarized in Figure 5a, where we overlaid the maximum efficacy observed in the caspase assays for each compound. In general, compounds that strongly induce apoptosis tended to also show cytotoxic behavior across most of the viability assays.</text></passage><passage><infon key="section_type">RESULTS</infon><infon key="type">title_2</infon><offset>25918</offset><text>Activity Highlights</text></passage><passage><infon key="section_type">RESULTS</infon><infon key="type">paragraph</infon><offset>25938</offset><text>Nuclear receptors (NRs) are proteins that regulate physiological homeostasis, metabolism, and development. One crucial NR is the constitutive androstane receptor (CAR, NR1I3), which regulates many drug metabolizing enzymes and transporters while also playing an essential role in energy homeostasis. In this study, we screened the Canvass library of natural products for activation/deactivation of CAR employing a double stable reporter cell line (HepG2-CYP2B6-hCAR). To identify activators, we added 0.75 μM 1-(2-chlorophenyl-methylpropyl)-3-isoquinoline-carboxamide (PK11195), a known CAR inhibitor, while adding 50 nM 6-(4-chlorophenyl)imidazo[2,1-b][1,3]thiazole-5-carbaldehyde O-(3,4-dichlorobenzyl)oxime (CITCO, a known CAR activator), to identify any deactivators in the Canvass collection.</text></passage><passage><infon key="section_type">RESULTS</infon><infon key="type">paragraph</infon><offset>26737</offset><text>Piperine (NCGC00094872), the pungent component of black and long peppers, and (+)-herboxidiene (NCGC00488492) were identified as strong, potent activators of CAR with efficacies of 63% and 609% (relative to CITCO) and EC50 values of 4.9 and 0.12 μM, respectively (Figure 6a). Sintokamide A (NCGC00488482) produced a very strong deactivation of CAR with an efficacy of 102% (relative to PK11195) and an IC50 of 9.3 μM (Figure 6b). This compound also did not induce cytotoxicity, as a multiplexed system was used in the same well to identify luminescence and viability concurrently. All three of these compounds, however, also elicited a very strong response for pregnane X receptor (PXR, NR1I2) activation. However, a cross-talk exists between PXR and CAR, complicating the deconvolution of each receptor’s independent contributions. Therefore, further studies are necessary to more accurately identify the specific NR-related behavior of these compounds both in vitro and in vivo.</text></passage><passage><infon key="file">oc-2018-007478_0006.jpg</infon><infon key="id">fig6</infon><infon key="section_type">FIG</infon><infon key="type">fig_caption</infon><offset>27722</offset><text>(a) Dose–response
curves for the CAR activator (NCGC00094872)
identified in the Canvass library. The stable cell line treated with
compound and CITCO for 24 h in 1536-well plates was treated with ONE-Glo,
and the luminescence intensity was calculated (black). The efficacies
were compared to the CITCO positive controls, and the viability was
also detected using fluorescence in the same well (pink). Data are
expressed as mean ± standard error of the mean for triplicate
assays. (b) Dose–response curves for the CAR deactivator (NCGC00488482)
using same method in part a, except cells were cotreated with PK11195
instead of CITCO, and PK11195 was used as positive controls. (c) 2(S)-Cathafoline is active in the secreted ER calcium-monitoring
protein (SERCaMP) assay, indicating the compound stabilizes ER calcium.
Activity was examined in the primary SERCaMP assay (pink), a secretion
counter-screen (gray), and a viability counter-screen (black). Mean
activity ± SD (n = 3) is shown.</text></passage><passage><infon key="section_type">RESULTS</infon><infon key="type">paragraph</infon><offset>28715</offset><text>Canvass was also screened for activity on the endoplasmic reticulum (ER) calcium store. Small molecules that stabilize ER calcium are of interest for diverse pathologies, including cardiovascular diseases and diabetes. The secreted ER calcium-monitoring protein (SERCaMP) assay was utilized to assess ER calcium homeostasis by measuring a reporter protein that is secreted in response to ER calcium depletion. SH-SY5Y neuroblastoma cells were treated with thapsigargin to deplete the ER calcium store, and compounds that reduced SERCaMP secretion, indicative of ER calcium stabilization, were identified. The screen was run in duplicate on separate days, with 30 compounds showing activity in both experiments. False positives attributable to nonspecific effects on the secretory pathway or cell viability were identified using a set of counter-screens, and 17 compounds (57%) were active in one or both of the counter-screens. The most favorable profile was observed for (−)-2(S)-cathafoline (NCGC00488578), with an AC50 of 2.8 μM in the SERCaMP assay and no activity in the counter-screens (Figure 6c), suggesting that the compound stabilizes ER calcium levels. Analyzing the full activity profile of (−)-2(S)-cathafoline revealed that it is highly selective for ER calcium modulation; it was not a hit in any other assays in the panel. Further studies are underway to examine the effect of this compound in disease models associated with ER calcium dysregulation.</text></passage><passage><infon key="section_type">DISCUSS</infon><infon key="type">title_1</infon><offset>30187</offset><text>Discussion</text></passage><passage><infon key="section_type">DISCUSS</infon><infon key="type">paragraph</infon><offset>30198</offset><text>With generous contributions from laboratories throughout the world, we assembled a diverse set of 346 natural products for biological evaluation. Comparison of the Canvass library to three other chemical libraries (DrugBank, LC50K, and ChEMBL natural products) revealed that all four inhabit very similar physicochemical property space, though the LC50K subset tends to be focused with respect to most parameters. Given that DrugBank is a drug library and LC50K is designed for lead discovery purposes, their overlap with ChEMBL natural products and the Canvass libraries supports the observation that natural products are the origins for many drugs. Considering both the physicochemical space and fingerprint structural comparisons, Canvass compounds are most similar to druglike molecules in the DrugBank library. Despite some degree of structural overlap with the ChEMBL natural product set, it is evident that the Canvass set samples novel structural space compared to the other three libraries. Though the Canvass compounds comprised of natural products, their properties are more aligned with drugs than with the ChEMBL natural products, earning them a unique position among chemical collections. This suggests that the Canvass library is a good complement to the ChEMBL natural product set for drug discovery purposes.</text></passage><passage><infon key="section_type">DISCUSS</infon><infon key="type">paragraph</infon><offset>31524</offset><text>The Canvass natural product library was screened in 50 distinct assays to broadly canvass the pharmacological activity of the compounds. The assortment of assays utilized in this pilot study cover a wide biological scope, and they were selected because they have been successfully implemented for qHTS at NCATS. Cytotoxicity was heavily emphasized given the history of natural products as anticancer and anti-infective agents. Targets with unique pharmacological potential, including CAR and Nrf2/ARE, were also examined. The balance of the screen probed developing pharmacological mechanisms in other areas such as inflammation (inflammasome) and cardiovascular as well as rare diseases (SERCaMP).</text></passage><passage><infon key="section_type">DISCUSS</infon><infon key="type">paragraph</infon><offset>32223</offset><text>Beyond the facets highlighted through the analyses, notable activities also emerged for a small subset of compounds. We discovered three natural products that modulate the nuclear receptor CAR. Interestingly, the molecules highlighted above are structurally quite distinct from one another; one of them, piperine, is a component of the dietary spice pepper, and its observed activity has brought to light an unappreciated pharmacological impact of this widely consumed natural product.</text></passage><passage><infon key="section_type">DISCUSS</infon><infon key="type">paragraph</infon><offset>32709</offset><text>The strategic utility of specific counter-screens facilitated the identification of selectively-active compounds, as exemplified by (−)-2(S)-cathafoline in the SERCaMP assay. The calcium-stabilizing effect of this molecule is significant, especially given that cathafoline was highly selective across our panel; it was not active in any other Canvass assays. Though it is a member of a large family of indole alkaloids, little was known about the biological activity of cathafoline prior to this Canvass study. Fortuitously, the Garg laboratory’s prior total synthesis campaign provided access to synthetic cathafoline, which, when submitted in response to our call for natural products, enabled the discovery of cathafoline’s promising in vitro activity. Studies are underway to elucidate the biological target of cathafoline and to realize the full potential of its calcium modulatory effects.</text></passage><passage><infon key="section_type">DISCUSS</infon><infon key="type">paragraph</infon><offset>33611</offset><text>Investigations of potent natural products continue to reveal key biological targets with therapeutic relevance. For example, the isolation and biological evaluation of peptides isolated from viper snake venom helped bring to light the importance of the angiotensin converting enzyme (ACE) in regulating blood pressure. This discovery inspired the design of the drug captopril for the treatment of hypertension. There is no doubt that natural products will continue to impact the numerous unmet medical needs of both ubiquitous illnesses and rare diseases alike, especially as we have only just begun to understand new and developing areas of disease biology, such as the human microbiome. It is our hope that screening natural product libraries for a wide range of biological activities, as with the Canvass pilot program, will accelerate the development of therapeutics in many disease areas. The Canvass pilot program serves as an example of how to successfully leverage resources and expertise throughout the scientific community for the evaluation of natural products in drug discovery, and it will serve as a framework for larger scale investigations in the future.</text></passage><passage><infon key="section_type">METHODS</infon><infon key="type">title_1</infon><offset>34782</offset><text>Experimental Methods</text></passage><passage><infon key="section_type">METHODS</infon><infon key="type">paragraph</infon><offset>34803</offset><text>The Canvass library of 346 natural products was assembled through a broad solicitation of both the academic and private sectors via the Canvass website, with heavy emphasis on natural product isolation and total synthesis laboratories. To streamline the pursuit of biological discoveries and minimize deconvolution, only pure natural products were accepted. The NCATS Compound Management team provided our collaborators with tared, barcoded vials for natural product submissions to facilitate both the receipt and processing of samples. Quality control (QC) for purity &gt;85% was managed in two ways: by requiring the cosubmission by PIs of recent analyses of submitted natural products utilizing either LC/MS or 1H NMR, and subsequently upon receipt of samples, NCATS performing LC/MS analyses of all submissions. By implementing two QC checks, we minimized QC failures for natural products which are unstable to our standard LC/MS QC protocols. In total, 45 PIs or institutions submitted a sum of 346 natural products to assemble the Canvass library, which was subsequently evaluated in 50 whole-cell or biochemical assays. This library continues to serve as a valuable resource in screening campaigns following the work described herein.</text></passage><passage><infon key="section_type">METHODS</infon><infon key="type">paragraph</infon><offset>36042</offset><text>Data generated by the Canvass program has been made available to our collaborators via the website, located at . The website provides open access to both general and detailed overviews of the program as a whole, as well as a subset of the assays which were planned at the outset, and a portal for questions and answers. By registering, collaborators’ accounts allowed access to secure and private interfaces to expedite compound submissions and to simplify data browsing. Importantly, data generated for a given set of compound submissions were initially only made accessible to the submitters. The application provides the traditional tabular view of compound activities, with a variety of visualizations to provide high-level summaries of activity in the assay panel, along with detailed views for individual compounds. With this publication, the full data set presented herein is now available at the Canvass website ().</text></passage><passage><infon key="section_type">METHODS</infon><infon key="type">title_1</infon><offset>36968</offset><text>Data Sets and Computational Methods</text></passage><passage><infon key="section_type">METHODS</infon><infon key="type">title_2</infon><offset>37004</offset><text>Chemical Libraries</text></passage><passage><infon key="section_type">METHODS</infon><infon key="type">paragraph</infon><offset>37023</offset><text>The Canvass library consists of 346 compounds that can be described as natural products. To better characterize the chemical space represented by these compounds, we included three additional chemical libraries in our analysis: the DrugBank Approved Drugs (2073 compounds, database version: 2.0.9), the ChEMBL natural products (1921 compounds, database version: ChEMBL 23), and the Life Chemicals Diversity Set of 50K molecules (LC50K, 50 240 compounds). The LC50K collection was included to provide a baseline for the comparison of molecular properties. To this end, a subset consisting of 3000 molecules was sampled randomly from the LC50K collection and used in subsequent analyses. Chemical libraries were subjected to the same standardization scheme as part of a KNIME workflow including community nodes originating from CDK cheminformatics suites.− Standardization steps involved keeping only the largest component of compounds.</text></passage><passage><infon key="section_type">METHODS</infon><infon key="type">title_2</infon><offset>37962</offset><text>qHTS Data Processing Pipeline</text></passage><passage><infon key="section_type">METHODS</infon><infon key="type">paragraph</infon><offset>37992</offset><text>While the data processing details for individual assays can be found in their respective references, we briefly outline the processing pipeline here. Plate data were normalized to the per-plate positive and negative controls, and dose–response curves were fitted using a grid-based algorithm. Dose–response curves were then assigned a curve class (see Seethala and Zhang for more detailed definitions of curve classes), which is a heuristic classification that allows us to easily identify good quality versus poor quality dose–response curves. To assign one of seven possible classes, the curve is evaluated in terms of features like asymptote definition, the R2 of the curve fit, and efficacy. Furthermore, for assays measuring an increase in signal (e.g., agonist assays), curve classes are positive, and for those measuring a decrease in signal (e.g., inhibitor or antagonist assays), curve classes are negative. Broadly, we consider curve classes of 1.1, 1.2, 2.1, and 2.2 (and the corresponding negative values) as good quality active dose–responses, curve class of 4 as inactive (i.e., no dose response), and all others as inconclusive dose–responses. We only deviated from this classification in the case of Caspase assays, where good quality active dose–responses curves were considered those that are associated with a curve class value different from 4.</text></passage><passage><infon key="section_type">METHODS</infon><infon key="type">title_2</infon><offset>39369</offset><text>AUC Computation</text></passage><passage><infon key="section_type">METHODS</infon><infon key="type">paragraph</infon><offset>39385</offset><text>In the Canvass assays, the more potent and efficacious a compound is, the larger its absolute area under the curve (AUC) value. Moreover, the sign of the AUC reflects the pharmacological action of a compound (e.g., inhibitors can be distinguished from activators). It should be noted that automatically generated raw AUC values can be misleading in certain cases. For the case of an inhibitory dose–response curve, which starts in a positive response range, the absolute AUC can be small due to the nature of numerical integration. A similarly misleading absolute AUC value is obtained for activation dose–response curves, which start in the negative response range. Such anomalies are typically the result of noisy assay data. To remedy such cases, we found it necessary to transform the raw AUC values to better reflect the magnitude of biological responses independent of whether the curve exhibits negative or positive response values (due to the plate normalization scheme). Accordingly, in the case of inhibition curves, the maximal y-value of a curve is subtracted from all y-values. In an analogous manner, the minimal y-value was subtracted from the y-values of activation curves. The resultant normalized AUC values are denoted by nAUC to distinguish them from raw AUC values.</text></passage><passage><infon key="section_type">METHODS</infon><infon key="type">title_2</infon><offset>40676</offset><text>Assay Clustering</text></passage><passage><infon key="section_type">METHODS</infon><infon key="type">paragraph</infon><offset>40693</offset><text>To cluster the assays, we first represented each assay as a 346-element vector of compound nAUC values. Next, we computed the pairwise Pearson correlation matrix, which was then clustered using hierarchical clustering with complete linkage. We also computed clusterings using potency (setting it to 10 μM for compounds that were inactive in an assay) and efficacy (Figures S5 and S6).</text></passage><passage><infon key="section_type">METHODS</infon><infon key="type">title_2</infon><offset>41079</offset><text>Descriptor Computation</text></passage><passage><infon key="section_type">METHODS</infon><infon key="type">paragraph</infon><offset>41102</offset><text>Physicochemical descriptors (molecular weight, rotatable bond number, flexibility, number of hydrogen-bond donors/acceptors, clogP, TPSA) and ECFP6 fingerprints were computed using CDK nodes for KNIME (version 3.4.2) and processed in R statistical suite (version 3.4.4) using the fingerprint package.</text></passage><passage><infon key="section_type">METHODS</infon><infon key="type">title_2</infon><offset>41403</offset><text>Library Overlap</text></passage><passage><infon key="section_type">METHODS</infon><infon key="type">paragraph</infon><offset>41419</offset><text>Thornton’s separability index (S) is a class separability measure designed to discriminate between objects from different classes and is commonly used to characterize the quality of clustering. We applied this measure to quantify the degree of overlap of two libraries in a predefined chemical space. S is defined as the fraction of compounds for which their nearest neighbor is not from the same library as themselves. Thus, S ranges from 1 (two libraries completely overlap with each other) to 0 (two libraries have no overlap). Note that these limits are somewhat dependent on the actual spatial distribution of compounds in a given chemical space. Nonetheless, for the purposes of comparing library overlap in a relative manner, the use of S is sufficient. We implemented S using R 3.4.4 (code available at ).</text></passage><passage><infon key="section_type">METHODS</infon><infon key="type">title_2</infon><offset>42235</offset><text>Quantifying 3D-Likeness</text></passage><passage><infon key="section_type">METHODS</infon><infon key="type">paragraph</infon><offset>42259</offset><text>The 3D-likeness of compounds was characterized with the help of a plane of best fit (PBF) measure implemented in the RDKit Python Application Programming Interface (API) (version 2017.09.1). To generate PBF values, a low energy conformer needs to be generated for each compound. Low energy conformers were generated by a KNIME workflow.−</text></passage><passage><infon key="section_type">METHODS</infon><infon key="type">title_2</infon><offset>42599</offset><text>Embedding Compounds into 2D Chemical Space</text></passage><passage><infon key="section_type">METHODS</infon><infon key="type">paragraph</infon><offset>42642</offset><text>We defined a physicochemical property space using molecular weight (MW), H-bond donor count, H-bond acceptor count, XLogP, PBF, and flexibility. We then employed tSNE (as implemented in the Rtsne package for R) to perform dimension reduction to 2D, using the Euclidean metric for distance computations. Apart from setting θ = 0.1, all other parameters were set at their default values. For the case of fingerprints, we first computed a pairwise similarity matrix using the Tanimoto metric and converted it to a distance matrix (using D = 1 – similarity) for input to the tSNE algorithm, using the same parameters as used for the physicochemical property space. The 2D data sets were visualized using R 3.4.4. All workflow files, Python source code, computed descriptor, and fingerprint data are available at .</text></passage><passage><infon key="section_type">METHODS</infon><infon key="type">title_2</infon><offset>43456</offset><text>Novelty Assessment of Canvass Compound Structures</text></passage><passage><infon key="section_type">METHODS</infon><infon key="type">paragraph</infon><offset>43506</offset><text>The novelty of the Canvass compounds was assessed on the basis of the Bemis–Murcko scaffold (BMS) of compounds. First, the BMSs of compounds were determined in all molecular libraries. Next, a unique set of BMSs were derived library-wise. Finally, the overlap of pairs of unique BMS sets was quantified relative to the number of unique BMSs in each set. Of note, the rest of the analyses in this study involved only a random subset of the LC50K library whereas this assessment was performed on the entire LC50K library (Table S1).</text></passage><passage><infon key="section_type">SUPPL</infon><infon key="type">title</infon><offset>44039</offset><text>Supporting Information Available</text></passage><passage><infon key="section_type">SUPPL</infon><infon key="type">paragraph</infon><offset>44072</offset><text>Additional figures depicting more detailed analyses of the assay data (including assay QC measurement, additional heatmaps and clustering analyses, additional dose–response curves), a more in depth description of the novelty of the canvass compounds, additional information and structures for promiscuous compounds in the Canvass library, and the assay protocols utilized in our study (PDF)</text></passage><passage><infon key="section_type">SUPPL</infon><infon key="type">paragraph</infon><offset>44465</offset><text>The Supporting Information is available free of charge on the ACS Publications website at DOI: 10.1021/acscentsci.8b00747.</text></passage><passage><infon key="section_type">SUPPL</infon><infon key="type">title_1</infon><offset>44588</offset><text>Supplementary Material</text></passage><passage><infon key="section_type">SUPPL</infon><infon key="type">title</infon><offset>44611</offset><text>Author Present Address</text></passage><passage><infon key="section_type">SUPPL</infon><infon key="type">paragraph</infon><offset>44634</offset><text>U Nexus Discovery Advisors, 7820B Wormans Mill Road, Suite 208, Frederick, MD 21701, USA</text></passage><passage><infon key="section_type">SUPPL</infon><infon key="type">title</infon><offset>44723</offset><text>Author Present Address</text></passage><passage><infon key="section_type">SUPPL</infon><infon key="type">paragraph</infon><offset>44746</offset><text>V Vertex Pharmaceuticals, 50 Northern Avenue, Boston, MA 02210, USA</text></passage><passage><infon key="section_type">SUPPL</infon><infon key="type">title</infon><offset>44814</offset><text>Author Present Address</text></passage><passage><infon key="section_type">SUPPL</infon><infon key="type">paragraph</infon><offset>44837</offset><text>W Walter Reed Army Institute of Research, 503 Robert Grant Avenue, BLDG 503, RM 2A20, Silver Spring, MD 20910, USA</text></passage><passage><infon key="section_type">AUTH_CONT</infon><infon key="type">title</infon><offset>44952</offset><text>Author Contributions</text></passage><passage><infon key="section_type">AUTH_CONT</infon><infon key="type">paragraph</infon><offset>44973</offset><text>† S.E.K. and G.Z.-K. contributed equally.</text></passage><passage><infon key="section_type">AUTH_CONT</infon><infon key="type">paragraph</infon><offset>45017</offset><text>The authors declare no competing financial interest.</text></passage><passage><infon key="section_type">AUTH_CONT</infon><infon key="type">title</infon><offset>45070</offset><text>Notes</text></passage><passage><infon key="section_type">AUTH_CONT</infon><infon key="type">paragraph</infon><offset>45076</offset><text>Safety statement: no unexpected or unusually high safety hazards were encountered in this work.</text></passage><passage><infon key="section_type">REF</infon><infon key="type">title</infon><offset>45172</offset><text>References</text></passage><passage><infon key="fpage">629</infon><infon key="issue">3</infon><infon key="lpage">61</infon><infon key="name_0">surname:Newman;given-names:D. J.</infon><infon key="name_1">surname:Cragg;given-names:G. M.</infon><infon key="pub-id_doi">10.1021/acs.jnatprod.5b01055</infon><infon key="pub-id_pmid">26852623</infon><infon key="section_type">REF</infon><infon key="source">J. Nat. Prod.</infon><infon key="type">ref</infon><infon key="volume">79</infon><infon key="year">2016</infon><offset>45183</offset><text>Natural products as sources of new drugs from 1981 to 2014</text></passage><passage><infon key="fpage">111</infon><infon key="issue">2</infon><infon key="lpage">29</infon><infon key="name_0">surname:Harvey;given-names:A. L.</infon><infon key="name_1">surname:Edrada-Ebel;given-names:R.</infon><infon key="name_2">surname:Quinn;given-names:R. J.</infon><infon key="pub-id_doi">10.1038/nrd4510</infon><infon key="pub-id_pmid">25614221</infon><infon key="section_type">REF</infon><infon key="source">Nat.
Rev. Drug Discovery</infon><infon key="type">ref</infon><infon key="volume">14</infon><infon key="year">2015</infon><offset>45242</offset><text>The re-emergence of natural products for drug discovery in the genomics era</text></passage><passage><infon key="fpage">2411</infon><infon key="issue">10</infon><infon key="lpage">22</infon><infon key="name_0">surname:Cheng;given-names:K. C.</infon><infon key="name_1">surname:Cao;given-names:S.</infon><infon key="name_10">surname:Schultz;given-names:P. J.</infon><infon key="name_11">surname:Su;given-names:X. Z.</infon><infon key="name_12">surname:Tamayo-Castillo;given-names:G.</infon><infon key="name_13">surname:Matainaho;given-names:T.</infon><infon key="name_14">surname:Clardy;given-names:J.</infon><infon key="name_15">surname:Sherman;given-names:D. H.</infon><infon key="name_16">surname:Inglese;given-names:J.</infon><infon key="name_2">surname:Raveh;given-names:A.</infon><infon key="name_3">surname:MacArthur;given-names:R.</infon><infon key="name_4">surname:Dranchak;given-names:P.</infon><infon key="name_5">surname:Chlipala;given-names:G.</infon><infon key="name_6">surname:Okoneski;given-names:M. T.</infon><infon key="name_7">surname:Guha;given-names:R.</infon><infon key="name_8">surname:Eastman;given-names:R. T.</infon><infon key="name_9">surname:Yuan;given-names:J.</infon><infon key="pub-id_doi">10.1021/acs.jnatprod.5b00489</infon><infon key="pub-id_pmid">26465675</infon><infon key="section_type">REF</infon><infon key="source">J. Nat.
Prod.</infon><infon key="type">ref</infon><infon key="volume">78</infon><infon key="year">2015</infon><offset>45318</offset><text>Actinoramide a identified as a potent antimalarial from titration-based screening of marine natural product extracts</text></passage><passage><infon key="fpage">988</infon><infon key="issue">8</infon><infon key="lpage">1005</infon><infon key="name_0">surname:Ziemert;given-names:N.</infon><infon key="name_1">surname:Alanjary;given-names:M.</infon><infon key="name_2">surname:Weber;given-names:T.</infon><infon key="pub-id_doi">10.1039/C6NP00025H</infon><infon key="pub-id_pmid">27272205</infon><infon key="section_type">REF</infon><infon key="source">Nat. Prod. Rep.</infon><infon key="type">ref</infon><infon key="volume">33</infon><infon key="year">2016</infon><offset>45435</offset><text>The evolution of genome mining in microbes - a review</text></passage><passage><infon key="section_type">REF</infon><infon key="type">ref</infon><infon key="year">2018</infon><offset>45489</offset><text>Hifan—center for high-throughput functional annotation of natural products</text></passage><passage><infon key="section_type">REF</infon><infon key="type">ref</infon><infon key="year">2018</infon><offset>45566</offset><text>Combating antibiotic-resistant bacteria (carb)</text></passage><passage><infon key="fpage">11473</infon><infon key="issue">31</infon><infon key="lpage">8</infon><infon key="name_0">surname:Inglese;given-names:J.</infon><infon key="name_1">surname:Auld;given-names:D. S.</infon><infon key="name_2">surname:Jadhav;given-names:A.</infon><infon key="name_3">surname:Johnson;given-names:R. L.</infon><infon key="name_4">surname:Simeonov;given-names:A.</infon><infon key="name_5">surname:Yasgar;given-names:A.</infon><infon key="name_6">surname:Zheng;given-names:W.</infon><infon key="name_7">surname:Austin;given-names:C. P.</infon><infon key="pub-id_doi">10.1073/pnas.0604348103</infon><infon key="pub-id_pmid">16864780</infon><infon key="section_type">REF</infon><infon key="source">Proc. Natl. Acad. Sci. U. S. A.</infon><infon key="type">ref</infon><infon key="volume">103</infon><infon key="year">2006</infon><offset>45613</offset><text>Quantitative high-throughput screening: A titration-based approach that efficiently identifies biological activities in large chemical libraries</text></passage><passage><infon key="fpage">79</infon><infon key="issue">2</infon><infon key="lpage">89</infon><infon key="name_0">surname:Yasgar;given-names:A.</infon><infon key="name_1">surname:Shinn;given-names:P.</infon><infon key="name_2">surname:Jadhav;given-names:A.</infon><infon key="name_3">surname:Auld;given-names:D.</infon><infon key="name_4">surname:Michael;given-names:S.</infon><infon key="name_5">surname:Zheng;given-names:W.</infon><infon key="name_6">surname:Austin;given-names:C. P.</infon><infon key="name_7">surname:Inglese;given-names:J.</infon><infon key="name_8">surname:Simeonov;given-names:A.</infon><infon key="pub-id_doi">10.1016/j.jala.2007.12.004</infon><infon key="pub-id_pmid">18496600</infon><infon key="section_type">REF</infon><infon key="source">JALA</infon><infon key="type">ref</infon><infon key="volume">13</infon><infon key="year">2008</infon><offset>45758</offset><text>Compound management for quantitative high-throughput screening</text></passage><passage><infon key="note">Natural products were categorized with
varying
levels of specificity/granularity to reasonably distribute compounds
into classes.</infon><infon key="section_type">REF</infon><infon key="type">ref</infon><offset>45821</offset></passage><passage><infon key="fpage">D1091</infon><infon key="issue">D1</infon><infon key="lpage">D1097</infon><infon key="name_0">surname:Law;given-names:V.</infon><infon key="name_1">surname:Knox;given-names:C.</infon><infon key="name_10">surname:Tang;given-names:A.</infon><infon key="name_11">surname:Gabriel;given-names:G.</infon><infon key="name_12">surname:Ly;given-names:C.</infon><infon key="name_13">surname:Adamjee;given-names:S.</infon><infon key="name_14">surname:Dame;given-names:Z. T.</infon><infon key="name_15">surname:Han;given-names:B.</infon><infon key="name_16">surname:Zhou;given-names:Y.</infon><infon key="name_17">surname:Wishart;given-names:D. S.</infon><infon key="name_2">surname:Djoumbou;given-names:Y.</infon><infon key="name_3">surname:Jewison;given-names:T.</infon><infon key="name_4">surname:Guo;given-names:A. C.</infon><infon key="name_5">surname:Liu;given-names:Y.</infon><infon key="name_6">surname:Maciejewski;given-names:A.</infon><infon key="name_7">surname:Arndt;given-names:D.</infon><infon key="name_8">surname:Wilson;given-names:M.</infon><infon key="name_9">surname:Neveu;given-names:V.</infon><infon key="pub-id_doi">10.1093/nar/gkt1068</infon><infon key="pub-id_pmid">24203711</infon><infon key="section_type">REF</infon><infon key="source">Nucleic Acids Res.</infon><infon key="type">ref</infon><infon key="volume">42</infon><infon key="year">2014</infon><offset>45822</offset><text>Drugbank 4.0: Shedding new light on drug metabolism</text></passage><passage><infon key="fpage">D1083</infon><infon key="issue">D1</infon><infon key="lpage">D1090</infon><infon key="name_0">surname:Bento;given-names:A. P.</infon><infon key="name_1">surname:Gaulton;given-names:A.</infon><infon key="name_10">surname:Nowotka;given-names:M.</infon><infon key="name_11">surname:Papadatos;given-names:G.</infon><infon key="name_12">surname:Santos;given-names:R.</infon><infon key="name_13">surname:Overington;given-names:J. P.</infon><infon key="name_2">surname:Hersey;given-names:A.</infon><infon key="name_3">surname:Bellis;given-names:L. J.</infon><infon key="name_4">surname:Chambers;given-names:J.</infon><infon key="name_5">surname:Davies;given-names:M.</infon><infon key="name_6">surname:Kruger;given-names:F. A.</infon><infon key="name_7">surname:Light;given-names:Y.</infon><infon key="name_8">surname:Mak;given-names:L.</infon><infon key="name_9">surname:McGlinchey;given-names:S.</infon><infon key="pub-id_doi">10.1093/nar/gkt1031</infon><infon key="pub-id_pmid">24214965</infon><infon key="section_type">REF</infon><infon key="source">Nucleic Acids Res.</infon><infon key="type">ref</infon><infon key="volume">42</infon><infon key="year">2014</infon><offset>45874</offset><text>The chembl bioactivity database: An update</text></passage><passage><infon key="fpage">615</infon><infon key="issue">3</infon><infon key="lpage">621</infon><infon key="name_0">surname:Wang;given-names:R. X.</infon><infon key="name_1">surname:Fu;given-names:Y.</infon><infon key="name_2">surname:Lai;given-names:L. H.</infon><infon key="pub-id_doi">10.1021/ci960169p</infon><infon key="section_type">REF</infon><infon key="source">J. Chem. Inf Comp Sci.</infon><infon key="type">ref</infon><infon key="volume">37</infon><infon key="year">1997</infon><offset>45917</offset><text>A new atom-additive method for calculating partition coefficients</text></passage><passage><infon key="fpage">2516</infon><infon key="issue">10</infon><infon key="lpage">25</infon><infon key="name_0">surname:Firth;given-names:N. C.</infon><infon key="name_1">surname:Brown;given-names:N.</infon><infon key="name_2">surname:Blagg;given-names:J.</infon><infon key="pub-id_doi">10.1021/ci300293f</infon><infon key="pub-id_pmid">23009689</infon><infon key="section_type">REF</infon><infon key="source">J. Chem. Inf. Model.</infon><infon key="type">ref</infon><infon key="volume">52</infon><infon key="year">2012</infon><offset>45983</offset><text>Plane of best fit: A novel method to characterize the three-dimensionality of molecules</text></passage><passage><infon key="section_type">REF</infon><infon key="type">ref</infon><infon key="year">2018</infon><offset>46071</offset><text>Dragon</text></passage><passage><infon key="fpage">1753</infon><infon key="issue">14</infon><infon key="lpage">67</infon><infon key="name_0">surname:Meyers;given-names:J.</infon><infon key="name_1">surname:Carter;given-names:M.</infon><infon key="name_2">surname:Mok;given-names:N. Y.</infon><infon key="name_3">surname:Brown;given-names:N.</infon><infon key="pub-id_doi">10.4155/fmc-2016-0095</infon><infon key="pub-id_pmid">27572621</infon><infon key="section_type">REF</infon><infon key="source">Future Med. Chem.</infon><infon key="type">ref</infon><infon key="volume">8</infon><infon key="year">2016</infon><offset>46078</offset><text>On the origins of three-dimensionality in drug-like molecules</text></passage><passage><infon key="fpage">6752</infon><infon key="issue">21</infon><infon key="lpage">6756</infon><infon key="name_0">surname:Lovering;given-names:F.</infon><infon key="name_1">surname:Bikker;given-names:J.</infon><infon key="name_2">surname:Humblet;given-names:C.</infon><infon key="pub-id_doi">10.1021/jm901241e</infon><infon key="pub-id_pmid">19827778</infon><infon key="section_type">REF</infon><infon key="source">J. Med. Chem.</infon><infon key="type">ref</infon><infon key="volume">52</infon><infon key="year">2009</infon><offset>46140</offset><text>Escape from flatland: Increasing saturation as an approach to improving clinical success</text></passage><passage><infon key="fpage">2579</infon><infon key="lpage">2605</infon><infon key="name_0">surname:van
der Maaten;given-names:L.</infon><infon key="name_1">surname:Hinton;given-names:G.</infon><infon key="section_type">REF</infon><infon key="source">J. Mach Learn Res.</infon><infon key="type">ref</infon><infon key="volume">9</infon><infon key="year">2008</infon><offset>46229</offset><text>Visualizing data using t-sne</text></passage><passage><infon key="fpage">40</infon><infon key="lpage">46</infon><infon key="name_0">surname:Thornton;given-names:C.</infon><infon key="pub-id_doi">10.1007/978-1-4471-1546-5_4</infon><infon key="section_type">REF</infon><infon key="source">Persp Neural
Comp</infon><infon key="type">ref</infon><infon key="year">1998</infon><offset>46258</offset><text>Separability is a learner’s best friend</text></passage><passage><infon key="fpage">742</infon><infon key="issue">5</infon><infon key="lpage">54</infon><infon key="name_0">surname:Rogers;given-names:D.</infon><infon key="name_1">surname:Hahn;given-names:M.</infon><infon key="pub-id_doi">10.1021/ci100050t</infon><infon key="pub-id_pmid">20426451</infon><infon key="section_type">REF</infon><infon key="source">J. Chem.
Inf. Model.</infon><infon key="type">ref</infon><infon key="volume">50</infon><infon key="year">2010</infon><offset>46300</offset><text>Extended-connectivity fingerprints</text></passage><passage><infon key="fpage">33</infon><infon key="issue">1</infon><infon key="name_0">surname:Willighagen;given-names:E. L.</infon><infon key="name_1">surname:Mayfield;given-names:J. W.</infon><infon key="name_10">surname:Torrance;given-names:G.</infon><infon key="name_11">surname:Evelo;given-names:C. T.</infon><infon key="name_12">surname:Guha;given-names:R.</infon><infon key="name_13">surname:Steinbeck;given-names:C.</infon><infon key="name_2">surname:Alvarsson;given-names:J.</infon><infon key="name_3">surname:Berg;given-names:A.</infon><infon key="name_4">surname:Carlsson;given-names:L.</infon><infon key="name_5">surname:Jeliazkova;given-names:N.</infon><infon key="name_6">surname:Kuhn;given-names:S.</infon><infon key="name_7">surname:Pluskal;given-names:T.</infon><infon key="name_8">surname:Rojas-Cherto;given-names:M.</infon><infon key="name_9">surname:Spjuth;given-names:O.</infon><infon key="pub-id_doi">10.1186/s13321-017-0231-1</infon><infon key="section_type">REF</infon><infon key="source">J. Cheminf.</infon><infon key="type">ref</infon><infon key="volume">9</infon><infon key="year">2017</infon><offset>46335</offset><text>The chemistry development kit (cdk) v2.0: Atom typing, depiction, molecular formulas, and substructure searching</text></passage><passage><infon key="fpage">2828</infon><infon key="issue">18</infon><infon key="lpage">39</infon><infon key="name_0">surname:Henderson;given-names:M. J.</infon><infon key="name_1">surname:Wires;given-names:E. S.</infon><infon key="name_2">surname:Trychta;given-names:K. A.</infon><infon key="name_3">surname:Richie;given-names:C. T.</infon><infon key="name_4">surname:Harvey;given-names:B. K.</infon><infon key="pub-id_doi">10.1091/mbc.e14-06-1141</infon><infon key="pub-id_pmid">25031430</infon><infon key="section_type">REF</infon><infon key="source">Mol. Biol. Cell</infon><infon key="type">ref</infon><infon key="volume">25</infon><infon key="year">2014</infon><offset>46448</offset><text>Sercamp: A carboxy-terminal protein modification that enables monitoring of er calcium homeostasis</text></passage><passage><infon key="fpage">247</infon><infon key="issue">3</infon><infon key="lpage">52</infon><infon key="name_0">surname:Iversen;given-names:P. W.</infon><infon key="name_1">surname:Eastwood;given-names:B. J.</infon><infon key="name_2">surname:Sittampalam;given-names:G. S.</infon><infon key="name_3">surname:Cox;given-names:K. L.</infon><infon key="pub-id_doi">10.1177/1087057105285610</infon><infon key="section_type">REF</infon><infon key="source">J. Biomol.
Screening</infon><infon key="type">ref</infon><infon key="volume">11</infon><infon key="year">2006</infon><offset>46547</offset><text>A comparison of assay performance measures in screening assays: Signal window, z’ factor, and assay variability ratio</text></passage><passage><infon key="fpage">67</infon><infon key="issue">2</infon><infon key="lpage">73</infon><infon key="name_0">surname:Zhang;given-names:J. H.</infon><infon key="name_1">surname:Chung;given-names:T. D.</infon><infon key="name_2">surname:Oldenburg;given-names:K. R.</infon><infon key="pub-id_doi">10.1177/108705719900400206</infon><infon key="section_type">REF</infon><infon key="source">J. Biomol. Screening</infon><infon key="type">ref</infon><infon key="volume">4</infon><infon key="year">1999</infon><offset>46667</offset><text>A simple statistical parameter for use in evaluation and validation of high throughput screening assays</text></passage><passage><infon key="fpage">382</infon><infon key="issue">9</infon><infon key="lpage">384</infon><infon key="name_0">surname:Rishton;given-names:G. M.</infon><infon key="pub-id_doi">10.1016/S1359-6446(97)01083-0</infon><infon key="section_type">REF</infon><infon key="source">Drug Discovery Today</infon><infon key="type">ref</infon><infon key="volume">2</infon><infon key="year">1997</infon><offset>46771</offset><text>Reactive compounds and in vitro false positives in hts</text></passage><passage><infon key="fpage">481</infon><infon key="issue">7519</infon><infon key="lpage">3</infon><infon key="name_0">surname:Baell;given-names:J.</infon><infon key="name_1">surname:Walters;given-names:M. A.</infon><infon key="pub-id_doi">10.1038/513481a</infon><infon key="pub-id_pmid">25254460</infon><infon key="section_type">REF</infon><infon key="source">Nature</infon><infon key="type">ref</infon><infon key="volume">513</infon><infon key="year">2014</infon><offset>46826</offset><text>Chemistry: Chemical con artists foil drug discovery</text></passage><passage><infon key="fpage">384</infon><infon key="issue">4</infon><infon key="lpage">387</infon><infon key="name_0">surname:Walters;given-names:W. P.</infon><infon key="name_1">surname:Ajay</infon><infon key="name_2">surname:Murcko;given-names:M. A.</infon><infon key="pub-id_doi">10.1016/S1367-5931(99)80058-1</infon><infon key="pub-id_pmid">10419858</infon><infon key="section_type">REF</infon><infon key="source">Curr. Opin.
Chem. Biol.</infon><infon key="type">ref</infon><infon key="volume">3</infon><infon key="year">1999</infon><offset>46878</offset><text>Recognizing molecules with drug-like properties</text></passage><passage><infon key="fpage">137</infon><infon key="issue">1</infon><infon key="lpage">42</infon><infon key="name_0">surname:Roche;given-names:O.</infon><infon key="name_1">surname:Schneider;given-names:P.</infon><infon key="name_10">surname:Neidhart;given-names:W.</infon><infon key="name_11">surname:Stalder;given-names:H.</infon><infon key="name_12">surname:Dillon;given-names:M.</infon><infon key="name_13">surname:Sjogren;given-names:E.</infon><infon key="name_14">surname:Fotouhi;given-names:N.</infon><infon key="name_15">surname:Gillespie;given-names:P.</infon><infon key="name_16">surname:Goodnow;given-names:R.</infon><infon key="name_17">surname:Harris;given-names:W.</infon><infon key="name_18">surname:Jones;given-names:P.</infon><infon key="name_19">surname:Taniguchi;given-names:M.</infon><infon key="name_2">surname:Zuegge;given-names:J.</infon><infon key="name_20">surname:Tsujii;given-names:S.</infon><infon key="name_21">surname:von der Saal;given-names:W.</infon><infon key="name_22">surname:Zimmermann;given-names:G.</infon><infon key="name_23">surname:Schneider;given-names:G.</infon><infon key="name_3">surname:Guba;given-names:W.</infon><infon key="name_4">surname:Kansy;given-names:M.</infon><infon key="name_5">surname:Alanine;given-names:A.</infon><infon key="name_6">surname:Bleicher;given-names:K.</infon><infon key="name_7">surname:Danel;given-names:F.</infon><infon key="name_8">surname:Gutknecht;given-names:E. M.</infon><infon key="name_9">surname:Rogers-Evans;given-names:M.</infon><infon key="pub-id_doi">10.1021/jm010934d</infon><infon key="pub-id_pmid">11754585</infon><infon key="section_type">REF</infon><infon key="source">J. Med. Chem.</infon><infon key="type">ref</infon><infon key="volume">45</infon><infon key="year">2002</infon><offset>46926</offset><text>Development of a virtual screening method for identification of ″frequent hitters″ in compound libraries</text></passage><passage><infon key="fpage">36863</infon><infon key="issue">40</infon><infon key="lpage">4</infon><infon key="name_0">surname:Olefsky;given-names:J. M.</infon><infon key="pub-id_doi">10.1074/jbc.R100047200</infon><infon key="pub-id_pmid">11459855</infon><infon key="section_type">REF</infon><infon key="source">J. Biol. Chem.</infon><infon key="type">ref</infon><infon key="volume">276</infon><infon key="year">2001</infon><offset>47035</offset><text>Nuclear receptor minireview series</text></passage><passage><infon key="fpage">489</infon><infon key="issue">2</infon><infon key="lpage">501</infon><infon key="name_0">surname:Lynch;given-names:C.</infon><infon key="name_1">surname:Pan;given-names:Y.</infon><infon key="name_2">surname:Li;given-names:L.</infon><infon key="name_3">surname:Ferguson;given-names:S. S.</infon><infon key="name_4">surname:Xia;given-names:M.</infon><infon key="name_5">surname:Swaan;given-names:P. W.</infon><infon key="name_6">surname:Wang;given-names:H.</infon><infon key="pub-id_doi">10.1007/s11095-012-0895-1</infon><infon key="pub-id_pmid">23090669</infon><infon key="section_type">REF</infon><infon key="source">Pharm. Res.</infon><infon key="type">ref</infon><infon key="volume">30</infon><infon key="year">2013</infon><offset>47070</offset><text>Identification of novel activators of constitutive androstane receptor from fda-approved drugs by integrated computational and biological approaches</text></passage><passage><infon key="fpage">10405</infon><infon key="name_0">surname:Lynch;given-names:C.</infon><infon key="name_1">surname:Zhao;given-names:J.</infon><infon key="name_2">surname:Huang;given-names:R.</infon><infon key="name_3">surname:Xiao;given-names:J.</infon><infon key="name_4">surname:Li;given-names:L.</infon><infon key="name_5">surname:Heyward;given-names:S.</infon><infon key="name_6">surname:Xia;given-names:M.</infon><infon key="name_7">surname:Wang;given-names:H.</infon><infon key="pub-id_doi">10.1038/srep10405</infon><infon key="pub-id_pmid">25993555</infon><infon key="section_type">REF</infon><infon key="source">Sci. Rep.</infon><infon key="type">ref</infon><infon key="volume">5</infon><infon key="year">2015</infon><offset>47219</offset><text>Quantitative high-throughput identification of drugs as modulators of human constitutive androstane receptor</text></passage><passage><infon key="fpage">443</infon><infon key="issue">2</infon><infon key="lpage">53</infon><infon key="name_0">surname:Li;given-names:L.</infon><infon key="name_1">surname:Chen;given-names:T.</infon><infon key="name_2">surname:Stanton;given-names:J. D.</infon><infon key="name_3">surname:Sueyoshi;given-names:T.</infon><infon key="name_4">surname:Negishi;given-names:M.</infon><infon key="name_5">surname:Wang;given-names:H.</infon><infon key="pub-id_doi">10.1124/mol.108.046656</infon><infon key="pub-id_pmid">18492798</infon><infon key="section_type">REF</infon><infon key="source">Mol. Pharmacol.</infon><infon key="type">ref</infon><infon key="volume">74</infon><infon key="year">2008</infon><offset>47328</offset><text>The peripheral benzodiazepine receptor ligand 1-(2-chlorophenyl-methylpropyl)-3-isoquinoline-carboxamide is a novel antagonist of human constitutive androstane receptor</text></passage><passage><infon key="fpage">17277</infon><infon key="issue">19</infon><infon key="lpage">83</infon><infon key="name_0">surname:Maglich;given-names:J. M.</infon><infon key="name_1">surname:Parks;given-names:D. J.</infon><infon key="name_10">surname:Moore;given-names:J. T.</infon><infon key="name_2">surname:Moore;given-names:L. B.</infon><infon key="name_3">surname:Collins;given-names:J. L.</infon><infon key="name_4">surname:Goodwin;given-names:B.</infon><infon key="name_5">surname:Billin;given-names:A. N.</infon><infon key="name_6">surname:Stoltz;given-names:C. A.</infon><infon key="name_7">surname:Kliewer;given-names:S. A.</infon><infon key="name_8">surname:Lambert;given-names:M. H.</infon><infon key="name_9">surname:Willson;given-names:T. M.</infon><infon key="pub-id_doi">10.1074/jbc.M300138200</infon><infon key="pub-id_pmid">12611900</infon><infon key="section_type">REF</infon><infon key="source">J. Biol. Chem.</infon><infon key="type">ref</infon><infon key="volume">278</infon><infon key="year">2003</infon><offset>47497</offset><text>Identification of a novel human constitutive androstane receptor (car) agonist and its use in the identification of car target genes</text></passage><passage><infon key="fpage">a004317</infon><infon key="issue">6</infon><infon key="name_0">surname:Mekahli;given-names:D.</infon><infon key="name_1">surname:Bultynck;given-names:G.</infon><infon key="name_2">surname:Parys;given-names:J. B.</infon><infon key="name_3">surname:De Smedt;given-names:H.</infon><infon key="name_4">surname:Missiaen;given-names:L.</infon><infon key="pub-id_doi">10.1101/cshperspect.a004317</infon><infon key="section_type">REF</infon><infon key="source">Cold Spring Harbor
Perspect. Biol.</infon><infon key="type">ref</infon><infon key="volume">3</infon><infon key="year">2011</infon><offset>47630</offset><text>Endoplasmic-reticulum calcium depletion and disease</text></passage><passage><infon key="fpage">1162</infon><infon key="issue">4</infon><infon key="lpage">5</infon><infon key="name_0">surname:Moreno;given-names:J.</infon><infon key="name_1">surname:Picazo;given-names:E.</infon><infon key="name_2">surname:Morrill;given-names:L. A.</infon><infon key="name_3">surname:Smith;given-names:J. M.</infon><infon key="name_4">surname:Garg;given-names:N. K.</infon><infon key="pub-id_doi">10.1021/jacs.5b12880</infon><infon key="pub-id_pmid">26783944</infon><infon key="section_type">REF</infon><infon key="source">J. Am. Chem.
Soc.</infon><infon key="type">ref</infon><infon key="volume">138</infon><infon key="year">2016</infon><offset>47682</offset><text>Enantioselective total syntheses of akuammiline alkaloids (+)-strictamine, (−)-2(s)-cathafoline, and (−)-aspidophylline a</text></passage><passage><infon key="fpage">788</infon><infon key="issue">8</infon><infon key="lpage">9</infon><infon key="name_0">surname:Smith;given-names:C. G.</infon><infon key="name_1">surname:Vane;given-names:J. R.</infon><infon key="pub-id_doi">10.1096/fj.03-0093life</infon><infon key="pub-id_pmid">12724335</infon><infon key="section_type">REF</infon><infon key="source">FASEB
J.</infon><infon key="type">ref</infon><infon key="volume">17</infon><infon key="year">2003</infon><offset>47808</offset><text>The discovery of captopril</text></passage><passage><infon key="section_type">REF</infon><infon key="type">ref</infon><infon key="year">2018</infon><offset>47835</offset><text>Open for innovation knime—rdkit</text></passage><passage><infon key="section_type">REF</infon><infon key="type">ref</infon><infon key="year">2018</infon><offset>47869</offset><text>Epam, life sciences open source–nodes for knime</text></passage><passage><infon key="section_type">REF</infon><infon key="type">ref</infon><infon key="year">2018</infon><offset>47919</offset><text>Rdkit: Open-source cheminformatics software</text></passage><passage><infon key="fpage">319</infon><infon key="lpage">326</infon><infon key="name_0">surname:Berthold;given-names:M. R.</infon><infon key="name_1">surname:Cebron;given-names:N.</infon><infon key="name_2">surname:Dill;given-names:F.</infon><infon key="name_3">surname:Gabriel;given-names:T. R.</infon><infon key="name_4">surname:Kötter;given-names:T.</infon><infon key="name_5">surname:Meinl;given-names:T.</infon><infon key="name_6">surname:Ohl;given-names:P.</infon><infon key="name_7">surname:Sieb;given-names:C.</infon><infon key="name_8">surname:Thiel;given-names:K.</infon><infon key="name_9">surname:Wiswedel;given-names:B.</infon><infon key="section_type">REF</infon><infon key="source">Studies
in classification, data analysis, and knowledge organization (gfkl
2007)</infon><infon key="type">ref</infon><infon key="year">2007</infon><offset>47963</offset><text>Knime: The konstanz information miner</text></passage><passage><infon key="fpage">489</infon><infon key="name_0">surname:Seethala;given-names:R.</infon><infon key="name_1">surname:Zhang;given-names:L.</infon><infon key="section_type">REF</infon><infon key="source">Handbook of drug screening</infon><infon key="type">ref</infon><infon key="year">2009</infon><offset>48001</offset></passage><passage><infon key="fpage">57</infon><infon key="lpage">66</infon><infon key="name_0">surname:Wang;given-names:Y.</infon><infon key="name_1">surname:Jadhav;given-names:A.</infon><infon key="name_2">surname:Southal;given-names:N.</infon><infon key="name_3">surname:Huang;given-names:R.</infon><infon key="name_4">surname:Nguyen;given-names:D. T.</infon><infon key="pub-id_doi">10.2174/1875397301004010057</infon><infon key="pub-id_pmid">21331310</infon><infon key="section_type">REF</infon><infon key="source">Curr. Chem. Genomics</infon><infon key="type">ref</infon><infon key="volume">4</infon><infon key="year">2010</infon><offset>48002</offset><text>A grid algorithm for high throughput fitting of dose-response curve data</text></passage><passage><infon key="fpage">2887</infon><infon key="issue">15</infon><infon key="lpage">93</infon><infon key="name_0">surname:Bemis;given-names:G. W.</infon><infon key="name_1">surname:Murcko;given-names:M. A.</infon><infon key="pub-id_doi">10.1021/jm9602928</infon><infon key="pub-id_pmid">8709122</infon><infon key="section_type">REF</infon><infon key="source">J. Med. Chem.</infon><infon key="type">ref</infon><infon key="volume">39</infon><infon key="year">1996</infon><offset>48075</offset><text>The properties of known drugs. 1. Molecular frameworks</text></passage><passage><infon key="fpage">3714</infon><infon key="issue">20</infon><infon key="lpage">7</infon><infon key="name_0">surname:Ertl;given-names:P.</infon><infon key="name_1">surname:Rohde;given-names:B.</infon><infon key="name_2">surname:Selzer;given-names:P.</infon><infon key="pub-id_doi">10.1021/jm000942e</infon><infon key="pub-id_pmid">11020286</infon><infon key="section_type">REF</infon><infon key="source">J. Med. Chem.</infon><infon key="type">ref</infon><infon key="volume">43</infon><infon key="year">2000</infon><offset>48130</offset><text>Fast calculation of molecular polar surface area as a sum of fragment-based contributions and its application to the prediction of drug transport properties</text></passage><passage><infon key="name_0">surname:Krijthe;given-names:J.</infon><infon key="name_1">surname:van der Maaten</infon><infon key="name_2">surname:Rtsne;given-names:L.</infon><infon key="section_type">REF</infon><infon key="type">ref</infon><infon key="year">2018</infon><offset>48287</offset><text>T-distributed stochastic neighbor embedding using a barnes-hut implementation</text></passage><passage><infon key="fpage">547</infon><infon key="issue">142</infon><infon key="lpage">579</infon><infon key="name_0">surname:Jaccard;given-names:P.</infon><infon key="section_type">REF</infon><infon key="source">Bulletin de la Societe Vaudoise
des Sciences Naturelles</infon><infon key="type">ref</infon><infon key="volume">37</infon><infon key="year">1901</infon><offset>48365</offset><text>Étude comparative de la distribution florale dans une portion des alpes et des jura</text></passage><passage><infon key="name_0">surname:Tanimoto;given-names:T. T.</infon><infon key="section_type">REF</infon><infon key="source">Ibm internal
report
november 17th</infon><infon key="type">ref</infon><infon key="year">1957</infon><offset>48450</offset></passage></document></collection>
