<?xml version="1.0" encoding="UTF-8"?>
<!DOCTYPE collection SYSTEM "BioC.dtd">
<collection><source>PMC</source><date>20201223</date><key>pmc.key</key><document><id>6349007</id><infon key="license">CC BY</infon><passage><infon key="article-id_doi">10.1016/j.pmedr.2018.12.004</infon><infon key="article-id_pmc">6349007</infon><infon key="article-id_pmid">30705810</infon><infon key="article-id_publisher-id">S2211-3355(18)30280-8</infon><infon key="fpage">224</infon><infon key="license">This is an open access article under the CC BY license (http://creativecommons.org/licenses/by/4.0/).</infon><infon key="lpage">228</infon><infon key="name_0">surname:Rounds;given-names:Tiffany</infon><infon key="name_1">surname:Bongard;given-names:Josh</infon><infon key="name_2">surname:Hines;given-names:Paul</infon><infon key="name_3">surname:Harvey;given-names:Jean</infon><infon key="section_type">TITLE</infon><infon key="type">front</infon><infon key="volume">13</infon><infon key="year">2018</infon><offset>0</offset><text>A crowdsourcing approach to understand weight and weight loss in men</text></passage><passage><infon key="section_type">ABSTRACT</infon><infon key="type">abstract_title_1</infon><offset>69</offset><text>Highlights</text></passage><passage><infon key="section_type">ABSTRACT</infon><infon key="type">abstract</infon><offset>80</offset><text>Crowdsourcing can be used to detect unexpected barriers to male weight loss.</text></passage><passage><infon key="section_type">ABSTRACT</infon><infon key="type">abstract</infon><offset>157</offset><text>Some unique behaviors related to high BMI were revealed including watching others play video games.</text></passage><passage><infon key="section_type">ABSTRACT</infon><infon key="type">abstract</infon><offset>257</offset><text>Novel behaviors to target: less watching video games and more organized physical activity</text></passage><passage><infon key="section_type">INTRO</infon><infon key="type">title_1</infon><offset>347</offset><text>Introduction</text></passage><passage><infon key="section_type">INTRO</infon><infon key="type">paragraph</infon><offset>360</offset><text>Obesity and overweight are key contributors to chronic disease and pose a large public health challenge, with approximately 74% of American men classified as overweight or obese. In the United States in 2008, the medical costs associated with obesity reached $147 billion, and annual estimated medical costs are currently $1500 higher for individuals with obesity. In 2013, approximately $2.4 billion was spent on weight loss services provided by over 29,000 companies, and 85% of consumers of the services were women.</text></passage><passage><infon key="section_type">INTRO</infon><infon key="type">paragraph</infon><offset>879</offset><text>Men who are overweight or obese are generally recognized as a hard to involve, yet high-risk group for obesity-related chronic disease treatment. A variety of studies have demonstrated that men are less likely to perceive themselves as overweight, and therefore are less likely to attempt weight loss or participate in a weight loss program. In a systematic review of weight loss interventions conducted online, notably &lt;23% of the 5700 participants were men. However, while both qualitative and quantitative studies suggest limitations to the current literature related to weight loss interventions, there is less information on why men may be reluctant to seek out weight loss treatment in the first place. This illustrates a visible and pressing need to identify novel approaches and program elements that can effectively engage men in initial weight loss and successful long-term weight maintenance. Crowdsourcing has the ability to generate large amounts of data from a broader and more diverse population of men, thus ameliorating some of the limitations and bias inherent in other previously collected data.</text></passage><passage><infon key="section_type">INTRO</infon><infon key="type">paragraph</infon><offset>1994</offset><text>Crowdsourcing is a strategic model used to draw insights from an interested group of individuals who are able to suggest solutions beyond those offered by traditional forms of research. In other words, the crowd “solves” the problem that has scientific professionals puzzled. Web-based crowdsourcing is an inexpensive, fast method to build new hypotheses and uncover unforeseen problems that experts may have previously overlooked. Crowdsourcing is a mixed methods approach with a form of qualitative methodology (the questions being submitted by the subjects) and a quantitative component (the numerical scoring of the answers to posed questions). Therefore, crowdsourcing provided the ideal methodology to use in this study where professionals are “stumped” about the issues surrounding male participation in weight loss interventions and are looking to generate new questions that haven't come with a more traditional type of qualitative research methodology. The goal of the study was to utilize crowdsourcing to detect possible unexpected or new predictors of barriers to weight loss in men in order to guide future intervention design and successful recruitment of men to a weight loss study.</text></passage><passage><infon key="section_type">METHODS</infon><infon key="type">title_1</infon><offset>3201</offset><text>Materials and methods</text></passage><passage><infon key="section_type">METHODS</infon><infon key="type">title_2</infon><offset>3223</offset><text>Recruitment</text></passage><passage><infon key="section_type">METHODS</infon><infon key="type">paragraph</infon><offset>3235</offset><text>Participants were recruited for participation in this study through direct email from investigators, advertisements posted in a widely distributed University of Vermont email newsletter, and reddit.com, which is a social networking and news website with user-submitted content. The notice on reddit.com was posted in a specific section focused on weight loss www.reddit.com/r/loseit where many users spend time reading and commenting on other users' posts, links and photos. Reddit.com was specifically chosen due to the interactive nature of the website, the high number of users (approximately 900,000 unique visits each day), and the fact that 71% of Reddit users are men.</text></passage><passage><infon key="section_type">METHODS</infon><infon key="type">title_2</infon><offset>3911</offset><text>Crowdsourcing methodology</text></passage><passage><infon key="section_type">METHODS</infon><infon key="type">paragraph</infon><offset>3937</offset><text>The website used in this study was based on two prior experiments designed to study individual body mass index and the monthly electric energy consumption of a homeowner. While body mass index and energy consumption are not directly linked, the methodology employed and the two crowdsourcing websites operated in similar ways. These websites were reconstructed to collect crowdsourced predictors of BMI for men only. The survey was designed so users could answer questions and pose new questions they believed could predict obesity. Our goal was to gather men's and women's insight about predictors, challenges, barriers and aspects related to male weight loss as well as investigate the relationship between male BMI and the answers to the crowdsourced survey questions. To provide a more interactive experience, users were asked to enter their real BMI at the beginning of the survey and the computer displayed their “predicted” BMI after each question was answered, based on the association of other users' responses and their self-reported BMI. Research participants who visited the website, titled “The Great Weight Debate”, were first asked to enter their height, weight and gender in order to calculate body mass index (BMI) and track gender for data collection purposes. While this study was specifically interested in predictors of male BMI, women were not prevented from answering and posing questions. However, female responses were excluded from all analyses. We permitted women to ask and answer questions in order to gather more potentially useful information (Do women have ideas about male weight loss that men perhaps have not considered?) We were specifically interested in the relationship between the survey questions and male BMI, which was why female responses were not included in the analyses. Users also had the opportunity to create a “profile” using their email address in order to be eligible for one of the three lottery-selected financial incentives ($100 VISA gift card) designed to encourage participants to answer all questions on the website at the time of their visit. Previous studies suggested the importance of an incentive to encourage users to answer more questions in the survey.</text></passage><passage><infon key="section_type">METHODS</infon><infon key="type">title_2</infon><offset>6170</offset><text>Crowdsourcing survey</text></passage><passage><infon key="section_type">METHODS</infon><infon key="type">paragraph</infon><offset>6191</offset><text>The home page for the survey provided a brief introduction to crowdsourcing and our research project, as well as a quick video demonstrating how to navigate the website. Contact information for the Principal Investigator and a ‘Frequently Asked Questions’ link were also available.</text></passage><passage><infon key="section_type">METHODS</infon><infon key="type">paragraph</infon><offset>6477</offset><text>The survey was ‘seeded’ with five questions the investigators expected to be related to male BMI, based on previous research. The seed questions were “Have you ever been diagnosed with diabetes?”, “Have you ever been diagnosed with high blood pressure?”, “Are you married?”, “Do you participate in an organized sports league?” (all yes/no responses) and, “How concerned are you with your appearance? (5 point Likert scale with 1 = not at all concerned and 5 = very concerned)”. All questions were given to participants in random order. Throughout the survey each question screen displayed the participant's actual BMI alongside their predicted BMI. The predicted BMI was calculated in real-time by performing linear regression on all of the questions and responses from earlier survey users and was updated each time the participant answered a question.</text></passage><passage><infon key="file">gr1.jpg</infon><infon key="id">f0005</infon><infon key="section_type">FIG</infon><infon key="type">fig_caption</infon><offset>7363</offset><text>Crowdsourcing survey flow chart.</text></passage><passage><infon key="file">gr1.jpg</infon><infon key="id">f0005</infon><infon key="section_type">FIG</infon><infon key="type">fig</infon><offset>7396</offset><text>Fig. 1</text></passage><passage><infon key="section_type">METHODS</infon><infon key="type">paragraph</infon><offset>7403</offset><text>Users were able to pose questions of their own, that they believed would help predict male BMI, at any time throughout the survey with one of three different response formats: yes/no, a Likert scale rating 1–5, or a numerical answer. They were unable to pose open-ended questions, for data collection purposes. The survey monitor reviewed all suggested questions and approved questions were added to the survey expeditiously to be answered by other participants visiting the site. Questions were not approved for the survey if they were duplicates of questions already in the survey, contained profanity, or were not deemed to be serious (e.g., “Can you crush an entire bag of cheese doodles in one sitting?”) All questions were presented to users randomly, each with an equal chance of appearing for the user to answer. Fig. 1 outlines the crowdsourcing survey format as described by Bevelander and colleagues in a crowdsourcing study for childhood predictors of adult obesity.</text></passage><passage><infon key="section_type">METHODS</infon><infon key="type">paragraph</infon><offset>8388</offset><text>Data were collected for a two-week cycle in December 2015. Similar to previous studies, no target sample size was established, as it is impossible to estimate the number of participants or the number of questions and answers collected. For this study, the two-week fixed time frame was established during pre-study design and the sample size was the number of participants during that period.</text></passage><passage><infon key="section_type">METHODS</infon><infon key="type">title_2</infon><offset>8781</offset><text>Statistical analysis</text></passage><passage><infon key="section_type">METHODS</infon><infon key="type">paragraph</infon><offset>8802</offset><text>Correlations between question responses and BMI were calculated between self-reported BMI and responses to questions for all male respondents. Pearson correlations were calculated for Likert scale and numerical responses and Spearman's rho was calculated for yes/no responses. All questions that received fewer than 50 responses were excluded from analyses due to insufficient response numbers to appropriately assess correlations.</text></passage><passage><infon key="section_type">METHODS</infon><infon key="type">paragraph</infon><offset>9234</offset><text>Anonymity is one of the advantages of the crowdsourcing mechanism, however this introduces a level of reporting bias in that survey users may not accurately represent themselves in the study (providing incorrect BMI information, untruthfully answering questions, etc.) After collecting all questions and responses, we encountered six obviously falsified answers (responses with numbers that were statistical outliers, e.g. 1261 servings of dairy consumed on an average day), which were removed from all analyses.</text></passage><passage><infon key="section_type">RESULTS</infon><infon key="type">title_1</infon><offset>9747</offset><text>Results</text></passage><passage><infon key="section_type">RESULTS</infon><infon key="type">paragraph</infon><offset>9755</offset><text>Five hundred twenty-two visitors initiated the survey during the two-week survey period. Males comprised 57% of respondents, therefore the sample size for data analysis was 298, once we removed participants who reported an implausible BMI. Men with obesity (BMI &gt; 30) comprised 43.3% (n = 129) of the sample, overweight (BMI 25.0–29.9) 33.6%, (n = 100) healthy weight (BMI 18.5–24.9) 23.1%,(n = 69) and underweight (BMI &lt; 18.5) 0%.</text></passage><passage><infon key="section_type">RESULTS</infon><infon key="type">paragraph</infon><offset>10211</offset><text>In addition to the five ‘seed’ questions supplied by the researchers, participants proposed 192 new questions, 188 of which were approved and added to the survey. In total, participants provided 21,846 responses to the 193 questions. Participants could only answer each question once. On average, each question was answered 126 times. Twenty-six questions were excluded due to fewer than 50 responses.</text></passage><passage><infon key="file">t0005.xml</infon><infon key="id">t0005</infon><infon key="section_type">TABLE</infon><infon key="type">table_caption</infon><offset>10617</offset><text>Questions significantly correlated with BMI for men (highest correlations shown).</text></passage><passage><infon key="file">t0005.xml</infon><infon key="id">t0005</infon><infon key="section_type">TABLE</infon><infon key="type">table</infon><infon key="xml">&lt;?xml version=&quot;1.0&quot; encoding=&quot;UTF-8&quot;?&gt;
&lt;table frame=&quot;hsides&quot; rules=&quot;groups&quot;&gt;&lt;thead&gt;&lt;tr&gt;&lt;th&gt;Question&lt;/th&gt;&lt;th&gt;Correlation&lt;/th&gt;&lt;th&gt;Number of responses&lt;/th&gt;&lt;th&gt;&lt;italic&gt;p&lt;/italic&gt;-Value&lt;/th&gt;&lt;/tr&gt;&lt;/thead&gt;&lt;tbody&gt;&lt;tr&gt;&lt;td&gt;Likert scale&lt;/td&gt;&lt;td/&gt;&lt;td/&gt;&lt;td/&gt;&lt;/tr&gt;&lt;tr&gt;&lt;td&gt; I enjoy watching home improvement shows.&lt;/td&gt;&lt;td&gt;0.221&lt;/td&gt;&lt;td&gt;95&lt;/td&gt;&lt;td&gt;0.032&lt;/td&gt;&lt;/tr&gt;&lt;tr&gt;&lt;td&gt; I prefer salty snacks over sweet snacks.&lt;/td&gt;&lt;td&gt;0.174&lt;/td&gt;&lt;td&gt;153&lt;/td&gt;&lt;td&gt;0.032&lt;/td&gt;&lt;/tr&gt;&lt;tr&gt;&lt;td&gt; I am comfortable in a swimsuit.&lt;/td&gt;&lt;td&gt;−0.302&lt;/td&gt;&lt;td&gt;164&lt;/td&gt;&lt;td&gt;&amp;lt;0.001&lt;/td&gt;&lt;/tr&gt;&lt;tr&gt;&lt;td&gt; I buy organic even if it is more expensive.&lt;/td&gt;&lt;td&gt;−0.172&lt;/td&gt;&lt;td&gt;151&lt;/td&gt;&lt;td&gt;0.035&lt;/td&gt;&lt;/tr&gt;&lt;tr&gt;&lt;td&gt; I always choose the healthy snack when given a choice.&lt;/td&gt;&lt;td&gt;−0.170&lt;/td&gt;&lt;td&gt;170&lt;/td&gt;&lt;td&gt;0.027&lt;/td&gt;&lt;/tr&gt;&lt;tr&gt;&lt;td&gt;Yes/no&lt;/td&gt;&lt;td/&gt;&lt;td/&gt;&lt;td/&gt;&lt;/tr&gt;&lt;tr&gt;&lt;td&gt; Do you think your BMI is above average?&lt;/td&gt;&lt;td&gt;0.623&lt;/td&gt;&lt;td&gt;151&lt;/td&gt;&lt;td&gt;&amp;lt;0.001&lt;/td&gt;&lt;/tr&gt;&lt;tr&gt;&lt;td&gt; Is anyone in your immediate family overweight?&lt;/td&gt;&lt;td&gt;0.341&lt;/td&gt;&lt;td&gt;154&lt;/td&gt;&lt;td&gt;&amp;lt;0.001&lt;/td&gt;&lt;/tr&gt;&lt;tr&gt;&lt;td&gt; Have you lost weight and regained all or some of it?&lt;/td&gt;&lt;td&gt;0.313&lt;/td&gt;&lt;td&gt;98&lt;/td&gt;&lt;td&gt;0.002&lt;/td&gt;&lt;/tr&gt;&lt;tr&gt;&lt;td&gt; Have you ever been diagnosed with high blood pressure?&lt;xref rid=&quot;tf0005&quot; ref-type=&quot;table-fn&quot;&gt;a&lt;/xref&gt;&lt;/td&gt;&lt;td&gt;0.257&lt;/td&gt;&lt;td&gt;172&lt;/td&gt;&lt;td&gt;0.001&lt;/td&gt;&lt;/tr&gt;&lt;tr&gt;&lt;td&gt; Have you tried home workout videos or programs?&lt;/td&gt;&lt;td&gt;0.242&lt;/td&gt;&lt;td&gt;100&lt;/td&gt;&lt;td&gt;0.015&lt;/td&gt;&lt;/tr&gt;&lt;tr&gt;&lt;td&gt; Are you concerned with calorie and fat content of the foods you eat?&lt;/td&gt;&lt;td&gt;0.212&lt;/td&gt;&lt;td&gt;164&lt;/td&gt;&lt;td&gt;0.006&lt;/td&gt;&lt;/tr&gt;&lt;tr&gt;&lt;td&gt; Do you own a cat?&lt;/td&gt;&lt;td&gt;0.199&lt;/td&gt;&lt;td&gt;130&lt;/td&gt;&lt;td&gt;0.023&lt;/td&gt;&lt;/tr&gt;&lt;tr&gt;&lt;td&gt; Do you own a car?&lt;/td&gt;&lt;td&gt;0.188&lt;/td&gt;&lt;td&gt;115&lt;/td&gt;&lt;td&gt;0.045&lt;/td&gt;&lt;/tr&gt;&lt;tr&gt;&lt;td&gt; Do you own a pet?&lt;/td&gt;&lt;td&gt;0.160&lt;/td&gt;&lt;td&gt;163&lt;/td&gt;&lt;td&gt;0.041&lt;/td&gt;&lt;/tr&gt;&lt;tr&gt;&lt;td&gt; Are you happy with your weight?&lt;/td&gt;&lt;td&gt;−0.487&lt;/td&gt;&lt;td&gt;163&lt;/td&gt;&lt;td&gt;&amp;lt;0.001&lt;/td&gt;&lt;/tr&gt;&lt;tr&gt;&lt;td&gt; Are you happy with your body?&lt;/td&gt;&lt;td&gt;−0.446&lt;/td&gt;&lt;td&gt;159&lt;/td&gt;&lt;td&gt;&amp;lt;0.001&lt;/td&gt;&lt;/tr&gt;&lt;tr&gt;&lt;td&gt; Can you do a pullup?&lt;/td&gt;&lt;td&gt;−0.418&lt;/td&gt;&lt;td&gt;105&lt;/td&gt;&lt;td&gt;&amp;lt;0.001&lt;/td&gt;&lt;/tr&gt;&lt;tr&gt;&lt;td&gt; Do you feel healthy?&lt;/td&gt;&lt;td&gt;−0.401&lt;/td&gt;&lt;td&gt;154&lt;/td&gt;&lt;td&gt;&amp;lt;0.001&lt;/td&gt;&lt;/tr&gt;&lt;tr&gt;&lt;td&gt; Can you run 1 mile or further?&lt;/td&gt;&lt;td&gt;−0.316&lt;/td&gt;&lt;td&gt;106&lt;/td&gt;&lt;td&gt;0.001&lt;/td&gt;&lt;/tr&gt;&lt;tr&gt;&lt;td&gt; Do you frequently listen to audiobooks or podcasts?&lt;/td&gt;&lt;td&gt;−0.284&lt;/td&gt;&lt;td&gt;84&lt;/td&gt;&lt;td&gt;0.009&lt;/td&gt;&lt;/tr&gt;&lt;tr&gt;&lt;td&gt; Do you always take the stairs?&lt;/td&gt;&lt;td&gt;−0.268&lt;/td&gt;&lt;td&gt;109&lt;/td&gt;&lt;td&gt;0.005&lt;/td&gt;&lt;/tr&gt;&lt;tr&gt;&lt;td&gt; Did you grow up in a family that embraced an active lifestyle?&lt;/td&gt;&lt;td&gt;−0.258&lt;/td&gt;&lt;td&gt;155&lt;/td&gt;&lt;td&gt;0.001&lt;/td&gt;&lt;/tr&gt;&lt;tr&gt;&lt;td&gt; Do you plan active outdoor activities (such as going for a hike or going skiing) for fun?&lt;/td&gt;&lt;td&gt;−0.251&lt;/td&gt;&lt;td&gt;145&lt;/td&gt;&lt;td&gt;0.002&lt;/td&gt;&lt;/tr&gt;&lt;tr&gt;&lt;td&gt; Can you do 10 pushups?&lt;/td&gt;&lt;td&gt;−0.234&lt;/td&gt;&lt;td&gt;117&lt;/td&gt;&lt;td&gt;0.014&lt;/td&gt;&lt;/tr&gt;&lt;tr&gt;&lt;td&gt; Do you eat cereal for breakfast?&lt;/td&gt;&lt;td&gt;−0.215&lt;/td&gt;&lt;td&gt;153&lt;/td&gt;&lt;td&gt;0.008&lt;/td&gt;&lt;/tr&gt;&lt;tr&gt;&lt;td&gt; Do you enjoy talking about food and fitness topics?&lt;/td&gt;&lt;td&gt;−0.203&lt;/td&gt;&lt;td&gt;113&lt;/td&gt;&lt;td&gt;0.031&lt;/td&gt;&lt;/tr&gt;&lt;tr&gt;&lt;td&gt; Do you participate in an organized sports league?&lt;/td&gt;&lt;td&gt;−0.184&lt;/td&gt;&lt;td&gt;179&lt;/td&gt;&lt;td&gt;0.017&lt;/td&gt;&lt;/tr&gt;&lt;tr&gt;&lt;td&gt; Do you participate in outdoor sports in the winter?&lt;/td&gt;&lt;td&gt;−0.180&lt;/td&gt;&lt;td&gt;143&lt;/td&gt;&lt;td&gt;0.032&lt;/td&gt;&lt;/tr&gt;&lt;tr&gt;&lt;td&gt; Do you like to exercise when you are on vacation?&lt;/td&gt;&lt;td&gt;−0.164&lt;/td&gt;&lt;td&gt;160&lt;/td&gt;&lt;td&gt;0.038&lt;/td&gt;&lt;/tr&gt;&lt;tr&gt;&lt;td&gt;Numerical&lt;/td&gt;&lt;td/&gt;&lt;td/&gt;&lt;td/&gt;&lt;/tr&gt;&lt;tr&gt;&lt;td&gt; How many servings of dairy products do you typically consume on an average day?&lt;/td&gt;&lt;td&gt;0.375&lt;/td&gt;&lt;td&gt;156&lt;/td&gt;&lt;td&gt;&amp;lt;0.001&lt;/td&gt;&lt;/tr&gt;&lt;tr&gt;&lt;td&gt; How many diet sodas do you drink each day?&lt;/td&gt;&lt;td&gt;0.263&lt;/td&gt;&lt;td&gt;158&lt;/td&gt;&lt;td&gt;0.001&lt;/td&gt;&lt;/tr&gt;&lt;tr&gt;&lt;td&gt; How many siblings do you have?&lt;/td&gt;&lt;td&gt;0.228&lt;/td&gt;&lt;td&gt;151&lt;/td&gt;&lt;td&gt;0.005&lt;/td&gt;&lt;/tr&gt;&lt;tr&gt;&lt;td&gt; How many hours a week do you watch video games?&lt;/td&gt;&lt;td&gt;0.227&lt;/td&gt;&lt;td&gt;154&lt;/td&gt;&lt;td&gt;0.005&lt;/td&gt;&lt;/tr&gt;&lt;tr&gt;&lt;td&gt; How many times a year do you eat at a buffet restaurant?&lt;/td&gt;&lt;td&gt;0.212&lt;/td&gt;&lt;td&gt;153&lt;/td&gt;&lt;td&gt;0.009&lt;/td&gt;&lt;/tr&gt;&lt;tr&gt;&lt;td&gt; Approximately how many books do you read monthly?&lt;/td&gt;&lt;td&gt;0.167&lt;/td&gt;&lt;td&gt;153&lt;/td&gt;&lt;td&gt;0.039&lt;/td&gt;&lt;/tr&gt;&lt;tr&gt;&lt;td&gt; How often a week do you eat a leafy green vegetable?&lt;/td&gt;&lt;td&gt;0.166&lt;/td&gt;&lt;td&gt;148&lt;/td&gt;&lt;td&gt;0.043&lt;/td&gt;&lt;/tr&gt;&lt;tr&gt;&lt;td&gt; How many times a week do you eat ice cream/frozen yogurt/gelato?&lt;/td&gt;&lt;td&gt;−0.190&lt;/td&gt;&lt;td&gt;139&lt;/td&gt;&lt;td&gt;0.025&lt;/td&gt;&lt;/tr&gt;&lt;/tbody&gt;&lt;/table&gt;
</infon><offset>10699</offset><text>Table 1	 	</text></passage><passage><infon key="file">t0005.xml</infon><infon key="id">t0005</infon><infon key="section_type">TABLE</infon><infon key="type">table</infon><infon key="xml">&lt;?xml version=&quot;1.0&quot; encoding=&quot;UTF-8&quot;?&gt;
&lt;table frame=&quot;hsides&quot; rules=&quot;groups&quot;&gt;&lt;thead&gt;&lt;tr&gt;&lt;th&gt;Question&lt;/th&gt;&lt;th&gt;Correlation&lt;/th&gt;&lt;th&gt;Number of responses&lt;/th&gt;&lt;th&gt;&lt;italic&gt;p&lt;/italic&gt;-Value&lt;/th&gt;&lt;/tr&gt;&lt;/thead&gt;&lt;tbody&gt;&lt;tr&gt;&lt;td&gt;Likert scale&lt;/td&gt;&lt;td/&gt;&lt;td/&gt;&lt;td/&gt;&lt;/tr&gt;&lt;tr&gt;&lt;td&gt; I enjoy watching home improvement shows.&lt;/td&gt;&lt;td&gt;0.221&lt;/td&gt;&lt;td&gt;95&lt;/td&gt;&lt;td&gt;0.032&lt;/td&gt;&lt;/tr&gt;&lt;tr&gt;&lt;td&gt; I prefer salty snacks over sweet snacks.&lt;/td&gt;&lt;td&gt;0.174&lt;/td&gt;&lt;td&gt;153&lt;/td&gt;&lt;td&gt;0.032&lt;/td&gt;&lt;/tr&gt;&lt;tr&gt;&lt;td&gt; I am comfortable in a swimsuit.&lt;/td&gt;&lt;td&gt;−0.302&lt;/td&gt;&lt;td&gt;164&lt;/td&gt;&lt;td&gt;&amp;lt;0.001&lt;/td&gt;&lt;/tr&gt;&lt;tr&gt;&lt;td&gt; I buy organic even if it is more expensive.&lt;/td&gt;&lt;td&gt;−0.172&lt;/td&gt;&lt;td&gt;151&lt;/td&gt;&lt;td&gt;0.035&lt;/td&gt;&lt;/tr&gt;&lt;tr&gt;&lt;td&gt; I always choose the healthy snack when given a choice.&lt;/td&gt;&lt;td&gt;−0.170&lt;/td&gt;&lt;td&gt;170&lt;/td&gt;&lt;td&gt;0.027&lt;/td&gt;&lt;/tr&gt;&lt;tr&gt;&lt;td&gt;Yes/no&lt;/td&gt;&lt;td/&gt;&lt;td/&gt;&lt;td/&gt;&lt;/tr&gt;&lt;tr&gt;&lt;td&gt; Do you think your BMI is above average?&lt;/td&gt;&lt;td&gt;0.623&lt;/td&gt;&lt;td&gt;151&lt;/td&gt;&lt;td&gt;&amp;lt;0.001&lt;/td&gt;&lt;/tr&gt;&lt;tr&gt;&lt;td&gt; Is anyone in your immediate family overweight?&lt;/td&gt;&lt;td&gt;0.341&lt;/td&gt;&lt;td&gt;154&lt;/td&gt;&lt;td&gt;&amp;lt;0.001&lt;/td&gt;&lt;/tr&gt;&lt;tr&gt;&lt;td&gt; Have you lost weight and regained all or some of it?&lt;/td&gt;&lt;td&gt;0.313&lt;/td&gt;&lt;td&gt;98&lt;/td&gt;&lt;td&gt;0.002&lt;/td&gt;&lt;/tr&gt;&lt;tr&gt;&lt;td&gt; Have you ever been diagnosed with high blood pressure?&lt;xref rid=&quot;tf0005&quot; ref-type=&quot;table-fn&quot;&gt;a&lt;/xref&gt;&lt;/td&gt;&lt;td&gt;0.257&lt;/td&gt;&lt;td&gt;172&lt;/td&gt;&lt;td&gt;0.001&lt;/td&gt;&lt;/tr&gt;&lt;tr&gt;&lt;td&gt; Have you tried home workout videos or programs?&lt;/td&gt;&lt;td&gt;0.242&lt;/td&gt;&lt;td&gt;100&lt;/td&gt;&lt;td&gt;0.015&lt;/td&gt;&lt;/tr&gt;&lt;tr&gt;&lt;td&gt; Are you concerned with calorie and fat content of the foods you eat?&lt;/td&gt;&lt;td&gt;0.212&lt;/td&gt;&lt;td&gt;164&lt;/td&gt;&lt;td&gt;0.006&lt;/td&gt;&lt;/tr&gt;&lt;tr&gt;&lt;td&gt; Do you own a cat?&lt;/td&gt;&lt;td&gt;0.199&lt;/td&gt;&lt;td&gt;130&lt;/td&gt;&lt;td&gt;0.023&lt;/td&gt;&lt;/tr&gt;&lt;tr&gt;&lt;td&gt; Do you own a car?&lt;/td&gt;&lt;td&gt;0.188&lt;/td&gt;&lt;td&gt;115&lt;/td&gt;&lt;td&gt;0.045&lt;/td&gt;&lt;/tr&gt;&lt;tr&gt;&lt;td&gt; Do you own a pet?&lt;/td&gt;&lt;td&gt;0.160&lt;/td&gt;&lt;td&gt;163&lt;/td&gt;&lt;td&gt;0.041&lt;/td&gt;&lt;/tr&gt;&lt;tr&gt;&lt;td&gt; Are you happy with your weight?&lt;/td&gt;&lt;td&gt;−0.487&lt;/td&gt;&lt;td&gt;163&lt;/td&gt;&lt;td&gt;&amp;lt;0.001&lt;/td&gt;&lt;/tr&gt;&lt;tr&gt;&lt;td&gt; Are you happy with your body?&lt;/td&gt;&lt;td&gt;−0.446&lt;/td&gt;&lt;td&gt;159&lt;/td&gt;&lt;td&gt;&amp;lt;0.001&lt;/td&gt;&lt;/tr&gt;&lt;tr&gt;&lt;td&gt; Can you do a pullup?&lt;/td&gt;&lt;td&gt;−0.418&lt;/td&gt;&lt;td&gt;105&lt;/td&gt;&lt;td&gt;&amp;lt;0.001&lt;/td&gt;&lt;/tr&gt;&lt;tr&gt;&lt;td&gt; Do you feel healthy?&lt;/td&gt;&lt;td&gt;−0.401&lt;/td&gt;&lt;td&gt;154&lt;/td&gt;&lt;td&gt;&amp;lt;0.001&lt;/td&gt;&lt;/tr&gt;&lt;tr&gt;&lt;td&gt; Can you run 1 mile or further?&lt;/td&gt;&lt;td&gt;−0.316&lt;/td&gt;&lt;td&gt;106&lt;/td&gt;&lt;td&gt;0.001&lt;/td&gt;&lt;/tr&gt;&lt;tr&gt;&lt;td&gt; Do you frequently listen to audiobooks or podcasts?&lt;/td&gt;&lt;td&gt;−0.284&lt;/td&gt;&lt;td&gt;84&lt;/td&gt;&lt;td&gt;0.009&lt;/td&gt;&lt;/tr&gt;&lt;tr&gt;&lt;td&gt; Do you always take the stairs?&lt;/td&gt;&lt;td&gt;−0.268&lt;/td&gt;&lt;td&gt;109&lt;/td&gt;&lt;td&gt;0.005&lt;/td&gt;&lt;/tr&gt;&lt;tr&gt;&lt;td&gt; Did you grow up in a family that embraced an active lifestyle?&lt;/td&gt;&lt;td&gt;−0.258&lt;/td&gt;&lt;td&gt;155&lt;/td&gt;&lt;td&gt;0.001&lt;/td&gt;&lt;/tr&gt;&lt;tr&gt;&lt;td&gt; Do you plan active outdoor activities (such as going for a hike or going skiing) for fun?&lt;/td&gt;&lt;td&gt;−0.251&lt;/td&gt;&lt;td&gt;145&lt;/td&gt;&lt;td&gt;0.002&lt;/td&gt;&lt;/tr&gt;&lt;tr&gt;&lt;td&gt; Can you do 10 pushups?&lt;/td&gt;&lt;td&gt;−0.234&lt;/td&gt;&lt;td&gt;117&lt;/td&gt;&lt;td&gt;0.014&lt;/td&gt;&lt;/tr&gt;&lt;tr&gt;&lt;td&gt; Do you eat cereal for breakfast?&lt;/td&gt;&lt;td&gt;−0.215&lt;/td&gt;&lt;td&gt;153&lt;/td&gt;&lt;td&gt;0.008&lt;/td&gt;&lt;/tr&gt;&lt;tr&gt;&lt;td&gt; Do you enjoy talking about food and fitness topics?&lt;/td&gt;&lt;td&gt;−0.203&lt;/td&gt;&lt;td&gt;113&lt;/td&gt;&lt;td&gt;0.031&lt;/td&gt;&lt;/tr&gt;&lt;tr&gt;&lt;td&gt; Do you participate in an organized sports league?&lt;/td&gt;&lt;td&gt;−0.184&lt;/td&gt;&lt;td&gt;179&lt;/td&gt;&lt;td&gt;0.017&lt;/td&gt;&lt;/tr&gt;&lt;tr&gt;&lt;td&gt; Do you participate in outdoor sports in the winter?&lt;/td&gt;&lt;td&gt;−0.180&lt;/td&gt;&lt;td&gt;143&lt;/td&gt;&lt;td&gt;0.032&lt;/td&gt;&lt;/tr&gt;&lt;tr&gt;&lt;td&gt; Do you like to exercise when you are on vacation?&lt;/td&gt;&lt;td&gt;−0.164&lt;/td&gt;&lt;td&gt;160&lt;/td&gt;&lt;td&gt;0.038&lt;/td&gt;&lt;/tr&gt;&lt;tr&gt;&lt;td&gt;Numerical&lt;/td&gt;&lt;td/&gt;&lt;td/&gt;&lt;td/&gt;&lt;/tr&gt;&lt;tr&gt;&lt;td&gt; How many servings of dairy products do you typically consume on an average day?&lt;/td&gt;&lt;td&gt;0.375&lt;/td&gt;&lt;td&gt;156&lt;/td&gt;&lt;td&gt;&amp;lt;0.001&lt;/td&gt;&lt;/tr&gt;&lt;tr&gt;&lt;td&gt; How many diet sodas do you drink each day?&lt;/td&gt;&lt;td&gt;0.263&lt;/td&gt;&lt;td&gt;158&lt;/td&gt;&lt;td&gt;0.001&lt;/td&gt;&lt;/tr&gt;&lt;tr&gt;&lt;td&gt; How many siblings do you have?&lt;/td&gt;&lt;td&gt;0.228&lt;/td&gt;&lt;td&gt;151&lt;/td&gt;&lt;td&gt;0.005&lt;/td&gt;&lt;/tr&gt;&lt;tr&gt;&lt;td&gt; How many hours a week do you watch video games?&lt;/td&gt;&lt;td&gt;0.227&lt;/td&gt;&lt;td&gt;154&lt;/td&gt;&lt;td&gt;0.005&lt;/td&gt;&lt;/tr&gt;&lt;tr&gt;&lt;td&gt; How many times a year do you eat at a buffet restaurant?&lt;/td&gt;&lt;td&gt;0.212&lt;/td&gt;&lt;td&gt;153&lt;/td&gt;&lt;td&gt;0.009&lt;/td&gt;&lt;/tr&gt;&lt;tr&gt;&lt;td&gt; Approximately how many books do you read monthly?&lt;/td&gt;&lt;td&gt;0.167&lt;/td&gt;&lt;td&gt;153&lt;/td&gt;&lt;td&gt;0.039&lt;/td&gt;&lt;/tr&gt;&lt;tr&gt;&lt;td&gt; How often a week do you eat a leafy green vegetable?&lt;/td&gt;&lt;td&gt;0.166&lt;/td&gt;&lt;td&gt;148&lt;/td&gt;&lt;td&gt;0.043&lt;/td&gt;&lt;/tr&gt;&lt;tr&gt;&lt;td&gt; How many times a week do you eat ice cream/frozen yogurt/gelato?&lt;/td&gt;&lt;td&gt;−0.190&lt;/td&gt;&lt;td&gt;139&lt;/td&gt;&lt;td&gt;0.025&lt;/td&gt;&lt;/tr&gt;&lt;/tbody&gt;&lt;/table&gt;
</infon><offset>10710</offset><text>Question	Correlation	Number of responses	p-Value	 	Likert scale				 	 I enjoy watching home improvement shows.	0.221	95	0.032	 	 I prefer salty snacks over sweet snacks.	0.174	153	0.032	 	 I am comfortable in a swimsuit.	−0.302	164	&lt;0.001	 	 I buy organic even if it is more expensive.	−0.172	151	0.035	 	 I always choose the healthy snack when given a choice.	−0.170	170	0.027	 	Yes/no				 	 Do you think your BMI is above average?	0.623	151	&lt;0.001	 	 Is anyone in your immediate family overweight?	0.341	154	&lt;0.001	 	 Have you lost weight and regained all or some of it?	0.313	98	0.002	 	 Have you ever been diagnosed with high blood pressure?a	0.257	172	0.001	 	 Have you tried home workout videos or programs?	0.242	100	0.015	 	 Are you concerned with calorie and fat content of the foods you eat?	0.212	164	0.006	 	 Do you own a cat?	0.199	130	0.023	 	 Do you own a car?	0.188	115	0.045	 	 Do you own a pet?	0.160	163	0.041	 	 Are you happy with your weight?	−0.487	163	&lt;0.001	 	 Are you happy with your body?	−0.446	159	&lt;0.001	 	 Can you do a pullup?	−0.418	105	&lt;0.001	 	 Do you feel healthy?	−0.401	154	&lt;0.001	 	 Can you run 1 mile or further?	−0.316	106	0.001	 	 Do you frequently listen to audiobooks or podcasts?	−0.284	84	0.009	 	 Do you always take the stairs?	−0.268	109	0.005	 	 Did you grow up in a family that embraced an active lifestyle?	−0.258	155	0.001	 	 Do you plan active outdoor activities (such as going for a hike or going skiing) for fun?	−0.251	145	0.002	 	 Can you do 10 pushups?	−0.234	117	0.014	 	 Do you eat cereal for breakfast?	−0.215	153	0.008	 	 Do you enjoy talking about food and fitness topics?	−0.203	113	0.031	 	 Do you participate in an organized sports league?	−0.184	179	0.017	 	 Do you participate in outdoor sports in the winter?	−0.180	143	0.032	 	 Do you like to exercise when you are on vacation?	−0.164	160	0.038	 	Numerical				 	 How many servings of dairy products do you typically consume on an average day?	0.375	156	&lt;0.001	 	 How many diet sodas do you drink each day?	0.263	158	0.001	 	 How many siblings do you have?	0.228	151	0.005	 	 How many hours a week do you watch video games?	0.227	154	0.005	 	 How many times a year do you eat at a buffet restaurant?	0.212	153	0.009	 	 Approximately how many books do you read monthly?	0.167	153	0.039	 	 How often a week do you eat a leafy green vegetable?	0.166	148	0.043	 	 How many times a week do you eat ice cream/frozen yogurt/gelato?	−0.190	139	0.025	 	</text></passage><passage><infon key="file">t0005.xml</infon><infon key="id">t0005</infon><infon key="section_type">TABLE</infon><infon key="type">table_footnote</infon><offset>13249</offset><text>Seed questions submitted by the study team.</text></passage><passage><infon key="section_type">RESULTS</infon><infon key="type">paragraph</infon><offset>13293</offset><text>Out of the total 193 questions that were posted to the survey, 37 questions were significantly correlated with self-reported BMI (p &lt; .05), 21 of which were significant to p &lt; .01. Table 1 presents those questions scaled from the highest correlation to the lowest. The two most highly correlated predictors of high BMI were “Do you think your BMI is above average?” and “How many servings of dairy products do you typically consume on an average day?” The most highly correlated predictors of healthy BMI were “Are you happy with your weight?” and “Are you happy with your body?”</text></passage><passage><infon key="file">t0010.xml</infon><infon key="id">t0010</infon><infon key="section_type">TABLE</infon><infon key="type">table_caption</infon><offset>13897</offset><text>Crowdsourced questions answered grouped by category and statistical significance.</text></passage><passage><infon key="file">t0010.xml</infon><infon key="id">t0010</infon><infon key="section_type">TABLE</infon><infon key="type">table</infon><infon key="xml">&lt;?xml version=&quot;1.0&quot; encoding=&quot;UTF-8&quot;?&gt;
&lt;table frame=&quot;hsides&quot; rules=&quot;groups&quot;&gt;&lt;thead&gt;&lt;tr&gt;&lt;th&gt;Category&lt;/th&gt;&lt;th&gt;Significant&lt;/th&gt;&lt;th&gt;Not significant&lt;/th&gt;&lt;/tr&gt;&lt;/thead&gt;&lt;tbody&gt;&lt;tr&gt;&lt;td rowspan=&quot;5&quot;&gt;Eating habits&lt;/td&gt;&lt;td&gt;(+) How many servings of dairy products do you typically consume on an average day?&lt;/td&gt;&lt;td&gt;Do you drink milk?&lt;/td&gt;&lt;/tr&gt;&lt;tr&gt;&lt;td&gt;(−) Do you eat cereal for breakfast?&lt;/td&gt;&lt;td&gt;Do you always eat breakfast?&lt;/td&gt;&lt;/tr&gt;&lt;tr&gt;&lt;td&gt;(+) How many times a year do you eat at a buffet restaurant?&lt;/td&gt;&lt;td&gt;How many times a week do you eat out?&lt;/td&gt;&lt;/tr&gt;&lt;tr&gt;&lt;td&gt;(−) I always choose the healthy snack when given a choice.&lt;/td&gt;&lt;td&gt;Do you eat snacks while watching television?&lt;/td&gt;&lt;/tr&gt;&lt;tr&gt;&lt;td&gt;(+) How many diet sodas do you drink each day?&lt;/td&gt;&lt;td&gt;Do you follow a vegetarian diet?&lt;/td&gt;&lt;/tr&gt;&lt;tr&gt;&lt;td rowspan=&quot;5&quot;&gt;Personal appearance/perception&lt;/td&gt;&lt;td&gt;(+) Do you think your BMI is above average?&lt;/td&gt;&lt;td&gt;Do you think how you look is important?&lt;/td&gt;&lt;/tr&gt;&lt;tr&gt;&lt;td&gt;(−) Are you happy with your body?&lt;/td&gt;&lt;td&gt;How concerned are you with your appearance?&lt;xref rid=&quot;tf0010&quot; ref-type=&quot;table-fn&quot;&gt;a&lt;/xref&gt;&lt;/td&gt;&lt;/tr&gt;&lt;tr&gt;&lt;td&gt;(−) Are you happy with your weight?&lt;/td&gt;&lt;td&gt;I read magazines with pictures of men that look healthy.&lt;/td&gt;&lt;/tr&gt;&lt;tr&gt;&lt;td&gt;(−) I am comfortable in a swim suit.&lt;/td&gt;&lt;td&gt;How many times a day do you think about your weight?&lt;/td&gt;&lt;/tr&gt;&lt;tr&gt;&lt;td&gt;(−) Do you feel healthy?&lt;/td&gt;&lt;td/&gt;&lt;/tr&gt;&lt;tr&gt;&lt;td rowspan=&quot;2&quot;&gt;Built environment&lt;/td&gt;&lt;td&gt;(+) Do you own a car?&lt;/td&gt;&lt;td&gt;Do you live in an urban area?&lt;/td&gt;&lt;/tr&gt;&lt;tr&gt;&lt;td/&gt;&lt;td&gt;Do you live in a rural area?&lt;/td&gt;&lt;/tr&gt;&lt;tr&gt;&lt;td rowspan=&quot;5&quot;&gt;Physical activity&lt;/td&gt;&lt;td&gt;(−) Do you participate in an organized sports league?&lt;xref rid=&quot;tf0010&quot; ref-type=&quot;table-fn&quot;&gt;a&lt;/xref&gt;&lt;/td&gt;&lt;td&gt;Do you prefer to be with someone when exercising?&lt;/td&gt;&lt;/tr&gt;&lt;tr&gt;&lt;td&gt;(−) Do you plan active outdoor activities (such as going for a hike or going skiing) for fun?&lt;/td&gt;&lt;td&gt;I seek out exercise because it makes me both feel and look better.&lt;/td&gt;&lt;/tr&gt;&lt;tr&gt;&lt;td&gt;(−) Do you like to exercise when you are on vacation?&lt;/td&gt;&lt;td&gt;I don't seek out exercise because I don't have the time or energy.&lt;/td&gt;&lt;/tr&gt;&lt;tr&gt;&lt;td&gt;(−) Do you participate in outdoor sports in the winter?&lt;/td&gt;&lt;td&gt;You are more likely to exercise in a group setting.&lt;/td&gt;&lt;/tr&gt;&lt;tr&gt;&lt;td&gt;(−) Do you always take the stairs?&lt;/td&gt;&lt;td&gt;Do you use a standing desk?&lt;/td&gt;&lt;/tr&gt;&lt;tr&gt;&lt;td rowspan=&quot;3&quot;&gt;Childhood/family&lt;/td&gt;&lt;td&gt;(+) How many siblings do you have?&lt;/td&gt;&lt;td&gt;My mother believes that exercise is important.&lt;/td&gt;&lt;/tr&gt;&lt;tr&gt;&lt;td&gt;(+) Is anyone in your immediate family overweight?&lt;/td&gt;&lt;td/&gt;&lt;/tr&gt;&lt;tr&gt;&lt;td&gt;(−) Did you grow up in a family that embraced an active lifestyle?&lt;/td&gt;&lt;td/&gt;&lt;/tr&gt;&lt;tr&gt;&lt;td rowspan=&quot;3&quot;&gt;Medical issues&lt;/td&gt;&lt;td&gt;(+) Have you ever been diagnosed with high blood pressure?&lt;xref rid=&quot;tf0010&quot; ref-type=&quot;table-fn&quot;&gt;a&lt;/xref&gt;&lt;/td&gt;&lt;td&gt;Have you ever suffered from depression or symptoms of depression?&lt;/td&gt;&lt;/tr&gt;&lt;tr&gt;&lt;td/&gt;&lt;td&gt;Is there any history of heart disease in your family?&lt;/td&gt;&lt;/tr&gt;&lt;tr&gt;&lt;td/&gt;&lt;td&gt;Do you see a doctor for an annual physical?&lt;/td&gt;&lt;/tr&gt;&lt;tr&gt;&lt;td rowspan=&quot;6&quot;&gt;Non-eating/drinking routines&lt;/td&gt;&lt;td&gt;(−) Do you enjoy talking about food and fitness topics?&lt;/td&gt;&lt;td&gt;How many hours a night do you sleep?&lt;/td&gt;&lt;/tr&gt;&lt;tr&gt;&lt;td&gt;(+) I enjoy watching home improvement shows.&lt;/td&gt;&lt;td&gt;Do you regularly set goals for yourself?&lt;/td&gt;&lt;/tr&gt;&lt;tr&gt;&lt;td&gt;(+) Approximately how many books do you read monthly?&lt;/td&gt;&lt;td&gt;How many times per week do you weigh yourself?&lt;/td&gt;&lt;/tr&gt;&lt;tr&gt;&lt;td&gt;(+) How many hours a week do you watch video games?&lt;/td&gt;&lt;td&gt;How many hours of sports do you watch a week?&lt;/td&gt;&lt;/tr&gt;&lt;tr&gt;&lt;td&gt;(+) Do you own a cat?&lt;/td&gt;&lt;td&gt;Do you take vitamins or supplements on a daily basis?&lt;/td&gt;&lt;/tr&gt;&lt;tr&gt;&lt;td&gt;(−) Do you frequently listen to audiobooks or podcasts?&lt;/td&gt;&lt;td/&gt;&lt;/tr&gt;&lt;tr&gt;&lt;td rowspan=&quot;4&quot;&gt;Relationships/sex&lt;/td&gt;&lt;td/&gt;&lt;td&gt;Are you married?&lt;xref rid=&quot;tf0010&quot; ref-type=&quot;table-fn&quot;&gt;a&lt;/xref&gt;&lt;/td&gt;&lt;/tr&gt;&lt;tr&gt;&lt;td/&gt;&lt;td&gt;Does your partner share the same diet goals as you?&lt;/td&gt;&lt;/tr&gt;&lt;tr&gt;&lt;td/&gt;&lt;td&gt;How many times a week do you have sex?&lt;/td&gt;&lt;/tr&gt;&lt;tr&gt;&lt;td/&gt;&lt;td&gt;How many hours of porn are you watching a week?&lt;/td&gt;&lt;/tr&gt;&lt;/tbody&gt;&lt;/table&gt;
</infon><offset>13979</offset><text>Table 2	 	</text></passage><passage><infon key="file">t0010.xml</infon><infon key="id">t0010</infon><infon key="section_type">TABLE</infon><infon key="type">table</infon><infon key="xml">&lt;?xml version=&quot;1.0&quot; encoding=&quot;UTF-8&quot;?&gt;
&lt;table frame=&quot;hsides&quot; rules=&quot;groups&quot;&gt;&lt;thead&gt;&lt;tr&gt;&lt;th&gt;Category&lt;/th&gt;&lt;th&gt;Significant&lt;/th&gt;&lt;th&gt;Not significant&lt;/th&gt;&lt;/tr&gt;&lt;/thead&gt;&lt;tbody&gt;&lt;tr&gt;&lt;td rowspan=&quot;5&quot;&gt;Eating habits&lt;/td&gt;&lt;td&gt;(+) How many servings of dairy products do you typically consume on an average day?&lt;/td&gt;&lt;td&gt;Do you drink milk?&lt;/td&gt;&lt;/tr&gt;&lt;tr&gt;&lt;td&gt;(−) Do you eat cereal for breakfast?&lt;/td&gt;&lt;td&gt;Do you always eat breakfast?&lt;/td&gt;&lt;/tr&gt;&lt;tr&gt;&lt;td&gt;(+) How many times a year do you eat at a buffet restaurant?&lt;/td&gt;&lt;td&gt;How many times a week do you eat out?&lt;/td&gt;&lt;/tr&gt;&lt;tr&gt;&lt;td&gt;(−) I always choose the healthy snack when given a choice.&lt;/td&gt;&lt;td&gt;Do you eat snacks while watching television?&lt;/td&gt;&lt;/tr&gt;&lt;tr&gt;&lt;td&gt;(+) How many diet sodas do you drink each day?&lt;/td&gt;&lt;td&gt;Do you follow a vegetarian diet?&lt;/td&gt;&lt;/tr&gt;&lt;tr&gt;&lt;td rowspan=&quot;5&quot;&gt;Personal appearance/perception&lt;/td&gt;&lt;td&gt;(+) Do you think your BMI is above average?&lt;/td&gt;&lt;td&gt;Do you think how you look is important?&lt;/td&gt;&lt;/tr&gt;&lt;tr&gt;&lt;td&gt;(−) Are you happy with your body?&lt;/td&gt;&lt;td&gt;How concerned are you with your appearance?&lt;xref rid=&quot;tf0010&quot; ref-type=&quot;table-fn&quot;&gt;a&lt;/xref&gt;&lt;/td&gt;&lt;/tr&gt;&lt;tr&gt;&lt;td&gt;(−) Are you happy with your weight?&lt;/td&gt;&lt;td&gt;I read magazines with pictures of men that look healthy.&lt;/td&gt;&lt;/tr&gt;&lt;tr&gt;&lt;td&gt;(−) I am comfortable in a swim suit.&lt;/td&gt;&lt;td&gt;How many times a day do you think about your weight?&lt;/td&gt;&lt;/tr&gt;&lt;tr&gt;&lt;td&gt;(−) Do you feel healthy?&lt;/td&gt;&lt;td/&gt;&lt;/tr&gt;&lt;tr&gt;&lt;td rowspan=&quot;2&quot;&gt;Built environment&lt;/td&gt;&lt;td&gt;(+) Do you own a car?&lt;/td&gt;&lt;td&gt;Do you live in an urban area?&lt;/td&gt;&lt;/tr&gt;&lt;tr&gt;&lt;td/&gt;&lt;td&gt;Do you live in a rural area?&lt;/td&gt;&lt;/tr&gt;&lt;tr&gt;&lt;td rowspan=&quot;5&quot;&gt;Physical activity&lt;/td&gt;&lt;td&gt;(−) Do you participate in an organized sports league?&lt;xref rid=&quot;tf0010&quot; ref-type=&quot;table-fn&quot;&gt;a&lt;/xref&gt;&lt;/td&gt;&lt;td&gt;Do you prefer to be with someone when exercising?&lt;/td&gt;&lt;/tr&gt;&lt;tr&gt;&lt;td&gt;(−) Do you plan active outdoor activities (such as going for a hike or going skiing) for fun?&lt;/td&gt;&lt;td&gt;I seek out exercise because it makes me both feel and look better.&lt;/td&gt;&lt;/tr&gt;&lt;tr&gt;&lt;td&gt;(−) Do you like to exercise when you are on vacation?&lt;/td&gt;&lt;td&gt;I don't seek out exercise because I don't have the time or energy.&lt;/td&gt;&lt;/tr&gt;&lt;tr&gt;&lt;td&gt;(−) Do you participate in outdoor sports in the winter?&lt;/td&gt;&lt;td&gt;You are more likely to exercise in a group setting.&lt;/td&gt;&lt;/tr&gt;&lt;tr&gt;&lt;td&gt;(−) Do you always take the stairs?&lt;/td&gt;&lt;td&gt;Do you use a standing desk?&lt;/td&gt;&lt;/tr&gt;&lt;tr&gt;&lt;td rowspan=&quot;3&quot;&gt;Childhood/family&lt;/td&gt;&lt;td&gt;(+) How many siblings do you have?&lt;/td&gt;&lt;td&gt;My mother believes that exercise is important.&lt;/td&gt;&lt;/tr&gt;&lt;tr&gt;&lt;td&gt;(+) Is anyone in your immediate family overweight?&lt;/td&gt;&lt;td/&gt;&lt;/tr&gt;&lt;tr&gt;&lt;td&gt;(−) Did you grow up in a family that embraced an active lifestyle?&lt;/td&gt;&lt;td/&gt;&lt;/tr&gt;&lt;tr&gt;&lt;td rowspan=&quot;3&quot;&gt;Medical issues&lt;/td&gt;&lt;td&gt;(+) Have you ever been diagnosed with high blood pressure?&lt;xref rid=&quot;tf0010&quot; ref-type=&quot;table-fn&quot;&gt;a&lt;/xref&gt;&lt;/td&gt;&lt;td&gt;Have you ever suffered from depression or symptoms of depression?&lt;/td&gt;&lt;/tr&gt;&lt;tr&gt;&lt;td/&gt;&lt;td&gt;Is there any history of heart disease in your family?&lt;/td&gt;&lt;/tr&gt;&lt;tr&gt;&lt;td/&gt;&lt;td&gt;Do you see a doctor for an annual physical?&lt;/td&gt;&lt;/tr&gt;&lt;tr&gt;&lt;td rowspan=&quot;6&quot;&gt;Non-eating/drinking routines&lt;/td&gt;&lt;td&gt;(−) Do you enjoy talking about food and fitness topics?&lt;/td&gt;&lt;td&gt;How many hours a night do you sleep?&lt;/td&gt;&lt;/tr&gt;&lt;tr&gt;&lt;td&gt;(+) I enjoy watching home improvement shows.&lt;/td&gt;&lt;td&gt;Do you regularly set goals for yourself?&lt;/td&gt;&lt;/tr&gt;&lt;tr&gt;&lt;td&gt;(+) Approximately how many books do you read monthly?&lt;/td&gt;&lt;td&gt;How many times per week do you weigh yourself?&lt;/td&gt;&lt;/tr&gt;&lt;tr&gt;&lt;td&gt;(+) How many hours a week do you watch video games?&lt;/td&gt;&lt;td&gt;How many hours of sports do you watch a week?&lt;/td&gt;&lt;/tr&gt;&lt;tr&gt;&lt;td&gt;(+) Do you own a cat?&lt;/td&gt;&lt;td&gt;Do you take vitamins or supplements on a daily basis?&lt;/td&gt;&lt;/tr&gt;&lt;tr&gt;&lt;td&gt;(−) Do you frequently listen to audiobooks or podcasts?&lt;/td&gt;&lt;td/&gt;&lt;/tr&gt;&lt;tr&gt;&lt;td rowspan=&quot;4&quot;&gt;Relationships/sex&lt;/td&gt;&lt;td/&gt;&lt;td&gt;Are you married?&lt;xref rid=&quot;tf0010&quot; ref-type=&quot;table-fn&quot;&gt;a&lt;/xref&gt;&lt;/td&gt;&lt;/tr&gt;&lt;tr&gt;&lt;td/&gt;&lt;td&gt;Does your partner share the same diet goals as you?&lt;/td&gt;&lt;/tr&gt;&lt;tr&gt;&lt;td/&gt;&lt;td&gt;How many times a week do you have sex?&lt;/td&gt;&lt;/tr&gt;&lt;tr&gt;&lt;td/&gt;&lt;td&gt;How many hours of porn are you watching a week?&lt;/td&gt;&lt;/tr&gt;&lt;/tbody&gt;&lt;/table&gt;
</infon><offset>13990</offset><text>Category	Significant	Not significant	 	Eating habits	(+) How many servings of dairy products do you typically consume on an average day?	Do you drink milk?	 	(−) Do you eat cereal for breakfast?	Do you always eat breakfast?	 	(+) How many times a year do you eat at a buffet restaurant?	How many times a week do you eat out?	 	(−) I always choose the healthy snack when given a choice.	Do you eat snacks while watching television?	 	(+) How many diet sodas do you drink each day?	Do you follow a vegetarian diet?	 	Personal appearance/perception	(+) Do you think your BMI is above average?	Do you think how you look is important?	 	(−) Are you happy with your body?	How concerned are you with your appearance?a	 	(−) Are you happy with your weight?	I read magazines with pictures of men that look healthy.	 	(−) I am comfortable in a swim suit.	How many times a day do you think about your weight?	 	(−) Do you feel healthy?		 	Built environment	(+) Do you own a car?	Do you live in an urban area?	 		Do you live in a rural area?	 	Physical activity	(−) Do you participate in an organized sports league?a	Do you prefer to be with someone when exercising?	 	(−) Do you plan active outdoor activities (such as going for a hike or going skiing) for fun?	I seek out exercise because it makes me both feel and look better.	 	(−) Do you like to exercise when you are on vacation?	I don't seek out exercise because I don't have the time or energy.	 	(−) Do you participate in outdoor sports in the winter?	You are more likely to exercise in a group setting.	 	(−) Do you always take the stairs?	Do you use a standing desk?	 	Childhood/family	(+) How many siblings do you have?	My mother believes that exercise is important.	 	(+) Is anyone in your immediate family overweight?		 	(−) Did you grow up in a family that embraced an active lifestyle?		 	Medical issues	(+) Have you ever been diagnosed with high blood pressure?a	Have you ever suffered from depression or symptoms of depression?	 		Is there any history of heart disease in your family?	 		Do you see a doctor for an annual physical?	 	Non-eating/drinking routines	(−) Do you enjoy talking about food and fitness topics?	How many hours a night do you sleep?	 	(+) I enjoy watching home improvement shows.	Do you regularly set goals for yourself?	 	(+) Approximately how many books do you read monthly?	How many times per week do you weigh yourself?	 	(+) How many hours a week do you watch video games?	How many hours of sports do you watch a week?	 	(+) Do you own a cat?	Do you take vitamins or supplements on a daily basis?	 	(−) Do you frequently listen to audiobooks or podcasts?		 	Relationships/sex		Are you married?a	 		Does your partner share the same diet goals as you?	 		How many times a week do you have sex?	 		How many hours of porn are you watching a week?	 	</text></passage><passage><infon key="file">t0010.xml</infon><infon key="id">t0010</infon><infon key="section_type">TABLE</infon><infon key="type">table_footnote</infon><offset>16848</offset><text>Note: (+) indicates positive correlation with BMI, (−) indicates negative correlation with BMI.</text></passage><passage><infon key="file">t0010.xml</infon><infon key="id">t0010</infon><infon key="section_type">TABLE</infon><infon key="type">table_footnote</infon><offset>16946</offset><text>Seed questions submitted by the study team.</text></passage><passage><infon key="section_type">RESULTS</infon><infon key="type">paragraph</infon><offset>16990</offset><text>Table 2 shows some of the most frequently answered questions, categorized by popular themes and sorted for significance.</text></passage><passage><infon key="section_type">CONCL</infon><infon key="type">title_1</infon><offset>17111</offset><text>Conclusions</text></passage><passage><infon key="section_type">CONCL</infon><infon key="type">paragraph</infon><offset>17123</offset><text>Findings from this study demonstrated that the crowd was able to suggest many well-documented factors related to BMI. For example, prior obesity research suggests that many overweight or obese individuals are concerned about their appearance, body image and health. This was also true of men in our study who were significantly more likely to answer (and ask) questions such as “Are you happy with your body” and “I am comfortable in a swimsuit.” Additionally, survey users suggested a variety of other factors known to be associated with weight including physical activity (e.g. participating in organized sports, planning outdoor activities, walking or biking to work), dietary intake (e.g. diet soda, breakfast, snacking habits), and screen time (e.g. television viewing, video games).</text></passage><passage><infon key="section_type">CONCL</infon><infon key="type">paragraph</infon><offset>17920</offset><text>By contrast, several unexpected finding emerged. Several questions were related to dairy product consumption, but many did not support previous research. Number of reported daily dairy servings was positively significantly correlated with BMI, which could make sense if individuals are consuming high fat, high calorie dairy products. Some previous research found that high dairy product consumption was associated with lower body fatness although recent consensus is that dairy consumption alone has no substantive impact on weight one way or the other. Curiously, reported weekly consumption of ice cream/frozen yogurt/gelato was negatively significantly correlated with BMI and milk consumption was not significantly correlated at all. The questions asking participants about dietary intake were not validated ways to assess dietary intake; therefore, conclusions about the relationship between actual dietary intake and body weight cannot be made using this crowdsourcing approach. Regardless, dairy product consumption, rather than say, meat intake, was asked and answered by men.</text></passage><passage><infon key="section_type">CONCL</infon><infon key="type">paragraph</infon><offset>19006</offset><text>Some unique, potentially sedentary activities (watching home improvement shows, reading books, watching video games) posed by men were correlated with higher BMI. While moderating the comment stream on reddit.com, the discussion of both playing and watching others play video games in online forums was mentioned regularly, perhaps providing some insight on an interesting male activity. There are several studies on video game use in children, but the literature on adult video game playing as well as watching others play, is quite limited. Certainly, sedentary behavior is an independent predictor of chronic disease and should be targeted along with activity to improve health. The suggestion that men not only play video games but watch others play could have important implications for intervention research.</text></passage><passage><infon key="section_type">CONCL</infon><infon key="type">paragraph</infon><offset>19821</offset><text>The crowdsourcing survey brought forth many questions about physical activity. The correlation between physical activity and BMI is nothing new or unexpected, but it is interesting that many of the questions posed are related to the enjoyment of physical activity instead of strictly the practice (i.e., type, intensity, duration). Research indicates that increasing exercise improves body image in men. Because body image came up a bit more frequently than expected, this would appear to be more of a “hook” into treatment for men than previously thought. Increasing enjoyment of physical activity may not only help to sustain the behavior in men, but may have an important feedback to body image enhancement.</text></passage><passage><infon key="section_type">CONCL</infon><infon key="type">paragraph</infon><offset>20536</offset><text>Many other well-documented weight-related factors were not significantly associated with BMI in this study. Sleep has been negatively correlated with BMI in a variety of studies, but was not found to have any correlation in this investigation. Regular self-monitoring in the form of frequent weigh-ins or food journaling has also been shown to have an association with lower BMI, which was not evident in our study. Intimate personal relationships and sexual behaviors did not correlate with BMI, although previous crowdsourcing research related to BMI would suggest a strong correlation. More specifically, questions about marital status and having a partner with similar diet goals were not significantly correlated with male BMI.</text></passage><passage><infon key="section_type">CONCL</infon><infon key="type">title_2</infon><offset>21269</offset><text>Limitations and future research</text></passage><passage><infon key="section_type">CONCL</infon><infon key="type">paragraph</infon><offset>21301</offset><text>While crowdsourcing is a novel approach, there are limitations to utilizing this methodology that could be addressed in future studies. It is important to consider that not all participants answered each question. Over 300 users answered the first six questions, but the last few questions only collected 2–3 answers. While we did offer a lottery-selected financial incentive to answer all questions posted on the site at the time of each participant's initial visit, a different incentive structure to motivate participants to return to the site as more questions are added could be beneficial for further data collection. It may also be beneficial to log how long participants spent on the site, as a measure of seriousness of the survey participants. Additionally, we did not collect demographic information from crowdsourcing participants. This makes it difficult to interpret the influence of some demographic factors, such as socioeconomic status, race and age on survey responses.</text></passage><passage><infon key="section_type">CONCL</infon><infon key="type">paragraph</infon><offset>22291</offset><text>We are particularly intrigued by the introduction of video games as a significant sedentary behavior with high correlation to BMI as well as the very small number of proposed questions relating to intimate personal relationships and their impact on weight. It is certainly understood in the literature that sedentary behavior is associated with higher weight, and perhaps further investigation of this population of men who participate in “gaming” is worth pursuing. Additionally, future intervention design could focus on the relationship between weight and relationship status/household roles (who does the cooking, grocery shopping, etc.) perhaps to better decipher the consistent external influences on weight management for men.</text></passage><passage><infon key="section_type">CONCL</infon><infon key="type">paragraph</infon><offset>23029</offset><text>Finally, while we hoped to gather ideas related to male motivation and engagement in weight loss studies, the nature of crowdsourcing does not allow us to dictate what information we will receive from the “crowd”. Crowdsourcing allows researchers to pose questions, and while we could have perhaps guided our research question a bit differently to better target interest and enthusiasm, it was also our goal to not guide the discussion in one way or another and instead see what the “crowd” came up with. We did not end up collecting many ideas of how to better target men for weight loss interventions, but we were able to collect valuable information surrounding why men are perhaps overweight in the first place. In order to appropriately design a successful weight loss program for men, it is important to better understand the background and the behaviors to change; such as less time spent playing/watching video games or more time spent participating in organized physical activity such as team sports or planned outdoor activities.</text></passage><passage><infon key="section_type">REF</infon><infon key="type">title</infon><offset>24077</offset><text>References</text></passage><passage><infon key="fpage">211</infon><infon key="issue">3</infon><infon key="lpage">216</infon><infon key="name_0">surname:Andersson;given-names:I.</infon><infon key="name_1">surname:Rössner;given-names:S.</infon><infon key="pub-id_pmid">9080260</infon><infon key="section_type">REF</infon><infon key="source">Int. J. Obes. Relat. Metab. Disord.</infon><infon key="type">ref</infon><infon key="volume">21</infon><infon key="year">1997</infon><offset>24088</offset><text>Weight development, drop-out pattern and changes in obesity-related risk factors after two years treatment of obese men</text></passage><passage><infon key="fpage">34</infon><infon key="issue">1</infon><infon key="lpage">43</infon><infon key="name_0">surname:Banks;given-names:E.</infon><infon key="pub-id_pmid">20409356</infon><infon key="section_type">REF</infon><infon key="source">Public Health Nutr.</infon><infon key="type">ref</infon><infon key="volume">14</infon><infon key="year">2011</infon><offset>24208</offset><text>Screen-time, obesity, ageing and disability: findings from 91,266 participants in the 45 and up study</text></passage><passage><infon key="comment">[cited 2018]</infon><infon key="name_0">surname:Barthel;given-names:M.</infon><infon key="section_type">REF</infon><infon key="series">Journalism &amp; Media</infon><infon key="type">ref</infon><infon key="year">2016</infon><offset>24310</offset></passage><passage><infon key="issue">2</infon><infon key="name_0">surname:Bevelander;given-names:K.E.</infon><infon key="section_type">REF</infon><infon key="source">PLoS One</infon><infon key="type">ref</infon><infon key="volume">9</infon><infon key="year">2014</infon><offset>24311</offset><text>Crowdsourcing novel childhood predictors of adult obesity</text></passage><passage><infon key="fpage">176</infon><infon key="issue">1</infon><infon key="lpage">185</infon><infon key="name_0">surname:Bongard;given-names:J.C.</infon><infon key="section_type">REF</infon><infon key="source">IEEE Trans. Syst. Man Cybern. Syst.</infon><infon key="type">ref</infon><infon key="volume">43</infon><infon key="year">2013</infon><offset>24369</offset><text>Crowdsourcing predictors of behavioral outcomes</text></passage><passage><infon key="fpage">589</infon><infon key="issue">4</infon><infon key="lpage">593</infon><infon key="name_0">surname:Brown;given-names:A.L.</infon><infon key="section_type">REF</infon><infon key="source">Am. J. Prevent. Med.</infon><infon key="type">ref</infon><infon key="volume">49</infon><infon key="year">2015</infon><offset>24417</offset><text>Weight advice associated with male firefighter weight perception and behavior</text></passage><passage><infon key="fpage">281</infon><infon key="issue">3</infon><infon key="lpage">290</infon><infon key="name_0">surname:Burke;given-names:L.E.</infon><infon key="pub-id_pmid">16007557</infon><infon key="section_type">REF</infon><infon key="source">J. Ren. Nutr.</infon><infon key="type">ref</infon><infon key="volume">15</infon><infon key="year">2005</infon><offset>24495</offset><text>Self-monitoring dietary intake: current and future practices</text></passage><passage><infon key="fpage">735</infon><infon key="issue">4</infon><infon key="lpage">747</infon><infon key="name_0">surname:Chen;given-names:M.</infon><infon key="pub-id_pmid">22932282</infon><infon key="section_type">REF</infon><infon key="source">Am. J. Clin. Nutr.</infon><infon key="type">ref</infon><infon key="volume">96</infon><infon key="year">2012</infon><offset>24556</offset><text>Effects of dairy intake on body weight and fat: a meta-analysis of randomized controlled trials</text></passage><passage><infon key="fpage">168</infon><infon key="issue">1</infon><infon key="lpage">175</infon><infon key="name_0">surname:Collins;given-names:C.E.</infon><infon key="pub-id_pmid">20602869</infon><infon key="section_type">REF</infon><infon key="source">Public Health Nutr.</infon><infon key="type">ref</infon><infon key="volume">14</infon><infon key="year">2011</infon><offset>24652</offset><text>Men participating in a weight-loss intervention are able to implement key dietary messages, but not those relating to vegetables or alcohol: the Self-Help, Exercise and Diet using Internet Technology (SHED-IT) study</text></passage><passage><infon key="issue">12</infon><infon key="name_0">surname:Davies;given-names:K.M.</infon><infon key="section_type">REF</infon><infon key="source">J. Clin. Endocrinol. Metab.</infon><infon key="type">ref</infon><infon key="volume">85</infon><infon key="year">2000</infon><offset>24868</offset><text>Calcium intake and body weight</text></passage><passage><infon key="fpage">33</infon><infon key="issue">33</infon><infon key="lpage">44</infon><infon key="name_0">surname:Davis;given-names:C.</infon><infon key="name_1">surname:Cowles;given-names:M.</infon><infon key="section_type">REF</infon><infon key="source">Sex Roles</infon><infon key="type">ref</infon><infon key="volume">25</infon><infon key="year">1991</infon><offset>24899</offset><text>Body image and exercise: a study of relationships and comparisons between physically active men and women</text></passage><passage><infon key="issue">6</infon><infon key="name_0">surname:Drewnowski;given-names:A.</infon><infon key="name_1">surname:Yee;given-names:D.K.</infon><infon key="section_type">REF</infon><infon key="source">Psychosom. Med.</infon><infon key="type">ref</infon><infon key="volume">49</infon><infon key="year">1987</infon><offset>25005</offset><text>Men and body image: are males satisfied with their body weight?</text></passage><passage><infon key="fpage">822</infon><infon key="issue">5</infon><infon key="lpage">831</infon><infon key="name_0">surname:Finkelstein;given-names:E.A.</infon><infon key="section_type">REF</infon><infon key="source">Health Aff.</infon><infon key="type">ref</infon><infon key="volume">28</infon><infon key="year">2009</infon><offset>25069</offset><text>Annual medical spending attributable to obesity: payer-and-service-specific estimates</text></passage><passage><infon key="fpage">491</infon><infon key="issue">5</infon><infon key="lpage">497</infon><infon key="name_0">surname:Flegal;given-names:K.M.</infon><infon key="section_type">REF</infon><infon key="source">J. Am. Med. Assoc.</infon><infon key="type">ref</infon><infon key="volume">307</infon><infon key="year">2012</infon><offset>25155</offset><text>Prevalence of obesity and trends in the distribution of body mass index among US adults, 1999–2010</text></passage><passage><infon key="fpage">598</infon><infon key="issue">2</infon><infon key="lpage">607</infon><infon key="name_0">surname:Ford;given-names:E.S.</infon><infon key="pub-id_pmid">23836704</infon><infon key="section_type">REF</infon><infon key="source">Obesity</infon><infon key="type">ref</infon><infon key="volume">22</infon><infon key="year">2014</infon><offset>25256</offset><text>Sleep duration and body mass index and waist circumference among US adults</text></passage><passage><infon key="fpage">115</infon><infon key="issue">s1</infon><infon key="lpage">121</infon><infon key="name_0">surname:Fox;given-names:K.R.</infon><infon key="name_1">surname:Hillsdon;given-names:M.</infon><infon key="pub-id_pmid">17316313</infon><infon key="section_type">REF</infon><infon key="source">Obes. Rev.</infon><infon key="type">ref</infon><infon key="volume">8</infon><infon key="year">2007</infon><offset>25331</offset><text>Physical activity and obesity</text></passage><passage><infon key="fpage">311</infon><infon key="issue">3</infon><infon key="lpage">317</infon><infon key="name_0">surname:Ginis;given-names:K.A.M.</infon><infon key="pub-id_pmid">22608984</infon><infon key="section_type">REF</infon><infon key="source">Body Image</infon><infon key="type">ref</infon><infon key="volume">9</infon><infon key="year">2012</infon><offset>25361</offset><text>Body image change in obese and overweight women enrolled in a weight-loss intervention: the importance of perceived versus actual physical changes</text></passage><passage><infon key="name_0">surname:Howe;given-names:J.</infon><infon key="section_type">REF</infon><infon key="source">Wired</infon><infon key="type">ref</infon><infon key="year">2006</infon><offset>25508</offset><text>The rise of crowdsourcing</text></passage><passage><infon key="fpage">47</infon><infon key="issue">1</infon><infon key="lpage">54</infon><infon key="name_0">surname:Hu;given-names:F.B.</infon><infon key="name_1">surname:Malik;given-names:V.S.</infon><infon key="pub-id_pmid">20138901</infon><infon key="section_type">REF</infon><infon key="source">Physiol. Behav.</infon><infon key="type">ref</infon><infon key="volume">100</infon><infon key="year">2010</infon><offset>25534</offset><text>Sugar-sweetened beverages and risk of obesity and type 2 diabetes: epidemiologic evidence</text></passage><passage><infon key="comment">Market research report from IBISWorld has been updated, Editor</infon><infon key="name_0">surname:IBISWorld</infon><infon key="section_type">REF</infon><infon key="type">ref</infon><infon key="year">2013</infon><offset>25624</offset></passage><passage><infon key="fpage">277</infon><infon key="issue">2</infon><infon key="lpage">280</infon><infon key="name_0">surname:Jeffery;given-names:R.W.</infon><infon key="name_1">surname:French;given-names:S.A.</infon><infon key="pub-id_pmid">9491022</infon><infon key="section_type">REF</infon><infon key="source">Am. J. Public Health</infon><infon key="type">ref</infon><infon key="volume">88</infon><infon key="year">1998</infon><offset>25625</offset><text>Epidemic obesity in the United States: are fast foods and television viewing contributing?</text></passage><passage><infon key="fpage">90</infon><infon key="issue">2</infon><infon key="lpage">96</infon><infon key="name_0">surname:Lemon;given-names:S.C.</infon><infon key="pub-id_pmid">19188102</infon><infon key="section_type">REF</infon><infon key="source">Body Image</infon><infon key="type">ref</infon><infon key="volume">6</infon><infon key="year">2009</infon><offset>25716</offset><text>Contributions of weight perceptions to weight loss attempts: differences of body mass index and gender</text></passage><passage><infon key="fpage">436</infon><infon key="lpage">447</infon><infon key="name_0">surname:Morgan;given-names:P.J.</infon><infon key="section_type">REF</infon><infon key="source">Int. J. Obes.</infon><infon key="type">ref</infon><infon key="volume">35</infon><infon key="year">2011</infon><offset>25819</offset><text>The ‘Healthy Dads, Healthy Kids’ randomized controlled trial: efficacy of a healthy lifestyle program for overweight fathers and their children</text></passage><passage><infon key="fpage">e239</infon><infon key="issue">3</infon><infon key="lpage">e248</infon><infon key="name_0">surname:Morgan;given-names:P.J.</infon><infon key="section_type">REF</infon><infon key="source">Obes. Res. Clin. Pract.</infon><infon key="type">ref</infon><infon key="volume">5</infon><infon key="year">2011</infon><offset>25967</offset><text>Engaging men in weight loss: experiences of men who participated in the male only SHED-IT pilot study</text></passage><passage><infon key="fpage">142</infon><infon key="issue">1</infon><infon key="lpage">151</infon><infon key="name_0">surname:Morgan;given-names:P.J.</infon><infon key="pub-id_pmid">20523304</infon><infon key="section_type">REF</infon><infon key="source">Obesity</infon><infon key="type">ref</infon><infon key="volume">19</infon><infon key="year">2011</infon><offset>26069</offset><text>12-Month outcomes and process evaluation of the SHED-IT RCT: an internet-based weight loss program targeting men</text></passage><passage><infon key="fpage">122</infon><infon key="issue">2</infon><infon key="lpage">127</infon><infon key="name_0">surname:Morgan;given-names:P.J.</infon><infon key="pub-id_pmid">22269987</infon><infon key="section_type">REF</infon><infon key="source">J. Occup. Environ. Med.</infon><infon key="type">ref</infon><infon key="volume">54</infon><infon key="year">2012</infon><offset>26182</offset><text>The impact of a workplace-based weight loss program on work-related outcomes in overweight male shift workers</text></passage><passage><infon key="fpage">306</infon><infon key="issue">4</infon><infon key="lpage">321</infon><infon key="name_0">surname:Neve;given-names:M.</infon><infon key="pub-id_pmid">19754633</infon><infon key="section_type">REF</infon><infon key="source">Obes. Rev.</infon><infon key="type">ref</infon><infon key="volume">11</infon><infon key="year">2010</infon><offset>26292</offset><text>Effectiveness of web-based interventions in achieving weight loss and weight loss maintenance in overweight and obese adults: a systematic review with meta-analysis</text></passage><passage><infon key="fpage">105</infon><infon key="issue">3</infon><infon key="lpage">113</infon><infon key="name_0">surname:Owen;given-names:N.</infon><infon key="pub-id_pmid">20577058</infon><infon key="section_type">REF</infon><infon key="source">Exerc. Sport Sci. Rev.</infon><infon key="type">ref</infon><infon key="volume">38</infon><infon key="year">2010</infon><offset>26457</offset><text>Too much sitting: the population-health science of sedentary behavior</text></passage><passage><infon key="fpage">645</infon><infon key="issue">3</infon><infon key="lpage">651</infon><infon key="name_0">surname:Schlundt;given-names:D.G.</infon><infon key="pub-id_pmid">1550038</infon><infon key="section_type">REF</infon><infon key="source">Am. J. Clin. Nutr.</infon><infon key="type">ref</infon><infon key="volume">55</infon><infon key="year">1992</infon><offset>26527</offset><text>The role of breakfast in the treatment of obesity: a randomized clinical trial</text></passage><passage><infon key="fpage">43</infon><infon key="issue">1</infon><infon key="lpage">56</infon><infon key="name_0">surname:Schwartz;given-names:M.B.</infon><infon key="name_1">surname:Brownell;given-names:K.D.</infon><infon key="pub-id_pmid">18089140</infon><infon key="section_type">REF</infon><infon key="source">Body Image</infon><infon key="type">ref</infon><infon key="volume">1</infon><infon key="year">2004</infon><offset>26606</offset><text>Obesity and body image</text></passage><passage><infon key="issue">2</infon><infon key="name_0">surname:Swan;given-names:M.</infon><infon key="section_type">REF</infon><infon key="source">J. Med. Internet Res.</infon><infon key="type">ref</infon><infon key="volume">14</infon><infon key="year">2012</infon><offset>26629</offset><text>Crowdsourced health research studies: an important emerging complement to clinical trials in the public health research ecosystem</text></passage><passage><infon key="fpage">825</infon><infon key="lpage">832</infon><infon key="name_0">surname:Vgontzas;given-names:A.N.</infon><infon key="section_type">REF</infon><infon key="source">Int. J. Obes.</infon><infon key="type">ref</infon><infon key="volume">38</infon><infon key="year">2014</infon><offset>26759</offset><text>Unveiling the longitudinal association between short sleep duration and the incidence of obesity: the Penn State Cohort</text></passage><passage><infon key="fpage">299</infon><infon key="lpage">305</infon><infon key="name_0">surname:Wang;given-names:H.</infon><infon key="section_type">REF</infon><infon key="source">Int. J. Obes.</infon><infon key="type">ref</infon><infon key="volume">38</infon><infon key="year">2014</infon><offset>26879</offset><text>Longitudinal association between dairy consumption and changes in body weight and waist circumference: the Framingham Heart Study</text></passage><passage><infon key="fpage">81</infon><infon key="issue">1</infon><infon key="lpage">92</infon><infon key="name_0">surname:Warziski;given-names:M.T.</infon><infon key="pub-id_pmid">17963038</infon><infon key="section_type">REF</infon><infon key="source">J. Behav. Med.</infon><infon key="type">ref</infon><infon key="volume">31</infon><infon key="year">2008</infon><offset>27009</offset><text>Changes in self-efficacy and dietary adherence: the impact on weight loss in the PREFER study</text></passage><passage><infon key="fpage">299</infon><infon key="issue">4</infon><infon key="lpage">305</infon><infon key="name_0">surname:Weaver;given-names:J.B.;suffix:3rd</infon><infon key="section_type">REF</infon><infon key="source">Am. J. Prevent. Med.</infon><infon key="type">ref</infon><infon key="volume">37</infon><infon key="year">2009</infon><offset>27103</offset><text>Health-risk correlates of video-game playing among adults</text></passage><passage><infon key="fpage">393</infon><infon key="issue">5</infon><infon key="lpage">408</infon><infon key="name_0">surname:Young;given-names:M.D.</infon><infon key="pub-id_pmid">22212529</infon><infon key="section_type">REF</infon><infon key="source">Obes. Rev.</infon><infon key="type">ref</infon><infon key="volume">13</infon><infon key="year">2012</infon><offset>27161</offset><text>Effectiveness of male-only weight loss and weight loss maintenance interventions: a systematic review with meta-analysis</text></passage><passage><infon key="fpage">125</infon><infon key="issue">4</infon><infon key="lpage">131</infon><infon key="name_0">surname:Zemel;given-names:M.B.</infon><infon key="name_1">surname:Miller;given-names:S.L.</infon><infon key="pub-id_pmid">15141427</infon><infon key="section_type">REF</infon><infon key="source">Nutr. Rev.</infon><infon key="type">ref</infon><infon key="volume">62</infon><infon key="year">2004</infon><offset>27282</offset><text>Dietary calcium and dairy modulation of adiposity and obesity risk</text></passage><passage><infon key="fpage">519</infon><infon key="issue">5</infon><infon key="lpage">525</infon><infon key="name_0">surname:Zhang;given-names:S.</infon><infon key="pub-id_pmid">26080646</infon><infon key="section_type">REF</infon><infon key="source">Zhonghua Liuxingbingxue Zazhi</infon><infon key="type">ref</infon><infon key="volume">36</infon><infon key="year">2015</infon><offset>27349</offset><text>Meta-analysis of prospective cohort studies about sleep duration and risk of weight gain and obesity in adults</text></passage></document></collection>
