<?xml version="1.0" encoding="UTF-8"?>
<!DOCTYPE collection SYSTEM "BioC.dtd">
<collection><source>PMC</source><date>20210104</date><key>pmc.key</key><document><id>6502671</id><infon key="license">author_manuscript</infon><passage><infon key="article-id_doi">10.14309/ajg.0000000000000202</infon><infon key="article-id_manuscript">NIHMS1521963</infon><infon key="article-id_pmc">6502671</infon><infon key="article-id_pmid">30920417</infon><infon key="fpage">792</infon><infon key="issue">5</infon><infon key="license">
          This file is available for text mining. It may also be used consistent with the principles of fair use under the copyright law.
        </infon><infon key="lpage">797</infon><infon key="name_0">surname:Lerner;given-names:Benjamin A.</infon><infon key="name_1">surname:Vo;given-names:Lynn Phan</infon><infon key="name_2">surname:Yates;given-names:Shireen</infon><infon key="name_3">surname:Rundle;given-names:Andrew G.</infon><infon key="name_4">surname:Green;given-names:Peter H. R.</infon><infon key="name_5">surname:Lebwohl;given-names:Benjamin</infon><infon key="section_type">TITLE</infon><infon key="type">front</infon><infon key="volume">114</infon><infon key="year">2020</infon><offset>0</offset><text>Detection of Gluten in Gluten-Free Labeled Restaurant Food: Analysis of Crowd-Sourced Data</text></passage><passage><infon key="section_type">ABSTRACT</infon><infon key="type">abstract_title_1</infon><offset>91</offset><text>Introduction</text></passage><passage><infon key="section_type">ABSTRACT</infon><infon key="type">abstract</infon><offset>104</offset><text>Adherence to a gluten-free (GF) diet is the mainstay of therapy for celiac disease (CD). Until now, those wishing to avoid gluten in restaurants had to rely on menu labels, word of mouth, intuition, and restaurant workers’ advice, with a relative dearth of supporting data. We used crowd-sourced data from users of a portable gluten detection device to estimate rates of, and identify risk factors for, gluten contamination of supposed GF restaurant foods.</text></passage><passage><infon key="section_type">ABSTRACT</infon><infon key="type">abstract_title_1</infon><offset>563</offset><text>Methods</text></passage><passage><infon key="section_type">ABSTRACT</infon><infon key="type">abstract</infon><offset>571</offset><text>We analyzed data from a portable gluten detection device (Nima), collected across the United States during an 18-month period by users who opted to share results of their point-of-care tests. Data was sorted by region, time of day, median household income in the restaurant’s vicinity, restaurant genre, and food item. We used chi-squared test for bivariate analysis and multiple logistic regression for multivariate analysis to identify predictors of gluten detection in restaurant food.</text></passage><passage><infon key="section_type">ABSTRACT</infon><infon key="type">abstract_title_1</infon><offset>1062</offset><text>Results</text></passage><passage><infon key="section_type">ABSTRACT</infon><infon key="type">abstract</infon><offset>1070</offset><text>There were 5624 tests, performed by 804 users, in the examined period. Gluten was detected in 32% of GF labeled foods. Rates of gluten detection differed by meal, with 27.2% at breakfast and 34.0% at dinner (p=0.0008). GF labeled pizza and pasta were most likely to test positive for gluten, with gluten detected in 53.2% of pizza and 50.8% of pasta samples. On multivariate analysis, GF labeled food was less likely to test positive for gluten in the West than in the Northeast United States (OR 0.80; 95% CI 0.67-0.95).</text></passage><passage><infon key="section_type">ABSTRACT</infon><infon key="type">abstract_title_1</infon><offset>1592</offset><text>Conclusions</text></passage><passage><infon key="section_type">ABSTRACT</infon><infon key="type">abstract</infon><offset>1604</offset><text>This study of crowd-sourced data suggests that a substantial fraction of GF labeled restaurant foods contain detectable gluten. Although the highly sensitive Nima device may detect gluten at levels &lt; 20 parts per million (ppm), leading to gluten exposure of unknown clinical significance, our findings raise potential concern. Additionally, our findings of higher rates of gluten detection in pizza and pasta provide practical data when providing dining strategies for patients with CD.</text></passage><passage><infon key="section_type">ABSTRACT</infon><infon key="type">abstract_title_1</infon><offset>2091</offset><text>Graphical Abstract</text></passage><passage><infon key="section_type">INTRO</infon><infon key="type">title_1</infon><offset>2110</offset><text>INTRODUCTION</text></passage><passage><infon key="section_type">INTRO</infon><infon key="type">paragraph</infon><offset>2123</offset><text>Celiac disease (CD) is an autoimmune disorder triggered by the consumption of gluten, a protein found in cereal grains wheat, rye, and barley. CD currently affects approximately 1% of the population, and its prevalence is increasing. The disease primarily affects the small intestine, and common symptoms include iron deficiency, bloating, constipation, chronic fatigue, and abdominal pain.</text></passage><passage><infon key="section_type">INTRO</infon><infon key="type">paragraph</infon><offset>2514</offset><text>Adherence to a gluten-free (GF) diet is the mainstay of therapy for CD. Despite its effectiveness, as many as 80% of CD patients report difficulty maintaining this lifestyle. Indeed, inadvertent gluten ingestion has been cited as the leading cause of nonresponsive CD, and a recent study measuring traces of gluten in urine and stool suggested that many CD patients accidentally consume enough gluten to trigger symptoms and cause intestinal damage.</text></passage><passage><infon key="section_type">INTRO</infon><infon key="type">paragraph</infon><offset>2964</offset><text>In order to protect CD patients from unintentionally ingesting gluten, the FDA issued a rule in August 2013 that packaged foods labeled GF must contain less than 20 ppm of gluten. No similar rule applies to restaurant foods claiming to be GF and, consequently, potential gluten exposure when dining out is a source of anxiety for many CD patients. In one study, 83% of patients with CD or non-celiac gluten sensitivity found the GF diet to be a problem in restaurants and 63% avoided restaurants altogether. Multiple surveys of CD patients found dining out to be the most common lifestyle situation presenting difficulty when following a GF diet, more so than traveling, socializing, and personal relationships.</text></passage><passage><infon key="section_type">INTRO</infon><infon key="type">paragraph</infon><offset>3676</offset><text>In the present study, we aimed to quantify rates of gluten contamination of restaurant foods and identify risk factors associated with the presence of gluten. The recent advent of a portable gluten detection device allowed us to use crowd-sourced data to estimate the prevalence of gluten contamination in restaurants throughout the United States.</text></passage><passage><infon key="section_type">METHODS</infon><infon key="type">title_1</infon><offset>4024</offset><text>METHODS</text></passage><passage><infon key="section_type">METHODS</infon><infon key="type">title_2</infon><offset>4032</offset><text>Gluten Sensor</text></passage><passage><infon key="section_type">METHODS</infon><infon key="type">paragraph</infon><offset>4046</offset><text>We obtained uploaded data from users of Nima, a commercially available gluten detection device. Nima consists of a 3-inch-tall sensor and single-use capsules that contain test strips loaded with proprietary anti-gluten antibodies. To test food for the presence of gluten, users place a pea-sized sample into the capsule. Screwing on the lid grinds the sample, which is then mixed with an extraction buffer. The resulting solution passes onto the test strip, which is then read by an optical sensor. The output of the sensor is a binary result, either gluten detected (displayed as a wheat symbol) or gluten not detected (displayed as a smiley face). The Nima sensor currently sells for $209 on Amazon; each test capsule costs $5. Recently published validation data suggest that Nima has high sensitivity for detecting gluten at levels of 20ppm or more. The device’s specificity is high for purely gluten free ingredients, but when testing foods that are intentionally “spiked” with gluten at levels &lt;20ppm, the specificity is considerably lower; for a food “spiked” to a level in the 10ppm range (still considered gluten-free by regulatory standards), the device’s specificity is closer to 50%. Users of Nima have the option of pairing the device with their smartphones, enabling them to share test results with Nima and other users.</text></passage><passage><infon key="section_type">METHODS</infon><infon key="type">title_2</infon><offset>5392</offset><text>Study design</text></passage><passage><infon key="section_type">METHODS</infon><infon key="type">paragraph</infon><offset>5405</offset><text>We examined all shared tests performed in the United States between August 2016 and January 2018. Each test included a date, time, restaurant name, address, food item tested, presence or absence of a gluten-free label, and test result. Using these parameters, we calculated rates of gluten detection by region, meal, median household income in the restaurant’s vicinity, restaurant genre, and specific foods.</text></passage><passage><infon key="section_type">METHODS</infon><infon key="type">paragraph</infon><offset>5816</offset><text>For geographic analysis, we used the four regions used by the Census Bureau: Northeast (Connecticut, Maine, Massachusetts, New Hampshire, New Jersey New York, Pennsylvania, Rhode Island, Vermont), Midwest (Illinois, Indiana, Iowa, Kansas, Michigan, Minnesota, Missouri, Nebraska, North Dakota, Ohio, South Dakota, Wisconsin), South (Alabama, Arkansas, Delaware, District of Columbia, Florida, Georgia, Kentucky, Louisiana, Maryland, Mississippi, North Carolina, Oklahoma, South Carolina, Tennessee, Texas, West Virginia, Virginia), and West (Alaska, Arizona, California, Colorado, Idaho, Hawaii, Montana, Nevada, New Mexico, Oregon, Utah, Washington). For analysis by meal, we defined breakfast time as 5am to 10:59am, lunchtime as 11am to 2:59pm, and dinner time as 3pm to 11:59pm. Median household income in a restaurant’s vicinity was extrapolated from zip codes and the 2016 American Community Survey. Zip codes were ranked by median household income and then divided into quartiles.</text></passage><passage><infon key="section_type">METHODS</infon><infon key="type">paragraph</infon><offset>6806</offset><text>Building on previous methods used in the neighborhood food environment literature, we categorized restaurants into quick service, fast casual, and casual dining. We did this by cross-referencing the restaurants in our dataset with a list of nearly 400 restaurant chains sorted by restaurant type. We made this list by combining several annual lists of top chains from Technomics (a consulting firm for the restaurant industry) and Dun &amp; Bradstreet (a company that tracks commercial data), with results from Google searches of “CITY NAME and Top Fast Food Restaurants.” Although we were able to sort several restaurants into additional categories using this methodology (fine dining, sweets, and coffee establishments), these categories were not included in the analysis due to a low number of tests performed in these settings.</text></passage><passage><infon key="section_type">METHODS</infon><infon key="type">paragraph</infon><offset>7638</offset><text>The names of specific foods were free-texted by users. Given this heterogeneity, we classified foods manually, first reviewing the data to identify common dishes, and then assigning each test to a food category. We excluded tests that included more than one food item, and we restricted our analysis to food types with &gt; 100 tests.</text></passage><passage><infon key="section_type">METHODS</infon><infon key="type">title_2</infon><offset>7970</offset><text>Statistical Analyses</text></passage><passage><infon key="section_type">METHODS</infon><infon key="type">paragraph</infon><offset>7991</offset><text>All statistical analyses were performed in SAS University Edition (SAS Institute Inc, Cary, NC). For bivariate analyses, categorical variables were compared using chi-squared test. For multivariate analyses, we used multiple logistic regression, adjusting for region, median household income, and meal time, calculating odds ratios (ORs) and 95% confidence intervals (CIs). A two-tailed p value of &lt;0.05 was considered statistically significant. This study was deemed “not human subjects research” by the Columbia University Medical Center’s Institutional Review Board, as data were deidentified before being provided to the investigators.</text></passage><passage><infon key="section_type">RESULTS</infon><infon key="type">title_1</infon><offset>8637</offset><text>RESULTS</text></passage><passage><infon key="section_type">RESULTS</infon><infon key="type">title_2</infon><offset>8645</offset><text>General Characteristics of Gluten Tests</text></passage><passage><infon key="section_type">RESULTS</infon><infon key="type">paragraph</infon><offset>8685</offset><text>During the study period, there were 5624 tests performed by 804 users. 84% of tested foods carried a GF label (Table 1). 59% of tests were performed during dinner hours; 27% were during lunch hours; and only about 11% were during breakfast hours. Tests were reported from 50 states. The greatest number of tests were performed in the West, accounting for about 46% of the data, followed by the South, accounting for another 25%. Regarding the distribution of data by median household income, the majority of tests were done at restaurants in the wealthiest quartile of zip codes, and 81% were done in the wealthier half of zip codes.</text></passage><passage><infon key="section_type">RESULTS</infon><infon key="type">title_2</infon><offset>9319</offset><text>Overall Rate of Gluten Detection</text></passage><passage><infon key="section_type">RESULTS</infon><infon key="type">paragraph</infon><offset>9352</offset><text>32.2% of all foods in our study tested positive for gluten. The rate of gluten detection was essentially the same when we restricted this calculation to those 4732 foods that were specifically labeled GF (32.0%).</text></passage><passage><infon key="section_type">RESULTS</infon><infon key="type">title_2</infon><offset>9565</offset><text>Bivariate Analysis of Factors Associated with Gluten Detection in GF Labeled Foods</text></passage><passage><infon key="section_type">RESULTS</infon><infon key="type">paragraph</infon><offset>9648</offset><text>After determining the overall rate of gluten detection, we searched for factors associated with detection of gluten in GF labeled foods. Through bivariate analysis, we found that rates of gluten detection did not differ significantly by region or median household income in the area around the restaurant. However, rates of gluten detection differed significantly by meal time, with 27% of GF labeled foods at breakfast testing positive for gluten, 30% at lunch, and 34% at dinner (p = 0.0008) (Table 2). Moreover, among restaurant types, fast casual had significantly lower rates of gluten detection (22%) when comparing this setting to all other foods tested (p = 0.0063). GF labeled pizza and pasta had the highest rates of gluten detection compared to all other tested foods, 53% (p &lt; 0.0001) and 51% (p &lt; 0.0001), respectively.</text></passage><passage><infon key="section_type">RESULTS</infon><infon key="type">title_2</infon><offset>10481</offset><text>Multivariate Analysis of Factors Associated with Gluten Detection in GF Labeled Foods</text></passage><passage><infon key="section_type">RESULTS</infon><infon key="type">paragraph</infon><offset>10567</offset><text>Multivariate analysis adjusting for region, median household income, and time of day revealed a decreased likelihood of gluten detection in the West as compared with the Northeast (OR 0.80, 95% CI 0.67-0.95, p = 0.01). There was also an increased likelihood of gluten detection at dinner as compared with breakfast (OR 1.46, 95% CI 1.18-1.81, p = 0.0008) (Figure 1).</text></passage><passage><infon key="section_type">RESULTS</infon><infon key="type">paragraph</infon><offset>10934</offset><text>Regarding restaurant types, GF labeled foods at casual (OR 0.79, 95% CI 0.65 to 0.97, p = 0.02) and fast casual (OR 0.57, 95% CI 0.39 to 0.84, p = 0.004) restaurants were less likely to test positive for gluten when comparing these settings to all other foods tested. Consistent with the bivariate analysis, pizza (OR 2.54, 95% CI 2.04 to 3.16, p &lt; 0.0001) and pasta (OR 2.14, 95% CI 1.48 to 3.10, p &lt; 0.0001) were more likely than other GF labeled foods to have gluten detected (Figure 1).</text></passage><passage><infon key="section_type">DISCUSS</infon><infon key="type">title_1</infon><offset>11425</offset><text>DISCUSSION</text></passage><passage><infon key="section_type">DISCUSS</infon><infon key="type">paragraph</infon><offset>11436</offset><text>In this study of crowd-sourced data, approximately one-third of restaurant foods labeled GF tested positive for gluten. Rates of gluten detection were highest during dinner hours and lowest during breakfast hours. The West was the region within the United States with the lowest rate of gluten detection. Likewise, casual and fast casual restaurants stood out for lower rates of gluten detection. Pizza and pasta were the most likely to contain gluten, with more than 50% of samples testing positive.</text></passage><passage><infon key="section_type">DISCUSS</infon><infon key="type">paragraph</infon><offset>11937</offset><text>Adherence to a GF diet is currently the only effective treatment for CD. Ingestion of as little as 50 mg of gluten per day can cause measurable damage to the small intestinal mucosa of CD patients. As a result of the vigilance required to maintain a truly GF diet, the burden of treatment of CD is high. Patients with CD rated their burden of treatment higher than patients with hypertension did, and similarly to patients with diabetes and end-stage renal disease. Multiple studies cite exposure to gluten while dining out as a leading source of anxiety for CD patients. Our study results lend some credence to widespread anecdotal reports offered by patients of symptoms suggestive of gluten exposure after eating in restaurants, though recent work has shown that symptoms are poorly predictive of mucosal injury.</text></passage><passage><infon key="section_type">DISCUSS</infon><infon key="type">paragraph</infon><offset>12753</offset><text>Beyond suggesting an overall high rate of gluten contamination at restaurants, we identified several specific associations with higher or lower rates of gluten detection. For example, lower rates of gluten contamination were found in the West. Though data are sparse regarding regional differences in interest and knowledge about GF diets, higher rates of produce consumption and overall healthy lifestyle have been reported in the West, suggesting that people living in the western United States may be more health-conscious and thus more knowledgeable about diets perceived to be healthy. We previously found that the ratio of non-celiac gluten sensitivity to celiac disease appears to be highest in the Western United States. Given the rapid rise in gluten avoidance in recent years, outpacing the rise in celiac disease diagnosis, regional differences in the rise of non-celiac gluten sensitivity might yield greater awareness among both diners and restaurant staff. Food workers may take better precautions to guard against cross-contamination, and diners may make safer selections, such as avoiding salad dressings that are at risk of contamination.</text></passage><passage><infon key="section_type">DISCUSS</infon><infon key="type">paragraph</infon><offset>13909</offset><text>Our finding of higher rates of gluten detection during dinner hours may reflect cumulative contamination of GF ingredients and/or equipment over the course of the day. It is not entirely clear why pizza and pasta were more likely to test positive for gluten than other GF labeled foods. GF pizza may become contaminated by aerosolized wheat flour during various stages of production. Sharing of ovens with gluten-containing pizza is a common concern, though a recent study suggests that it is not an inevitable setting for contamination. Although gluten is generally poorly soluble in water, it is possible that GF pasta may become contaminated by being cooked in the same water as conventional pasta. Alternatively, it is possible that the sauce on GF pizza or pasta is responsible for the detected gluten content. While these are both basic precautions, knowledge deficits among food preparers are likely considerable; indeed, a 2010 survey found that 23% of chefs had not heard of CD, and a significant minority incorrectly believed that peanut butter and wine contain gluten.</text></passage><passage><infon key="section_type">DISCUSS</infon><infon key="type">paragraph</infon><offset>14989</offset><text>Lower rates of gluten detection at casual and fast casual restaurants was an unexpected finding. The survey of chefs referenced above found a direct relationship between average check price and chefs’ awareness of CD. One might therefore have expected more expensive restaurants to have lower rates of gluten contamination. Conversely, less expensive/chain restaurants may have more standardized training of their personnel in regards to gluten contamination. Admittedly, our analysis of restaurant genre was limited by the fact that the only one-fifth of all tests came from chain restaurants that were categorizable. Despite this limitation, it is fair to conclude that less expensive restaurants and chain restaurants, do not fair worse than their more expensive and independent counterparts in regards to gluten contamination.</text></passage><passage><infon key="section_type">DISCUSS</infon><infon key="type">paragraph</infon><offset>15822</offset><text>As alluded to above, the vigilance required to maintain a strictly GF diet can be the source of significant anxiety. In fact, anxiety is more common in CD patients who have achieved mucosal healing on follow-up biopsy, a reflection of strict adherence.. Similarly, CD patients classified as “hyper-vigilant” in their efforts to avoid gluten have been found to report lower quality of life than their less vigilant counterparts.. So as to not cause undue alarm it is therefore important to note the limitations of these results.</text></passage><passage><infon key="section_type">DISCUSS</infon><infon key="type">paragraph</infon><offset>16354</offset><text>First, our study did not involve systematic testing of all GF restaurant foods; it was a crowd-sourced study and the foods tested could have been conceivably chosen specifically because of doubts regarding their GF status. Furthermore, Nima users may be more inclined to share “gluten-found” than “gluten-free” results. Perhaps more importantly, our study relied on data from a portable gluten detection device that variably reports “gluten found” at levels less than 20 ppm. While a recent study from the makers of Nima reported a 7.8% false positive rate, they defined false positive as gluten being detected when the food actually contained less than 2 ppm gluten, though 20 ppm is the widely recognized threshold for packaged GF foods. Similarly, a third-party evaluation of Nima found the device frequently detects gluten at levels of 5 and 10 ppm. This high level of sensitivity may protect CD patients from potentially harmful gluten that may be present in greater quantity given the non-homogenized sampling inherent in point-of-care restaurant testing, but this same feature may also overestimate the prevalence of contamination of foods with &gt; 20 ppm of gluten. The accuracy of our reported rates of gluten contamination is critically dependent on the underlying distribution of gluten concentrations (i.e. the percentage of positive tests containing 10, 30, or 300 ppm), data that are unknown in restaurant foods. However, even if we were to assume that only half of the reported positive tests contained &gt; 20 ppm, cutting our estimated rate of contamination from 32% to 16%, that would still be triple the rate quantified for packaged GF-labeled foods. Additionally, the differences we found between regions, time of day, and specific foods are unlikely to be differentially affected by overestimation resulting from a hypersensitive sensor.</text></passage><passage><infon key="section_type">DISCUSS</infon><infon key="type">paragraph</infon><offset>18220</offset><text>It is also important to consider the clinical significance of our findings. In CD, intestinal damage is related to the quantity of ingested gluten, not its concentration within food. Therefore, eating a single food portion with &gt; 20 ppm gluten will not necessarily cause symptoms or villus atrophy. Rather, the 20-ppm threshold is valuable because it keeps intake of gluten below potentially toxic quantities (which vary between individuals, but are commonly injurious at levels of 50 mg per day).</text></passage><passage><infon key="section_type">DISCUSS</infon><infon key="type">paragraph</infon><offset>18718</offset><text>Despite the above caveats, this study provides much needed data for CD patients and the healthcare providers who treat and advise them. The crowdsourced nature of these data provides an unprecedented view of restaurant testing of food throughout the United States. As such, this is the largest study to date on gluten contamination of restaurant foods. It capitalizes on a newly available technology and reveals that a significant percentage of GF labeled restaurant foods contain detectable levels of gluten. Our findings of increased gluten detection in pizza, pasta, and evening hours lend themselves to practical advice for CD patients and also hint at possible mechanisms of contamination. Future studies should focus on quantifying the degree of gluten contamination in specific foods and the development of interventions on reducing gluten contamination in restaurants.</text></passage><passage><infon key="section_type">DISCUSS</infon><infon key="type">footnote</infon><offset>19595</offset><text>Guarantor of the article: Benjamin Lebwohl, MD, MS.</text></passage><passage><infon key="section_type">DISCUSS</infon><infon key="type">footnote</infon><offset>19647</offset><text>Disclosures: BL serves as a consultant for Takeda and serves on the Advisory Board of Innovate Biopharmaceuticals. BL and PG are both unpaid members of Nima’s Scientific Advisory Board.</text></passage><passage><infon key="section_type">REF</infon><infon key="type">title</infon><offset>19835</offset><text>REFERENCES</text></passage><passage><infon key="fpage">1538</infon><infon key="issue">10</infon><infon key="lpage">44</infon><infon key="name_0">surname:Rubio-Tapia;given-names:A</infon><infon key="name_1">surname:Ludvigsson;given-names:JF</infon><infon key="name_2">surname:Brantner;given-names:TL</infon><infon key="name_3">surname:Murray;given-names:JA</infon><infon key="name_4">surname:Everhart;given-names:JE</infon><infon key="pub-id_pmid">22850429</infon><infon key="section_type">REF</infon><infon key="source">Am J Gastroenterol</infon><infon key="type">ref</infon><infon key="volume">107</infon><infon key="year">2012</infon><offset>19846</offset><text>The prevalence of celiac disease in the United States</text></passage><passage><infon key="fpage">830 e5</infon><infon key="issue">4</infon><infon key="lpage">9</infon><infon key="name_0">surname:Choung;given-names:RS</infon><infon key="name_1">surname:Larson;given-names:SA</infon><infon key="name_2">surname:Khaleghi;given-names:S</infon><infon key="name_3">surname:Rubio-Tapia;given-names:A</infon><infon key="name_4">surname:Ovsyannikova;given-names:IG</infon><infon key="name_5">surname:King;given-names:KS</infon><infon key="pub-id_pmid">27916669</infon><infon key="section_type">REF</infon><infon key="source">Gastroenterology</infon><infon key="type">ref</infon><infon key="volume">152</infon><infon key="year">2017</infon><offset>19900</offset><text>Prevalence and Morbidity of Undiagnosed Celiac Disease From a Community-Based Study</text></passage><passage><infon key="fpage">88</infon><infon key="issue">1</infon><infon key="lpage">93</infon><infon key="name_0">surname:Rubio-Tapia;given-names:A</infon><infon key="name_1">surname:Kyle;given-names:RA</infon><infon key="name_2">surname:Kaplan;given-names:EL</infon><infon key="name_3">surname:Johnson;given-names:DR</infon><infon key="name_4">surname:Page;given-names:W</infon><infon key="name_5">surname:Erdtmann;given-names:F</infon><infon key="pub-id_pmid">19362553</infon><infon key="section_type">REF</infon><infon key="source">Gastroenterology</infon><infon key="type">ref</infon><infon key="volume">137</infon><infon key="year">2009</infon><offset>19984</offset><text>Increased prevalence and mortality in undiagnosed celiac disease</text></passage><passage><infon key="fpage">70</infon><infon key="issue">10115</infon><infon key="lpage">81</infon><infon key="name_0">surname:Lebwohl;given-names:B</infon><infon key="name_1">surname:Sanders;given-names:DS</infon><infon key="name_2">surname:Green;given-names:PHR</infon><infon key="pub-id_pmid">28760445</infon><infon key="section_type">REF</infon><infon key="source">Lancet</infon><infon key="type">ref</infon><infon key="volume">391</infon><infon key="year">2018</infon><offset>20049</offset><text>Coeliac disease</text></passage><passage><infon key="fpage">241</infon><infon key="issue">3</infon><infon key="lpage">5</infon><infon key="name_0">surname:Barratt;given-names:SM</infon><infon key="name_1">surname:Leeds;given-names:JS</infon><infon key="name_2">surname:Sanders;given-names:DS</infon><infon key="pub-id_pmid">21961090</infon><infon key="section_type">REF</infon><infon key="source">J Gastrointestin Liver Dis</infon><infon key="type">ref</infon><infon key="volume">20</infon><infon key="year">2011</infon><offset>20065</offset><text>Quality of life in Coeliac Disease is determined by perceived degree of difficulty adhering to a gluten-free diet, not the level of dietary adherence ultimately achieved</text></passage><passage><infon key="fpage">2016</infon><infon key="issue">8</infon><infon key="lpage">21</infon><infon key="name_0">surname:Abdulkarim;given-names:AS</infon><infon key="name_1">surname:Burgart;given-names:LJ</infon><infon key="name_2">surname:See;given-names:J</infon><infon key="name_3">surname:Murray;given-names:JA</infon><infon key="pub-id_pmid">12190170</infon><infon key="section_type">REF</infon><infon key="source">Am J Gastroenterol</infon><infon key="type">ref</infon><infon key="volume">97</infon><infon key="year">2002</infon><offset>20235</offset><text>Etiology of nonresponsive celiac disease: results of a systematic approach</text></passage><passage><infon key="fpage">40</infon><infon key="name_0">surname:Hollon;given-names:JR</infon><infon key="name_1">surname:Cureton;given-names:PA</infon><infon key="name_2">surname:Martin;given-names:ML</infon><infon key="name_3">surname:Puppa;given-names:EL</infon><infon key="name_4">surname:Fasano;given-names:A</infon><infon key="pub-id_pmid">23448408</infon><infon key="section_type">REF</infon><infon key="source">BMC Gastroenterol</infon><infon key="type">ref</infon><infon key="volume">13</infon><infon key="year">2013</infon><offset>20310</offset><text>Trace gluten contamination may play a role in mucosal and clinical recovery in a subgroup of diet-adherent non-responsive celiac disease patients</text></passage><passage><infon key="fpage">201</infon><infon key="issue">2</infon><infon key="lpage">7</infon><infon key="name_0">surname:Syage;given-names:JA</infon><infon key="name_1">surname:Kelly;given-names:CP</infon><infon key="name_2">surname:Dickason;given-names:MA</infon><infon key="name_3">surname:Ramirez;given-names:AC</infon><infon key="name_4">surname:Leon;given-names:F</infon><infon key="name_5">surname:Dominguez;given-names:R</infon><infon key="pub-id_pmid">29529159</infon><infon key="section_type">REF</infon><infon key="source">Am J Clin Nutr</infon><infon key="type">ref</infon><infon key="volume">107</infon><infon key="year">2018</infon><offset>20456</offset><text>Determination of gluten consumption in celiac disease patients on a gluten-free diet</text></passage><passage><infon key="fpage">e227</infon><infon key="lpage">e31</infon><infon key="name_0">surname:Simpson;given-names:S</infon><infon key="name_1">surname:Lebwohl;given-names:B</infon><infon key="name_2">surname:Lewis;given-names:SK</infon><infon key="name_3">surname:Tennyson;given-names:CA</infon><infon key="name_4">surname:Sanders;given-names:DS</infon><infon key="name_5">surname:Green;given-names:PH</infon><infon key="section_type">REF</infon><infon key="source">E Spen Eur E J Clin Nutr</infon><infon key="type">ref</infon><infon key="volume">6</infon><infon key="year">2011</infon><offset>20541</offset><text>Awareness of gluten-related disorders: A survey of the general public, chefs and patients</text></passage><passage><infon key="fpage">1533</infon><infon key="issue">11</infon><infon key="lpage">5</infon><infon key="name_0">surname:Lee;given-names:A</infon><infon key="name_1">surname:Newman;given-names:JM</infon><infon key="pub-id_pmid">14576723</infon><infon key="section_type">REF</infon><infon key="source">J Am Diet Assoc</infon><infon key="type">ref</infon><infon key="volume">103</infon><infon key="year">2003</infon><offset>20631</offset><text>Celiac diet: its impact on quality of life</text></passage><passage><infon key="fpage">446</infon><infon key="lpage">56</infon><infon key="name_0">surname:Zhang;given-names:J</infon><infon key="name_1">surname:Portela;given-names:SB</infon><infon key="name_2">surname:Horrell;given-names:JB</infon><infon key="name_3">surname:Leung;given-names:A</infon><infon key="name_4">surname:Weitmann;given-names:DR</infon><infon key="name_5">surname:Artiuch;given-names:JB</infon><infon key="pub-id_pmid">30724219</infon><infon key="section_type">REF</infon><infon key="source">Food Chem</infon><infon key="type">ref</infon><infon key="volume">275</infon><infon key="year">2019</infon><offset>20674</offset><text>An integrated, accurate, rapid, and economical handheld consumer gluten detector</text></passage><passage><infon key="fpage">1723</infon><infon key="issue">10</infon><infon key="lpage">8</infon><infon key="name_0">surname:Taylor;given-names:SL</infon><infon key="name_1">surname:Nordlee;given-names:JA</infon><infon key="name_2">surname:Jayasena;given-names:S</infon><infon key="name_3">surname:Baumert;given-names:JL</infon><infon key="pub-id_pmid">30239212</infon><infon key="section_type">REF</infon><infon key="source">J Food Prot</infon><infon key="type">ref</infon><infon key="volume">81</infon><infon key="year">2018</infon><offset>20755</offset><text>Evaluation of a Handheld Gluten Detection Device</text></passage><passage><infon key="fpage">442</infon><infon key="issue">3</infon><infon key="lpage">7</infon><infon key="name_0">surname:Rundle;given-names:A</infon><infon key="name_1">surname:Neckerman;given-names:KM</infon><infon key="name_2">surname:Freeman;given-names:L</infon><infon key="name_3">surname:Lovasi;given-names:GS</infon><infon key="name_4">surname:Purciel;given-names:M</infon><infon key="name_5">surname:Quinn;given-names:J</infon><infon key="pub-id_pmid">19337520</infon><infon key="section_type">REF</infon><infon key="source">Environ Health Perspect</infon><infon key="type">ref</infon><infon key="volume">117</infon><infon key="year">2009</infon><offset>20804</offset><text>Neighborhood food environment and walkability predict obesity in New York City</text></passage><passage><infon key="fpage">160</infon><infon key="issue">1</infon><infon key="lpage">6</infon><infon key="name_0">surname:Catassi;given-names:C</infon><infon key="name_1">surname:Fabiani;given-names:E</infon><infon key="name_2">surname:Iacono;given-names:G</infon><infon key="name_3">surname:D’Agate;given-names:C</infon><infon key="name_4">surname:Francavilla;given-names:R</infon><infon key="name_5">surname:Biagi;given-names:F</infon><infon key="pub-id_pmid">17209192</infon><infon key="section_type">REF</infon><infon key="source">Am J Clin Nutr</infon><infon key="type">ref</infon><infon key="volume">85</infon><infon key="year">2007</infon><offset>20883</offset><text>A prospective, double-blind, placebo-controlled trial to establish a safe gluten threshold for patients with celiac disease</text></passage><passage><infon key="fpage">1304</infon><infon key="issue">9</infon><infon key="lpage">11</infon><infon key="name_0">surname:Shah;given-names:S</infon><infon key="name_1">surname:Akbari;given-names:M</infon><infon key="name_2">surname:Vanga;given-names:R</infon><infon key="name_3">surname:Kelly;given-names:CP</infon><infon key="name_4">surname:Hansen;given-names:J</infon><infon key="name_5">surname:Theethira;given-names:T</infon><infon key="pub-id_pmid">24980880</infon><infon key="section_type">REF</infon><infon key="source">Am J Gastroenterol</infon><infon key="type">ref</infon><infon key="volume">109</infon><infon key="year">2014</infon><offset>21007</offset><text>Patient perception of treatment burden is high in celiac disease compared with other common conditions</text></passage><passage><infon key="fpage">1084</infon><infon key="issue">8</infon><infon key="lpage">93</infon><infon key="name_0">surname:Mahadev;given-names:S</infon><infon key="name_1">surname:Murray;given-names:JA</infon><infon key="name_2">surname:Wu;given-names:TT</infon><infon key="name_3">surname:Chandan;given-names:VS</infon><infon key="name_4">surname:Torbenson;given-names:MS</infon><infon key="name_5">surname:Kelly;given-names:CP</infon><infon key="pub-id_pmid">28220520</infon><infon key="section_type">REF</infon><infon key="source">Aliment Pharmacol Ther</infon><infon key="type">ref</infon><infon key="volume">45</infon><infon key="year">2017</infon><offset>21110</offset><text>Factors associated with villus atrophy in symptomatic coeliac disease patients on a gluten-free diet</text></passage><passage><infon key="fpage">1392</infon><infon key="issue">7</infon><infon key="lpage">8</infon><infon key="name_0">surname:Troost;given-names:JP</infon><infon key="name_1">surname:Rafferty;given-names:AP</infon><infon key="name_2">surname:Luo;given-names:Z</infon><infon key="name_3">surname:Reeves;given-names:MJ</infon><infon key="pub-id_pmid">22095344</infon><infon key="section_type">REF</infon><infon key="source">Am J Public Health</infon><infon key="type">ref</infon><infon key="volume">102</infon><infon key="year">2012</infon><offset>21211</offset><text>Temporal and regional trends in the prevalence of healthy lifestyle characteristics: United States, 1994–2007</text></passage><passage><infon key="fpage">696</infon><infon key="issue">8</infon><infon key="lpage">702</infon><infon key="name_0">surname:Zylberberg;given-names:HM</infon><infon key="name_1">surname:Yates;given-names:S</infon><infon key="name_2">surname:Borsoi;given-names:C</infon><infon key="name_3">surname:Green;given-names:PHR</infon><infon key="name_4">surname:Lebwohl;given-names:B</infon><infon key="pub-id_pmid">28858941</infon><infon key="section_type">REF</infon><infon key="source">J Clin Gastroenterol</infon><infon key="type">ref</infon><infon key="volume">52</infon><infon key="year">2018</infon><offset>21323</offset><text>Regional and National Variations in Reasons for Gluten Avoidance</text></passage><passage><infon key="fpage">1716</infon><infon key="issue">11</infon><infon key="lpage">7</infon><infon key="name_0">surname:Kim;given-names:HS</infon><infon key="name_1">surname:Patel;given-names:KG</infon><infon key="name_2">surname:Orosz;given-names:E</infon><infon key="name_3">surname:Kothari;given-names:N</infon><infon key="name_4">surname:Demyen;given-names:MF</infon><infon key="name_5">surname:Pyrsopoulos;given-names:N</infon><infon key="pub-id_pmid">27598396</infon><infon key="section_type">REF</infon><infon key="source">JAMA Intern Med</infon><infon key="type">ref</infon><infon key="volume">176</infon><infon key="year">2016</infon><offset>21388</offset><text>Time Trends in the Prevalence of Celiac Disease and Gluten-Free Diet in the US Population: Results From the National Health and Nutrition Examination Surveys 2009–2014</text></passage><passage><infon key="fpage">1642</infon><infon key="issue">9</infon><infon key="lpage">6</infon><infon key="name_0">surname:Vincentini;given-names:O</infon><infon key="name_1">surname:Izzo;given-names:M</infon><infon key="name_2">surname:Maialetti;given-names:F</infon><infon key="name_3">surname:Gonnelli;given-names:E</infon><infon key="name_4">surname:Neuhold;given-names:S</infon><infon key="name_5">surname:Silano;given-names:M</infon><infon key="pub-id_pmid">28221929</infon><infon key="section_type">REF</infon><infon key="source">J Food Prot</infon><infon key="type">ref</infon><infon key="volume">79</infon><infon key="year">2016</infon><offset>21558</offset><text>Risk of Cross-Contact for Gluten-Free Pizzas in Shared-Production Restaurants in Relation to Oven Cooking Procedures</text></passage><passage><infon key="fpage">1091</infon><infon key="issue">10</infon><infon key="lpage">8</infon><infon key="name_0">surname:Ludvigsson;given-names:JF</infon><infon key="name_1">surname:Lebwohl;given-names:B</infon><infon key="name_2">surname:Chen;given-names:Q</infon><infon key="name_3">surname:Broms;given-names:G</infon><infon key="name_4">surname:Wolf;given-names:RL</infon><infon key="name_5">surname:Green;given-names:PHR</infon><infon key="pub-id_pmid">30288774</infon><infon key="section_type">REF</infon><infon key="source">Aliment Pharmacol Ther</infon><infon key="type">ref</infon><infon key="volume">48</infon><infon key="year">2018</infon><offset>21675</offset><text>Anxiety after coeliac disease diagnosis predicts mucosal healing: a population-based study</text></passage><passage><infon key="fpage">1438</infon><infon key="issue">6</infon><infon key="lpage">48</infon><infon key="name_0">surname:Wolf;given-names:RL</infon><infon key="name_1">surname:Lebwohl;given-names:B</infon><infon key="name_2">surname:Lee;given-names:AR</infon><infon key="name_3">surname:Zybert;given-names:P</infon><infon key="name_4">surname:Reilly;given-names:NR</infon><infon key="name_5">surname:Cadenhead;given-names:J</infon><infon key="pub-id_pmid">29387990</infon><infon key="section_type">REF</infon><infon key="source">Dig Dis Sci</infon><infon key="type">ref</infon><infon key="volume">63</infon><infon key="year">2018</infon><offset>21766</offset><text>Hypervigilance to a Gluten-Free Diet and Decreased Quality of Life in Teenagers and Adults with Celiac Disease</text></passage><passage><infon key="fpage">143</infon><infon key="issue">2</infon><infon key="lpage">6</infon><infon key="name_0">surname:Thompson;given-names:T</infon><infon key="name_1">surname:Simpson;given-names:S</infon><infon key="pub-id_pmid">25271013</infon><infon key="section_type">REF</infon><infon key="source">Eur J Clin Nutr</infon><infon key="type">ref</infon><infon key="volume">69</infon><infon key="year">2015</infon><offset>21877</offset><text>A comparison of gluten levels in labeled gluten-free and certified gluten-free foods sold in the United States</text></passage><passage><infon key="file">nihms-1521963-f0001.jpg</infon><infon key="id">F1</infon><infon key="section_type">FIG</infon><infon key="type">fig_caption</infon><offset>21988</offset><text>Multivariate analysis of factors associated with detection of gluten in GF labeled foods</text></passage><passage><infon key="file">nihms-1521963-f0001.jpg</infon><infon key="id">F1</infon><infon key="section_type">FIG</infon><infon key="type">fig_caption</infon><offset>22077</offset><text>Odds ratios for region, median household income, and time of day/meal were mutually adjusted. Analyses for the Restaurant Type and Food Items were run for each type/item versus all the other types/items combined and adjusted for region, median household income, and time of day/meal. Analysis of food items was limited to food items with &gt; 100 tests.</text></passage><passage><infon key="file">T1.xml</infon><infon key="id">T1</infon><infon key="section_type">TABLE</infon><infon key="type">table_caption</infon><offset>22428</offset><text>General characteristics of Nima tests</text></passage><passage><infon key="file">T1.xml</infon><infon key="id">T1</infon><infon key="section_type">TABLE</infon><infon key="type">table</infon><infon key="xml">&lt;?xml version=&quot;1.0&quot; encoding=&quot;UTF-8&quot;?&gt;
&lt;table frame=&quot;box&quot; rules=&quot;cols&quot;&gt;
        &lt;colgroup span=&quot;1&quot;&gt;
          &lt;col align=&quot;left&quot; valign=&quot;middle&quot; span=&quot;1&quot;/&gt;
          &lt;col align=&quot;left&quot; valign=&quot;middle&quot; span=&quot;1&quot;/&gt;
        &lt;/colgroup&gt;
        &lt;tbody&gt;
          &lt;tr&gt;
            &lt;td align=&quot;left&quot; valign=&quot;middle&quot; rowspan=&quot;1&quot; colspan=&quot;1&quot;&gt;Gluten-free label&lt;/td&gt;
            &lt;td align=&quot;left&quot; valign=&quot;middle&quot; rowspan=&quot;1&quot; colspan=&quot;1&quot;/&gt;
          &lt;/tr&gt;
          &lt;tr&gt;
            &lt;td align=&quot;left&quot; valign=&quot;middle&quot; rowspan=&quot;1&quot; colspan=&quot;1&quot;&gt; - Yes&lt;/td&gt;
            &lt;td align=&quot;left&quot; valign=&quot;middle&quot; rowspan=&quot;1&quot; colspan=&quot;1&quot;&gt;4732 (84.1%)&lt;/td&gt;
          &lt;/tr&gt;
          &lt;tr&gt;
            &lt;td align=&quot;left&quot; valign=&quot;middle&quot; rowspan=&quot;1&quot; colspan=&quot;1&quot;&gt; - No&lt;/td&gt;
            &lt;td align=&quot;left&quot; valign=&quot;middle&quot; rowspan=&quot;1&quot; colspan=&quot;1&quot;&gt;892 (15.9%)&lt;/td&gt;
          &lt;/tr&gt;
          &lt;tr&gt;
            &lt;td colspan=&quot;2&quot; align=&quot;left&quot; valign=&quot;middle&quot; rowspan=&quot;1&quot;&gt;
              &lt;hr/&gt;
            &lt;/td&gt;
          &lt;/tr&gt;
          &lt;tr&gt;
            &lt;td align=&quot;left&quot; valign=&quot;middle&quot; rowspan=&quot;1&quot; colspan=&quot;1&quot;&gt;Time of day/meal&lt;/td&gt;
            &lt;td align=&quot;left&quot; valign=&quot;middle&quot; rowspan=&quot;1&quot; colspan=&quot;1&quot;/&gt;
          &lt;/tr&gt;
          &lt;tr&gt;
            &lt;td align=&quot;left&quot; valign=&quot;middle&quot; rowspan=&quot;1&quot; colspan=&quot;1&quot;&gt; - Breakfast (5am - 10:59am)&lt;/td&gt;
            &lt;td align=&quot;left&quot; valign=&quot;middle&quot; rowspan=&quot;1&quot; colspan=&quot;1&quot;&gt;635 (11.3%)&lt;/td&gt;
          &lt;/tr&gt;
          &lt;tr&gt;
            &lt;td align=&quot;left&quot; valign=&quot;middle&quot; rowspan=&quot;1&quot; colspan=&quot;1&quot;&gt; - Lunch (11am - 2:59pm)&lt;/td&gt;
            &lt;td align=&quot;left&quot; valign=&quot;middle&quot; rowspan=&quot;1&quot; colspan=&quot;1&quot;&gt;1494 (26.6%)&lt;/td&gt;
          &lt;/tr&gt;
          &lt;tr&gt;
            &lt;td align=&quot;left&quot; valign=&quot;middle&quot; rowspan=&quot;1&quot; colspan=&quot;1&quot;&gt; - Dinner (3pm - 11:59pm)&lt;/td&gt;
            &lt;td align=&quot;left&quot; valign=&quot;middle&quot; rowspan=&quot;1&quot; colspan=&quot;1&quot;&gt;3327 (59.2%)&lt;/td&gt;
          &lt;/tr&gt;
          &lt;tr&gt;
            &lt;td align=&quot;left&quot; valign=&quot;middle&quot; rowspan=&quot;1&quot; colspan=&quot;1&quot;&gt; - Other (12am - 4:59am)&lt;/td&gt;
            &lt;td align=&quot;left&quot; valign=&quot;middle&quot; rowspan=&quot;1&quot; colspan=&quot;1&quot;&gt;168 (3.0%)&lt;/td&gt;
          &lt;/tr&gt;
          &lt;tr&gt;
            &lt;td colspan=&quot;2&quot; align=&quot;left&quot; valign=&quot;middle&quot; rowspan=&quot;1&quot;&gt;
              &lt;hr/&gt;
            &lt;/td&gt;
          &lt;/tr&gt;
          &lt;tr&gt;
            &lt;td align=&quot;left&quot; valign=&quot;middle&quot; rowspan=&quot;1&quot; colspan=&quot;1&quot;&gt;Region&lt;/td&gt;
            &lt;td align=&quot;left&quot; valign=&quot;middle&quot; rowspan=&quot;1&quot; colspan=&quot;1&quot;/&gt;
          &lt;/tr&gt;
          &lt;tr&gt;
            &lt;td align=&quot;left&quot; valign=&quot;middle&quot; rowspan=&quot;1&quot; colspan=&quot;1&quot;&gt; - Northeast&lt;/td&gt;
            &lt;td align=&quot;left&quot; valign=&quot;middle&quot; rowspan=&quot;1&quot; colspan=&quot;1&quot;&gt;980 (17.4%)&lt;/td&gt;
          &lt;/tr&gt;
          &lt;tr&gt;
            &lt;td align=&quot;left&quot; valign=&quot;middle&quot; rowspan=&quot;1&quot; colspan=&quot;1&quot;&gt; - South&lt;/td&gt;
            &lt;td align=&quot;left&quot; valign=&quot;middle&quot; rowspan=&quot;1&quot; colspan=&quot;1&quot;&gt;1378 (24.5%)&lt;/td&gt;
          &lt;/tr&gt;
          &lt;tr&gt;
            &lt;td align=&quot;left&quot; valign=&quot;middle&quot; rowspan=&quot;1&quot; colspan=&quot;1&quot;&gt; - Midwest&lt;/td&gt;
            &lt;td align=&quot;left&quot; valign=&quot;middle&quot; rowspan=&quot;1&quot; colspan=&quot;1&quot;&gt;690 (12.3%)&lt;/td&gt;
          &lt;/tr&gt;
          &lt;tr&gt;
            &lt;td align=&quot;left&quot; valign=&quot;middle&quot; rowspan=&quot;1&quot; colspan=&quot;1&quot;&gt; - West&lt;/td&gt;
            &lt;td align=&quot;left&quot; valign=&quot;middle&quot; rowspan=&quot;1&quot; colspan=&quot;1&quot;&gt;2576 (45.8%)&lt;/td&gt;
          &lt;/tr&gt;
          &lt;tr&gt;
            &lt;td colspan=&quot;2&quot; align=&quot;left&quot; valign=&quot;middle&quot; rowspan=&quot;1&quot;&gt;
              &lt;hr/&gt;
            &lt;/td&gt;
          &lt;/tr&gt;
          &lt;tr&gt;
            &lt;td align=&quot;left&quot; valign=&quot;middle&quot; rowspan=&quot;1&quot; colspan=&quot;1&quot;&gt;Median household income, zip code quartile&lt;/td&gt;
            &lt;td align=&quot;left&quot; valign=&quot;middle&quot; rowspan=&quot;1&quot; colspan=&quot;1&quot;/&gt;
          &lt;/tr&gt;
          &lt;tr&gt;
            &lt;td align=&quot;left&quot; valign=&quot;middle&quot; rowspan=&quot;1&quot; colspan=&quot;1&quot;&gt; - First (lowest)&lt;/td&gt;
            &lt;td align=&quot;left&quot; valign=&quot;middle&quot; rowspan=&quot;1&quot; colspan=&quot;1&quot;&gt;423 (7.7%)&lt;/td&gt;
          &lt;/tr&gt;
          &lt;tr&gt;
            &lt;td align=&quot;left&quot; valign=&quot;middle&quot; rowspan=&quot;1&quot; colspan=&quot;1&quot;&gt; - Second&lt;/td&gt;
            &lt;td align=&quot;left&quot; valign=&quot;middle&quot; rowspan=&quot;1&quot; colspan=&quot;1&quot;&gt;622 (11.3%)&lt;/td&gt;
          &lt;/tr&gt;
          &lt;tr&gt;
            &lt;td align=&quot;left&quot; valign=&quot;middle&quot; rowspan=&quot;1&quot; colspan=&quot;1&quot;&gt; - Third&lt;/td&gt;
            &lt;td align=&quot;left&quot; valign=&quot;middle&quot; rowspan=&quot;1&quot; colspan=&quot;1&quot;&gt;1027 (18.6%)&lt;/td&gt;
          &lt;/tr&gt;
          &lt;tr&gt;
            &lt;td align=&quot;left&quot; valign=&quot;middle&quot; rowspan=&quot;1&quot; colspan=&quot;1&quot;&gt; - Fourth (highest)&lt;/td&gt;
            &lt;td align=&quot;left&quot; valign=&quot;middle&quot; rowspan=&quot;1&quot; colspan=&quot;1&quot;&gt;3449 (62.5%)&lt;/td&gt;
          &lt;/tr&gt;
        &lt;/tbody&gt;
      &lt;/table&gt;
</infon><offset>22466</offset><text>Gluten-free label		 	 - Yes	4732 (84.1%)	 	 - No	892 (15.9%)	 		 	Time of day/meal		 	 - Breakfast (5am - 10:59am)	635 (11.3%)	 	 - Lunch (11am - 2:59pm)	1494 (26.6%)	 	 - Dinner (3pm - 11:59pm)	3327 (59.2%)	 	 - Other (12am - 4:59am)	168 (3.0%)	 		 	Region		 	 - Northeast	980 (17.4%)	 	 - South	1378 (24.5%)	 	 - Midwest	690 (12.3%)	 	 - West	2576 (45.8%)	 		 	Median household income, zip code quartile		 	 - First (lowest)	423 (7.7%)	 	 - Second	622 (11.3%)	 	 - Third	1027 (18.6%)	 	 - Fourth (highest)	3449 (62.5%)	 	</text></passage><passage><infon key="file">T2.xml</infon><infon key="id">T2</infon><infon key="section_type">TABLE</infon><infon key="type">table_caption</infon><offset>23046</offset><text>Factors associated with detection of gluten in GF labeled foods*</text></passage><passage><infon key="file">T2.xml</infon><infon key="id">T2</infon><infon key="section_type">TABLE</infon><infon key="type">table</infon><infon key="xml">&lt;?xml version=&quot;1.0&quot; encoding=&quot;UTF-8&quot;?&gt;
&lt;table frame=&quot;box&quot; rules=&quot;cols&quot;&gt;
        &lt;colgroup span=&quot;1&quot;&gt;
          &lt;col align=&quot;left&quot; valign=&quot;middle&quot; span=&quot;1&quot;/&gt;
          &lt;col align=&quot;left&quot; valign=&quot;middle&quot; span=&quot;1&quot;/&gt;
          &lt;col align=&quot;left&quot; valign=&quot;middle&quot; span=&quot;1&quot;/&gt;
        &lt;/colgroup&gt;
        &lt;thead&gt;
          &lt;tr&gt;
            &lt;th align=&quot;left&quot; valign=&quot;top&quot; rowspan=&quot;1&quot; colspan=&quot;1&quot;/&gt;
            &lt;th align=&quot;left&quot; valign=&quot;top&quot; rowspan=&quot;1&quot; colspan=&quot;1&quot;&gt;Gluten present in GF labeled food&lt;/th&gt;
            &lt;th align=&quot;left&quot; valign=&quot;top&quot; rowspan=&quot;1&quot; colspan=&quot;1&quot;&gt;p-value&lt;/th&gt;
          &lt;/tr&gt;
          &lt;tr&gt;
            &lt;th colspan=&quot;3&quot; align=&quot;left&quot; valign=&quot;middle&quot; rowspan=&quot;1&quot;&gt;
              &lt;hr/&gt;
            &lt;/th&gt;
          &lt;/tr&gt;
        &lt;/thead&gt;
        &lt;tbody&gt;
          &lt;tr&gt;
            &lt;td align=&quot;left&quot; valign=&quot;middle&quot; rowspan=&quot;1&quot; colspan=&quot;1&quot;&gt;Region&lt;/td&gt;
            &lt;td align=&quot;left&quot; valign=&quot;middle&quot; rowspan=&quot;1&quot; colspan=&quot;1&quot;/&gt;
            &lt;td align=&quot;left&quot; valign=&quot;middle&quot; rowspan=&quot;1&quot; colspan=&quot;1&quot;/&gt;
          &lt;/tr&gt;
          &lt;tr&gt;
            &lt;td align=&quot;left&quot; valign=&quot;middle&quot; rowspan=&quot;1&quot; colspan=&quot;1&quot;&gt; - Northeast&lt;/td&gt;
            &lt;td align=&quot;left&quot; valign=&quot;middle&quot; rowspan=&quot;1&quot; colspan=&quot;1&quot;&gt;294/853 (34.5%)&lt;/td&gt;
            &lt;td align=&quot;left&quot; valign=&quot;middle&quot; rowspan=&quot;1&quot; colspan=&quot;1&quot;/&gt;
          &lt;/tr&gt;
          &lt;tr&gt;
            &lt;td align=&quot;left&quot; valign=&quot;middle&quot; rowspan=&quot;1&quot; colspan=&quot;1&quot;&gt; - South&lt;/td&gt;
            &lt;td align=&quot;left&quot; valign=&quot;middle&quot; rowspan=&quot;1&quot; colspan=&quot;1&quot;&gt;382/1188 (32.2%)&lt;/td&gt;
            &lt;td align=&quot;left&quot; valign=&quot;middle&quot; rowspan=&quot;1&quot; colspan=&quot;1&quot;&gt;0.0668&lt;/td&gt;
          &lt;/tr&gt;
          &lt;tr&gt;
            &lt;td align=&quot;left&quot; valign=&quot;middle&quot; rowspan=&quot;1&quot; colspan=&quot;1&quot;&gt; - Midwest&lt;/td&gt;
            &lt;td align=&quot;left&quot; valign=&quot;middle&quot; rowspan=&quot;1&quot; colspan=&quot;1&quot;&gt;205/595 (34.5%)&lt;/td&gt;
            &lt;td align=&quot;left&quot; valign=&quot;middle&quot; rowspan=&quot;1&quot; colspan=&quot;1&quot;/&gt;
          &lt;/tr&gt;
          &lt;tr&gt;
            &lt;td align=&quot;left&quot; valign=&quot;middle&quot; rowspan=&quot;1&quot; colspan=&quot;1&quot;&gt; - West&lt;/td&gt;
            &lt;td align=&quot;left&quot; valign=&quot;middle&quot; rowspan=&quot;1&quot; colspan=&quot;1&quot;&gt;633/2096 (30.2%)&lt;/td&gt;
            &lt;td align=&quot;left&quot; valign=&quot;middle&quot; rowspan=&quot;1&quot; colspan=&quot;1&quot;/&gt;
          &lt;/tr&gt;
          &lt;tr&gt;
            &lt;td colspan=&quot;3&quot; align=&quot;left&quot; valign=&quot;middle&quot; rowspan=&quot;1&quot;&gt;
              &lt;hr/&gt;
            &lt;/td&gt;
          &lt;/tr&gt;
          &lt;tr&gt;
            &lt;td align=&quot;left&quot; valign=&quot;middle&quot; rowspan=&quot;1&quot; colspan=&quot;1&quot;&gt;Median household income quartile&lt;/td&gt;
            &lt;td align=&quot;left&quot; valign=&quot;middle&quot; rowspan=&quot;1&quot; colspan=&quot;1&quot;/&gt;
            &lt;td align=&quot;left&quot; valign=&quot;middle&quot; rowspan=&quot;1&quot; colspan=&quot;1&quot;/&gt;
          &lt;/tr&gt;
          &lt;tr&gt;
            &lt;td align=&quot;left&quot; valign=&quot;middle&quot; rowspan=&quot;1&quot; colspan=&quot;1&quot;&gt; - First (lowest)&lt;/td&gt;
            &lt;td align=&quot;left&quot; valign=&quot;middle&quot; rowspan=&quot;1&quot; colspan=&quot;1&quot;&gt;95/343 (27.2%)&lt;/td&gt;
            &lt;td align=&quot;left&quot; valign=&quot;middle&quot; rowspan=&quot;1&quot; colspan=&quot;1&quot;/&gt;
          &lt;/tr&gt;
          &lt;tr&gt;
            &lt;td align=&quot;left&quot; valign=&quot;middle&quot; rowspan=&quot;1&quot; colspan=&quot;1&quot;&gt; - Second&lt;/td&gt;
            &lt;td align=&quot;left&quot; valign=&quot;middle&quot; rowspan=&quot;1&quot; colspan=&quot;1&quot;&gt;157/503 (31.2%)&lt;/td&gt;
            &lt;td align=&quot;left&quot; valign=&quot;middle&quot; rowspan=&quot;1&quot; colspan=&quot;1&quot;&gt;0.2801&lt;/td&gt;
          &lt;/tr&gt;
          &lt;tr&gt;
            &lt;td align=&quot;left&quot; valign=&quot;middle&quot; rowspan=&quot;1&quot; colspan=&quot;1&quot;&gt; - Third&lt;/td&gt;
            &lt;td align=&quot;left&quot; valign=&quot;middle&quot; rowspan=&quot;1&quot; colspan=&quot;1&quot;&gt;297/914 (32.5%)&lt;/td&gt;
            &lt;td align=&quot;left&quot; valign=&quot;middle&quot; rowspan=&quot;1&quot; colspan=&quot;1&quot;/&gt;
          &lt;/tr&gt;
          &lt;tr&gt;
            &lt;td align=&quot;left&quot; valign=&quot;middle&quot; rowspan=&quot;1&quot; colspan=&quot;1&quot;&gt; - Fourth (highest)&lt;/td&gt;
            &lt;td align=&quot;left&quot; valign=&quot;middle&quot; rowspan=&quot;1&quot; colspan=&quot;1&quot;&gt;942/2877 (32.7%)&lt;/td&gt;
            &lt;td align=&quot;left&quot; valign=&quot;middle&quot; rowspan=&quot;1&quot; colspan=&quot;1&quot;/&gt;
          &lt;/tr&gt;
          &lt;tr&gt;
            &lt;td colspan=&quot;3&quot; align=&quot;left&quot; valign=&quot;middle&quot; rowspan=&quot;1&quot;&gt;
              &lt;hr/&gt;
            &lt;/td&gt;
          &lt;/tr&gt;
          &lt;tr&gt;
            &lt;td align=&quot;left&quot; valign=&quot;middle&quot; rowspan=&quot;1&quot; colspan=&quot;1&quot;&gt;Time of day/meal&lt;/td&gt;
            &lt;td align=&quot;left&quot; valign=&quot;middle&quot; rowspan=&quot;1&quot; colspan=&quot;1&quot;/&gt;
            &lt;td align=&quot;left&quot; valign=&quot;middle&quot; rowspan=&quot;1&quot; colspan=&quot;1&quot;/&gt;
          &lt;/tr&gt;
          &lt;tr&gt;
            &lt;td align=&quot;left&quot; valign=&quot;middle&quot; rowspan=&quot;1&quot; colspan=&quot;1&quot;&gt; - Breakfast&lt;/td&gt;
            &lt;td align=&quot;left&quot; valign=&quot;middle&quot; rowspan=&quot;1&quot; colspan=&quot;1&quot;&gt;138/508 (27.2%)&lt;/td&gt;
            &lt;td align=&quot;left&quot; valign=&quot;middle&quot; rowspan=&quot;1&quot; colspan=&quot;1&quot;&gt;0.0008&lt;/td&gt;
          &lt;/tr&gt;
          &lt;tr&gt;
            &lt;td align=&quot;left&quot; valign=&quot;middle&quot; rowspan=&quot;1&quot; colspan=&quot;1&quot;&gt; - Lunch&lt;/td&gt;
            &lt;td align=&quot;left&quot; valign=&quot;middle&quot; rowspan=&quot;1&quot; colspan=&quot;1&quot;&gt;358/1213 (29.5%)&lt;/td&gt;
            &lt;td align=&quot;left&quot; valign=&quot;middle&quot; rowspan=&quot;1&quot; colspan=&quot;1&quot;/&gt;
          &lt;/tr&gt;
          &lt;tr&gt;
            &lt;td align=&quot;left&quot; valign=&quot;middle&quot; rowspan=&quot;1&quot; colspan=&quot;1&quot;&gt; - Dinner&lt;/td&gt;
            &lt;td align=&quot;left&quot; valign=&quot;middle&quot; rowspan=&quot;1&quot; colspan=&quot;1&quot;&gt;977/2873 (34.0%)&lt;/td&gt;
            &lt;td align=&quot;left&quot; valign=&quot;middle&quot; rowspan=&quot;1&quot; colspan=&quot;1&quot;/&gt;
          &lt;/tr&gt;
          &lt;tr&gt;
            &lt;td colspan=&quot;3&quot; align=&quot;left&quot; valign=&quot;middle&quot; rowspan=&quot;1&quot;&gt;
              &lt;hr/&gt;
            &lt;/td&gt;
          &lt;/tr&gt;
          &lt;tr&gt;
            &lt;td align=&quot;left&quot; valign=&quot;middle&quot; rowspan=&quot;1&quot; colspan=&quot;1&quot;&gt;Restaurant type&lt;/td&gt;
            &lt;td align=&quot;left&quot; valign=&quot;middle&quot; rowspan=&quot;1&quot; colspan=&quot;1&quot;/&gt;
            &lt;td align=&quot;left&quot; valign=&quot;middle&quot; rowspan=&quot;1&quot; colspan=&quot;1&quot;/&gt;
          &lt;/tr&gt;
          &lt;tr&gt;
            &lt;td align=&quot;left&quot; valign=&quot;middle&quot; rowspan=&quot;1&quot; colspan=&quot;1&quot;&gt; - Casual&lt;/td&gt;
            &lt;td align=&quot;left&quot; valign=&quot;middle&quot; rowspan=&quot;1&quot; colspan=&quot;1&quot;&gt;158/552 (28.6%)&lt;/td&gt;
            &lt;td align=&quot;left&quot; valign=&quot;middle&quot; rowspan=&quot;1&quot; colspan=&quot;1&quot;&gt;0.0708&lt;/td&gt;
          &lt;/tr&gt;
          &lt;tr&gt;
            &lt;td align=&quot;left&quot; valign=&quot;middle&quot; rowspan=&quot;1&quot; colspan=&quot;1&quot;&gt; - Fast casual&lt;/td&gt;
            &lt;td align=&quot;left&quot; valign=&quot;middle&quot; rowspan=&quot;1&quot; colspan=&quot;1&quot;&gt;37/166 (22.3%)&lt;/td&gt;
            &lt;td align=&quot;left&quot; valign=&quot;middle&quot; rowspan=&quot;1&quot; colspan=&quot;1&quot;&gt;0.0063&lt;/td&gt;
          &lt;/tr&gt;
          &lt;tr&gt;
            &lt;td align=&quot;left&quot; valign=&quot;middle&quot; rowspan=&quot;1&quot; colspan=&quot;1&quot;&gt; - Quick service&lt;/td&gt;
            &lt;td align=&quot;left&quot; valign=&quot;middle&quot; rowspan=&quot;1&quot; colspan=&quot;1&quot;&gt;67/201 (33.3%)&lt;/td&gt;
            &lt;td align=&quot;left&quot; valign=&quot;middle&quot; rowspan=&quot;1&quot; colspan=&quot;1&quot;&gt;0.6767&lt;/td&gt;
          &lt;/tr&gt;
          &lt;tr&gt;
            &lt;td colspan=&quot;3&quot; align=&quot;left&quot; valign=&quot;middle&quot; rowspan=&quot;1&quot;&gt;
              &lt;hr/&gt;
            &lt;/td&gt;
          &lt;/tr&gt;
          &lt;tr&gt;
            &lt;td align=&quot;left&quot; valign=&quot;middle&quot; rowspan=&quot;1&quot; colspan=&quot;1&quot;&gt;Food item&lt;/td&gt;
            &lt;td align=&quot;left&quot; valign=&quot;middle&quot; rowspan=&quot;1&quot; colspan=&quot;1&quot;/&gt;
            &lt;td align=&quot;left&quot; valign=&quot;middle&quot; rowspan=&quot;1&quot; colspan=&quot;1&quot;/&gt;
          &lt;/tr&gt;
          &lt;tr&gt;
            &lt;td align=&quot;left&quot; valign=&quot;middle&quot; rowspan=&quot;1&quot; colspan=&quot;1&quot;&gt; - French fries&lt;/td&gt;
            &lt;td align=&quot;left&quot; valign=&quot;middle&quot; rowspan=&quot;1&quot; colspan=&quot;1&quot;&gt;53/175 (30.3%)&lt;/td&gt;
            &lt;td align=&quot;left&quot; valign=&quot;middle&quot; rowspan=&quot;1&quot; colspan=&quot;1&quot;&gt;0.6213&lt;/td&gt;
          &lt;/tr&gt;
          &lt;tr&gt;
            &lt;td align=&quot;left&quot; valign=&quot;middle&quot; rowspan=&quot;1&quot; colspan=&quot;1&quot;&gt; - Pizza&lt;/td&gt;
            &lt;td align=&quot;left&quot; valign=&quot;middle&quot; rowspan=&quot;1&quot; colspan=&quot;1&quot;&gt;199/374 (53.2%)&lt;/td&gt;
            &lt;td align=&quot;left&quot; valign=&quot;middle&quot; rowspan=&quot;1&quot; colspan=&quot;1&quot;&gt;&amp;lt;0.0001&lt;/td&gt;
          &lt;/tr&gt;
          &lt;tr&gt;
            &lt;td align=&quot;left&quot; valign=&quot;middle&quot; rowspan=&quot;1&quot; colspan=&quot;1&quot;&gt; - Salad&lt;/td&gt;
            &lt;td align=&quot;left&quot; valign=&quot;middle&quot; rowspan=&quot;1&quot; colspan=&quot;1&quot;&gt;78/261 (29.9%)&lt;/td&gt;
            &lt;td align=&quot;left&quot; valign=&quot;middle&quot; rowspan=&quot;1&quot; colspan=&quot;1&quot;&gt;0.4522&lt;/td&gt;
          &lt;/tr&gt;
          &lt;tr&gt;
            &lt;td align=&quot;left&quot; valign=&quot;middle&quot; rowspan=&quot;1&quot; colspan=&quot;1&quot;&gt; - Dessert&lt;/td&gt;
            &lt;td align=&quot;left&quot; valign=&quot;middle&quot; rowspan=&quot;1&quot; colspan=&quot;1&quot;&gt;59/195 (30.3%)&lt;/td&gt;
            &lt;td align=&quot;left&quot; valign=&quot;middle&quot; rowspan=&quot;1&quot; colspan=&quot;1&quot;&gt;0.5951&lt;/td&gt;
          &lt;/tr&gt;
          &lt;tr&gt;
            &lt;td align=&quot;left&quot; valign=&quot;middle&quot; rowspan=&quot;1&quot; colspan=&quot;1&quot;&gt; - Burger&lt;/td&gt;
            &lt;td align=&quot;left&quot; valign=&quot;middle&quot; rowspan=&quot;1&quot; colspan=&quot;1&quot;&gt;50/165 (30.3%)&lt;/td&gt;
            &lt;td align=&quot;left&quot; valign=&quot;middle&quot; rowspan=&quot;1&quot; colspan=&quot;1&quot;&gt;0.6353&lt;/td&gt;
          &lt;/tr&gt;
          &lt;tr&gt;
            &lt;td align=&quot;left&quot; valign=&quot;middle&quot; rowspan=&quot;1&quot; colspan=&quot;1&quot;&gt; - Soup&lt;/td&gt;
            &lt;td align=&quot;left&quot; valign=&quot;middle&quot; rowspan=&quot;1&quot; colspan=&quot;1&quot;&gt;35/125 (28.0%)&lt;/td&gt;
            &lt;td align=&quot;left&quot; valign=&quot;middle&quot; rowspan=&quot;1&quot; colspan=&quot;1&quot;&gt;0.3318&lt;/td&gt;
          &lt;/tr&gt;
          &lt;tr&gt;
            &lt;td align=&quot;left&quot; valign=&quot;middle&quot; rowspan=&quot;1&quot; colspan=&quot;1&quot;&gt; - Taco&lt;/td&gt;
            &lt;td align=&quot;left&quot; valign=&quot;middle&quot; rowspan=&quot;1&quot; colspan=&quot;1&quot;&gt;32/110 (29.1%)&lt;/td&gt;
            &lt;td align=&quot;left&quot; valign=&quot;middle&quot; rowspan=&quot;1&quot; colspan=&quot;1&quot;&gt;0.5088&lt;/td&gt;
          &lt;/tr&gt;
          &lt;tr&gt;
            &lt;td align=&quot;left&quot; valign=&quot;middle&quot; rowspan=&quot;1&quot; colspan=&quot;1&quot;&gt; - Pasta&lt;/td&gt;
            &lt;td align=&quot;left&quot; valign=&quot;middle&quot; rowspan=&quot;1&quot; colspan=&quot;1&quot;&gt;62/122 (50.8%)&lt;/td&gt;
            &lt;td align=&quot;left&quot; valign=&quot;middle&quot; rowspan=&quot;1&quot; colspan=&quot;1&quot;&gt;&amp;lt;0.0001&lt;/td&gt;
          &lt;/tr&gt;
          &lt;tr&gt;
            &lt;td align=&quot;left&quot; valign=&quot;middle&quot; rowspan=&quot;1&quot; colspan=&quot;1&quot;&gt; - Vegetables&lt;/td&gt;
            &lt;td align=&quot;left&quot; valign=&quot;middle&quot; rowspan=&quot;1&quot; colspan=&quot;1&quot;&gt;22/94 (23.4%)&lt;/td&gt;
            &lt;td align=&quot;left&quot; valign=&quot;middle&quot; rowspan=&quot;1&quot; colspan=&quot;1&quot;&gt;0.0713&lt;/td&gt;
          &lt;/tr&gt;
          &lt;tr&gt;
            &lt;td align=&quot;left&quot; valign=&quot;middle&quot; rowspan=&quot;1&quot; colspan=&quot;1&quot;&gt; - Fish&lt;/td&gt;
            &lt;td align=&quot;left&quot; valign=&quot;middle&quot; rowspan=&quot;1&quot; colspan=&quot;1&quot;&gt;29/98 (29.6%)&lt;/td&gt;
            &lt;td align=&quot;left&quot; valign=&quot;middle&quot; rowspan=&quot;1&quot; colspan=&quot;1&quot;&gt;0.6063&lt;/td&gt;
          &lt;/tr&gt;
        &lt;/tbody&gt;
      &lt;/table&gt;
</infon><offset>23111</offset><text>	Gluten present in GF labeled food	p-value	 		 	Region			 	 - Northeast	294/853 (34.5%)		 	 - South	382/1188 (32.2%)	0.0668	 	 - Midwest	205/595 (34.5%)		 	 - West	633/2096 (30.2%)		 		 	Median household income quartile			 	 - First (lowest)	95/343 (27.2%)		 	 - Second	157/503 (31.2%)	0.2801	 	 - Third	297/914 (32.5%)		 	 - Fourth (highest)	942/2877 (32.7%)		 		 	Time of day/meal			 	 - Breakfast	138/508 (27.2%)	0.0008	 	 - Lunch	358/1213 (29.5%)		 	 - Dinner	977/2873 (34.0%)		 		 	Restaurant type			 	 - Casual	158/552 (28.6%)	0.0708	 	 - Fast casual	37/166 (22.3%)	0.0063	 	 - Quick service	67/201 (33.3%)	0.6767	 		 	Food item			 	 - French fries	53/175 (30.3%)	0.6213	 	 - Pizza	199/374 (53.2%)	&lt;0.0001	 	 - Salad	78/261 (29.9%)	0.4522	 	 - Dessert	59/195 (30.3%)	0.5951	 	 - Burger	50/165 (30.3%)	0.6353	 	 - Soup	35/125 (28.0%)	0.3318	 	 - Taco	32/110 (29.1%)	0.5088	 	 - Pasta	62/122 (50.8%)	&lt;0.0001	 	 - Vegetables	22/94 (23.4%)	0.0713	 	 - Fish	29/98 (29.6%)	0.6063	 	</text></passage><passage><infon key="file">T2.xml</infon><infon key="id">T2</infon><infon key="section_type">TABLE</infon><infon key="type">table_footnote</infon><offset>24190</offset><text>p values derived from chi-square tests. In the case of restaurant type and food items, 2×2 chi-square tests were performed, comparing each restaurant/food item to all other tested foods not in that classification.</text></passage><passage><infon key="section_type">REF</infon><infon key="type">title_caption</infon><offset>24405</offset><text>STUDY HIGHLIGHTS</text></passage><passage><infon key="section_type">REF</infon><infon key="type">paragraph</infon><offset>24422</offset><text>What is current knowledge?</text></passage><passage><infon key="section_type">REF</infon><infon key="type">paragraph</infon><offset>24449</offset><text>Adherence to a gluten-free (GF) diet is the mainstay of therapy for celiac disease (CD).</text></passage><passage><infon key="section_type">REF</infon><infon key="type">paragraph</infon><offset>24538</offset><text>Exposure to gluten while dining out is a major barrier to quality of life for CD patients.</text></passage><passage><infon key="section_type">REF</infon><infon key="type">paragraph</infon><offset>24629</offset><text>What is new here?</text></passage><passage><infon key="section_type">REF</infon><infon key="type">paragraph</infon><offset>24647</offset><text>We used crowd-sourced data from users of a portable gluten detection device to estimate rates of and identify risk factors for gluten contamination of supposed GF restaurant foods.</text></passage><passage><infon key="section_type">REF</infon><infon key="type">paragraph</infon><offset>24828</offset><text>Approximately one-third of restaurant foods labeled GF contained detectable levels of gluten.</text></passage><passage><infon key="section_type">REF</infon><infon key="type">paragraph</infon><offset>24922</offset><text>Rates of gluten detection were highest during dinner hours.</text></passage><passage><infon key="section_type">REF</infon><infon key="type">paragraph</infon><offset>24982</offset><text>Pizza and pasta were the foods most likely to contain gluten, with more than 50% of samples testing positive.</text></passage></document></collection>
