<?xml version="1.0" encoding="UTF-8"?>
<!DOCTYPE collection SYSTEM "BioC.dtd">
<collection><source>PMC</source><date>20201217</date><key>pmc.key</key><document><id>6467445</id><infon key="license">CC BY</infon><passage><infon key="article-id_doi">10.1371/journal.pone.0215728</infon><infon key="article-id_pmc">6467445</infon><infon key="article-id_pmid">30990856</infon><infon key="article-id_publisher-id">PONE-D-19-10169</infon><infon key="elocation-id">e0215728</infon><infon key="issue">4</infon><infon key="license">This is an open access article distributed under the terms of the Creative Commons Attribution License, which permits unrestricted use, distribution, and reproduction in any medium, provided the original author and source are credited.</infon><infon key="name_0">surname:Nair;given-names:Divya Jayakumar</infon><infon key="name_1">surname:Gilles;given-names:Flavien</infon><infon key="name_2">surname:Chand;given-names:Sai</infon><infon key="name_3">surname:Saxena;given-names:Neeraj</infon><infon key="name_4">surname:Dixit;given-names:Vinayak</infon><infon key="section_type">TITLE</infon><infon key="type">front</infon><infon key="volume">14</infon><infon key="year">2019</infon><offset>0</offset><text>Correction: Characterizing multicity urban traffic conditions using crowdsourced data</text></passage><passage><infon key="section_type">INTRO</infon><infon key="type">paragraph</infon><offset>86</offset><text>There are errors in the Author Contributions. The correct contributions are: Conceptualization: DJN SC NS VD. Data curation: DJN FG SC NS. Formal Analysis: DJN FG SC NS. Investigation: DJN FG SC VD. Methodology: DJN SC VD. Resources: VD. Supervision: VD. Validation: DJN SC. Writing–original draft: DJN NS. Writing–review &amp; editing: DJN SC NS.</text></passage><passage><infon key="section_type">REF</infon><infon key="type">title</infon><offset>434</offset><text>Reference</text></passage><passage><infon key="fpage">e0212845</infon><infon key="issue">3</infon><infon key="name_0">surname:Nair;given-names:DJ</infon><infon key="name_1">surname:Gilles;given-names:F</infon><infon key="name_2">surname:Chand;given-names:S</infon><infon key="name_3">surname:Saxena;given-names:N</infon><infon key="name_4">surname:Dixit;given-names:V</infon><infon key="pub-id_doi">10.1371/journal.pone.0212845</infon><infon key="pub-id_pmid">30861011</infon><infon key="section_type">REF</infon><infon key="source">PLoS ONE</infon><infon key="type">ref</infon><infon key="volume">14</infon><infon key="year">2019</infon><offset>444</offset><text>Characterizing multicity urban traffic conditions using crowdsourced data</text></passage></document></collection>
