<?xml version="1.0" encoding="UTF-8"?>
<!DOCTYPE collection SYSTEM "BioC.dtd">
<collection><source>PMC</source><date>20201220</date><key>pmc.key</key><document><id>6505375</id><infon key="license">CC BY</infon><passage><infon key="article-id_doi">10.2196/13822</infon><infon key="article-id_pmc">6505375</infon><infon key="article-id_pmid">31017583</infon><infon key="article-id_publisher-id">v21i4e13822</infon><infon key="elocation-id">e13822</infon><infon key="issue">4</infon><infon key="kwd">autism autism spectrum disorder machine learning developmental delays clinical resources Bangladesh Biomedical Data Science</infon><infon key="license">This is an open-access article distributed under the terms of the Creative Commons Attribution License (https://creativecommons.org/licenses/by/4.0/), which permits unrestricted use, distribution, and reproduction in any medium, provided the original work, first published in the Journal of Medical Internet Research, is properly cited. The complete bibliographic information, a link to the original publication on http://www.jmir.org/, as well as this copyright and license information must be included.</infon><infon key="name_0">surname:Eysenbach;given-names:Gunther</infon><infon key="name_1">surname:Linstead;given-names:Eric</infon><infon key="name_10">surname:Khan;given-names:Naila Z</infon><infon key="name_11">surname:Darmstadt;given-names:Gary L</infon><infon key="name_12">surname:Wall;given-names:Dennis Paul</infon><infon key="name_2">surname:Teraman;given-names:Sharief</infon><infon key="name_3">surname:Tariq;given-names:Qandeel</infon><infon key="name_4">surname:Fleming;given-names:Scott Lanyon</infon><infon key="name_5">surname:Schwartz;given-names:Jessey Nicole</infon><infon key="name_6">surname:Dunlap;given-names:Kaitlyn</infon><infon key="name_7">surname:Corbin;given-names:Conor</infon><infon key="name_8">surname:Washington;given-names:Peter</infon><infon key="name_9">surname:Kalantarian;given-names:Haik</infon><infon key="section_type">TITLE</infon><infon key="type">front</infon><infon key="volume">21</infon><infon key="year">2019</infon><offset>0</offset><text>Detecting Developmental Delay and Autism Through Machine Learning Models Using Home Videos of Bangladeshi Children: Development and Validation Study</text></passage><passage><infon key="section_type">ABSTRACT</infon><infon key="type">abstract_title_1</infon><offset>149</offset><text>Background</text></passage><passage><infon key="section_type">ABSTRACT</infon><infon key="type">abstract</infon><offset>160</offset><text>Autism spectrum disorder (ASD) is currently diagnosed using qualitative methods that measure between 20-100 behaviors, can span multiple appointments with trained clinicians, and take several hours to complete. In our previous work, we demonstrated the efficacy of machine learning classifiers to accelerate the process by collecting home videos of US-based children, identifying a reduced subset of behavioral features that are scored by untrained raters using a machine learning classifier to determine children’s “risk scores” for autism. We achieved an accuracy of 92% (95% CI 88%-97%) on US videos using a classifier built on five features.</text></passage><passage><infon key="section_type">ABSTRACT</infon><infon key="type">abstract_title_1</infon><offset>812</offset><text>Objective</text></passage><passage><infon key="section_type">ABSTRACT</infon><infon key="type">abstract</infon><offset>822</offset><text>Using videos of Bangladeshi children collected from Dhaka Shishu Children’s Hospital, we aim to scale our pipeline to another culture and other developmental delays, including speech and language conditions.</text></passage><passage><infon key="section_type">ABSTRACT</infon><infon key="type">abstract_title_1</infon><offset>1032</offset><text>Methods</text></passage><passage><infon key="section_type">ABSTRACT</infon><infon key="type">abstract</infon><offset>1040</offset><text>Although our previously published and validated pipeline and set of classifiers perform reasonably well on Bangladeshi videos (75% accuracy, 95% CI 71%-78%), this work improves on that accuracy through the development and application of a powerful new technique for adaptive aggregation of crowdsourced labels. We enhance both the utility and performance of our model by building two classification layers: The first layer distinguishes between typical and atypical behavior, and the second layer distinguishes between ASD and non-ASD. In each of the layers, we use a unique rater weighting scheme to aggregate classification scores from different raters based on their expertise. We also determine Shapley values for the most important features in the classifier to understand how the classifiers’ process aligns with clinical intuition.</text></passage><passage><infon key="section_type">ABSTRACT</infon><infon key="type">abstract_title_1</infon><offset>1881</offset><text>Results</text></passage><passage><infon key="section_type">ABSTRACT</infon><infon key="type">abstract</infon><offset>1889</offset><text>Using these techniques, we achieved an accuracy (area under the curve [AUC]) of 76% (SD 3%) and sensitivity of 76% (SD 4%) for identifying atypical children from among developmentally delayed children, and an accuracy (AUC) of 85% (SD 5%) and sensitivity of 76% (SD 6%) for identifying children with ASD from those predicted to have other developmental delays.</text></passage><passage><infon key="section_type">ABSTRACT</infon><infon key="type">abstract_title_1</infon><offset>2250</offset><text>Conclusions</text></passage><passage><infon key="section_type">ABSTRACT</infon><infon key="type">abstract</infon><offset>2262</offset><text>These results show promise for using a mobile video-based and machine learning–directed approach for early and remote detection of autism in Bangladeshi children. This strategy could provide important resources for developmental health in developing countries with few clinical resources for diagnosis, helping children get access to care at an early age. Future research aimed at extending the application of this approach to identify a range of other conditions and determine the population-level burden of developmental disabilities and impairments will be of high value.</text></passage><passage><infon key="section_type">INTRO</infon><infon key="type">title_1</infon><offset>2839</offset><text>Introduction</text></passage><passage><infon key="section_type">INTRO</infon><infon key="type">paragraph</infon><offset>2852</offset><text>Autism spectrum disorder (ASD) is a heterogeneous developmental disorder that includes deficits in social communication, repetitive behaviors, and restrictive interests, all of which lead to significant social and occupational impairments throughout the lifespan. Autism is one of the fastest growing developmental disorders in the United States, affecting 1 in 59 children. Although the global autism prevalence is largely unknown, the prevalence is estimated to be between 0.15% and 0.8% among children in developing countries such as Bangladesh, with a higher prevalence in urban centers (eg, 3% in Dhaka). These numbers only represent a fraction of the actual cases, as most cases in semiurban and rural areas go unnoticed due to a dearth of resources. The disparity between urban and rural prevalence may reflect poorly understood risk factors or clinical resources in high-income areas along with higher awareness among urban parents about developmental delays. More accessible and wide-scale screening is needed to accurately estimate ASD prevalence in remote parts of Bangladesh and other countries.</text></passage><passage><infon key="section_type">INTRO</infon><infon key="type">paragraph</infon><offset>3960</offset><text>The current models for diagnosing autism in Bangladesh, as in the United States, are often administered by trained clinical professionals using standard assessments. Empirically validated diagnostic tools like the Autism Diagnostic Observation Schedule (ADOS) and Autism Diagnostic Interview (ADI-R) are not always used in different countries, particularly in developing countries, as these tools are expensive, require trained clinicians to administer, and may be limited by available translations and cultural adaptations. For countries with limited ASD resources like Bangladesh, obtaining a diagnosis, which is essential for receiving an intervention and improving outcomes, is difficult. There is a pressing need to further develop open-source tools that do not require extensive training and professional certification and have high cross-cultural validity for autism screening globally. Previous work has shown the feasibility and efficacy of assessing developmental delay using rapid assessment tools delivered by professionals with limited clinical expertise in the home. There is potential to extend the reach of assessment tools and decrease health care disparity, especially in developing and rural countries, by using machine learning and mobile technologies.</text></passage><passage><infon key="section_type">INTRO</infon><infon key="type">paragraph</infon><offset>5233</offset><text>In our previous works, we have developed tools for rapid mobile detection of ASD in short home videos of US children by using supervised machine learning approaches to identify minimal sets of behaviors that align with clinical diagnoses of ASD. Features extracted in our minimally viable classifiers are accurately labeled by nonexpert raters (ie, noncertified clinical practitioners) in a short period of time (eg, &lt;6 minutes). These labeled features can then be fed into our machine learning classifiers to determine the child’s autism risk. Tariq et al used a dataset consisting of 162 videos (116 ASD, 46 neurotypical development [TD]) of US children to validate these classifiers. The top-performing classifier exhibited an accuracy of 92% (95% CI 88%-97%).</text></passage><passage><infon key="section_type">INTRO</infon><infon key="type">paragraph</infon><offset>5999</offset><text>Additionally, an independent validation set consisting of 66 videos (33 ASD, 33 TD) was labeled by a separate set of video raters in order to validate the results. The top-performing classifier maintained similar results, achieving an overall accuracy of 89% (95% CI 81%-95%).</text></passage><passage><infon key="section_type">INTRO</infon><infon key="type">paragraph</infon><offset>6276</offset><text>The current study aimed to show generalizability of video-based machine learning procedures for ASD detection that have established validity among US-based children in Bangladesh. Specifically, our study aimed to determine the performance and accuracy of this same video machine learning procedures on videos of Bangladeshi children under the age of 4 years. This sample was drawn from a population diagnosed with ASD and another population with other speech and language conditions (SLCs), but not ASD. Additionally, we compared the features that are most important for accurate classification of children from Bangladesh and created several machine learning models that can be generalized to different cultures.</text></passage><passage><infon key="section_type">METHODS</infon><infon key="type">title_1</infon><offset>6990</offset><text>Methods</text></passage><passage><infon key="section_type">METHODS</infon><infon key="type">title_2</infon><offset>6998</offset><text>Data Collection</text></passage><passage><infon key="section_type">METHODS</infon><infon key="type">paragraph</infon><offset>7014</offset><text>The study received ethical clearance under Dr Naila Khan from the Bangladesh Institute of Child Health, Dhaka Shishu Children’s Hospital (DSH) and the Stanford University Institutional Review Board. We aimed to recruit 150 children for this study: 50 with ASD, 50 with an SLC, and 50 with neurotypical development (TD). All participants were recruited after they provided consent (in Bengali language) for participation at the DSH, and their children were screened for the presence of ASD or SLC. Participants were enrolled if they were parents above 18 years of age, had a child between the ages of 18 months and 4 years, could attend an appointment at the DSH to complete the study procedures, and were willing to submit a brief video of their child to the study team. Enrolled families provided demographic information (see Table 1 in the Results section).</text></passage><passage><infon key="section_type">METHODS</infon><infon key="type">paragraph</infon><offset>7876</offset><text>Brief videos (2-5 minutes) were recorded during evaluation of the children who presented to the Child Development Center of the Bangladesh Institute of Child Health with neurodevelopmental concerns. We administered the Modified Checklist for Autism in Toddlers (Bangla version) to all children to identify the presence of ASD, and all children underwent additional clinical evaluations by a developmental psychologist and a child health physician in order diagnose ASD, SLC, or TD, as described previously. We also administered the ADOS for 28 of the 50 children identified with ASD; ADOS could not be completed in the remaining 22 children diagnosed with ASD because their families were unable to commit to the time required to complete the assessment, a common problem for families in low-resource areas.</text></passage><passage><infon key="section_type">METHODS</infon><infon key="type">paragraph</infon><offset>8683</offset><text>Acquired videos and supporting demographic measures were securely sent from DSH to Stanford University. Videos were assessed for quality by trained clinical researchers at Stanford University. Criteria included video, sound, and image quality in addition to video length and content (ie, ensuring that the video was long enough to answer necessary questions, that the child was present in the video, etc). Furthermore, videos were assessed to meet the following criteria: (1) it captured the child’s face and hands, (2) it involved social interaction or attempts of social interaction, and (3) it involved an interaction between the child and a toy/object.</text></passage><passage><infon key="section_type">METHODS</infon><infon key="type">title_2</infon><offset>9342</offset><text>Video Raters</text></passage><passage><infon key="section_type">METHODS</infon><infon key="type">paragraph</infon><offset>9355</offset><text>Nine non-Bengali speaking US-based raters with no clinical training used a secure, HIPAA (Health Insurance Portability and Accountability Act)-compliant online website to watch the videos and answer a set of 31 multiple-choice questions corresponding to the behavioral features of autism. Each rater completed a 1-hour training session with a senior analyst before scoring the videos. Senior analysts conducted rater quality checks by comparing a subset of 10 video scores to “gold standard” scores. These “gold standard” scores were agreed upon by two clinical research coordinators who each had several years of experience with children with autism.</text></passage><passage><infon key="section_type">METHODS</infon><infon key="type">title_2</infon><offset>10015</offset><text>Source Classifiers Trained on Clinical Data for Reduce-to-Practice Testing</text></passage><passage><infon key="section_type">METHODS</infon><infon key="type">paragraph</infon><offset>10090</offset><text>We assembled eight published machine learning classifiers to test their viability for use in the rapid mobile detection of autism through the use of short home videos of US children. For all eight models, the source of training and validation data was item-level medical records of US children, which contained either the ADOS or ADI-R outcome data on all participants. The ADOS has several modules containing approximately 30 features that correspond to the developmental level of the individual under assessment. These features are assessed based on how a child interacts with a clinical practitioner administering the exam. The ADI-R is a parent-directed interview that includes &gt;90 elements asked of the parent, with multiple choices for answers. Each model was trained on item-level outcomes from the administration of either the ADOS or ADI-R and optimized for accuracy, sparsity of features, and interpretability in previous publications. All these classifiers have been validated with US home videos (total: n=162, ASD: n=116, non-ASD: n=46). The top three performing classifiers in this dataset were chosen for validation of the videos collected from DSH in Bangladesh to test the accuracies of these models across cultures.</text></passage><passage><infon key="section_type">METHODS</infon><infon key="type">title_2</infon><offset>11324</offset><text>Stacked Classifiers With Rater-Adaptive Weighting</text></passage><passage><infon key="section_type">METHODS</infon><infon key="type">paragraph</infon><offset>11374</offset><text>In an effort to improve the results on the Bangladeshi dataset after attempting to validate previously built classifiers on these data, we constructed new classifiers while controlling for potential noise resulting from inaccurate ratings and constructed separate layers for each step of the classification for a streamlined approach. Our dataset contained three classes—TD, ASD, and SLC—assigned by screening via clinical evaluation at the DSH. By implementing a layered approach to classification—first distinguishing general developmental delays (including ASD and SLC) from TD and then distinguishing ASD from SLCs—we were able to broaden the detection capabilities to more generally classify the presence of other developmental delays in addition to ASD specifically.</text></passage><passage><infon key="section_type">METHODS</infon><infon key="type">title_3</infon><offset>12155</offset><text>Rater Weighting</text></passage><passage><infon key="section_type">METHODS</infon><infon key="type">paragraph</infon><offset>12171</offset><text>Given the raters’ lack of formal clinical training, we hypothesized that some raters might be more adept at identifying certain risk factors in some videos than others. Regardless of whether these interrater differences in identification accuracy for certain subsets of behaviors arise naturally or by chance, we hypothesized that this heterogeneous rater performance could be leveraged to yield increased model performance. For example, if one rater is especially capable of labeling a child’s level of eye contact and another rater does a poor job of rating eye contact but excels at rating language ability, then a model trained on each individual rater’s labels alone might perform poorly; however, an ensemble that considers the outputs of both rater’s models could perform substantially better. Achieving this improved performance is the focus of our proposed novel rater-adaptive weighting scheme.</text></passage><passage><infon key="section_type">METHODS</infon><infon key="type">paragraph</infon><offset>13084</offset><text>For each of the three raters in the dataset, we trained a Random Forest classifier to predict a child’s class label (TD, SLC, or ASD) based on the rater’s annotations of that child’s behavior in a given video. The Random Forest classifier adapts to each rater’s expertise and labeling patterns; a basic analysis revealed that each rater had a different feature set that they rated well. In addition to (and, in part, because of) interrater differences in the labeling ability, each rater’s model had varying levels of accuracy. We wanted the ensemble to weigh the predictions from the most accurate rater models more heavily. Therefore, we first trained and calculated the accuracy of each rater’s model relative to a majority vote baseline and then used that difference to up- or downweigh that rater’s vote relative to the other raters’ votes.</text></passage><passage><infon key="section_type">METHODS</infon><infon key="type">paragraph</infon><offset>13946</offset><text>Specifically, we let zj represent the difference in accuracy of rater j ’s model relative to the majority vote baseline. Then, after calculating zj for each rater j=1, 2...K, we pass these values into the softmax function to generate rater-specific weights:</text></passage><passage><infon key="section_type">METHODS</infon><infon key="type">paragraph</infon><offset>14206</offset><text>This ensures that all the raters’ weights collectively sum up to 1, so that the ensemble prediction will be a linear combination of each rater’s predictions. Using these weights, the final ensemble prediction for child i is calculated by multiplying each rater model’s predicted probability for the target class (eg, atypical development or ASD) by the corresponding rater-specific weight and adding the weighted raters’ predicted probabilities together. More specific details can be found in Multimedia Appendix 1.</text></passage><passage><infon key="section_type">METHODS</infon><infon key="type">title_3</infon><offset>14730</offset><text>Stacking Classifiers to Distinguish Between Typical/Atypical Development and Autism Spectrum Disorder/Speech and Language Conditions</text></passage><passage><infon key="section_type">METHODS</infon><infon key="type">paragraph</infon><offset>14863</offset><text>In order to reflect the differences in both the conceptualization and use cases of predicting (1) TD vs atypical development and (2) ASD from other developmental delays, we decided to create a stacked approach to classification. In the first layer, we built classifiers to distinguish between TD and atypical development (ASD/other SLCs). The cases classified as atypical from the first layer were then used as input for the second layer to distinguish between ASD and other SLCs.</text></passage><passage><infon key="section_type">METHODS</infon><infon key="type">paragraph</infon><offset>15344</offset><text>We wanted to optimize the model for sensitivity in the first layer to ensure no atypical case was misclassified. In the second layer, we wanted to optimize for both sensitivity and specificity, so that children with ASD would be effectively distinguished from children with other development delays. After training these classifiers for each rater, we tested them on the held-out test set and aggregated rater scores using the rater weights calculated in the previous step. For each of these layers, we used a three-fold cross-validation approach to select the training and test sets randomly in order to ensure that the accuracy reported is stable across different splits.</text></passage><passage><infon key="section_type">METHODS</infon><infon key="type">title_2</infon><offset>16018</offset><text>Feature Importance</text></passage><passage><infon key="section_type">METHODS</infon><infon key="type">paragraph</infon><offset>16037</offset><text>To determine the impact of each video’s annotations on the classifier’s predicted label for that video, we used a recently developed method for efficiently calculating approximate Shapley values. Shapley values are traditionally used in coalitional game theory to determine how to optimally distribute gains earned from cooperative effort. The same idea can be extended to machine learning in order to rank features for nonlinear models such as Random Forests. In the machine learning adaptation of Shapley values, feature values “cooperate” to impact a machine learning model’s output, which in this case is the predicted probability of a child’s video being classified as TD, ASD, or SLC. For each video, Shapley values capture both the magnitude of importance for each feature value as well as the direction in which the feature value “pushes” the final predicted class probability. More precisely, if we let Φk(Fj*, x(i)) be the impact (Shapley value) of the k th feature for video i with feature vector x(i) on the output of model Fj*, then the Shapley value formulation guarantees that</text></passage><passage><infon key="section_type">METHODS</infon><infon key="type">paragraph</infon><offset>17146</offset><text>In other words, any video’s final predicted class probability is the average predicted class probability of the dataset plus all the Shapley values associated with each element of that video’s input vector. This property, called local accuracy, indicates that the feature importance can be easily measured and compared. Additionally, because each video, feature, and model triple is associated with a single scalar-valued feature importance, we can understand how each annotation for each child’s video affected his/her predicted probability of TD/ASD/SLC at an individual level and estimate a feature’s overall importance to the model by summing up the absolute values of that feature’s Shapley values over all videos. The features with the highest sum of absolute Shapley values are considered the most important to the model. Finally, given the way in which we ensembled individual raters’ models, we can extract Shapley values for the multirater ensemble by employing the same weights. Specifically, we can employ the following equation:</text></passage><passage><infon key="section_type">METHODS</infon><infon key="type">paragraph</infon><offset>18200</offset><text>To test whether our classifier’s decisions align with clinical intuition, we calculated Shapley values for the 159 videos for the second layer of the classifier when distinguishing ASD from non-ASD.</text></passage><passage><infon key="section_type">METHODS</infon><infon key="type">title_2</infon><offset>18401</offset><text>Comparing Bangladeshi and US Results</text></passage><passage><infon key="section_type">METHODS</infon><infon key="type">paragraph</infon><offset>18438</offset><text>In order to determine the generalizability of one dataset’s characteristics to the other, we trained logistic regression classifiers with elastic net regularization for the Bangladeshi data and US data to predict ASD from the non-autism class. We trained the model on the Bangladeshi data and tested the model on the US data and vice versa. For both classifiers, we randomly split the dataset into training and testing, reserving 20% for the latter while using cross-validation on the training set to tune hyperparameters associated with elastic net regularization. Note that while traditional logistic regression seeks to find a set of model coefficients, β, that minimizes the logarithmic loss (we will denote this loss as  where represents the model’s predictions when the model is parameterized by β), logistic regression with elastic net regularization seeks to minimize the logarithmic loss plus a regularization term:</text></passage><passage><infon key="section_type">METHODS</infon><infon key="type">paragraph</infon><offset>19369</offset><text>Here, the first sum corresponds to an L2-loss, the second sum corresponds to an L1-loss, ρ is a hyperparameter governing the balance between the two losses, and α is the second hyperparameter determining the overall strength of regularization. Incorporating this regularization into the logistic regression loss yields several benefits, including more parsimonious and interpretable models and better predictive performance, especially when two or more of the predictor variables are correlated. We used cross-validation for model hyperparameter tuning by performing a grid search with different values of α (varying penalty weights) and ρ (the mixing parameter determining how much weight to apply to L1 versus L2 penalties). Based on the resulting area under the curve (AUC) and accuracy from each combination, we selected the top-performing pair of hyperparameters. Using this pair, we trained the model using logistic regression and balanced class weights to adjust weights that were inversely proportional to class frequencies in the input data, which helps account for class imbalance. After determining the top-ranked features based on the trained model and the resulting coefficients, we validated the model on the reserved test set. The behavioral features that were selected most often during the hyperparameter tuning phase across different cross-folds were compared between US and Bangladeshi models to determine which features have a greater significance and whether they align between the two models.</text></passage><passage><infon key="section_type">METHODS</infon><infon key="type">title_2</infon><offset>20896</offset><text>Software</text></passage><passage><infon key="section_type">METHODS</infon><infon key="type">paragraph</infon><offset>20905</offset><text>Analyses were performed in Python 3.6.7; we used pandas 0.23.4 to prepare the data for analysis. The classification models described were trained and evaluated using the scikit-learn 0.20.0 package. Hyperparameters for each rater model were tuned using the hyperopt 0.1.1 package. Shapley value estimates were calculated using the shap 0.24.0 package. Plots were generated using matplotlib 3.0.1.</text></passage><passage><infon key="section_type">RESULTS</infon><infon key="type">title_1</infon><offset>21302</offset><text>Results</text></passage><passage><infon key="section_type">RESULTS</infon><infon key="type">title_2</infon><offset>21310</offset><text>Data Collection</text></passage><passage><infon key="section_type">RESULTS</infon><infon key="type">paragraph</infon><offset>21326</offset><text>We collected 159 videos in total: 55 videos were of children with ASD, 50 were of children with SLC, and 54 were of children with TD. The parent-submitted home videos were an average of 3 minutes 11 seconds long (SD 1 minute 57 seconds). Of the 159 videos submitted, all were manually inspected and found to be of good, scorable quality in terms of length, resolution, and content. Demographic data were missing for 9 subjects, who were excluded from analysis; all other data were complete. Video rating staff were able to rate all videos. Table 1 outlines the diagnosis and demographic breakdown for 150 of the 159 videos included in the dataset.</text></passage><passage><infon key="section_type">RESULTS</infon><infon key="type">title_2</infon><offset>21974</offset><text>Results of Source Classifiers Trained on Clinical Data for Reduce-to-Practice Testing</text></passage><passage><infon key="section_type">RESULTS</infon><infon key="type">paragraph</infon><offset>22060</offset><text>We first sought to distinguish AD from non-ASD cases. Our top performing classifiers from our previous analysis of the videos from 162 US children were validated on the Bangladeshi dataset. We tested across different train-test splits and achieved a maximum AUC of 0.75 (SD 0.06; Figure 1). In order to improve classifier performance, we next shifted to the development of stacked classifiers.</text></passage><passage><infon key="section_type">RESULTS</infon><infon key="type">title_2</infon><offset>22454</offset><text>Results From Stacked Classifiers With Rater-Adaptive Weightings</text></passage><passage><infon key="section_type">RESULTS</infon><infon key="type">paragraph</infon><offset>22518</offset><text>Since we used a three-fold cross-validation approach, we trained and tested the models for each of the raters across three different splits. The training set consisted of 114 randomly selected videos, and the average demographic information for the three splits for the training set was as follows: average age, 2 years 7 months (SD 7 months); proportion of males, 64%; proportion of children with TD, 34%; proportion of children with SLC, 31%; and proportion of children with ASD, 35%. The demographic information for the test set for layer 1 (distinguishing TD from ASD/SLC) and layer 2 (distinguishing ASD from SLC) can be found in Table 2.</text></passage><passage><infon key="file">table1.xml</infon><infon key="id">table1</infon><infon key="section_type">TABLE</infon><infon key="type">table_caption</infon><offset>23162</offset><text>Participant demographics collected from Dhaka Shishu Hospital, Bangladesh.</text></passage><passage><infon key="file">table1.xml</infon><infon key="id">table1</infon><infon key="section_type">TABLE</infon><infon key="type">table</infon><infon key="xml">&lt;?xml version=&quot;1.0&quot; encoding=&quot;UTF-8&quot;?&gt;
&lt;table frame=&quot;hsides&quot; rules=&quot;groups&quot; width=&quot;1000&quot; cellpadding=&quot;5&quot; cellspacing=&quot;0&quot; border=&quot;1&quot;&gt;&lt;col width=&quot;30&quot; span=&quot;1&quot;/&gt;&lt;col width=&quot;30&quot; span=&quot;1&quot;/&gt;&lt;col width=&quot;340&quot; span=&quot;1&quot;/&gt;&lt;col width=&quot;150&quot; span=&quot;1&quot;/&gt;&lt;col width=&quot;150&quot; span=&quot;1&quot;/&gt;&lt;col width=&quot;150&quot; span=&quot;1&quot;/&gt;&lt;col width=&quot;150&quot; span=&quot;1&quot;/&gt;&lt;thead&gt;&lt;tr valign=&quot;bottom&quot;&gt;&lt;td colspan=&quot;3&quot; rowspan=&quot;1&quot;&gt;Demographic&lt;/td&gt;&lt;td rowspan=&quot;1&quot; colspan=&quot;1&quot;&gt;Full cohort (N=150)&lt;/td&gt;&lt;td rowspan=&quot;1&quot; colspan=&quot;1&quot;&gt;ASD&lt;sup&gt;a&lt;/sup&gt; cohort (N=50)&lt;/td&gt;&lt;td rowspan=&quot;1&quot; colspan=&quot;1&quot;&gt;TD&lt;sup&gt;b&lt;/sup&gt; cohort (N=50)&lt;/td&gt;&lt;td rowspan=&quot;1&quot; colspan=&quot;1&quot;&gt;SLC&lt;sup&gt;c&lt;/sup&gt; cohort (N=50)&lt;/td&gt;&lt;/tr&gt;&lt;/thead&gt;&lt;tbody&gt;&lt;tr valign=&quot;top&quot;&gt;&lt;td colspan=&quot;3&quot; rowspan=&quot;1&quot;&gt;Age (years), mean (SD)&lt;/td&gt;&lt;td rowspan=&quot;1&quot; colspan=&quot;1&quot;&gt;2.55 (0.62)&lt;/td&gt;&lt;td rowspan=&quot;1&quot; colspan=&quot;1&quot;&gt;2.51 (0.70)&lt;/td&gt;&lt;td rowspan=&quot;1&quot; colspan=&quot;1&quot;&gt;2.40 (0.59)&lt;/td&gt;&lt;td rowspan=&quot;1&quot; colspan=&quot;1&quot;&gt;2.73 (0.51)&lt;/td&gt;&lt;/tr&gt;&lt;tr valign=&quot;top&quot;&gt;&lt;td colspan=&quot;3&quot; rowspan=&quot;1&quot;&gt;Gender (male), n (%)&lt;/td&gt;&lt;td rowspan=&quot;1&quot; colspan=&quot;1&quot;&gt;90 (60)&lt;/td&gt;&lt;td rowspan=&quot;1&quot; colspan=&quot;1&quot;&gt;36 (72)&lt;/td&gt;&lt;td rowspan=&quot;1&quot; colspan=&quot;1&quot;&gt;23 (62)&lt;/td&gt;&lt;td rowspan=&quot;1&quot; colspan=&quot;1&quot;&gt;31 (46)&lt;/td&gt;&lt;/tr&gt;&lt;tr valign=&quot;top&quot;&gt;&lt;td colspan=&quot;3&quot; rowspan=&quot;1&quot;&gt;Preterm (ie, &amp;lt;37 weeks), n (%)&lt;/td&gt;&lt;td rowspan=&quot;1&quot; colspan=&quot;1&quot;&gt;11 (0.7)&lt;/td&gt;&lt;td rowspan=&quot;1&quot; colspan=&quot;1&quot;&gt;5 (10)&lt;/td&gt;&lt;td rowspan=&quot;1&quot; colspan=&quot;1&quot;&gt;0 (0)&lt;/td&gt;&lt;td rowspan=&quot;1&quot; colspan=&quot;1&quot;&gt;6 (12)&lt;/td&gt;&lt;/tr&gt;&lt;tr valign=&quot;top&quot;&gt;&lt;td colspan=&quot;7&quot; rowspan=&quot;1&quot;&gt;&lt;bold&gt;Family income in taka&lt;sup&gt;d&lt;/sup&gt;, n (%)&lt;/bold&gt;&lt;/td&gt;&lt;/tr&gt;&lt;tr valign=&quot;top&quot;&gt;&lt;td rowspan=&quot;3&quot; colspan=&quot;1&quot;&gt;&lt;break/&gt;&lt;/td&gt;&lt;td colspan=&quot;2&quot; rowspan=&quot;1&quot;&gt;1,000-10,000&lt;/td&gt;&lt;td rowspan=&quot;1&quot; colspan=&quot;1&quot;&gt;16 (10.7)&lt;/td&gt;&lt;td rowspan=&quot;1&quot; colspan=&quot;1&quot;&gt;0 (0)&lt;/td&gt;&lt;td rowspan=&quot;1&quot; colspan=&quot;1&quot;&gt;16 (32)&lt;/td&gt;&lt;td rowspan=&quot;1&quot; colspan=&quot;1&quot;&gt;0 (0)&lt;/td&gt;&lt;/tr&gt;&lt;tr valign=&quot;top&quot;&gt;&lt;td colspan=&quot;2&quot; rowspan=&quot;1&quot;&gt;&amp;gt;10,000-30,000&lt;/td&gt;&lt;td rowspan=&quot;1&quot; colspan=&quot;1&quot;&gt;33 (22)&lt;/td&gt;&lt;td rowspan=&quot;1&quot; colspan=&quot;1&quot;&gt;2 (4)&lt;/td&gt;&lt;td rowspan=&quot;1&quot; colspan=&quot;1&quot;&gt;21 (42)&lt;/td&gt;&lt;td rowspan=&quot;1&quot; colspan=&quot;1&quot;&gt;10 (20)&lt;/td&gt;&lt;/tr&gt;&lt;tr valign=&quot;top&quot;&gt;&lt;td colspan=&quot;2&quot; rowspan=&quot;1&quot;&gt;&amp;gt;30,000&lt;/td&gt;&lt;td rowspan=&quot;1&quot; colspan=&quot;1&quot;&gt;101 (67.3)&lt;/td&gt;&lt;td rowspan=&quot;1&quot; colspan=&quot;1&quot;&gt;48 (96)&lt;/td&gt;&lt;td rowspan=&quot;1&quot; colspan=&quot;1&quot;&gt;13 (26)&lt;/td&gt;&lt;td rowspan=&quot;1&quot; colspan=&quot;1&quot;&gt;40 (80)&lt;/td&gt;&lt;/tr&gt;&lt;tr valign=&quot;top&quot;&gt;&lt;td colspan=&quot;7&quot; rowspan=&quot;1&quot;&gt;&lt;bold&gt;Residence, n (%)&lt;/bold&gt;&lt;/td&gt;&lt;/tr&gt;&lt;tr valign=&quot;top&quot;&gt;&lt;td rowspan=&quot;3&quot; colspan=&quot;1&quot;&gt;&lt;break/&gt;&lt;/td&gt;&lt;td colspan=&quot;2&quot; rowspan=&quot;1&quot;&gt;Urban&lt;/td&gt;&lt;td rowspan=&quot;1&quot; colspan=&quot;1&quot;&gt;139 (92.7)&lt;/td&gt;&lt;td rowspan=&quot;1&quot; colspan=&quot;1&quot;&gt;50 (100)&lt;/td&gt;&lt;td rowspan=&quot;1&quot; colspan=&quot;1&quot;&gt;50 (100)&lt;/td&gt;&lt;td rowspan=&quot;1&quot; colspan=&quot;1&quot;&gt;39 (78)&lt;/td&gt;&lt;/tr&gt;&lt;tr valign=&quot;top&quot;&gt;&lt;td colspan=&quot;2&quot; rowspan=&quot;1&quot;&gt;Semiurban&lt;/td&gt;&lt;td rowspan=&quot;1&quot; colspan=&quot;1&quot;&gt;8 (5.3)&lt;/td&gt;&lt;td rowspan=&quot;1&quot; colspan=&quot;1&quot;&gt;0 (0)&lt;/td&gt;&lt;td rowspan=&quot;1&quot; colspan=&quot;1&quot;&gt;0 (0)&lt;/td&gt;&lt;td rowspan=&quot;1&quot; colspan=&quot;1&quot;&gt;8 (16)&lt;/td&gt;&lt;/tr&gt;&lt;tr valign=&quot;top&quot;&gt;&lt;td colspan=&quot;2&quot; rowspan=&quot;1&quot;&gt;Rural&lt;/td&gt;&lt;td rowspan=&quot;1&quot; colspan=&quot;1&quot;&gt;3 (2)&lt;/td&gt;&lt;td rowspan=&quot;1&quot; colspan=&quot;1&quot;&gt;0 (0)&lt;/td&gt;&lt;td rowspan=&quot;1&quot; colspan=&quot;1&quot;&gt;0 (0)&lt;/td&gt;&lt;td rowspan=&quot;1&quot; colspan=&quot;1&quot;&gt;3 (6)&lt;/td&gt;&lt;/tr&gt;&lt;tr valign=&quot;top&quot;&gt;&lt;td colspan=&quot;7&quot; rowspan=&quot;1&quot;&gt;&lt;bold&gt;Religion, n (%)&lt;/bold&gt;&lt;/td&gt;&lt;/tr&gt;&lt;tr valign=&quot;top&quot;&gt;&lt;td rowspan=&quot;4&quot; colspan=&quot;1&quot;&gt;&lt;break/&gt;&lt;/td&gt;&lt;td colspan=&quot;2&quot; rowspan=&quot;1&quot;&gt;Muslim&lt;/td&gt;&lt;td rowspan=&quot;1&quot; colspan=&quot;1&quot;&gt;141 (94)&lt;/td&gt;&lt;td rowspan=&quot;1&quot; colspan=&quot;1&quot;&gt;44 (88)&lt;/td&gt;&lt;td rowspan=&quot;1&quot; colspan=&quot;1&quot;&gt;49 (98)&lt;/td&gt;&lt;td rowspan=&quot;1&quot; colspan=&quot;1&quot;&gt;48 (96)&lt;/td&gt;&lt;/tr&gt;&lt;tr valign=&quot;top&quot;&gt;&lt;td colspan=&quot;2&quot; rowspan=&quot;1&quot;&gt;Hindu&lt;/td&gt;&lt;td rowspan=&quot;1&quot; colspan=&quot;1&quot;&gt;6 (4)&lt;/td&gt;&lt;td rowspan=&quot;1&quot; colspan=&quot;1&quot;&gt;4 (8)&lt;/td&gt;&lt;td rowspan=&quot;1&quot; colspan=&quot;1&quot;&gt;0 (0)&lt;/td&gt;&lt;td rowspan=&quot;1&quot; colspan=&quot;1&quot;&gt;2 (4)&lt;/td&gt;&lt;/tr&gt;&lt;tr valign=&quot;top&quot;&gt;&lt;td colspan=&quot;2&quot; rowspan=&quot;1&quot;&gt;Christian&lt;/td&gt;&lt;td rowspan=&quot;1&quot; colspan=&quot;1&quot;&gt;1 (0.01)&lt;/td&gt;&lt;td rowspan=&quot;1&quot; colspan=&quot;1&quot;&gt;1 (2)&lt;/td&gt;&lt;td rowspan=&quot;1&quot; colspan=&quot;1&quot;&gt;0 (0)&lt;/td&gt;&lt;td rowspan=&quot;1&quot; colspan=&quot;1&quot;&gt;0 (0)&lt;/td&gt;&lt;/tr&gt;&lt;tr valign=&quot;top&quot;&gt;&lt;td colspan=&quot;2&quot; rowspan=&quot;1&quot;&gt;Buddhist&lt;/td&gt;&lt;td rowspan=&quot;1&quot; colspan=&quot;1&quot;&gt;2 (0.01)&lt;/td&gt;&lt;td rowspan=&quot;1&quot; colspan=&quot;1&quot;&gt;1 (2)&lt;/td&gt;&lt;td rowspan=&quot;1&quot; colspan=&quot;1&quot;&gt;1 (2)&lt;/td&gt;&lt;td rowspan=&quot;1&quot; colspan=&quot;1&quot;&gt;0 (0)&lt;/td&gt;&lt;/tr&gt;&lt;tr valign=&quot;top&quot;&gt;&lt;td colspan=&quot;7&quot; rowspan=&quot;1&quot;&gt;&lt;bold&gt;Stunted growth, n (%)&lt;/bold&gt;&lt;/td&gt;&lt;/tr&gt;&lt;tr valign=&quot;top&quot;&gt;&lt;td rowspan=&quot;3&quot; colspan=&quot;1&quot;&gt;&lt;break/&gt;&lt;/td&gt;&lt;td colspan=&quot;2&quot; rowspan=&quot;1&quot;&gt;Missing stunting information&lt;/td&gt;&lt;td rowspan=&quot;1&quot; colspan=&quot;1&quot;&gt;60 (40)&lt;/td&gt;&lt;td rowspan=&quot;1&quot; colspan=&quot;1&quot;&gt;4 (8)&lt;/td&gt;&lt;td rowspan=&quot;1&quot; colspan=&quot;1&quot;&gt;50 (100)&lt;/td&gt;&lt;td rowspan=&quot;1&quot; colspan=&quot;1&quot;&gt;6 (12)&lt;/td&gt;&lt;/tr&gt;&lt;tr valign=&quot;top&quot;&gt;&lt;td colspan=&quot;2&quot; rowspan=&quot;1&quot;&gt;No stunting&lt;/td&gt;&lt;td rowspan=&quot;1&quot; colspan=&quot;1&quot;&gt;49 (32.7)&lt;/td&gt;&lt;td rowspan=&quot;1&quot; colspan=&quot;1&quot;&gt;30 (60)&lt;/td&gt;&lt;td rowspan=&quot;1&quot; colspan=&quot;1&quot;&gt;0 (0)&lt;/td&gt;&lt;td rowspan=&quot;1&quot; colspan=&quot;1&quot;&gt;19 (48)&lt;/td&gt;&lt;/tr&gt;&lt;tr valign=&quot;top&quot;&gt;&lt;td colspan=&quot;2&quot; rowspan=&quot;1&quot;&gt;Stunting&lt;/td&gt;&lt;td rowspan=&quot;1&quot; colspan=&quot;1&quot;&gt;41 (27.3)&lt;/td&gt;&lt;td rowspan=&quot;1&quot; colspan=&quot;1&quot;&gt;16 (32)&lt;/td&gt;&lt;td rowspan=&quot;1&quot; colspan=&quot;1&quot;&gt;0 (0)&lt;/td&gt;&lt;td rowspan=&quot;1&quot; colspan=&quot;1&quot;&gt;25 (50)&lt;/td&gt;&lt;/tr&gt;&lt;tr valign=&quot;top&quot;&gt;&lt;td colspan=&quot;7&quot; rowspan=&quot;1&quot;&gt;&lt;bold&gt;Clinical evaluations, mean (SD)&lt;/bold&gt;&lt;/td&gt;&lt;/tr&gt;&lt;tr valign=&quot;top&quot;&gt;&lt;td rowspan=&quot;1&quot; colspan=&quot;1&quot;&gt;&lt;break/&gt;&lt;/td&gt;&lt;td colspan=&quot;3&quot; rowspan=&quot;1&quot;&gt;&lt;bold&gt;MCHAT&lt;sup&gt;e&lt;/sup&gt; total score&lt;/bold&gt;&lt;/td&gt;&lt;td rowspan=&quot;1&quot; colspan=&quot;1&quot;&gt;&lt;bold&gt;13.5 (3.04)&lt;/bold&gt;&lt;/td&gt;&lt;td rowspan=&quot;1&quot; colspan=&quot;1&quot;&gt;&lt;bold&gt;2 (0)&lt;/bold&gt;&lt;/td&gt;&lt;td rowspan=&quot;1&quot; colspan=&quot;1&quot;&gt;&lt;bold&gt;0.08 (0.57)&lt;/bold&gt;&lt;/td&gt;&lt;/tr&gt;&lt;tr valign=&quot;top&quot;&gt;&lt;td rowspan=&quot;1&quot; colspan=&quot;1&quot;&gt;&lt;break/&gt;&lt;/td&gt;&lt;td colspan=&quot;6&quot; rowspan=&quot;1&quot;&gt;&lt;bold&gt;ADOS&lt;sup&gt;f,g&lt;/sup&gt; score&lt;/bold&gt;&lt;/td&gt;&lt;/tr&gt;&lt;tr valign=&quot;top&quot;&gt;&lt;td rowspan=&quot;3&quot; colspan=&quot;1&quot;&gt;&lt;break/&gt;&lt;/td&gt;&lt;td rowspan=&quot;1&quot; colspan=&quot;1&quot;&gt;&lt;break/&gt;&lt;/td&gt;&lt;td rowspan=&quot;1&quot; colspan=&quot;1&quot;&gt;Social affect&lt;/td&gt;&lt;td rowspan=&quot;1&quot; colspan=&quot;1&quot;&gt;N/A&lt;sup&gt;h&lt;/sup&gt;&lt;/td&gt;&lt;td rowspan=&quot;1&quot; colspan=&quot;1&quot;&gt;11.57 (5.30)&lt;/td&gt;&lt;td rowspan=&quot;1&quot; colspan=&quot;1&quot;&gt;N/A&lt;/td&gt;&lt;td rowspan=&quot;1&quot; colspan=&quot;1&quot;&gt;N/A&lt;/td&gt;&lt;/tr&gt;&lt;tr valign=&quot;top&quot;&gt;&lt;td rowspan=&quot;1&quot; colspan=&quot;1&quot;&gt;&lt;break/&gt;&lt;/td&gt;&lt;td rowspan=&quot;1&quot; colspan=&quot;1&quot;&gt;Restricted and repetitive behavior&lt;/td&gt;&lt;td rowspan=&quot;1&quot; colspan=&quot;1&quot;&gt;N/A&lt;/td&gt;&lt;td rowspan=&quot;1&quot; colspan=&quot;1&quot;&gt;3.46 (3.29)&lt;/td&gt;&lt;td rowspan=&quot;1&quot; colspan=&quot;1&quot;&gt;N/A&lt;/td&gt;&lt;td rowspan=&quot;1&quot; colspan=&quot;1&quot;&gt;N/A&lt;/td&gt;&lt;/tr&gt;&lt;tr valign=&quot;top&quot;&gt;&lt;td rowspan=&quot;1&quot; colspan=&quot;1&quot;&gt;&lt;break/&gt;&lt;/td&gt;&lt;td rowspan=&quot;1&quot; colspan=&quot;1&quot;&gt;Composite&lt;/td&gt;&lt;td rowspan=&quot;1&quot; colspan=&quot;1&quot;&gt;N/A&lt;/td&gt;&lt;td rowspan=&quot;1&quot; colspan=&quot;1&quot;&gt;5.14 (2.08)&lt;/td&gt;&lt;td rowspan=&quot;1&quot; colspan=&quot;1&quot;&gt;N/A&lt;/td&gt;&lt;td rowspan=&quot;1&quot; colspan=&quot;1&quot;&gt;N/A&lt;/td&gt;&lt;/tr&gt;&lt;tr valign=&quot;top&quot;&gt;&lt;td rowspan=&quot;1&quot; colspan=&quot;1&quot;&gt;&lt;break/&gt;&lt;/td&gt;&lt;td colspan=&quot;6&quot; rowspan=&quot;1&quot;&gt;&lt;bold&gt;SLC diagnosis&lt;/bold&gt;&lt;/td&gt;&lt;/tr&gt;&lt;tr valign=&quot;top&quot;&gt;&lt;td rowspan=&quot;4&quot; colspan=&quot;1&quot;&gt;&lt;break/&gt;&lt;/td&gt;&lt;td rowspan=&quot;1&quot; colspan=&quot;1&quot;&gt;&lt;break/&gt;&lt;/td&gt;&lt;td rowspan=&quot;1&quot; colspan=&quot;1&quot;&gt;Receptive language delay&lt;/td&gt;&lt;td rowspan=&quot;1&quot; colspan=&quot;1&quot;&gt;N/A&lt;/td&gt;&lt;td rowspan=&quot;1&quot; colspan=&quot;1&quot;&gt;N/A&lt;/td&gt;&lt;td rowspan=&quot;1&quot; colspan=&quot;1&quot;&gt;N/A&lt;/td&gt;&lt;td rowspan=&quot;1&quot; colspan=&quot;1&quot;&gt;2 (4)&lt;/td&gt;&lt;/tr&gt;&lt;tr valign=&quot;top&quot;&gt;&lt;td rowspan=&quot;1&quot; colspan=&quot;1&quot;&gt;&lt;break/&gt;&lt;/td&gt;&lt;td rowspan=&quot;1&quot; colspan=&quot;1&quot;&gt;Expressive language delay&lt;/td&gt;&lt;td rowspan=&quot;1&quot; colspan=&quot;1&quot;&gt;N/A&lt;/td&gt;&lt;td rowspan=&quot;1&quot; colspan=&quot;1&quot;&gt;N/A&lt;/td&gt;&lt;td rowspan=&quot;1&quot; colspan=&quot;1&quot;&gt;N/A&lt;/td&gt;&lt;td rowspan=&quot;1&quot; colspan=&quot;1&quot;&gt;5 (10)&lt;/td&gt;&lt;/tr&gt;&lt;tr valign=&quot;top&quot;&gt;&lt;td rowspan=&quot;1&quot; colspan=&quot;1&quot;&gt;&lt;break/&gt;&lt;/td&gt;&lt;td rowspan=&quot;1&quot; colspan=&quot;1&quot;&gt;Both receptive and expressive language delay&lt;/td&gt;&lt;td rowspan=&quot;1&quot; colspan=&quot;1&quot;&gt;N/A&lt;/td&gt;&lt;td rowspan=&quot;1&quot; colspan=&quot;1&quot;&gt;N/A&lt;/td&gt;&lt;td rowspan=&quot;1&quot; colspan=&quot;1&quot;&gt;N/A&lt;/td&gt;&lt;td rowspan=&quot;1&quot; colspan=&quot;1&quot;&gt;37 (74)&lt;/td&gt;&lt;/tr&gt;&lt;tr valign=&quot;top&quot;&gt;&lt;td rowspan=&quot;1&quot; colspan=&quot;1&quot;&gt;&lt;break/&gt;&lt;/td&gt;&lt;td rowspan=&quot;1&quot; colspan=&quot;1&quot;&gt;Receptive and expressive language disorder&lt;/td&gt;&lt;td rowspan=&quot;1&quot; colspan=&quot;1&quot;&gt;N/A&lt;/td&gt;&lt;td rowspan=&quot;1&quot; colspan=&quot;1&quot;&gt;N/A&lt;/td&gt;&lt;td rowspan=&quot;1&quot; colspan=&quot;1&quot;&gt;N/A&lt;/td&gt;&lt;td rowspan=&quot;1&quot; colspan=&quot;1&quot;&gt;6 (12)&lt;/td&gt;&lt;/tr&gt;&lt;/tbody&gt;&lt;/table&gt;
</infon><offset>23237</offset><text>Demographic	Full cohort (N=150)	ASDa cohort (N=50)	TDb cohort (N=50)	SLCc cohort (N=50)	 	Age (years), mean (SD)	2.55 (0.62)	2.51 (0.70)	2.40 (0.59)	2.73 (0.51)	 	Gender (male), n (%)	90 (60)	36 (72)	23 (62)	31 (46)	 	Preterm (ie, &lt;37 weeks), n (%)	11 (0.7)	5 (10)	0 (0)	6 (12)	 	Family income in takad, n (%)	 		1,000-10,000	16 (10.7)	0 (0)	16 (32)	0 (0)	 	&gt;10,000-30,000	33 (22)	2 (4)	21 (42)	10 (20)	 	&gt;30,000	101 (67.3)	48 (96)	13 (26)	40 (80)	 	Residence, n (%)	 		Urban	139 (92.7)	50 (100)	50 (100)	39 (78)	 	Semiurban	8 (5.3)	0 (0)	0 (0)	8 (16)	 	Rural	3 (2)	0 (0)	0 (0)	3 (6)	 	Religion, n (%)	 		Muslim	141 (94)	44 (88)	49 (98)	48 (96)	 	Hindu	6 (4)	4 (8)	0 (0)	2 (4)	 	Christian	1 (0.01)	1 (2)	0 (0)	0 (0)	 	Buddhist	2 (0.01)	1 (2)	1 (2)	0 (0)	 	Stunted growth, n (%)	 		Missing stunting information	60 (40)	4 (8)	50 (100)	6 (12)	 	No stunting	49 (32.7)	30 (60)	0 (0)	19 (48)	 	Stunting	41 (27.3)	16 (32)	0 (0)	25 (50)	 	Clinical evaluations, mean (SD)	 		MCHATe total score	13.5 (3.04)	2 (0)	0.08 (0.57)	 		ADOSf,g score	 			Social affect	N/Ah	11.57 (5.30)	N/A	N/A	 		Restricted and repetitive behavior	N/A	3.46 (3.29)	N/A	N/A	 		Composite	N/A	5.14 (2.08)	N/A	N/A	 		SLC diagnosis	 			Receptive language delay	N/A	N/A	N/A	2 (4)	 		Expressive language delay	N/A	N/A	N/A	5 (10)	 		Both receptive and expressive language delay	N/A	N/A	N/A	37 (74)	 		Receptive and expressive language disorder	N/A	N/A	N/A	6 (12)	 	</text></passage><passage><infon key="file">table1.xml</infon><infon key="id">table1</infon><infon key="section_type">TABLE</infon><infon key="type">table_footnote</infon><offset>24660</offset><text>aASD: autism spectrum disorder.</text></passage><passage><infon key="file">table1.xml</infon><infon key="id">table1</infon><infon key="section_type">TABLE</infon><infon key="type">table_footnote</infon><offset>24692</offset><text>bTD: neurotypical development.</text></passage><passage><infon key="file">table1.xml</infon><infon key="id">table1</infon><infon key="section_type">TABLE</infon><infon key="type">table_footnote</infon><offset>24723</offset><text>cSLC: speech and language condition.</text></passage><passage><infon key="file">table1.xml</infon><infon key="id">table1</infon><infon key="section_type">TABLE</infon><infon key="type">table_footnote</infon><offset>24760</offset><text>d1 US $=84 taka.</text></passage><passage><infon key="file">table1.xml</infon><infon key="id">table1</infon><infon key="section_type">TABLE</infon><infon key="type">table_footnote</infon><offset>24777</offset><text>eMCHAT: Modified Checklist for Autism in Toddlers</text></passage><passage><infon key="file">table1.xml</infon><infon key="id">table1</infon><infon key="section_type">TABLE</infon><infon key="type">table_footnote</infon><offset>24827</offset><text>fADOS: Autism Diagnostic Observation Schedule.</text></passage><passage><infon key="file">table1.xml</infon><infon key="id">table1</infon><infon key="section_type">TABLE</infon><infon key="type">table_footnote</infon><offset>24874</offset><text>gADOS was only performed on a subset of 28 children with ASD.</text></passage><passage><infon key="file">table1.xml</infon><infon key="id">table1</infon><infon key="section_type">TABLE</infon><infon key="type">table_footnote</infon><offset>24936</offset><text>hN/A: not available.</text></passage><passage><infon key="file">jmir_v21i4e13822_fig1.jpg</infon><infon key="id">figure1</infon><infon key="section_type">FIG</infon><infon key="type">fig_caption</infon><offset>24957</offset><text>Results from the top performing classifiers trained on US clinical score sheet data and tested on Bangladeshi data with an objective to distinguish between ASD and non-ASD. ROC: receiver operating characteristic; AUC: area under the curve; ASD: autism spectrum disorder.</text></passage><passage><infon key="file">table2.xml</infon><infon key="id">table2</infon><infon key="section_type">TABLE</infon><infon key="type">table_caption</infon><offset>25228</offset><text>Average demographic information of the test set calculated by testing the model on 45 videos for both layers.</text></passage><passage><infon key="file">table2.xml</infon><infon key="id">table2</infon><infon key="section_type">TABLE</infon><infon key="type">table</infon><infon key="xml">&lt;?xml version=&quot;1.0&quot; encoding=&quot;UTF-8&quot;?&gt;
&lt;table frame=&quot;hsides&quot; rules=&quot;groups&quot; width=&quot;1000&quot; cellpadding=&quot;5&quot; cellspacing=&quot;0&quot; border=&quot;1&quot;&gt;&lt;col width=&quot;320&quot; span=&quot;1&quot;/&gt;&lt;col width=&quot;380&quot; span=&quot;1&quot;/&gt;&lt;col width=&quot;300&quot; span=&quot;1&quot;/&gt;&lt;thead&gt;&lt;tr valign=&quot;top&quot;&gt;&lt;td rowspan=&quot;1&quot; colspan=&quot;1&quot;&gt;Demographic&lt;/td&gt;&lt;td rowspan=&quot;1&quot; colspan=&quot;1&quot;&gt;Layer 1 (distinguishing TD&lt;sup&gt;a&lt;/sup&gt; from ASD&lt;sup&gt;b&lt;/sup&gt;/SLC&lt;sup&gt;c&lt;/sup&gt;)&lt;/td&gt;&lt;td rowspan=&quot;1&quot; colspan=&quot;1&quot;&gt;Layer 2 (distinguishing ASD from SLC)&lt;/td&gt;&lt;/tr&gt;&lt;/thead&gt;&lt;tbody&gt;&lt;tr valign=&quot;top&quot;&gt;&lt;td rowspan=&quot;1&quot; colspan=&quot;1&quot;&gt;Age (years), average (SD)&lt;/td&gt;&lt;td rowspan=&quot;1&quot; colspan=&quot;1&quot;&gt;2 years 7 months (5 months)&lt;/td&gt;&lt;td rowspan=&quot;1&quot; colspan=&quot;1&quot;&gt;2 years 6 months (3 months)&lt;/td&gt;&lt;/tr&gt;&lt;tr valign=&quot;top&quot;&gt;&lt;td rowspan=&quot;1&quot; colspan=&quot;1&quot;&gt;Proportion of males, mean %&lt;/td&gt;&lt;td rowspan=&quot;1&quot; colspan=&quot;1&quot;&gt;62&lt;/td&gt;&lt;td rowspan=&quot;1&quot; colspan=&quot;1&quot;&gt;70&lt;/td&gt;&lt;/tr&gt;&lt;tr valign=&quot;top&quot;&gt;&lt;td rowspan=&quot;1&quot; colspan=&quot;1&quot;&gt;Proportion of TD children, mean %&lt;/td&gt;&lt;td rowspan=&quot;1&quot; colspan=&quot;1&quot;&gt;33&lt;/td&gt;&lt;td rowspan=&quot;1&quot; colspan=&quot;1&quot;&gt;22&lt;/td&gt;&lt;/tr&gt;&lt;tr valign=&quot;top&quot;&gt;&lt;td rowspan=&quot;1&quot; colspan=&quot;1&quot;&gt;Proportion of children with ASD, mean %&lt;/td&gt;&lt;td rowspan=&quot;1&quot; colspan=&quot;1&quot;&gt;33&lt;/td&gt;&lt;td rowspan=&quot;1&quot; colspan=&quot;1&quot;&gt;44&lt;/td&gt;&lt;/tr&gt;&lt;tr valign=&quot;top&quot;&gt;&lt;td rowspan=&quot;1&quot; colspan=&quot;1&quot;&gt;Proportion of children with SLC, mean %&lt;/td&gt;&lt;td rowspan=&quot;1&quot; colspan=&quot;1&quot;&gt;33&lt;/td&gt;&lt;td rowspan=&quot;1&quot; colspan=&quot;1&quot;&gt;34&lt;/td&gt;&lt;/tr&gt;&lt;/tbody&gt;&lt;/table&gt;
</infon><offset>25338</offset><text>Demographic	Layer 1 (distinguishing TDa from ASDb/SLCc)	Layer 2 (distinguishing ASD from SLC)	 	Age (years), average (SD)	2 years 7 months (5 months)	2 years 6 months (3 months)	 	Proportion of males, mean %	62	70	 	Proportion of TD children, mean %	33	22	 	Proportion of children with ASD, mean %	33	44	 	Proportion of children with SLC, mean %	33	34	 	</text></passage><passage><infon key="file">table2.xml</infon><infon key="id">table2</infon><infon key="section_type">TABLE</infon><infon key="type">table_footnote</infon><offset>25693</offset><text>aTD: neurotypical development.</text></passage><passage><infon key="file">table2.xml</infon><infon key="id">table2</infon><infon key="section_type">TABLE</infon><infon key="type">table_footnote</infon><offset>25724</offset><text>bASD: autism spectrum disorder.</text></passage><passage><infon key="file">table2.xml</infon><infon key="id">table2</infon><infon key="section_type">TABLE</infon><infon key="type">table_footnote</infon><offset>25756</offset><text>cSLC: speech and language condition.</text></passage><passage><infon key="file">jmir_v21i4e13822_fig2.jpg</infon><infon key="id">figure2</infon><infon key="section_type">FIG</infon><infon key="type">fig_caption</infon><offset>25793</offset><text>(A) ROC curve for layer 1 (distinguishing between children with TD and children with ASD or SLC). (B) ROC curve for layer 2 (distinguishing between ASD and SLC). ASD: autism spectrum disorder; AUC: area under the curve; SLC: speech and language condition; TD: neurotypical development; ROC: receiver operating characteristic.</text></passage><passage><infon key="file">table3.xml</infon><infon key="id">table3</infon><infon key="section_type">TABLE</infon><infon key="type">table_caption</infon><offset>26119</offset><text>Results from classifiers to distinguish among autism spectrum disorder, speech and language conditions, and neurotypical development. The results distinguish layer 1 (distinguishing neurotypical development from atypical conditions [autism spectrum disorder/speech and language conditions]) and layer 2 (distinguishing autism spectrum disorder from other delays [speech and language conditions]) from those classified as atypical in layer 1.</text></passage><passage><infon key="file">table3.xml</infon><infon key="id">table3</infon><infon key="section_type">TABLE</infon><infon key="type">table</infon><infon key="xml">&lt;?xml version=&quot;1.0&quot; encoding=&quot;UTF-8&quot;?&gt;
&lt;table frame=&quot;hsides&quot; rules=&quot;groups&quot; width=&quot;1000&quot; cellpadding=&quot;5&quot; cellspacing=&quot;0&quot; border=&quot;1&quot;&gt;&lt;col width=&quot;200&quot; span=&quot;1&quot;/&gt;&lt;col width=&quot;150&quot; span=&quot;1&quot;/&gt;&lt;col width=&quot;150&quot; span=&quot;1&quot;/&gt;&lt;col width=&quot;160&quot; span=&quot;1&quot;/&gt;&lt;col width=&quot;170&quot; span=&quot;1&quot;/&gt;&lt;col width=&quot;170&quot; span=&quot;1&quot;/&gt;&lt;thead&gt;&lt;tr valign=&quot;top&quot;&gt;&lt;td rowspan=&quot;1&quot; colspan=&quot;1&quot;&gt;Classifier Layer&lt;/td&gt;&lt;td rowspan=&quot;1&quot; colspan=&quot;1&quot;&gt;Sensitivity, % (SD)&lt;/td&gt;&lt;td rowspan=&quot;1&quot; colspan=&quot;1&quot;&gt;Specificity, % (SD)&lt;/td&gt;&lt;td rowspan=&quot;1&quot; colspan=&quot;1&quot;&gt;Unweighted average recall, % (SD)&lt;/td&gt;&lt;td rowspan=&quot;1&quot; colspan=&quot;1&quot;&gt;Area under the curve, % (SD)&lt;/td&gt;&lt;td rowspan=&quot;1&quot; colspan=&quot;1&quot;&gt;Accuracy, % (SD%)&lt;/td&gt;&lt;/tr&gt;&lt;/thead&gt;&lt;tbody&gt;&lt;tr valign=&quot;top&quot;&gt;&lt;td rowspan=&quot;1&quot; colspan=&quot;1&quot;&gt;Layer 1&lt;sup&gt;a&lt;/sup&gt;&lt;/td&gt;&lt;td rowspan=&quot;1&quot; colspan=&quot;1&quot;&gt;76 (SD 4)&lt;/td&gt;&lt;td rowspan=&quot;1&quot; colspan=&quot;1&quot;&gt;58 (SD 3)&lt;/td&gt;&lt;td rowspan=&quot;1&quot; colspan=&quot;1&quot;&gt;67 (SD 1)&lt;/td&gt;&lt;td rowspan=&quot;1&quot; colspan=&quot;1&quot;&gt;76 (SD 3)&lt;/td&gt;&lt;td rowspan=&quot;1&quot; colspan=&quot;1&quot;&gt;70 (SD 2)&lt;/td&gt;&lt;/tr&gt;&lt;tr valign=&quot;top&quot;&gt;&lt;td rowspan=&quot;1&quot; colspan=&quot;1&quot;&gt;Layer 2&lt;sup&gt;b&lt;/sup&gt;&lt;/td&gt;&lt;td rowspan=&quot;1&quot; colspan=&quot;1&quot;&gt;76 (SD 6)&lt;/td&gt;&lt;td rowspan=&quot;1&quot; colspan=&quot;1&quot;&gt;77 (SD 24)&lt;/td&gt;&lt;td rowspan=&quot;1&quot; colspan=&quot;1&quot;&gt;77 (SD 9)&lt;/td&gt;&lt;td rowspan=&quot;1&quot; colspan=&quot;1&quot;&gt;85 (SD 5)&lt;/td&gt;&lt;td rowspan=&quot;1&quot; colspan=&quot;1&quot;&gt;76 (SD 11)&lt;/td&gt;&lt;/tr&gt;&lt;/tbody&gt;&lt;/table&gt;
</infon><offset>26561</offset><text>Classifier Layer	Sensitivity, % (SD)	Specificity, % (SD)	Unweighted average recall, % (SD)	Area under the curve, % (SD)	Accuracy, % (SD%)	 	Layer 1a	76 (SD 4)	58 (SD 3)	67 (SD 1)	76 (SD 3)	70 (SD 2)	 	Layer 2b	76 (SD 6)	77 (SD 24)	77 (SD 9)	85 (SD 5)	76 (SD 11)	 	</text></passage><passage><infon key="file">table3.xml</infon><infon key="id">table3</infon><infon key="section_type">TABLE</infon><infon key="type">table_footnote</infon><offset>26826</offset><text>aDistinguishing neurotypical development from autism spectrum disorder/speech and language conditions.</text></passage><passage><infon key="file">table3.xml</infon><infon key="id">table3</infon><infon key="section_type">TABLE</infon><infon key="type">table_footnote</infon><offset>26929</offset><text>bDistinguishing autism spectrum disorder from other developmental delays (speech and language conditions).</text></passage><passage><infon key="section_type">RESULTS</infon><infon key="type">paragraph</infon><offset>27036</offset><text>Layer 1 of the stacked classifier, which sought to distinguish between children with TD from children with atypical development, achieved 76% (SD 4%) sensitivity and 58% (SD 3%) specificity with an AUC of 76% (SD 3%) and an accuracy of 70% (SD 2%; Figure 2 A). For layer 2, which distinguished ASD from other SLCs, the classifier performed with 76% (SD 6%) sensitivity, 77% (SD 24%) specificity with an AUC of 85% (SD 5%) and accuracy of 76% (SD 11%; Figure 2 B; Table 3).</text></passage><passage><infon key="section_type">RESULTS</infon><infon key="type">title_2</infon><offset>27509</offset><text>Feature Importance</text></passage><passage><infon key="section_type">RESULTS</infon><infon key="type">paragraph</infon><offset>27528</offset><text>The most important features in our rater-adaptive ensemble for predicting ASD, as measured by the Shapley value, align with clinical intuition. Figure 3 shows the distribution of Shapley values across all participants for two of the features that were among the most important (as measured by mean absolute Shapley value) to our ensemble model’s predictions. For example, for the feature corresponding to the child’s level of eye contact, the value “rarely or never does this” contributes strongly to a classification of ASD and “exhibits clear, flexible gaze that is meshed with other communication” contributes the most to a non-ASD classification. Another feature that aligns with clinical intuition measures the child’s repetitive interests and stereotyped behaviors—the feature value “behaviors observed the entire time,” contributes strongly to the positive class (ASD), whereas “not observed” contributes strongly to the negative class (non-ASD; Figure 3).</text></passage><passage><infon key="file">jmir_v21i4e13822_fig3.jpg</infon><infon key="id">figure3</infon><infon key="section_type">FIG</infon><infon key="type">fig_caption</infon><offset>28516</offset><text>Shapley value distributions for two of the most important features in the rater-adaptive ensemble model. These features measure the child’s stereotyped behaviors/repetitive interests and eye contact. They demonstrate that clinical intuition and the inner workings of our classifier align closely. ASD: autism spectrum disorder.</text></passage><passage><infon key="section_type">RESULTS</infon><infon key="type">title_2</infon><offset>28846</offset><text>Comparison of Bangladeshi and US Results</text></passage><passage><infon key="section_type">RESULTS</infon><infon key="type">paragraph</infon><offset>28887</offset><text>For the classifier trained on the Bangladeshi data, the performance on the held-out test set (20% of Bangladeshi data) was 84.4% and its performance when validated on US data was 72.5% (Figure 4).</text></passage><passage><infon key="section_type">RESULTS</infon><infon key="type">paragraph</infon><offset>29084</offset><text>We trained a similar classifier on our dataset of 162 US videos and validated it on the Bangladeshi data (Figure 5). The classifier performed with a 94.2% accuracy when tested on the held-out test set from US videos. The classifier’s accuracy dropped significantly when validated on the Bangladeshi data, reaching around 54%.</text></passage><passage><infon key="section_type">RESULTS</infon><infon key="type">paragraph</infon><offset>29412</offset><text>While performing hyperparameter tuning on these classifiers, we conducted further analysis to determine which of the behavioral features were selected most often for each cross-fold of US videos and Bangladeshi videos in order to draw a comparison. It is apparent from Figure 6 A and 6B that the features being selected are quite similar between the two datasets, with some minor differences. The features understands language, sensory seeking, calls attention to objects, and stereotyped interests and actions are highly ranked by models trained on either of the datasets. Responsiveness, developmental delay, social participation, and stereotyped speech are selected more often for US data and less so for Bangladeshi data. The opposite is true for eye contact.</text></passage><passage><infon key="file">jmir_v21i4e13822_fig4.jpg</infon><infon key="id">figure4</infon><infon key="section_type">FIG</infon><infon key="type">fig_caption</infon><offset>30176</offset><text>Logistic regression (Elastic Net penalty) classifier, trained on Bangladeshi data and tested on US data as well as a held-out test set of the Bangladeshi data. AUC: area under the curve.</text></passage><passage><infon key="file">jmir_v21i4e13822_fig5.jpg</infon><infon key="id">figure5</infon><infon key="section_type">FIG</infon><infon key="type">fig_caption</infon><offset>30363</offset><text>Logistic regression (Elastic Net penalty) classifier, trained on US data and tested on Bangladeshi data as well as a held-out test set of the US data.</text></passage><passage><infon key="file">jmir_v21i4e13822_fig6.jpg</infon><infon key="id">figure6</infon><infon key="section_type">FIG</infon><infon key="type">fig_caption</infon><offset>30514</offset><text>Feature selection analysis. Numbers within the cells indicate the frequency of selection. (A) Feature frequency comparison during cross-fold validation with alpha value 0.1 between Bangladeshi data and US data. (B) Feature frequency comparison during cross-fold validation with alpha value 0.01 between Bangladeshi data and US data.</text></passage><passage><infon key="section_type">DISCUSS</infon><infon key="type">title_1</infon><offset>30847</offset><text>Discussion</text></passage><passage><infon key="section_type">DISCUSS</infon><infon key="type">title_2</infon><offset>30858</offset><text>Principal Results</text></passage><passage><infon key="section_type">DISCUSS</infon><infon key="type">paragraph</infon><offset>30876</offset><text>We were able to demonstrate the potential to use video-based machine learning methods to detect developmental delay and autism in a collection of videos of Bangladeshi children at risk for autism. Despite language, cultural, and geographic barriers, this outcome shows promise for remote autism detection in a developing country. More testing and refinement will be needed, but, in general, there is potential for the method to be made virtual to run entirely on mobile devices and therefore potential to increase the capacity to detect and provide more immediate diagnostics to children in need of therapeutic interventions.</text></passage><passage><infon key="section_type">DISCUSS</infon><infon key="type">paragraph</infon><offset>31502</offset><text>An important result of our work is that we were able to gather 159 videos from Bangladeshi parents collected via mobile phone through our collaboration with DSH. This suggests feasibility of expanding this study to a larger sample size across Bangladesh and other low-resource settings and the ability to rely on the use of mobile phones in developing countries like Bangladesh, where 95% of the population are mobile phone subscribers. Additionally, we found that clinically untrained, US-based, non-Bengali speaking raters were able to score videos of Bangladeshi children with limited training, suggesting that speaking the native language may not be necessary for scoring videos. This finding also demonstrates the validity and potential of this mobile tool to be deployed across cultures and languages.</text></passage><passage><infon key="section_type">DISCUSS</infon><infon key="type">paragraph</infon><offset>32310</offset><text>A useful and novel contribution of our work was our method for ensembling predictions from models trained on and adapted to each individual rater. This method demonstrates several advantageous properties. First, because each classification model was trained to map an individual rater’s annotation patterns to a predicted class label, these rater-adaptive models can capitalize on features reflecting a rater’s strengths while ignoring features on which the rater shows weaker performance. Furthermore, the fact that raters’ models are trained independently from one another means that, in a distributed setting where there is a large corpora of videos such that each rater annotates only a small subset of them, our method can make predictions on each video by applying and ensembling the models from each rater without any need for additional imputation. By weighting each rater’s model according to its accuracy on a rater-specific held-out validation set, the overall ensemble can lean more heavily on those raters whose models consistently demonstrate the best classification performance. Finally, because the final ensemble’s prediction is a linear combination of all of the rater’s models and we are able to calculate Shapley values for every feature in each of these models, it follows that we can use the same weights from the ensemble of rater-specific predictions to generate ensemble-level Shapley values as well. Thus, if a child’s video is distributed to several different raters and those raters’ annotations are fed into the ensemble model, one can interpret how each of the child’s behavioral annotations contributed to both the final ensemble classification label and each rater’s predicted label individually.</text></passage><passage><infon key="section_type">DISCUSS</infon><infon key="type">paragraph</infon><offset>34059</offset><text>We found that while models trained on videos of US children and models trained on Bangladeshi children both relied on many of the same clinically relevant features (eg, sensory seeking, stereotyped interests, and actions), some features were more prominent in one model compared to the other. For example, models trained on US data tended to rely more heavily on social participation and stereotyped speech, while models trained on Bangladeshi data relied more on eye contact. These patterns make sense, as raters could rely on a mutual understanding of the language (English) to evaluate behaviors like stereotyped speech and social interaction in US videos and may not have needed to rely as heavily on physical cues like eye contact, whereas when US raters viewed Bangladeshi videos, nonlanguage-based cues became more important. Even without the ability to confidently evaluate all aspects of the child’s behavior, the rater ensemble demonstrated that the set of behavioral features needed to make an accurate diagnosis of developmental delays, including ASD, may be narrower than previously thought. Nevertheless, the difficulty in assessing certain sociolinguistic patterns in the cross-cultural context may have been the cause of comparatively lower performance in the Bangladeshi dataset. We hypothesize that, when trained on annotations provided by raters who share a common linguistic and sociocultural background with the Bangladeshi children, our ensemble’s performance will improve and become comparable to the models trained and evaluated on the US dataset.</text></passage><passage><infon key="section_type">DISCUSS</infon><infon key="type">title_2</infon><offset>35635</offset><text>Limitations</text></passage><passage><infon key="section_type">DISCUSS</infon><infon key="type">paragraph</infon><offset>35647</offset><text>Although accuracy achieved using our source classifiers originally trained on US datasets was lower when applied to Bangladeshi videos, it still indicated a signal in the Bangladeshi dataset. The relatively low accuracy is most likely a result of three factors. First, these original classifiers were trained on clinical scoresheets, not on features obtained from live video data. Second, these scoresheets were obtained from formal clinical assessments of US children, and therefore they do not capture a culturally diverse set of behavioral nuances. Third, these classifiers were trained to distinguish between typically developing children and children with autism. However, this dataset consists of delays other than autism (eg, SLCs), which may be why these classifiers were unable to classify these cases with higher accuracy.</text></passage><passage><infon key="section_type">DISCUSS</infon><infon key="type">title_2</infon><offset>36480</offset><text>Conclusions</text></passage><passage><infon key="section_type">DISCUSS</infon><infon key="type">paragraph</infon><offset>36492</offset><text>Although the potential uses for a method of crowdsourced annotation and classification of developmental disorders like the one we established in this work are myriad, we wish to highlight a few uses. First, in areas where resources are scarce, and with a disorder like ASD, where early intervention is the key to successful treatment, our framework could be essential in performing cost-effective and reliable triage. Parents could send short home videos of their children to the cloud, at which point the video would be routed to several raters who perform feature tagging of the child’s behavior. Based on the raters’ previous annotation patterns and their associated models, the child would receive a predicted risk probability of developmental delay or ASD and a clinical team nearby could then be alerted, as appropriate. Since 2008, Dr Khan and her team have assisted the government to establish multidisciplinary Child Development Centers in tertiary hospitals across Bangladesh. Fifteen such Child Development Centers are currently operational, whose chief mandate is to diagnose and provide appropriate management for a range of neurodevelopmental disorders including autism. However, in a country with population of 160 million, of whom an estimated 45% are within the pediatric age groups, access to reliable services can be limited. Formalization of the approaches documented here could enable broader reach and coverage through remote care while allowing resource-strapped clinical teams to deploy their efforts where they are needed the most.</text></passage><passage><infon key="section_type">DISCUSS</infon><infon key="type">paragraph</infon><offset>38053</offset><text>An exciting second consequence of a deployment like this would be the steady development of a large corpus of annotated videos. No such dataset exists to date; however, the potential impact of such a dataset could be substantial. Modern algorithms from machine vision and speech recognition like convolutional and recurrent neural networks could use these annotations to learn features from the raw video and audio that are important for detecting developmental disorders, including ASD. Once trained, these models would dramatically accelerate the speed for detection of disorders and ability to accelerate the delivery of useful interventions.</text></passage><passage><infon key="section_type">DISCUSS</infon><infon key="type">paragraph</infon><offset>38699</offset><text>Another important effect of such a pipeline would be that, with location-tagged videos, we could develop more accurate epidemiological statistics on the prevalence and onset of developmental disorders like ASD worldwide. Better information like this may increase awareness, positively impact policy change, and advance progress for addressing unmet needs of the children with developmental delays. This can have important applications in the developing world by helping countries identify the proportion of the population affected by such delays or impairments and therefore inform policy and gather actionable insights for health sector responses.</text></passage><passage><infon key="section_type">DISCUSS</infon><infon key="type">footnote</infon><offset>39348</offset><text>Authors' Contributions: QT: data curation, formal analysis, investigation, methodology, software, validation, visualization, writing (original draft, review, and editing). SLF: formal analysis, investigation, methodology, software, validation, visualization, writing (review and editing). JNS: data curation, investigation, methodology, project administration, resources, and writing (review and editing). KD: data curation, investigation, methodology, project administration, resources, writing (review and editing). CC: formal analysis, investigation, methodology, software, writing (review and editing). PW: data curation, formal analysis, resources, writing (review and editing). HK: data curation, formal analysis, resources, writing (review and editing). NZK: conceptualization, funding acquisition, investigation, data curation, methodology, writing (review and editing). GLD: conceptualization, funding acquisition, data curation, writing (review and editing). DPW: conceptualization, data curation, formal analysis, funding acquisition, investigation, methodology, project administration, resources, software, supervision, validation, visualization, writing (original draft, review, and editing)</text></passage><passage><infon key="section_type">DISCUSS</infon><infon key="type">footnote</infon><offset>40553</offset><text>Conflicts of Interest: DPW is the founder of Cognoa.com. This company is developing digital health solutions for pediatric care. All other authors declare no competing interests.</text></passage><passage><infon key="section_type">ABBR</infon><infon key="type">title</infon><offset>40732</offset><text>Abbreviations</text></passage><passage><infon key="section_type">ABBR</infon><infon key="type">paragraph</infon><offset>40746</offset><text>ADI-R</text></passage><passage><infon key="section_type">ABBR</infon><infon key="type">paragraph</infon><offset>40752</offset><text>Autism Diagnostic Interview-Revised</text></passage><passage><infon key="section_type">ABBR</infon><infon key="type">paragraph</infon><offset>40788</offset><text>ADOS</text></passage><passage><infon key="section_type">ABBR</infon><infon key="type">paragraph</infon><offset>40793</offset><text>Autism Diagnostic Observation Schedule</text></passage><passage><infon key="section_type">ABBR</infon><infon key="type">paragraph</infon><offset>40832</offset><text>ASD</text></passage><passage><infon key="section_type">ABBR</infon><infon key="type">paragraph</infon><offset>40836</offset><text>autism spectrum disorder</text></passage><passage><infon key="section_type">ABBR</infon><infon key="type">paragraph</infon><offset>40861</offset><text>AUC</text></passage><passage><infon key="section_type">ABBR</infon><infon key="type">paragraph</infon><offset>40865</offset><text>area under the curve</text></passage><passage><infon key="section_type">ABBR</infon><infon key="type">paragraph</infon><offset>40886</offset><text>DSH</text></passage><passage><infon key="section_type">ABBR</infon><infon key="type">paragraph</infon><offset>40890</offset><text>Dhaka Shishu Children’s Hospital</text></passage><passage><infon key="section_type">ABBR</infon><infon key="type">paragraph</infon><offset>40925</offset><text>HIPAA</text></passage><passage><infon key="section_type">ABBR</infon><infon key="type">paragraph</infon><offset>40931</offset><text>Health Insurance Portability and Accountability Act</text></passage><passage><infon key="section_type">ABBR</infon><infon key="type">paragraph</infon><offset>40983</offset><text>MCHAT</text></passage><passage><infon key="section_type">ABBR</infon><infon key="type">paragraph</infon><offset>40989</offset><text>Modified Checklist for Autism in Toddlers</text></passage><passage><infon key="section_type">ABBR</infon><infon key="type">paragraph</infon><offset>41031</offset><text>SLC</text></passage><passage><infon key="section_type">ABBR</infon><infon key="type">paragraph</infon><offset>41035</offset><text>speech and language condition</text></passage><passage><infon key="section_type">ABBR</infon><infon key="type">paragraph</infon><offset>41065</offset><text>TD</text></passage><passage><infon key="section_type">ABBR</infon><infon key="type">paragraph</infon><offset>41068</offset><text>neurotypical development</text></passage><passage><infon key="comment">Autism: fastest-growing developmental disability
https://www.army.mil/article/203386/autism_fastest_growing_developmental_disability</infon><infon key="name_0">surname:Cromer;given-names:J</infon><infon key="section_type">REF</infon><infon key="source">U.S. Army</infon><infon key="type">ref</infon><infon key="year">2018</infon><offset>41093</offset></passage><passage><infon key="fpage">1</infon><infon key="issue">6</infon><infon key="lpage">23</infon><infon key="name_0">surname:Baio;given-names:J</infon><infon key="name_1">surname:Wiggins;given-names:J</infon><infon key="name_10">surname:Durkin;given-names:MS</infon><infon key="name_11">surname:Imm;given-names:P</infon><infon key="name_12">surname:Nikolaou;given-names:L</infon><infon key="name_13">surname:Yeargin-Allsopp;given-names:M</infon><infon key="name_14">surname:Lee;given-names:LC</infon><infon key="name_15">surname:Harrington;given-names:R</infon><infon key="name_16">surname:Lopez;given-names:M</infon><infon key="name_17">surname:Fitzgerald;given-names:RT</infon><infon key="name_18">surname:Hewitt;given-names:A</infon><infon key="name_19">surname:Pettygrove;given-names:S</infon><infon key="name_2">surname:Christensen;given-names:DL</infon><infon key="name_20">surname:Constantino;given-names:JN</infon><infon key="name_21">surname:Vehorn;given-names:A</infon><infon key="name_22">surname:Shenouda;given-names:J</infon><infon key="name_23">surname:Hall-Lande;given-names:J</infon><infon key="name_24">surname:Van Naarden Braun;given-names:K</infon><infon key="name_25">surname:Dowling;given-names:NF</infon><infon key="name_3">surname:Maenner;given-names:MJ</infon><infon key="name_4">surname:Daniels;given-names:J</infon><infon key="name_5">surname:Warren;given-names:Z</infon><infon key="name_6">surname:Kurzius-Spencer;given-names:M</infon><infon key="name_7">surname:Zahorodny;given-names:W</infon><infon key="name_8">surname:Robinson Rosenberg;given-names:C</infon><infon key="name_9">surname:White;given-names:T</infon><infon key="pub-id_doi">10.15585/mmwr.ss6706a1</infon><infon key="pub-id_medline">29701730</infon><infon key="section_type">REF</infon><infon key="source">MMWR Surveill Summ</infon><infon key="type">ref</infon><infon key="volume">67</infon><infon key="year">2018</infon><offset>41094</offset><text>Prevalence of Autism Spectrum Disorder Among Children Aged 8 Years - Autism and Developmental Disabilities Monitoring Network, 11 Sites, United States, 2014</text></passage><passage><infon key="fpage">281</infon><infon key="issue">1</infon><infon key="name_0">surname:Hossain;given-names:M</infon><infon key="name_1">surname:Ahmed;given-names:HU</infon><infon key="name_10">surname:Hossain;given-names:SW</infon><infon key="name_11">surname:Sarker;given-names:M</infon><infon key="name_2">surname:Jalal Uddin;given-names:MM</infon><infon key="name_3">surname:Chowdhury;given-names:WA</infon><infon key="name_4">surname:Iqbal;given-names:MS</infon><infon key="name_5">surname:Kabir;given-names:RI</infon><infon key="name_6">surname:Chowdhury;given-names:IA</infon><infon key="name_7">surname:Aftab;given-names:A</infon><infon key="name_8">surname:Datta;given-names:PG</infon><infon key="name_9">surname:Rabbani;given-names:G</infon><infon key="pub-id_doi">10.1186/s12888-017-1440-x</infon><infon key="pub-id_medline">28826398</infon><infon key="pub-id_pmid">28826398</infon><infon key="section_type">REF</infon><infon key="source">BMC Psychiatry</infon><infon key="type">ref</infon><infon key="volume">17</infon><infon key="year">2017</infon><offset>41251</offset><text>Autism Spectrum disorders (ASD) in South Asia: a systematic review</text></passage><passage><infon key="fpage">473</infon><infon key="issue">5</infon><infon key="lpage">6</infon><infon key="name_0">surname:Durkin;given-names:M</infon><infon key="name_1">surname:Elsabbagh;given-names:M</infon><infon key="name_10">surname:Tager-Flusberg;given-names:H</infon><infon key="name_11">surname:Thurm;given-names:A</infon><infon key="name_12">surname:Tomlinson;given-names:M</infon><infon key="name_13">surname:Shih;given-names:A</infon><infon key="name_2">surname:Barbaro;given-names:J</infon><infon key="name_3">surname:Gladstone;given-names:M</infon><infon key="name_4">surname:Happe;given-names:F</infon><infon key="name_5">surname:Hoekstra;given-names:RA</infon><infon key="name_6">surname:Lee;given-names:LC</infon><infon key="name_7">surname:Rattazzi;given-names:A</infon><infon key="name_8">surname:Stapel-Wax;given-names:J</infon><infon key="name_9">surname:Stone;given-names:WL</infon><infon key="pub-id_doi">10.1002/aur.1575</infon><infon key="pub-id_medline">26437907</infon><infon key="pub-id_pmid">26437907</infon><infon key="section_type">REF</infon><infon key="source">Autism Res</infon><infon key="type">ref</infon><infon key="volume">8</infon><infon key="year">2015</infon><offset>41318</offset><text>Autism screening and diagnosis in low resource settings: Challenges and opportunities to enhance research and services worldwide</text></passage><passage><infon key="fpage">e486</infon><infon key="issue">2</infon><infon key="lpage">94</infon><infon key="name_0">surname:Khan;given-names:N</infon><infon key="name_1">surname:Muslima;given-names:H</infon><infon key="name_2">surname:Shilpi;given-names:AB</infon><infon key="name_3">surname:Begum;given-names:D</infon><infon key="name_4">surname:Parveen;given-names:M</infon><infon key="name_5">surname:Akter;given-names:N</infon><infon key="name_6">surname:Ferdous;given-names:S</infon><infon key="name_7">surname:Nahar;given-names:K</infon><infon key="name_8">surname:McConachie;given-names:H</infon><infon key="name_9">surname:Darmstadt;given-names:GL</infon><infon key="pub-id_doi">10.1542/peds.2011-2421</infon><infon key="pub-id_medline">23359579</infon><infon key="pub-id_pmid">23359579</infon><infon key="section_type">REF</infon><infon key="source">Pediatrics</infon><infon key="type">ref</infon><infon key="volume">131</infon><infon key="year">2013</infon><offset>41447</offset><text>Validation of rapid neurodevelopmental assessment for 2- to 5-year-old children in Bangladesh</text></passage><passage><infon key="fpage">185</infon><infon key="issue">2</infon><infon key="lpage">212</infon><infon key="name_0">surname:Lord;given-names:C</infon><infon key="name_1">surname:Rutter;given-names:M</infon><infon key="name_2">surname:Goode;given-names:S</infon><infon key="name_3">surname:Heemsbergen;given-names:J</infon><infon key="name_4">surname:Jordan;given-names:H</infon><infon key="name_5">surname:Mawhood;given-names:L</infon><infon key="name_6">surname:Schopler;given-names:E</infon><infon key="pub-id_medline">2745388</infon><infon key="pub-id_pmid">2745388</infon><infon key="section_type">REF</infon><infon key="source">J Autism Dev Disord</infon><infon key="type">ref</infon><infon key="volume">19</infon><infon key="year">1989</infon><offset>41541</offset><text>Autism diagnostic observation schedule: a standardized observation of communicative and social behavior</text></passage><passage><infon key="fpage">659</infon><infon key="issue">5</infon><infon key="lpage">85</infon><infon key="name_0">surname:Lord;given-names:C</infon><infon key="name_1">surname:Rutter;given-names:M</infon><infon key="name_2">surname:Le Couteur;given-names:A</infon><infon key="pub-id_medline">7814313</infon><infon key="pub-id_pmid">7814313</infon><infon key="section_type">REF</infon><infon key="source">J Autism Dev Disord</infon><infon key="type">ref</infon><infon key="volume">24</infon><infon key="year">1994</infon><offset>41645</offset><text>Autism Diagnostic Interview-Revised: a revised version of a diagnostic interview for caregivers of individuals with possible pervasive developmental disorders</text></passage><passage><infon key="fpage">1953</infon><infon key="issue">6</infon><infon key="lpage">1961</infon><infon key="name_0">surname:Duda;given-names:M</infon><infon key="name_1">surname:Daniels;given-names:J</infon><infon key="name_2">surname:Wall;given-names:DP</infon><infon key="pub-id_doi">10.1007/s10803-016-2718-4</infon><infon key="pub-id_medline">26873142</infon><infon key="pub-id_pmid">26873142</infon><infon key="section_type">REF</infon><infon key="source">J Autism Dev Disord</infon><infon key="type">ref</infon><infon key="volume">46</infon><infon key="year">2016</infon><offset>41804</offset><text>Clinical Evaluation of a Novel and Mobile Autism Risk Assessment</text></passage><passage><infon key="fpage">e1133</infon><infon key="issue">5</infon><infon key="name_0">surname:Duda;given-names:M</infon><infon key="name_1">surname:Haber;given-names:N</infon><infon key="name_2">surname:Daniels;given-names:J</infon><infon key="name_3">surname:Wall;given-names:DP</infon><infon key="pub-id_doi">10.1038/tp.2017.86</infon><infon key="pub-id_medline">28509905</infon><infon key="pub-id_pmid">28509905</infon><infon key="section_type">REF</infon><infon key="source">Transl Psychiatry</infon><infon key="type">ref</infon><infon key="volume">7</infon><infon key="year">2017</infon><offset>41869</offset><text>Crowdsourced validation of a machine-learning classification system for autism and ADHD</text></passage><passage><infon key="fpage">e424</infon><infon key="name_0">surname:Duda;given-names:M</infon><infon key="name_1">surname:Kosmicki;given-names:JA</infon><infon key="name_2">surname:Wall;given-names:DP</infon><infon key="pub-id_doi">10.1038/tp.2014.65</infon><infon key="pub-id_medline">25116834</infon><infon key="pub-id_pmid">25116834</infon><infon key="section_type">REF</infon><infon key="source">Transl Psychiatry</infon><infon key="type">ref</infon><infon key="volume">4</infon><infon key="year">2014</infon><offset>41957</offset><text>Testing the accuracy of an observation-based classifier for rapid detection of autism risk</text></passage><passage><infon key="fpage">e732</infon><infon key="name_0">surname:Duda;given-names:M</infon><infon key="name_1">surname:Ma;given-names:R</infon><infon key="name_2">surname:Haber;given-names:N</infon><infon key="name_3">surname:Wall;given-names:DP</infon><infon key="pub-id_doi">10.1038/tp.2015.221</infon><infon key="pub-id_medline">26859815</infon><infon key="pub-id_pmid">26859815</infon><infon key="section_type">REF</infon><infon key="source">Transl Psychiatry</infon><infon key="type">ref</infon><infon key="volume">6</infon><infon key="year">2016</infon><offset>42048</offset><text>Use of machine learning for behavioral distinction of autism and ADHD</text></passage><passage><infon key="fpage">e514</infon><infon key="name_0">surname:Kosmicki;given-names:J</infon><infon key="name_1">surname:Sochat;given-names:V</infon><infon key="name_2">surname:Duda;given-names:M</infon><infon key="name_3">surname:Wall;given-names:DP</infon><infon key="pub-id_doi">10.1038/tp.2015.7</infon><infon key="pub-id_medline">25710120</infon><infon key="pub-id_pmid">25710120</infon><infon key="section_type">REF</infon><infon key="source">Transl Psychiatry</infon><infon key="type">ref</infon><infon key="volume">5</infon><infon key="year">2015</infon><offset>42118</offset><text>Searching for a minimal set of behaviors for autism detection through feature selection-based machine learning</text></passage><passage><infon key="fpage">65</infon><infon key="name_0">surname:Levy;given-names:S</infon><infon key="name_1">surname:Duda;given-names:M</infon><infon key="name_2">surname:Haber;given-names:N</infon><infon key="name_3">surname:Wall;given-names:DP</infon><infon key="pub-id_doi">10.1186/s13229-017-0180-6</infon><infon key="pub-id_medline">29270283</infon><infon key="pub-id_pmid">29270283</infon><infon key="section_type">REF</infon><infon key="source">Mol Autism</infon><infon key="type">ref</infon><infon key="volume">8</infon><infon key="year">2017</infon><offset>42229</offset><text>Sparsifying machine learning models identify stable subsets of predictive features for behavioral detection of autism</text></passage><passage><infon key="fpage">e1002705</infon><infon key="issue">11</infon><infon key="name_0">surname:Tariq;given-names:Q</infon><infon key="name_1">surname:Daniels;given-names:J</infon><infon key="name_2">surname:Schwartz;given-names:JN</infon><infon key="name_3">surname:Washington;given-names:P</infon><infon key="name_4">surname:Kalantarian;given-names:H</infon><infon key="name_5">surname:Wall;given-names:DP</infon><infon key="pub-id_doi">10.1371/journal.pmed.1002705</infon><infon key="pub-id_medline">30481180</infon><infon key="pub-id_pmid">30481180</infon><infon key="section_type">REF</infon><infon key="source">PLoS Med</infon><infon key="type">ref</infon><infon key="volume">15</infon><infon key="year">2018</infon><offset>42347</offset><text>Mobile detection of autism through machine learning on home video: A development and prospective validation study</text></passage><passage><infon key="fpage">e100</infon><infon key="name_0">surname:Wall;given-names:D</infon><infon key="name_1">surname:Kosmicki;given-names:J</infon><infon key="name_2">surname:Deluca;given-names:TF</infon><infon key="name_3">surname:Harstad;given-names:E</infon><infon key="name_4">surname:Fusaro;given-names:VA</infon><infon key="pub-id_doi">10.1038/tp.2012.10</infon><infon key="pub-id_medline">22832900</infon><infon key="pub-id_pmid">22832900</infon><infon key="section_type">REF</infon><infon key="source">Transl Psychiatry</infon><infon key="type">ref</infon><infon key="volume">2</infon><infon key="year">2012</infon><offset>42461</offset><text>Use of machine learning to shorten observation-based screening and diagnosis of autism</text></passage><passage><infon key="fpage">S111</infon><infon key="issue">Supplement 2</infon><infon key="lpage">S119</infon><infon key="name_0">surname:Robins;given-names:DL</infon><infon key="name_1">surname:Dumont-mathieu;given-names:TM</infon><infon key="pub-id_doi">10.1097/00004703-200604002-00009</infon><infon key="pub-id_pmid">16685177</infon><infon key="section_type">REF</infon><infon key="source">Journal of Developmental &amp; Behavioral Pediatrics</infon><infon key="type">ref</infon><infon key="volume">27</infon><infon key="year">2006</infon><offset>42548</offset><text>Early Screening for Autism Spectrum Disorders</text></passage><passage><infon key="fpage">4565</infon><infon key="lpage">4774</infon><infon key="name_0">surname:Lundberg;given-names:SM</infon><infon key="name_1">surname:Lee;given-names:SI</infon><infon key="section_type">REF</infon><infon key="source">Advances in Neural Information Processing Systems</infon><infon key="type">ref</infon><infon key="year">2017</infon><offset>42594</offset><text>A unified approach to interpreting model predictions</text></passage><passage><infon key="fpage">301</infon><infon key="issue">2</infon><infon key="lpage">320</infon><infon key="name_0">surname:Zou;given-names:H</infon><infon key="name_1">surname:Hastie;given-names:T</infon><infon key="section_type">REF</infon><infon key="source">Journal of the Royal Statistical Society: Series B (Statistical Methodology)</infon><infon key="type">ref</infon><infon key="volume">67</infon><infon key="year">2005</infon><offset>42647</offset><text>Regularization and variable selection via the elastic net</text></passage><passage><infon key="fpage">101</infon><infon key="lpage">179</infon><infon key="name_0">surname:Hastie;given-names:T</infon><infon key="name_1">surname:Tibshirani;given-names:R</infon><infon key="name_2">surname:Friedman;given-names:J</infon><infon key="section_type">REF</infon><infon key="source">The elements of statistical learning: Data Mining, Inference, and Prediction</infon><infon key="type">ref</infon><infon key="year">2001</infon><offset>42705</offset></passage><passage><infon key="fpage">14</infon><infon key="name_0">surname:McKinney;given-names:W</infon><infon key="section_type">REF</infon><infon key="source">Python for High Performance and Scientific Computing</infon><infon key="type">ref</infon><infon key="year">2011</infon><offset>42706</offset><text>Pandas: a foundational Python library for data analysis and statistics</text></passage><passage><infon key="comment">Scikit-learn: Machine learning in Python
https://dl.acm.org/citation.cfm?id=2078195&amp;preflayout=tabs</infon><infon key="name_0">surname:Pedregosa;given-names:F</infon><infon key="section_type">REF</infon><infon key="source">Journal of machine learning research</infon><infon key="type">ref</infon><infon key="year">2011</infon><offset>42777</offset></passage><passage><infon key="name_0">surname:Bergstra;given-names:J</infon><infon key="name_1">surname:Yamins;given-names:D</infon><infon key="name_2">surname:Cox;given-names:DD</infon><infon key="section_type">REF</infon><infon key="type">ref</infon><infon key="year">2013</infon><offset>42778</offset><text>Hyperopt: A python library for optimizing the hyperparameters of machine learning algorithms</text></passage><passage><infon key="comment">Consistent individualized feature attribution for tree ensembles
https://arxiv.org/abs/1802.03888</infon><infon key="name_0">surname:Lundberg;given-names:S</infon><infon key="name_1">surname:Erion;given-names:GG</infon><infon key="name_2">surname:Lee;given-names:SI</infon><infon key="section_type">REF</infon><infon key="source">Cornell University - arXiv.org</infon><infon key="type">ref</infon><infon key="year">2018</infon><offset>42871</offset></passage><passage><infon key="fpage">90</infon><infon key="issue">3</infon><infon key="lpage">95</infon><infon key="name_0">surname:Hunter;given-names:J</infon><infon key="pub-id_doi">10.1109/MCSE.2007.55</infon><infon key="section_type">REF</infon><infon key="source">Comput Sci Eng</infon><infon key="type">ref</infon><infon key="volume">9</infon><infon key="year">2007</infon><offset>42872</offset><text>Matplotlib: A 2D Graphics Environment</text></passage><passage><infon key="comment">Mobile Phone Subscribers in Bangladesh December, 2018
http://www.btrc.gov.bd/content/mobile-phone-subscribers-bangladesh-december-2018</infon><infon key="section_type">REF</infon><infon key="type">ref</infon><infon key="year">2018</infon><offset>42910</offset></passage><passage><infon key="fpage">19</infon><infon key="issue">1</infon><infon key="lpage">30</infon><infon key="name_0">surname:Khan;given-names:N</infon><infon key="name_1">surname:Sultana;given-names:R</infon><infon key="name_2">surname:Ahmed;given-names:F</infon><infon key="name_3">surname:Shilpi;given-names:AB</infon><infon key="name_4">surname:Sultana;given-names:N</infon><infon key="name_5">surname:Darmstadt;given-names:GL</infon><infon key="pub-id_doi">10.1111/cch.12530</infon><infon key="pub-id_medline">29235172</infon><infon key="pub-id_pmid">29235172</infon><infon key="section_type">REF</infon><infon key="source">Child Care Health Dev</infon><infon key="type">ref</infon><infon key="volume">44</infon><infon key="year">2018</infon><offset>42911</offset><text>Scaling up child development centres in Bangladesh</text></passage></document></collection>
