<?xml version="1.0" encoding="UTF-8"?>
<!DOCTYPE collection SYSTEM "BioC.dtd">
<collection><source>PMC</source><date>20201216</date><key>pmc.key</key><document><id>6476276</id><infon key="license">CC BY</infon><passage><infon key="article-id_doi">10.3389/fpubh.2019.00081</infon><infon key="article-id_pmc">6476276</infon><infon key="article-id_pmid">31037238</infon><infon key="elocation-id">81</infon><infon key="kwd">data mining natural language processing (NLP) crowdsourcing social media data sentiment analysis (SA) vaccination data stream analytics machine learning</infon><infon key="license">This is an open-access article distributed under the terms of the Creative Commons Attribution License (CC BY). The use, distribution or reproduction in other forums is permitted, provided the original author(s) and the copyright owner(s) are credited and that the original publication in this journal is cited, in accordance with accepted academic practice. No use, distribution or reproduction is permitted which does not comply with these terms.</infon><infon key="name_0">surname:Müller;given-names:Martin M.</infon><infon key="name_1">surname:Salathé;given-names:Marcel</infon><infon key="section_type">TITLE</infon><infon key="type">front</infon><infon key="volume">7</infon><infon key="year">2019</infon><offset>0</offset><text>Crowdbreaks: Tracking Health Trends Using Public Social Media Data and Crowdsourcing</text></passage><passage><infon key="section_type">ABSTRACT</infon><infon key="type">abstract</infon><offset>85</offset><text>In the past decade, tracking health trends using social media data has shown great promise, due to a powerful combination of massive adoption of social media around the world, and increasingly potent hardware and software that enables us to work with these new big data streams. At the same time, many challenging problems have been identified. First, there is often a mismatch between how rapidly online data can change, and how rapidly algorithms are updated, which means that there is limited reusability for algorithms trained on past data as their performance decreases over time. Second, much of the work is focusing on specific issues during a specific past period in time, even though public health institutions would need flexible tools to assess multiple evolving situations in real time. Third, most tools providing such capabilities are proprietary systems with little algorithmic or data transparency, and thus little buy-in from the global public health and research community. Here, we introduce Crowdbreaks, an open platform which allows tracking of health trends by making use of continuous crowdsourced labeling of public social media content. The system is built in a way which automatizes the typical workflow from data collection, filtering, labeling and training of machine learning classifiers and therefore can greatly accelerate the research process in the public health domain. This work describes the technical aspects of the platform, thereby covering the functionalities at its current state and exploring its future use cases and extensions.</text></passage><passage><infon key="section_type">INTRO</infon><infon key="type">title_1</infon><offset>1657</offset><text>1. Introduction</text></passage><passage><infon key="section_type">INTRO</infon><infon key="type">paragraph</infon><offset>1673</offset><text>In the past years, data derived from public social media has been successfully used for capturing diverse trends about health and disease-related issues, such as flu symptoms, sentiments toward vaccination, allergies, and many others. Most of these approaches are based on natural language processing (NLP) and share a common workflow. This workflow involves data collection, human annotation of a subset of this data, training of a supervised classifier, and subsequent analysis of the remaining data. The approach has proven promising in many cases, but it also shares a few shortcomings. A major drawback of this type of research process is that a model, which was trained on data from previous years, might not generalize well into the future. This issue, commonly known as concept drift, may not necessarily be only related to overfitting, but may simply be a consequence of how language and content, especially on the internet, evolve over time. A similar effect has been suggested to be the main reason for the increasing inaccuracy of Google Flu Trends (GFT), one of the most well-known flu surveillance systems in the past. After launching the platform in 2003, GFT's model had been retrained in 2009, which led to a significant improvement of its performance in the following years. However, during the influenza epidemic in 2012/13, the model's performance decreased again and overestimated the extent of the epidemic by a large margin. Shortly after, it was discontinued.</text></passage><passage><infon key="section_type">INTRO</infon><infon key="type">paragraph</infon><offset>3157</offset><text>Apart from the issue of model drift, a second issue associated with current NLP models is that the collection of large amounts of labeled data, usually through platforms such as Amazon Turk1 (MTurk), is very costly. Labeling a random subset of the collected social media data may be inefficient, as depending on the degree of filtering applied, large fractions of the collected data are possibly not relevant to the topic, and therefore have to be discarded.</text></passage><passage><infon key="section_type">INTRO</infon><infon key="type">paragraph</infon><offset>3616</offset><text>Lastly, there is a growing interest in the public health field to capture more fine-grained categorizations of trends, opinions or emotions. Such categorizations could allow to paint a more accurate picture of the nature of the health issue at hand. However, multi-class annotations of a large sample of data again exponentially increases costs.</text></passage><passage><infon key="section_type">INTRO</infon><infon key="type">paragraph</infon><offset>3962</offset><text>Here, we introduce Crowdbreaks2, a platform targeted at tackling some of these issues. Crowdbreaks allows the continuous labeling of public social media content in a crowdsourced way. The system is built in a way which allows algorithms to improve as more labeled data is collected. This work describes the functionalities of the platform at its current state as well as its possible use cases and extensions.</text></passage><passage><infon key="section_type">INTRO</infon><infon key="type">title_1</infon><offset>4372</offset><text>2. Similar Work</text></passage><passage><infon key="section_type">INTRO</infon><infon key="type">paragraph</infon><offset>4388</offset><text>In recent years, a number of platforms have been launched which allow the public to contribute to solving a specific scientific problem. Among many others, examples of successful projects include the Zooniverse platform (formerly known as Galaxy Zoo), Crowdcrafting, eBird (a platform for collecting ornithological data), and FoldIt (a platform to solve protein folding structures). Many of these projects have shown that citizen science can be used to help solve complex scientific problems. At the same time, there is a growing number of platforms which offer monetary compensations to workers for the fulfillment of microtasks (the most prominent example being MTurk). These platforms gain importance as the need for large amounts of labeled data for the training of supervised machine learning algorithms increases. Previous work focused mostly on efficiency improvement of large-scale human annotation of images, e.g., in the context of the ImageNet project. Most of these improvements include better ways to select which data to annotate, how to annotate (which is a UI specific problem) and what type of annotations (classes and subclasses) should be collected. Online task assignment algorithms have been suggested which may consider both label uncertainty as well as annotator uncertainty during the annotation process. Results suggest that this allows for a more efficient training of algorithms. More recently, a crowd-based scientific image annotation platform called Quantius has been proposed, showing decreased analysis time and cost. To our knowledge, no similar work has been proposed with the regard to the human annotation of textual data, such as tweets.</text></passage><passage><infon key="section_type">METHODS</infon><infon key="type">title_1</infon><offset>6063</offset><text>3. Methods and Tools</text></passage><passage><infon key="section_type">METHODS</infon><infon key="type">paragraph</infon><offset>6084</offset><text>Crowdbreaks is a platform which aims at automatizing the whole process from data collection (currently through Twitter), filtering, crowdsourced annotation and training of Machine Learning classifiers. Eventually these algorithms can help evaluate trends in health behaviors, such as vaccine hesitancy or the risk potential for disease outbreaks.</text></passage><passage><infon key="section_type">METHODS</infon><infon key="type">paragraph</infon><offset>6431</offset><text>Crowdbreaks consists of a data collection pipeline3 (“streaming pipeline”) and a platform for the collection of labeled data4 (“user interface”), connected through an API (Application Programming Interface), as schematized in Figure 1.</text></passage><passage><infon key="file">fpubh-07-00081-g0001.jpg</infon><infon key="id">F1</infon><infon key="section_type">FIG</infon><infon key="type">fig_caption</infon><offset>6675</offset><text>Overview of the architecture of the Crowdbreaks platform. The platform consists of a streaming pipeline (a message queueing system) and a user interface, linked through an API.</text></passage><passage><infon key="section_type">METHODS</infon><infon key="type">title_2</infon><offset>6852</offset><text>3.1. Streaming Pipeline</text></passage><passage><infon key="section_type">METHODS</infon><infon key="type">paragraph</infon><offset>6876</offset><text>Currently Crowdbreaks consumes data from the Twitter streaming API only, therefore the rest of this work will focus on tweets as the only data source. However, it could be extended to any textual data which can be collected in the form of a data stream through an API. The Twitter API allows for the filtering of tweets by a specific set of keywords in real-time. Tweets collected contain at least one exact match within certain fields of the tweet object. Incoming tweets are put on a background job queue for filtering, pre-processing, geo-tag enrichment, and annotation with metadata, such as estimated relevance or sentiment (more on this in section 5). After these processing steps, tweets are stored in a database. Based on a priority score (e.g., the uncertainty of a predicted label, see section 3.3.1) the tweet IDs are also pushed into a priority queue for subsequent labeling. Once the priority queue has reached a certain size, older items with low priority are removed from the queue and replaced with more recent items. Therefore, the queue keeps a pool of recent tweets which are prioritized for labeling. Once a tweet has been labeled, it is ensured that the same tweet will be labeled by a certain number of distinct users in order to reach a consensus.</text></passage><passage><infon key="section_type">METHODS</infon><infon key="type">title_2</infon><offset>8147</offset><text>3.2. User Interface</text></passage><passage><infon key="section_type">METHODS</infon><infon key="type">paragraph</infon><offset>8167</offset><text>The user interface allows labeling of tweets based on answering of a sequence of questions. Arbitrary question sequences can be defined, which allow the annotation of multiple classes and subclasses to a single tweet. Most commonly, different follow-up questions would be asked depending on the answers given previously, e.g., whether or not the tweet is relevant to the topic at hand (see Figures 2A,B). In the beginning of a question sequence an API call is made to the streaming pipeline to retrieve a new tweet ID from the priority queue (see section 3.1). Every question a user answers creates a new row in a database table, containing the respective user, tweet, question and answer IDs. After the user has successfully finished the question sequence the respective user ID is then added to a set, in order to ensure that the same tweet is not labeled multiple times by the same user.</text></passage><passage><infon key="file">fpubh-07-00081-g0002.jpg</infon><infon key="id">F2</infon><infon key="section_type">FIG</infon><infon key="type">fig_caption</infon><offset>9058</offset><text>(A) An example of a question sequence. Questions are denoted by Q, answers by a and the arrows designate the possible transitions between questions. In the given example, different questions are reached depending on whether an annotator answers Q1 with a1,1 or a1,2 allowing for an efficient and fine-grained annotation of the data. (B) Screenshot of the annotation interface. Shown is a question for determining the vaccine sentiment of a tweet which has been deemed relevant to the topic.</text></passage><passage><infon key="section_type">METHODS</infon><infon key="type">paragraph</infon><offset>9549</offset><text>Crowdbreaks supports multiple projects, each project may be connected to its own data stream from Twitter. New projects can be created through an admin interface, making it possible to control both the data collection, as well as to define project-specific question sequences. Eventually, visualizations, such as sentiment trends over time, may be presented to the public user, allowing the users to see the outcomes of their work. Crowdbreaks also features an integration of the question sequence interface with Amazon Turk, allowing the collection of labeled data through paid crowdworkers as an alternative to public users.</text></passage><passage><infon key="section_type">METHODS</infon><infon key="type">title_2</infon><offset>10176</offset><text>3.3. Sentiment Analysis</text></passage><passage><infon key="section_type">METHODS</infon><infon key="type">title_3</infon><offset>10200</offset><text>3.3.1. Algorithms</text></passage><passage><infon key="section_type">METHODS</infon><infon key="type">paragraph</infon><offset>10218</offset><text>In recent years, algorithms for sentiment analysis based on word embeddings have become increasingly more popular compared to traditional approaches which rely on manual feature engineering. Word embeddings give a high-dimensional vector representation of the input text, usually based on a pre-trained language model. Although these approaches may not consistently yield better results compared to traditional approaches, they allow for an easier automatization of the training workflow and are usually more generalizable to other problems. This is a desirable property in the context of Crowdbreaks, as it aims to further automatize this process and retrain classifiers automatically as more labeled data arrive. Furthermore, pre-trained word embeddings based on large Twitter corpora are available in different languages, which also make them interesting for following health trends in languages other than English. At its current state, the platform makes use of a baseline fastText classifier, which is trained on a small set of labeled data. FastText models are quickly re-trained and lead to small model sizes, making them suitable to be used in active learning production environments.</text></passage><passage><infon key="section_type">METHODS</infon><infon key="type">title_3</infon><offset>11412</offset><text>3.3.2. Active Learning</text></passage><passage><infon key="section_type">METHODS</infon><infon key="type">paragraph</infon><offset>11435</offset><text>Active learning frameworks have been proposed for a more efficient training of classifiers in the context of word embeddings. These frameworks allow algorithms to be trained with a much smaller number of annotated data, compared to a standard supervised training workflow (see Figure 3). The query strategy, which is usually related to label uncertainty, is generally the critical component for the relative performance speed-up of these methods. In the context of Crowdbreaks, we are not only prioritizing data with higher label uncertainty, but also data which is more recent in time. Therefore, we are faced with a trade-off between exploration and exploitation with regard to label uncertainty and timeliness of data. Crowdbreaks can serve as a framework to explore these challenges and find the right balance.</text></passage><passage><infon key="file">fpubh-07-00081-g0003.jpg</infon><infon key="id">F3</infon><infon key="section_type">FIG</infon><infon key="type">fig_caption</infon><offset>12250</offset><text>Crowdbreaks can be seen as an active learning framework which allows to improve algorithms as more labels are collected. In this example, an algorithm tries to learn sentiments from tweets and is given an initial small set of labeled data to be trained on. This algorithm may then be used to predict the labels and label uncertainty of newly collected tweets. Subsequently, tweets which the algorithm is most uncertain about will be presented to human annotators. As new labeled data is generated, the algorithm is retrained to further improve in performance.</text></passage><passage><infon key="section_type">METHODS</infon><infon key="type">title_2</infon><offset>12810</offset><text>3.4. Technologies Used</text></passage><passage><infon key="section_type">METHODS</infon><infon key="type">paragraph</infon><offset>12833</offset><text>Crowdbreaks uses a Python Flask API to interface between the components of the streaming pipeline and the user interface. The streaming pipeline makes use of Redis for the message queuing of the processing queue as well as the priority queue (see Figure 1). Filtering and data processing, as well as NLP-related tasks are written in Python using the standard data analysis toolchain (numpy, scipy, nltk). Tweet objects are stored as flat files as well as in JSON format on Elasticsearch, which allows for an easier exploration and visualization of the data using Kibana. The user interface is built using Ruby on Rails with a postgres database backend in order to store the annotations, as well as user-related data.</text></passage><passage><infon key="section_type">METHODS</infon><infon key="type">paragraph</infon><offset>13550</offset><text>All tools in the Crowdbreaks stack are open source and easy to deploy using Docker. The choice of tools was influenced by their long-term availability, community support and openness.</text></passage><passage><infon key="section_type">RESULTS</infon><infon key="type">title_1</infon><offset>13734</offset><text>4. Results</text></passage><passage><infon key="section_type">RESULTS</infon><infon key="type">paragraph</infon><offset>13745</offset><text>The intensity, spread and effects of public opinion toward vaccination on social media and news sources has been explored in previous work. Declines in vaccine confidence and boycotts of vaccination programs could sometimes be linked to disease outbreaks or set back efforts to eradicate certain diseases, such as polio or measles. In particular, the potential benefits of real-time monitoring of vaccine sentiments as a tool for the improved planning of public health intervention programs has been highlighted. Tracking of such sentiments toward vaccines is a primary use case of Crowdbreaks.</text></passage><passage><infon key="section_type">RESULTS</infon><infon key="type">paragraph</infon><offset>14340</offset><text>Between July 2018 and January 2019 tweets were collected through the Twitter Streaming API using a list of vaccine-related keywords5 and predicted using a supervised bag-of-words fastText classifier6. The classifier was trained on annotated data (collected through MTurk) provided in recent work by Pananos et al., resulting in micro-averaged precision and recall scores of 77.0%. The collected annotations include the label classes “positive,” “negative,” and “other” (in this work denoted as “neutral”) with regard to the attitude toward vaccinations the tweets express. For a detailed reasoning of how and why these specific labels and keywords were selected, please refer to the work by Pananos et al. As shown in Figure 4, we observe most of the discussion surrounding vaccination to be either neutral or positive. The fraction of data classified as “anti-vaccine” is below 10% and remains relatively constant at that level. Furthermore, we observe that the weekly tweet count exhibits a large variance in terms of volume over time. This effect can be mitigated by calculating a normalized ratio of positive and negative counts in a rolling window of 1 month, which we call “sentiment index” in Figure 4 (black curve). The sentiment index is calculated as (r−μ)/σ, in which r is the fraction of tweets predicted as positive among positive and negative tweets, and μ and σ are the mean and standard deviation of this ratio, respectively. This value remains largerly constant over time and then increases after August 2018, due to an increase in the number of tweets predicted as “pro-vaccine” and stays at that level. Further investigation will be needed in order to understand the nature of this change. Although these results are only of preliminary nature they illustrate the potential of the platform to track health trends over time.</text></passage><passage><infon key="file">fpubh-07-00081-g0004.jpg</infon><infon key="id">F4</infon><infon key="section_type">FIG</infon><infon key="type">fig_caption</infon><offset>16217</offset><text>Real-time predictions of vaccine sentiments using Crowdbreaks. The data is based on a Twitter data stream filtered by vaccine-related keywords. Colored values indicate the stacked 1-week moving averages of tweet counts of the respective label class. The black curve denotes a sentiment index which reflects a lowess fit of the normalized ratio of counts of tweets predicted as positive and negative, aggregated in a 1 month window. The sentiment index reveals certain long-term trends irrespective of the high variance in volume over time.</text></passage><passage><infon key="section_type">DISCUSS</infon><infon key="type">title_1</infon><offset>16757</offset><text>5. Discussion</text></passage><passage><infon key="section_type">DISCUSS</infon><infon key="type">paragraph</infon><offset>16771</offset><text>Here we introduced Crowdbreaks, an open tool allowing any researcher to start measurements of health trends in real-time from public social media content. As illustrated in the use case on vaccine sentiments, the platform can be used to monitor such sentiments and detect long-term shifts in health trends. Further analysis will be needed in order to reveal spatial sentiment distributions of the predicted vaccine sentiment as well as the correlation with vaccination coverage or disease outbreak data. Such analysis would however go beyond the scope of this work. Unlike in traditional settings of measuring vaccine sentiment, the platform involves crowdworkers as well as the general public to collect new annotations continuously over time. This allows to re-train models and counteract the problem of concept drift. In the future, we may use the platform to measure more fine-grained categorizations of this data, hence improving our understanding of attitudes toward vaccination.</text></passage><passage><infon key="section_type">DISCUSS</infon><infon key="type">paragraph</infon><offset>17757</offset><text>A major goal of the platform is the eventual incorporation of similar models into the public health decision-making process. In order to achieve this, there is a need for proper validation and benchmarking of machine learning models, which in turn increases both trust and transparency of algorithms used for such purpose. In the future, annotation data generated on Crowdbreaks may be released in public challenges, thereby creating an open benchmark for a specific problem.</text></passage><passage><infon key="section_type">DISCUSS</infon><infon key="type">paragraph</infon><offset>18233</offset><text>Although the platform focuses on the measurement of health trends, Crowdbreaks may also be used with regard to tracking flu or other infectious diseases in the future. However, disease prediction solely from Twitter data remains to be a hard problem. This is due to the fact that a precise understanding of the content (e.g., whether a tweet just raises awareness vs. actually reporting an infection) is crucial for the robustness of the model. Previous work has suggested hybrid models between Twitter and less volatile data sources (such a Wikipedia page rate clicks) to be superior for the purpose of outbreak tracking. Such hybrid models may serve as a future direction for disease prediction projects on Crowdbreaks.</text></passage><passage><infon key="section_type">AUTH_CONT</infon><infon key="type">title_1</infon><offset>18955</offset><text>Author Contributions</text></passage><passage><infon key="section_type">AUTH_CONT</infon><infon key="type">paragraph</infon><offset>18976</offset><text>MM built the platform, did the analysis and wrote large parts of the papers and made the figures. MS had the initial idea for the project, drafted the initial design of the platform and wrote the abstract of the paper. All authors revised the manuscript and made corrections.</text></passage><passage><infon key="section_type">AUTH_CONT</infon><infon key="type">title_2</infon><offset>19252</offset><text>Conflict of Interest Statement</text></passage><passage><infon key="section_type">AUTH_CONT</infon><infon key="type">paragraph</infon><offset>19283</offset><text>The authors declare that the research was conducted in the absence of any commercial or financial relationships that could be construed as a potential conflict of interest.</text></passage><passage><infon key="section_type">AUTH_CONT</infon><infon key="type">footnote</infon><offset>19456</offset><text>1https://www.mturk.com</text></passage><passage><infon key="section_type">AUTH_CONT</infon><infon key="type">footnote</infon><offset>19479</offset><text>2https://www.crowdbreaks.org</text></passage><passage><infon key="section_type">AUTH_CONT</infon><infon key="type">footnote</infon><offset>19508</offset><text>3https://github.com/crowdbreaks/crowdbreaks-streamer</text></passage><passage><infon key="section_type">AUTH_CONT</infon><infon key="type">footnote</infon><offset>19561</offset><text>4https://github.com/crowdbreaks/crowdbreaks</text></passage><passage><infon key="section_type">AUTH_CONT</infon><infon key="type">footnote</infon><offset>19605</offset><text>5The keywords include “vaccine”, “vaccination”, “vaxxer,” “vaxxed,” “vaccinated,” “vaccinating,” “vacine”.</text></passage><passage><infon key="section_type">AUTH_CONT</infon><infon key="type">footnote</infon><offset>19740</offset><text>6Data and code of the analysis are provided under https://github.com/salathegroup/crowdbreaks-paper.</text></passage><passage><infon key="section_type">REF</infon><infon key="type">title</infon><offset>19841</offset><text>References</text></passage><passage><infon key="fpage">115</infon><infon key="lpage">22</infon><infon key="name_0">surname:Culotta;given-names:A</infon><infon key="section_type">REF</infon><infon key="source">Proceedings of the First Workshop on Social Media Analytics.</infon><infon key="type">ref</infon><infon key="year">2010</infon><offset>19852</offset><text>Towards detecting influenza epidemics by analyzing Twitter messages</text></passage><passage><infon key="fpage">265</infon><infon key="lpage">72</infon><infon key="name_0">surname:Paul;given-names:MJ</infon><infon key="name_1">surname:Dredze;given-names:M</infon><infon key="section_type">REF</infon><infon key="source">Icwsm.</infon><infon key="type">ref</infon><infon key="volume">20</infon><infon key="year">2011</infon><offset>19920</offset><text>You are what you Tweet: analyzing Twitter for public health</text></passage><passage><infon key="fpage">e1002199</infon><infon key="name_0">surname:Salathé;given-names:M</infon><infon key="name_1">surname:Khandelwal;given-names:S</infon><infon key="pub-id_doi">10.1371/journal.pcbi.1002199</infon><infon key="pub-id_pmid">22022249</infon><infon key="section_type">REF</infon><infon key="source">PLoS Comput Biol.</infon><infon key="type">ref</infon><infon key="volume">7</infon><infon key="year">2011</infon><offset>19980</offset><text>Assessing vaccination sentiments with online social media: implications for infectious disease dynamics and control</text></passage><passage><infon key="fpage">16</infon><infon key="lpage">6</infon><infon key="name_0">surname:Paul;given-names:MJ</infon><infon key="name_1">surname:Dredze;given-names:M</infon><infon key="section_type">REF</infon><infon key="source">Health.</infon><infon key="type">ref</infon><infon key="volume">11</infon><infon key="year">2012</infon><offset>20096</offset><text>A model for mining public health topics from Twitter</text></passage><passage><infon key="fpage">556</infon><infon key="lpage">63</infon><infon key="name_0">surname:Parker;given-names:J</infon><infon key="name_1">surname:Wei;given-names:Y</infon><infon key="name_2">surname:Yates;given-names:A</infon><infon key="name_3">surname:Frieder;given-names:O</infon><infon key="name_4">surname:Goharian;given-names:N</infon><infon key="section_type">REF</infon><infon key="source">Proceedings of the 2013 IEEE/ACM International Conference on Advances in Social Networks Analysis and Mining.</infon><infon key="type">ref</infon><infon key="year">2013</infon><offset>20149</offset><text>A framework for detecting public health trends with twitter</text></passage><passage><infon key="fpage">69</infon><infon key="lpage">101</infon><infon key="name_0">surname:Widmer;given-names:G</infon><infon key="name_1">surname:Kubat;given-names:M</infon><infon key="pub-id_doi">10.1007/BF00116900</infon><infon key="section_type">REF</infon><infon key="source">Mach Learn.</infon><infon key="type">ref</infon><infon key="volume">23</infon><infon key="year">1996</infon><offset>20209</offset><text>Learning in the presence of concept drift and hidden contexts</text></passage><passage><infon key="fpage">1012</infon><infon key="name_0">surname:Ginsberg;given-names:J</infon><infon key="name_1">surname:Mohebbi;given-names:MH</infon><infon key="name_2">surname:Patel;given-names:RS</infon><infon key="name_3">surname:Brammer;given-names:L</infon><infon key="name_4">surname:Smolinski;given-names:MS</infon><infon key="name_5">surname:Brilliant;given-names:L</infon><infon key="pub-id_doi">10.1038/nature07634</infon><infon key="pub-id_pmid">19020500</infon><infon key="section_type">REF</infon><infon key="source">Nature.</infon><infon key="type">ref</infon><infon key="volume">457</infon><infon key="year">2009</infon><offset>20271</offset><text>Detecting influenza epidemics using search engine query data</text></passage><passage><infon key="fpage">1203</infon><infon key="lpage">5</infon><infon key="name_0">surname:Lazer;given-names:D</infon><infon key="name_1">surname:Kennedy;given-names:R</infon><infon key="name_2">surname:King;given-names:G</infon><infon key="name_3">surname:Vespignani;given-names:A</infon><infon key="pub-id_doi">10.1126/science.12485062014</infon><infon key="pub-id_pmid">24626916</infon><infon key="section_type">REF</infon><infon key="source">Science.</infon><infon key="type">ref</infon><infon key="volume">343</infon><infon key="year">2014</infon><offset>20332</offset><text>The parable of google flu: Traps in big data analysis</text></passage><passage><infon key="fpage">155</infon><infon key="lpage">6</infon><infon key="name_0">surname:Butler;given-names:D</infon><infon key="pub-id_pmid">23407515</infon><infon key="section_type">REF</infon><infon key="source">Nature.</infon><infon key="type">ref</infon><infon key="volume">494</infon><infon key="year">2013</infon><offset>20386</offset><text>When Google got flu wrong</text></passage><passage><infon key="fpage">1049</infon><infon key="lpage">54</infon><infon key="name_0">surname:Simpson;given-names:R</infon><infon key="name_1">surname:Page;given-names:KR</infon><infon key="name_2">surname:De Roure;given-names:D</infon><infon key="pub-id_doi">10.1145/2567948.2579215</infon><infon key="section_type">REF</infon><infon key="source">Proceedings of the 23rd International Conference on World Wide Web.</infon><infon key="type">ref</infon><infon key="year">2014</infon><offset>20412</offset><text>Zooniverse: observing the world's largest citizen science platform</text></passage><passage><infon key="section_type">REF</infon><infon key="type">ref</infon><offset>20479</offset><text> Available online at: https://crowdcrafting.org</text></passage><passage><infon key="fpage">e1001220</infon><infon key="name_0">surname:Wood;given-names:C</infon><infon key="name_1">surname:Sullivan;given-names:B</infon><infon key="name_2">surname:Iliff;given-names:M</infon><infon key="name_3">surname:Fink;given-names:D</infon><infon key="name_4">surname:Kelling;given-names:S</infon><infon key="pub-id_doi">10.1371/journal.pbio.1001220</infon><infon key="pub-id_pmid">22205876</infon><infon key="section_type">REF</infon><infon key="source">PLoS Biol.</infon><infon key="type">ref</infon><infon key="volume">9</infon><infon key="year">2011</infon><offset>20527</offset><text>eBird: engaging birders in science and conservation</text></passage><passage><infon key="fpage">1175</infon><infon key="lpage">7</infon><infon key="name_0">surname:Khatib;given-names:F</infon><infon key="name_1">surname:Dimaio;given-names:F</infon><infon key="name_2">surname:Cooper;given-names:S</infon><infon key="name_3">surname:Kazmierczyk;given-names:M</infon><infon key="name_4">surname:Gilski;given-names:M</infon><infon key="name_5">surname:Krzywda;given-names:S</infon><infon key="pub-id_doi">10.1038/nsmb.2119</infon><infon key="pub-id_pmid">21926992</infon><infon key="section_type">REF</infon><infon key="source">Nat Struct Mol Biol.</infon><infon key="type">ref</infon><infon key="volume">18</infon><infon key="year">2010</infon><offset>20579</offset><text>Crystal structure of a monomeric retroviral protease solved by protein folding game players</text></passage><passage><infon key="fpage">211</infon><infon key="lpage">52</infon><infon key="name_0">surname:Russakovsky;given-names:O</infon><infon key="name_1">surname:Deng;given-names:J</infon><infon key="name_2">surname:Su;given-names:H</infon><infon key="name_3">surname:Krause;given-names:J</infon><infon key="name_4">surname:Satheesh;given-names:S</infon><infon key="name_5">surname:Ma;given-names:S</infon><infon key="pub-id_doi">10.1007/s11263-015-0816-y</infon><infon key="section_type">REF</infon><infon key="source">Int J Comput Vis.</infon><infon key="type">ref</infon><infon key="volume">115</infon><infon key="year">2015</infon><offset>20671</offset><text>ImageNet large scale visual recognition challenge</text></passage><passage><infon key="fpage">177</infon><infon key="lpage">243</infon><infon key="name_0">surname:Kovashka;given-names:A</infon><infon key="name_1">surname:Russakovsky;given-names:O</infon><infon key="name_2">surname:Fei-Fei;given-names:L</infon><infon key="name_3">surname:Grauman;given-names:K</infon><infon key="pub-id_doi">10.1561/0600000073</infon><infon key="section_type">REF</infon><infon key="source">Foundations and Trends® in computer graphics and Vision.</infon><infon key="type">ref</infon><infon key="volume">10</infon><infon key="year">2016</infon><offset>20721</offset><text>Crowdsourcing in computer vision</text></passage><passage><infon key="fpage">25</infon><infon key="lpage">32</infon><infon key="name_0">surname:Welinder;given-names:P</infon><infon key="name_1">surname:Perona;given-names:P</infon><infon key="section_type">REF</infon><infon key="source">2010 IEEE Computer Society Conference on Computer Vision and Pattern Recognition-Workshops</infon><infon key="type">ref</infon><infon key="year">2010</infon><offset>20754</offset><text>Online crowdsourcing: rating annotators and obtaining cost-effective labels</text></passage><passage><infon key="fpage">45</infon><infon key="lpage">51</infon><infon key="name_0">surname:Ho;given-names:CJ</infon><infon key="name_1">surname:Vaughan;given-names:JW</infon><infon key="section_type">REF</infon><infon key="source">Proceedings of the Twenty-Sixth AAAI Conference on Artificial Intelligence.</infon><infon key="type">ref</infon><infon key="year">2012</infon><offset>20830</offset><text>Online task assignment in crowdsourcing markets</text></passage><passage><infon key="name_0">surname:Hughes;given-names:AJ</infon><infon key="name_1">surname:Mornin;given-names:JD</infon><infon key="name_2">surname:Biswas;given-names:SK</infon><infon key="name_3">surname:Bauer;given-names:DP</infon><infon key="name_4">surname:Bianco;given-names:S</infon><infon key="name_5">surname:Gartner;given-names:ZJ</infon><infon key="pub-id_doi">10.1038/s41592-018-0069-0</infon><infon key="section_type">REF</infon><infon key="source">Nat Methods.</infon><infon key="type">ref</infon><infon key="year">2017</infon><offset>20878</offset><text>Quantius: generic, high-fidelity human annotation of scientific images at 10^5-clicks-per-hour</text></passage><passage><infon key="fpage">1137</infon><infon key="lpage">55</infon><infon key="name_0">surname:Bengio;given-names:Y</infon><infon key="name_1">surname:Ducharme;given-names:R</infon><infon key="name_2">surname:Vincent;given-names:P</infon><infon key="name_3">surname:Janvin;given-names:C</infon><infon key="pub-id_doi">10.1162/153244303322533223</infon><infon key="section_type">REF</infon><infon key="source">J Mach Learn Res.</infon><infon key="type">ref</infon><infon key="volume">3</infon><infon key="year">2003</infon><offset>20973</offset><text>A neural probabilistic language model</text></passage><passage><infon key="fpage">13013781</infon><infon key="name_0">surname:Mikolov;given-names:T</infon><infon key="name_1">surname:Chen;given-names:K</infon><infon key="name_2">surname:Corrado;given-names:G</infon><infon key="name_3">surname:Dean;given-names:J</infon><infon key="section_type">REF</infon><infon key="source">arXiv [preprint].</infon><infon key="type">ref</infon><infon key="volume">arXiv</infon><infon key="year">2013</infon><offset>21011</offset><text>Efficient estimation of word representations in vector space</text></passage><passage><infon key="fpage">160701759</infon><infon key="name_0">surname:Joulin;given-names:A</infon><infon key="name_1">surname:Grave;given-names:E</infon><infon key="name_2">surname:Bojanowski;given-names:P</infon><infon key="name_3">surname:Mikolov;given-names:T</infon><infon key="section_type">REF</infon><infon key="source">arXiv [preprint].</infon><infon key="type">ref</infon><infon key="volume">arXiv</infon><infon key="year">2016</infon><offset>21072</offset><text>Bag of tricks for efficient text classification</text></passage><passage><infon key="fpage">1045</infon><infon key="lpage">52</infon><infon key="name_0">surname:Deriu;given-names:J</infon><infon key="name_1">surname:Lucchi;given-names:A</infon><infon key="name_2">surname:De Luca;given-names:V</infon><infon key="name_3">surname:Severyn;given-names:A</infon><infon key="name_4">surname:Müller;given-names:S</infon><infon key="name_5">surname:Cieliebak;given-names:M</infon><infon key="section_type">REF</infon><infon key="source">Proceedings of the 26th International Conference on World Wide Web. International World Wide Web Conferences Steering Committee</infon><infon key="type">ref</infon><infon key="year">2017</infon><offset>21120</offset><text>Leveraging large amounts of weakly supervised data for multi-language sentiment classification</text></passage><passage><infon key="fpage">2543</infon><infon key="lpage">56</infon><infon key="name_0">surname:Kholghi;given-names:M</infon><infon key="name_1">surname:De Vine;given-names:L</infon><infon key="name_2">surname:Sitbon;given-names:L</infon><infon key="name_3">surname:Zuccon;given-names:G</infon><infon key="name_4">surname:Nguyen;given-names:A</infon><infon key="pub-id_doi">10.1002/asi.23936</infon><infon key="section_type">REF</infon><infon key="source">J Assoc Inf Sci Technol.</infon><infon key="type">ref</infon><infon key="volume">68</infon><infon key="year">2017</infon><offset>21215</offset><text>Clinical information extraction using small data: an active learning approach based on sequence representations and word embeddings</text></passage><passage><infon key="name_0">surname:Zhang;given-names:Y</infon><infon key="name_1">surname:Wallace;given-names:B</infon><infon key="section_type">REF</infon><infon key="source">Active Discriminative Word Embedding Learning.</infon><infon key="type">ref</infon><infon key="year">2016</infon><offset>21347</offset></passage><passage><infon key="fpage">8</infon><infon key="lpage">15</infon><infon key="name_0">surname:Seeman;given-names:N</infon><infon key="name_1">surname:Ing;given-names:A</infon><infon key="name_2">surname:Rizo;given-names:C</infon><infon key="pub-id_doi">10.12927/hcq.2010.21923</infon><infon key="pub-id_pmid">20959725</infon><infon key="section_type">REF</infon><infon key="source">Healthc Q.</infon><infon key="type">ref</infon><infon key="volume">13</infon><infon key="year">2010</infon><offset>21348</offset><text>Assessing and responding in real time to online anti-vaccine sentiment during a flu pandemic</text></passage><passage><infon key="fpage">446</infon><infon key="name_0">surname:Larson;given-names:HJ</infon><infon key="name_1">surname:Ghinai;given-names:I</infon><infon key="pub-id_doi">10.1038/473446a</infon><infon key="pub-id_pmid">21614056</infon><infon key="section_type">REF</infon><infon key="source">Nature.</infon><infon key="type">ref</infon><infon key="volume">473</infon><infon key="year">2011</infon><offset>21441</offset><text>Lessons from polio eradication</text></passage><passage><infon key="fpage">185</infon><infon key="lpage">204</infon><infon key="name_0">surname:Yahya;given-names:M</infon><infon key="pub-id_doi">10.1093/afraf/adm016</infon><infon key="section_type">REF</infon><infon key="source">Af Aff.</infon><infon key="type">ref</infon><infon key="volume">106</infon><infon key="year">2007</infon><offset>21472</offset><text>Polio vaccines— “no thank you!” barriers to polio eradication in Northern Nigeria</text></passage><passage><infon key="fpage">606</infon><infon key="lpage">13</infon><infon key="name_0">surname:Larson;given-names:HJ</infon><infon key="name_1">surname:Smith;given-names:DMD</infon><infon key="name_2">surname:Paterson;given-names:P</infon><infon key="name_3">surname:Cumming;given-names:M</infon><infon key="name_4">surname:Eckersberger;given-names:E</infon><infon key="name_5">surname:Freifeld;given-names:CC</infon><infon key="pub-id_doi">10.1016/S1473-3099(13)70108-7</infon><infon key="pub-id_pmid">23676442</infon><infon key="section_type">REF</infon><infon key="source">Lancet Infect Dis.</infon><infon key="type">ref</infon><infon key="volume">13</infon><infon key="year">2013</infon><offset>21560</offset><text>Measuring vaccine confidence: analysis of data obtained by a media surveillance system used to analyse public concerns about vaccines</text></passage><passage><infon key="fpage">13762</infon><infon key="lpage">7</infon><infon key="name_0">surname:Pananos;given-names:AD</infon><infon key="name_1">surname:Bury;given-names:TM</infon><infon key="name_2">surname:Wang;given-names:C</infon><infon key="name_3">surname:Schonfeld;given-names:J</infon><infon key="name_4">surname:Mohanty;given-names:SP</infon><infon key="name_5">surname:Nyhan;given-names:B</infon><infon key="pub-id_doi">10.1073/pnas.1704093114</infon><infon key="pub-id_pmid">29229821</infon><infon key="section_type">REF</infon><infon key="source">Proc Natl Acad Sci USA.</infon><infon key="type">ref</infon><infon key="volume">114</infon><infon key="year">2017</infon><offset>21694</offset><text>Critical dynamics in population vaccinating behavior</text></passage><passage><infon key="fpage">341</infon><infon key="lpage">7</infon><infon key="name_0">surname:Bahk;given-names:CY</infon><infon key="name_1">surname:Cumming;given-names:M</infon><infon key="name_2">surname:Paushter;given-names:L</infon><infon key="name_3">surname:Madoff;given-names:LC</infon><infon key="name_4">surname:Thomson;given-names:A</infon><infon key="name_5">surname:Brownstein;given-names:JS</infon><infon key="pub-id_doi">10.1377/hlthaff.2015.1092</infon><infon key="pub-id_pmid">26858390</infon><infon key="section_type">REF</infon><infon key="source">Health Aff.</infon><infon key="type">ref</infon><infon key="volume">35</infon><infon key="year">2016</infon><offset>21747</offset><text>Publicly available online tool facilitates real-time monitoring of vaccine conversations and sentiments</text></passage><passage><infon key="fpage">180904797</infon><infon key="name_0">surname:Salathé;given-names:M</infon><infon key="name_1">surname:Wiegand;given-names:T</infon><infon key="name_2">surname:Wenzel;given-names:M</infon><infon key="section_type">REF</infon><infon key="source">arXiv [preprint].</infon><infon key="type">ref</infon><infon key="volume">arXiv</infon><infon key="year">2018</infon><offset>21851</offset><text>Focus group on artificial intelligence for health</text></passage><passage><infon key="fpage">e1003581</infon><infon key="name_0">surname:McIver;given-names:DJ</infon><infon key="name_1">surname:Brownstein;given-names:JS</infon><infon key="pub-id_doi">10.1371/journal.pcbi.1003581</infon><infon key="pub-id_pmid">24743682</infon><infon key="section_type">REF</infon><infon key="source">PLoS Comput Biol.</infon><infon key="type">ref</infon><infon key="volume">10</infon><infon key="year">2014</infon><offset>21901</offset><text>Wikipedia usage estimates prevalence of influenza-like illness in the united states in near real-time</text></passage><passage><infon key="fpage">e1004513</infon><infon key="name_0">surname:Santillana;given-names:M</infon><infon key="name_1">surname:Nguyen;given-names:AT</infon><infon key="name_2">surname:Dredze;given-names:M</infon><infon key="name_3">surname:Paul;given-names:MJ</infon><infon key="name_4">surname:Nsoesie;given-names:O</infon><infon key="name_5">surname:Brownstein;given-names:JS</infon><infon key="pub-id_doi">10.1371/journal.pcbi.1004513</infon><infon key="pub-id_pmid">26513245</infon><infon key="section_type">REF</infon><infon key="source">PLoS Comput Biol.</infon><infon key="type">ref</infon><infon key="volume">11</infon><infon key="year">2015</infon><offset>22003</offset><text>Combining search, social media, and traditional data sources to improve influenza surveillance</text></passage></document></collection>
