<?xml version="1.0" encoding="UTF-8"?>
<!DOCTYPE collection SYSTEM "BioC.dtd">
<collection><source>PMC</source><date>20210104</date><key>pmc.key</key><document><id>6512834</id><infon key="license">author_manuscript</infon><passage><infon key="article-id_doi">10.4031/MTSJ.52.2.7</infon><infon key="article-id_manuscript">NISTPA1503015</infon><infon key="article-id_pmc">6512834</infon><infon key="article-id_pmid">31092957</infon><infon key="elocation-id">10.4031/MTSJ.52.2.7</infon><infon key="kwd">Hurricane Maria Hurricane Jose King Tide Hydrodynamic Modeling Internet of Things Smart City Global City Teams Challenge Replicability Citizen Science Sea Level Rise</infon><infon key="license">
          This file is available for text mining. It may also be used consistent with the principles of fair use under the copyright law.
        </infon><infon key="name_0">surname:Loftis;given-names:Derek</infon><infon key="name_1">surname:Forrest;given-names:David</infon><infon key="name_2">surname:Katragadda;given-names:Sridhar</infon><infon key="name_3">surname:Spencer;given-names:Kyle</infon><infon key="name_4">surname:Organski;given-names:Tammie</infon><infon key="name_5">surname:Nguyen;given-names:Cuong</infon><infon key="name_6">surname:Rhee;given-names:Sokwoo</infon><infon key="section_type">TITLE</infon><infon key="type">front</infon><infon key="volume">52</infon><infon key="year">2019</infon><offset>0</offset><text>StormSense: A New Integrated Network of IoT Water Level Sensors in the Smart Cities of Hampton Roads, VA</text></passage><passage><infon key="section_type">ABSTRACT</infon><infon key="type">abstract</infon><offset>105</offset><text>Propagation of cost-effective water level sensors powered through the Internet of Things (IoT) has expanded the available offerings of ingestible data streams at the disposal of modern smart cities. StormSense is an IoT-enabled inundation forecasting research initiative and an active participant in the Global City Teams Challenge seeking to enhance flood preparedness in the smart cities of Hampton Roads, VA for flooding resulting from storm surge, rain, and tides. In this study, we present the results of the new StormSense water level sensors to help establish the “regional resilience monitoring network” noted as a key recommendation from the Intergovernmental Pilot Project. To accomplish this, the Commonwealth Center for Recurrent Flooding Resiliency’s Tidewatch tidal forecast system is being used as a starting point to integrate the extant (NOAA) and new (USGS and StormSense) water level sensors throughout the region, and demonstrate replicability of the solution across the cities of Newport News, Norfolk, and Virginia Beach within Hampton Roads, VA. StormSense’s network employs a mix of ultrasonic and radar remote sensing technologies to record water levels during 2017 Hurricanes Jose and Maria. These data were used to validate the inundation predictions of a street-level hydrodynamic model (5-m resolution), while the water levels from the sensors and the model were concomitantly validated by a temporary water level sensor deployed by the USGS in the Hague, and crowd-sourced GPS maximum flooding extent observations from the Sea Level Rise app, developed in Norfolk, VA.</text></passage><passage><infon key="section_type">INTRO</infon><infon key="type">title_1</infon><offset>1712</offset><text>Introduction</text></passage><passage><infon key="section_type">INTRO</infon><infon key="type">paragraph</infon><offset>1725</offset><text>The modern smart city of today is tantamount to a complex system. Such systems are frequently subjected to innumerable non-linear influences on how to efficiently allocate their limited resources. The protocols by which these cities respond to emergency inundation conditions in the near-future could be adapted using models informed and validated by an expanded water level sensor network to advise how best to prepare for the imminent flood-related disasters of the future (Fig. 1). Analysis of the local sea level trend from the longest period record in Hampton Roads at Sewells Point in the City of Norfolk depicts a long-term linear increase in mean sea level of 4.59±0.23 mm/year since its establishment in 1928 (Fig. 2). The data from a new sea level trend study conducted at the Virginia Institute of Marine Science (VIMS) focuses on trends since the Anthropocene (1969-present) to suggest that rising sea levels will inevitably exacerbate flooding conditions from storm events in the nearer-future than initially projected by the IPCC’s fifth assessment report, leading to a linear increase in mean sea-level of 0.29 m by 2050. When considering a quadratic fit of these data, the curve suggests an elevated trend of 0.49m by 2050 (Fig. 2). Cities, counties, town governments, local institutions, and private contractors, provide myriad solutions, each of which must be evaluated in its own way. However, provision of these serviceable flooding solutions often impacts the availability of other services citizens rely upon.</text></passage><passage><infon key="section_type">INTRO</infon><infon key="type">paragraph</infon><offset>3260</offset><text>Many existing smart cities solutions are designed to have a measurable impact on specific key performance indicators relevant to their communities. Because many of today’s smart city/community development efforts are isolated and customized projects, the National Institute of Standards and Technology (NIST) launched the Global City Teams Challenge (GCTC) to encourage collaboration and the development of standards for smart cities. The GCTC’s long-term goal is to demonstrate a scalable and replicable model for incubating and deploying interoperable, adaptable, and configurable Internet of Things (IoT)/Cyber-Physical Systems technologies in smart cities/communities. This program aims to help communities benefit from working with others to improve efficiency and lower costs. NIST also created the Replicable Smart City Technology (RSCT) cooperative agreement program to provide funding to enable awardee City/Community Partners to play a lead role in the team-based GCTC effort to pursue measurement science for replicable solutions. The RSCT program was designed to support standards-based platform approaches to smart cities technologies that can provide measurable performance metrics. Together these two programs work to advance state-of-the-art of smart city standards.</text></passage><passage><infon key="section_type">INTRO</infon><infon key="type">paragraph</infon><offset>4547</offset><text>The StormSense project brings together municipal governments in Hampton Roads, Virginia, including: Newport News, the RSCT grant recipient, Norfolk, Virginia Beach, Hampton, Chesapeake, Portsmouth, Williamsburg, and York County along with the Virginia Institute of Marine Science (VIMS), to develop a regional resilience monitoring network, with the installation of 28 new publicly-broadcasting water level sensors. This was a notable recommendation from the Intergovernmental Pilot Project’s working group. StormSense is poised to develop the network as Phase 1, and develop a street-level flood forecasting and monitoring solution across the entire region for Phase 2, which begins with integration of observed water-levels into VIMS’ Tidewatch tidal forecasting system, which now operates under the Commonwealth Center for Recurrent Flooding Resiliency (CCRFR) (Fig. 1).</text></passage><passage><infon key="section_type">INTRO</infon><infon key="type">paragraph</infon><offset>5425</offset><text>Hampton Roads, VA, experiences nuisance flooding fatigue with such frequency that it is easy to forget that flooding events cost our cities, their first responders, and their residents time and money. In one neighborhood in the City of Newport News that is subjected to frequent flooding, typically many emergency responders were required to assist in evacuating the complex. However, by remotely alerting residents that the water was rising quickly on the local stream, the past two flooding events have not required any emergency responders to assist in evacuating and were subsequently able to dedicate their emergency services elsewhere. The goal of establishing a flood monitoring network can be expensive, but in the long term, the anticipated benefits of improved quality of life for a region’s citizens are monumental. The goal is to replicate this level of success throughout the cities of Hampton Roads by providing a greater density of water level sensors. As an added benefit, more publicly-available water level sensors empower property owners to take responsibility for their assumed risk of living adjacent to floodplains. This has resulted in a marked spike in the number of residents who have opted for flood insurance, with 2,231 claims totaling $25M in damage attributed to 2016 Hurricane Matthew. Many of these properties are insured through the Federal Emergency Management Agency’s (FEMA) National Flood Insurance Program (NFIP), but many properties outside of the designated floodplain do not have preferred risk policies.</text></passage><passage><infon key="section_type">INTRO</infon><infon key="type">paragraph</infon><offset>6975</offset><text>A stakeholder workshop conducted on January 19, 2016, with representatives from Hampton Roads regional emergency management, storm water engineering, and planning municipal staff, as well as academic and non-government organization partners uncovered a need for near-term, locally scaled, and ‘realistic’ scenarios to communicate risk. Emergency managers are currently limited in their communications tools and know them to be inadequate. A better understanding of the decisions people are making to adapt to flooding is needed. Differences are expected in both flood perception and behavior between urban and rural audiences. A pilot study conducted in 2015 examining information logistics for drivers on flooded roads in Norfolk found that decisions made about driving were strongly situational, based upon the importance, timing, and location of the driving plans, but that a regional approach to communication was needed and lacking. Time living in Hampton Roads was an important factor in risk perception and that information comes from local knowledge, recognized sources of information, and sometimes a haphazard mix of both. Examining these issues in Hampton Roads and these recent studies, the context of flood communication and further elucidating the currently vague appropriate flood model parameters for accurate inundation prediction using hydrodynamic models at the street-level scale in a broader context is needed. This leads to the following flood research questions:</text></passage><passage><infon key="section_type">INTRO</infon><infon key="type">paragraph</infon><offset>8465</offset><text>How should bottom friction be appropriately parameterized for high-resolution street-level subgrid inundation models?</text></passage><passage><infon key="section_type">INTRO</infon><infon key="type">paragraph</infon><offset>8583</offset><text>How should percolation/infiltration of rainwater through different density surfaces present in urban and rural environments be accurately accounted for in a high-resolution sub-grid model?</text></passage><passage><infon key="section_type">INTRO</infon><infon key="type">paragraph</infon><offset>8772</offset><text>How should model results be disseminated to enhance flood preparedness, and what communication methods and messages influence flood risk decision-making and behaviors (including information-seeking and adaptive response)?</text></passage><passage><infon key="section_type">INTRO</infon><infon key="type">paragraph</infon><offset>8994</offset><text>To attempt to address these questions, examples from a recent installment of 10 water level sensors by the United States Geological Survey (USGS) in the City of Virginia Beach, along with 5 new street inundation sensors and 1 tide gauge in Norfolk, and 7 new water level sensors in Newport News through StormSense will be compared during Hurricanes Jose and Maria in Hampton Roads in September 2017.</text></passage><passage><infon key="section_type">INTRO</infon><infon key="type">title_1</infon><offset>9394</offset><text>Study Area and Model Inputs</text></passage><passage><infon key="section_type">INTRO</infon><infon key="type">paragraph</infon><offset>9422</offset><text>Hampton Roads, VA, is the second-largest population center at risk from sea level rise in the United States. The region has more than 400,000 properties that are exposed to flood or storm surge inundation. The region has a population of over 1.7 million people, living and traveling on roads exposed to both severe and increasing frequent chronic “nuisance” flooding. Existing flood communication and messaging systems have not yet responded to the changing risk patterns brought by sea level rise and have not been able to meet the diverse needs of a growing populous in an expanding floodplain. A better understanding of flood risk perception, information seeking behavior and decisionmaking can inform the development of new communications tools and flood risk messaging. This is the percieved intersect between new IoT-technologies and emerging flood model validation methods. For each storm event, water levels driven via 36-hour Tidewatch forecasts provided by VIMS at Sewells Point were used to drive surge and tides, alongside wind and pressure inputs used to drive the model atmospherically, similar to. VIMS employs a street-level hydrodynamic model, which incorporates a non-linear solver and variable sub-grid resolutions, capable of being embedded with lidar-derived topography to scale resolution for inundation where it is needed down to 5 m or even 1 m resolution in known areas where flooding frequency is high. The model has been used to simulate every major storm event in Hampton Roads that has occurred in the last 20 years, and has been used in many other places along the U.S. East and Gulf Coasts as well. For more information on the model, please refer to these cited studies.</text></passage><passage><infon key="section_type">INTRO</infon><infon key="type">title_2</infon><offset>11128</offset><text>Groundwater Inputs</text></passage><passage><infon key="section_type">INTRO</infon><infon key="type">paragraph</infon><offset>11147</offset><text>Recent advancements in hydrodynamic computation have enabled models to predict the mass and movement of flood waters to predict water velocities at increasingly finer scales. However, the current version of the sub-grid inundation model VIMS has developed does not fully incorporate a comprehensive groundwater model that slowly returns flood waters that infiltrate through the soil back to the nearest river. This is a valuable aspect of flooding relevant for city planning perspectives using sub-grid hydrodynamic modeling that has been successfully developed and employed throughout the Netherlands, Germany, and Italy. There is an array of groundwater wells that exist in the Hampton Roads Region, bored and monitored by the USGS. These temporally-varying values for hydraulic conductivity could provide some valuable input information for the hydrodynamic model via Richard’s equation. However, this does not currently account for the standard practice of near-surface groundwater displacement via pumping prior to anticipated flooding events conducted by cities with residents in the floodplains where a high water table regularly exacerbates even minor rainfall events. Nevertheless, values observed near these sites prior to forecast simulations were used as the model’s initial condition to estimate infiltration through pervious surfaces, to counterbalance precipitation inputs, similar to.</text></passage><passage><infon key="section_type">INTRO</infon><infon key="type">paragraph</infon><offset>12552</offset><text>In forecast approaches, groundwater influence is usually neglected, since typically storm surge is a short-term event, and groundwater recharge is more of a delayed and long-term process, however, it is becoming increasingly important to also consider in forecasting longer-term extratropical flooding events such as nor’easters where flooding and high winds can persist for 5 or more tidal cycles. VIMS has been incorporating different forms of percolation of flood waters through different types of ground cover ranging from vegetated to impervious within the sub-grid model in recent years. It is worth noting that there are potential applications for storm water systems that could be manually added to the existing sub-grid model version to account for surge flooding backups through storm water drainage without sufficient backflow prevention.</text></passage><passage><infon key="section_type">INTRO</infon><infon key="type">title_2</infon><offset>13404</offset><text>Precipitation Inputs</text></passage><passage><infon key="section_type">INTRO</infon><infon key="type">paragraph</infon><offset>13425</offset><text>The inundation model could be used to guide decisions related to storm water management by using existing sensor-derived precipitation data in several cities. This could be expanded to include data observations from rain gauges that are currently operating on sewer and storm water pump stations in the localities, and from the Hampton Roads Sanitation District (HRSD), which combined currently amounts to ~130 sensors. With an iteratively interpolated series of precipitation measurements, further research could also be conducted with these sensors and the new water level sensors to model the impacts of localized microburst precipitation events, like those experienced during 2016 Hurricane Matthew, or most recently on August 29, 2017, in some neighborhoods in southside Hampton Roads. This could aid researchers to help model ways that the city’s systems could potentially be augmented for greater resilience to precipitation-induced flooding threats in the future. In the simulations presented herein, model results are calculated with temporally-varying precipitation inputs from the currently-private rain gauge data provided by HRSD.</text></passage><passage><infon key="section_type">INTRO</infon><infon key="type">title_1</infon><offset>14571</offset><text>Water Level Sensors</text></passage><passage><infon key="section_type">INTRO</infon><infon key="type">paragraph</infon><offset>14591</offset><text>StormSense has recently deployed 28 IoT-bridge-mounted ultrasonic and microwave radar water level sensors in Newport News, Virginia Beach, and Norfolk, as outlined on the StormSense project’s website at: http://www.stormsense.com. These sensors will complement the previously installed array of 6 gauges operated by NOAA, 19 relatively new gauges recently installed in 20152016 via Hurricane Sandy relief funds operated by the USGS, and 1 gauge operated by VIMS in Hampton Roads. While the extant remote sensors in the region are largely radar sensors transmitting data through satellite signals, the new StormSense IoT-sensors enlist the use of ultrasonic sensors and transmit data via cellular transmission protocols or Long Range (LoRa) Wireless Area Networks (WAN), with the focus of creating a replicable cost-effective network of sensors. Some realized utilities for a dense network of water level sensors are noted as follows:</text></passage><passage><infon key="section_type">INTRO</infon><infon key="type">paragraph</infon><offset>15527</offset><text>Archiving of water level observations for flood reporting</text></passage><passage><infon key="section_type">INTRO</infon><infon key="type">paragraph</infon><offset>15585</offset><text>Automated targeted advance flood alert messaging</text></passage><passage><infon key="section_type">INTRO</infon><infon key="type">paragraph</infon><offset>15634</offset><text>Validation/inputs for hydrodynamic flood models</text></passage><passage><infon key="section_type">INTRO</infon><infon key="type">title_2</infon><offset>15682</offset><text>Sensor Types and Applications</text></passage><passage><infon key="section_type">INTRO</infon><infon key="type">paragraph</infon><offset>15712</offset><text>A collaboration between VIMS and the partner cities of: Newport News, Hampton, Norfolk, Virginia Beach, Portsmouth, Chesapeake, Williamsburg, and York County, in Hampton Roads, VA, will provide a prototype for strengthening emergency response times by providing spatial flood extent predictions in interactive map form at 5 m resolution. The plan for integrating the inundation model into a more permanent warning system involves planned connection with the new sensors to the cities’ current Everbridge notification systems for alert messaging when the sensor observes flooding at user-specified elevations, and integration with model predictions for timely forecasted tidal inundation alerts through Tidewatch once the sensors are tidally-calibrated. Fig. 3 shows an internal look at some sensors in Newport News, VA. The city employed a mix of 2 radar sensors (Fig. 3A) and 6 ultrasonic sonar sensors (Fig. 3B) from Valarm, a California-based sensor vendor with a cloud-based virtual alarm messaging platform. The Valarm Tools cloud platform will use the newly-installed sensors to provide subscriber-based alerts (Fig. 3C) based upon water level observations (and eventually tidal forecast predictions once incorporated into Tidewatch), to provide a unique flood-preparedness service to their citizens and potentially bolster the flood warning portion of their FEMA NFIP application to participate in the Community Rating System (CRS). This is important, as each higher participation level the city achieves in the hierarchical CRS program is commensurate with an additional 5% decrease in flood insurance premiums for the citizen homeowners in participating communities.</text></passage><passage><infon key="section_type">INTRO</infon><infon key="type">paragraph</infon><offset>17390</offset><text>This approach demonstrates the benefits of replicating shared smart city solutions across multiple cities and communities that are facing similar flood challenges and it aligns with the goals of GCTC and RSCT programs. For a different innovative example, Fig. 4A shows a map of Norfolk’s LoRaWAN ultrasonic sensor network established in The Hague, in August 2017. The sensor network is currently comprised of one tide monitoring sensor mounted over The Hague walking bridge near where the USGS mounts their temporary rapid deployment gauge, and five inundation sensors, strategically positioned over frequently flooded streets (Fig. 4B). The LoRaWAN sensors were purchased through a Norfolk-based vendor, GreenStream, Inc., and use long range WiFi instead of cellular data transmissions, and like the Newport News sensors. They are currently publicly reporting water level observations in Tidewatch, as depicted in Fig. 4C. Public Application Programming Interface (API) URLs are available at: http://www.vims.edu/people/loftis_jd/HRVASensorAssets/index.php.</text></passage><passage><infon key="section_type">INTRO</infon><infon key="type">paragraph</infon><offset>18451</offset><text>It is the hope that the recent installation of water level sensors provided by the efforts of the USGS can be used as an opportunity to demonstrate some of the benefits of added water level sensors using these ultrasonic sensors will be evaluated as reputable and replicable monitoring methods after a longer-term study. In pursuit of this, Fig. 5 shows three examples of temporary StormSense ultrasonic sensors deployed on the same bridges as the USGS’ radar sensors over tidal rivers and creeks throughout the City of Virginia Beach. A later paper will evaluate the differences between these sensor accuracies and types, fault tolerance in data transmissions, and solar power management schemes. An initial comparison with a temporary Rapid Deployment Gauge (RDG) established by the USGS allowed for a favorable short-term data comparison with Norfolk’s LoRaWAN sensor collocated there during a nine-day overlap period during Hurricane Maria in Fig. 6.</text></passage><passage><infon key="section_type">INTRO</infon><infon key="type">title_2</infon><offset>19410</offset><text>Sensor Configurations, Accuracies, and Costs</text></passage><passage><infon key="section_type">INTRO</infon><infon key="type">paragraph</infon><offset>19455</offset><text>After an evaluation period of 6–9 months, these sensors will be relocated to unique monitoring locations in Virginia Beach. A small number of white papers and vendor brochures evaluate the accuracies of the ultrasonic and radar sensors in laboratories or for the application of level monitoring of water treatment reservoirs or chemical vats. However, these are not comparable to tidal water bodies or areas with significant wave action, such as during the extratropical storm surge events presented in this study during Hurricanes Jose and Maria.</text></passage><passage><infon key="section_type">INTRO</infon><infon key="type">paragraph</infon><offset>20005</offset><text>A cursory comparison from the initial deployments of the sensors in Summer 2017 revealed that the ultrasonic sonar units are from Valarm are accurate in the lab to a Root Mean Squared Error (RMSE) of ±5 mm, and accurate in the field to an average of ±18 mm, while the two radar sensors in Newport News are accurate in the lab to ±1 mm and accurate as deployed in the field to ±9 mm. The cost to purchase a solar-powered cellular transmission station was approximately $3000/each for the ultrasonic sensors, and $4400/each to purchase the radar units. The street inundation sensors employed in Norfolk through the vendor, Green Stream, are accurate in the lab to approximately ±15 mm, and accurate in the field ±45 mm, and sensors were purchased for $400/each, plus the cost of the LoRa transmission gateway, which has an effective transmission range of approximately one mile, less the distances occluded by high-rises and buildings.</text></passage><passage><infon key="section_type">INTRO</infon><infon key="type">title_2</infon><offset>20945</offset><text>Water Level Sensor Data Comparisons</text></passage><passage><infon key="section_type">INTRO</infon><infon key="type">paragraph</infon><offset>20981</offset><text>A comparison of the five new street inundation sensors and one water level sensor in Norfolk, and eight new water level sensors in Newport News were used to temporally and vertically validate a street-level hydrodynamic model’s predictions during the offshore passage of Hurricanes Jose and Maria, which detected increased water levels in Hampton Roads by 76.2 cm. (2.5 ft.) and 60.9 cm.(2 ft.), respectively. These six gauges resulted in an aggregate vertical RMSE of ±8.93 cm. over a 72-hour Hurricane Jose model forecast simulation. The time series plots shown in Fig. 7A-E compared well with the maximum period of spatial inundation extents predicted by the model at 19:00 UTC on 9/19/2017 in Fig. 7F. The labeled location for each of the sensors in The Hague in Fig. 7F also shows the surface elevations of city-maintained light poles in ft. above NAVD88, which accounts for relative depths of flood waters and puddles detected by the sensors and the model. Interestingly enough, the sensor in Fig. 7E detects latent ponding of water on the outskirts of the intersection for several hours after the nearby over-water sensor at the walking bridge in The Hague shows the tidal-driven surge subsiding after the peak of several tidal cycles. This is likely a result of storm water drainage backup in the storm drains nearest to the sensor.</text></passage><passage><infon key="section_type">INTRO</infon><infon key="type">paragraph</infon><offset>22325</offset><text>The seven gauges present during Hurricane Maria (including the USGS rapid deployment gauge installed from 9/21–9/29/2017) yielded a more favorable aggregate RMSE of ±6.28 cm when compared with the model. Both storms produced minimal surge-related coastal flooding, yet inundation impacts were equally profound in some tidal-connected inland areas, making the comparison with Norfolk’s new street inundation sensors interesting to observe and practical for verification of inland inundation extents and depths. Fig. 6A shows how the USGS RDG measurements temporarily co-located (similarly to Fig. 5) at the same site during Maria’s passage were used to apply a vertical adjustment of +4.5 cm. (0.15 ft.), based upon the Mean Absolute Error (MAE) as an offset, to improve the Root Mean Squared Error (RMSE) metric for this event, and likely many events in the future. This change resulted in an improvement in sensor estimated RMSE from 6.08 to 0.71 cm., a difference of 5.37 cm. (0.17 ft.).</text></passage><passage><infon key="section_type">INTRO</infon><infon key="type">title_1</infon><offset>23322</offset><text>Crowdsourced GPS Flood Extents during Hurricane Jose</text></passage><passage><infon key="section_type">INTRO</infon><infon key="type">paragraph</infon><offset>23375</offset><text>Hurricane Jose had a more significant storm surge measured by water level sensors in Hampton Roads and less rain, while the opposite was true for Hurricane Maria. The relatively new citizen science ‘Sea Level Rise’ mobile app provided 393 points of geospatial data for use with validating predicted flood extents in the Larchmont Neighborhood of Norfolk during Hurricane Jose (Fig. 8) with a favorable Mean Horizontal Distance Difference (MHDD) of ±3.36 m. This indicates that the modeled maximum flooding extents calculated by the streetlevel hydrodynamic model in the flood-prone Larchmont neighborhood of Norfolk compared reasonably well with these observations during the event, and the average depth of inundation in this area reported by the model (and the underlying digital elevation model’s contour) was 24.4 cm.(0.8 ft.).</text></passage><passage><infon key="section_type">INTRO</infon><infon key="type">paragraph</infon><offset>24214</offset><text>The street-level model’s Lidar-derived DEM, embedded in the model’s sub-grid, was recently scaled to 1 m resolution in the Larchmont, Chesterfield Heights, and The Hague neighborhoods in Norfolk as part of an ongoing NASA Mid-Atlantic Resiliency Demonstration Study. Larchmont is positioned on a peninsula bounded by the Elizabeth River to the west and the Lafayette River to the north and east, and the area frequently experiences tidal ‘nuisance’ flooding. By measuring the horizontal distances from the GPS-reported points of maximum flooding extents from the ‘Sea Level Rise’ App, to the edge of the model predicted maximum flooding extent contour line, an assessment of geospatial accuracy may be reached with minimal processing effort using the standard distance formula. An inherent caveat of this geospatial MHDD approach is that it is only a relevant metric in areas with minimal surficial slope, like those that characterize Hampton Roads, VA. In areas with steeper slopes immediately adjacent to the shoreline, model over-prediction of several inches or even feet in the vertical may only manifest in minuscule increments of change on the horizontal scale.</text></passage><passage><infon key="section_type">DISCUSS</infon><infon key="type">title_1</infon><offset>25394</offset><text>Discussion</text></passage><passage><infon key="section_type">DISCUSS</infon><infon key="type">paragraph</infon><offset>25405</offset><text>The hydrodynamic model in Hampton Roads, VA, was effectively validated using 5 street inundation sensors and 2 water level sensors during the passage of Hurricanes Jose and Maria in September 2017. An aggregate of the results in Newport News during Hurricane Jose yielded a RMSE of ±6.2 cm. as a primary time-honored model validation method that has been embraced by the hydrodynamic modeling community as a staple for determining the uncertainty of their predictions. The USGS provided a valuable service in the form of surveying and installing a temporary rapid deployment gauge during Hurricane Maria that provided an additional form of data validation not present during Hurricane Jose the previous week. The data from this sensor, positioned on the same walking bridge in The Hague, compared quite well between the new ultrasonic sonar sensor and this temporary radar gauge, with an R2=0.9235, a MAE=4.57 cm., and an RMSE=6.08 cm. It was noted that an offset using the sensor’s MAE during Jose could be applied as a minor vertical adjustment of +4.5 cm. (0.15 ft.) to improve the statistical comparison during Jose to R2=0.9979, a MAE=0.01 cm., and RMSE=0.71 cm., along with likely improving future observations at the site, as suggested in the examples from Fig. 4. This minimal, yet consistent, bias of +4.5 cm. (1.8 in.) is likely due to minor measurement error or differences in vertical datum measurements at this specific site relative to the bottom of the sensor’s emitter to NAVD88, as its application to the other sites in Norfolk made inconsistent changes in results.</text></passage><passage><infon key="section_type">DISCUSS</infon><infon key="type">paragraph</infon><offset>26993</offset><text>Typically, the USGS collects valuable high water marks after major flood events. However, as none of these events were truly catastrophic flood events in Hampton Roads, VA, relative to if they had made landfall, high water marks in the form of GPS maximum flood extent points from the citizen science App, ‘Sea Level Rise’ were compared with the model instead as a secondary form of model validation. Results from 393 data points at one site in the western peninsula side of the Larchmont neighborhood in Norfolk during Jose yielded a favorable MHDD of ±3.36 m. This characterized the relative error as equivalent to approximately 2/3 of a single 5×5 m sub-grid cell pixel, from the model’s perspective.</text></passage><passage><infon key="section_type">CONCL</infon><infon key="type">title_1</infon><offset>27705</offset><text>Conclusions</text></passage><passage><infon key="section_type">CONCL</infon><infon key="type">paragraph</infon><offset>27717</offset><text>In the future, smart city systems could evaluate tenable candidate blueprint solutions for floodrelated problems, whether they be attributed to storm surge, heavy rainfall, and tides, as was the case during the offshore passage of Hurricanes Jose and Maria, using a decision matrix. This could help key decision-makers make informed decisions regarding how flood-related solutions could be best addressed with the new StormSense water level sensor network being integrated into Tidewatch to creating a resilience monitoring network throughout Hampton Roads, VA, to directly address a key recommendation from the Intergovernmental Pilot Project. Ways the new sensors could be used to drive a street-level inundation model and be parameterized for specific flooding scenarios are noted in italics below:</text></passage><passage><infon key="section_type">CONCL</infon><infon key="type">paragraph</infon><offset>28519</offset><text>Combinations of gray and green infrastructure opportunities can be tested by changes to spatially-varying soil infiltration values in areas where modified green infrastructure lie</text></passage><passage><infon key="section_type">CONCL</infon><infon key="type">paragraph</infon><offset>28699</offset><text>Increase in storm water “holding” management systems can be modeled by Digital Elevation Model modification and adding sources/sinks for new holding reservoirs/ponds</text></passage><passage><infon key="section_type">CONCL</infon><infon key="type">paragraph</infon><offset>28869</offset><text>Reduction of impervious surfaces can be addressed by changes to spatially-varying soil infiltration values</text></passage><passage><infon key="section_type">CONCL</infon><infon key="type">paragraph</infon><offset>28976</offset><text>Land use changes can be addressed by the model grid mesh modification to remove/add buildings/infrastructure AND changes to spatially-varying soil infiltration values</text></passage><passage><infon key="section_type">CONCL</infon><infon key="type">paragraph</infon><offset>29143</offset><text>In cases of heavy rainfall, the street-level sub-grid hydrodynamic modeling approach also performs the function of a hydrologic transport model to predict flow accumulation and aid in identification of areas that are most susceptible to flooding. This is useful for resilient building practices, as the model could also identify potential areas where development of green infrastructure could commence, with the understanding that a sub-grid model represents infrastructural features and many city lifelines better than most conventional hydrodynamic models.</text></passage><passage><infon key="section_type">REF</infon><infon key="type">title</infon><offset>29702</offset><text>Literature Cited</text></passage><passage><infon key="comment">https://wm1693.box.com/s/rovz13ki2ciperz3y2pmlo90b191kwjg.</infon><infon key="name_0">surname:Alley;given-names:RB</infon><infon key="section_type">REF</infon><infon key="source">Personal Correspondence</infon><infon key="type">ref</infon><infon key="year">2017</infon><offset>29719</offset><text>Letter regarding flooding on Newmarket Creek and City Line Apartments from City of Newport News Fire Chief</text></passage><passage><infon key="comment">https://pages.nist.gov/GCTC/uploads/blueprints/20170824-PSSC_Blueprint_20170823_FINAL.pdf.</infon><infon key="name_0">surname:Bannan;given-names:B</infon><infon key="name_1">surname:Burbridge;given-names:J</infon><infon key="name_10">surname:Namuduri;given-names:K</infon><infon key="name_11">surname:Osborn;given-names:C</infon><infon key="name_12">surname:Phool;given-names:TS</infon><infon key="name_13">surname:Purohit;given-names:H</infon><infon key="name_14">surname:Thomas;given-names:G</infon><infon key="name_2">surname:Dunaway;given-names:M</infon><infon key="name_3">surname:Skidmore;given-names:D</infon><infon key="name_4">surname:Brooks;given-names:D</infon><infon key="name_5">surname:Crane;given-names:T</infon><infon key="name_6">surname:DiBiase;given-names:R</infon><infon key="name_7">surname:Dubrow;given-names:S</infon><infon key="name_8">surname:Hopingardner;given-names:P</infon><infon key="name_9">surname:Icenhour;given-names:T</infon><infon key="section_type">REF</infon><infon key="source">Blueprint for Smart Public Safety in Connected Communities: An Initiative of the Global City Teams Challenge</infon><infon key="type">ref</infon><infon key="year">2017</infon><offset>29826</offset></passage><passage><infon key="comment">https://wm1693.box.com/s/q798567z8jw6z67swigsrfpgkb7tag1n</infon><infon key="name_0">surname:Boon;given-names:JD</infon><infon key="name_1">surname:Mitchell;given-names:M</infon><infon key="name_2">surname:Loftis;given-names:JD</infon><infon key="name_3">surname:Malmquist;given-names:DM</infon><infon key="section_type">REF</infon><infon key="source">VIMS Special Report in Applied Marine Science and Ocean Engineering</infon><infon key="type">ref</infon><infon key="year">2018</infon><offset>29827</offset><text>Anthropocene Sea Level Change:A History of Recent Trends Observed in the U.S. East, Gulf and West Coast Regions</text></passage><passage><infon key="fpage">199</infon><infon key="issue">4</infon><infon key="lpage">214</infon><infon key="name_0">surname:Casulli;given-names:V</infon><infon key="section_type">REF</infon><infon key="source">International Journal for Numerical Methods in Fluids</infon><infon key="type">ref</infon><infon key="volume">79</infon><infon key="year">2015</infon><offset>29939</offset><text>A conservative semi-implicit method for coupled surface-subsurface flows in regional scale</text></passage><passage><infon key="fpage">1</infon><infon key="lpage">20</infon><infon key="section_type">REF</infon><infon key="source">CoreLogic storm surge report</infon><infon key="type">ref</infon><infon key="year">2015</infon><offset>30030</offset></passage><passage><infon key="comment">.</infon><infon key="fpage">362</infon><infon key="issue">8</infon><infon key="lpage">382</infon><infon key="name_0">surname:Ezer;given-names:T</infon><infon key="name_1">surname:Atkinson;given-names:LP</infon><infon key="pub-id_doi">10.1002/2014EF000252</infon><infon key="section_type">REF</infon><infon key="source">Earth’s Future</infon><infon key="type">ref</infon><infon key="volume">2</infon><infon key="year">2014</infon><offset>30031</offset><text>Accelerated flooding along the US East Coast: on the impact of sea-level rise, tides, storms, the Gulf Stream, and the North Atlantic oscillations</text></passage><passage><infon key="comment">.</infon><infon key="fpage">751</infon><infon key="issue">6</infon><infon key="lpage">766</infon><infon key="name_0">surname:Ezer;given-names:T</infon><infon key="name_1">surname:Atkinson;given-names:LP</infon><infon key="pub-id_doi">10.1007/s10236-017-1057-0</infon><infon key="section_type">REF</infon><infon key="source">Ocean Dyn</infon><infon key="type">ref</infon><infon key="volume">67</infon><infon key="year">2017</infon><offset>30178</offset><text>On the predictability of high water level along the U.S. East Coast: can the Florida Current measurement be an indicator for flooding caused by remote forcing?</text></passage><passage><infon key="comment">December 5, 2016. http://www.vaemergency.gov/national-flood-insurance-program-coverage-isnt-homeowner-379insurance-fema-assistance/</infon><infon key="fpage">378</infon><infon key="section_type">REF</infon><infon key="source">National Flood Insurance Program coverage isn’t the same as homeowner insurance 377 or FEMA assistance</infon><infon key="type">ref</infon><infon key="year">2016</infon><offset>30338</offset></passage><passage><infon key="section_type">REF</infon><infon key="source">Flooding Mitigation Stakeholder Workshop</infon><infon key="type">ref</infon><infon key="year">2016</infon><offset>30339</offset></passage><passage><infon key="comment">August 29 http://articles.dailypress.com/2012-08-29/news/dp-nws-city-line-apts20120829_1_city-line-apartments-apartment-investment-and-management-government-ditch.</infon><infon key="name_0">surname:Lawlor;given-names:J</infon><infon key="section_type">REF</infon><infon key="source">City Line Apartments: flood prone and no solutions in sight</infon><infon key="type">ref</infon><infon key="year">2012</infon><offset>30340</offset></passage><passage><infon key="comment">NASA Technical Report, NASA/TM-2013–218046.</infon><infon key="name_0">surname:Loftis;given-names:JD</infon><infon key="name_1">surname:Wang;given-names:HV</infon><infon key="name_2">surname:DeYoung;given-names:RJ</infon><infon key="section_type">REF</infon><infon key="source">Storm Surge and Inundation Modeling in the Back River Watershed for NASA Langley Research Center</infon><infon key="type">ref</infon><infon key="year">2013</infon><offset>30341</offset></passage><passage><infon key="fpage">218</infon><infon key="name_0">surname:Loftis;given-names:JD</infon><infon key="section_type">REF</infon><infon key="source">Ph.D. Dissertation</infon><infon key="type">ref</infon><infon key="year">2014</infon><offset>30342</offset></passage><passage><infon key="fpage">134</infon><infon key="lpage">148</infon><infon key="name_0">surname:Loftis;given-names:JD</infon><infon key="name_1">surname:Wang;given-names:HV</infon><infon key="name_2">surname:DeYoung;given-names:RJ</infon><infon key="name_3">surname:Ball;given-names:WB</infon><infon key="section_type">REF</infon><infon key="source">Journal of Coastal Research, Special Issue</infon><infon key="type">ref</infon><infon key="volume">76</infon><infon key="year">2016</infon><offset>30343</offset><text>Using Lidar Elevation Data to Develop a Topobathymetric Digital Elevation Model for Sub-Grid Inundation Modeling at Langley Research Center</text></passage><passage><infon key="comment">.</infon><infon key="name_0">surname:Loftis;given-names:JD</infon><infon key="name_1">surname:Wang;given-names:HV</infon><infon key="name_2">surname:Forrest;given-names:DR</infon><infon key="pub-id_doi">10.21220/V5XW2G</infon><infon key="section_type">REF</infon><infon key="source">Street-Level Inundation Modeling of Hurricanes Matthew and Hermine and Emerging Flood Monitoring Methods in Hampton Roads</infon><infon key="type">ref</infon><infon key="year">2016</infon><offset>30483</offset></passage><passage><infon key="comment">.</infon><infon key="name_0">surname:Loftis;given-names:JD</infon><infon key="name_1">surname:Wang;given-names:HV</infon><infon key="name_2">surname:Forrest;given-names:DR</infon><infon key="pub-id_doi">10.21220/V5MB1S</infon><infon key="section_type">REF</infon><infon key="source">on Nov. 5th: How You Can Help Crowd-Source Tidal Flood Event Calibrations for Hampton Roads’ Newest Water Level Sensors</infon><infon key="type">ref</infon><infon key="year">2017</infon><offset>30484</offset></passage><passage><infon key="name_0">surname:Loftis;given-names:JD</infon><infon key="name_1">surname:Wang;given-names:HV</infon><infon key="name_2">surname:Hamilton;given-names:SE</infon><infon key="name_3">surname:Forrest;given-names:DR</infon><infon key="section_type">REF</infon><infon key="source">Computers, Environment, and Urban Systems (In Review)</infon><infon key="type">ref</infon><infon key="year">2018</infon><offset>30485</offset><text>Combination of Lidar Elevations,Bathymetric Data, and Urban Infrastructure in a Sub-Grid Model for Predicting Inundation in New York City during Hurricane Sandy</text></passage><passage><infon key="comment">http://ccrm.vims.edu/recurrent_flooding/Recurrent_Flooding_Study_web.pdf.</infon><infon key="fpage">135</infon><infon key="lpage">150</infon><infon key="name_0">surname:Mitchell;given-names:M</infon><infon key="name_1">surname:Hershner;given-names:C</infon><infon key="name_2">surname:Herman;given-names:J</infon><infon key="name_3">surname:Schatt;given-names:J</infon><infon key="name_4">surname:Mason;given-names:P</infon><infon key="name_5">surname:Eggington;given-names:E</infon><infon key="name_6">surname:Stiles;given-names:WS</infon><infon key="section_type">REF</infon><infon key="source">Recurrent Flooding Study for Tidewater Virginia, Report submitted to the Virginia General Assembly</infon><infon key="type">ref</infon><infon key="year">2013</infon><offset>30646</offset></passage><passage><infon key="comment">https://tidesandcurrents.noaa.gov/sltrends/sltrends_station.shtml?stnid=8638610.</infon><infon key="section_type">REF</infon><infon key="source">Tides and Currents: Sewells Point Sea level Trends</infon><infon key="type">ref</infon><infon key="year">2017</infon><offset>30647</offset></passage><passage><infon key="comment">https://www.nist.gov/document-360.</infon><infon key="section_type">REF</infon><infon key="source">Federal Funding Opportuninty Announcement: RSCT Cooperative Agreement Program</infon><infon key="type">ref</infon><infon key="year">2016</infon><offset>30648</offset></passage><passage><infon key="fpage">1</infon><infon key="name_0">surname:Rhee;given-names:S</infon><infon key="section_type">REF</infon><infon key="source">Catalyzing the Internet of Things and Smart Cities: Global City Teams Challenge</infon><infon key="type">ref</infon><infon key="year">2016</infon><offset>30649</offset></passage><passage><infon key="comment">http://digitalcommons.odu.edu/hripp_reports/2/.</infon><infon key="name_0">surname:Steinhilber;given-names:EE</infon><infon key="name_1">surname:Boswell;given-names:M</infon><infon key="name_2">surname:Considine;given-names:C</infon><infon key="name_3">surname:Mast;given-names:L</infon><infon key="section_type">REF</infon><infon key="source">Phase 2 Report:Recommendations, Accomplishments and Lessons</infon><infon key="type">ref</infon><infon key="year">2016</infon><offset>30650</offset><text>Hampton Roads Sea Level Rise Preparedness and Resilience Intergovernmental Pilot Project</text></passage><passage><infon key="comment">http://www.dailypress.com/news/newport-news/dp-nws-fema-cityline-20161112-story.html.</infon><infon key="name_0">surname:Smith;given-names:H</infon><infon key="section_type">REF</infon><infon key="type">ref</infon><infon key="year">2016</infon><offset>30739</offset></passage><passage><infon key="fpage">53</infon><infon key="name_0">surname:Sweet;given-names:WV</infon><infon key="name_1">surname:Park;given-names:J</infon><infon key="name_2">surname:Marra;given-names:JJ</infon><infon key="name_3">surname:Zervas;given-names:C</infon><infon key="name_4">surname:Gill;given-names:S</infon><infon key="section_type">REF</infon><infon key="source">NOAA Technical Report NOS COOPS</infon><infon key="type">ref</infon><infon key="volume">73</infon><infon key="year">2014</infon><offset>30740</offset><text>Sea level rise and nuisance flood frequency changes around the United States</text></passage><passage><infon key="comment">https://groundwaterwatch.usgs.gov/StateMap.asp?sa=VA&amp;sc=51</infon><infon key="section_type">REF</infon><infon key="source">Tidewater Virginia</infon><infon key="type">ref</infon><infon key="year">2017</infon><offset>30817</offset></passage><passage><infon key="comment">https://law.wm.edu/news/stories/2016/documents/Summary%20Costs%20of%20Doing%20Nothing%20and%20Final%20Hampton%20Roads%20SLR%20Report.pdf</infon><infon key="name_0">surname:VanHoutven;given-names:G</infon><infon key="name_1">surname:Depro;given-names:B</infon><infon key="name_2">surname:Lapidus;given-names:D</infon><infon key="name_3">surname:Allpress;given-names:J</infon><infon key="name_4">surname:Lord;given-names:B</infon><infon key="section_type">REF</infon><infon key="source">Costs of Doing Nothing: Economic Consequences of Not Adapting to Sea Level Rise in the Hampton Roads Region</infon><infon key="type">ref</infon><infon key="year">2016</infon><offset>30818</offset></passage><passage><infon key="comment">.</infon><infon key="name_0">surname:Wahl;given-names:T</infon><infon key="name_1">surname:Jain;given-names:S</infon><infon key="name_2">surname:Bender;given-names:J</infon><infon key="name_3">surname:Meyers;given-names:SD</infon><infon key="name_4">surname:Luther;given-names:ME</infon><infon key="pub-id_doi">10.1038/nclimate2736</infon><infon key="section_type">REF</infon><infon key="source">Nat. Clim. Change</infon><infon key="type">ref</infon><infon key="year">2015</infon><offset>30819</offset><text>Increasing risk of compound flooding from storm surge and rainfall for major US cities</text></passage><passage><infon key="fpage">226</infon><infon key="issue">1</infon><infon key="lpage">246</infon><infon key="name_0">surname:Wang;given-names:H</infon><infon key="name_1">surname:Loftis;given-names:JD</infon><infon key="name_2">surname:Liu;given-names:Z</infon><infon key="name_3">surname:Forrest;given-names:D</infon><infon key="name_4">surname:Zhang;given-names:J</infon><infon key="section_type">REF</infon><infon key="source">Journal of Marine Science and Engineering</infon><infon key="type">ref</infon><infon key="volume">2</infon><infon key="year">2014</infon><offset>30906</offset><text>Storm Surge and Sub-Grid Inundation Modeling in New York City during Hurricane Sandy</text></passage><passage><infon key="fpage">607</infon><infon key="issue">3</infon><infon key="lpage">629</infon><infon key="name_0">surname:Wang;given-names:H</infon><infon key="name_1">surname:Loftis;given-names:JD</infon><infon key="name_2">surname:Forrest;given-names:D</infon><infon key="name_3">surname:Smith;given-names:W</infon><infon key="name_4">surname:Stamey;given-names:B</infon><infon key="section_type">REF</infon><infon key="source">Journal of Marine Science and Engineering</infon><infon key="type">ref</infon><infon key="volume">3</infon><infon key="year">2015</infon><offset>30991</offset><text>Modeling Storm Surge and inundation in Washington, D.C., during Hurricane Isabel and the 1936 Potomac River Great Flood</text></passage><passage><infon key="name_0">surname:Yusuf;given-names:J-E</infon><infon key="name_1">surname:Considine;given-names:C</infon><infon key="name_2">surname:Covi;given-names:M</infon><infon key="name_3">surname:Council;given-names:D</infon><infon key="name_4">surname:Loftis;given-names:JD</infon><infon key="section_type">REF</infon><infon key="source">Resilience Collaborative Occasional Paper Series No. 2017–2</infon><infon key="type">ref</infon><infon key="year">2017</infon><offset>31111</offset></passage><passage><infon key="file">nihms-1503015-f0001.jpg</infon><infon key="id">F1</infon><infon key="section_type">FIG</infon><infon key="type">fig_caption</infon><offset>31112</offset><text>Map of 57 publicly-streaming water level monitoring stations throughout Hampton Roads, VA. The StormSense sensor network has contributed 28 sensors to the 29 existing sensors maintained by federal entities. Of these, NOAA has 6 (marked in blue) and USGS maintains 19 (noted in green). Additionally, VIMS has 1, and WeatherFlow has 3 (also marked in red). Click Fig. or http://arcg.is/14aCe1 for interactive station map.</text></passage><passage><infon key="file">nihms-1503015-f0002.jpg</infon><infon key="id">F2</infon><infon key="section_type">FIG</infon><infon key="type">fig_caption</infon><offset>31532</offset><text>Hampton Roads Sea Level Rise Projections for Sewells Point through 2050 from VIMS Anthropocene Sea Level Change Report at http://www.vims.edu/test/dlm/slrc/index.php.</text></passage><passage><infon key="file">nihms-1503015-f0003.jpg</infon><infon key="id">F3</infon><infon key="section_type">FIG</infon><infon key="type">fig_caption</infon><offset>31699</offset><text>Internal look at Newport News’ sensor from Valarm: A) a standard bridge-mounted remote radar sensor control box configuration on the 16th St. Bridge over Salters Creek vs. B) a pole-mounted ultrasonic sonar sensor on a solid breakwater at Leeward Municipal Marina. C) The internal view of the control board and the sensor in panel A.</text></passage><passage><infon key="file">nihms-1503015-f0004.jpg</infon><infon key="id">F4</infon><infon key="section_type">FIG</infon><infon key="type">fig_caption</infon><offset>32035</offset><text>A) Map of Norfolk’s LoRaWAN ultrasonic sensor network established in The Hague. The group currently consists of one tide monitoring sensor mounted over The Hague Walking Bridge near where the USGS mounts their temporary rapid deployment gauge, and five inundation sensors, strategically positioned over frequently flooded streets. One such street is featured in B) at the intersection of Boush St. and Olney Rd. during the King Tide flooding on the morning of Nov. 4, 2017. C) The sensor data are currently publicly reporting water level observations in Tidewatch and the user interface provided by the manufacturer, Green Stream, Inc. (https://greenstream.io/Dashboard).</text></passage><passage><infon key="file">nihms-1503015-f0005.jpg</infon><infon key="id">F5</infon><infon key="section_type">FIG</infon><infon key="type">fig_caption</infon><offset>32709</offset><text>Examples from three StormSense ultrasonic sonar sensors co-located in the field adjacent to USGS radar sensors in Virginia Beach for direct comparison of monitoring accuracy. These sensors will temporarily be stationed adjacent to each other for a period of 6–9 months to provide a long term data record for comparison of water level measurements, data transmission speeds, and solar power efficiency.</text></passage><passage><infon key="file">nihms-1503015-f0006.jpg</infon><infon key="id">F6</infon><infon key="section_type">FIG</infon><infon key="type">fig_caption</infon><offset>33113</offset><text>Comparison of Norfolk LoRaWAN ultrasonic tide sensor (in red) with temporary Rapid Deployment Gauge (in green) installed by the USGS measuring water levels via radar at Hague Walking Bridge from 9/21–9/29/2017 during the passage of Hurricane Maria. Results in panel A) depict measurements recorded prior to a vertical adjustment of +4.572 cm (0.15 ft), which was applied for future reporting and improves results in B) after the sensor was consistently lower than the USGS sensor, temporarily mounted to the same bridge at the same site. Observations from NOAA’s Sewells Point sensor (in blue) represent the water levels at the mouth of the Elizabeth River as the next nearest tide gauge from the Hague located 12.39 km (7.7 mi) downriver.</text></passage><passage><infon key="file">nihms-1503015-f0007.jpg</infon><infon key="id">F7</infon><infon key="section_type">FIG</infon><infon key="type">fig_caption</infon><offset>33857</offset><text>Norfolk LoRaWAN ultrasonic street inundation sensor comparisons from 9/17–9/23/2017 during the passage of Hurricane Jose. Each sensor’s observations featured in Panels A-E) are compared with the nearby LoRa tide gauge featured in Fig. 5 (in red) and the street-level hydrodynamic model’s predictions (in blue) at five locations in Norfolk’s Hague region. Panel F depicts the spatial inundation extents predicted by the model at 19:00 UTC on 9/19/2017, with the labeled location of each inundation sensor alongside surface elevations of city-maintained light poles in ft above NAVD88, which were used to aid decision-making for sensor placement.</text></passage><passage><infon key="file">nihms-1503015-f0008.jpg</infon><infon key="id">F8</infon><infon key="section_type">FIG</infon><infon key="type">fig_caption</infon><offset>34510</offset><text>Street-level model flood prediction at 14:00 UTC on 09/19/2017 while Hurricane Jose was hovering offshore of just outside of the Chesapeake Bay mouth. The blue dots represent 393 High Water Marks tracing the extent of inundation collected via citizen science volunteer users of the Sea Level Rise mobile App between 9:50–10:17 EDT (13:50–14:17 UTC).</text></passage></document></collection>
