<?xml version="1.0" encoding="UTF-8"?>
<!DOCTYPE collection SYSTEM "BioC.dtd">
<collection><source>PMC</source><date>20201219</date><key>pmc.key</key><document><id>6631505</id><infon key="license">CC BY</infon><passage><infon key="article-id_doi">10.3390/s19122693</infon><infon key="article-id_pmc">6631505</infon><infon key="article-id_pmid">31207972</infon><infon key="article-id_publisher-id">sensors-19-02693</infon><infon key="elocation-id">2693</infon><infon key="issue">12</infon><infon key="kwd">localization fingerprinting crowdsourcing equilibrium</infon><infon key="license">Licensee MDPI, Basel, Switzerland. This article is an open access article distributed under the terms and conditions of the Creative Commons Attribution (CC BY) license (http://creativecommons.org/licenses/by/4.0/).</infon><infon key="name_0">surname:Yu;given-names:Tao</infon><infon key="name_1">surname:Gui;given-names:Linqing</infon><infon key="name_2">surname:Yu;given-names:Tianxin</infon><infon key="name_3">surname:Wang;given-names:Jilong</infon><infon key="section_type">TITLE</infon><infon key="type">front</infon><infon key="volume">19</infon><infon key="year">2019</infon><offset>0</offset><text>Walrasian Equilibrium-Based Incentive Scheme for Mobile Crowdsourcing Fingerprint Localization</text></passage><passage><infon key="section_type">ABSTRACT</infon><infon key="type">abstract</infon><offset>95</offset><text>Mobile crowdsourcing has been exploited to collect enough fingerprints for fingerprinting-based localization. Since the construction of a fingerprint database is time consuming, mobile users should be well motivated to participate in fingerprint collection task. To this end, a Walrasian equilibrium-based incentive mechanism is proposed in this paper to motivate mobile users. The proposed mechanism can eliminate the monopoly of the crowdsourcer, balance the supply and demand of fingerprint data, and maximize the benefit of all participators. In order to reach the Walrasian equilibrium, firstly, the social welfare maximization problem is constructed. To solve the original optimization problem, a dual decomposition method is employed. The maximization of social welfare is decomposed into the triple benefit optimization among the crowdsourcer, mobile users, and the whole system. Accordingly, a distributed iterative algorithm is designed. Through the simulation, the performance of the proposed incentive scheme is verified and analyzed. Simulation results demonstrated that the proposed iterative algorithm satisfies the convergence and optimality. Moreover, the self-reconstruction ability of the proposed incentive scheme was also verified, indicating that the system has strong robustness and scalability.</text></passage><passage><infon key="section_type">INTRO</infon><infon key="type">title_1</infon><offset>1414</offset><text>1. Introduction</text></passage><passage><infon key="section_type">INTRO</infon><infon key="type">paragraph</infon><offset>1430</offset><text>Recently, driven by the growing demand for indoor location-based services (LBS), indoor localization has attracted a lot of research attention. Since it is difficult for indoor mobile devices to receive GPS signals, alternative techniques such as Ultra Wideband (UWB), Radio Frequency Identification (RFID) and ZigBee have been developed for indoor localization. Among these techniques, Wi-Fi becomes more and more popular because Wi-Fi infrastructures have been widely deployed in indoor environments. In the literature of Wi-Fi indoor localization, plenty of approaches adopt fingerprinting as a metric for location determination. Here fingerprinting denotes location-related measurement, e.g., received signal strength (RSS) or channel state information (CSI). Compared to RSS, CSI fingerprint has much larger spatial resolution. Moreover, CSI fingerprint is more robust than RSS. As a result, a CSI-based localization scheme usually has better accuracy than an RSS-based scheme. Therefore, this paper focuses on indoor localization based on CSI fingerprint information.</text></passage><passage><infon key="section_type">INTRO</infon><infon key="type">paragraph</infon><offset>2504</offset><text>During the offline stage of fingerprinting-based localization, the rich set of embedded sensors in mobile devices can be exploited to obtain the traces and positions of mobile users. The embedded sensors include camera, gyroscope, GPS, accelerator, light sensor, and digital compass. For example, in, gyroscope and accelerator are leveraged to estimate the real-time position of each mobile user. The position and a pilot signal are then put into a packet which will be reported by a mobile user to a nearby wireless access point (AP). The pilot signal is utilized for the estimation of CSI. Upon receiving the packet, the AP can not only acquire the position of the mobile user, but also the CSI between itself and the mobile user. Thus a fingerprint is constructed, composed of the position of the mobile user and the CSI between the mobile user and the AP.</text></passage><passage><infon key="section_type">INTRO</infon><infon key="type">paragraph</infon><offset>3364</offset><text>One technical difficulty of fingerprinting-based localization is that the construction of the fingerprint database requires a lot of manpower and material resources, especially when the collection of fingerprints is executed in a large building. In order to solve this problem, mobile crowdsourcing has been exploited for indoor fingerprint positioning. Recently, various crowdsourcing-based indoor localization methods have been proposed. However, a major challenge for crowdsourcing-based indoor fingerprint localization is how to motivate mobile users to participate in CSI fingerprint collection tasks. The accuracy of fingerprinting-based localization depends on the number of CSI fingerprints collected by mobile devices. If there are not enough mobile user participators, the collected fingerprints will be so limited that satisfactory localization accuracy can hardly be achieved. So the incentive mechanism is very important to motivate mobile users to participate in mobile crowdsourcing.</text></passage><passage><infon key="section_type">INTRO</infon><infon key="type">paragraph</infon><offset>4363</offset><text>The incentive mechanism arouses the interests of mobile users to participate in the fingerprint collection task by leveraging appropriate motivation measures. Existing studies showed partiality to the interest of the crowdsourcer and designed incentive mechanisms from the view of the crowdsourcer. Accordingly, the crowdsourcer builds the crowdsourcing platform and designs the incentive mechanism to encourage the participation of mobile uses. As a result, the crowdsourcer can maximize its utility while mobile users will behave truthfully. In this kind of platform-centric mobile crowdsourcing systems, the crowdsourcer dominates the whole incentive design process and tries its best to minimize its own cost. The interests of mobile users are accommodated, but not maximized. Only the rationality of mobile users can be guaranteed so that mobile users earn more than their costs. As a result, the rewards mobile users gain are usually much lower than the real contribution that they have devoted. In order to eliminate this unfairness and care for the interests of all participators, there is an urgent need to design new incentive mechanisms for crowdsourcing-based indoor localizations.</text></passage><passage><infon key="section_type">INTRO</infon><infon key="type">paragraph</infon><offset>5557</offset><text>In order to well-motivate mobile users to participate in the crowdsourcing fingerprint collection task, this paper proposes an incentive mechanism based on Walrasian equilibrium. The proposed mechanism can eliminate the monopoly of the crowdsourcer, balance the fingerprint supply and demand, and maximize the benefit of all participators, including system social welfare.</text></passage><passage><infon key="section_type">INTRO</infon><infon key="type">paragraph</infon><offset>5930</offset><text>In order to reach the Walrasian equilibrium, a social welfare maximization problem is constructed and solved. To solve the original optimization problem, a dual-decomposition method is employed, decomposing the maximization of social welfare into the triple benefit optimization among the crowdsourcer, mobile users, and the whole system. Accordingly, a distributed iterative algorithm is designed.</text></passage><passage><infon key="section_type">INTRO</infon><infon key="type">paragraph</infon><offset>6329</offset><text>Through the simulation, the performance of the proposed incentive scheme is verified and analyzed. Firstly, it is verified that the proposed distributed iterative algorithm satisfies the convergence and optimality. Then the self-reconstruction ability of the proposed excitation scheme is analyzed, which shows that the system has strong robustness and scalability.</text></passage><passage><infon key="section_type">INTRO</infon><infon key="type">paragraph</infon><offset>6695</offset><text>Different from traditional incentive mechanisms, Walrasian equilibrium has an extraordinary advantage that it can simultaneously optimize the benefits for all participators in the task. Based on exchange market theory, the optimal state of potential buyers and sellers can be characterized by Walrasian equilibrium. At a Walrasian equilibrium, the price and the allocation should satisfy the following three conditions simultaneously: (1) the market clears, (2) both the buyers and sellers can maximize their utilities, and (3) the whole system reaches a Pareto optimal operating point. So Walrasian equilibrium has a remarkable feature that transcends the well-known Nash equilibrium. As a result, this paper focuses on a Walrasian equilibrium-based incentive mechanism for fingerprint data collection crowdsourcing task. In the crowdsourcing-based indoor localization system, the crowdsourcer and mobile users are peers, thus the whole market is open, free, and fair. Walrasian Equilibrium can serve this system well and benefit all participators in a balanced manner. The main contributions of this paper are introduced as follows:</text></passage><passage><infon key="section_type">INTRO</infon><infon key="type">paragraph</infon><offset>7830</offset><text>The rest of this paper is organized as follows. Section 2 illustrates our system model. Section 3 analyzes the utility functions of all participators. Section 4 presents the formulation and solution of optimization problems. Simulation results and analysis are shown in Section 5. Finally the conclusion is given in Section 6.</text></passage><passage><infon key="section_type">INTRO</infon><infon key="type">title_1</infon><offset>8157</offset><text>2. System Model</text></passage><passage><infon key="section_type">INTRO</infon><infon key="type">paragraph</infon><offset>8173</offset><text>In the crowdsourcing-based indoor fingerprint localization system, as shown in Figure 1, there is a crowdsourcer, a large group of mobile users, multiple APs, and a cloud which connects the crowdsourcer and the mobile users. The crowdsourcer represents the organization, which demands a number of position fingerprints, e.g., an exhibition center that requires the positions of exhibitors and visitors, or a museum that needs to localize the tourists. The demand of fingerprints by the crowdsourcer will be met by those mobile users which act as indoor fingerprint data providers. In return the mobile users will be rewarded by the crowdsourcer.</text></passage><passage><infon key="section_type">INTRO</infon><infon key="type">paragraph</infon><offset>8819</offset><text>The mobile users are distributed inside a building, which is further divided into N indoor subareas with its jth subarea denoted by Aj. Mobile users are supposed to work in only one subarea. Inside each subarea there is an AP which not only connects the mobile users and the cloud, but also collects the CSI fingerprints from mobile users. Let  denote a collection of subareas, i.e., . Since the subareas may have different sizes, the crowdsourcer requires different number of fingerprints for each subarea. Larger area usually demands more fingerprints. </text></passage><passage><infon key="section_type">INTRO</infon><infon key="type">paragraph</infon><offset>9375</offset><text>When mobile users carry out routine activities in indoor environment, CSI fingerprints of mobile users can be collected by the AP. One fingerprint consists of a temporal position of a mobile user and a sampled CSI reading. The position of the mobile user can be estimated through several localization methods, e.g., localization based on inertial sensors or reference nodes. Walking inside the subarea, the mobile user from time to time reports its position and a pilot signal to the neighboring AP. Based on the pilot signal, the AP measures the CSI of the channel between itself and the mobile user. Combining the position and the CSI, a fingerprint is formed and then reported by the AP to the cloud.</text></passage><passage><infon key="section_type">INTRO</infon><infon key="type">paragraph</infon><offset>10079</offset><text>Participating in the fingerprint collection task, mobile users not only consume the energy and the resources of their mobile devices, but also spend their time and sacrifice their privacy. In order to well-incentivize the mobile users, it is strongly suggested to provide them with monetary rewards. Nevertheless, the mobile users should not be rewarded equally because they often contribute differently for the task, i.e., the number of fingerprints they collected are different between each other. In fact, instead of the number of collected fingerprints, another equivalent, but more intuitive metric, namely trajectory distance (or moving distance) of a mobile user, is usually adopted to measure the contribution of the mobile user.</text></passage><passage><infon key="section_type">INTRO</infon><infon key="type">paragraph</infon><offset>10817</offset><text>Reduplicative trajectory should be eliminated during the calculation of trajectory distance. Deliberately or not, a mobile user may walk back and forth, causing reduplicative trajectory and fingerprints. When the crowdsourcer computes the reward for one mobile user, the reduplicative trajectory should not be counted. Therefore, the fingerprints at the same positions should be aggregated so as to obtain the effective trajectory distance of a mobile user.</text></passage><passage><infon key="section_type">INTRO</infon><infon key="type">paragraph</infon><offset>11275</offset><text>In order to achieve a balance between the benefit of the crowdsourcer and that of mobile users, a Walrasian equilibrium-based incentive mechanism is adopted in our mobile crowdsourcing system. To reach the equilibrium, the crowdsourcer and mobile users need to communicate via the cloud so that they can bargain with each other. The bargaining procedure is briefly introduced as follows. Firstly, the cloud informs the crowdsourcer and mobile users about the initial prices for all subareas. Based on the prices, the crowdsourcer and mobile users compute the trajectory demand and supply, respectively, then report the demand and supply to the cloud. Subsequently, the cloud computes the mismatch between the supplies of mobile users and the demand of the crowdsourcer, updates the prices, and informs both parties about the prices. Once receiving the updated prices, the crowdsourcer and mobile users update the demand and the supplies again, respectively, in the aim of maximizing their own benefits. The updated demand and supplies are reported to the cloud, which then updates the prices again. After several iterations, the equilibrium can be achieved and the optimal prices can be obtained.</text></passage><passage><infon key="section_type">METHODS</infon><infon key="type">title_1</infon><offset>12472</offset><text>3. Design of Utility Functions</text></passage><passage><infon key="section_type">METHODS</infon><infon key="type">paragraph</infon><offset>12503</offset><text>The crowdsourcer and mobile users both aim to maximize their own profits during the pricing process. In the fingerprint collection task, the prices in different subareas are set to be different because some subareas may be more important than others. For example, in a museum, some halls exhibit rarer collections than other halls. In one subarea, the price is the same for all mobile users therein. Then in subarea Aj, the price for single fingerprint collection is denoted as Pj. Given vector , which includes the prices of all subareas, the crowdsourcer and mobile users can calculate the trajectory distance they purchase or contribute based on the maximization of their utilities. When the pricing is finished, the demands of the crowdsourcer and the contribution of mobile users are balanced, resulting in optimal social welfare. The design of the utilities and social welfare will be illustrated in the following.</text></passage><passage><infon key="section_type">METHODS</infon><infon key="type">title_2</infon><offset>13424</offset><text>3.1. Utility of the Crowdsourcer</text></passage><passage><infon key="section_type">METHODS</infon><infon key="type">paragraph</infon><offset>13457</offset><text>The crowdsourcer aims to collect the most fingerprints in each subarea with the least money. In other words, in order to maximize the benefit, the crowdsourcer tries to lower the price while purchase as much trajectory data as possible. Thus, the utility function of the crowdsourcer can be represented by the difference between its payoff and cost, which is formulated as follows: where  denotes the total trajectory distance that the crowdsourcer demands in subarea ,  denotes the vector of trajectory distance in all subareas,  is the single fingerprint price in ,  is the total remuneration paid by the crowdsourcer to all mobile users, and  represents the payoff function of the crowdsourcer.</text></passage><passage><infon key="section_type">METHODS</infon><infon key="type">paragraph</infon><offset>14155</offset><text>The payoff of the crowdsourcer can be obtained by offering location-based services. In this paper, the localization services were produced from fingerprint data provided by mobile users. Thus. the trajectory distance of mobile users can be regarded as a production factor for developing the economic benefits of the crowdsourcer. As in, Cobb–Douglas production function is adopted as the payoff function, explicitly: where  is a payoff coefficient,  is an elasticity coefficient for the demand , and  is satisfied to preserve the concavity of . Therefore, (1) can be equivalently written as:</text></passage><passage><infon key="section_type">METHODS</infon><infon key="type">paragraph</infon><offset>14749</offset><text>Since the crowdsourcer has to collect enough fingerprint data in each interested subarea to guarantee the overall performance,  should have a lower bound , i.e., . Therefore, the crowdsourcer can establish the following optimization problems: .</text></passage><passage><infon key="section_type">METHODS</infon><infon key="type">paragraph</infon><offset>14994</offset><text>Generally, given the price vector , there exists a vector , which maximizes the utility function of the crowdsourcer. Here,  can be regarded as a purchase strategy.</text></passage><passage><infon key="section_type">METHODS</infon><infon key="type">title_2</infon><offset>15159</offset><text>3.2. Utility of Mobile User</text></passage><passage><infon key="section_type">METHODS</infon><infon key="type">paragraph</infon><offset>15187</offset><text>As to a mobile user  in , its effective trajectory distance is denoted as , which also indicates the fingerprint supplied by . Then the monetary reward gained by  is . To obtain the reward, the mobile user has to devote its time and device resources to fingerprint collection. This devotion generates costs including labor work, the consumption of power, and computation resources of mobile device. The costs vary from person to person because different mobile users can have different availability in time and device resources.</text></passage><passage><infon key="section_type">METHODS</infon><infon key="type">paragraph</infon><offset>15716</offset><text>Each mobile user aims to gain the highest reward at the expense of the smallest cost. In other words, in order to maximize the benefit, mobile users wish to have the highest price while supplying the trajectory distance as short as possible. Thus, the utility function  of user  can be formulated as: where the cost coefficients  and  measure the availability of user  because difference mobile users can have different level of time and resource availability,  and .</text></passage><passage><infon key="section_type">METHODS</infon><infon key="type">paragraph</infon><offset>16184</offset><text>Since each mobile user has limited time and device resource budget to perform the fingerprint collection task, its contributed trajectory distance  should have an upper bound , i.e., . Therefore, mobile users can create the following optimization problem:  .</text></passage><passage><infon key="section_type">METHODS</infon><infon key="type">paragraph</infon><offset>16443</offset><text>From Equation (6), it can be found that when the prices are determined, each mobile user decides the trajectory distance based on the maximization of its utility function.</text></passage><passage><infon key="section_type">METHODS</infon><infon key="type">title_2</infon><offset>16615</offset><text>3.3. Social Welfare</text></passage><passage><infon key="section_type">METHODS</infon><infon key="type">paragraph</infon><offset>16635</offset><text>Social welfare refers to the utility of the entire system. So the social welfare can be calculated as the sum utility of the crowdsourcer and mobile users. Thus, we have: where  represents social welfare, W is the utility of the crowdsourcer, and  denotes the utility of each mobile user. As long as the incentives are real, the monetary rewards paid by the crowdsourcer will become the rewards of all mobile users. So the compensation item in Equation (7) will be eliminated. Then, Equation (7) can be converted to:</text></passage><passage><infon key="section_type">METHODS</infon><infon key="type">paragraph</infon><offset>17152</offset><text>From the above formula, it can be found that social welfare depends only on the payoff of the crowdsourcer and the cost of mobile users. The rewards are counteracted in social welfare. Since the price factor is eliminated, the goal of social welfare is to maximize the efficiency of the entire system, i.e., to achieve more benefits at a lower cost. Therefore, social welfare can serve as an important factor to measure the quality of the whole system. Systems with high social welfare tend to be better than systems with low social welfare. As the overall utility increases, it is possible to increase the utility of all individuals.</text></passage><passage><infon key="section_type">METHODS</infon><infon key="type">title_1</infon><offset>17787</offset><text>4. Problem Formulation and Algorithm Design</text></passage><passage><infon key="section_type">METHODS</infon><infon key="type">paragraph</infon><offset>17831</offset><text>As described in last section, both the crowdsourcer and mobile users want to maximize their own utilities. In brief, the crowdsourcer tries to force prices down so that they could purchase more fingerprint data. However, mobile users want to force prices up so that they can contribute little but gain more monetary rewards. The interest of the crowdsourcer conflicts with that of mobile users. Under specific prices, if the crowdsourcer and mobile users rationally determine their demand and supply by solving the optimization problem in Equations (4) and (6), respectively, there must be a mismatch between the supply of mobile users and the demand of the crowdsourcer. Therefore, the two optimization problems should be solved in a way that can reach an equilibrium with the balance of demands and supplies. To achieve the balance, a negotiation process between the crowdsourcer and mobile users is necessary.</text></passage><passage><infon key="section_type">METHODS</infon><infon key="type">paragraph</infon><offset>18744</offset><text>In our crowdsourcing-based fingerprint localization system, the crowdsourcer and mobile users are peers. No one can dominate the fingerprint collection process, so the whole market is open, free, and fair. As a result, the prices of fingerprint collection only depend on the supply (measured by trajectory distance of mobile users) and demand (trajectory distance request from the crowdsourcer) in the market. Based on exchange market theory, an optimal state for both the crowdsourcer and mobile users can be characterized by the Walrasian equilibrium.</text></passage><passage><infon key="section_type">METHODS</infon><infon key="type">paragraph</infon><offset>19298</offset><text>Next, we first introduce the definition of Walrasian equilibrium and explain its benefit for the crowdsourcing-based fingerprint collection task. Then, the search for Walrasian equilibrium is modeled as social welfare maximization problem with the constraint that supplies and demands match with each other. The global optimization problem is further decoupled into local optimization problems with respect to the crowdsourcer and mobile users. Finally, a corresponding algorithm is proposed to illustrate the whole procedure for reaching Walrasian equilibrium.</text></passage><passage><infon key="section_type">METHODS</infon><infon key="type">title_2</infon><offset>19860</offset><text>4.1. Walrasian Euilibrium</text></passage><passage><infon key="section_type">METHODS</infon><infon key="type">paragraph</infon><offset>19886</offset><text>Walrasian equilibrium is usually adopted in the market economy to analyze the equilibrium from the view of the whole system. At a Walrasian equilibrium, the following three missions are accomplished simultaneously: first, the market clears, achieving a balance between demands and supplies; second, both buyers and sellers can maximize their payoffs under certain constraints; and third, the overall system reaches a Pareto optimal operating point. In short, a Walrasian equilibrium represents a state beneficial to all participating parties, so it goes beyond the well-known Nash equilibrium.</text></passage><passage><infon key="section_type">METHODS</infon><infon key="type">paragraph</infon><offset>20480</offset><text>Based on the aforementioned three features, the definition of Walrasian equilibrium for the crowdsourcing-based fingerprint collection task is introduced as follows.</text></passage><passage><infon key="section_type">METHODS</infon><infon key="type">paragraph</infon><offset>20646</offset><text> for the crowdsourcer,  is the optimal solution to problem Equation (4); </text></passage><passage><infon key="section_type">METHODS</infon><infon key="type">paragraph</infon><offset>20720</offset><text> for any mobile user,  is the optimal solution to problem Equation (6); </text></passage><passage><infon key="section_type">METHODS</infon><infon key="type">paragraph</infon><offset>20793</offset><text> the optimal demand of the crowdsourcer in each subarea equals to the overall supply of mobile users in each subarea, i.e., , resulting in a clear market. </text></passage><passage><infon key="section_type">METHODS</infon><infon key="type">paragraph</infon><offset>20949</offset><text> Walrasian equilibrium in the system means that under the condition of a given price vector , the trajectory distance demand , and trajectory distance supply  should meet the following three conditions:  </text></passage><passage><infon key="section_type">METHODS</infon><infon key="type">paragraph</infon><offset>21154</offset><text>According to the definition above, both the crowdsourcer and mobile users obtain their optimal utilities, so their satisfaction is simultaneously guaranteed at the Walrasian equilibrium. In addition, the fingerprints supplied by mobile users are fully utilized. Next, we will present how to compute the Walrasian equilibrium and obtain the optimal .</text></passage><passage><infon key="section_type">METHODS</infon><infon key="type">title_2</infon><offset>21504</offset><text>4.2. Problem Formulation and Solution</text></passage><passage><infon key="section_type">METHODS</infon><infon key="type">paragraph</infon><offset>21542</offset><text>In microeconomics, the optimality of Walrasian equilibrium can be achieved by solving the problem of social welfare maximization. Thus, a social welfare maximization problem is proposed in this subsection to search for the Walrasian equilibrium. The designed problem can reconcile the lateral optimization problems of the crowdsourcer and mobile users. Specifically, the solution of the designed problem is supposed to simultaneously solve problem Equations (4) and (6), match the demands with the supplies, and finally reach the Walrasian equilibrium. Thus, the social welfare maximization problem is formulated as:   </text></passage><passage><infon key="section_type">METHODS</infon><infon key="type">paragraph</infon><offset>22162</offset><text>In Equation (9), instead of maximizing the social welfare J, the minimization of −J is present so that a standard convex optimization problem can be constructed. The constraints in (10) imply a balance between the supply by mobile users and the demand by the crowdsourcer. The constraints in (11) present local boundaries in all subareas for the crowdsourcer, while the constraints (12) serve as local boundaries for all mobile users.</text></passage><passage><infon key="section_type">METHODS</infon><infon key="type">paragraph</infon><offset>22599</offset><text>The cost function  of each mobile user  is convex, while the payoff function  of the crowdsourcer is concave. So the optimization problem Equation (9) is a convex problem with affine constraints. Without considering the local constraints (11) and (12), the optimization problem can be transformed into an augmented Lagrangian function as: where all  are coupling variables. In Equation (13), all items containing variables  can be grouped together as well as all items about . Then Equation (13) is converted to: Subsequently, based on dual decomposition, an iterative approach can be developed to solve the original optimization problem. At each iteration, the optimization problem can be formulated as:   where  and  are primal variables at the rth iteration,  and  are dual variables at the rth and r+1th iteration, respectively,  denotes the searching step size. In fact, the dual variables  represent the prices . At each iterative, the original global optimization problem is decomposed into multiple local optimization problems, including N local minimization problems corresponding to the subareas and K local minimization problems for mobile users. As the results of the rth iteration, the demand  and the supply  are usually not the same. As shown in Equation (17), the mismatch between the demand and the supply updates the prices and drives the procedure to the next iteration. When the mismatch is zero, the iterative process will be converged. Meanwhile all local optimization problems and the original global optimization problem achieve their optimal solution.</text></passage><passage><infon key="section_type">METHODS</infon><infon key="type">paragraph</infon><offset>24176</offset><text>As the results of the iterations, the convergent prices, demands and supplies can satisfy the definition of Walrasian equilibrium. It can also be found that the prices of fingerprint collection tasks are determined by both the demands of the crowdsourcer and the supplies of the mobile users. Hence, the market monopoly is eliminated, which is an outstanding advantage of Walrasian equilibrium. Moreover, three-fold optimization is achieved, i.e., the maximization of utilities of the crowdsourcer, mobile users and overall system.</text></passage><passage><infon key="section_type">METHODS</infon><infon key="type">title_2</infon><offset>24708</offset><text>4.3. Algorithm Design</text></passage><passage><infon key="section_type">METHODS</infon><infon key="type">paragraph</infon><offset>24730</offset><text>In order to realize the aforementioned iterative process, a corresponding algorithm was designed. As described in our system model, the crowdsourcer resides in a centralized cloud platform. This cloud platform gathers information, updates prices, and manages the interaction between the crowdsourcer and mobile users. As shown in Algorithm 1, the cloud first initializes single fingerprint price for each subarea. The initial prices are broadcasted to the crowdsourcer and mobile users, starting the first iteration. According to the initial prices, the crowdsourcer calculates its optimal demands by solving local optimization problems, Equation (15), while the mobile users calculate their supplies by solving problems, Equation (16). Then the crowdsourcer and mobile users report the demands and supplies to the cloud, which updates the prices according to Equation (17). The updated prices are then broadcast to the crowdsourcer and mobile users, starting a new iteration. Through multiple iterations, when the demands match the supplies, the Walrasian equilibrium is achieved, resulting in the optimal fingerprint price vector  for all subareas, the optimal demand vector  for all subareas, and the optimal supply vector  for all mobile users.</text></passage><passage><infon key="file">no_id_0.xml</infon><infon key="id">no_id_0</infon><infon key="section_type">TABLE</infon><infon key="type">table</infon><infon key="xml">&lt;?xml version=&quot;1.0&quot; encoding=&quot;UTF-8&quot;?&gt;
&lt;tbody xmlns:mml=&quot;http://www.w3.org/1998/Math/MathML&quot;&gt;&lt;tr&gt;&lt;td align=&quot;left&quot; valign=&quot;middle&quot; style=&quot;border-top:solid thin;border-bottom:solid thin&quot; rowspan=&quot;1&quot; colspan=&quot;1&quot;&gt;
&lt;bold&gt;Algorithm 1: Iterative Algorithm to Search for Walrasian equilibrium&lt;/bold&gt;
&lt;/td&gt;&lt;/tr&gt;&lt;tr&gt;&lt;td align=&quot;left&quot; valign=&quot;middle&quot; rowspan=&quot;1&quot; colspan=&quot;1&quot;&gt;1. The cloud platform announces fingerprint collection tasks, initializes initial prices &lt;inline-formula&gt;&lt;mml:math id=&quot;mm84&quot;&gt;&lt;mml:mrow&gt;&lt;mml:mrow&gt;&lt;mml:msub&gt;&lt;mml:mstyle mathvariant=&quot;bold&quot; mathsize=&quot;normal&quot;&gt;&lt;mml:mi&gt;p&lt;/mml:mi&gt;&lt;/mml:mstyle&gt;&lt;mml:mn&gt;0&lt;/mml:mn&gt;&lt;/mml:msub&gt;&lt;/mml:mrow&gt;&lt;/mml:mrow&gt;&lt;/mml:math&gt;&lt;/inline-formula&gt; for all subareas, and broadcasts the prices to the crowdsourcer and mobile users.&lt;/td&gt;&lt;/tr&gt;&lt;tr&gt;&lt;td align=&quot;left&quot; valign=&quot;middle&quot; rowspan=&quot;1&quot; colspan=&quot;1&quot;&gt;
&lt;bold&gt;Iteration&lt;/bold&gt;
&lt;/td&gt;&lt;/tr&gt;&lt;tr&gt;&lt;td align=&quot;left&quot; valign=&quot;middle&quot; rowspan=&quot;1&quot; colspan=&quot;1&quot;&gt;2. Under the received prices, the crowdsourcer calculates its local optimal demands by solving local optimization problems Equation (15) and reports the demands to the cloud platform.&lt;/td&gt;&lt;/tr&gt;&lt;tr&gt;&lt;td align=&quot;left&quot; valign=&quot;middle&quot; rowspan=&quot;1&quot; colspan=&quot;1&quot;&gt;3. Under the received prices, each mobile user calculates its supplies by solving problems Equation (16) and reports the supplies to the cloud platform.&lt;/td&gt;&lt;/tr&gt;&lt;tr&gt;&lt;td align=&quot;left&quot; valign=&quot;middle&quot; rowspan=&quot;1&quot; colspan=&quot;1&quot;&gt;4. Based on the received demands and supplies, the cloud platform first calculates the mismatch between supplies and demands in each subarea, then updates prices, according to Equation (17), and broadcasts the updated prices to the crowdsourcer and mobile users.&lt;/td&gt;&lt;/tr&gt;&lt;tr&gt;&lt;td align=&quot;left&quot; valign=&quot;middle&quot; rowspan=&quot;1&quot; colspan=&quot;1&quot;&gt;
&lt;bold&gt;Result&lt;/bold&gt;
&lt;/td&gt;&lt;/tr&gt;&lt;tr&gt;&lt;td align=&quot;left&quot; valign=&quot;middle&quot; style=&quot;border-bottom:solid thin&quot; rowspan=&quot;1&quot; colspan=&quot;1&quot;&gt;5. When the mismatch between supply and demands is convergent, results can be obtained, including the optimal price &lt;inline-formula&gt;&lt;mml:math id=&quot;mm85&quot;&gt;&lt;mml:mrow&gt;&lt;mml:mrow&gt;&lt;mml:msup&gt;&lt;mml:mstyle mathvariant=&quot;bold&quot; mathsize=&quot;normal&quot;&gt;&lt;mml:mi&gt;p&lt;/mml:mi&gt;&lt;/mml:mstyle&gt;&lt;mml:mo&gt;*&lt;/mml:mo&gt;&lt;/mml:msup&gt;&lt;/mml:mrow&gt;&lt;/mml:mrow&gt;&lt;/mml:math&gt;&lt;/inline-formula&gt;, the optimal demands &lt;inline-formula&gt;&lt;mml:math id=&quot;mm86&quot;&gt;&lt;mml:mrow&gt;&lt;mml:mrow&gt;&lt;mml:msup&gt;&lt;mml:mstyle mathvariant=&quot;bold&quot; mathsize=&quot;normal&quot;&gt;&lt;mml:mi&gt;D&lt;/mml:mi&gt;&lt;/mml:mstyle&gt;&lt;mml:mo&gt;*&lt;/mml:mo&gt;&lt;/mml:msup&gt;&lt;/mml:mrow&gt;&lt;/mml:mrow&gt;&lt;/mml:math&gt;&lt;/inline-formula&gt; for the crowdsourcer, and the optimal supplies &lt;inline-formula&gt;&lt;mml:math id=&quot;mm87&quot;&gt;&lt;mml:mrow&gt;&lt;mml:mrow&gt;&lt;mml:msup&gt;&lt;mml:mstyle mathvariant=&quot;bold&quot; mathsize=&quot;normal&quot;&gt;&lt;mml:mi&gt;d&lt;/mml:mi&gt;&lt;/mml:mstyle&gt;&lt;mml:mo&gt;*&lt;/mml:mo&gt;&lt;/mml:msup&gt;&lt;/mml:mrow&gt;&lt;/mml:mrow&gt;&lt;/mml:math&gt;&lt;/inline-formula&gt; for all mobile users.&lt;/td&gt;&lt;/tr&gt;&lt;/tbody&gt;
</infon><offset>25979</offset><text>Algorithm 1: Iterative Algorithm to Search for Walrasian equilibrium	 	1. The cloud platform announces fingerprint collection tasks, initializes initial prices  for all subareas, and broadcasts the prices to the crowdsourcer and mobile users.	 	Iteration	 	2. Under the received prices, the crowdsourcer calculates its local optimal demands by solving local optimization problems Equation (15) and reports the demands to the cloud platform.	 	3. Under the received prices, each mobile user calculates its supplies by solving problems Equation (16) and reports the supplies to the cloud platform.	 	4. Based on the received demands and supplies, the cloud platform first calculates the mismatch between supplies and demands in each subarea, then updates prices, according to Equation (17), and broadcasts the updated prices to the crowdsourcer and mobile users.	 	Result	 	5. When the mismatch between supply and demands is convergent, results can be obtained, including the optimal price , the optimal demands  for the crowdsourcer, and the optimal supplies  for all mobile users.	 	</text></passage><passage><infon key="section_type">METHODS</infon><infon key="type">title_1</infon><offset>27063</offset><text>5. Simulation and Analysis</text></passage><passage><infon key="section_type">METHODS</infon><infon key="type">paragraph</infon><offset>27090</offset><text>In this section, the performance of our proposed mechanism was evaluated through extensive numerical simulation. Simulation scenario and parameters were introduced first. Then we verified the convergence and optimality of the proposed algorithm. Finally, we will explain the self-reconfiguration capabilities of the system, indicating the robustness and scalability of the proposed algorithm.</text></passage><passage><infon key="section_type">METHODS</infon><infon key="type">paragraph</infon><offset>27483</offset><text>In the simulation, the whole area had four subareas, which were denoted as A1, A2, A3, and A4. The crowdsourcer hopes to collect fingerprint data from these four sub-areas. Inside A1, A2, A3, and A4, the number of mobile users were 8, 7, 4, and 3, respectively. All these mobile users were willing to provide fingerprint supply. The cloud set the initial prices for all subareas to 5. Other parameters used in the simulation are listed in Table 1.</text></passage><passage><infon key="section_type">METHODS</infon><infon key="type">title_2</infon><offset>27931</offset><text>5.1. Verification of Convergence</text></passage><passage><infon key="section_type">METHODS</infon><infon key="type">paragraph</infon><offset>27964</offset><text>This subsection verifies the convergence of the proposed algorithm. To this end, Figure 2 shows how the mismatch, the prices, the demands, and the supplies changed with the number of iterations. As seen from Figure 2a, in each subarea, the mismatch between the trajectory requirements of the crowdsourcer and the trajectory supply of mobile users could converge to zero. This convergence means that each subarea has reached the balance between supply and demand, enabling the market to clear. From Figure 2b, it can be observed that the trajectory prices of all subareas tended to be stable along with the iteration progress. In addition, even if the initial prices of these subareas were the same, the convergent prices of all four subareas were different. The reason for this is that the price in one subarea only depends on the pattern of demand and supply in that subarea. In other words, the price is determined by the imbalance between the demand of the crowdsourcer and the supply of mobile users. Neither party alone can monopolize the price, reflecting the fairness of the system. From Figure 2c, it can be observed that the crowdsourcer had different demands in different subareas. The demands all converged to the corresponding optimal values, maximizing the utility of the crowdsourcer under the optimal price. Similarly, as shown in Figure 2d, the supplies of the four mobile users converged to different values. These four mobile users, namely  and , were randomly selected from different subareas. At the convergent point, each mobile user maximized its utility by providing appropriate trajectory supply.</text></passage><passage><infon key="section_type">METHODS</infon><infon key="type">title_2</infon><offset>29585</offset><text>5.2. Verification of Optimality</text></passage><passage><infon key="section_type">METHODS</infon><infon key="type">paragraph</infon><offset>29617</offset><text>To verify the optimality of the proposed algorithm, Figure 3 shows how the utility of participators and social welfare changed with the iteration process in our proposed algorithm, while Figure 4 presents the performance comparison between our proposed scheme and crowdsourcer centric scheme.</text></passage><passage><infon key="section_type">METHODS</infon><infon key="type">paragraph</infon><offset>29910</offset><text>Observed from Figure 3a, the utility of the crowdsourcer increased with the number of iterations and finally achieved its maximum value. In Figure 3b, the utility of mobile users also increased to the optimized values to ensure their profits. In Figure 3c, the social welfare of the whole system grew with the iteration process and finally reached the optimal value, indicating that the social resources were optimally allocated and fully utilized.</text></passage><passage><infon key="section_type">METHODS</infon><infon key="type">paragraph</infon><offset>30359</offset><text>In Figure 4, the result of our proposed scheme is represented by the summit, while the curves correspond to the performance of crowdsourcer centric scheme. The basic principle of the latter scheme is explained as follows. The market is assumed to be dominated by the crowdsourcer, which can adjust the obtained stable prices as it wants. For simplicity, the adjusted prices were assumed to range from 90% to 110% of the convergent prices obtained in our proposed scheme. The crowdsourcer adjusts the prices in all subareas simultaneously. Under the adjusted prices, the crowdsourcer calculates the optimal demands in each subarea based on the maximization of its own utility. Then, under the constraint of the match between demand and supply, the supply of each mobile user is calculated based on the maximization of the total utility of all mobile users.</text></passage><passage><infon key="section_type">METHODS</infon><infon key="type">paragraph</infon><offset>31215</offset><text>As shown in Figure 4a, social welfare by the crowdsourcer-centric scheme changed with the adjusted prices. We can find that only when the adjusted prices equal the convergent prices in our proposed algorithm, the social welfare reaches its maximum value. As can be seen from Figure 4b, the utility of the crowdsourcer reached the summit only when the adjusted prices are the same as our equilibrium prices. This demonstrates the optimality of our proposed algorithm with regard to the utility of the crowdsourcer. In Figure 4c, it can be observed that when the crowdsourcer manipulates the prices to below the summit prices, the total utility of mobile users are much lower than the maximum value. This phenomenon not only indicates the unfairness of the crowdsourcer centric scheme, but also verifies the optimality of our proposed algorithm in view of the utilities of mobile users.</text></passage><passage><infon key="section_type">METHODS</infon><infon key="type">title_2</infon><offset>32100</offset><text>5.3. Self-Reconfiguration Ability</text></passage><passage><infon key="section_type">METHODS</infon><infon key="type">paragraph</infon><offset>32134</offset><text>In order to illustrate the self-reconfiguration ability of our Walrasian equilibrium-based incentive mechanism, we discuss the impact of available resources, i.e., the number of mobile users performing fingerprint collection tasks. As shown in Figure 5, the total demand of the crowdsourcer increased with the number of mobile users. The total demand is the summation of all demands in four subareas, while the number of mobile users is randomly selected. Along with the number of users, the synchronistic growth of the total demand indicates that the crowdsourcer can adjust its own trajectory requirements according to the change in the number of mobile users. This demonstrates the self-reconfiguration capability of the system. At the same time, this phenomenon also shows that the proposed algorithm has strong robustness and scalability. Therefore, mobile users can easily join or leave the system without affecting the operation of the entire system.</text></passage><passage><infon key="section_type">CONCL</infon><infon key="type">title_1</infon><offset>33092</offset><text>6. Conclusions</text></passage><passage><infon key="section_type">CONCL</infon><infon key="type">paragraph</infon><offset>33107</offset><text>Mobile crowdsourcing is critical for indoor fingerprinting-based localization systems because it is very helpful for the construction of fingerprint databases. In order to effectively motivate the ubiquitous mobile users to participate in the fingerprint data collection task, this paper proposed a Walrasian equilibrium-based incentive mechanism. First, the utility functions of the crowdsourcer and mobile users were defined, as well as the overall social welfare. Then, in order to reach the Walrasian equilibrium, a social welfare maximization problem was constructed and solved. The dual decomposition method was employed to solve the original optimization problem. The maximization of social welfare was decomposed into the benefit optimization for the crowdsourcer and mobile users. Then, a distributed iterative algorithm was designed to achieve Walrasian equilibrium at which the optimal trajectory data price, trajectory demand, and trajectory supply were determined. Simulation results verified the convergence, the optimality, and the self-reconstruction ability of the proposed incentive scheme.</text></passage><passage><infon key="section_type">AUTH_CONT</infon><infon key="type">title</infon><offset>34216</offset><text>Author Contributions</text></passage><passage><infon key="section_type">AUTH_CONT</infon><infon key="type">paragraph</infon><offset>34237</offset><text>Conceptualization and original draft writing, T.Y.; methodology and editing, L.G.; software and simulation, T.Y.; analysis and validation, J.W.</text></passage><passage><infon key="section_type">ACK_FUND</infon><infon key="type">title</infon><offset>34381</offset><text>Funding</text></passage><passage><infon key="section_type">ACK_FUND</infon><infon key="type">paragraph</infon><offset>34389</offset><text>Natural Science Foundation of China: 61602245, Natural Science Foundation of China: 61701234, Natural Science Foundation of Jiangsu Province for Excellent Young Scholars BK2019.</text></passage><passage><infon key="section_type">COMP_INT</infon><infon key="type">title</infon><offset>34567</offset><text>Conflicts of Interest</text></passage><passage><infon key="section_type">COMP_INT</infon><infon key="type">paragraph</infon><offset>34589</offset><text>The authors declare no conflict of interest. The funders had no role in the design of the study in the collection, analyses, or interpretation of data; in the writing of the manuscript, or in the decision to publish the results.</text></passage><passage><infon key="section_type">REF</infon><infon key="type">title</infon><offset>34818</offset><text>References</text></passage><passage><infon key="fpage">2409</infon><infon key="lpage">2419</infon><infon key="name_0">surname:Xiao;given-names:F.</infon><infon key="name_1">surname:Liu;given-names:W.</infon><infon key="name_2">surname:Li;given-names:Z.</infon><infon key="name_3">surname:Chen;given-names:L.</infon><infon key="name_4">surname:Wang;given-names:R.</infon><infon key="pub-id_doi">10.1109/TVT.2017.2771805</infon><infon key="section_type">REF</infon><infon key="source">IEEE Trans. Veh. Technol.</infon><infon key="type">ref</infon><infon key="volume">67</infon><infon key="year">2018</infon><offset>34829</offset><text>Noise-tolerant wireless sensor networks localization via multinorms regularized matrix completion</text></passage><passage><infon key="fpage">78</infon><infon key="lpage">83</infon><infon key="name_0">surname:Xiao;given-names:F.</infon><infon key="name_1">surname:Guo;given-names:Z.</infon><infon key="name_2">surname:Ni;given-names:Y.</infon><infon key="name_3">surname:Xie;given-names:X.</infon><infon key="name_4">surname:Maharjan;given-names:S.</infon><infon key="name_5">surname:Zhang;given-names:Y.</infon><infon key="pub-id_doi">10.1109/MNET.2018.1700356</infon><infon key="section_type">REF</infon><infon key="source">IEEE Netw.</infon><infon key="type">ref</infon><infon key="volume">33</infon><infon key="year">2019</infon><offset>34927</offset><text>Artificial Intelligence Empowered Mobile Sensing for Human Flow Detection</text></passage><passage><infon key="fpage">2847</infon><infon key="lpage">2861</infon><infon key="name_0">surname:Tian;given-names:X.</infon><infon key="name_1">surname:Shen;given-names:R.</infon><infon key="name_2">surname:Liu;given-names:D.</infon><infon key="name_3">surname:Wen;given-names:Y.</infon><infon key="name_4">surname:Wang;given-names:X.</infon><infon key="pub-id_doi">10.1109/TMC.2016.2645221</infon><infon key="section_type">REF</infon><infon key="source">IEEE Trans. Mobile Comput.</infon><infon key="type">ref</infon><infon key="volume">16</infon><infon key="year">2017</infon><offset>35001</offset><text>Performance analysis of rss fingerprinting based indoor localization</text></passage><passage><infon key="fpage">1701</infon><infon key="lpage">1714</infon><infon key="name_0">surname:Xiao;given-names:F.</infon><infon key="name_1">surname:Chen;given-names:L.</infon><infon key="name_2">surname:Sha;given-names:C.</infon><infon key="name_3">surname:Sun;given-names:L.</infon><infon key="name_4">surname:Wang;given-names:R.</infon><infon key="name_5">surname:Liu;given-names:A.X.</infon><infon key="name_6">surname:Ahmed;given-names:F.</infon><infon key="pub-id_doi">10.1109/TNET.2018.2852754</infon><infon key="section_type">REF</infon><infon key="source">IEEE/ACM Trans. Netw.</infon><infon key="type">ref</infon><infon key="volume">26</infon><infon key="year">2018</infon><offset>35070</offset><text>Noise Tolerant Localization for Sensor Networks</text></passage><passage><infon key="fpage">25</infon><infon key="name_0">surname:Yang;given-names:Z.</infon><infon key="name_1">surname:Liu;given-names:Y.</infon><infon key="name_2">surname:Zhou;given-names:Z.</infon><infon key="pub-id_doi">10.1145/2543581.2543592</infon><infon key="section_type">REF</infon><infon key="source">ACM Comput. Surv.</infon><infon key="type">ref</infon><infon key="volume">46</infon><infon key="year">2013</infon><offset>35118</offset><text>From RSSI to CSI: Indoor Localization via Channel Response</text></passage><passage><infon key="fpage">2329</infon><infon key="lpage">2342</infon><infon key="name_0">surname:Wu;given-names:C.</infon><infon key="name_1">surname:Yang;given-names:Z.</infon><infon key="name_2">surname:Zhou;given-names:Z.</infon><infon key="name_3">surname:Liu;given-names:X.</infon><infon key="name_4">surname:Liu;given-names:Y.</infon><infon key="name_5">surname:Cao;given-names:J.</infon><infon key="pub-id_doi">10.1109/JSAC.2015.2430294</infon><infon key="section_type">REF</infon><infon key="source">IEEE J. Sel. Areas Commun.</infon><infon key="type">ref</infon><infon key="volume">33</infon><infon key="year">2015</infon><offset>35177</offset><text>Non-Invasive Detection of Moving and Stationary Human With WiFi</text></passage><passage><infon key="fpage">88</infon><infon key="lpage">93</infon><infon key="name_0">surname:Xiao;given-names:F.</infon><infon key="name_1">surname:Xie;given-names:X.</infon><infon key="name_2">surname:Li;given-names:Z.</infon><infon key="name_3">surname:Deng;given-names:Q.</infon><infon key="name_4">surname:Liu;given-names:A.</infon><infon key="name_5">surname:Sun;given-names:L.</infon><infon key="pub-id_doi">10.1109/MNET.2018.1700281</infon><infon key="section_type">REF</infon><infon key="source">IEEE Netw.</infon><infon key="type">ref</infon><infon key="volume">32</infon><infon key="year">2018</infon><offset>35241</offset><text>Wireless Network Optimization via Physical Layer Information for Smart Cities</text></passage><passage><infon key="fpage">157</infon><infon key="lpage">163</infon><infon key="name_0">surname:Chen;given-names:P.</infon><infon key="name_1">surname:Cheng;given-names:S.</infon><infon key="name_2">surname:Ting;given-names:P.</infon><infon key="name_3">surname:Lien;given-names:C.</infon><infon key="name_4">surname:Chu;given-names:F.</infon><infon key="pub-id_doi">10.1109/MCOM.2015.7295478</infon><infon key="section_type">REF</infon><infon key="source">IEEE Commun. Mag.</infon><infon key="type">ref</infon><infon key="volume">53</infon><infon key="year">2015</infon><offset>35319</offset><text>When crowdsourcing meets mobile sensing: A social network perspective</text></passage><passage><infon key="fpage">6067</infon><infon key="lpage">6072</infon><infon key="name_0">surname:Han;given-names:B.</infon><infon key="name_1">surname:Zhao;given-names:L.</infon><infon key="section_type">REF</infon><infon key="source">Proceedings of the 2017 36th Chinese Control Conference (CCC)</infon><infon key="type">ref</infon><offset>35389</offset><text>An indoor positioning algorithm based on Wi-Fi fingerprint and inertial navigation system</text></passage><passage><infon key="fpage">839</infon><infon key="lpage">848</infon><infon key="name_0">surname:Wu;given-names:C.</infon><infon key="name_1">surname:Yang;given-names:Z.</infon><infon key="name_2">surname:Liu;given-names:Y.</infon><infon key="name_3">surname:Xi;given-names:W.</infon><infon key="section_type">REF</infon><infon key="source">IEEE Trans. Paral. Distrib. Syst.</infon><infon key="type">ref</infon><infon key="volume">24</infon><infon key="year">2013</infon><offset>35479</offset><text>WILL: Wireless Indoor Localization without Site Survey</text></passage><passage><infon key="fpage">3543</infon><infon key="lpage">3558</infon><infon key="name_0">surname:Sorour;given-names:S.</infon><infon key="name_1">surname:Lostanlen;given-names:Y.</infon><infon key="name_2">surname:Valaee;given-names:S.</infon><infon key="section_type">REF</infon><infon key="source">Proceedings of the 6th International Symposium on Telecommunications (IST)</infon><infon key="type">ref</infon><offset>35534</offset><text>Reduced-effort generation of indoor radio maps using crowdsourcing and manifold alignment</text></passage><passage><infon key="fpage">61</infon><infon key="lpage">67</infon><infon key="name_0">surname:Zhang;given-names:M.</infon><infon key="name_1">surname:Pei;given-names:L.</infon><infon key="name_2">surname:Deng;given-names:X.</infon><infon key="section_type">REF</infon><infon key="source">Proceedings of the 2016 Fourth International Conference on Ubiquitous Positioning, Indoor Navigation and Location Based Services (UPINLBS)</infon><infon key="type">ref</infon><offset>35624</offset><text>GraphSLAM-based Crowdsourcing framework for indoor Wi-Fi fingerprinting</text></passage><passage><infon key="name_0">surname:Caso;given-names:G.</infon><infon key="name_1">surname:de Nardis;given-names:L.</infon><infon key="name_2">surname:Lemic;given-names:F.</infon><infon key="name_3">surname:Handziski;given-names:V.</infon><infon key="name_4">surname:Wolisz;given-names:A.</infon><infon key="name_5">surname:di Benedetto;given-names:M.</infon><infon key="pub-id_doi">10.1109/TMC.2019.2908865</infon><infon key="section_type">REF</infon><infon key="source">IEEE Trans. Mob. Comput.</infon><infon key="type">ref</infon><infon key="year">2019</infon><offset>35696</offset><text>ViFi: Virtual Fingerprinting WiFi-based Indoor Positioning via Multi-Wall Multi-Floor Propagation Model</text></passage><passage><infon key="fpage">26255</infon><infon key="lpage">26267</infon><infon key="name_0">surname:Yang;given-names:J.</infon><infon key="name_1">surname:Zhao;given-names:X.</infon><infon key="name_2">surname:Li;given-names:Z.</infon><infon key="pub-id_doi">10.1109/ACCESS.2019.2901736</infon><infon key="section_type">REF</infon><infon key="source">IEEE Access</infon><infon key="type">ref</infon><infon key="volume">7</infon><infon key="year">2019</infon><offset>35800</offset><text>Crowdsourcing Indoor Positioning by Light-Weight Automatic Fingerprint Updating via Ensemble Learning</text></passage><passage><infon key="fpage">2803</infon><infon key="lpage">2811</infon><infon key="name_0">surname:Gao;given-names:L.</infon><infon key="name_1">surname:Hou;given-names:F.</infon><infon key="name_2">surname:Huang;given-names:J.</infon><infon key="section_type">REF</infon><infon key="source">Proceedings of the 2015 IEEE Conference on Computer Communications (INFOCOM)</infon><infon key="type">ref</infon><offset>35902</offset><text>Providing long-term participation incentivein participatory sensing</text></passage><passage><infon key="fpage">60</infon><infon key="lpage">68</infon><infon key="name_0">surname:Li;given-names:J.</infon><infon key="name_1">surname:Hoh;given-names:B.</infon><infon key="section_type">REF</infon><infon key="source">Proceedings of the 2010 IEEE International Conference on Pervasive Computing and Communications (PerCom)</infon><infon key="type">ref</infon><offset>35970</offset><text>Sell your experiences: A market mechanism basedincentive for participatory sensing</text></passage><passage><infon key="fpage">425</infon><infon key="lpage">433</infon><infon key="name_0">surname:Luo;given-names:T.</infon><infon key="name_1">surname:Tham;given-names:C.</infon><infon key="section_type">REF</infon><infon key="source">Proceedings of the 2012 9th Annual IEEE Communications Society Conference on Sensor, Mesh and Ad Hoc Communications and Networks (SECON)</infon><infon key="type">ref</infon><offset>36053</offset><text>Fairness and social welfare in incentivizing participatory sensing</text></passage><passage><infon key="fpage">115</infon><infon key="lpage">128</infon><infon key="name_0">surname:Faltings;given-names:B.</infon><infon key="name_1">surname:Li;given-names:J.</infon><infon key="name_2">surname:Jurca;given-names:R.</infon><infon key="pub-id_doi">10.1109/TC.2013.150</infon><infon key="section_type">REF</infon><infon key="source">IEEE Trans. Comput.</infon><infon key="type">ref</infon><infon key="volume">63</infon><infon key="year">2014</infon><offset>36120</offset><text>Incentive mechanisms for community sensing</text></passage><passage><infon key="fpage">154</infon><infon key="lpage">162</infon><infon key="name_0">surname:Gu;given-names:B.</infon><infon key="name_1">surname:Liu;given-names:Z.</infon><infon key="name_2">surname:Zhang;given-names:C.</infon><infon key="name_3">surname:Yamori;given-names:K.</infon><infon key="name_4">surname:Mizuno;given-names:O.</infon><infon key="name_5">surname:Tanaka;given-names:Y.</infon><infon key="pub-id_doi">10.1587/transcom.2017EBP3097</infon><infon key="section_type">REF</infon><infon key="source">IEICE Trans. Commun.</infon><infon key="type">ref</infon><infon key="volume">101</infon><infon key="year">2018</infon><offset>36163</offset><text>A Stackelberg game based pricing and user association for spectrum splitting macro-femto HetNets</text></passage><passage><infon key="fpage">128</infon><infon key="lpage">138</infon><infon key="name_0">surname:Xu;given-names:Y.</infon><infon key="name_1">surname:Low;given-names:S.H.</infon><infon key="pub-id_doi">10.1109/TSG.2015.2483523</infon><infon key="section_type">REF</infon><infon key="source">IEEE Trans. Smart Grid</infon><infon key="type">ref</infon><infon key="volume">8</infon><infon key="year">2017</infon><offset>36260</offset><text>An effcient and incentive compatible mechanism for wholesale electricity markets</text></passage><passage><infon key="fpage">6940</infon><infon key="lpage">6952</infon><infon key="name_0">surname:Wang;given-names:X.</infon><infon key="name_1">surname:Liu;given-names:Z.</infon><infon key="name_2">surname:Tian;given-names:X.</infon><infon key="name_3">surname:Gan;given-names:X.</infon><infon key="name_4">surname:Guan;given-names:Y.</infon><infon key="name_5">surname:Wang;given-names:X.</infon><infon key="pub-id_doi">10.1109/TWC.2017.2734758</infon><infon key="section_type">REF</infon><infon key="source">IEEE Trans. Wirel. Commun.</infon><infon key="type">ref</infon><infon key="volume">16</infon><infon key="year">2017</infon><offset>36341</offset><text>Incentivizingcrowdsensing with location-privacy preserving</text></passage><passage><infon key="fpage">1732</infon><infon key="lpage">1744</infon><infon key="name_0">surname:Yang;given-names:D.</infon><infon key="name_1">surname:Xue;given-names:G.</infon><infon key="name_2">surname:Fang;given-names:X.</infon><infon key="name_3">surname:Tang;given-names:J.</infon><infon key="pub-id_doi">10.1109/TNET.2015.2421897</infon><infon key="section_type">REF</infon><infon key="source">IEEE/ACM Trans. Netw.</infon><infon key="type">ref</infon><infon key="volume">24</infon><infon key="year">2016</infon><offset>36400</offset><text>Incentive mechanisms for crowd-sensing: Crowdsourcing with smartphones</text></passage><passage><infon key="fpage">1</infon><infon key="lpage">5</infon><infon key="name_0">surname:Mochaourab;given-names:R.</infon><infon key="name_1">surname:Jorswieck;given-names:E.</infon><infon key="section_type">REF</infon><infon key="source">Proceedings of the 2011 IEEE International Conference on Communications Workshops (ICC)</infon><infon key="type">ref</infon><offset>36471</offset><text>Walrasian Equilibrium in Two-User Multiple-Input Single-Output Interference Channels</text></passage><passage><infon key="fpage">51</infon><infon key="lpage">57</infon><infon key="name_0">surname:Mochaourab;given-names:R.</infon><infon key="name_1">surname:Jorswieck;given-names:E.A.</infon><infon key="section_type">REF</infon><infon key="source">Proceedings of the 2012 6th International Conference on Network Games, Control and Optimization (NetGCooP)</infon><infon key="type">ref</infon><offset>36556</offset><text>Walrasian equilibrium power allocation in protected and shared bands</text></passage><passage><infon key="fpage">774</infon><infon key="lpage">781</infon><infon key="name_0">surname:Motto;given-names:A.L.</infon><infon key="name_1">surname:Galiana;given-names:F.D.</infon><infon key="name_2">surname:Conejo;given-names:A.J.</infon><infon key="name_3">surname:Huneault;given-names:M.</infon><infon key="pub-id_doi">10.1109/TPWRS.2002.800951</infon><infon key="section_type">REF</infon><infon key="source">IEEE Trans. Power Syst.</infon><infon key="type">ref</infon><infon key="volume">17</infon><infon key="year">2002</infon><offset>36625</offset><text>On walrasian equilibrium for pool-based electricity markets</text></passage><passage><infon key="fpage">3924</infon><infon key="lpage">3936</infon><infon key="name_0">surname:Mochaourab;given-names:R.</infon><infon key="name_1">surname:Holfeld;given-names:B.</infon><infon key="name_2">surname:Wirth;given-names:T.</infon><infon key="pub-id_doi">10.1109/TWC.2015.2414918</infon><infon key="section_type">REF</infon><infon key="source">IEEE Trans. Wirel. Commun.</infon><infon key="type">ref</infon><infon key="volume">14</infon><infon key="year">2015</infon><offset>36685</offset><text>Distributed Channel Assignment in Cognitive Radio Networks: Stable Matching and Walrasian Equilibrium</text></passage><passage><infon key="fpage">281</infon><infon key="lpage">290</infon><infon key="name_0">surname:Azevedo;given-names:E.M.</infon><infon key="name_1">surname:Weyl;given-names:E.G.</infon><infon key="name_2">surname:White;given-names:A.</infon><infon key="pub-id_doi">10.3982/TE1060</infon><infon key="section_type">REF</infon><infon key="source">Theor. Econ.</infon><infon key="type">ref</infon><infon key="volume">8</infon><infon key="year">2013</infon><offset>36787</offset><text>Walrasian equilibrium in large, quasilinear markets</text></passage><passage><infon key="fpage">245</infon><infon key="lpage">259</infon><infon key="name_0">surname:Wooders;given-names:J.</infon><infon key="pub-id_doi">10.1016/S0165-4896(98)00002-X</infon><infon key="section_type">REF</infon><infon key="source">Math. Soc. Sci.</infon><infon key="type">ref</infon><infon key="volume">35</infon><infon key="year">1998</infon><offset>36839</offset><text>Walrasian equilibrium in matching models</text></passage><passage><infon key="fpage">921</infon><infon key="lpage">934</infon><infon key="name_0">surname:He;given-names:S.</infon><infon key="name_1">surname:Shin;given-names:D.</infon><infon key="name_2">surname:Zhang;given-names:J.</infon><infon key="name_3">surname:Chen;given-names:J.</infon><infon key="name_4">surname:Lin;given-names:P.</infon><infon key="pub-id_doi">10.1109/JSAC.2017.2680858</infon><infon key="section_type">REF</infon><infon key="source">IEEE J. Sel. Areas Commun.</infon><infon key="type">ref</infon><infon key="volume">35</infon><infon key="year">2017</infon><offset>36880</offset><text>An Exchange Market Approach to Mobile Crowdsensing: Pricing, Task Allocation, and Walrasian Equilibrium</text></passage><passage><infon key="fpage">4048</infon><infon key="lpage">4057</infon><infon key="name_0">surname:Duan;given-names:X.</infon><infon key="name_1">surname:Zhao;given-names:C.</infon><infon key="name_2">surname:He;given-names:S.</infon><infon key="name_3">surname:Cheng;given-names:P.</infon><infon key="name_4">surname:Zhang;given-names:J.</infon><infon key="pub-id_doi">10.1109/TIE.2016.2645138</infon><infon key="section_type">REF</infon><infon key="source">IEEE Trans. Ind. Electron.</infon><infon key="type">ref</infon><infon key="volume">64</infon><infon key="year">2017</infon><offset>36984</offset><text>Distributed Algorithms to Compute Walrasian Equilibrium in Mobile Crowdsensing</text></passage><passage><infon key="fpage">1</infon><infon key="lpage">2</infon><infon key="name_0">surname:Höflinger;given-names:F.</infon><infon key="name_1">surname:Zhang;given-names:R.</infon><infon key="name_2">surname:Fehrenbach;given-names:P.</infon><infon key="name_3">surname:Bordoy;given-names:J.</infon><infon key="name_4">surname:Reindl;given-names:L.</infon><infon key="name_5">surname:Schindelhauer;given-names:C.</infon><infon key="section_type">REF</infon><infon key="source">Proceedings of the 2017 IEEE International Symposium on Inertial Sensors and Systems (INERTIAL)</infon><infon key="type">ref</infon><offset>37063</offset><text>Localization system based on handheld inertial sensors and UWB</text></passage><passage><infon key="fpage">895</infon><infon key="lpage">900</infon><infon key="name_0">surname:Jeong;given-names:S.</infon><infon key="name_1">surname:Oh;given-names:C.</infon><infon key="section_type">REF</infon><infon key="source">Proceedings of the 2009 11th International Conference on Advanced Communication Technology</infon><infon key="type">ref</infon><offset>37126</offset><text>RSS-based cooperative localization algorithm using virtual reference node in wireless sensor networks</text></passage><passage><infon key="file">sensors-19-02693-g001.jpg</infon><infon key="id">sensors-19-02693-f001</infon><infon key="section_type">FIG</infon><infon key="type">fig_caption</infon><offset>37228</offset><text>Mobile crowdsourcing model for indoor fingerprint localization.</text></passage><passage><infon key="file">sensors-19-02693-g002.jpg</infon><infon key="id">sensors-19-02693-f002</infon><infon key="section_type">FIG</infon><infon key="type">fig_caption</infon><offset>37292</offset><text>Verification of convergence for (a) mismatch between demand and supply, (b) price of trajectory, (c) demand of the crowdsourcer, and (d) supply by mobile user  and .</text></passage><passage><infon key="file">sensors-19-02693-g003b.jpg</infon><infon key="id">sensors-19-02693-f003</infon><infon key="section_type">FIG</infon><infon key="type">fig_caption</infon><offset>37458</offset><text>Utility changes with the iteration process in our proposed algorithm: (a) utility of the crowdsourcer; (b) utility of mobile user , and ; and (c) social welfare.</text></passage><passage><infon key="file">sensors-19-02693-g004b.jpg</infon><infon key="id">sensors-19-02693-f004</infon><infon key="section_type">FIG</infon><infon key="type">fig_caption</infon><offset>37620</offset><text>Performance comparison between our proposed algorithm and crowdsourcer-centric scheme: (a) social welfare; (b) utility of the crowdsourcer; and (c) total utility of mobile users.</text></passage><passage><infon key="file">sensors-19-02693-g005.jpg</infon><infon key="id">sensors-19-02693-f005</infon><infon key="section_type">FIG</infon><infon key="type">fig_caption</infon><offset>37799</offset><text>Demands of the crowdsourcer change with the number of mobile users.</text></passage><passage><infon key="file">sensors-19-02693-t001.xml</infon><infon key="id">sensors-19-02693-t001</infon><infon key="section_type">TABLE</infon><infon key="type">table_caption</infon><offset>37867</offset><text>Simulation parameters.</text></passage><passage><infon key="file">sensors-19-02693-t001.xml</infon><infon key="id">sensors-19-02693-t001</infon><infon key="section_type">TABLE</infon><infon key="type">table</infon><infon key="xml">&lt;?xml version=&quot;1.0&quot; encoding=&quot;UTF-8&quot;?&gt;
&lt;table xmlns:mml=&quot;http://www.w3.org/1998/Math/MathML&quot; frame=&quot;hsides&quot; rules=&quot;groups&quot;&gt;&lt;thead&gt;&lt;tr&gt;&lt;th align=&quot;center&quot; valign=&quot;middle&quot; style=&quot;border-top:solid thin;border-bottom:solid thin&quot; rowspan=&quot;1&quot; colspan=&quot;1&quot;&gt;Parameter&lt;/th&gt;&lt;th align=&quot;center&quot; valign=&quot;middle&quot; style=&quot;border-top:solid thin;border-bottom:solid thin&quot; rowspan=&quot;1&quot; colspan=&quot;1&quot;&gt;Value&lt;/th&gt;&lt;/tr&gt;&lt;/thead&gt;&lt;tbody&gt;&lt;tr&gt;&lt;td align=&quot;center&quot; valign=&quot;middle&quot; rowspan=&quot;1&quot; colspan=&quot;1&quot;&gt;Crowdsourcer payoff coefficient &lt;inline-formula&gt;&lt;mml:math id=&quot;mm88&quot;&gt;&lt;mml:mrow&gt;&lt;mml:mi mathvariant=&quot;sans-serif&quot;&gt;σ&lt;/mml:mi&gt;&lt;/mml:mrow&gt;&lt;/mml:math&gt;&lt;/inline-formula&gt;&lt;/td&gt;&lt;td align=&quot;center&quot; valign=&quot;middle&quot; rowspan=&quot;1&quot; colspan=&quot;1&quot;&gt;50&lt;/td&gt;&lt;/tr&gt;&lt;tr&gt;&lt;td align=&quot;center&quot; valign=&quot;middle&quot; rowspan=&quot;1&quot; colspan=&quot;1&quot;&gt;Elastic coefficient &lt;inline-formula&gt;&lt;mml:math id=&quot;mm89&quot;&gt;&lt;mml:mrow&gt;&lt;mml:mrow&gt;&lt;mml:mrow&gt;&lt;mml:mo stretchy=&quot;false&quot;&gt;{&lt;/mml:mo&gt;&lt;mml:mrow&gt;&lt;mml:mrow&gt;&lt;mml:mrow&gt;&lt;mml:msub&gt;&lt;mml:mi&gt;w&lt;/mml:mi&gt;&lt;mml:mn&gt;1&lt;/mml:mn&gt;&lt;/mml:msub&gt;&lt;mml:mo&gt;,&lt;/mml:mo&gt;&lt;mml:msub&gt;&lt;mml:mi&gt;w&lt;/mml:mi&gt;&lt;mml:mn&gt;2&lt;/mml:mn&gt;&lt;/mml:msub&gt;&lt;mml:mo&gt;,&lt;/mml:mo&gt;&lt;mml:msub&gt;&lt;mml:mi&gt;w&lt;/mml:mi&gt;&lt;mml:mn&gt;3&lt;/mml:mn&gt;&lt;/mml:msub&gt;&lt;mml:mo&gt;,&lt;/mml:mo&gt;&lt;mml:msub&gt;&lt;mml:mi&gt;w&lt;/mml:mi&gt;&lt;mml:mn&gt;4&lt;/mml:mn&gt;&lt;/mml:msub&gt;&lt;/mml:mrow&gt;&lt;mml:mo stretchy=&quot;false&quot;&gt;}&lt;/mml:mo&gt;&lt;/mml:mrow&gt;&lt;/mml:mrow&gt;&lt;/mml:mrow&gt;&lt;/mml:mrow&gt;&lt;/mml:mrow&gt;&lt;/mml:math&gt;&lt;/inline-formula&gt;&lt;/td&gt;&lt;td align=&quot;center&quot; valign=&quot;middle&quot; rowspan=&quot;1&quot; colspan=&quot;1&quot;&gt;
&lt;inline-formula&gt;&lt;mml:math id=&quot;mm90&quot;&gt;&lt;mml:mrow&gt;&lt;mml:mrow&gt;&lt;mml:mrow&gt;&lt;mml:mo stretchy=&quot;false&quot;&gt;{&lt;/mml:mo&gt;&lt;mml:mrow&gt;&lt;mml:mn&gt;0.3&lt;/mml:mn&gt;&lt;mml:mo&gt;,&lt;/mml:mo&gt;&lt;mml:mtext&gt; &lt;/mml:mtext&gt;&lt;mml:mn&gt;0.2&lt;/mml:mn&gt;&lt;mml:mo&gt;,&lt;/mml:mo&gt;&lt;mml:mtext&gt; &lt;/mml:mtext&gt;&lt;mml:mn&gt;0.2&lt;/mml:mn&gt;&lt;mml:mo&gt;,&lt;/mml:mo&gt;&lt;mml:mtext&gt; &lt;/mml:mtext&gt;&lt;mml:mn&gt;0.1&lt;/mml:mn&gt;&lt;/mml:mrow&gt;&lt;mml:mo stretchy=&quot;false&quot;&gt;}&lt;/mml:mo&gt;&lt;/mml:mrow&gt;&lt;/mml:mrow&gt;&lt;/mml:mrow&gt;&lt;/mml:math&gt;&lt;/inline-formula&gt;
&lt;/td&gt;&lt;/tr&gt;&lt;tr&gt;&lt;td align=&quot;center&quot; valign=&quot;middle&quot; rowspan=&quot;1&quot; colspan=&quot;1&quot;&gt;Initial prices for all subareas &lt;bold&gt;p&lt;/bold&gt;&lt;/td&gt;&lt;td align=&quot;center&quot; valign=&quot;middle&quot; rowspan=&quot;1&quot; colspan=&quot;1&quot;&gt;
&lt;inline-formula&gt;&lt;mml:math id=&quot;mm91&quot;&gt;&lt;mml:mrow&gt;&lt;mml:mrow&gt;&lt;mml:mrow&gt;&lt;mml:mo stretchy=&quot;false&quot;&gt;{&lt;/mml:mo&gt;&lt;mml:mrow&gt;&lt;mml:mn&gt;5&lt;/mml:mn&gt;&lt;mml:mo&gt;,&lt;/mml:mo&gt;&lt;mml:mtext&gt; &lt;/mml:mtext&gt;&lt;mml:mn&gt;5&lt;/mml:mn&gt;&lt;mml:mo&gt;,&lt;/mml:mo&gt;&lt;mml:mtext&gt; &lt;/mml:mtext&gt;&lt;mml:mn&gt;5&lt;/mml:mn&gt;&lt;mml:mo&gt;,&lt;/mml:mo&gt;&lt;mml:mtext&gt; &lt;/mml:mtext&gt;&lt;mml:mn&gt;5&lt;/mml:mn&gt;&lt;/mml:mrow&gt;&lt;mml:mo stretchy=&quot;false&quot;&gt;}&lt;/mml:mo&gt;&lt;/mml:mrow&gt;&lt;/mml:mrow&gt;&lt;/mml:mrow&gt;&lt;/mml:math&gt;&lt;/inline-formula&gt;
&lt;/td&gt;&lt;/tr&gt;&lt;tr&gt;&lt;td align=&quot;center&quot; valign=&quot;middle&quot; rowspan=&quot;1&quot; colspan=&quot;1&quot;&gt;Number of users in each subarea &lt;inline-formula&gt;&lt;mml:math id=&quot;mm92&quot;&gt;&lt;mml:mrow&gt;&lt;mml:mrow&gt;&lt;mml:mo stretchy=&quot;false&quot;&gt;{&lt;/mml:mo&gt;&lt;mml:msub&gt;&lt;mml:mi&gt;A&lt;/mml:mi&gt;&lt;mml:mn&gt;1&lt;/mml:mn&gt;&lt;/mml:msub&gt;&lt;mml:mo&gt;,&lt;/mml:mo&gt;&lt;mml:msub&gt;&lt;mml:mi&gt;A&lt;/mml:mi&gt;&lt;mml:mn&gt;2&lt;/mml:mn&gt;&lt;/mml:msub&gt;&lt;mml:mo&gt;,&lt;/mml:mo&gt;&lt;mml:msub&gt;&lt;mml:mi&gt;A&lt;/mml:mi&gt;&lt;mml:mn&gt;3&lt;/mml:mn&gt;&lt;/mml:msub&gt;&lt;mml:mo&gt;,&lt;/mml:mo&gt;&lt;mml:msub&gt;&lt;mml:mi&gt;A&lt;/mml:mi&gt;&lt;mml:mn&gt;4&lt;/mml:mn&gt;&lt;/mml:msub&gt;&lt;mml:mo stretchy=&quot;false&quot;&gt;}&lt;/mml:mo&gt;&lt;/mml:mrow&gt;&lt;/mml:mrow&gt;&lt;/mml:math&gt;&lt;/inline-formula&gt;&lt;/td&gt;&lt;td align=&quot;center&quot; valign=&quot;middle&quot; rowspan=&quot;1&quot; colspan=&quot;1&quot;&gt;
&lt;inline-formula&gt;&lt;mml:math id=&quot;mm93&quot;&gt;&lt;mml:mrow&gt;&lt;mml:mrow&gt;&lt;mml:mo stretchy=&quot;false&quot;&gt;{&lt;/mml:mo&gt;&lt;mml:mn&gt;8&lt;/mml:mn&gt;&lt;mml:mo&gt;,&lt;/mml:mo&gt;&lt;mml:mn&gt;7&lt;/mml:mn&gt;&lt;mml:mo&gt;,&lt;/mml:mo&gt;&lt;mml:mn&gt;4&lt;/mml:mn&gt;&lt;mml:mo&gt;,&lt;/mml:mo&gt;&lt;mml:mn&gt;3&lt;/mml:mn&gt;&lt;mml:mo stretchy=&quot;false&quot;&gt;}&lt;/mml:mo&gt;&lt;/mml:mrow&gt;&lt;/mml:mrow&gt;&lt;/mml:math&gt;&lt;/inline-formula&gt;
&lt;/td&gt;&lt;/tr&gt;&lt;tr&gt;&lt;td align=&quot;center&quot; valign=&quot;middle&quot; rowspan=&quot;1&quot; colspan=&quot;1&quot;&gt;User cost coefficient &lt;inline-formula&gt;&lt;mml:math id=&quot;mm94&quot;&gt;&lt;mml:mrow&gt;&lt;mml:mrow&gt;&lt;mml:msub&gt;&lt;mml:mi&gt;a&lt;/mml:mi&gt;&lt;mml:mi&gt;i&lt;/mml:mi&gt;&lt;/mml:msub&gt;&lt;/mml:mrow&gt;&lt;/mml:mrow&gt;&lt;/mml:math&gt;&lt;/inline-formula&gt;&lt;/td&gt;&lt;td align=&quot;center&quot; valign=&quot;middle&quot; rowspan=&quot;1&quot; colspan=&quot;1&quot;&gt;randomly selected among &lt;inline-formula&gt;&lt;mml:math id=&quot;mm95&quot;&gt;&lt;mml:mrow&gt;&lt;mml:mrow&gt;&lt;mml:mo stretchy=&quot;false&quot;&gt;(&lt;/mml:mo&gt;&lt;mml:mn&gt;0&lt;/mml:mn&gt;&lt;mml:mo&gt;,&lt;/mml:mo&gt;&lt;mml:mn&gt;1&lt;/mml:mn&gt;&lt;mml:mo stretchy=&quot;false&quot;&gt;)&lt;/mml:mo&gt;&lt;/mml:mrow&gt;&lt;/mml:mrow&gt;&lt;/mml:math&gt;&lt;/inline-formula&gt;&lt;/td&gt;&lt;/tr&gt;&lt;tr&gt;&lt;td align=&quot;center&quot; valign=&quot;middle&quot; rowspan=&quot;1&quot; colspan=&quot;1&quot;&gt;User cost coefficient &lt;inline-formula&gt;&lt;mml:math id=&quot;mm96&quot;&gt;&lt;mml:mrow&gt;&lt;mml:mrow&gt;&lt;mml:msub&gt;&lt;mml:mi&gt;b&lt;/mml:mi&gt;&lt;mml:mi&gt;i&lt;/mml:mi&gt;&lt;/mml:msub&gt;&lt;/mml:mrow&gt;&lt;/mml:mrow&gt;&lt;/mml:math&gt;&lt;/inline-formula&gt;&lt;/td&gt;&lt;td align=&quot;center&quot; valign=&quot;middle&quot; rowspan=&quot;1&quot; colspan=&quot;1&quot;&gt;randomly selected among &lt;inline-formula&gt;&lt;mml:math id=&quot;mm97&quot;&gt;&lt;mml:mrow&gt;&lt;mml:mrow&gt;&lt;mml:mo stretchy=&quot;false&quot;&gt;(&lt;/mml:mo&gt;&lt;mml:mn&gt;0&lt;/mml:mn&gt;&lt;mml:mo&gt;,&lt;/mml:mo&gt;&lt;mml:mn&gt;2&lt;/mml:mn&gt;&lt;mml:mo stretchy=&quot;false&quot;&gt;)&lt;/mml:mo&gt;&lt;/mml:mrow&gt;&lt;/mml:mrow&gt;&lt;/mml:math&gt;&lt;/inline-formula&gt;&lt;/td&gt;&lt;/tr&gt;&lt;tr&gt;&lt;td align=&quot;center&quot; valign=&quot;middle&quot; style=&quot;border-bottom:solid thin&quot; rowspan=&quot;1&quot; colspan=&quot;1&quot;&gt;Iteration coefficient &lt;inline-formula&gt;&lt;mml:math id=&quot;mm98&quot;&gt;&lt;mml:mrow&gt;&lt;mml:mi&gt;α&lt;/mml:mi&gt;&lt;/mml:mrow&gt;&lt;/mml:math&gt;&lt;/inline-formula&gt;&lt;/td&gt;&lt;td align=&quot;center&quot; valign=&quot;middle&quot; style=&quot;border-bottom:solid thin&quot; rowspan=&quot;1&quot; colspan=&quot;1&quot;&gt;default value is 0.005&lt;/td&gt;&lt;/tr&gt;&lt;/tbody&gt;&lt;/table&gt;
</infon><offset>37890</offset><text>Parameter	Value	 	Crowdsourcer payoff coefficient 	50	 	Elastic coefficient 		 	Initial prices for all subareas p		 	Number of users in each subarea 		 	User cost coefficient 	randomly selected among 	 	User cost coefficient 	randomly selected among 	 	Iteration coefficient 	default value is 0.005	 	</text></passage></document></collection>
