<?xml version="1.0" encoding="UTF-8"?>
<!DOCTYPE collection SYSTEM "BioC.dtd">
<collection><source>PMC</source><date>20220713</date><key>pmc.key</key><document><id>6655411</id><infon key="license">CC BY-NC</infon><passage><infon key="article-id_doi">10.1093/jat/bkz049</infon><infon key="article-id_pmc">6655411</infon><infon key="article-id_pmid">31241748</infon><infon key="article-id_publisher-id">bkz049</infon><infon key="fpage">e7</infon><infon key="issue">6</infon><infon key="license">This is an Open Access article distributed under the terms of the Creative Commons Attribution Non-Commercial License (http://creativecommons.org/licenses/by-nc/4.0/), which permits non-commercial re-use, distribution, and reproduction in any medium, provided the original work is properly cited. For commercial re-use, please contact journals.permissions@oup.com</infon><infon key="lpage">e8</infon><infon key="name_0">surname:Mardal;given-names:Marie</infon><infon key="name_1">surname:Andreasen;given-names:Mette Findal</infon><infon key="name_2">surname:Mollerup;given-names:Christian Brinch</infon><infon key="name_3">surname:Stockham;given-names:Peter</infon><infon key="name_4">surname:Telving;given-names:Rasmus</infon><infon key="name_5">surname:Thomaidis;given-names:Nikolaos S</infon><infon key="name_6">surname:Diamanti;given-names:Konstantina S</infon><infon key="name_7">surname:Linnet;given-names:Kristian</infon><infon key="name_8">surname:Dalsgaard;given-names:Petur Weihe</infon><infon key="section_type">TITLE</infon><infon key="type">front</infon><infon key="volume">43</infon><infon key="year">2019</infon><offset>0</offset><text>Corrigendum to ”HighResNPS.com: An Online Crowd-Sourced HR-MS Database for Suspect and Non-targeted Screening of New Psychoactive Substances”</text></passage><passage><infon key="section_type">INTRO</infon><infon key="type">paragraph</infon><offset>146</offset><text> Journal of Analytical Toxicology, 2019; 1–8 https://doi.org/10.1093/jat/bkz030.</text></passage><passage><infon key="section_type">INTRO</infon><infon key="type">paragraph</infon><offset>229</offset><text>In the Paper: “HighResNPS.com: An Online Crowd-Sourced HR-MS Database for Suspect and Non-targeted Screening of New Psychoactive Substances”, the listed ‘Acquisition control’, ‘Collision energies’, and ‘Scan range(s)’ settings for the Agilent MassHunter screening in table II are incorrect. The correct acquisition control is: “DIA (AllIonsMS. Full-scan at four successive collision energies acquired over the 12 min chromatographic run. Scan rate at 5 spectra/sec, 0.8sec cycle time)”, Collision energies: “0V, 10V, 20V, and 40V”, and Scan range(s): “40-1,050”.</text></passage><passage><infon key="section_type">INTRO</infon><infon key="type">paragraph</infon><offset>820</offset><text>The corrected Table II is reproduced here.</text></passage><passage><infon key="section_type">INTRO</infon><infon key="type">paragraph</infon><offset>863</offset><text>The authors regret the errors.</text></passage><passage><infon key="file">TB1.xml</infon><infon key="id">TB1</infon><infon key="section_type">TABLE</infon><infon key="type">table_caption</infon><offset>894</offset><text>Experimental setups used in the participating laboratories for the HighResNPS data analysis</text></passage><passage><infon key="file">TB1.xml</infon><infon key="id">TB1</infon><infon key="section_type">TABLE</infon><infon key="type">table</infon><infon key="xml">&lt;?xml version=&quot;1.0&quot; encoding=&quot;UTF-8&quot;?&gt;
&lt;table frame=&quot;hsides&quot; rules=&quot;groups&quot;&gt;&lt;colgroup span=&quot;1&quot;&gt;&lt;col align=&quot;left&quot; span=&quot;1&quot;/&gt;&lt;col align=&quot;left&quot; span=&quot;1&quot;/&gt;&lt;col align=&quot;left&quot; span=&quot;1&quot;/&gt;&lt;col align=&quot;left&quot; span=&quot;1&quot;/&gt;&lt;col align=&quot;left&quot; span=&quot;1&quot;/&gt;&lt;/colgroup&gt;&lt;thead&gt;&lt;tr&gt;&lt;th rowspan=&quot;1&quot; colspan=&quot;1&quot;/&gt;&lt;th align=&quot;left&quot; rowspan=&quot;1&quot; colspan=&quot;1&quot;&gt;
&lt;bold&gt;Thermo Fisher TraceFinder&lt;/bold&gt;
&lt;/th&gt;&lt;th align=&quot;left&quot; rowspan=&quot;1&quot; colspan=&quot;1&quot;&gt;
&lt;bold&gt;Waters UNIFI&lt;/bold&gt;
&lt;/th&gt;&lt;th align=&quot;left&quot; rowspan=&quot;1&quot; colspan=&quot;1&quot;&gt;
&lt;bold&gt;Bruker Data analysis&lt;/bold&gt;
&lt;/th&gt;&lt;th align=&quot;left&quot; rowspan=&quot;1&quot; colspan=&quot;1&quot;&gt;
&lt;bold&gt;Agilent MassHunter&lt;/bold&gt;
&lt;/th&gt;&lt;/tr&gt;&lt;/thead&gt;&lt;tbody&gt;&lt;tr&gt;&lt;td align=&quot;left&quot; rowspan=&quot;1&quot; colspan=&quot;1&quot;&gt;LC system&lt;/td&gt;&lt;td align=&quot;left&quot; rowspan=&quot;1&quot; colspan=&quot;1&quot;&gt;Dionex Ultimate 3000 HPLC system (Thermo)&lt;/td&gt;&lt;td align=&quot;left&quot; rowspan=&quot;1&quot; colspan=&quot;1&quot;&gt;Acquity UPLC I-Class (Waters)&lt;/td&gt;&lt;td align=&quot;left&quot; rowspan=&quot;1&quot; colspan=&quot;1&quot;&gt;Acquity I-Class UPLC system (Waters)&lt;/td&gt;&lt;td align=&quot;left&quot; rowspan=&quot;1&quot; colspan=&quot;1&quot;&gt;1290 Infinity II LC system (Agilent)&lt;/td&gt;&lt;/tr&gt;&lt;tr&gt;&lt;td align=&quot;left&quot; rowspan=&quot;1&quot; colspan=&quot;1&quot;&gt;LC column&lt;/td&gt;&lt;td align=&quot;left&quot; rowspan=&quot;1&quot; colspan=&quot;1&quot;&gt;Acquity UPLC 1.8 μm HSS C&lt;sub&gt;18&lt;/sub&gt; (150 mm x 2.1 mm) (Waters)&lt;/td&gt;&lt;td align=&quot;left&quot; rowspan=&quot;1&quot; colspan=&quot;1&quot;&gt;Acquity UPLC 1.8 μm HSS C&lt;sub&gt;18&lt;/sub&gt; (150 mm x 2.1 mm) (Waters)&lt;/td&gt;&lt;td align=&quot;left&quot; rowspan=&quot;1&quot; colspan=&quot;1&quot;&gt;Acquity UPLC 1.7 μm BEH C&lt;sub&gt;18&lt;/sub&gt;, (100 mm x 2.1 mm) (Waters)&lt;/td&gt;&lt;td align=&quot;left&quot; rowspan=&quot;1&quot; colspan=&quot;1&quot;&gt;Acquity 1.7 μm BEH C&lt;sub&gt;18&lt;/sub&gt; (50 × 3.0 mm) (Waters)&lt;/td&gt;&lt;/tr&gt;&lt;tr&gt;&lt;td align=&quot;left&quot; rowspan=&quot;1&quot; colspan=&quot;1&quot;&gt;LC gradient&lt;/td&gt;&lt;td align=&quot;left&quot; rowspan=&quot;1&quot; colspan=&quot;1&quot;&gt;Linear gradient of 5-95 % B within 12.5 min. Mobile phase A: 2 mM ammonium formate buffer with 0.1 % formic acid (v/v). mobile phase B: 0.1 % formic acid in methanol (v/v)&lt;/td&gt;&lt;td align=&quot;left&quot; rowspan=&quot;1&quot; colspan=&quot;1&quot;&gt;Linear gradient of 13-50 % B from 0.5 to 10 min, then 50-95 % B from 10 to 10.75 min. Mobile phase A: 5 mM aqueous ammonium formate buffer (pH 3), mobile phase B: 0.1 % formic acid in acetonitrile (v/v)&lt;/td&gt;&lt;td align=&quot;left&quot; rowspan=&quot;1&quot; colspan=&quot;1&quot;&gt;Linear gradient of 0-20% B from 0 to 4 min, then 20-80% B to 8 min, constant 80% B to 8.5 min, 80-100% B to 9 min, constant 100%B to 10 min, and reequilibration at 0% B to 13.5 min. Mobile phase A: 0.1% aqueous formic acid, mobile phase B: acetonitrile&lt;/td&gt;&lt;td align=&quot;left&quot; rowspan=&quot;1&quot; colspan=&quot;1&quot;&gt;Linear gradient of 10-50 from 0.5-8 min, then 50-5% B from 8-10 min, constant for 0.1 min (with concurrent increase in flow rate to 400 μL/min), 0% B over 0.1 min and maintained for 1.8 min. Mobile phase A: 0.1% aqueous formic acid, mobile phase B: acetonitrile&lt;/td&gt;&lt;/tr&gt;&lt;tr&gt;&lt;td align=&quot;left&quot; rowspan=&quot;1&quot; colspan=&quot;1&quot;&gt;Injection volume&lt;/td&gt;&lt;td align=&quot;left&quot; rowspan=&quot;1&quot; colspan=&quot;1&quot;&gt;1 μL&lt;/td&gt;&lt;td align=&quot;left&quot; rowspan=&quot;1&quot; colspan=&quot;1&quot;&gt;3 μL&lt;/td&gt;&lt;td align=&quot;left&quot; rowspan=&quot;1&quot; colspan=&quot;1&quot;&gt;10 μL&lt;/td&gt;&lt;td align=&quot;left&quot; rowspan=&quot;1&quot; colspan=&quot;1&quot;&gt;0.3 μL&lt;/td&gt;&lt;/tr&gt;&lt;tr&gt;&lt;td align=&quot;left&quot; rowspan=&quot;1&quot; colspan=&quot;1&quot;&gt;Flow rate&lt;/td&gt;&lt;td align=&quot;left&quot; rowspan=&quot;1&quot; colspan=&quot;1&quot;&gt;200 μL/min&lt;/td&gt;&lt;td align=&quot;left&quot; rowspan=&quot;1&quot; colspan=&quot;1&quot;&gt;400 μL/min&lt;/td&gt;&lt;td align=&quot;left&quot; rowspan=&quot;1&quot; colspan=&quot;1&quot;&gt;600 μL/min&lt;/td&gt;&lt;td align=&quot;left&quot; rowspan=&quot;1&quot; colspan=&quot;1&quot;&gt;350 – 400 μL/min&lt;/td&gt;&lt;/tr&gt;&lt;tr&gt;&lt;td align=&quot;left&quot; rowspan=&quot;1&quot; colspan=&quot;1&quot;&gt;Mass spectrometer type&lt;/td&gt;&lt;td align=&quot;left&quot; rowspan=&quot;1&quot; colspan=&quot;1&quot;&gt;Qq-Orbitrap&lt;/td&gt;&lt;td align=&quot;left&quot; rowspan=&quot;1&quot; colspan=&quot;1&quot;&gt;QqTOF&lt;/td&gt;&lt;td align=&quot;left&quot; rowspan=&quot;1&quot; colspan=&quot;1&quot;&gt;QqTOF&lt;/td&gt;&lt;td align=&quot;left&quot; rowspan=&quot;1&quot; colspan=&quot;1&quot;&gt;QqTOF&lt;/td&gt;&lt;/tr&gt;&lt;tr&gt;&lt;td align=&quot;left&quot; rowspan=&quot;1&quot; colspan=&quot;1&quot;&gt;Trade name&lt;/td&gt;&lt;td align=&quot;left&quot; rowspan=&quot;1&quot; colspan=&quot;1&quot;&gt;Q-Exactive (Thermo)&lt;/td&gt;&lt;td align=&quot;left&quot; rowspan=&quot;1&quot; colspan=&quot;1&quot;&gt;Xevo G2-S QTof (Waters)&lt;/td&gt;&lt;td align=&quot;left&quot; rowspan=&quot;1&quot; colspan=&quot;1&quot;&gt;maXis Impact QTOF (Bruker)&lt;/td&gt;&lt;td align=&quot;left&quot; rowspan=&quot;1&quot; colspan=&quot;1&quot;&gt;6545 QTOF (Agilent)&lt;/td&gt;&lt;/tr&gt;&lt;tr&gt;&lt;td align=&quot;left&quot; rowspan=&quot;1&quot; colspan=&quot;1&quot;&gt;Acquisition control&lt;/td&gt;&lt;td align=&quot;left&quot; rowspan=&quot;1&quot; colspan=&quot;1&quot;&gt;DDA (full-scan followed by MS/MS scan of top-5 signals with a dynamic exlusion of 5 s. Isolation width: 1 &lt;italic&gt;m/z&lt;/italic&gt;)&lt;/td&gt;&lt;td align=&quot;left&quot; rowspan=&quot;1&quot; colspan=&quot;1&quot;&gt;DIA (MS scan at low and high collision energy; intensity threshold of 200 and 20 counts; deconvolution based on chromatographic coelution)&lt;/td&gt;&lt;td align=&quot;left&quot; rowspan=&quot;1&quot; colspan=&quot;1&quot;&gt;DIA (MS scan at low and high collision energy)&lt;/td&gt;&lt;td align=&quot;left&quot; rowspan=&quot;1&quot; colspan=&quot;1&quot;&gt;DIA (AllIonsMS. Full-scan at four successive collision energies acquired over the 12 min chromatographic run. Scan rate at 5 spectra/sec, 0.8sec cycle time)&lt;/td&gt;&lt;/tr&gt;&lt;tr&gt;&lt;td align=&quot;left&quot; rowspan=&quot;1&quot; colspan=&quot;1&quot;&gt;Collision energy&lt;/td&gt;&lt;td align=&quot;left&quot; rowspan=&quot;1&quot; colspan=&quot;1&quot;&gt;NCE: 30 eV&lt;/td&gt;&lt;td align=&quot;left&quot; rowspan=&quot;1&quot; colspan=&quot;1&quot;&gt;LE: 4 eV&lt;break/&gt;HE: ramp from 10 to 40 eV&lt;/td&gt;&lt;td align=&quot;left&quot; rowspan=&quot;1&quot; colspan=&quot;1&quot;&gt;MS: 4 eV&lt;break/&gt;bbCID: 25 eV&lt;/td&gt;&lt;td align=&quot;left&quot; rowspan=&quot;1&quot; colspan=&quot;1&quot;&gt;0V, 10V, 20V, and 40V&lt;/td&gt;&lt;/tr&gt;&lt;tr&gt;&lt;td align=&quot;left&quot; rowspan=&quot;1&quot; colspan=&quot;1&quot;&gt;Scan range(s)&lt;/td&gt;&lt;td align=&quot;left&quot; rowspan=&quot;1&quot; colspan=&quot;1&quot;&gt;MS 130-600, MS/MS dynamic first mass&lt;/td&gt;&lt;td align=&quot;left&quot; rowspan=&quot;1&quot; colspan=&quot;1&quot;&gt;50-950&lt;/td&gt;&lt;td align=&quot;left&quot; rowspan=&quot;1&quot; colspan=&quot;1&quot;&gt;50-1,000&lt;/td&gt;&lt;td align=&quot;left&quot; rowspan=&quot;1&quot; colspan=&quot;1&quot;&gt;40-1,050&lt;/td&gt;&lt;/tr&gt;&lt;tr&gt;&lt;td align=&quot;left&quot; rowspan=&quot;1&quot; colspan=&quot;1&quot;&gt;Data analysis software&lt;/td&gt;&lt;td align=&quot;left&quot; rowspan=&quot;1&quot; colspan=&quot;1&quot;&gt;TraceFinder Forensic 4.1&lt;/td&gt;&lt;td align=&quot;left&quot; rowspan=&quot;1&quot; colspan=&quot;1&quot;&gt;UNIFI 1.8.2&lt;/td&gt;&lt;td align=&quot;left&quot; rowspan=&quot;1&quot; colspan=&quot;1&quot;&gt;Target Analysis (1.3) and Data Analysis (4.1)&lt;/td&gt;&lt;td align=&quot;left&quot; rowspan=&quot;1&quot; colspan=&quot;1&quot;&gt;MassHunter Quantitative Analysis (B.09) and MassHunter PCDL version B07&lt;/td&gt;&lt;/tr&gt;&lt;/tbody&gt;&lt;/table&gt;
</infon><offset>986</offset><text>	Thermo Fisher TraceFinder	Waters UNIFI	Bruker Data analysis	Agilent MassHunter	 	LC system	Dionex Ultimate 3000 HPLC system (Thermo)	Acquity UPLC I-Class (Waters)	Acquity I-Class UPLC system (Waters)	1290 Infinity II LC system (Agilent)	 	LC column	Acquity UPLC 1.8 μm HSS C18 (150 mm x 2.1 mm) (Waters)	Acquity UPLC 1.8 μm HSS C18 (150 mm x 2.1 mm) (Waters)	Acquity UPLC 1.7 μm BEH C18, (100 mm x 2.1 mm) (Waters)	Acquity 1.7 μm BEH C18 (50 × 3.0 mm) (Waters)	 	LC gradient	Linear gradient of 5-95 % B within 12.5 min. Mobile phase A: 2 mM ammonium formate buffer with 0.1 % formic acid (v/v). mobile phase B: 0.1 % formic acid in methanol (v/v)	Linear gradient of 13-50 % B from 0.5 to 10 min, then 50-95 % B from 10 to 10.75 min. Mobile phase A: 5 mM aqueous ammonium formate buffer (pH 3), mobile phase B: 0.1 % formic acid in acetonitrile (v/v)	Linear gradient of 0-20% B from 0 to 4 min, then 20-80% B to 8 min, constant 80% B to 8.5 min, 80-100% B to 9 min, constant 100%B to 10 min, and reequilibration at 0% B to 13.5 min. Mobile phase A: 0.1% aqueous formic acid, mobile phase B: acetonitrile	Linear gradient of 10-50 from 0.5-8 min, then 50-5% B from 8-10 min, constant for 0.1 min (with concurrent increase in flow rate to 400 μL/min), 0% B over 0.1 min and maintained for 1.8 min. Mobile phase A: 0.1% aqueous formic acid, mobile phase B: acetonitrile	 	Injection volume	1 μL	3 μL	10 μL	0.3 μL	 	Flow rate	200 μL/min	400 μL/min	600 μL/min	350 – 400 μL/min	 	Mass spectrometer type	Qq-Orbitrap	QqTOF	QqTOF	QqTOF	 	Trade name	Q-Exactive (Thermo)	Xevo G2-S QTof (Waters)	maXis Impact QTOF (Bruker)	6545 QTOF (Agilent)	 	Acquisition control	DDA (full-scan followed by MS/MS scan of top-5 signals with a dynamic exlusion of 5 s. Isolation width: 1 m/z)	DIA (MS scan at low and high collision energy; intensity threshold of 200 and 20 counts; deconvolution based on chromatographic coelution)	DIA (MS scan at low and high collision energy)	DIA (AllIonsMS. Full-scan at four successive collision energies acquired over the 12 min chromatographic run. Scan rate at 5 spectra/sec, 0.8sec cycle time)	 	Collision energy	NCE: 30 eV	LE: 4 eVHE: ramp from 10 to 40 eV	MS: 4 eVbbCID: 25 eV	0V, 10V, 20V, and 40V	 	Scan range(s)	MS 130-600, MS/MS dynamic first mass	50-950	50-1,000	40-1,050	 	Data analysis software	TraceFinder Forensic 4.1	UNIFI 1.8.2	Target Analysis (1.3) and Data Analysis (4.1)	MassHunter Quantitative Analysis (B.09) and MassHunter PCDL version B07	 	</text></passage><passage><infon key="file">TB1.xml</infon><infon key="id">TB1</infon><infon key="section_type">TABLE</infon><infon key="type">table_foot</infon><offset>3475</offset><text>bbCID: broad-band collision induced dissociation, DDA: data-dependent acquisition, DIA: data-independent acquisition, HE: high energy, LC: liquid chromatography, LE: low energy, MS: mass spectrometry, MS/MS: tandem mass spectrometry, NCE: normalized collision energy</text></passage></document></collection>
