<?xml version="1.0" encoding="UTF-8"?>
<!DOCTYPE collection SYSTEM "BioC.dtd">
<collection><source>PMC</source><date>20201221</date><key>pmc.key</key><document><id>6588800</id><infon key="license">CC BY-NC-ND</infon><passage><infon key="article-id_doi">10.1016/j.artd.2019.02.009</infon><infon key="article-id_pmc">6588800</infon><infon key="article-id_pmid">31286047</infon><infon key="article-id_publisher-id">S2352-3441(19)30018-4</infon><infon key="fpage">216</infon><infon key="issue">2</infon><infon key="kwd">Yelp Online review Total joint replacement Total hip replacement Total knee replacement</infon><infon key="license">This is an open access article under the CC BY-NC-ND license (http://creativecommons.org/licenses/by-nc-nd/4.0/).</infon><infon key="lpage">220</infon><infon key="name_0">surname:Arthur;given-names:Jaymeson R.</infon><infon key="name_1">surname:Etzioni;given-names:David</infon><infon key="name_2">surname:Schwartz;given-names:Adam J.</infon><infon key="section_type">TITLE</infon><infon key="title">Keywords</infon><infon key="type">front</infon><infon key="volume">5</infon><infon key="year">2019</infon><offset>0</offset><text>Characterizing extremely negative reviews of total joint arthroplasty practices and surgeons on yelp.com</text></passage><passage><infon key="section_type">ABSTRACT</infon><infon key="type">abstract_title_1</infon><offset>105</offset><text>Background</text></passage><passage><infon key="section_type">ABSTRACT</infon><infon key="type">abstract</infon><offset>116</offset><text>Although physicians tend to prefer data-driven quality metrics, emerging evidence suggests that patients prefer crowd-sourced information containing patient narrative descriptions of the care experience. Currently, yelp.com is the most commonly accessed Web resource among patients who use online information to choose a surgeon. The purpose of this study is to characterize extremely negative reviews of total joint arthroplasty surgeons and practices on yelp.com.</text></passage><passage><infon key="section_type">ABSTRACT</infon><infon key="type">abstract_title_1</infon><offset>582</offset><text>Methods</text></passage><passage><infon key="section_type">ABSTRACT</infon><infon key="type">abstract</infon><offset>590</offset><text>We searched yelp.com for one-star (out of 5) reviews of total joint providers and practices in 8 major US metropolitan areas. These reviews were then classified into categories based on content: clinical, nonclinical, or both. Reviews were further subcategorized as “surgical” and “nonsurgical” representing reviews of a nonsurgical experience (eg, initial office visit).</text></passage><passage><infon key="section_type">ABSTRACT</infon><infon key="type">abstract_title_1</infon><offset>970</offset><text>Results</text></passage><passage><infon key="section_type">ABSTRACT</infon><infon key="type">abstract</infon><offset>978</offset><text>A higher proportion of reviews came from patients who did not report prior surgery by the surgeon or practice named in the review than form those who reported surgery (240 reviews, 75.0%, 95% confidence interval: 70.0%-79.4% vs 80 reviews, 25.0%, 95% confidence interval: 20.6%-30.0%, P &lt; .0001). Compared with surgical reviews, nonsurgical reviews were more likely to contain nonclinical complaints (92.1% vs 53.8%, P &lt; .0001) and less likely to contain clinical complaints (21.3% vs 78.7%, P &lt; .0001).</text></passage><passage><infon key="section_type">ABSTRACT</infon><infon key="type">abstract_title_1</infon><offset>1482</offset><text>Conclusions</text></passage><passage><infon key="section_type">ABSTRACT</infon><infon key="type">abstract</infon><offset>1494</offset><text>The vast majority of extremely negative reviews of total joint arthroplasty surgeons and practices were related to nonclinical concerns posted by patients who did not report prior surgery by the surgeon or practice being reviewed. The results of this study may help explain the wide disparity commonly observed between conventional quality metrics and crowd-sourced online reviews.</text></passage><passage><infon key="section_type">INTRO</infon><infon key="type">title_1</infon><offset>1876</offset><text>Introduction</text></passage><passage><infon key="section_type">INTRO</infon><infon key="type">paragraph</infon><offset>1889</offset><text>Total joint arthroplasty (TJA) is a successful treatment for end-stage arthritis of the hip and knee. With this success has come a high demand for these high-cost, yet high-value, procedures, resulting in a massive economic burden to the health-care system. Given the extraordinary costs associated with TJA, it is not surprising that recent years have witnessed heightened interest in maximizing the value of the episode of care through public disclosure of cost and outcome data. While provider quality data have been publically available for decades, with passage of the Affordable Care Act in 2010 and the subsequent mandate of an open-data policy in all federal departments, the disclosure of previously confidential Medicare utilization and payment data now aims to provide more transparent comparison of providers, with a focus on patient-centered outcomes.</text></passage><passage><infon key="section_type">INTRO</infon><infon key="type">paragraph</infon><offset>2754</offset><text>On April 9, 2014, the Centers for Medicare and Medicaid Services (CMS) released detailed information containing utilization information related to over 10 million records accounting for more than $77 billion in Medicare payments. This unprecedented step was followed by the release of the Consensus Core of Orthopedic Measures in 2016, a set of 7 quality measures designed to improve value-based payment and purchasing and facilitate patient decision-making. Since this release, online performance reviews and ratings by various government and for-profit websites have become increasingly relied on by payers, institutions, and patients to compare providers.</text></passage><passage><infon key="section_type">INTRO</infon><infon key="type">paragraph</infon><offset>3413</offset><text>While physicians are trained in the scientific method and tend to prefer disease-specific, data-driven outcome metrics, satisfaction with the overall care experience is now widely recognized as an important component of health-care quality. This recognition is exemplified by the Hospital Consumer Assessment of Healthcare Providers and Systems, a survey instrument and data collection methodology for measuring patients’ perceptions of their hospital experience. This survey is currently included as part of the CMS quarterly publication of overall institutional ratings on the Hospital Compare website. In addition to government-sponsored online ratings systems, many other public and private websites are available for patients to obtain information regarding a prospective provider. One study found that yelp.com was the most frequently accessed site among patients who used online comparison data, whereas CMS’s Hospital Compare site was ranked eighth.</text></passage><passage><infon key="section_type">INTRO</infon><infon key="type">paragraph</infon><offset>4375</offset><text>The vast majority of reviews posted to crowd-sourced websites such as Yelp are of the extreme variety, either positive or negative. Previous studies have analyzed the factors associated with higher rankings among orthopedic providers; however, we are unaware of any study to examine the factors associated with extremely negative online reviews of TJA surgeons. The purpose of this study was to characterize extremely negative reviews of TJA practices and surgeons.</text></passage><passage><infon key="section_type">METHODS</infon><infon key="type">title_1</infon><offset>4841</offset><text>Material and methods</text></passage><passage><infon key="section_type">METHODS</infon><infon key="type">paragraph</infon><offset>4862</offset><text>We performed a search in yelp.com using the keywords “total hip replacement” and “total knee replacement” for 8 major metropolitan areas including New York, Boston, San Francisco, Los Angeles, Dallas, Phoenix, Washington D.C., and Seattle. These locations were chosen because of the high density of high-volume joint arthroplasty centers of excellence. The practice or group named in the review was confirmed as one that performs TJA via secondary internet search using physician websites, Healthgrades, Doximity, Angie’s List, and vitals.com. When no physician was named in the review in a group practice that included other subspecialties (such as sports medicine, foot and ankle, trauma, and so forth), these reviews were excluded in an attempt to isolate only confirmed TJA reviews.</text></passage><passage><infon key="file">gr1.jpg</infon><infon key="id">fig1</infon><infon key="section_type">FIG</infon><infon key="type">fig_caption</infon><offset>5659</offset><text>Flow diagram demonstrating inclusion and exclusion criteria for reviews.</text></passage><passage><infon key="section_type">METHODS</infon><infon key="type">paragraph</infon><offset>5732</offset><text>Only single-star (out of a possible 5 stars) reviews were included in the analysis (Fig. 1). Reviews were classified as directed toward a specific physician, a specific practice, or both. Reviews were also classified as clinical or nonclinical. Clinical reviews included comments related to treatment complications, readmissions, reoperations, uncontrolled pain, perceived misdiagnosis, delay in communicating treatment plan or care, unmet expectations, and other (eg, “Hip surgery gone very wrong. One year after receiving a hip resurfacing from Dr. X, the peroneal nerve damage that occurred during the surgery has not healed at all, leaving me partly crippled”). Nonclinical reviews included physician bedside manner or professionalism, midlevel (eg, physician assistant, nurse practitioner) bedside manner or professionalism, office staff bedside manner or unprofessionalism, wait time, cost or insurance issues, facilities, scheduling, not enough time spent with the provider, and other (eg, “Unfortunately, I never got to see Dr. X. I arrived early, filled out my paper work for a consultation and waited 55 minutes more … Finally [sic] told the receptionist, Who [sic] was very pleasant! That [sic] I was no longer going to wait, At [sic] that time she apologized, Said [sic] the Dr. [sic] was running behind—why don’t they tell you this when you get there?—and asked If I’d like to reschedule, [sic] I declined and decided to go with another Dr. [sic] for my surgery.”) If a surgical episode of care was specifically referenced, the review was classified as surgical (eg, “Currently facing 3 more knee surgeries to repair the original injury and Dr. X’s surgery”); if no reference was made to surgical care, the review was labeled as nonsurgical (eg, “Horrendous wait times. Out of my 4 visits I’ve had to wait no less than 20 minutes over my appointment time. There is always a waiting room packed full of patients. I will be taking my knee issue elsewhere”). Reviews were excluded if an accurate classification was unable to be determined (eg, “Never going back! What a jerk!”).</text></passage><passage><infon key="section_type">METHODS</infon><infon key="type">paragraph</infon><offset>7856</offset><text>Univariate analysis was performed to determine means and 95% confidence intervals. Continuous variables were compared using the student’s t-test, and categorical variables were compared using the chi-square test with alpha set to 0.05. The rate of reviews in each category was determined for surgical and nonsurgical reviews, and the rate ratio (the ratio of the rate for nonsurgical divided by surgical reviews) for each category was determined. Statistical analysis was performed using a commercially available software package (JMP Pro v.13; SAS Institute, Inc.).</text></passage><passage><infon key="section_type">RESULTS</infon><infon key="type">title_1</infon><offset>8425</offset><text>Results</text></passage><passage><infon key="file">tbl1.xml</infon><infon key="id">tbl1</infon><infon key="section_type">TABLE</infon><infon key="type">table_caption</infon><offset>8433</offset><text>Characteristics of extremely negative reviews of total joint arthroplasty surgeons on yelp.com.</text></passage><passage><infon key="file">tbl1.xml</infon><infon key="id">tbl1</infon><infon key="section_type">TABLE</infon><infon key="type">table</infon><infon key="xml">&lt;?xml version=&quot;1.0&quot; encoding=&quot;UTF-8&quot;?&gt;
&lt;table frame=&quot;hsides&quot; rules=&quot;groups&quot;&gt;&lt;thead&gt;&lt;tr&gt;&lt;th&gt;Focus of single star review&lt;/th&gt;&lt;th&gt;Number of responses&lt;/th&gt;&lt;th&gt;Percent of total respondents (N = 320)&lt;/th&gt;&lt;th&gt;Percent of responses within category&lt;xref rid=&quot;tbl1fna&quot; ref-type=&quot;table-fn&quot;&gt;a&lt;/xref&gt;&lt;/th&gt;&lt;/tr&gt;&lt;/thead&gt;&lt;tbody&gt;&lt;tr&gt;&lt;td&gt;Physician&lt;/td&gt;&lt;td&gt;156&lt;/td&gt;&lt;td&gt;48.8%&lt;/td&gt;&lt;td/&gt;&lt;/tr&gt;&lt;tr&gt;&lt;td&gt;Practice&lt;/td&gt;&lt;td&gt;110&lt;/td&gt;&lt;td&gt;34.4%&lt;/td&gt;&lt;td/&gt;&lt;/tr&gt;&lt;tr&gt;&lt;td&gt;Both&lt;/td&gt;&lt;td&gt;54&lt;/td&gt;&lt;td&gt;16.9%&lt;/td&gt;&lt;td/&gt;&lt;/tr&gt;&lt;tr&gt;&lt;td&gt;Clinical&lt;/td&gt;&lt;td&gt;114&lt;/td&gt;&lt;td&gt;35.6%&lt;/td&gt;&lt;td/&gt;&lt;/tr&gt;&lt;tr&gt;&lt;td&gt; Uncontrolled pain&lt;/td&gt;&lt;td&gt;63&lt;/td&gt;&lt;td&gt;19.7%&lt;/td&gt;&lt;td&gt;55.3%&lt;/td&gt;&lt;/tr&gt;&lt;tr&gt;&lt;td&gt; Misdiagnosis&lt;/td&gt;&lt;td&gt;25&lt;/td&gt;&lt;td&gt;7.8%&lt;/td&gt;&lt;td&gt;21.9%&lt;/td&gt;&lt;/tr&gt;&lt;tr&gt;&lt;td&gt; Complication&lt;/td&gt;&lt;td&gt;20&lt;/td&gt;&lt;td&gt;6.3%&lt;/td&gt;&lt;td&gt;17.5%&lt;/td&gt;&lt;/tr&gt;&lt;tr&gt;&lt;td&gt; Reoperation&lt;/td&gt;&lt;td&gt;20&lt;/td&gt;&lt;td&gt;6.3%&lt;/td&gt;&lt;td&gt;17.5%&lt;/td&gt;&lt;/tr&gt;&lt;tr&gt;&lt;td&gt; Unclear treatment plan&lt;/td&gt;&lt;td&gt;17&lt;/td&gt;&lt;td&gt;5.3%&lt;/td&gt;&lt;td&gt;14.9%&lt;/td&gt;&lt;/tr&gt;&lt;tr&gt;&lt;td&gt; Delay in care&lt;/td&gt;&lt;td&gt;14&lt;/td&gt;&lt;td&gt;4.4%&lt;/td&gt;&lt;td&gt;12.3%&lt;/td&gt;&lt;/tr&gt;&lt;tr&gt;&lt;td&gt; Readmission&lt;/td&gt;&lt;td&gt;2&lt;/td&gt;&lt;td&gt;0.6%&lt;/td&gt;&lt;td&gt;1.8%&lt;/td&gt;&lt;/tr&gt;&lt;tr&gt;&lt;td&gt; Other&lt;/td&gt;&lt;td&gt;1&lt;/td&gt;&lt;td&gt;0.3%&lt;/td&gt;&lt;td&gt;0.9%&lt;/td&gt;&lt;/tr&gt;&lt;tr&gt;&lt;td&gt;Nonclinical&lt;/td&gt;&lt;td&gt;264&lt;/td&gt;&lt;td&gt;82.5%&lt;/td&gt;&lt;td/&gt;&lt;/tr&gt;&lt;tr&gt;&lt;td&gt; Physician bedside manner&lt;/td&gt;&lt;td&gt;124&lt;/td&gt;&lt;td&gt;38.8%&lt;/td&gt;&lt;td&gt;47.0%&lt;/td&gt;&lt;/tr&gt;&lt;tr&gt;&lt;td&gt; Wait time&lt;/td&gt;&lt;td&gt;99&lt;/td&gt;&lt;td&gt;30.9%&lt;/td&gt;&lt;td&gt;37.5%&lt;/td&gt;&lt;/tr&gt;&lt;tr&gt;&lt;td&gt; Not enough time spent with provider&lt;/td&gt;&lt;td&gt;78&lt;/td&gt;&lt;td&gt;24.4%&lt;/td&gt;&lt;td&gt;29.5%&lt;/td&gt;&lt;/tr&gt;&lt;tr&gt;&lt;td&gt; Office staff&lt;/td&gt;&lt;td&gt;52&lt;/td&gt;&lt;td&gt;16.3%&lt;/td&gt;&lt;td&gt;19.7%&lt;/td&gt;&lt;/tr&gt;&lt;tr&gt;&lt;td&gt; Cost or insurance&lt;/td&gt;&lt;td&gt;43&lt;/td&gt;&lt;td&gt;13.4%&lt;/td&gt;&lt;td&gt;16.3%&lt;/td&gt;&lt;/tr&gt;&lt;tr&gt;&lt;td&gt; Scheduling issues&lt;/td&gt;&lt;td&gt;41&lt;/td&gt;&lt;td&gt;12.8%&lt;/td&gt;&lt;td&gt;15.5%&lt;/td&gt;&lt;/tr&gt;&lt;tr&gt;&lt;td&gt; Facilities&lt;/td&gt;&lt;td&gt;15&lt;/td&gt;&lt;td&gt;4.7%&lt;/td&gt;&lt;td&gt;5.7%&lt;/td&gt;&lt;/tr&gt;&lt;tr&gt;&lt;td&gt; Midlevel bedside manner&lt;/td&gt;&lt;td&gt;12&lt;/td&gt;&lt;td&gt;3.8%&lt;/td&gt;&lt;td&gt;4.5%&lt;/td&gt;&lt;/tr&gt;&lt;tr&gt;&lt;td&gt; Other&lt;/td&gt;&lt;td&gt;0&lt;/td&gt;&lt;td&gt;0%&lt;/td&gt;&lt;td&gt;0.0%&lt;/td&gt;&lt;/tr&gt;&lt;/tbody&gt;&lt;/table&gt;
</infon><offset>8529</offset><text>Focus of single star review	Number of responses	Percent of total respondents (N = 320)	Percent of responses within categorya	 	Physician	156	48.8%		 	Practice	110	34.4%		 	Both	54	16.9%		 	Clinical	114	35.6%		 	 Uncontrolled pain	63	19.7%	55.3%	 	 Misdiagnosis	25	7.8%	21.9%	 	 Complication	20	6.3%	17.5%	 	 Reoperation	20	6.3%	17.5%	 	 Unclear treatment plan	17	5.3%	14.9%	 	 Delay in care	14	4.4%	12.3%	 	 Readmission	2	0.6%	1.8%	 	 Other	1	0.3%	0.9%	 	Nonclinical	264	82.5%		 	 Physician bedside manner	124	38.8%	47.0%	 	 Wait time	99	30.9%	37.5%	 	 Not enough time spent with provider	78	24.4%	29.5%	 	 Office staff	52	16.3%	19.7%	 	 Cost or insurance	43	13.4%	16.3%	 	 Scheduling issues	41	12.8%	15.5%	 	 Facilities	15	4.7%	5.7%	 	 Midlevel bedside manner	12	3.8%	4.5%	 	 Other	0	0%	0.0%	 	</text></passage><passage><infon key="file">tbl1.xml</infon><infon key="id">tbl1</infon><infon key="section_type">TABLE</infon><infon key="type">table_footnote</infon><offset>9343</offset><text>Categories include clinical and nonclinical reviews.</text></passage><passage><infon key="section_type">RESULTS</infon><infon key="type">paragraph</infon><offset>9396</offset><text>A total of 320 single-star reviews were included for study. Comments were directed toward the physician directly in 156 (48.8%), toward the practice directly in 110 (34.4%), and toward both the physician and the practice in 54 (16.9%) (Table 1). A significantly greater number of reviews were related to nonclinical concerns (264 reviews, 82.5%, 95% confidence interval [CI]: 78.0%-86.3%) than to clinically related issues (114 reviews, 35.6%, 95% CI: 30.6%-41.1%, P &lt; .0001; numbers add to greater than 320 as 58 reviews contained both clinical and nonclinical concerns).</text></passage><passage><infon key="section_type">RESULTS</infon><infon key="type">paragraph</infon><offset>9970</offset><text>Clinical factors most commonly addressed included uncontrolled pain (63 reviews, 19.7%), perceived misdiagnosis (25 reviews, 7.8%), need for reoperation (20 reviews, 6.3%), complications related to surgery (20 reviews, 6.3%), unmet treatment expectations (17 reviews, 5.3%), and delay in care (14 reviews 4.4%). The most common nonclinical factor cited was physician bedside manner (124 reviews, 38.8%), followed by wait time (99 reviews, 30.9%), inadequate explanation of the medical condition (78 reviews, 24.4%), rude or unprofessional office staff (52 reviews, 16.3%), cost or insurance issues (43 reviews, 13.4%), scheduling issues (41 reviews, 12.8%), poor facilities (15 reviews, 4.7%), and rude or unprofessional midlevel provider (12 reviews, 3.8%).</text></passage><passage><infon key="file">tbl2.xml</infon><infon key="id">tbl2</infon><infon key="section_type">TABLE</infon><infon key="type">table_caption</infon><offset>10729</offset><text>Characteristics by surgical vs nonsurgical patients.</text></passage><passage><infon key="file">tbl2.xml</infon><infon key="id">tbl2</infon><infon key="section_type">TABLE</infon><infon key="type">table</infon><infon key="xml">&lt;?xml version=&quot;1.0&quot; encoding=&quot;UTF-8&quot;?&gt;
&lt;table frame=&quot;hsides&quot; rules=&quot;groups&quot;&gt;&lt;thead&gt;&lt;tr&gt;&lt;th&gt;Focus of single star review&lt;/th&gt;&lt;th&gt;Surgical patients (n = 80)&lt;/th&gt;&lt;th&gt;%&lt;/th&gt;&lt;th&gt;Nonsurgical patients (n = 240)&lt;/th&gt;&lt;th&gt;%&lt;/th&gt;&lt;th&gt;Rate ratio&lt;/th&gt;&lt;th&gt;&lt;italic&gt;P&lt;/italic&gt; value&lt;xref rid=&quot;tbl2fna&quot; ref-type=&quot;table-fn&quot;&gt;a&lt;/xref&gt;&lt;/th&gt;&lt;/tr&gt;&lt;/thead&gt;&lt;tbody&gt;&lt;tr&gt;&lt;td colspan=&quot;7&quot;&gt;Target of comment&lt;/td&gt;&lt;/tr&gt;&lt;tr&gt;&lt;td&gt; Physician&lt;/td&gt;&lt;td&gt;60&lt;/td&gt;&lt;td&gt;75.0&lt;/td&gt;&lt;td&gt;96&lt;/td&gt;&lt;td&gt;40.0&lt;/td&gt;&lt;td&gt;0.5&lt;/td&gt;&lt;td&gt;&amp;lt;.0001&lt;/td&gt;&lt;/tr&gt;&lt;tr&gt;&lt;td&gt; Practice&lt;/td&gt;&lt;td&gt;8&lt;/td&gt;&lt;td&gt;10.0&lt;/td&gt;&lt;td&gt;102&lt;/td&gt;&lt;td&gt;42.5&lt;/td&gt;&lt;td&gt;4.3&lt;/td&gt;&lt;td&gt;&amp;lt;.0001&lt;/td&gt;&lt;/tr&gt;&lt;tr&gt;&lt;td&gt; Both&lt;/td&gt;&lt;td&gt;12&lt;/td&gt;&lt;td&gt;15.0&lt;/td&gt;&lt;td&gt;42&lt;/td&gt;&lt;td&gt;17.5&lt;/td&gt;&lt;td&gt;1.2&lt;/td&gt;&lt;td&gt;.601&lt;/td&gt;&lt;/tr&gt;&lt;tr&gt;&lt;td&gt; Total&lt;/td&gt;&lt;td&gt;80&lt;/td&gt;&lt;td&gt;100.0&lt;/td&gt;&lt;td&gt;240&lt;/td&gt;&lt;td&gt;100.0&lt;/td&gt;&lt;td&gt;1.0&lt;/td&gt;&lt;td&gt;&amp;lt;.0001&lt;/td&gt;&lt;/tr&gt;&lt;tr&gt;&lt;td&gt;Clinical&lt;/td&gt;&lt;td&gt;63&lt;/td&gt;&lt;td&gt;78.8&lt;/td&gt;&lt;td&gt;51&lt;/td&gt;&lt;td&gt;21.3&lt;/td&gt;&lt;td&gt;0.3&lt;/td&gt;&lt;td&gt;&amp;lt;.0001&lt;/td&gt;&lt;/tr&gt;&lt;tr&gt;&lt;td&gt; Uncontrolled pain&lt;/td&gt;&lt;td&gt;50&lt;/td&gt;&lt;td&gt;62.5&lt;/td&gt;&lt;td&gt;13&lt;/td&gt;&lt;td&gt;5.4&lt;/td&gt;&lt;td&gt;0.1&lt;/td&gt;&lt;td&gt;&amp;lt;.0001&lt;/td&gt;&lt;/tr&gt;&lt;tr&gt;&lt;td&gt; Misdiagnosis&lt;/td&gt;&lt;td&gt;4&lt;/td&gt;&lt;td&gt;5.0&lt;/td&gt;&lt;td&gt;21&lt;/td&gt;&lt;td&gt;8.8&lt;/td&gt;&lt;td&gt;1.8&lt;/td&gt;&lt;td&gt;.258&lt;/td&gt;&lt;/tr&gt;&lt;tr&gt;&lt;td&gt; Complication&lt;/td&gt;&lt;td&gt;20&lt;/td&gt;&lt;td&gt;25.0&lt;/td&gt;&lt;td&gt;0&lt;/td&gt;&lt;td&gt;0.0&lt;/td&gt;&lt;td&gt;0.0&lt;/td&gt;&lt;td&gt;&amp;lt;.0001&lt;/td&gt;&lt;/tr&gt;&lt;tr&gt;&lt;td&gt; Reoperation&lt;/td&gt;&lt;td&gt;20&lt;/td&gt;&lt;td&gt;25.0&lt;/td&gt;&lt;td&gt;0&lt;/td&gt;&lt;td&gt;0.0&lt;/td&gt;&lt;td&gt;0.0&lt;/td&gt;&lt;td&gt;&amp;lt;.0001&lt;/td&gt;&lt;/tr&gt;&lt;tr&gt;&lt;td&gt; Unclear treatment plan&lt;/td&gt;&lt;td&gt;4&lt;/td&gt;&lt;td&gt;5.0&lt;/td&gt;&lt;td&gt;13&lt;/td&gt;&lt;td&gt;5.4&lt;/td&gt;&lt;td&gt;1.1&lt;/td&gt;&lt;td&gt;.885&lt;/td&gt;&lt;/tr&gt;&lt;tr&gt;&lt;td&gt; Delay in care&lt;/td&gt;&lt;td&gt;2&lt;/td&gt;&lt;td&gt;2.5&lt;/td&gt;&lt;td&gt;12&lt;/td&gt;&lt;td&gt;5.0&lt;/td&gt;&lt;td&gt;2.0&lt;/td&gt;&lt;td&gt;.316&lt;/td&gt;&lt;/tr&gt;&lt;tr&gt;&lt;td&gt; Readmission&lt;/td&gt;&lt;td&gt;2&lt;/td&gt;&lt;td&gt;2.5&lt;/td&gt;&lt;td&gt;0&lt;/td&gt;&lt;td&gt;0.0&lt;/td&gt;&lt;td&gt;0.0&lt;/td&gt;&lt;td&gt;&amp;lt;.05&lt;/td&gt;&lt;/tr&gt;&lt;tr&gt;&lt;td&gt; Other&lt;/td&gt;&lt;td&gt;0&lt;/td&gt;&lt;td&gt;0.0&lt;/td&gt;&lt;td&gt;1&lt;/td&gt;&lt;td&gt;0.4&lt;/td&gt;&lt;td&gt;N/A&lt;/td&gt;&lt;td&gt;.448&lt;/td&gt;&lt;/tr&gt;&lt;tr&gt;&lt;td&gt;Nonclinical&lt;/td&gt;&lt;td&gt;43&lt;/td&gt;&lt;td&gt;53.8&lt;/td&gt;&lt;td&gt;221&lt;/td&gt;&lt;td&gt;92.1&lt;/td&gt;&lt;td&gt;1.7&lt;/td&gt;&lt;td&gt;&amp;lt;.0001&lt;/td&gt;&lt;/tr&gt;&lt;tr&gt;&lt;td&gt; Physician bedside manner&lt;/td&gt;&lt;td&gt;23&lt;/td&gt;&lt;td&gt;28.8&lt;/td&gt;&lt;td&gt;101&lt;/td&gt;&lt;td&gt;42.1&lt;/td&gt;&lt;td&gt;1.5&lt;/td&gt;&lt;td&gt;&amp;lt;.05&lt;/td&gt;&lt;/tr&gt;&lt;tr&gt;&lt;td&gt; Wait time&lt;/td&gt;&lt;td&gt;10&lt;/td&gt;&lt;td&gt;12.5&lt;/td&gt;&lt;td&gt;89&lt;/td&gt;&lt;td&gt;37.1&lt;/td&gt;&lt;td&gt;3.0&lt;/td&gt;&lt;td&gt;&amp;lt;.0001&lt;/td&gt;&lt;/tr&gt;&lt;tr&gt;&lt;td&gt; Not enough time spent with provider&lt;/td&gt;&lt;td&gt;7&lt;/td&gt;&lt;td&gt;8.8&lt;/td&gt;&lt;td&gt;71&lt;/td&gt;&lt;td&gt;29.6&lt;/td&gt;&lt;td&gt;3.4&lt;/td&gt;&lt;td&gt;&amp;lt;.0001&lt;/td&gt;&lt;/tr&gt;&lt;tr&gt;&lt;td&gt; Office staff&lt;/td&gt;&lt;td&gt;7&lt;/td&gt;&lt;td&gt;8.8&lt;/td&gt;&lt;td&gt;45&lt;/td&gt;&lt;td&gt;18.8&lt;/td&gt;&lt;td&gt;2.1&lt;/td&gt;&lt;td&gt;&amp;lt;.05&lt;/td&gt;&lt;/tr&gt;&lt;tr&gt;&lt;td&gt; Cost or insurance&lt;/td&gt;&lt;td&gt;10&lt;/td&gt;&lt;td&gt;12.5&lt;/td&gt;&lt;td&gt;33&lt;/td&gt;&lt;td&gt;13.8&lt;/td&gt;&lt;td&gt;1.1&lt;/td&gt;&lt;td&gt;.775&lt;/td&gt;&lt;/tr&gt;&lt;tr&gt;&lt;td&gt; Scheduling issues&lt;/td&gt;&lt;td&gt;4&lt;/td&gt;&lt;td&gt;5.0&lt;/td&gt;&lt;td&gt;37&lt;/td&gt;&lt;td&gt;15.4&lt;/td&gt;&lt;td&gt;3.1&lt;/td&gt;&lt;td&gt;&amp;lt;.05&lt;/td&gt;&lt;/tr&gt;&lt;tr&gt;&lt;td&gt; Facilities&lt;/td&gt;&lt;td&gt;3&lt;/td&gt;&lt;td&gt;3.8&lt;/td&gt;&lt;td&gt;12&lt;/td&gt;&lt;td&gt;5.0&lt;/td&gt;&lt;td&gt;1.3&lt;/td&gt;&lt;td&gt;.639&lt;/td&gt;&lt;/tr&gt;&lt;tr&gt;&lt;td&gt; Midlevel bedside manner&lt;/td&gt;&lt;td&gt;3&lt;/td&gt;&lt;td&gt;3.8&lt;/td&gt;&lt;td&gt;9&lt;/td&gt;&lt;td&gt;3.8&lt;/td&gt;&lt;td&gt;1.0&lt;/td&gt;&lt;td&gt;.999&lt;/td&gt;&lt;/tr&gt;&lt;tr&gt;&lt;td&gt; Other&lt;/td&gt;&lt;td&gt;0&lt;/td&gt;&lt;td&gt;0.0&lt;/td&gt;&lt;td&gt;0&lt;/td&gt;&lt;td&gt;0.0&lt;/td&gt;&lt;td&gt;N/A&lt;/td&gt;&lt;td&gt;N/A&lt;/td&gt;&lt;/tr&gt;&lt;/tbody&gt;&lt;/table&gt;
</infon><offset>10782</offset><text>Focus of single star review	Surgical patients (n = 80)	%	Nonsurgical patients (n = 240)	%	Rate ratio	P valuea	 	Target of comment	 	 Physician	60	75.0	96	40.0	0.5	&lt;.0001	 	 Practice	8	10.0	102	42.5	4.3	&lt;.0001	 	 Both	12	15.0	42	17.5	1.2	.601	 	 Total	80	100.0	240	100.0	1.0	&lt;.0001	 	Clinical	63	78.8	51	21.3	0.3	&lt;.0001	 	 Uncontrolled pain	50	62.5	13	5.4	0.1	&lt;.0001	 	 Misdiagnosis	4	5.0	21	8.8	1.8	.258	 	 Complication	20	25.0	0	0.0	0.0	&lt;.0001	 	 Reoperation	20	25.0	0	0.0	0.0	&lt;.0001	 	 Unclear treatment plan	4	5.0	13	5.4	1.1	.885	 	 Delay in care	2	2.5	12	5.0	2.0	.316	 	 Readmission	2	2.5	0	0.0	0.0	&lt;.05	 	 Other	0	0.0	1	0.4	N/A	.448	 	Nonclinical	43	53.8	221	92.1	1.7	&lt;.0001	 	 Physician bedside manner	23	28.8	101	42.1	1.5	&lt;.05	 	 Wait time	10	12.5	89	37.1	3.0	&lt;.0001	 	 Not enough time spent with provider	7	8.8	71	29.6	3.4	&lt;.0001	 	 Office staff	7	8.8	45	18.8	2.1	&lt;.05	 	 Cost or insurance	10	12.5	33	13.8	1.1	.775	 	 Scheduling issues	4	5.0	37	15.4	3.1	&lt;.05	 	 Facilities	3	3.8	12	5.0	1.3	.639	 	 Midlevel bedside manner	3	3.8	9	3.8	1.0	.999	 	 Other	0	0.0	0	0.0	N/A	N/A	 	</text></passage><passage><infon key="file">tbl2.xml</infon><infon key="id">tbl2</infon><infon key="section_type">TABLE</infon><infon key="type">table_footnote</infon><offset>11888</offset><text>P values &lt;.05 were considered statistically significant</text></passage><passage><infon key="section_type">RESULTS</infon><infon key="type">paragraph</infon><offset>11944</offset><text>A significantly higher proportion of reviews came from patients who did not report prior surgery by the surgeon or practice named in the review than from those who reported surgery (240 reviews, 75.0%, 95% CI: 70.0%-79.4% vs 80 reviews, 25.0%, 95% CI: 20.6%-30.0%, P &lt; .0001) (Table 2). Compared with surgical reviews, nonsurgical reviews were more likely to contain nonclinical complaints (92.1% vs 53.8%; rate ratio, 1.7; P &lt; .0001) and less likely to contain clinical complaints (21.3% vs 78.7%; rate ratio, 0.3; P &lt; .0001). Insufficient time spent with the provider (rate ratio, 3.4; P &lt; .0001), scheduling issues (rate ratio, 3.1; P &lt; .05), wait time (rate ratio, 3.0; P &lt; .0001), rude office staff (rate ratio, 2.1; P &lt; .05), and physician bedside manner (rate ratio, 1.5; P &lt; .05) were more common for nonsurgical reviews than for surgical reviews. Uncontrolled pain was the most frequently identified clinical issue among surgical reviews (62.5%, 95% CI: 51.5%-72.3%).</text></passage><passage><infon key="section_type">DISCUSS</infon><infon key="type">title_1</infon><offset>12924</offset><text>Discussion</text></passage><passage><infon key="section_type">DISCUSS</infon><infon key="type">paragraph</infon><offset>12935</offset><text>Although TJA is a reliable treatment for end-stage arthritis, rising demand for this procedure coupled with increasing use and dissemination of various quality metrics create new challenges for orthopedic surgeons. To overcome these challenges, it is important to understand how patients evaluate and ultimately choose their surgeon. Crowd-sourced websites such as yelp.com have become increasingly used by patients to guide surgeon selection. Although prior studies have examined factors associated with positive reviews on crowd-sourced sites, the purpose of our study was to characterize the factors leading to extremely negative reviews of TJA practices and surgeons. We found that in this sample of single-star reviews, nonclinical factors such as physician bedside manner, long wait times, and an inadequate explanation of the medical condition were over twice as common than clinical factors such as uncontrolled pain, need for reoperation, and complications related to surgery. Furthermore, only 25% of negative reviews reported any experience with a surgical procedure.</text></passage><passage><infon key="section_type">DISCUSS</infon><infon key="type">paragraph</infon><offset>14014</offset><text>Over the past decade, both government and nongovernment websites have increased reporting of data-driven outcomes. In an effort to shift from volume-based to value-based health-care delivery, CMS now routinely publishes various quality metrics for patients to compare their health-care providers. The availability of such measures, coupled with the lowered barrier to data access, has led to the widespread popularization of online public performance reviews of physicians. It is estimated that while currently approximately 30% of patients use online rating systems to choose a surgeon, this number will continue to grow in future years. However, it is less clear exactly how this information is processed by patients when choosing a provider. Current evidence suggests that in contrast to conventional, highly numeric data familiar to medical personnel, patients prefer a simple presentation that does not require high cognitive burden. In a recent study analyzing patients’ use of common online health-care ratings to select a surgeon, the CMS Physician Compare website was ranked only eighth out of 13 total sites included. The authors point out that one potential explanation was respondents preference for patient comments compared with conventional quality metrics.</text></passage><passage><infon key="section_type">DISCUSS</infon><infon key="type">paragraph</infon><offset>15289</offset><text>Several publicly available websites, including yelp.com, now report crowd-sourced outcome information regarding patient-centered satisfaction with the overall care experience. Although some evidence exists that conventional, data-driven quality ratings may correlate with surgical outcomes, it is less clear if crowd-sourced websites, driven largely by the patient experience, accurately reflect the quality of medical care. Ramkumar et al. performed a study of 5 of the most popular physician-rating websites with user-generated data and found that none of the sites contained information related to all 7 Consensus Core of Orthopedics Measures. Similarly, Johari et al. compared quality ratings for nursing homes between the CMS-based site called Nursing Home Compare (NHC) and Yelp. The authors found poor correlation between NHC and Yelp ratings, with the latter demonstrating consistently lower staff and quality measures and higher inspection ratings than the NHC rating. In addition, as patients tend to prefer less information presented more concisely in online reviews, it is more likely that user-generated data will contain more extreme information than more objective, data-driven sites. Frost and Mesfin provide evidence for this contention as they found in their review of 557 orthopedic surgeons rated on 7 websites that extremely positive or extremely negative reviews accounted for the majority (64.6%) of online comments.</text></passage><passage><infon key="section_type">DISCUSS</infon><infon key="type">paragraph</infon><offset>16731</offset><text>Data-driven and crowd-sourced outcomes are vastly different methods of reporting health-care quality, and the availability of both may paint a more heterogeneous picture of the overall quality of care provided than either metric alone. Previous studies across various specialties have attempted to compare provider quality scores between more conventional data-driven metrics and crowd-sourced information. In the field of dermatology, Smith and Lipoff categorized patient ratings on Yelp and ZocDoc into high-scoring and low-scoring groups. High-scoring reviews were associated with physician temperament, knowledge and competency, physical examination, communication abilities, and mindfulness of cost. Low-scoring reviews were commonly associated with considerations outside of the physician-patient interaction such as negative interactions with staff, difficulty with scheduling, practice cleanliness, and insurance issues. Similarly, Trehan et al. evaluated the factors associated with positive reviews of hand surgeons on 3 different crowd-sourced websites. They did not include Yelp in their analysis but did find that positive comments were most often related to perceived surgeon competence. Similar to our findings, they also found that negative comments were most often independent of perceived surgeon competence and more often related to communication and office staff or practice characteristics.</text></passage><passage><infon key="section_type">DISCUSS</infon><infon key="type">paragraph</infon><offset>18144</offset><text>This study is not without significant limitations. First, we included only reviews of surgeons and practices in 8 large metropolitan areas that have a high proportion of high-volume TJA centers of excellence. The findings of this study may not be generalizable to smaller rural populations or even other highly populated cities that are not included here. Second, our classification of reviews may be inaccurate. We attempted to mitigate this problem by having 2 separate, independent reviewers classify reviews. One reviewer was a second-year orthopedic surgery resident, and the other was a practicing fellowship-trained adult reconstruction surgeon. In addition, we excluded reviews that were unable to be confidently classified according to the system described. Second, complaints regarding midlevel providers office staff may not have reflected on the arthroplasty portion of the practice as many websites did not specify which supervising physician correlated to a specific midlevel provider. Finally, this is a limited sample of the entire online review universe, and it is possible that the findings seen on yelp.com may not be applicable to other online review sites.</text></passage><passage><infon key="section_type">CONCL</infon><infon key="type">title_1</infon><offset>19322</offset><text>Conclusions</text></passage><passage><infon key="section_type">CONCL</infon><infon key="type">paragraph</infon><offset>19334</offset><text>Patient decision-making is a complex process, likely influenced by referral patterns, insurance coverage, out-of-pocket costs, proximity, and many other factors. To our knowledge, this is the first study that specifically examines the factors associated with extremely negative reviews of TJA practices and surgeons. We found that the vast majority of extremely negative reviews were related to nonclinical concerns and that 75% of these single-star reviews were posted by patients who did not report prior surgery by the surgeon or practice being reviewed. We found that nonsurgical patients were over 4 times as likely to complain about the practice, whereas surgical patients were almost twice as likely to complain about the surgeon. In addition, nonsurgical patients were 3 times as likely to complain about wait times, not enough time spent with the provider, and scheduling issues.</text></passage><passage><infon key="section_type">CONCL</infon><infon key="type">paragraph</infon><offset>20223</offset><text>Although understanding and focusing on conventional quality metrics remains critically important, patient satisfaction is becoming an increasingly important part of health-care quality measures. TJA practices and surgeons should be cognizant of the factors that are most likely to drive patients to post extremely negative reviews on these increasingly popular websites.</text></passage><passage><infon key="section_type">REF</infon><infon key="type">title</infon><offset>20594</offset><text>References</text></passage><passage><infon key="fpage">2645</infon><infon key="issue">12</infon><infon key="name_0">surname:Koenig;given-names:L.</infon><infon key="name_1">surname:Zhang;given-names:Q.</infon><infon key="name_2">surname:Austin;given-names:M.S.</infon><infon key="pub-id_pmid">27699631</infon><infon key="section_type">REF</infon><infon key="source">Clin Orthop Relat Res</infon><infon key="type">ref</infon><infon key="volume">474</infon><infon key="year">2016</infon><offset>20605</offset><text>Estimating the societal benefits of THA after accounting for work status and productivity: a Markov Model Approach</text></passage><passage><infon key="fpage">1597</infon><infon key="issue">17</infon><infon key="name_0">surname:Skou;given-names:S.T.</infon><infon key="name_1">surname:Roos;given-names:E.M.</infon><infon key="name_2">surname:Laursen;given-names:M.B.</infon><infon key="pub-id_pmid">26488691</infon><infon key="section_type">REF</infon><infon key="source">N Engl J Med</infon><infon key="type">ref</infon><infon key="volume">373</infon><infon key="year">2015</infon><offset>20720</offset><text>A randomized, controlled trial of total knee replacement</text></passage><passage><infon key="element-citation">https://innovation.cms.gov/initiatives/cjr</infon><infon key="section_type">REF</infon><infon key="type">ref</infon><offset>20778</offset><text>Centers for Medicare and Medicaid Website</text></passage><passage><infon key="fpage">99</infon><infon key="issue">2</infon><infon key="name_0">surname:Brennan;given-names:N.</infon><infon key="name_1">surname:Conway;given-names:P.H.</infon><infon key="name_2">surname:Tacenner;given-names:M.</infon><infon key="name_3">surname:Marilyn;given-names:R.N.</infon><infon key="section_type">REF</infon><infon key="source">N Engl J Med</infon><infon key="type">ref</infon><infon key="volume">317</infon><infon key="year">2014</infon><offset>20820</offset><text>The Medicare physician-data release - context and rationale</text></passage><passage><infon key="element-citation">https://www.cms.gov/Newsroom/MediaReleaseDatabase/Press-releases/2016-Press-releases-items/2016-02-16.html</infon><infon key="section_type">REF</infon><infon key="type">ref</infon><infon key="year">2016</infon><offset>20880</offset><text>Centers for Medicare and Medicaid website</text></passage><passage><infon key="element-citation">https://www.hcahpsonline.org/home.aspx</infon><infon key="section_type">REF</infon><infon key="type">ref</infon><offset>20922</offset><text>Centers for Medicare and Medicaid services hospital consumer assessment of healthcare providers and systems website</text></passage><passage><infon key="fpage">410</infon><infon key="issue">4</infon><infon key="name_0">surname:Ziemba;given-names:J.B.</infon><infon key="name_1">surname:Allaf;given-names:M.E.</infon><infon key="name_2">surname:Haldeman;given-names:D.</infon><infon key="pub-id_pmid">28052162</infon><infon key="section_type">REF</infon><infon key="source">JAMA Surg</infon><infon key="type">ref</infon><infon key="volume">152</infon><infon key="year">2017</infon><offset>21038</offset><text>Consumer preferences and online comparison tools used to select a surgeon</text></passage><passage><infon key="fpage">e257</infon><infon key="issue">4</infon><infon key="name_0">surname:Frost;given-names:C.</infon><infon key="name_1">surname:Mesfin;given-names:A.</infon><infon key="pub-id_pmid">25901617</infon><infon key="section_type">REF</infon><infon key="source">Orthopedics</infon><infon key="type">ref</infon><infon key="volume">38</infon><infon key="year">2015</infon><offset>21112</offset><text>Online reviews of orthopedic surgeons: an emerging trend</text></passage><passage><infon key="fpage">2905</infon><infon key="issue">9</infon><infon key="name_0">surname:Ramkumar;given-names:P.N.</infon><infon key="name_1">surname:Navarro;given-names:S.M.</infon><infon key="name_2">surname:Chughtai;given-names:M.</infon><infon key="pub-id_pmid">28455178</infon><infon key="section_type">REF</infon><infon key="source">J Arthroplasty</infon><infon key="type">ref</infon><infon key="volume">32</infon><infon key="year">2017</infon><offset>21169</offset><text>The patient experience: an analysis of orthopedic surgeon quality on physician-rating sites</text></passage><passage><infon key="fpage">2694</infon><infon key="issue">9</infon><infon key="name_0">surname:Ramkumar;given-names:P.N.</infon><infon key="name_1">surname:Navarro;given-names:S.M.</infon><infon key="name_2">surname:Haeberle;given-names:H.S.</infon><infon key="pub-id_pmid">28456560</infon><infon key="section_type">REF</infon><infon key="source">J Arthroplasty</infon><infon key="type">ref</infon><infon key="volume">32</infon><infon key="year">2017</infon><offset>21261</offset><text>Social media and total joint arthroplasty: an analysis of patient utilization on instagram</text></passage><passage><infon key="fpage">98</infon><infon key="issue">1</infon><infon key="name_0">surname:Trehan;given-names:S.K.</infon><infon key="name_1">surname:DeFrancesco;given-names:C.J.</infon><infon key="name_2">surname:Nguyen;given-names:J.T.</infon><infon key="name_3">surname:Charalel;given-names:R.A.</infon><infon key="name_4">surname:Daluiski;given-names:A.</infon><infon key="section_type">REF</infon><infon key="source">J Hand Surg</infon><infon key="type">ref</infon><infon key="volume">41</infon><infon key="year">2016</infon><offset>21352</offset><text>Online patient ratings of hand surgeons</text></passage><passage><infon key="fpage">E722</infon><infon key="issue">12</infon><infon key="name_0">surname:Zhang;given-names:J.</infon><infon key="name_1">surname:Omar;given-names:A.</infon><infon key="name_2">surname:Mesfin;given-names:A.</infon><infon key="pub-id_pmid">29846366</infon><infon key="section_type">REF</infon><infon key="source">Spine</infon><infon key="type">ref</infon><infon key="volume">43</infon><infon key="year">2018</infon><offset>21392</offset><text>Online ratings of spine surgeons: analysis of 208 surgeons</text></passage><passage><infon key="fpage">707</infon><infon key="issue">9</infon><infon key="name_0">surname:Laucis;given-names:N.C.</infon><infon key="name_1">surname:Chowdhury;given-names:M.</infon><infon key="name_2">surname:Dasgupta;given-names:A.</infon><infon key="name_3">surname:Bhattacharyya;given-names:T.</infon><infon key="pub-id_pmid">27147682</infon><infon key="section_type">REF</infon><infon key="source">J Bone Joint Surg Am</infon><infon key="type">ref</infon><infon key="volume">98</infon><infon key="year">2016</infon><offset>21451</offset><text>Trend toward high-volume hospitals and the influence on complications in knee and hip arthroplasty</text></passage><passage><infon key="fpage">1865</infon><infon key="issue">6</infon><infon key="name_0">surname:Bozic;given-names:K.J.</infon><infon key="name_1">surname:Kaufman;given-names:D.</infon><infon key="name_2">surname:Chan;given-names:V.C.</infon><infon key="name_3">surname:Caminiti;given-names:S.</infon><infon key="name_4">surname:Lewis;given-names:C.</infon><infon key="pub-id_pmid">23065331</infon><infon key="section_type">REF</infon><infon key="source">Clin Orthop Relat Res</infon><infon key="type">ref</infon><infon key="volume">471</infon><infon key="year">2013</infon><offset>21550</offset><text>Factors that influence provider selection for elective total joint arthroplasty</text></passage><passage><infon key="fpage">169</infon><infon key="issue">2</infon><infon key="name_0">surname:Peters;given-names:E.</infon><infon key="name_1">surname:Dieckmann;given-names:N.</infon><infon key="name_2">surname:Dixon;given-names:A.</infon><infon key="name_3">surname:Hibbard;given-names:J.H.</infon><infon key="name_4">surname:Mertz;given-names:C.K.</infon><infon key="pub-id_pmid">17406019</infon><infon key="section_type">REF</infon><infon key="source">Med Care Res Rev</infon><infon key="type">ref</infon><infon key="volume">64</infon><infon key="year">2007</infon><offset>21630</offset><text>Less is more in presenting quality information to consumers</text></passage><passage><infon key="comment">https://www.aaos.org/AAOSNow/2018/Jan/Advocacy/advocacy06/?ssopc=1. Accessed June 21, 2018</infon><infon key="name_0">surname:Krause;given-names:A.</infon><infon key="name_1">surname:Saleh;given-names:J.</infon><infon key="name_2">surname:Padela;given-names:M.T.</infon><infon key="name_3">surname:Saleh;given-names:K.J.</infon><infon key="section_type">REF</infon><infon key="type">ref</infon><infon key="year">2018</infon><offset>21690</offset></passage><passage><infon key="fpage">734</infon><infon key="issue">7</infon><infon key="name_0">surname:Hanauer;given-names:D.A.</infon><infon key="name_1">surname:Zheng;given-names:K.</infon><infon key="name_2">surname:Singer;given-names:D.C.</infon><infon key="name_3">surname:Gebremariam;given-names:A.</infon><infon key="name_4">surname:Davis;given-names:M.M.</infon><infon key="pub-id_pmid">24549555</infon><infon key="section_type">REF</infon><infon key="source">JAMA</infon><infon key="type">ref</infon><infon key="volume">311</infon><infon key="year">2014</infon><offset>21691</offset><text>Public awareness, perception, and use of online physician rating sites</text></passage><passage><infon key="fpage">833</infon><infon key="issue">3</infon><infon key="name_0">surname:Kassutto;given-names:S.M.</infon><infon key="name_1">surname:Shah;given-names:R.J.</infon><infon key="pub-id_pmid">25811774</infon><infon key="section_type">REF</infon><infon key="source">Chest</infon><infon key="type">ref</infon><infon key="volume">148</infon><infon key="year">2015</infon><offset>21762</offset><text>Patient satisfaction: why and how patients grade you and your pulmonary practice</text></passage><passage><infon key="section_type">REF</infon><infon key="type">ref</infon><offset>21843</offset><text>Cohen J. How do patients select a new physician? 77% say online reviews. https://www.beckershospitalreview.com/healthcare-information-technology/how-do-patients-select-a-new-physician-77-say-online-reviews.html. Accessed June 21, 2018.</text></passage><passage><infon key="fpage">278</infon><infon key="issue">2</infon><infon key="name_0">surname:Sculco;given-names:P.K.</infon><infon key="name_1">surname:McLawhorn;given-names:A.S.</infon><infon key="name_2">surname:Fehring;given-names:K.A.</infon><infon key="name_3">surname:De Martino;given-names:I.</infon><infon key="pub-id_pmid">28456946</infon><infon key="section_type">REF</infon><infon key="source">Curr Rev Musculoskelet Med</infon><infon key="type">ref</infon><infon key="volume">10</infon><infon key="year">2017</infon><offset>22079</offset><text>The future of social media in orthopedic surgery</text></passage><passage><infon key="fpage">4259</infon><infon key="issue">21</infon><infon key="name_0">surname:Kaye;given-names:D.R.</infon><infon key="name_1">surname:Norton;given-names:E.C.</infon><infon key="name_2">surname:Ellimoottil;given-names:C.</infon><infon key="pub-id_pmid">28665483</infon><infon key="section_type">REF</infon><infon key="source">Cancer</infon><infon key="type">ref</infon><infon key="volume">123</infon><infon key="year">2017</infon><offset>22128</offset><text>Understanding the relationship between the Centers for Medicare and Medicaid Services' Hospital Compare star rating, surgical case volume, and short-term outcomes after major cancer surgery</text></passage><passage><infon key="fpage">619</infon><infon key="name_0">surname:Johari;given-names:K.</infon><infon key="name_1">surname:Kellogg;given-names:C.</infon><infon key="name_2">surname:Vazquez;given-names:K.</infon><infon key="section_type">REF</infon><infon key="source">BMJ Qual Saf</infon><infon key="type">ref</infon><infon key="volume">27</infon><infon key="year">2018</infon><offset>22318</offset><text>Ratings game: an analysis of nursing home compare and Yelp ratings</text></passage><passage><infon key="fpage">153</infon><infon key="issue">2</infon><infon key="name_0">surname:Smith;given-names:R.J.</infon><infon key="name_1">surname:Lipoff;given-names:J.B.</infon><infon key="pub-id_pmid">26606326</infon><infon key="section_type">REF</infon><infon key="source">JAMA Dermatol</infon><infon key="type">ref</infon><infon key="volume">152</infon><infon key="year">2016</infon><offset>22385</offset><text>Evaluation of Dermatology practice online reviews: lessons from qualitative analysis</text></passage><passage><infon key="fpage">204</infon><infon key="issue">2</infon><infon key="name_0">surname:Finlayson;given-names:S.R.</infon><infon key="name_1">surname:Birkmeyer;given-names:J.D.</infon><infon key="name_2">surname:Tosteson;given-names:A.N.</infon><infon key="name_3">surname:Nease;given-names:R.F.;suffix:Jr.</infon><infon key="pub-id_pmid">10024124</infon><infon key="section_type">REF</infon><infon key="source">Med Care</infon><infon key="type">ref</infon><infon key="volume">37</infon><infon key="year">1999</infon><offset>22470</offset><text>Patient preferences for location of care: implications for regionalization</text></passage><passage><infon key="section_type">SUPPL</infon><infon key="type">title_1</infon><offset>22545</offset><text>Supplementary data</text></passage><passage><infon key="section_type">SUPPL</infon><infon key="type">footnote</infon><offset>22564</offset><text>One or more of the authors of this paper have disclosed potential or pertinent conflicts of interest, which may include receipt of payment, either direct or indirect, institutional support, or association with an entity in the biomedical field which may be perceived to have potential conflict of interest with this work. For full disclosure statements refer to https://doi.org/10.1016/j.artd.2019.02.009.</text></passage></document></collection>
