<?xml version="1.0" encoding="UTF-8"?>
<!DOCTYPE collection SYSTEM "BioC.dtd">
<collection><source>PMC</source><date>20201222</date><key>pmc.key</key><document><id>6652124</id><infon key="license">CC BY</infon><passage><infon key="article-id_doi">10.2196/13094</infon><infon key="article-id_pmc">6652124</infon><infon key="article-id_pmid">31293243</infon><infon key="article-id_publisher-id">v21i7e13094</infon><infon key="elocation-id">e13094</infon><infon key="issue">7</infon><infon key="kwd">autism autism spectrum disorder crowdsourcing prevalence resources infodemiology epidemiology</infon><infon key="license">This is an open-access article distributed under the terms of the Creative Commons Attribution License (https://creativecommons.org/licenses/by/4.0/), which permits unrestricted use, distribution, and reproduction in any medium, provided the original work, first published in the Journal of Medical Internet Research, is properly cited. The complete bibliographic information, a link to the original publication on http://www.jmir.org/, as well as this copyright and license information must be included.</infon><infon key="name_0">surname:Eysenbach;given-names:Gunther</infon><infon key="name_1">surname:Cao;given-names:Yanjia</infon><infon key="name_10">surname:Wall;given-names:Dennis P</infon><infon key="name_2">surname:Antoniou;given-names:Panagiotis</infon><infon key="name_3">surname:Ning;given-names:Michael</infon><infon key="name_4">surname:Daniels;given-names:Jena</infon><infon key="name_5">surname:Schwartz;given-names:Jessey</infon><infon key="name_6">surname:Dunlap;given-names:Kaitlyn</infon><infon key="name_7">surname:Washington;given-names:Peter</infon><infon key="name_8">surname:Kalantarian;given-names:Haik</infon><infon key="name_9">surname:Du;given-names:Michael</infon><infon key="section_type">TITLE</infon><infon key="type">front</infon><infon key="volume">21</infon><infon key="year">2019</infon><offset>0</offset><text>Identification and Quantification of Gaps in Access to Autism Resources in the United States: An Infodemiological Study</text></passage><passage><infon key="section_type">ABSTRACT</infon><infon key="type">abstract_title_1</infon><offset>120</offset><text>Background</text></passage><passage><infon key="section_type">ABSTRACT</infon><infon key="type">abstract</infon><offset>131</offset><text>Autism affects 1 in every 59 children in the United States, according to estimates from the Centers for Disease Control and Prevention’s Autism and Developmental Disabilities Monitoring Network in 2018. Although similar rates of autism are reported in rural and urban areas, rural families report greater difficulty in accessing resources. An overwhelming number of families experience long waitlists for diagnostic and therapeutic services.</text></passage><passage><infon key="section_type">ABSTRACT</infon><infon key="type">abstract_title_1</infon><offset>575</offset><text>Objective</text></passage><passage><infon key="section_type">ABSTRACT</infon><infon key="type">abstract</infon><offset>585</offset><text>The objective of this study was to accurately identify gaps in access to autism care using GapMap, a mobile platform that connects families with local resources while continuously collecting up-to-date autism resource epidemiological information.</text></passage><passage><infon key="section_type">ABSTRACT</infon><infon key="type">abstract_title_1</infon><offset>832</offset><text>Methods</text></passage><passage><infon key="section_type">ABSTRACT</infon><infon key="type">abstract</infon><offset>840</offset><text>After being extracted from various databases, resources were deduplicated, validated, and allocated into 7 categories based on the keywords identified on the resource website. The average distance between the individuals from a simulated autism population and the nearest autism resource in our database was calculated for each US county. Resource load, an approximation of demand over supply for diagnostic resources, was calculated for each US county.</text></passage><passage><infon key="section_type">ABSTRACT</infon><infon key="type">abstract_title_1</infon><offset>1294</offset><text>Results</text></passage><passage><infon key="section_type">ABSTRACT</infon><infon key="type">abstract</infon><offset>1302</offset><text>There are approximately 28,000 US resources validated on the GapMap database, each allocated into 1 or more of the 7 categories. States with the greatest distances to autism resources included Alaska, Nevada, Wyoming, Montana, and Arizona. Of the 7 resource categories, diagnostic resources were the most underrepresented, comprising only 8.83% (2472/28,003) of all resources. Alarmingly, 83.86% (2635/3142) of all US counties lacked any diagnostic resources. States with the highest diagnostic resource load included West Virginia, Kentucky, Maine, Mississippi, and New Mexico.</text></passage><passage><infon key="section_type">ABSTRACT</infon><infon key="type">abstract_title_1</infon><offset>1881</offset><text>Conclusions</text></passage><passage><infon key="section_type">ABSTRACT</infon><infon key="type">abstract</infon><offset>1893</offset><text>Results from this study demonstrate the sparsity and uneven distribution of diagnostic resources in the United States, which may contribute to the lengthy waitlists and travel distances—barriers to be overcome to be able to receive diagnosis in specific regions. More data are needed on autism diagnosis demand to better quantify resource needs across the United States.</text></passage><passage><infon key="section_type">INTRO</infon><infon key="type">title_1</infon><offset>2266</offset><text>Introduction</text></passage><passage><infon key="section_type">INTRO</infon><infon key="type">title_2</infon><offset>2279</offset><text>Background</text></passage><passage><infon key="section_type">INTRO</infon><infon key="type">paragraph</infon><offset>2290</offset><text>Autism spectrum disorder (ASD), a heterogeneous neurodevelopmental disorder characterized by repetitive and restricted behaviors and interests and social communication impairments, is the fastest growing developmental disorder in the United States. The prevalence of ASD has increased by approximately 700% since 1990 and now affects 1 in 59 children.</text></passage><passage><infon key="section_type">INTRO</infon><infon key="type">paragraph</infon><offset>2642</offset><text>Early access to diagnostic and therapeutic resources is essential for improving outcomes among children with ASD; however, families of individuals with autism often struggle to secure a diagnosis and find adequate therapeutic services. The average age of diagnosis in the United States is estimated to be over 4 years, and about 27.1% of children remain undiagnosed at 8 years, with these figures being even higher among ethnic minorities. Initial concerns are often already noted by families before children reach 2 years, making reliable diagnosis possible given adequate access to diagnostic resources. Unfortunately, clinicians are often overburdened by the increasing population in need of care, creating waitlists exceeding 12 months for diagnosis. Waitlists are even longer for families in rural and underserved areas with a lower socioeconomic status, and an estimated 42% report having to travel to another city for a diagnosis. A staggering 63% of families obtained a diagnosis for their child only after their third visit with a professional. These delays in diagnosis and therapy leave many children untreated until after sensitive periods of development have passed. Further complicating matters, treatment for ASD can cost a family up to US $100,000 annually, adding up to US $3.2 million in medical expenses over a lifetime. More than half of all families report a lack of information and advice and little opportunity for parents to get involved in developing and reviewing treatment plans for their children.</text></passage><passage><infon key="section_type">INTRO</infon><infon key="type">title_2</infon><offset>4168</offset><text>Objective</text></passage><passage><infon key="section_type">INTRO</infon><infon key="type">paragraph</infon><offset>4178</offset><text>Although there are indicators of significant resource shortages for families affected by autism in the United States, few studies have specifically explored autism resource epidemiology in the United States. Quantifying the expanding imbalance between clinicians and families in need of care and identifying the extent of gaps in access to autism resources are both essential steps toward providing support to individuals with autism. To address this need, we developed GapMap, a centralized crowd-powered Web platform that provides individuals affected by autism with colocated autism resources in their community (Figure 1).</text></passage><passage><infon key="section_type">INTRO</infon><infon key="type">paragraph</infon><offset>4805</offset><text>Our preliminary analysis of data derived from GapMap has shown that in the United States, children who live closer to diagnostic centers are more likely to be diagnosed, highlighting a gap in access to care for families in rural communities. This study expands upon these findings with additional data and analyses. In this study, we generated a comprehensive representation of autism resources in the United States, categorized each listed resource by service type, and examined more granular gaps in access in terms of distance and availability. For each of the 3142 counties in the United States, we estimated the average distance between individuals with autism and the nearest autism resource and approximated an annual demand over supply ratio of diagnostic resources.</text></passage><passage><infon key="file">jmir_v21i7e13094_fig1.jpg</infon><infon key="id">figure1</infon><infon key="section_type">FIG</infon><infon key="type">fig_caption</infon><offset>5580</offset><text>An example of the preliminary mapping interface for GapMap. (1) The landing page shows resources near Stanford University; (2) participants can electronically consent and participate from any desktop or mobile device; (3) after email and zip code submission, resources are shown near the zip code area.</text></passage><passage><infon key="section_type">METHODS</infon><infon key="type">title_1</infon><offset>5883</offset><text>Methods</text></passage><passage><infon key="section_type">METHODS</infon><infon key="type">title_2</infon><offset>5891</offset><text>GapMap</text></passage><passage><infon key="section_type">METHODS</infon><infon key="type">paragraph</infon><offset>5898</offset><text>GapMap is connected to a MySQL database that stores autism resource metadata including, but not limited to, program names, addresses, service types, and geo-coordinates. GapMap’s front-end is written in React.js, and the back-end server runs on Amazon Web Services (AWS) application programming interface (API) Gateway, which connects to AWS Lambda and executes JavaScript packages to­­ communicate with our MySQL database hosted on Amazon Relational Database Service. GapMap allows users to search for resources near a given area and populates a map with markers representing each resource that expands into an information box containing its respective program name, address, and website. Due to its large set of resource geo-coordinates, the GapMap database provides the data needed to perform numerical analyses to further our understanding and characterization of resource epidemiology.</text></passage><passage><infon key="section_type">METHODS</infon><infon key="type">title_2</infon><offset>6793</offset><text>Resource Database Validation and Categorization</text></passage><passage><infon key="section_type">METHODS</infon><infon key="type">paragraph</infon><offset>6841</offset><text>The initial resource database for GapMap was created in 2015 by mining 3 extensive and publicly available autism resource databases (eg, Autism Speaks, Autism Source, and Parents Helping Parents). Each resource contained the following attributes: Program Name, Program Description, Full Address, Phone, Email, URL, Latitude, Longitude, and Category. Not all resources in GapMap’s original database were mappable, relevant, or up to date. To address this issue, a resource was discarded if it contained a post office box or an invalid physical address, was associated with a website that excluded keywords related to autism or was associated with a broken or missing website and lacked additional contact information. A resource with a broken or missing URL was unable to be validated; however, if an email address was provided, the resource was kept in the database for future validation and confirmation.</text></passage><passage><infon key="section_type">METHODS</infon><infon key="type">paragraph</infon><offset>7749</offset><text>In an effort to increase comprehensiveness of the GapMap resource and to ensure it remains up to date, we used ParseHub, a third-party Web scraper, to extract an updated list of all resources listed on Autism Speaks. In addition, we extracted resources from the Google Places database using Google Places API under the following search parameters: the keyword autism, city, state, and search radius. To ensure a comprehensive resource extraction, resources were searched within a 13-km radius of each city center. This radius includes the largest US city (Sitka, Alaska, which has a total area of 12,461 km2). The extracted resources from both databases were merged with the GapMap database, deduplicated based on geo-coordinates and program names, and processed through our validation pipeline.</text></passage><passage><infon key="section_type">METHODS</infon><infon key="type">paragraph</infon><offset>8545</offset><text>We assigned resources in the GapMap database to 7 primary resource categories: Diagnosis, Therapy, Health, Education, Recreation, Support, and Other. These categories were determined by our clinical coordinators through comparisons between resource categories found on Autism Speaks, Autism Source, and Parents Helping Parents. Resources may include multiple resource categories under the category attribute. Table 1 maps the service type attributes already associated with a resource from its native database to 1 of our 7 primary resource categories. Websites associated with resources without a service type were scraped for keywords listed in Table 1 and allocated accordingly. Resources that were not captured by any of the keywords listed in Table 1, for entities such as &quot;...Special Education Attorneys,” were allocated to the category Other.</text></passage><passage><infon key="file">table1.xml</infon><infon key="id">table1</infon><infon key="section_type">TABLE</infon><infon key="type">table_caption</infon><offset>9397</offset><text>Keywords used to allocate resources to the Diagnosis, Therapy, Health, Education, Recreation, and Support categories on GapMap.</text></passage><passage><infon key="file">table1.xml</infon><infon key="id">table1</infon><infon key="section_type">TABLE</infon><infon key="type">table</infon><infon key="xml">&lt;?xml version=&quot;1.0&quot; encoding=&quot;UTF-8&quot;?&gt;
&lt;table frame=&quot;hsides&quot; rules=&quot;groups&quot; width=&quot;1000&quot; cellpadding=&quot;7&quot; cellspacing=&quot;0&quot; border=&quot;1&quot;&gt;&lt;col width=&quot;850&quot; span=&quot;1&quot;/&gt;&lt;col width=&quot;150&quot; span=&quot;1&quot;/&gt;&lt;thead&gt;&lt;tr valign=&quot;top&quot;&gt;&lt;td rowspan=&quot;1&quot; colspan=&quot;1&quot;&gt;Keywords&lt;/td&gt;&lt;td rowspan=&quot;1&quot; colspan=&quot;1&quot;&gt;Allocated category&lt;/td&gt;&lt;/tr&gt;&lt;/thead&gt;&lt;tbody&gt;&lt;tr valign=&quot;top&quot;&gt;&lt;td rowspan=&quot;1&quot; colspan=&quot;1&quot;&gt;Diagnosis, Where to get an Autism Diagnosis, Diagnostic, Assessments and Diagnosis&lt;/td&gt;&lt;td rowspan=&quot;1&quot; colspan=&quot;1&quot;&gt;Diagnosis&lt;/td&gt;&lt;/tr&gt;&lt;tr valign=&quot;top&quot;&gt;&lt;td rowspan=&quot;1&quot; colspan=&quot;1&quot;&gt;Therapy; Early Intervention: Ages Birth-3; Interventions; Related Services; Early Intervention Services; Augmentative and Alternative Communication; Equine Therapy; Music Therapy; Occupational Therapy; Physical Therapy; Sensory Integration; Social Skills; Speech and Language Therapy; Applied Behavior Analysis (ABA); Floortime or DIR; Other Interventions; Picture Exchange Communication (PEC); Relationship Development Intervention (RDI); SCERTS Model; TEACCH; Verbal Behavior; Early Intervention; Related Services (Therapists); Speech/Language Therapy; Therapists; Art Therapy; instruction/intervention; Executive Function; ABA (Applied Behavior Analysis); Therapeutic; Speech&lt;/td&gt;&lt;td rowspan=&quot;1&quot; colspan=&quot;1&quot;&gt;Therapy&lt;/td&gt;&lt;/tr&gt;&lt;tr valign=&quot;top&quot;&gt;&lt;td rowspan=&quot;1&quot; colspan=&quot;1&quot;&gt;Health, Biomedical Interventions; Health Services; Health and Dental Services; Diet or Nutrition; Other Biomedical Interventions; First Responder Resources; Dentists; Family Practitioners; Gastroenterologists; Inpatient Treatment Care Centers; Neurologists; Other Professionals; Pediatricians: Developmental, Pediatricians: General, Psychiatrists, Psychologists, State Mental Health Centers, Blood Draw or Phlebotomists; Community Mental Health Centers; Crisis Intervention Services; Substance Abuse Treatment; Crisis/Crime Victim Services; Dentist; Mental Health Professional; Other Medical Services; Physician; Doctors&lt;/td&gt;&lt;td rowspan=&quot;1&quot; colspan=&quot;1&quot;&gt;Health&lt;/td&gt;&lt;/tr&gt;&lt;tr valign=&quot;top&quot;&gt;&lt;td rowspan=&quot;1&quot; colspan=&quot;1&quot;&gt;Education; Preschool Age: Ages 3-5; School Age: Ages 5-22; Post Secondary Education; Schools: Nonpublic (Private); Schools: Residential; Schools: Preschool; Transition to Adult Services; Academic Supports; Private/Non-Public School; Public School System; Job/Vocational; Transition; Living Skills; Schools; Tutoring; Academy; Preschool; Tutor; School; Learn; Teach; Pre-K&lt;/td&gt;&lt;td rowspan=&quot;1&quot; colspan=&quot;1&quot;&gt;Education&lt;/td&gt;&lt;/tr&gt;&lt;tr valign=&quot;top&quot;&gt;&lt;td rowspan=&quot;1&quot; colspan=&quot;1&quot;&gt;Recreation; Recreational and Leisure Activities; Day Programs; Recreation and Community Activities; Camps; After-School Programs; Camps and Recreation; Social Activities; After School Care: Children; Recreation; Play&lt;/td&gt;&lt;td rowspan=&quot;1&quot; colspan=&quot;1&quot;&gt;Recreation&lt;/td&gt;&lt;/tr&gt;&lt;tr valign=&quot;top&quot;&gt;&lt;td rowspan=&quot;1&quot; colspan=&quot;1&quot;&gt;Support; Support Groups; Community and Support Network; Advocates; Grandparents; Autism Speaks Communities; Local Autism Events; Local Autism Organizations; Military Family Resources; Online Support Groups; Religious Resources; Support Groups; Autism Society Affiliate (Chapter); Parent Training; Conferences; Other Local Organizations; Faith Community Services; Information and Support; Training; Support/Self Help Groups; Parent Support; Advocate-School District; Advocacy; Volunteer&lt;/td&gt;&lt;td rowspan=&quot;1&quot; colspan=&quot;1&quot;&gt;Support&lt;/td&gt;&lt;/tr&gt;&lt;/tbody&gt;&lt;/table&gt;
</infon><offset>9525</offset><text>Keywords	Allocated category	 	Diagnosis, Where to get an Autism Diagnosis, Diagnostic, Assessments and Diagnosis	Diagnosis	 	Therapy; Early Intervention: Ages Birth-3; Interventions; Related Services; Early Intervention Services; Augmentative and Alternative Communication; Equine Therapy; Music Therapy; Occupational Therapy; Physical Therapy; Sensory Integration; Social Skills; Speech and Language Therapy; Applied Behavior Analysis (ABA); Floortime or DIR; Other Interventions; Picture Exchange Communication (PEC); Relationship Development Intervention (RDI); SCERTS Model; TEACCH; Verbal Behavior; Early Intervention; Related Services (Therapists); Speech/Language Therapy; Therapists; Art Therapy; instruction/intervention; Executive Function; ABA (Applied Behavior Analysis); Therapeutic; Speech	Therapy	 	Health, Biomedical Interventions; Health Services; Health and Dental Services; Diet or Nutrition; Other Biomedical Interventions; First Responder Resources; Dentists; Family Practitioners; Gastroenterologists; Inpatient Treatment Care Centers; Neurologists; Other Professionals; Pediatricians: Developmental, Pediatricians: General, Psychiatrists, Psychologists, State Mental Health Centers, Blood Draw or Phlebotomists; Community Mental Health Centers; Crisis Intervention Services; Substance Abuse Treatment; Crisis/Crime Victim Services; Dentist; Mental Health Professional; Other Medical Services; Physician; Doctors	Health	 	Education; Preschool Age: Ages 3-5; School Age: Ages 5-22; Post Secondary Education; Schools: Nonpublic (Private); Schools: Residential; Schools: Preschool; Transition to Adult Services; Academic Supports; Private/Non-Public School; Public School System; Job/Vocational; Transition; Living Skills; Schools; Tutoring; Academy; Preschool; Tutor; School; Learn; Teach; Pre-K	Education	 	Recreation; Recreational and Leisure Activities; Day Programs; Recreation and Community Activities; Camps; After-School Programs; Camps and Recreation; Social Activities; After School Care: Children; Recreation; Play	Recreation	 	Support; Support Groups; Community and Support Network; Advocates; Grandparents; Autism Speaks Communities; Local Autism Events; Local Autism Organizations; Military Family Resources; Online Support Groups; Religious Resources; Support Groups; Autism Society Affiliate (Chapter); Parent Training; Conferences; Other Local Organizations; Faith Community Services; Information and Support; Training; Support/Self Help Groups; Parent Support; Advocate-School District; Advocacy; Volunteer	Support	 	</text></passage><passage><infon key="section_type">METHODS</infon><infon key="type">title_2</infon><offset>12080</offset><text>Distance Between Resources and Individuals</text></passage><passage><infon key="section_type">METHODS</infon><infon key="type">paragraph</infon><offset>12123</offset><text>As GapMap does not yet collect diagnostic information from users, we represented the population distribution of individuals with autism through a simulation. For each of the 3142 counties in the United States, geo-coordinates were generated in a random distribution inside a county bounding box derived from the 2010 US Census Bureau’s set of county Tiger/Line shapefiles. The number of geo-coordinates representing the simulated population density was calculated by dividing the US Census Bureau’s 2016 County Population Estimate by 59 to normalize for the most recent autism prevalence rate. This amounted to 5,476,742 coordinate points across the United States, where each of these points represents a simulated individual with autism.</text></passage><passage><infon key="section_type">METHODS</infon><infon key="type">paragraph</infon><offset>12866</offset><text>All resources in the GapMap database were tagged with their respective geo-coordinates. The Euclidean distance was calculated between each geo-coordinate representing a simulated individual with autism and the geo-coordinate representing the autism resource from the GapMap database closest to the corresponding individual. These distances were used to calculate the average resource distance for each county. The values were then used to rank counties with gaps between autism resources and individuals with autism in descending order. This analysis was repeated for each of the 7 resource categories.</text></passage><passage><infon key="section_type">METHODS</infon><infon key="type">title_2</infon><offset>13469</offset><text>Resource Load for Diagnostic Resources</text></passage><passage><infon key="section_type">METHODS</infon><infon key="type">paragraph</infon><offset>13508</offset><text>Resource distance is correlated with the number of resources and the proportional distribution of resources in the region, but it is not an effective measure of how well resource demands are being met because of the variations in the number of individuals who can be served between resources. As a result, resource load was calculated. The diagnostic resources in the GapMap database comprises resources that provide medical diagnoses of ASD made by pediatricians, neurologists, and psychiatrists as well as diagnoses that occur through psychological assessments and mental health units. Resource load represents how well diagnostic centers can meet the demands of the individuals in a given county annually. Ideally, this value would be a demand over supply ratio of diagnostic services in a given county annually; however, because of the lack of available data on individuals diagnosed and waitlisted for diagnosis for each state, an approximation of this measure was represented by a resource load formula. In addition, as calculating resource load for each diagnostic center rather than region would lead to overestimated values from the potential recounting of individuals within the proximity of multiple diagnostic resources, the previous resource load formula was adjusted to calculate a comparative value that approximates the demand over supply ratio of autism resources. The new resource load below does not exhibit any meaning as a stand-alone value but can be compared with other state resource load values to estimate how well diagnostic resources can meet individual demand.</text></passage><passage><infon key="section_type">METHODS</infon><infon key="type">paragraph</infon><offset>15098</offset><text>The resource load RL_c, as computed for diagnostic resources for each of the 3142 US counties, is represented by this formula:</text></passage><passage><infon key="section_type">METHODS</infon><infon key="type">paragraph</infon><offset>15225</offset><text>N_c, the county population, is derived from the US Census Bureau’s 2016 County Population Estimate. R_c is the number of diagnostic resources in a given county from the GapMap database. For a more intuitive comparison of resource load values, f is the ratio selected to normalize by the lowest state resource load, resulting in a value of 1 for the lowest state resource load. A higher resource load value may suggest that resources in a given region are less likely to meet demand.</text></passage><passage><infon key="section_type">RESULTS</infon><infon key="type">title_1</infon><offset>15710</offset><text>Results</text></passage><passage><infon key="section_type">RESULTS</infon><infon key="type">title_2</infon><offset>15718</offset><text>Resource Database Validation and Categorization</text></passage><passage><infon key="section_type">RESULTS</infon><infon key="type">paragraph</infon><offset>15766</offset><text>We originally identified 29,935 autism resources in the United States and removed 8402 resources from the GapMap database through our validation and deduplication process. Additional resources were then extracted from Autism Speaks and Google Places, verified through our validation pipeline, merged with our database, and deduplicated, resulting in the addition of 6470 resources and amounting to a total of 28,003 unique and validated resources in the GapMap database. Table 2 shows the allocation of all resources into each of the 7 resource categories. Resources may be allocated to multiple categories.</text></passage><passage><infon key="section_type">RESULTS</infon><infon key="type">title_2</infon><offset>16374</offset><text>Distance Between Resources and Individuals</text></passage><passage><infon key="section_type">RESULTS</infon><infon key="type">paragraph</infon><offset>16417</offset><text>The estimated average distance between an individual with autism and the nearest autism resource belonging to any of the 7 resource categories across the United States is 17.12 km. Table 2 outlines the average distance of the nearest resource specific to each category. Due to the large number of US counties, Table 3 only shows the 10 states with the largest and smallest average distances to the nearest resource, respectively. On average across the United States, individuals are over 21 km away from resources that belong to the Therapy category and are farthest away from resources that belong to the Diagnosis category, at over 35 km. Figure 2 represents a heat map of the overall density of resources across the United States. As shown in the map, resources are sparsely distributed across the western half of the country and are densely crowded surrounding regions of higher population density.</text></passage><passage><infon key="file">table2.xml</infon><infon key="id">table2</infon><infon key="section_type">TABLE</infon><infon key="type">table_caption</infon><offset>17320</offset><text>The number, percent breakdown, and average distance of autism resources for each of the 7 resource categories.</text></passage><passage><infon key="file">table2.xml</infon><infon key="id">table2</infon><infon key="section_type">TABLE</infon><infon key="type">table</infon><infon key="xml">&lt;?xml version=&quot;1.0&quot; encoding=&quot;UTF-8&quot;?&gt;
&lt;table frame=&quot;hsides&quot; rules=&quot;groups&quot; width=&quot;1000&quot; cellpadding=&quot;7&quot; cellspacing=&quot;0&quot; border=&quot;1&quot;&gt;&lt;col width=&quot;500&quot; span=&quot;1&quot;/&gt;&lt;col width=&quot;250&quot; span=&quot;1&quot;/&gt;&lt;col width=&quot;250&quot; span=&quot;1&quot;/&gt;&lt;thead&gt;&lt;tr valign=&quot;top&quot;&gt;&lt;td rowspan=&quot;1&quot; colspan=&quot;1&quot;&gt;Category&lt;/td&gt;&lt;td rowspan=&quot;1&quot; colspan=&quot;1&quot;&gt;Resources, n (%)&lt;/td&gt;&lt;td rowspan=&quot;1&quot; colspan=&quot;1&quot;&gt;Average distance (km)&lt;/td&gt;&lt;/tr&gt;&lt;/thead&gt;&lt;tbody&gt;&lt;tr valign=&quot;top&quot;&gt;&lt;td rowspan=&quot;1&quot; colspan=&quot;1&quot;&gt;All resources&lt;/td&gt;&lt;td rowspan=&quot;1&quot; colspan=&quot;1&quot;&gt;28,003 (100.00)&lt;/td&gt;&lt;td rowspan=&quot;1&quot; colspan=&quot;1&quot;&gt;17.12&lt;/td&gt;&lt;/tr&gt;&lt;tr valign=&quot;top&quot;&gt;&lt;td rowspan=&quot;1&quot; colspan=&quot;1&quot;&gt;Therapy&lt;/td&gt;&lt;td rowspan=&quot;1&quot; colspan=&quot;1&quot;&gt;11,602 (41.43)&lt;/td&gt;&lt;td rowspan=&quot;1&quot; colspan=&quot;1&quot;&gt;21.84&lt;/td&gt;&lt;/tr&gt;&lt;tr valign=&quot;top&quot;&gt;&lt;td rowspan=&quot;1&quot; colspan=&quot;1&quot;&gt;Support&lt;/td&gt;&lt;td rowspan=&quot;1&quot; colspan=&quot;1&quot;&gt;8153 (29.11)&lt;/td&gt;&lt;td rowspan=&quot;1&quot; colspan=&quot;1&quot;&gt;21.65&lt;/td&gt;&lt;/tr&gt;&lt;tr valign=&quot;top&quot;&gt;&lt;td rowspan=&quot;1&quot; colspan=&quot;1&quot;&gt;Health&lt;/td&gt;&lt;td rowspan=&quot;1&quot; colspan=&quot;1&quot;&gt;7236 (25.84)&lt;/td&gt;&lt;td rowspan=&quot;1&quot; colspan=&quot;1&quot;&gt;24.02&lt;/td&gt;&lt;/tr&gt;&lt;tr valign=&quot;top&quot;&gt;&lt;td rowspan=&quot;1&quot; colspan=&quot;1&quot;&gt;Education&lt;/td&gt;&lt;td rowspan=&quot;1&quot; colspan=&quot;1&quot;&gt;5595 (19.98)&lt;/td&gt;&lt;td rowspan=&quot;1&quot; colspan=&quot;1&quot;&gt;24.17&lt;/td&gt;&lt;/tr&gt;&lt;tr valign=&quot;top&quot;&gt;&lt;td rowspan=&quot;1&quot; colspan=&quot;1&quot;&gt;Recreation&lt;/td&gt;&lt;td rowspan=&quot;1&quot; colspan=&quot;1&quot;&gt;2791 (9.97)&lt;/td&gt;&lt;td rowspan=&quot;1&quot; colspan=&quot;1&quot;&gt;30.44&lt;/td&gt;&lt;/tr&gt;&lt;tr valign=&quot;top&quot;&gt;&lt;td rowspan=&quot;1&quot; colspan=&quot;1&quot;&gt;Diagnosis&lt;/td&gt;&lt;td rowspan=&quot;1&quot; colspan=&quot;1&quot;&gt;2472 (8.83)&lt;/td&gt;&lt;td rowspan=&quot;1&quot; colspan=&quot;1&quot;&gt;35.49&lt;/td&gt;&lt;/tr&gt;&lt;tr valign=&quot;top&quot;&gt;&lt;td rowspan=&quot;1&quot; colspan=&quot;1&quot;&gt;Other&lt;/td&gt;&lt;td rowspan=&quot;1&quot; colspan=&quot;1&quot;&gt;5190 (18.53)&lt;/td&gt;&lt;td rowspan=&quot;1&quot; colspan=&quot;1&quot;&gt;26.80&lt;/td&gt;&lt;/tr&gt;&lt;/tbody&gt;&lt;/table&gt;
</infon><offset>17431</offset><text>Category	Resources, n (%)	Average distance (km)	 	All resources	28,003 (100.00)	17.12	 	Therapy	11,602 (41.43)	21.84	 	Support	8153 (29.11)	21.65	 	Health	7236 (25.84)	24.02	 	Education	5595 (19.98)	24.17	 	Recreation	2791 (9.97)	30.44	 	Diagnosis	2472 (8.83)	35.49	 	Other	5190 (18.53)	26.80	 	</text></passage><passage><infon key="file">table3.xml</infon><infon key="id">table3</infon><infon key="section_type">TABLE</infon><infon key="type">table_caption</infon><offset>17727</offset><text>Top 10 states in the United States with the largest and smallest average distances between an individual with autism and the nearest autism resource, respectively.</text></passage><passage><infon key="file">table3.xml</infon><infon key="id">table3</infon><infon key="section_type">TABLE</infon><infon key="type">table</infon><infon key="xml">&lt;?xml version=&quot;1.0&quot; encoding=&quot;UTF-8&quot;?&gt;
&lt;table frame=&quot;hsides&quot; rules=&quot;groups&quot; width=&quot;1000&quot; cellpadding=&quot;7&quot; cellspacing=&quot;0&quot; border=&quot;1&quot;&gt;&lt;col width=&quot;250&quot; span=&quot;1&quot;/&gt;&lt;col width=&quot;250&quot; span=&quot;1&quot;/&gt;&lt;col width=&quot;250&quot; span=&quot;1&quot;/&gt;&lt;col width=&quot;250&quot; span=&quot;1&quot;/&gt;&lt;thead&gt;&lt;tr valign=&quot;top&quot;&gt;&lt;td colspan=&quot;2&quot; rowspan=&quot;1&quot;&gt;Top 10 states with largest distance&lt;/td&gt;&lt;td colspan=&quot;2&quot; rowspan=&quot;1&quot;&gt;Top 10 states with smallest distance&lt;/td&gt;&lt;/tr&gt;&lt;tr valign=&quot;top&quot;&gt;&lt;td rowspan=&quot;1&quot; colspan=&quot;1&quot;&gt;State&lt;/td&gt;&lt;td rowspan=&quot;1&quot; colspan=&quot;1&quot;&gt;Distance (km)&lt;/td&gt;&lt;td rowspan=&quot;1&quot; colspan=&quot;1&quot;&gt;State&lt;/td&gt;&lt;td rowspan=&quot;1&quot; colspan=&quot;1&quot;&gt;Distance (km)&lt;/td&gt;&lt;/tr&gt;&lt;/thead&gt;&lt;tbody&gt;&lt;tr valign=&quot;top&quot;&gt;&lt;td rowspan=&quot;1&quot; colspan=&quot;1&quot;&gt;Alaska&lt;/td&gt;&lt;td rowspan=&quot;1&quot; colspan=&quot;1&quot;&gt;100.66&lt;/td&gt;&lt;td rowspan=&quot;1&quot; colspan=&quot;1&quot;&gt;New Jersey&lt;/td&gt;&lt;td rowspan=&quot;1&quot; colspan=&quot;1&quot;&gt;3.74&lt;/td&gt;&lt;/tr&gt;&lt;tr valign=&quot;top&quot;&gt;&lt;td rowspan=&quot;1&quot; colspan=&quot;1&quot;&gt;Nevada&lt;/td&gt;&lt;td rowspan=&quot;1&quot; colspan=&quot;1&quot;&gt;54.16&lt;/td&gt;&lt;td rowspan=&quot;1&quot; colspan=&quot;1&quot;&gt;Connecticut&lt;/td&gt;&lt;td rowspan=&quot;1&quot; colspan=&quot;1&quot;&gt;4.67&lt;/td&gt;&lt;/tr&gt;&lt;tr valign=&quot;top&quot;&gt;&lt;td rowspan=&quot;1&quot; colspan=&quot;1&quot;&gt;Wyoming&lt;/td&gt;&lt;td rowspan=&quot;1&quot; colspan=&quot;1&quot;&gt;54.14&lt;/td&gt;&lt;td rowspan=&quot;1&quot; colspan=&quot;1&quot;&gt;Maryland&lt;/td&gt;&lt;td rowspan=&quot;1&quot; colspan=&quot;1&quot;&gt;5.65&lt;/td&gt;&lt;/tr&gt;&lt;tr valign=&quot;top&quot;&gt;&lt;td rowspan=&quot;1&quot; colspan=&quot;1&quot;&gt;Montana&lt;/td&gt;&lt;td rowspan=&quot;1&quot; colspan=&quot;1&quot;&gt;49.12&lt;/td&gt;&lt;td rowspan=&quot;1&quot; colspan=&quot;1&quot;&gt;Massachusetts&lt;/td&gt;&lt;td rowspan=&quot;1&quot; colspan=&quot;1&quot;&gt;6.42&lt;/td&gt;&lt;/tr&gt;&lt;tr valign=&quot;top&quot;&gt;&lt;td rowspan=&quot;1&quot; colspan=&quot;1&quot;&gt;Arizona&lt;/td&gt;&lt;td rowspan=&quot;1&quot; colspan=&quot;1&quot;&gt;43.69&lt;/td&gt;&lt;td rowspan=&quot;1&quot; colspan=&quot;1&quot;&gt;New York&lt;/td&gt;&lt;td rowspan=&quot;1&quot; colspan=&quot;1&quot;&gt;7.07&lt;/td&gt;&lt;/tr&gt;&lt;tr valign=&quot;top&quot;&gt;&lt;td rowspan=&quot;1&quot; colspan=&quot;1&quot;&gt;North Dakota&lt;/td&gt;&lt;td rowspan=&quot;1&quot; colspan=&quot;1&quot;&gt;41.52&lt;/td&gt;&lt;td rowspan=&quot;1&quot; colspan=&quot;1&quot;&gt;Rhode Island&lt;/td&gt;&lt;td rowspan=&quot;1&quot; colspan=&quot;1&quot;&gt;7.20&lt;/td&gt;&lt;/tr&gt;&lt;tr valign=&quot;top&quot;&gt;&lt;td rowspan=&quot;1&quot; colspan=&quot;1&quot;&gt;New Mexico&lt;/td&gt;&lt;td rowspan=&quot;1&quot; colspan=&quot;1&quot;&gt;36.75&lt;/td&gt;&lt;td rowspan=&quot;1&quot; colspan=&quot;1&quot;&gt;Pennsylvania&lt;/td&gt;&lt;td rowspan=&quot;1&quot; colspan=&quot;1&quot;&gt;7.60&lt;/td&gt;&lt;/tr&gt;&lt;tr valign=&quot;top&quot;&gt;&lt;td rowspan=&quot;1&quot; colspan=&quot;1&quot;&gt;South Dakota&lt;/td&gt;&lt;td rowspan=&quot;1&quot; colspan=&quot;1&quot;&gt;33.24&lt;/td&gt;&lt;td rowspan=&quot;1&quot; colspan=&quot;1&quot;&gt;Delaware&lt;/td&gt;&lt;td rowspan=&quot;1&quot; colspan=&quot;1&quot;&gt;8.09&lt;/td&gt;&lt;/tr&gt;&lt;tr valign=&quot;top&quot;&gt;&lt;td rowspan=&quot;1&quot; colspan=&quot;1&quot;&gt;Oregon&lt;/td&gt;&lt;td rowspan=&quot;1&quot; colspan=&quot;1&quot;&gt;27.96&lt;/td&gt;&lt;td rowspan=&quot;1&quot; colspan=&quot;1&quot;&gt;Virginia&lt;/td&gt;&lt;td rowspan=&quot;1&quot; colspan=&quot;1&quot;&gt;9.06&lt;/td&gt;&lt;/tr&gt;&lt;tr valign=&quot;top&quot;&gt;&lt;td rowspan=&quot;1&quot; colspan=&quot;1&quot;&gt;Idaho&lt;/td&gt;&lt;td rowspan=&quot;1&quot; colspan=&quot;1&quot;&gt;27.35&lt;/td&gt;&lt;td rowspan=&quot;1&quot; colspan=&quot;1&quot;&gt;New Hampshire&lt;/td&gt;&lt;td rowspan=&quot;1&quot; colspan=&quot;1&quot;&gt;9.3&lt;/td&gt;&lt;/tr&gt;&lt;/tbody&gt;&lt;/table&gt;
</infon><offset>17891</offset><text>Top 10 states with largest distance	Top 10 states with smallest distance	 	State	Distance (km)	State	Distance (km)	 	Alaska	100.66	New Jersey	3.74	 	Nevada	54.16	Connecticut	4.67	 	Wyoming	54.14	Maryland	5.65	 	Montana	49.12	Massachusetts	6.42	 	Arizona	43.69	New York	7.07	 	North Dakota	41.52	Rhode Island	7.20	 	New Mexico	36.75	Pennsylvania	7.60	 	South Dakota	33.24	Delaware	8.09	 	Oregon	27.96	Virginia	9.06	 	Idaho	27.35	New Hampshire	9.3	 	</text></passage><passage><infon key="file">jmir_v21i7e13094_fig2.jpg</infon><infon key="id">figure2</infon><infon key="section_type">FIG</infon><infon key="type">fig_caption</infon><offset>18340</offset><text>A heat map depicting the density and distribution of autism resources across the United States (Alaska and Hawaii not to scale), where red indicates a high density of resources.</text></passage><passage><infon key="section_type">RESULTS</infon><infon key="type">title_2</infon><offset>18518</offset><text>Resource Load for Diagnostic Resources</text></passage><passage><infon key="section_type">RESULTS</infon><infon key="type">paragraph</infon><offset>18557</offset><text>Of the 3142 US counties surveyed, our analysis found that 2635 counties (83.86%) did not have a single diagnostic resource. Table 4 shows the average resource load for the 10 states in the United States with the highest and lowest resource loads, respectively.</text></passage><passage><infon key="file">table4.xml</infon><infon key="id">table4</infon><infon key="section_type">TABLE</infon><infon key="type">table_caption</infon><offset>18818</offset><text>Top 10 states in the United States with the highest and lowest resource load, respectively.</text></passage><passage><infon key="file">table4.xml</infon><infon key="id">table4</infon><infon key="section_type">TABLE</infon><infon key="type">table</infon><infon key="xml">&lt;?xml version=&quot;1.0&quot; encoding=&quot;UTF-8&quot;?&gt;
&lt;table frame=&quot;hsides&quot; rules=&quot;groups&quot; width=&quot;1000&quot; cellpadding=&quot;7&quot; cellspacing=&quot;0&quot; border=&quot;1&quot;&gt;&lt;col width=&quot;250&quot; span=&quot;1&quot;/&gt;&lt;col width=&quot;250&quot; span=&quot;1&quot;/&gt;&lt;col width=&quot;250&quot; span=&quot;1&quot;/&gt;&lt;col width=&quot;250&quot; span=&quot;1&quot;/&gt;&lt;thead&gt;&lt;tr valign=&quot;top&quot;&gt;&lt;td colspan=&quot;2&quot; rowspan=&quot;1&quot;&gt;Top 10 states with the highest load&lt;/td&gt;&lt;td colspan=&quot;2&quot; rowspan=&quot;1&quot;&gt;Top 10 states with the lowest load&lt;/td&gt;&lt;/tr&gt;&lt;tr valign=&quot;top&quot;&gt;&lt;td rowspan=&quot;1&quot; colspan=&quot;1&quot;&gt;State&lt;/td&gt;&lt;td rowspan=&quot;1&quot; colspan=&quot;1&quot;&gt;Resource load&lt;/td&gt;&lt;td rowspan=&quot;1&quot; colspan=&quot;1&quot;&gt;State&lt;/td&gt;&lt;td rowspan=&quot;1&quot; colspan=&quot;1&quot;&gt;Resource load&lt;/td&gt;&lt;/tr&gt;&lt;/thead&gt;&lt;tbody&gt;&lt;tr valign=&quot;top&quot;&gt;&lt;td rowspan=&quot;1&quot; colspan=&quot;1&quot;&gt;West Virginia&lt;/td&gt;&lt;td rowspan=&quot;1&quot; colspan=&quot;1&quot;&gt;5.71&lt;/td&gt;&lt;td rowspan=&quot;1&quot; colspan=&quot;1&quot;&gt;Montana&lt;/td&gt;&lt;td rowspan=&quot;1&quot; colspan=&quot;1&quot;&gt;1&lt;/td&gt;&lt;/tr&gt;&lt;tr valign=&quot;top&quot;&gt;&lt;td rowspan=&quot;1&quot; colspan=&quot;1&quot;&gt;Kentucky&lt;/td&gt;&lt;td rowspan=&quot;1&quot; colspan=&quot;1&quot;&gt;4.26&lt;/td&gt;&lt;td rowspan=&quot;1&quot; colspan=&quot;1&quot;&gt;Connecticut&lt;/td&gt;&lt;td rowspan=&quot;1&quot; colspan=&quot;1&quot;&gt;1.09&lt;/td&gt;&lt;/tr&gt;&lt;tr valign=&quot;top&quot;&gt;&lt;td rowspan=&quot;1&quot; colspan=&quot;1&quot;&gt;Maine&lt;/td&gt;&lt;td rowspan=&quot;1&quot; colspan=&quot;1&quot;&gt;4.15&lt;/td&gt;&lt;td rowspan=&quot;1&quot; colspan=&quot;1&quot;&gt;Colorado&lt;/td&gt;&lt;td rowspan=&quot;1&quot; colspan=&quot;1&quot;&gt;1.10&lt;/td&gt;&lt;/tr&gt;&lt;tr valign=&quot;top&quot;&gt;&lt;td rowspan=&quot;1&quot; colspan=&quot;1&quot;&gt;Mississippi&lt;/td&gt;&lt;td rowspan=&quot;1&quot; colspan=&quot;1&quot;&gt;3.73&lt;/td&gt;&lt;td rowspan=&quot;1&quot; colspan=&quot;1&quot;&gt;Rhode Island&lt;/td&gt;&lt;td rowspan=&quot;1&quot; colspan=&quot;1&quot;&gt;1.10&lt;/td&gt;&lt;/tr&gt;&lt;tr valign=&quot;top&quot;&gt;&lt;td rowspan=&quot;1&quot; colspan=&quot;1&quot;&gt;New Mexico&lt;/td&gt;&lt;td rowspan=&quot;1&quot; colspan=&quot;1&quot;&gt;3.71&lt;/td&gt;&lt;td rowspan=&quot;1&quot; colspan=&quot;1&quot;&gt;New Jersey&lt;/td&gt;&lt;td rowspan=&quot;1&quot; colspan=&quot;1&quot;&gt;1.14&lt;/td&gt;&lt;/tr&gt;&lt;tr valign=&quot;top&quot;&gt;&lt;td rowspan=&quot;1&quot; colspan=&quot;1&quot;&gt;Oklahoma&lt;/td&gt;&lt;td rowspan=&quot;1&quot; colspan=&quot;1&quot;&gt;3.49&lt;/td&gt;&lt;td rowspan=&quot;1&quot; colspan=&quot;1&quot;&gt;Pennsylvania&lt;/td&gt;&lt;td rowspan=&quot;1&quot; colspan=&quot;1&quot;&gt;1.18&lt;/td&gt;&lt;/tr&gt;&lt;tr valign=&quot;top&quot;&gt;&lt;td rowspan=&quot;1&quot; colspan=&quot;1&quot;&gt;South Carolina&lt;/td&gt;&lt;td rowspan=&quot;1&quot; colspan=&quot;1&quot;&gt;3.26&lt;/td&gt;&lt;td rowspan=&quot;1&quot; colspan=&quot;1&quot;&gt;Massachusetts&lt;/td&gt;&lt;td rowspan=&quot;1&quot; colspan=&quot;1&quot;&gt;1.25&lt;/td&gt;&lt;/tr&gt;&lt;tr valign=&quot;top&quot;&gt;&lt;td rowspan=&quot;1&quot; colspan=&quot;1&quot;&gt;Nevada&lt;/td&gt;&lt;td rowspan=&quot;1&quot; colspan=&quot;1&quot;&gt;2.82&lt;/td&gt;&lt;td rowspan=&quot;1&quot; colspan=&quot;1&quot;&gt;Wisconsin&lt;/td&gt;&lt;td rowspan=&quot;1&quot; colspan=&quot;1&quot;&gt;1.26&lt;/td&gt;&lt;/tr&gt;&lt;tr valign=&quot;top&quot;&gt;&lt;td rowspan=&quot;1&quot; colspan=&quot;1&quot;&gt;Tennessee&lt;/td&gt;&lt;td rowspan=&quot;1&quot; colspan=&quot;1&quot;&gt;2.68&lt;/td&gt;&lt;td rowspan=&quot;1&quot; colspan=&quot;1&quot;&gt;Maryland&lt;/td&gt;&lt;td rowspan=&quot;1&quot; colspan=&quot;1&quot;&gt;1.32&lt;/td&gt;&lt;/tr&gt;&lt;tr valign=&quot;top&quot;&gt;&lt;td rowspan=&quot;1&quot; colspan=&quot;1&quot;&gt;Nebraska&lt;/td&gt;&lt;td rowspan=&quot;1&quot; colspan=&quot;1&quot;&gt;2.64&lt;/td&gt;&lt;td rowspan=&quot;1&quot; colspan=&quot;1&quot;&gt;New York&lt;/td&gt;&lt;td rowspan=&quot;1&quot; colspan=&quot;1&quot;&gt;1.32&lt;/td&gt;&lt;/tr&gt;&lt;/tbody&gt;&lt;/table&gt;
</infon><offset>18910</offset><text>Top 10 states with the highest load	Top 10 states with the lowest load	 	State	Resource load	State	Resource load	 	West Virginia	5.71	Montana	1	 	Kentucky	4.26	Connecticut	1.09	 	Maine	4.15	Colorado	1.10	 	Mississippi	3.73	Rhode Island	1.10	 	New Mexico	3.71	New Jersey	1.14	 	Oklahoma	3.49	Pennsylvania	1.18	 	South Carolina	3.26	Massachusetts	1.25	 	Nevada	2.82	Wisconsin	1.26	 	Tennessee	2.68	Maryland	1.32	 	Nebraska	2.64	New York	1.32	 	</text></passage><passage><infon key="section_type">DISCUSS</infon><infon key="type">title_1</infon><offset>19353</offset><text>Discussion</text></passage><passage><infon key="section_type">DISCUSS</infon><infon key="type">title_2</infon><offset>19364</offset><text>Principal Findings</text></passage><passage><infon key="section_type">DISCUSS</infon><infon key="type">paragraph</infon><offset>19383</offset><text>In this study, we utilized GapMap to measure autism resource accessibility and availability across the United States. GapMap’s database contains 28,003 unique, validated, and categorized autism resources. As shown in Table 2, average distance is negatively correlated with the number of resources, with the exception of Therapy and Support resources. This suggests that Support resources are more evenly distributed around the population than Therapy resources. These data show an uneven distribution between resources, which calls for the need to replace simulated population data of families affected by autism with actual population data. This will help service providers strategically allocate resources in locations, which would allow a distribution of services commensurate with the population in need.</text></passage><passage><infon key="section_type">DISCUSS</infon><infon key="type">paragraph</infon><offset>20194</offset><text>The average distance between the nearest resource belonging to any resource category and a family affected by autism is 17.12 km. As resources that belong to an individual resource category are a subset of the total number of resources, the average distances corresponding to each individual category will be greater than 17.12 km, as the average distance is negatively correlated with the number of resources. The Therapy resource category contained the most resources (41.43% [11,602/28,003] of all resources on GapMap) and was tied with the Support resource category for the lowest average distance to families, at 21 km. The Diagnosis resource category contained the fewest resources (8.83% [2472/28,003] of all resources in GapMap) and had the greatest average distance (35.49 km) to individuals with autism, providing some support for the diagnostic bottleneck often reported by parents. This bottleneck may be largely attributed to the lack of qualified specialists who can perform an autism diagnosis. It is estimated that there are only 8300 child psychiatrists, 1500 child neurologists, and 1000 developmental-behavioral pediatricians in the United States. Specialists working with autism are even scarcer, in part, because of the lack of monetary incentives compared with other specialties; developmental-behavioral pediatricians undergo extra years of training through fellowship programs but earn equal or less than primary care physicians.</text></passage><passage><infon key="section_type">DISCUSS</infon><infon key="type">paragraph</infon><offset>21648</offset><text>Of the 3142 US counties, only 507 have 1 or more diagnostic resources, suggesting that centers are not only being overloaded by its county population but also by individuals outside of the county with no access to diagnostic resources locally. This observation aligns with the historical lack of mental and behavioral health resources in rural communities. In contrast, a state such as California no longer requires an autism diagnosis to access behavioral health treatment: families and individuals with autism may seek therapy services while waiting for a diagnosis. Further research via GapMap presents an opportunity to enhance knowledge surrounding resource use, autism prevalence, and resource availability specifically in rural areas.</text></passage><passage><infon key="section_type">DISCUSS</infon><infon key="type">paragraph</infon><offset>22390</offset><text>In a study of several countries including the United States, Williams et al found urban locations reported higher prevalence estimates than those reported in rural and mixed locations, and research in Denmark showed a higher likelihood of early diagnosis and treatment in urban settings. These data suggest that autism is underdiagnosed and therefore possibly treated later in rural settings. Unlike traditional epidemiological studies, GapMap is also able to accurately measure autism prevalence and resource availability across the United States in rural and urban locations, as families and service providers can directly access this database from their homes and provide the information needed. Furthermore, GapMap provides a robust, user-friendly autism resource database that depicts the real-time availability of resources for individuals with autism across the country.</text></passage><passage><infon key="section_type">DISCUSS</infon><infon key="type">title_2</infon><offset>23268</offset><text>Limitations</text></passage><passage><infon key="section_type">DISCUSS</infon><infon key="type">paragraph</infon><offset>23280</offset><text>Although we made significant programmatic and manual effort to ensure the accuracy and completeness of the autism resources contained in GapMap, the true number of autism resources in the United States may be above or below the estimated value we derived through our analysis. As we do not have a method to ensure homogeneous reporting of resources by the primary databases from which we extracted our resources, the GapMap database is prone to population biases as a result of increased probability of reporting in densely crowded areas. Due to the lack of complete locational data on the population affected by autism in the United States, we assumed a randomly distributed simulation of the autism population. The geographic boundaries used to simulate the population are rectangular bounding boxes, which do not perfectly capture the actual geographic boundaries that exist in the US counties; however, we found that this primarily affects the relatively small number of counties near bodies of water. Furthermore, the resource distances are calculated with Euclidean distance, which may underestimate the true resource distance. Finally, because of a lack of annual data on the number of individuals who received an autism diagnosis and who were waitlisted for diagnosis for each state, we used a comparative resource load value, allowing only for comparison within this analysis.</text></passage><passage><infon key="section_type">DISCUSS</infon><infon key="type">title_2</infon><offset>24666</offset><text>Conclusions and Future Directions</text></passage><passage><infon key="section_type">DISCUSS</infon><infon key="type">paragraph</infon><offset>24700</offset><text>These results show an uneven distribution of autism resources throughout the United States and that diagnostic resources are the most underrepresented out of all autism resource categories analyzed. Demand for diagnostic resources varies throughout the United States, contributing to the diagnostic bottleneck, long waitlists spanning several months, and large travel distances for families in rural or underserved locations. The discrepancy in access to services across the United States could be attributed to many factors. We will attempt to parse such sources further as more granular population data are collected from families affected by autism.</text></passage><passage><infon key="section_type">DISCUSS</infon><infon key="type">paragraph</infon><offset>25353</offset><text>Consequently, GapMap will now endeavor to collect geocoded location data and self-reported diagnoses from recruited families. Over time, this will enable a more detailed and accurate representation of gaps in access to care by enabling us to replace simulated family locations with self-reported locations. Euclidean distances between individuals and resources will be replaced with more accurate road distances that factor in street network using Google Maps API. In addition, we plan to incorporate several new features to the GapMap platform (Figure 3), which will allow families to interact with each other by rating resources, leaving reviews, adding additional resources, and submitting wait times for services. This will serve as a system that evaluates resources in terms of quality, thus providing greater incentive for families to join, while collecting real population data needed to improve autism resource epidemiological research.</text></passage><passage><infon key="file">jmir_v21i7e13094_fig3.jpg</infon><infon key="id">figure3</infon><infon key="section_type">FIG</infon><infon key="type">fig_caption</infon><offset>26298</offset><text>Depiction of the proposed rating- and review-based features. (1) Landing page; (2) allows families to rate and review resources; (3) allows families to join local autism communities created by other families.</text></passage><passage><infon key="section_type">DISCUSS</infon><infon key="type">footnote</infon><offset>26507</offset><text>Conflicts of Interest: None declared.</text></passage><passage><infon key="section_type">ABBR</infon><infon key="type">title</infon><offset>26545</offset><text>Abbreviations</text></passage><passage><infon key="section_type">ABBR</infon><infon key="type">paragraph</infon><offset>26559</offset><text>API</text></passage><passage><infon key="section_type">ABBR</infon><infon key="type">paragraph</infon><offset>26563</offset><text>application programming interface</text></passage><passage><infon key="section_type">ABBR</infon><infon key="type">paragraph</infon><offset>26597</offset><text>ASD</text></passage><passage><infon key="section_type">ABBR</infon><infon key="type">paragraph</infon><offset>26601</offset><text>Autism Spectrum Disorder</text></passage><passage><infon key="section_type">ABBR</infon><infon key="type">paragraph</infon><offset>26626</offset><text>AWS</text></passage><passage><infon key="section_type">ABBR</infon><infon key="type">paragraph</infon><offset>26630</offset><text>Amazon Web Services</text></passage><passage><infon key="fpage">84</infon><infon key="issue">1</infon><infon key="lpage">90</infon><infon key="name_0">surname:Hertz-Picciotto;given-names:I</infon><infon key="name_1">surname:Delwiche;given-names:L</infon><infon key="pub-id_doi">10.1097/EDE.0b013e3181902d15</infon><infon key="pub-id_medline">19234401</infon><infon key="pub-id_pmid">19234401</infon><infon key="section_type">REF</infon><infon key="source">Epidemiology</infon><infon key="type">ref</infon><infon key="volume">20</infon><infon key="year">2009</infon><offset>26650</offset><text>The rise in autism and the role of age at diagnosis</text></passage><passage><infon key="fpage">1</infon><infon key="issue">13</infon><infon key="lpage">23</infon><infon key="name_0">surname:Christensen;given-names:DL</infon><infon key="name_1">surname:Braun;given-names:KV</infon><infon key="name_10">surname:Lee;given-names:LC</infon><infon key="name_11">surname:Pettygrove;given-names:S</infon><infon key="name_12">surname:Robinson;given-names:C</infon><infon key="name_13">surname:Schulz;given-names:E</infon><infon key="name_14">surname:Wells;given-names:C</infon><infon key="name_15">surname:Wingate;given-names:MS</infon><infon key="name_16">surname:Zahorodny;given-names:W</infon><infon key="name_17">surname:Yeargin-Allsopp;given-names:M</infon><infon key="name_2">surname:Baio;given-names:J</infon><infon key="name_3">surname:Bilder;given-names:D</infon><infon key="name_4">surname:Charles;given-names:J</infon><infon key="name_5">surname:Constantino;given-names:JN</infon><infon key="name_6">surname:Daniels;given-names:J</infon><infon key="name_7">surname:Durkin;given-names:MS</infon><infon key="name_8">surname:Fitzgerald;given-names:RT</infon><infon key="name_9">surname:Kurzius-Spencer;given-names:M</infon><infon key="pub-id_doi">10.15585/mmwr.ss6513a1</infon><infon key="pub-id_medline">30439868</infon><infon key="pub-id_pmid">30439868</infon><infon key="section_type">REF</infon><infon key="source">MMWR Surveill Summ</infon><infon key="type">ref</infon><infon key="volume">65</infon><infon key="year">2018</infon><offset>26702</offset><text>Prevalence and characteristics of autism spectrum disorder among children aged 8 years - autism and developmental disabilities Monitoring network, 11 Sites, United States, 2012</text></passage><passage><infon key="fpage">1</infon><infon key="issue">1</infon><infon key="lpage">8</infon><infon key="name_0">surname:Christensen;given-names:DL</infon><infon key="name_1">surname:Bilder;given-names:DA</infon><infon key="name_2">surname:Zahorodny;given-names:W</infon><infon key="name_3">surname:Pettygrove;given-names:S</infon><infon key="name_4">surname:Durkin;given-names:MS</infon><infon key="name_5">surname:Fitzgerald;given-names:RT</infon><infon key="name_6">surname:Rice;given-names:C</infon><infon key="name_7">surname:Kurzius-Spencer;given-names:M</infon><infon key="name_8">surname:Baio;given-names:J</infon><infon key="name_9">surname:Yeargin-Allsopp;given-names:M</infon><infon key="pub-id_doi">10.1097/DBP.0000000000000235</infon><infon key="pub-id_medline">26651088</infon><infon key="pub-id_pmid">26651088</infon><infon key="section_type">REF</infon><infon key="source">J Dev Behav Pediatr</infon><infon key="type">ref</infon><infon key="volume">37</infon><infon key="year">2016</infon><offset>26879</offset><text>Prevalence and characteristics of autism spectrum disorder among 4-year-old children in the autism and developmental disabilities monitoring network</text></passage><passage><infon key="fpage">1081</infon><infon key="issue">5</infon><infon key="lpage">91</infon><infon key="name_0">surname:Chiri;given-names:G</infon><infon key="name_1">surname:Warfield;given-names:ME</infon><infon key="pub-id_doi">10.1007/s10995-011-0833-6</infon><infon key="pub-id_medline">21667201</infon><infon key="pub-id_pmid">21667201</infon><infon key="section_type">REF</infon><infon key="source">Matern Child Health J</infon><infon key="type">ref</infon><infon key="volume">16</infon><infon key="year">2012</infon><offset>27028</offset><text>Unmet need and problems accessing core health care services for children with autism spectrum disorder</text></passage><passage><infon key="fpage">e1149</infon><infon key="issue">6</infon><infon key="lpage">58</infon><infon key="name_0">surname:Kogan;given-names:MD</infon><infon key="name_1">surname:Strickland;given-names:BB</infon><infon key="name_2">surname:Blumberg;given-names:SJ</infon><infon key="name_3">surname:Singh;given-names:GK</infon><infon key="name_4">surname:Perrin;given-names:JM</infon><infon key="name_5">surname:van Dyck;given-names:PC</infon><infon key="pub-id_doi">10.1542/peds.2008-1057</infon><infon key="pub-id_medline">19047216</infon><infon key="pub-id_pmid">19047216</infon><infon key="section_type">REF</infon><infon key="source">Pediatrics</infon><infon key="type">ref</infon><infon key="volume">122</infon><infon key="year">2008</infon><offset>27131</offset><text>A national profile of the health care experiences and family impact of autism spectrum disorder among children in the United States, 2005-2006</text></passage><passage><infon key="fpage">9</infon><infon key="issue">1</infon><infon key="lpage">22</infon><infon key="name_0">surname:Siklos;given-names:S</infon><infon key="name_1">surname:Kerns;given-names:KA</infon><infon key="pub-id_doi">10.1016/j.ridd.2005.09.003</infon><infon key="pub-id_medline">16442261</infon><infon key="pub-id_pmid">16442261</infon><infon key="section_type">REF</infon><infon key="source">Res Dev Disabil</infon><infon key="type">ref</infon><infon key="volume">28</infon><infon key="year">2007</infon><offset>27274</offset><text>Assessing the diagnostic experiences of a small sample of parents of children with autism spectrum disorders</text></passage><passage><infon key="comment">County Population Totals and Components of Change: 2010-2018
https://www.census.gov/data/datasets/time-series/demo/popest/2010s-counties-total.html#par_textimage_739801612</infon><infon key="section_type">REF</infon><infon key="source">US Census Bureau, Population Division</infon><infon key="type">ref</infon><infon key="year">2017</infon><offset>27383</offset></passage><passage><infon key="fpage">474</infon><infon key="issue">5</infon><infon key="lpage">83</infon><infon key="name_0">surname:Shattuck;given-names:P</infon><infon key="name_1">surname:Durkin;given-names:M</infon><infon key="name_10">surname:Baio;given-names:J</infon><infon key="name_11">surname:Pinto-Martin;given-names:J</infon><infon key="name_12">surname:Cuniff;given-names:C</infon><infon key="name_2">surname:Maenner;given-names:M</infon><infon key="name_3">surname:Newschaffer;given-names:C</infon><infon key="name_4">surname:Mandell;given-names:DS</infon><infon key="name_5">surname:Wiggins;given-names:L</infon><infon key="name_6">surname:Lee;given-names:LC</infon><infon key="name_7">surname:Rice;given-names:C</infon><infon key="name_8">surname:Giarelli;given-names:E</infon><infon key="name_9">surname:Kirby;given-names:R</infon><infon key="pub-id_doi">10.1097/CHI.0b013e31819b3848</infon><infon key="pub-id_medline">19318992</infon><infon key="pub-id_pmid">19318992</infon><infon key="section_type">REF</infon><infon key="source">J Am Acad Child Adolesc Psychiatry</infon><infon key="type">ref</infon><infon key="volume">48</infon><infon key="year">2009</infon><offset>27384</offset><text>Timing of identification among children with an autism spectrum disorder: findings from a population-based surveillance study</text></passage><passage><infon key="fpage">145</infon><infon key="lpage">180</infon><infon key="name_0">surname:Angell;given-names:AM</infon><infon key="name_1">surname:Empey;given-names:A</infon><infon key="name_2">surname:Zuckerman;given-names:KE</infon><infon key="pub-id_doi">10.1016/bs.irrdd.2018.08.003</infon><infon key="section_type">REF</infon><infon key="source">Int Rev Res Dev Disabil</infon><infon key="type">ref</infon><infon key="volume">55</infon><infon key="year">2018</infon><offset>27510</offset><text>Chapter four-a review of diagnosis and service disparities among children with autism from racial and ethnic minority groups in the United States</text></passage><passage><infon key="fpage">20</infon><infon key="issue">1</infon><infon key="lpage">8</infon><infon key="name_0">surname:Herlihy;given-names:L</infon><infon key="name_1">surname:Knoch;given-names:K</infon><infon key="name_2">surname:Vibert;given-names:B</infon><infon key="name_3">surname:Fein;given-names:D</infon><infon key="pub-id_doi">10.1177/1362361313509731</infon><infon key="pub-id_medline">24216070</infon><infon key="pub-id_pmid">24216070</infon><infon key="section_type">REF</infon><infon key="source">Autism</infon><infon key="type">ref</infon><infon key="volume">19</infon><infon key="year">2015</infon><offset>27656</offset><text>Parents' first concerns about toddlers with autism spectrum disorder: effect of sibling status</text></passage><passage><infon key="fpage">578</infon><infon key="issue">6</infon><infon key="lpage">587</infon><infon key="name_0">surname:Pierce;given-names:K</infon><infon key="name_1">surname:Gazestani;given-names:VH</infon><infon key="name_2">surname:Bacon;given-names:E</infon><infon key="name_3">surname:Barnes;given-names:CC</infon><infon key="name_4">surname:Cha;given-names:D</infon><infon key="name_5">surname:Nalabolu;given-names:S</infon><infon key="name_6">surname:Lopez;given-names:L</infon><infon key="name_7">surname:Moore;given-names:A</infon><infon key="name_8">surname:Pence-Stophaeros;given-names:S</infon><infon key="name_9">surname:Courchesne;given-names:E</infon><infon key="pub-id_doi">10.1001/jamapediatrics.2019.0624</infon><infon key="pub-id_medline">31034004</infon><infon key="pub-id_pmid">31034004</infon><infon key="section_type">REF</infon><infon key="source">JAMA Pediatr</infon><infon key="type">ref</infon><infon key="volume">173</infon><infon key="year">2019</infon><offset>27751</offset><text>Evaluation of the Diagnostic Stability of the Early Autism Spectrum Disorder Phenotype in the General Population Starting at 12 Months</text></passage><passage><infon key="fpage">561</infon><infon key="issue">9</infon><infon key="lpage">9</infon><infon key="name_0">surname:Mazurek;given-names:MO</infon><infon key="name_1">surname:Handen;given-names:BL</infon><infon key="name_2">surname:Wodka;given-names:EL</infon><infon key="name_3">surname:Nowinski;given-names:L</infon><infon key="name_4">surname:Butter;given-names:E</infon><infon key="name_5">surname:Engelhardt;given-names:CR</infon><infon key="pub-id_doi">10.1097/DBP.0000000000000097</infon><infon key="pub-id_medline">25211371</infon><infon key="pub-id_pmid">25211371</infon><infon key="section_type">REF</infon><infon key="source">J Dev Behav Pediatr</infon><infon key="type">ref</infon><infon key="volume">35</infon><infon key="year">2014</infon><offset>27886</offset><text>Age at first autism spectrum disorder diagnosis: the role of birth cohort, demographic factors, and clinical features</text></passage><passage><infon key="fpage">1455</infon><infon key="issue">4 Pt 2</infon><infon key="lpage">72</infon><infon key="name_0">surname:Dawson;given-names:G</infon><infon key="name_1">surname:Bernier;given-names:R</infon><infon key="pub-id_doi">10.1017/S0954579413000710</infon><infon key="pub-id_medline">24342850</infon><infon key="pub-id_pmid">24342850</infon><infon key="section_type">REF</infon><infon key="source">Dev Psychopathol</infon><infon key="type">ref</infon><infon key="volume">25</infon><infon key="year">2013</infon><offset>28004</offset><text>A quarter century of progress on the early detection and treatment of autism spectrum disorder</text></passage><passage><infon key="fpage">851</infon><infon key="issue">5</infon><infon key="lpage">9</infon><infon key="name_0">surname:Gordon-Lipkin;given-names:E</infon><infon key="name_1">surname:Foster;given-names:J</infon><infon key="name_2">surname:Peacock;given-names:G</infon><infon key="pub-id_doi">10.1016/j.pcl.2016.06.007</infon><infon key="pub-id_medline">27565363</infon><infon key="pub-id_pmid">27565363</infon><infon key="section_type">REF</infon><infon key="source">Pediatr Clin North Am</infon><infon key="type">ref</infon><infon key="volume">63</infon><infon key="year">2016</infon><offset>28099</offset><text>Whittling down the wait time: exploring models to minimize the delay from initial concern to diagnosis and treatment of autism spectrum disorder</text></passage><passage><infon key="fpage">775</infon><infon key="issue">3</infon><infon key="lpage">803</infon><infon key="name_0">surname:Dawson;given-names:G</infon><infon key="pub-id_doi">10.1017/S0954579408000370</infon><infon key="pub-id_medline">18606031</infon><infon key="pub-id_pmid">18606031</infon><infon key="section_type">REF</infon><infon key="source">Dev Psychopathol</infon><infon key="type">ref</infon><infon key="volume">20</infon><infon key="year">2008</infon><offset>28244</offset><text>Early behavioral intervention, brain plasticity, and the prevention of autism spectrum disorder</text></passage><passage><infon key="fpage">1150</infon><infon key="issue">11</infon><infon key="lpage">9</infon><infon key="name_0">surname:Dawson;given-names:G</infon><infon key="name_1">surname:Jones;given-names:EJ</infon><infon key="name_10">surname:Smith;given-names:M</infon><infon key="name_11">surname:Rogers;given-names:SJ</infon><infon key="name_12">surname:Webb;given-names:SJ</infon><infon key="name_2">surname:Merkle;given-names:K</infon><infon key="name_3">surname:Venema;given-names:K</infon><infon key="name_4">surname:Lowy;given-names:R</infon><infon key="name_5">surname:Faja;given-names:S</infon><infon key="name_6">surname:Kamara;given-names:D</infon><infon key="name_7">surname:Murias;given-names:M</infon><infon key="name_8">surname:Greenson;given-names:J</infon><infon key="name_9">surname:Winter;given-names:J</infon><infon key="pub-id_doi">10.1016/j.jaac.2012.08.018</infon><infon key="pub-id_medline">23101741</infon><infon key="pub-id_pmid">23101741</infon><infon key="section_type">REF</infon><infon key="source">J Am Acad Child Adolesc Psychiatry</infon><infon key="type">ref</infon><infon key="volume">51</infon><infon key="year">2012</infon><offset>28340</offset><text>Early behavioral intervention is associated with normalized brain activity in young children with autism</text></passage><passage><infon key="name_0">surname:Phillips;given-names:DA</infon><infon key="name_1">surname:Shonkoff;given-names:JP</infon><infon key="section_type">REF</infon><infon key="source">Washington, DC: National Academies Press</infon><infon key="type">ref</infon><infon key="year">2000</infon><offset>28445</offset><text>From Neurons to Neighborhoods: The Science of Early Childhood Development</text></passage><passage><infon key="fpage">721</infon><infon key="issue">8</infon><infon key="lpage">8</infon><infon key="name_0">surname:Buescher;given-names:A</infon><infon key="name_1">surname:Cidav;given-names:Z</infon><infon key="name_2">surname:Knapp;given-names:M</infon><infon key="name_3">surname:Mandell;given-names:DS</infon><infon key="pub-id_doi">10.1001/jamapediatrics.2014.210</infon><infon key="pub-id_medline">24911948</infon><infon key="pub-id_pmid">24911948</infon><infon key="section_type">REF</infon><infon key="source">JAMA Pediatr</infon><infon key="type">ref</infon><infon key="volume">168</infon><infon key="year">2014</infon><offset>28519</offset><text>Costs of autism spectrum disorders in the United Kingdom and the United States</text></passage><passage><infon key="fpage">343</infon><infon key="issue">4</infon><infon key="lpage">9</infon><infon key="name_0">surname:Ganz;given-names:ML</infon><infon key="pub-id_doi">10.1001/archpedi.161.4.343</infon><infon key="pub-id_medline">17404130</infon><infon key="pub-id_pmid">17404130</infon><infon key="section_type">REF</infon><infon key="source">Arch Pediatr Adolesc Med</infon><infon key="type">ref</infon><infon key="volume">161</infon><infon key="year">2007</infon><offset>28598</offset><text>The lifetime distribution of the incremental societal costs of autism</text></passage><passage><infon key="fpage">390</infon><infon key="issue">4</infon><infon key="lpage">7</infon><infon key="name_0">surname:Keenan;given-names:M</infon><infon key="pub-id_doi">10.1111/j.1468-3148.2010.00555.x</infon><infon key="section_type">REF</infon><infon key="source">J Appl Res Intellect Disabil</infon><infon key="type">ref</infon><infon key="volume">23</infon><infon key="year">2010</infon><offset>28668</offset><text>The experiences of parents during diagnosis and forward planning for children with autism spectrum disorder</text></passage><passage><infon key="fpage">e27</infon><infon key="issue">2</infon><infon key="name_0">surname:Albert;given-names:N</infon><infon key="name_1">surname:Daniels;given-names:J</infon><infon key="name_2">surname:Schwartz;given-names:J</infon><infon key="name_3">surname:Du;given-names:M</infon><infon key="name_4">surname:Wall;given-names:D</infon><infon key="pub-id_doi">10.2196/publichealth.7150</infon><infon key="pub-id_medline">28473303</infon><infon key="pub-id_pmid">28473303</infon><infon key="section_type">REF</infon><infon key="source">JMIR Public Health Surveill</infon><infon key="type">ref</infon><infon key="volume">3</infon><infon key="year">2017</infon><offset>28776</offset><text>GapMap: enabling comprehensive autism resource epidemiology</text></passage><passage><infon key="fpage">55</infon><infon key="issue">1</infon><infon key="name_0">surname:Daniels;given-names:J</infon><infon key="name_1">surname:Schwartz;given-names:J</infon><infon key="name_2">surname:Albert;given-names:N</infon><infon key="name_3">surname:Du;given-names:M</infon><infon key="name_4">surname:Wall;given-names:D</infon><infon key="pub-id_doi">10.1186/s13229-017-0163-7</infon><infon key="pub-id_medline">29075431</infon><infon key="pub-id_pmid">29075431</infon><infon key="section_type">REF</infon><infon key="source">Mol Autism</infon><infon key="type">ref</infon><infon key="volume">8</infon><infon key="year">2017</infon><offset>28836</offset><text>The GapMap project: a mobile surveillance system to map diagnosed autism cases and gaps in autism services globally</text></passage><passage><infon key="comment">https://gapmap.stanford.edu/</infon><infon key="name_0">surname:Wall;given-names:DP</infon><infon key="name_1">surname:Du;given-names:M</infon><infon key="name_2">surname:Ning;given-names:M</infon><infon key="section_type">REF</infon><infon key="source">GapMap</infon><infon key="type">ref</infon><offset>28952</offset></passage><passage><infon key="comment">Find the Services and Support You Need
https://www.autismspeaks.org/directory</infon><infon key="section_type">REF</infon><infon key="source">Autism Speaks</infon><infon key="type">ref</infon><infon key="year">2018</infon><offset>28953</offset></passage><passage><infon key="comment">The Autism Society's Online Resource Database
http://www.autismsource.org/</infon><infon key="section_type">REF</infon><infon key="source">Autism Source</infon><infon key="type">ref</infon><infon key="year">2004</infon><offset>28954</offset></passage><passage><infon key="comment">https://my.php.com/resources</infon><infon key="section_type">REF</infon><infon key="source">Parents Helping Parents</infon><infon key="type">ref</infon><infon key="year">2014</infon><offset>28955</offset></passage><passage><infon key="comment">https://www.parsehub.com/</infon><infon key="section_type">REF</infon><infon key="source">ParseHub</infon><infon key="type">ref</infon><infon key="year">2018</infon><offset>28956</offset></passage><passage><infon key="fpage">237</infon><infon key="issue">1</infon><infon key="lpage">42</infon><infon key="name_0">surname:Singhal;given-names:M</infon><infon key="name_1">surname:Shukla;given-names:A</infon><infon key="section_type">REF</infon><infon key="source">International Journal of Computer Science Issues</infon><infon key="type">ref</infon><infon key="volume">9</infon><infon key="year">2012</infon><offset>28957</offset><text>Implementation of location based services in Android using GPS and web services</text></passage><passage><infon key="comment">United States Census Bureau
https://www.census.gov/geographies/mapping-files/time-series/geo/tiger-line-file.html</infon><infon key="section_type">REF</infon><infon key="source">TIGER/Line Shapefiles - Geography</infon><infon key="type">ref</infon><infon key="year">2017</infon><offset>29037</offset></passage><passage><infon key="fpage">1</infon><infon key="issue">2</infon><infon key="lpage">21</infon><infon key="pub-id_medline">24670961</infon><infon key="section_type">REF</infon><infon key="source">MMWR Surveill Summ</infon><infon key="type">ref</infon><infon key="volume">63</infon><infon key="year">2014</infon><offset>29038</offset><text>Prevalence of autism spectrum disorder among children aged 8 years - autism and developmental disabilities monitoring network, 11 sites, United States, 2010</text></passage><passage><infon key="fpage">217</infon><infon key="issue">2</infon><infon key="lpage">24</infon><infon key="name_0">surname:Toomey;given-names:SL</infon><infon key="name_1">surname:Chien;given-names:AT</infon><infon key="name_2">surname:Elliott;given-names:MN</infon><infon key="name_3">surname:Ratner;given-names:J</infon><infon key="name_4">surname:Schuster;given-names:MA</infon><infon key="pub-id_doi">10.1542/peds.2012-1535</infon><infon key="pub-id_medline">23339228</infon><infon key="pub-id_pmid">23339228</infon><infon key="section_type">REF</infon><infon key="source">Pediatrics</infon><infon key="type">ref</infon><infon key="volume">131</infon><infon key="year">2013</infon><offset>29195</offset><text>Disparities in unmet need for care coordination: the national survey of children's health</text></passage><passage><infon key="comment">Why are there so few autism specialists?
https://www.spectrumnews.org/features/deep-dive/why-are-there-so-few-autism-specialists/</infon><infon key="section_type">REF</infon><infon key="source">Spectrum</infon><infon key="type">ref</infon><infon key="year">2018</infon><offset>29285</offset></passage><passage><infon key="fpage">590</infon><infon key="name_0">surname:Antezana;given-names:L</infon><infon key="name_1">surname:Scarpa;given-names:A</infon><infon key="name_2">surname:Valdespino;given-names:A</infon><infon key="name_3">surname:Albright;given-names:J</infon><infon key="name_4">surname:Richey;given-names:JA</infon><infon key="pub-id_doi">10.3389/fpsyg.2017.00590</infon><infon key="pub-id_medline">28473784</infon><infon key="pub-id_pmid">28473784</infon><infon key="section_type">REF</infon><infon key="source">Front Psychol</infon><infon key="type">ref</infon><infon key="volume">8</infon><infon key="year">2017</infon><offset>29286</offset><text>Rural trends in diagnosis and services for autism spectrum disorder</text></passage><passage><infon key="fpage">292</infon><infon key="issue">3</infon><infon key="lpage">309</infon><infon key="name_0">surname:Heflinger;given-names:C</infon><infon key="name_1">surname:Shaw;given-names:V</infon><infon key="name_2">surname:Higa-McMillan;given-names:C</infon><infon key="name_3">surname:Lunn;given-names:L</infon><infon key="name_4">surname:Brannan;given-names:AM</infon><infon key="pub-id_doi">10.1007/s11414-015-9464-9</infon><infon key="pub-id_medline">25813915</infon><infon key="pub-id_pmid">25813915</infon><infon key="section_type">REF</infon><infon key="source">J Behav Health Serv Res</infon><infon key="type">ref</infon><infon key="volume">42</infon><infon key="year">2015</infon><offset>29354</offset><text>Patterns of child mental health service delivery in a public system: rural children and the role of rural residence</text></passage><passage><infon key="fpage">8</infon><infon key="issue">1</infon><infon key="lpage">15</infon><infon key="name_0">surname:Williams;given-names:JG</infon><infon key="name_1">surname:Higgins;given-names:JP</infon><infon key="name_2">surname:Brayne;given-names:CE</infon><infon key="pub-id_doi">10.1136/adc.2004.062083</infon><infon key="pub-id_medline">15863467</infon><infon key="pub-id_pmid">15863467</infon><infon key="section_type">REF</infon><infon key="source">Arch Dis Child</infon><infon key="type">ref</infon><infon key="volume">91</infon><infon key="year">2006</infon><offset>29470</offset><text>Systematic review of prevalence studies of autism spectrum disorders</text></passage><passage><infon key="fpage">394</infon><infon key="issue">2</infon><infon key="lpage">404</infon><infon key="name_0">surname:Lauritsen;given-names:M</infon><infon key="name_1">surname:Astrup;given-names:A</infon><infon key="name_2">surname:Pedersen;given-names:CB</infon><infon key="name_3">surname:Obel;given-names:C</infon><infon key="name_4">surname:Schendel;given-names:DE</infon><infon key="name_5">surname:Schieve;given-names:L</infon><infon key="name_6">surname:Yeargin-Allsopp;given-names:M</infon><infon key="name_7">surname:Parner;given-names:ET</infon><infon key="pub-id_doi">10.1007/s10803-013-1875-y</infon><infon key="pub-id_medline">23807204</infon><infon key="pub-id_pmid">23807204</infon><infon key="section_type">REF</infon><infon key="source">J Autism Dev Disord</infon><infon key="type">ref</infon><infon key="volume">44</infon><infon key="year">2014</infon><offset>29539</offset><text>Urbanicity and autism spectrum disorders</text></passage></document></collection>
