<?xml version="1.0" encoding="UTF-8"?>
<!DOCTYPE collection SYSTEM "BioC.dtd">
<collection><source>PMC</source><date>20201216</date><key>pmc.key</key><document><id>6637126</id><infon key="license">CC BY</infon><passage><infon key="article-id_doi">10.1038/s41597-019-0128-0</infon><infon key="article-id_pmc">6637126</infon><infon key="article-id_pmid">31316067</infon><infon key="article-id_publisher-id">128</infon><infon key="elocation-id">125</infon><infon key="kwd">Environmental economics Agriculture</infon><infon key="license">Open Access This article is licensed under a Creative Commons Attribution 4.0 International License, which permits use, sharing, adaptation, distribution and reproduction in any medium or format, as long as you give appropriate credit to the original author(s) and the source, provide a link to the Creative Commons license, and indicate if changes were made. The images or other third party material in this article are included in the article’s Creative Commons license, unless indicated otherwise in a credit line to the material. If material is not included in the article’s Creative Commons license and your intended use is not permitted by statutory regulation or exceeds the permitted use, you will need to obtain permission directly from the copyright holder. To view a copy of this license, visit http://creativecommons.org/licenses/by/4.0/.The Creative Commons Public Domain Dedication waiver http://creativecommons.org/publicdomain/zero/1.0/ applies to the metadata files associated with this article.</infon><infon key="name_0">surname:Tamal;given-names:Md. Ehsanul Haque</infon><infon key="name_1">surname:Bell;given-names:Andrew R.</infon><infon key="name_2">surname:Killilea;given-names:Mary E.</infon><infon key="name_3">surname:Ward;given-names:Patrick S.</infon><infon key="section_type">TITLE</infon><infon key="title">Subject terms</infon><infon key="type">front</infon><infon key="volume">6</infon><infon key="year">2019</infon><offset>0</offset><text>Social dynamics of short term variability in key measures of household and community wellbeing in Bangladesh</text></passage><passage><infon key="section_type">ABSTRACT</infon><infon key="type">abstract</infon><offset>109</offset><text>High-frequency social data collection may facilitate improved recall, more inclusive reporting, and improved capture of intra-period variability. Although there are examples of small studies collecting particular variables at high frequency in the social science literature, to date there have been no significant efforts to collect a wide range of variables with high frequency. We have implemented the first such effort with a smartphone-based data collection approach, systematically varying the frequency of survey task and recall period, allowing the analysis of the relative merit of high-frequency data collection for different key variables in household surveys. This study of 480 farmers from northwestern Bangladesh over approximately one year of continuous data on key measures of household and community wellbeing could be particularly useful for the design and evaluation of development interventions and policies. While the data discussed here provide a snapshot of what is possible, we also highlight their strength for providing opportunities for interdisciplinary research in the household agricultural production, practices, seasonal hunger, etc., in a low-income agrarian society.</text></passage><passage><infon key="section_type">ABSTRACT</infon><infon key="type">abstract</infon><offset>1309</offset><text>Machine-accessible metadata file describing the reported data (ISA-Tab format)</text></passage><passage><infon key="section_type">INTRO</infon><infon key="type">title_1</infon><offset>1388</offset><text>Background &amp; Summary</text></passage><passage><infon key="section_type">INTRO</infon><infon key="type">paragraph</infon><offset>1409</offset><text>Conventional household surveys typically use multiple visits with a large time gap between visits to construct longitudinal data. These data typically suffer from recall bias and lost intra-period variation, as respondents are asked in one sitting to recall events or outcomes that have transpired during the entire period between survey interviews. Furthermore, these surveys are very expensive to conduct, with large enumeration teams visiting respondents, thus increasing the propensity for enumeration or data-entry error. The advent of Computer-assisted Personal Interviewing (CAPI) via laptop, tablet or smartphone, has made data collection cheaper, more reliable, and ultimately more efficient. But even with CAPI tools at their disposal, these large household surveys require enumerators to engage with participants for an extended period of time to complete lengthy questionnaires, which can result in respondent fatigue, and consequently, poor quality and unreliable data. It is also frequently difficult to collect data from remote areas and to conduct surveys during natural disasters, political disorder, etc., all of which are frequent in developing country contexts. The dataset described in this note provides some of the first evidence on the feasibility of an alternative to these costly, infrequent, difficult-to-conduct surveys. In particular, the data reported here were collected over the course of 50 weeks at relatively high frequency using smartphones. To ameliorate concerns of respondent fatigue, the long-form survey instrument (based on an integrated household survey instrument) was decomposed into small ‘microtasks’ that participants could address in the course of 5–10 minutes each. The study encouraged continued engagement and active participation in the data collection efforts through ‘micropayments’ that were awarded upon the successful submission of the microtasks, as well as credits toward the ownership of the smartphone. By putting the smartphones directly into the respondents’ hands, our study could also capture data easily from those at the focus of study, even those in remote places where access is limited or unreliable.</text></passage><passage><infon key="section_type">INTRO</infon><infon key="type">paragraph</infon><offset>3595</offset><text>This dataset contains approximately one year’s worth of high frequency data containing information on a wide variety of experiences, inputs, and outcomes such as agricultural production and practices; experiences with income shocks and climatic events; household income, expenditure, consumption, labor, employment; migration; housing and sanitation; information and technology; as well as basic demographic and household characteristics.</text></passage><passage><infon key="section_type">INTRO</infon><infon key="type">paragraph</infon><offset>4036</offset><text>The data collection was conducted with an Android based smartphone using a customized launcher for Open Data Kit (ODK) – an open-source, user-friendly, and easily deployable set of tools supporting data collection, visualization, and sharing, without the complications of setting up and maintaining one’s own servers. Survey were translated into Bangla and pretested on the application platform. The implementing partner, WIN Incorporated, assisted in the selection and training of participants, distribution of the smartphones, and provided oversight over the data collection process. A mobile operator, Banglalink, provided SIM cards, talk time, and mobile data to support the farmers as rewards based on their responses on the questions.</text></passage><passage><infon key="section_type">INTRO</infon><infon key="type">paragraph</infon><offset>4781</offset><text>The data collection covered 480 farm households drawn from 40 villages in two subdistricts of Rangpur district in northwestern Bangladesh, selected using a multistage sampling technique. Farmers were selected randomly from a sampling frame that was prepared in consultation with the local agricultural extension officers, specifically focused on farmers’ literacy and the likelihood that they would emerge as an early adopter of smartphone technologies. Participants responded regularly to 46 different survey tasks along a one-year period, with the frequency with which they received each task randomized to be either weekly, monthly, or seasonally (see Methods).</text></passage><passage><infon key="section_type">INTRO</infon><infon key="type">paragraph</infon><offset>5448</offset><text>The design of this study allows measurement of recall bias and missed intra-period variation. Additionally, it allows identification of the most appropriate frequencies (weekly, monthly, or seasonally) to assess consumption, spending, labor, or other aspects of life experience. Further, the dataset allows examination of quantities commonly collected as point estimates – such as subjective well-being – as time series and distributions. Particular examples of possible uses of the dataset include analysis of (i) intra-annual food security dynamics, with data on grain storage and 24-hour recall food diaries, (ii) consumption responses to exogenous shocks such as climate events or changes in the labor market, or (iii) linkages from access and use of clean water to illness and missed work or school. In sum, we expect the dataset to provide a high-frequency, intra-annually resolved window into the dynamics of topics commonly summarized as single numbers in an integrated household survey, albeit for a small and purposively selected sample.</text></passage><passage><infon key="section_type">METHODS</infon><infon key="type">title_1</infon><offset>6500</offset><text>Methods</text></passage><passage><infon key="section_type">METHODS</infon><infon key="type">title_2</infon><offset>6508</offset><text>Participant selection</text></passage><passage><infon key="file">41597_2019_128_Fig1_HTML.jpg</infon><infon key="id">Fig1</infon><infon key="section_type">FIG</infon><infon key="type">fig_caption</infon><offset>6530</offset><text>The multistage sampling scheme for participant selection.</text></passage><passage><infon key="section_type">METHODS</infon><infon key="type">paragraph</infon><offset>6588</offset><text>Our sample was designed with a multistage sampling technique (Fig. 1) aimed at reaching farming households who were potential early adopters of smartphones. We selected Rangpur district in northwestern Bangladesh and based on the literacy rate reported in the Bangladesh National Census 2011, selected the two most literate upazillas (sub-districts) from the eight upazillas of Rangpur district, namely Mithapukur and Rangpur Sadar. We then randomly selected 20 villages from each of these two upazillas, for a combined pool of 40 villages. Through our local implementing partner WIN Incorporated we assigned four local Points of Contact (POC) in each upazilla, who consulted with local agricultural extension officers to make a list (sampling frame) of technology early adopting farmers, who the officers deemed likely to be among the first to engage with smartphones. These farmer lists varied in length from 15 to 40 in different villages. We then randomly selected 8 to 16 farmers from these lists (proportionally depending on the length of the list) from different villages, for a total sample of 480 farmers. Over a series of half-day workshops in their home villages, these farmers were trained intensively to use the ODK application along with some other basic features of smartphone usage (see Survey Implementation).</text></passage><passage><infon key="section_type">METHODS</infon><infon key="type">title_2</infon><offset>7916</offset><text>Data collection platform</text></passage><passage><infon key="section_type">METHODS</infon><infon key="type">paragraph</infon><offset>7941</offset><text>The data collection process was designed on ODK Collect for use on Google’s open source Android operating system. It supports a form, survey, or algorithm into a sequence of input prompts that provide navigation logic, entry constraints, and repeating substructures. The device distributed to the participants was the Symphony Roar V25 smartphone using Android 4.4.2, each of which were preloaded with the ODK application and a custom launcher “Data Exchange” developed by Nafundi (the developers of ODK; https://nafundi.com/). Participant responses were stored on ODK Aggregate server, a ready-to deploy server that hosts forms and submitted results. It aggregates collected data and provides standard interfaces to extract data such as spreadsheets. ODK Aggregate is implemented on Google’s App Engine and allows users to avoid the hassle of setting up one’s own reliable service. Across our project we used 20 Aggregate servers to capture data from 20 unique phone setups (see Smartphone Setups).</text></passage><passage><infon key="section_type">METHODS</infon><infon key="type">title_2</infon><offset>8951</offset><text>Smartphone setup</text></passage><passage><infon key="section_type">METHODS</infon><infon key="type">paragraph</infon><offset>8968</offset><text>We structured our questionnaire as 46 short (5–10 minute) tasks, most of which were based on existing modules in the Bangladesh Integrated Household Survey. Most of the survey items in these tasks are closed-ended with single or multiple selection options, while in a few cases participants were asked to input their answers in words or in numbers. Some questions asked them to take photos of places such as tubewells or latrines, or record a GPS location. While some tasks (for which relatively little intra-annual variation would be expected, such as information on farm plots or household members) were included only once in the experiment, most tasks were given to participants multiple times along the 50-week experiment at weekly, monthly, or seasonal frequencies. Additionally, many tasks included a ‘crowdsourcing’ component, in which the respondent would complete the task first for him- or herself, and then repeat the task for any friend, neighbor, or passerby; these participants were ideally selected on an approximately random basis, and their anonymity was ensured through the absence of personally identifying questions. The purpose of this crowdsourcing component in the study was to examine whether a crowdsourced sample might demonstrate a reduced selection bias, and thus better approximate a true representative sample, than our purposive sample of potential early adopters. Each crowdsourced task replicates the task completed by the sample respondent, with the additional request for basic demographic information (i.e., age, gender, literacy, education) at the beginning of the task. We do not assume that the same individuals are tracked over time in the crowdsourced sample. While this limits some uses of the crowdsourced sample, as it does not provide within-subject time series, it also means that the dataset includes a high-frequency cross-sectional sample that is not subject to panel conditioning (where repeated engagement with the same task affects the way a respondent performs it). This inclusion possibly enables an identification of panel conditioning effects in our main sample, by providing an analogously high-frequency set of responses that are not completed repeatedly by the same respondents against which the main sample might be compared. The versions of each task included in the study are summarized in Online-only Table 1.</text></passage><passage><infon key="section_type">METHODS</infon><infon key="type">paragraph</infon><offset>11350</offset><text>We constructed 20 unique smartphone setups (each given to 24 respondents, for a total of 480 participants in the sample). Each setup included exactly one version of each of the 46 tasks (e.g., Task 12, repeated monthly, not crowdsourced). We created these setups by first randomly assigning one version of each task (weekly, seasonally or monthly; crowdsourced or not) to each phone setup. Since versions with higher frequency (and those that included a crowdsource component) present both a higher respondent burden and a higher earning potential, and having the goal of standardizing both effort and earnings across setups, we then used a script (coded in Matlab) to make pairwise switches of task versions between smartphone setups until the Gini coefficient of earnings potential (from micropayments for participation in the survey throughout the duration of the project) across the phones fell below 0.001, indicating near perfect equality across setups.</text></passage><passage><infon key="section_type">METHODS</infon><infon key="type">title_2</infon><offset>12310</offset><text>Ethical approval</text></passage><passage><infon key="section_type">METHODS</infon><infon key="type">paragraph</infon><offset>12327</offset><text>This study was reviewed and approved as a minimal risk application by International Food Policy Research Institute’s (IFPRI’s) Institutional Review Board (IRB #00007490, FWA #00005121). The IRB application number is 2015-49-EPTD-M, approved on 09/21/2015 under the title “Crowdsourcing Rural Data Collection via Android”. All research staff working directly with this research were required to have completed IFPRI’s CITI training course. Also, all field data collection staff were briefed in research ethics, including informed consent and data privacy. A written consent form (approved by the IRB) was signed by all the participants with one copy sent to IFPRI and one kept by the participants.</text></passage><passage><infon key="section_type">METHODS</infon><infon key="type">title_2</infon><offset>13034</offset><text>Survey implementation</text></passage><passage><infon key="file">41597_2019_128_Fig2_HTML.jpg</infon><infon key="id">Fig2</infon><infon key="section_type">FIG</infon><infon key="type">fig_caption</infon><offset>13056</offset><text>Survey task experience of participants. (a) Participants are notified via a push notification that tasks are available. (b) When participants tap the notification or the app, the Data Exchange interface appears. (c) From which Android ODK is launched for the individual tasks – adapted from Bell et al..</text></passage><passage><infon key="section_type">METHODS</infon><infon key="type">paragraph</infon><offset>13362</offset><text>Data collection was facilitated by WIN Incorporated, via eight Points of Contact (POC) from different villages of Rangpur. We conducted a Training of Trainers (ToT) with the POCs to provide a full orientation with the ODK system. The ToTs are a way to prepare new trainers with appropriate background, skills and hands on experience on the survey system to provide farmers proper knowledge and technical assistance. Following these trainings, the POCs conducted training with small groups of farmers (consisting of the 8–16 farmer participants from a particular village) to orient them on the full data collection approach and timeline. We used a custom ODK launcher application called “Data Exchange” in order to streamline participation for the participants (Fig. 2), tested along with several survey questions in a pretest with a separate sample of farmers to check the user friendliness of the platform, comprehensiveness of the questions and participant comprehension. Following the outcomes from the pretesting, we developed a training guidebook (in Bangla with visual instructions) adjusted survey item wording per the pretesting findings.</text></passage><passage><infon key="file">41597_2019_128_Fig3_HTML.jpg</infon><infon key="id">Fig3</infon><infon key="section_type">FIG</infon><infon key="type">fig_caption</infon><offset>14516</offset><text>Response rates to weekly, monthly, and seasonal tasks along the length of the experiment.</text></passage><passage><infon key="section_type">METHODS</infon><infon key="type">paragraph</infon><offset>14606</offset><text>WIN Incorporated had multiple layers of team management in place to maintain the quality of the work. The eight POCs reported to and were guided by two local field managers based in Rangpur, who in turn reported to senior staff at WIN Incorporated and the project leads. The full process was monitored and scrutinized by IFPRI with frequent random checks. POCs were in close contact with the participants during the early stage of the study to troubleshoot any issues they faced. A common early issue was the loss of installed apps and tasks due to a manual resetting of the device. Consequently, POCs were trained to reinstall all project software to address this. Engagement with the experiment varied along the course of data collection, with average response rates to tasks peaking at over 90% around the 10th week of the experiment and declining to around 40% at the 50th week of the experiment, with average response rates slightly higher for weekly tasks (Fig. 3).</text></passage><passage><infon key="section_type">METHODS</infon><infon key="type">title_1</infon><offset>15579</offset><text>Data Records</text></passage><passage><infon key="section_type">METHODS</infon><infon key="type">paragraph</infon><offset>15592</offset><text>Non-repeated modules: For the most part, these are the demographic characteristics of the households, collected only once from the participants. There are three non-repeated modules: (a) Basic Information, (b) Household composition, and (c) Plots; b and c each contain nested data files that provide records for individual household members and plot level data, respectively.</text></passage><passage><infon key="section_type">METHODS</infon><infon key="type">paragraph</infon><offset>15968</offset><text>Repeated Modules: These modules contain data on crops, production, consumption etc. A total of 97 files are available under this category including the nested data files. Typically, one repeated module has several nested data files, where nested files provide individual records for data types identified in the task (crops, animals, members, events, etc.); for example, the module “DrinkingWater” contains nested file named “DrinkingWater_source_level_2” to capture information about each of the different sources. The more complicated example “FertilizersAndPesticides” contains nested files:</text></passage><passage><infon key="section_type">METHODS</infon><infon key="type">paragraph</infon><offset>16575</offset><text>“FertilizersAndPesticides_plot_repeat_begin_level_2”,</text></passage><passage><infon key="section_type">METHODS</infon><infon key="type">paragraph</infon><offset>16633</offset><text>“FertilizersAndPesticides_crop_level_3”</text></passage><passage><infon key="section_type">METHODS</infon><infon key="type">paragraph</infon><offset>16677</offset><text>“FertilizersAndPesticides_group_crop_i_croptype_level_4”,</text></passage><passage><infon key="section_type">METHODS</infon><infon key="type">paragraph</infon><offset>16739</offset><text>“FertilizersAndPesticides_rep_fert_level_5”.</text></passage><passage><infon key="section_type">METHODS</infon><infon key="type">paragraph</infon><offset>16788</offset><text>Project data are stored in the Harvard data repository as standalone databases. The data can be categorized broadly into two types.</text></passage><passage><infon key="section_type">METHODS</infon><infon key="type">paragraph</infon><offset>16920</offset><text>that include records for the plots treated, the kinds of crops treated in each plot, the specific crops within each crop type treated, and the specific treatments applied to these specific crops, respectively. The nested files are named with an underscore sign (“_”) and “level_#” after the main file names. A full list is presented in Online-only Table 2.</text></passage><passage><infon key="section_type">METHODS</infon><infon key="type">title_1</infon><offset>17286</offset><text>Technical Validation</text></passage><passage><infon key="section_type">METHODS</infon><infon key="type">paragraph</infon><offset>17307</offset><text>We have maintained data quality across the following steps: (1) Questionnaire translation into Bangla adopting standard survey questionnaire, (2) questionnaire and ODK platform pretesting, (3) Recruiting tech-savvy POCs and farmers likely to be early adopters of smartphone technology, (4) ToT and thorough training on the ODK platform, 5) Data checking and cleaning from STATA and R.</text></passage><passage><infon key="section_type">METHODS</infon><infon key="type">paragraph</infon><offset>17692</offset><text>The majority of the survey questions were adopted from the Bangladesh Integrated Household Survey (BIHS) and modified as required to fit the smartphone modality. BIHS survey questions and their translations into Bangla had previously been tested, and the use of exactly the same translation increases the acceptability of our survey questions. We further pre-tested the comprehensiveness of the questions and farmer comprehension after training in a session conducted with approximately 10 farmers in the village of Manikgong, close to Dhaka. We used four different modules whose items spanned the full range of input modes in the experiment, including single selection, multiple selection, taking photos, capturing GPS, etc. This pretesting enabled us to test both the questionnaires and the ODK platform from the users’ perspective. As our sampled participants were chosen from among likely early adopters of smartphone technology, we observed that it was generally easy for them to familiarize themselves with the full process of answering questions and the overall functionality of the handsets. Moreover, the POCs were chosen from among university students with good understanding of technology, facilitating troubleshooting with the participants after the culmination of the training. We conducted a ToT with the POCs and total of 40 half day training sessions (one in each village) with the participants. Each training was conducted by two POCs and coordinated by a field manager along with a senior staff from WIN Incorporated. We prepared a training manual translated into Bangla which the POCs used in training the farmers, and which was distributed to the farmers for their own reference. The trainings covered a brief overview of our data collection project, basic mobile care issues, basic and advanced functions of the smartphone, orientation with the data collection application (“Data Exchange”), an introduction to various sample survey forms, an outline of different survey tasks, and self-practice with several survey forms. Once the participants started submitting data, we checked their submissions on a daily basis from the ODK aggregate servers and sent them micropayments (mobile data and talk-time facilitated by Banglalink). Following completion of the near-one-year pilot study, data were collated and minimally cleaned prior to archival. We did not alter any data (e.g., censoring or other treatment of outliers) and did not discard any cases, as the use of logical checks and input bounding available within the ODK platform prevented the occurrence (to our knowledge) of unusable data. Our experiment did not include a ground-truthing component, and so we are not able to directly compare the quality of responses made via smartphone to those that might have been made using a traditional survey approach.</text></passage><passage><infon key="section_type">METHODS</infon><infon key="type">title_1</infon><offset>20534</offset><text>Usage Notes</text></passage><passage><infon key="section_type">METHODS</infon><infon key="type">title_2</infon><offset>20546</offset><text>Participants’ identification access</text></passage><passage><infon key="section_type">METHODS</infon><infon key="type">paragraph</infon><offset>20584</offset><text>Publicly available data from this project redacts identifiers such as International Mobile Equipment Identity (IMEI) numbers, device numbers, phone numbers, etc., that could be used to identify participants, either directly or as the result of deduction. All GPS coordinates that are included in the dataset have been modified with minor random noise to prevent participant identification, though participants’ modified GPS locations will provide a proportionate spatial measure that allows the user to analyze geographical relationships. No other personally-identifying data were collected, and hence the confidentiality and anonymity of the participants were fully ensured. Participants’ name and location-related information was collected as part of their informed consent, but those data were not published anywhere and were kept locked in a secure location at IFPRI’s Dhaka office with access only available to project researchers. We presume none of this will discourage any researcher to reuse the data. Any researcher requiring actual GPS coordinates, or any other personally-identifying information, is asked to contact the authors; sharing of any such data would require at a minimum ethical clearance from his/her institution, as well as signed data-use agreements that ensure the maintenance of respondent confidentiality and data security.</text></passage><passage><infon key="section_type">METHODS</infon><infon key="type">title_2</infon><offset>21943</offset><text>Potential for double counting</text></passage><passage><infon key="section_type">METHODS</infon><infon key="type">paragraph</infon><offset>21973</offset><text>Modules tasking participants to collect information on tubewells and latrines may include records in separate responses identifying the same locations, as many respondents may share the same irrigation facilities and reside in the same villages.</text></passage><passage><infon key="section_type">SUPPL</infon><infon key="type">title_1</infon><offset>22219</offset><text>Supplementary Information</text></passage><passage><infon key="section_type">SUPPL</infon><infon key="type">title_2</infon><offset>22245</offset><text>ISA-Tab metadata file</text></passage><passage><infon key="section_type">SUPPL</infon><infon key="type">title_2</infon><offset>22267</offset><text>Supplementary Information</text></passage><passage><infon key="section_type">TABLE</infon><infon key="type">title_1</infon><offset>22293</offset><text>Online-only Tables</text></passage><passage><infon key="file">Tab1.xml</infon><infon key="id">Tab1</infon><infon key="section_type">TABLE</infon><infon key="type">table_caption</infon><offset>22312</offset><text>Frequency and crowdsourcing of data collection.</text></passage><passage><infon key="file">Tab1.xml</infon><infon key="id">Tab1</infon><infon key="section_type">TABLE</infon><infon key="type">table</infon><infon key="xml">&lt;?xml version=&quot;1.0&quot; encoding=&quot;UTF-8&quot;?&gt;
&lt;table frame=&quot;hsides&quot; rules=&quot;groups&quot;&gt;&lt;thead&gt;&lt;tr&gt;&lt;th&gt;Module&lt;/th&gt;&lt;th&gt;Description&lt;/th&gt;&lt;th&gt;Non-repeated&lt;/th&gt;&lt;th&gt;Seasonal&lt;/th&gt;&lt;th&gt;Monthly&lt;/th&gt;&lt;th&gt;Weekly&lt;/th&gt;&lt;th&gt;Crowdsourced&lt;/th&gt;&lt;/tr&gt;&lt;/thead&gt;&lt;tbody&gt;&lt;tr&gt;&lt;td&gt;Basic Information&lt;/td&gt;&lt;td&gt;Age, religion, location, etc. of respondent&lt;/td&gt;&lt;td&gt;X&lt;/td&gt;&lt;td/&gt;&lt;td/&gt;&lt;td/&gt;&lt;td/&gt;&lt;/tr&gt;&lt;tr&gt;&lt;td&gt;Household Composition&lt;/td&gt;&lt;td&gt;Basic information on household members&lt;/td&gt;&lt;td&gt;X&lt;/td&gt;&lt;td/&gt;&lt;td/&gt;&lt;td/&gt;&lt;td/&gt;&lt;/tr&gt;&lt;tr&gt;&lt;td&gt;Employment&lt;/td&gt;&lt;td&gt;Household members’ employment, hours worked, wages, etc.&lt;/td&gt;&lt;td/&gt;&lt;td&gt;X&lt;/td&gt;&lt;td&gt;X&lt;/td&gt;&lt;td&gt;X&lt;/td&gt;&lt;td&gt;X&lt;/td&gt;&lt;/tr&gt;&lt;tr&gt;&lt;td&gt;Information Tools&lt;/td&gt;&lt;td&gt;Use of information and communication technologies&lt;/td&gt;&lt;td/&gt;&lt;td&gt;X&lt;/td&gt;&lt;td&gt;X&lt;/td&gt;&lt;td/&gt;&lt;td&gt;X&lt;/td&gt;&lt;/tr&gt;&lt;tr&gt;&lt;td&gt;Transportation Tools&lt;/td&gt;&lt;td&gt;Use of manual and mechanical sources of transportation&lt;/td&gt;&lt;td/&gt;&lt;td&gt;X&lt;/td&gt;&lt;td&gt;X&lt;/td&gt;&lt;td/&gt;&lt;td&gt;X&lt;/td&gt;&lt;/tr&gt;&lt;tr&gt;&lt;td&gt;Work Animals&lt;/td&gt;&lt;td&gt;Ownership and utilization of draft animals&lt;/td&gt;&lt;td/&gt;&lt;td&gt;X&lt;/td&gt;&lt;td&gt;X&lt;/td&gt;&lt;td/&gt;&lt;td/&gt;&lt;/tr&gt;&lt;tr&gt;&lt;td&gt;Savings&lt;/td&gt;&lt;td&gt;Formal and informal savings&lt;/td&gt;&lt;td/&gt;&lt;td&gt;X&lt;/td&gt;&lt;td&gt;X&lt;/td&gt;&lt;td/&gt;&lt;td/&gt;&lt;/tr&gt;&lt;tr&gt;&lt;td&gt;Loans&lt;/td&gt;&lt;td&gt;Formal and informal loans&lt;/td&gt;&lt;td/&gt;&lt;td&gt;X&lt;/td&gt;&lt;td&gt;X&lt;/td&gt;&lt;td/&gt;&lt;td/&gt;&lt;/tr&gt;&lt;tr&gt;&lt;td&gt;Plots&lt;/td&gt;&lt;td&gt;Basic information on plots/ponds used for cultivation&lt;/td&gt;&lt;td&gt;X&lt;/td&gt;&lt;td/&gt;&lt;td/&gt;&lt;td/&gt;&lt;td/&gt;&lt;/tr&gt;&lt;tr&gt;&lt;td&gt;Crops&lt;/td&gt;&lt;td&gt;Listing of crops &amp;amp; estimating associated area, cultivation, cost, etc.&lt;/td&gt;&lt;td/&gt;&lt;td&gt;X&lt;/td&gt;&lt;td/&gt;&lt;td/&gt;&lt;td/&gt;&lt;/tr&gt;&lt;tr&gt;&lt;td&gt;Irrigation&lt;/td&gt;&lt;td&gt;Irrigation sources, method, cost of each crops&lt;/td&gt;&lt;td/&gt;&lt;td&gt;X&lt;/td&gt;&lt;td&gt;X&lt;/td&gt;&lt;td&gt;X&lt;/td&gt;&lt;td/&gt;&lt;/tr&gt;&lt;tr&gt;&lt;td&gt;Fertilizers and Pesticides&lt;/td&gt;&lt;td&gt;Use of chemicals, fertilizers, or pesticides&lt;/td&gt;&lt;td/&gt;&lt;td&gt;X&lt;/td&gt;&lt;td&gt;X&lt;/td&gt;&lt;td&gt;X&lt;/td&gt;&lt;td/&gt;&lt;/tr&gt;&lt;tr&gt;&lt;td&gt;Tools&lt;/td&gt;&lt;td&gt;Rental of any tools, machinery or draft animals for agricultural work&lt;/td&gt;&lt;td/&gt;&lt;td&gt;X&lt;/td&gt;&lt;td/&gt;&lt;td/&gt;&lt;td/&gt;&lt;/tr&gt;&lt;tr&gt;&lt;td&gt;Farm Labor&lt;/td&gt;&lt;td&gt;Labor done by household member or pay others to do any work on farm plots&lt;/td&gt;&lt;td/&gt;&lt;td&gt;X&lt;/td&gt;&lt;td&gt;X&lt;/td&gt;&lt;td&gt;X&lt;/td&gt;&lt;td/&gt;&lt;/tr&gt;&lt;tr&gt;&lt;td&gt;Agricultural Production&lt;/td&gt;&lt;td&gt;Agricultural inputs and harvests.&lt;/td&gt;&lt;td/&gt;&lt;td&gt;X&lt;/td&gt;&lt;td&gt;X&lt;/td&gt;&lt;td&gt;X&lt;/td&gt;&lt;td/&gt;&lt;/tr&gt;&lt;tr&gt;&lt;td&gt;Food Storage Capacity&lt;/td&gt;&lt;td&gt;Food storage for rice and wheat&lt;/td&gt;&lt;td/&gt;&lt;td/&gt;&lt;td&gt;X&lt;/td&gt;&lt;td&gt;X&lt;/td&gt;&lt;td/&gt;&lt;/tr&gt;&lt;tr&gt;&lt;td&gt;Agricultural Extension&lt;/td&gt;&lt;td&gt;Agricultural extension services such as advice on fertilizer, seed etc. received by households&lt;/td&gt;&lt;td/&gt;&lt;td&gt;X&lt;/td&gt;&lt;td&gt;X&lt;/td&gt;&lt;td/&gt;&lt;td/&gt;&lt;/tr&gt;&lt;tr&gt;&lt;td&gt;Agricultural Subsidies&lt;/td&gt;&lt;td&gt;Receipt of agricultural subsidy cards&lt;/td&gt;&lt;td/&gt;&lt;td&gt;X&lt;/td&gt;&lt;td/&gt;&lt;td/&gt;&lt;td/&gt;&lt;/tr&gt;&lt;tr&gt;&lt;td&gt;Livestock&lt;/td&gt;&lt;td&gt;Usage of livestock and poultry animals&lt;/td&gt;&lt;td/&gt;&lt;td&gt;X&lt;/td&gt;&lt;td&gt;X&lt;/td&gt;&lt;td&gt;X&lt;/td&gt;&lt;td/&gt;&lt;/tr&gt;&lt;tr&gt;&lt;td&gt;Fish Inputs&lt;/td&gt;&lt;td&gt;Inputs used for ponds&lt;/td&gt;&lt;td/&gt;&lt;td&gt;X&lt;/td&gt;&lt;td&gt;X&lt;/td&gt;&lt;td/&gt;&lt;td/&gt;&lt;/tr&gt;&lt;tr&gt;&lt;td&gt;Fish production&lt;/td&gt;&lt;td&gt;Production, consumption, revenues of fish on ponds &amp;amp; rivers&lt;/td&gt;&lt;td/&gt;&lt;td&gt;X&lt;/td&gt;&lt;td&gt;X&lt;/td&gt;&lt;td&gt;X&lt;/td&gt;&lt;td/&gt;&lt;/tr&gt;&lt;tr&gt;&lt;td&gt;Marketing of crop/animal production&lt;/td&gt;&lt;td&gt;Marketing of Agriculture, Livestock, and Fisheries&lt;/td&gt;&lt;td/&gt;&lt;td&gt;X&lt;/td&gt;&lt;td&gt;X&lt;/td&gt;&lt;td&gt;X&lt;/td&gt;&lt;td/&gt;&lt;/tr&gt;&lt;tr&gt;&lt;td&gt;Non-agricultural enterprise&lt;/td&gt;&lt;td&gt;Non-farm economic activities owned or operated by household members&lt;/td&gt;&lt;td&gt;X&lt;/td&gt;&lt;td/&gt;&lt;td/&gt;&lt;td/&gt;&lt;td/&gt;&lt;/tr&gt;&lt;tr&gt;&lt;td&gt;Food consumption&lt;/td&gt;&lt;td&gt;Food consumption of household members or friend, neighbor or other person&lt;/td&gt;&lt;td/&gt;&lt;td&gt;X&lt;/td&gt;&lt;td&gt;X&lt;/td&gt;&lt;td&gt;X&lt;/td&gt;&lt;td&gt;X&lt;/td&gt;&lt;/tr&gt;&lt;tr&gt;&lt;td&gt;Non-food expenditure - Washing&lt;/td&gt;&lt;td&gt;Expenditures on washing and cleaning of household members&lt;/td&gt;&lt;td/&gt;&lt;td&gt;X&lt;/td&gt;&lt;td&gt;X&lt;/td&gt;&lt;td&gt;X&lt;/td&gt;&lt;td/&gt;&lt;/tr&gt;&lt;tr&gt;&lt;td&gt;Non-food expenditure - Transport&lt;/td&gt;&lt;td&gt;Expenditures on transport and travel by household members&lt;/td&gt;&lt;td/&gt;&lt;td&gt;X&lt;/td&gt;&lt;td&gt;X&lt;/td&gt;&lt;td&gt;X&lt;/td&gt;&lt;td/&gt;&lt;/tr&gt;&lt;tr&gt;&lt;td&gt;Non-food expenditure - Lighting&lt;/td&gt;&lt;td&gt;Expenditures on fuel and lighting by household members&lt;/td&gt;&lt;td/&gt;&lt;td&gt;X&lt;/td&gt;&lt;td&gt;X&lt;/td&gt;&lt;td&gt;X&lt;/td&gt;&lt;td/&gt;&lt;/tr&gt;&lt;tr&gt;&lt;td&gt;Non-food expenditure - Cosmetics&lt;/td&gt;&lt;td&gt;Expenditures on cosmetics and beauty products by household members&lt;/td&gt;&lt;td/&gt;&lt;td&gt;X&lt;/td&gt;&lt;td&gt;X&lt;/td&gt;&lt;td&gt;X&lt;/td&gt;&lt;td/&gt;&lt;/tr&gt;&lt;tr&gt;&lt;td&gt;Housing and Sanitation&lt;/td&gt;&lt;td&gt;Housing and Sanitation arrangements types, utilities, rents etc.&lt;/td&gt;&lt;td&gt;X&lt;/td&gt;&lt;td/&gt;&lt;td/&gt;&lt;td/&gt;&lt;td/&gt;&lt;/tr&gt;&lt;tr&gt;&lt;td&gt;Facilities&lt;/td&gt;&lt;td&gt;Transportation, hospital, bank, market etc. facilities around home&lt;/td&gt;&lt;td&gt;X&lt;/td&gt;&lt;td/&gt;&lt;td/&gt;&lt;td/&gt;&lt;td/&gt;&lt;/tr&gt;&lt;tr&gt;&lt;td&gt;Bad Shocks&lt;/td&gt;&lt;td&gt;Negative events or shocks experienced by household members, friend, neighbor, or other person&lt;/td&gt;&lt;td/&gt;&lt;td&gt;X&lt;/td&gt;&lt;td&gt;X&lt;/td&gt;&lt;td&gt;X&lt;/td&gt;&lt;td&gt;X&lt;/td&gt;&lt;/tr&gt;&lt;tr&gt;&lt;td&gt;Good Shocks&lt;/td&gt;&lt;td&gt;Positive events or shocks experienced by household members, friend, neighbor, or other person&lt;/td&gt;&lt;td/&gt;&lt;td&gt;X&lt;/td&gt;&lt;td&gt;X&lt;/td&gt;&lt;td&gt;X&lt;/td&gt;&lt;td&gt;X&lt;/td&gt;&lt;/tr&gt;&lt;tr&gt;&lt;td&gt;Safety Programs&lt;/td&gt;&lt;td&gt;Benefits received from social safety net programs&lt;/td&gt;&lt;td/&gt;&lt;td&gt;X&lt;/td&gt;&lt;td/&gt;&lt;td/&gt;&lt;td/&gt;&lt;/tr&gt;&lt;tr&gt;&lt;td&gt;Current Migrants&lt;/td&gt;&lt;td&gt;Migration of household members&lt;/td&gt;&lt;td/&gt;&lt;td&gt;X&lt;/td&gt;&lt;td/&gt;&lt;td/&gt;&lt;td/&gt;&lt;/tr&gt;&lt;tr&gt;&lt;td&gt;Remittance In&lt;/td&gt;&lt;td&gt;Remittances received by household&lt;/td&gt;&lt;td/&gt;&lt;td&gt;X&lt;/td&gt;&lt;td&gt;X&lt;/td&gt;&lt;td/&gt;&lt;td/&gt;&lt;/tr&gt;&lt;tr&gt;&lt;td&gt;Remittance Out&lt;/td&gt;&lt;td&gt;Remittances sent out to migrant family members&lt;/td&gt;&lt;td/&gt;&lt;td&gt;X&lt;/td&gt;&lt;td&gt;X&lt;/td&gt;&lt;td/&gt;&lt;td/&gt;&lt;/tr&gt;&lt;tr&gt;&lt;td&gt;Other income&lt;/td&gt;&lt;td&gt;Other sources of income beyond farm or other business&lt;/td&gt;&lt;td/&gt;&lt;td&gt;X&lt;/td&gt;&lt;td&gt;X&lt;/td&gt;&lt;td/&gt;&lt;td/&gt;&lt;/tr&gt;&lt;tr&gt;&lt;td&gt;Illness&lt;/td&gt;&lt;td&gt;Illness or injury of the household members, friend, neighbor, or other person&lt;/td&gt;&lt;td/&gt;&lt;td&gt;X&lt;/td&gt;&lt;td&gt;X&lt;/td&gt;&lt;td&gt;X&lt;/td&gt;&lt;td&gt;X&lt;/td&gt;&lt;/tr&gt;&lt;tr&gt;&lt;td&gt;School attendance&lt;/td&gt;&lt;td&gt;School attendance of the household members, friend, neighbor, or other person&lt;/td&gt;&lt;td/&gt;&lt;td&gt;X&lt;/td&gt;&lt;td&gt;X&lt;/td&gt;&lt;td&gt;X&lt;/td&gt;&lt;td&gt;X&lt;/td&gt;&lt;/tr&gt;&lt;tr&gt;&lt;td&gt;Subjective Well-being&lt;/td&gt;&lt;td&gt;Wellbeing (feeling, happiness, anxiety) of a family member, friend, neighbor, or other person&lt;/td&gt;&lt;td/&gt;&lt;td&gt;X&lt;/td&gt;&lt;td&gt;X&lt;/td&gt;&lt;td&gt;X&lt;/td&gt;&lt;td&gt;X&lt;/td&gt;&lt;/tr&gt;&lt;tr&gt;&lt;td&gt;Tubewell Walk&lt;/td&gt;&lt;td&gt;Map out tubewells of the area including GPS location, pictures etc.&lt;/td&gt;&lt;td&gt;X&lt;/td&gt;&lt;td/&gt;&lt;td/&gt;&lt;td/&gt;&lt;td/&gt;&lt;/tr&gt;&lt;tr&gt;&lt;td&gt;Latrine Use&lt;/td&gt;&lt;td&gt;Access and utilization of latrine, type of toilet facility etc.&lt;/td&gt;&lt;td&gt;X&lt;/td&gt;&lt;td/&gt;&lt;td/&gt;&lt;td/&gt;&lt;td/&gt;&lt;/tr&gt;&lt;tr&gt;&lt;td&gt;Latrine Walk&lt;/td&gt;&lt;td&gt;Map out some latrines in the area including GPS location, pictures, facilities etc.&lt;/td&gt;&lt;td&gt;X&lt;/td&gt;&lt;td/&gt;&lt;td/&gt;&lt;td/&gt;&lt;td/&gt;&lt;/tr&gt;&lt;tr&gt;&lt;td&gt;Internet Use&lt;/td&gt;&lt;td&gt;Usage of smartphone and internet access&lt;/td&gt;&lt;td/&gt;&lt;td/&gt;&lt;td&gt;X&lt;/td&gt;&lt;td&gt;X&lt;/td&gt;&lt;td/&gt;&lt;/tr&gt;&lt;tr&gt;&lt;td&gt;Drinking water Diary&lt;/td&gt;&lt;td&gt;Use of drinking water by household members, friend, neighbor, or other person&lt;/td&gt;&lt;td/&gt;&lt;td&gt;X&lt;/td&gt;&lt;td&gt;X&lt;/td&gt;&lt;td&gt;X&lt;/td&gt;&lt;td&gt;X&lt;/td&gt;&lt;/tr&gt;&lt;/tbody&gt;&lt;/table&gt;
</infon><offset>22360</offset><text>Module	Description	Non-repeated	Seasonal	Monthly	Weekly	Crowdsourced	 	Basic Information	Age, religion, location, etc. of respondent	X					 	Household Composition	Basic information on household members	X					 	Employment	Household members’ employment, hours worked, wages, etc.		X	X	X	X	 	Information Tools	Use of information and communication technologies		X	X		X	 	Transportation Tools	Use of manual and mechanical sources of transportation		X	X		X	 	Work Animals	Ownership and utilization of draft animals		X	X			 	Savings	Formal and informal savings		X	X			 	Loans	Formal and informal loans		X	X			 	Plots	Basic information on plots/ponds used for cultivation	X					 	Crops	Listing of crops &amp; estimating associated area, cultivation, cost, etc.		X				 	Irrigation	Irrigation sources, method, cost of each crops		X	X	X		 	Fertilizers and Pesticides	Use of chemicals, fertilizers, or pesticides		X	X	X		 	Tools	Rental of any tools, machinery or draft animals for agricultural work		X				 	Farm Labor	Labor done by household member or pay others to do any work on farm plots		X	X	X		 	Agricultural Production	Agricultural inputs and harvests.		X	X	X		 	Food Storage Capacity	Food storage for rice and wheat			X	X		 	Agricultural Extension	Agricultural extension services such as advice on fertilizer, seed etc. received by households		X	X			 	Agricultural Subsidies	Receipt of agricultural subsidy cards		X				 	Livestock	Usage of livestock and poultry animals		X	X	X		 	Fish Inputs	Inputs used for ponds		X	X			 	Fish production	Production, consumption, revenues of fish on ponds &amp; rivers		X	X	X		 	Marketing of crop/animal production	Marketing of Agriculture, Livestock, and Fisheries		X	X	X		 	Non-agricultural enterprise	Non-farm economic activities owned or operated by household members	X					 	Food consumption	Food consumption of household members or friend, neighbor or other person		X	X	X	X	 	Non-food expenditure - Washing	Expenditures on washing and cleaning of household members		X	X	X		 	Non-food expenditure - Transport	Expenditures on transport and travel by household members		X	X	X		 	Non-food expenditure - Lighting	Expenditures on fuel and lighting by household members		X	X	X		 	Non-food expenditure - Cosmetics	Expenditures on cosmetics and beauty products by household members		X	X	X		 	Housing and Sanitation	Housing and Sanitation arrangements types, utilities, rents etc.	X					 	Facilities	Transportation, hospital, bank, market etc. facilities around home	X					 	Bad Shocks	Negative events or shocks experienced by household members, friend, neighbor, or other person		X	X	X	X	 	Good Shocks	Positive events or shocks experienced by household members, friend, neighbor, or other person		X	X	X	X	 	Safety Programs	Benefits received from social safety net programs		X				 	Current Migrants	Migration of household members		X				 	Remittance In	Remittances received by household		X	X			 	Remittance Out	Remittances sent out to migrant family members		X	X			 	Other income	Other sources of income beyond farm or other business		X	X			 	Illness	Illness or injury of the household members, friend, neighbor, or other person		X	X	X	X	 	School attendance	School attendance of the household members, friend, neighbor, or other person		X	X	X	X	 	Subjective Well-being	Wellbeing (feeling, happiness, anxiety) of a family member, friend, neighbor, or other person		X	X	X	X	 	Tubewell Walk	Map out tubewells of the area including GPS location, pictures etc.	X					 	Latrine Use	Access and utilization of latrine, type of toilet facility etc.	X					 	Latrine Walk	Map out some latrines in the area including GPS location, pictures, facilities etc.	X					 	Internet Use	Usage of smartphone and internet access			X	X		 	Drinking water Diary	Use of drinking water by household members, friend, neighbor, or other person		X	X	X	X	 	</text></passage><passage><infon key="file">Tab2.xml</infon><infon key="id">Tab2</infon><infon key="section_type">TABLE</infon><infon key="type">table_caption</infon><offset>26205</offset><text>List of data files.</text></passage><passage><infon key="file">Tab2.xml</infon><infon key="id">Tab2</infon><infon key="section_type">TABLE</infon><infon key="type">table</infon><infon key="xml">&lt;?xml version=&quot;1.0&quot; encoding=&quot;UTF-8&quot;?&gt;
&lt;table frame=&quot;hsides&quot; rules=&quot;groups&quot;&gt;&lt;thead&gt;&lt;tr&gt;&lt;th rowspan=&quot;2&quot;&gt;Module Name&lt;/th&gt;&lt;th colspan=&quot;2&quot;&gt;Nested Files&lt;/th&gt;&lt;/tr&gt;&lt;tr&gt;&lt;th&gt;Order&lt;/th&gt;&lt;th&gt;Name&lt;/th&gt;&lt;/tr&gt;&lt;/thead&gt;&lt;tbody&gt;&lt;tr&gt;&lt;td&gt;Agricultural Extension Services&lt;/td&gt;&lt;td&gt;—&lt;/td&gt;&lt;td&gt;Form is not nested&lt;/td&gt;&lt;/tr&gt;&lt;tr&gt;&lt;td rowspan=&quot;3&quot;&gt;Agricultural Production&lt;/td&gt;&lt;td&gt;1&lt;/td&gt;&lt;td&gt;Agricultural Production_level_1&lt;/td&gt;&lt;/tr&gt;&lt;tr&gt;&lt;td&gt;2&lt;/td&gt;&lt;td&gt;Agricultural Production_plot_repeat_begin_level_2&lt;/td&gt;&lt;/tr&gt;&lt;tr&gt;&lt;td&gt;3&lt;/td&gt;&lt;td&gt;Agricultural Production_crop_level_3&lt;/td&gt;&lt;/tr&gt;&lt;tr&gt;&lt;td&gt;Agricultural Subsidy Card&lt;/td&gt;&lt;td&gt;—&lt;/td&gt;&lt;td&gt;Form is not nested&lt;/td&gt;&lt;/tr&gt;&lt;tr&gt;&lt;td&gt;Bad Shocks&lt;/td&gt;&lt;td&gt;1&lt;/td&gt;&lt;td&gt;BadShocks_event_repeat_level_2&lt;/td&gt;&lt;/tr&gt;&lt;tr&gt;&lt;td&gt;Basic Information&lt;/td&gt;&lt;td&gt;—&lt;/td&gt;&lt;td&gt;Form is not nested&lt;/td&gt;&lt;/tr&gt;&lt;tr&gt;&lt;td&gt;Climate Event&lt;/td&gt;&lt;td&gt;—&lt;/td&gt;&lt;td&gt;Form is not nested&lt;/td&gt;&lt;/tr&gt;&lt;tr&gt;&lt;td rowspan=&quot;3&quot;&gt;Crops&lt;/td&gt;&lt;td&gt;1&lt;/td&gt;&lt;td&gt;Crops_plot_repeat_begin_level_2&lt;/td&gt;&lt;/tr&gt;&lt;tr&gt;&lt;td&gt;2&lt;/td&gt;&lt;td&gt;Crops_crop_level_3&lt;/td&gt;&lt;/tr&gt;&lt;tr&gt;&lt;td&gt;3&lt;/td&gt;&lt;td&gt;Crops_group_crop_i_croptype_level_4&lt;/td&gt;&lt;/tr&gt;&lt;tr&gt;&lt;td&gt;Current Migrants&lt;/td&gt;&lt;td&gt;1&lt;/td&gt;&lt;td&gt;Current Migrants_begin_repeat_mig_level_2&lt;/td&gt;&lt;/tr&gt;&lt;tr&gt;&lt;td&gt;Drinking Water&lt;/td&gt;&lt;td&gt;1&lt;/td&gt;&lt;td&gt;Drinking Water_source_level_2&lt;/td&gt;&lt;/tr&gt;&lt;tr&gt;&lt;td&gt;Employment&lt;/td&gt;&lt;td&gt;1&lt;/td&gt;&lt;td&gt;employment_work_done_level_2&lt;/td&gt;&lt;/tr&gt;&lt;tr&gt;&lt;td&gt;Facilities&lt;/td&gt;&lt;td&gt;1&lt;/td&gt;&lt;td&gt;Facilities_facility_repeat_level_2&lt;/td&gt;&lt;/tr&gt;&lt;tr&gt;&lt;td rowspan=&quot;2&quot;&gt;Farm Labor&lt;/td&gt;&lt;td&gt;1&lt;/td&gt;&lt;td&gt;farm Labor_begin_repeat_plot_level_2&lt;/td&gt;&lt;/tr&gt;&lt;tr&gt;&lt;td&gt;2&lt;/td&gt;&lt;td&gt;farm Labor_labor_repeat_level_3&lt;/td&gt;&lt;/tr&gt;&lt;tr&gt;&lt;td rowspan=&quot;4&quot;&gt;Fertilizers And Pesticides&lt;/td&gt;&lt;td&gt;1&lt;/td&gt;&lt;td&gt;Fertilizers And Pesticides_plot_repeat_begin_level_2&lt;/td&gt;&lt;/tr&gt;&lt;tr&gt;&lt;td&gt;2&lt;/td&gt;&lt;td&gt;Fertilizers And Pesticides_crop_level_3&lt;/td&gt;&lt;/tr&gt;&lt;tr&gt;&lt;td&gt;3&lt;/td&gt;&lt;td&gt;FertilizersAndPesticides_group_crop_i_croptype_level_4&lt;/td&gt;&lt;/tr&gt;&lt;tr&gt;&lt;td&gt;4&lt;/td&gt;&lt;td&gt;Fertilizers And Pesticides_rep_fert_level_5&lt;/td&gt;&lt;/tr&gt;&lt;tr&gt;&lt;td&gt;Fish Pond Inputs&lt;/td&gt;&lt;td&gt;1&lt;/td&gt;&lt;td&gt;Fish Pond Inputs_begin_level_2&lt;/td&gt;&lt;/tr&gt;&lt;tr&gt;&lt;td rowspan=&quot;3&quot;&gt;Fish Pond Production&lt;/td&gt;&lt;td&gt;1&lt;/td&gt;&lt;td&gt;Fish Pond Production_pond_begin_repeat_level_2.1&lt;/td&gt;&lt;/tr&gt;&lt;tr&gt;&lt;td&gt;2&lt;/td&gt;&lt;td&gt;Fish Pond Production_river_repeat_level_2.2&lt;/td&gt;&lt;/tr&gt;&lt;tr&gt;&lt;td&gt;3&lt;/td&gt;&lt;td&gt;Fish Pond Production_fish_repeat_level_3&lt;/td&gt;&lt;/tr&gt;&lt;tr&gt;&lt;td rowspan=&quot;2&quot;&gt;Food Diary&lt;/td&gt;&lt;td&gt;1&lt;/td&gt;&lt;td&gt;Food Diary_food_level_2&lt;/td&gt;&lt;/tr&gt;&lt;tr&gt;&lt;td&gt;2&lt;/td&gt;&lt;td&gt;35. Fooddiary_food_foodtype_level_3&lt;/td&gt;&lt;/tr&gt;&lt;tr&gt;&lt;td&gt;Food Storage Capacity&lt;/td&gt;&lt;td&gt;—&lt;/td&gt;&lt;td&gt;Form is not nested&lt;/td&gt;&lt;/tr&gt;&lt;tr&gt;&lt;td&gt;Good Shocks&lt;/td&gt;&lt;td&gt;1&lt;/td&gt;&lt;td&gt;Good Shocks_event_repeat_level_2&lt;/td&gt;&lt;/tr&gt;&lt;tr&gt;&lt;td&gt;Household Composition&lt;/td&gt;&lt;td&gt;1&lt;/td&gt;&lt;td&gt;Household Composition_members_level_2&lt;/td&gt;&lt;/tr&gt;&lt;tr&gt;&lt;td&gt;Housingand Sanitation&lt;/td&gt;&lt;td&gt;—&lt;/td&gt;&lt;td&gt;Form is not nested&lt;/td&gt;&lt;/tr&gt;&lt;tr&gt;&lt;td&gt;Illness&lt;/td&gt;&lt;td&gt;1&lt;/td&gt;&lt;td&gt;illness_was_ill_level_2&lt;/td&gt;&lt;/tr&gt;&lt;tr&gt;&lt;td rowspan=&quot;2&quot;&gt;Information Tools&lt;/td&gt;&lt;td&gt;1&lt;/td&gt;&lt;td&gt;Information Tools_tech_level_2&lt;/td&gt;&lt;/tr&gt;&lt;tr&gt;&lt;td&gt;2&lt;/td&gt;&lt;td&gt;Information Tools_tech_use_level_3&lt;/td&gt;&lt;/tr&gt;&lt;tr&gt;&lt;td&gt;Mobile Internet&lt;/td&gt;&lt;td&gt;1&lt;/td&gt;&lt;td&gt;Mobile Internet_app_use_level_2&lt;/td&gt;&lt;/tr&gt;&lt;tr&gt;&lt;td rowspan=&quot;3&quot;&gt;Irrigation&lt;/td&gt;&lt;td&gt;1&lt;/td&gt;&lt;td&gt;Irrigation_plot_repeat_begin_level_2&lt;/td&gt;&lt;/tr&gt;&lt;tr&gt;&lt;td&gt;2&lt;/td&gt;&lt;td&gt;Irrigation_crop_level_3&lt;/td&gt;&lt;/tr&gt;&lt;tr&gt;&lt;td&gt;3&lt;/td&gt;&lt;td&gt;Irrigation_group_crop_i_crop_repeat_type_level_4&lt;/td&gt;&lt;/tr&gt;&lt;tr&gt;&lt;td&gt;Latrine Use&lt;/td&gt;&lt;td&gt;—&lt;/td&gt;&lt;td&gt;Form is not nested&lt;/td&gt;&lt;/tr&gt;&lt;tr&gt;&lt;td&gt;Latrine Walk&lt;/td&gt;&lt;td&gt;1&lt;/td&gt;&lt;td&gt;latrine Walk_begin_repeat_lat_level_2&lt;/td&gt;&lt;/tr&gt;&lt;tr&gt;&lt;td&gt;Livestock&lt;/td&gt;&lt;td&gt;1&lt;/td&gt;&lt;td&gt;Livestock_animal_level_2&lt;/td&gt;&lt;/tr&gt;&lt;tr&gt;&lt;td&gt;Loans&lt;/td&gt;&lt;td&gt;1&lt;/td&gt;&lt;td&gt;Loans_each_loan_level_2&lt;/td&gt;&lt;/tr&gt;&lt;tr&gt;&lt;td&gt;Marketing&lt;/td&gt;&lt;td&gt;1&lt;/td&gt;&lt;td&gt;Marketing_sellrell_prod_repeat_level_2&lt;/td&gt;&lt;/tr&gt;&lt;tr&gt;&lt;td&gt;Non Agricultural Enterprise&lt;/td&gt;&lt;td&gt;1&lt;/td&gt;&lt;td&gt;Non Agricultural Enterprise_buss_level_2&lt;/td&gt;&lt;/tr&gt;&lt;tr&gt;&lt;td&gt;Cosmetics&lt;/td&gt;&lt;td&gt;1&lt;/td&gt;&lt;td&gt;Cosmetics_item_repeat_level_2&lt;/td&gt;&lt;/tr&gt;&lt;tr&gt;&lt;td&gt;Fuel Lighting&lt;/td&gt;&lt;td&gt;1&lt;/td&gt;&lt;td&gt;Fuel Lighting_item_repeat_level_2&lt;/td&gt;&lt;/tr&gt;&lt;tr&gt;&lt;td&gt;Transport Travel&lt;/td&gt;&lt;td&gt;1&lt;/td&gt;&lt;td&gt;Transport Travel_item_repeat_level_2&lt;/td&gt;&lt;/tr&gt;&lt;tr&gt;&lt;td&gt;Washing Cleaning&lt;/td&gt;&lt;td&gt;1&lt;/td&gt;&lt;td&gt;Washing Cleaning_item_repeat_level_2&lt;/td&gt;&lt;/tr&gt;&lt;tr&gt;&lt;td&gt;Other Income&lt;/td&gt;&lt;td&gt;1&lt;/td&gt;&lt;td&gt;Other Income_income_level_2&lt;/td&gt;&lt;/tr&gt;&lt;tr&gt;&lt;td&gt;Plots&lt;/td&gt;&lt;td&gt;1&lt;/td&gt;&lt;td&gt;Plots_plot_level_2&lt;/td&gt;&lt;/tr&gt;&lt;tr&gt;&lt;td&gt;Remittance In&lt;/td&gt;&lt;td&gt;1&lt;/td&gt;&lt;td&gt;Remittance In_begin_repeat_mig_level_2&lt;/td&gt;&lt;/tr&gt;&lt;tr&gt;&lt;td&gt;Remittance Out&lt;/td&gt;&lt;td&gt;1&lt;/td&gt;&lt;td&gt;Remittance Out_begin_repeat_mig_level_2&lt;/td&gt;&lt;/tr&gt;&lt;tr&gt;&lt;td rowspan=&quot;3&quot;&gt;Renting Tools MachAn&lt;/td&gt;&lt;td&gt;1&lt;/td&gt;&lt;td&gt;renting Tools MachAn_plot_repeat_begin_level_2&lt;/td&gt;&lt;/tr&gt;&lt;tr&gt;&lt;td&gt;2&lt;/td&gt;&lt;td&gt;renting Tools MachAn_crop_level_3&lt;/td&gt;&lt;/tr&gt;&lt;tr&gt;&lt;td&gt;3&lt;/td&gt;&lt;td&gt;renting Tools MachAn_group_crop_i_crop_repeat_type_level_4&lt;/td&gt;&lt;/tr&gt;&lt;tr&gt;&lt;td&gt;Safety Program&lt;/td&gt;&lt;td&gt;1&lt;/td&gt;&lt;td&gt;Safety Program_event_repeat_level_2&lt;/td&gt;&lt;/tr&gt;&lt;tr&gt;&lt;td&gt;Savings&lt;/td&gt;&lt;td&gt;1&lt;/td&gt;&lt;td&gt;Savings_each_savings_level_2&lt;/td&gt;&lt;/tr&gt;&lt;tr&gt;&lt;td&gt;School Attendance&lt;/td&gt;&lt;td&gt;1&lt;/td&gt;&lt;td&gt;school Attendance_missed_school_level_2&lt;/td&gt;&lt;/tr&gt;&lt;tr&gt;&lt;td&gt;Subjective Wellbeing&lt;/td&gt;&lt;td&gt;—&lt;/td&gt;&lt;td&gt;Form is not nested&lt;/td&gt;&lt;/tr&gt;&lt;tr&gt;&lt;td rowspan=&quot;2&quot;&gt;Transportation Tools&lt;/td&gt;&lt;td&gt;1&lt;/td&gt;&lt;td&gt;Transportation Tools_transport_level_2&lt;/td&gt;&lt;/tr&gt;&lt;tr&gt;&lt;td&gt;2&lt;/td&gt;&lt;td&gt;Transportation Tools_transport_use_level_3&lt;/td&gt;&lt;/tr&gt;&lt;tr&gt;&lt;td&gt;Tubewell Walk&lt;/td&gt;&lt;td&gt;—&lt;/td&gt;&lt;td&gt;Form is not nested&lt;/td&gt;&lt;/tr&gt;&lt;tr&gt;&lt;td rowspan=&quot;2&quot;&gt;Work Animals&lt;/td&gt;&lt;td&gt;1&lt;/td&gt;&lt;td&gt;Work Animals_animals_level_2&lt;/td&gt;&lt;/tr&gt;&lt;tr&gt;&lt;td&gt;2&lt;/td&gt;&lt;td&gt;Work Animals_animals_use_level_3&lt;/td&gt;&lt;/tr&gt;&lt;/tbody&gt;&lt;/table&gt;
</infon><offset>26225</offset><text>Module Name	Nested Files	 	Order	Name	 	Agricultural Extension Services	—	Form is not nested	 	Agricultural Production	1	Agricultural Production_level_1	 	2	Agricultural Production_plot_repeat_begin_level_2	 	3	Agricultural Production_crop_level_3	 	Agricultural Subsidy Card	—	Form is not nested	 	Bad Shocks	1	BadShocks_event_repeat_level_2	 	Basic Information	—	Form is not nested	 	Climate Event	—	Form is not nested	 	Crops	1	Crops_plot_repeat_begin_level_2	 	2	Crops_crop_level_3	 	3	Crops_group_crop_i_croptype_level_4	 	Current Migrants	1	Current Migrants_begin_repeat_mig_level_2	 	Drinking Water	1	Drinking Water_source_level_2	 	Employment	1	employment_work_done_level_2	 	Facilities	1	Facilities_facility_repeat_level_2	 	Farm Labor	1	farm Labor_begin_repeat_plot_level_2	 	2	farm Labor_labor_repeat_level_3	 	Fertilizers And Pesticides	1	Fertilizers And Pesticides_plot_repeat_begin_level_2	 	2	Fertilizers And Pesticides_crop_level_3	 	3	FertilizersAndPesticides_group_crop_i_croptype_level_4	 	4	Fertilizers And Pesticides_rep_fert_level_5	 	Fish Pond Inputs	1	Fish Pond Inputs_begin_level_2	 	Fish Pond Production	1	Fish Pond Production_pond_begin_repeat_level_2.1	 	2	Fish Pond Production_river_repeat_level_2.2	 	3	Fish Pond Production_fish_repeat_level_3	 	Food Diary	1	Food Diary_food_level_2	 	2	35. Fooddiary_food_foodtype_level_3	 	Food Storage Capacity	—	Form is not nested	 	Good Shocks	1	Good Shocks_event_repeat_level_2	 	Household Composition	1	Household Composition_members_level_2	 	Housingand Sanitation	—	Form is not nested	 	Illness	1	illness_was_ill_level_2	 	Information Tools	1	Information Tools_tech_level_2	 	2	Information Tools_tech_use_level_3	 	Mobile Internet	1	Mobile Internet_app_use_level_2	 	Irrigation	1	Irrigation_plot_repeat_begin_level_2	 	2	Irrigation_crop_level_3	 	3	Irrigation_group_crop_i_crop_repeat_type_level_4	 	Latrine Use	—	Form is not nested	 	Latrine Walk	1	latrine Walk_begin_repeat_lat_level_2	 	Livestock	1	Livestock_animal_level_2	 	Loans	1	Loans_each_loan_level_2	 	Marketing	1	Marketing_sellrell_prod_repeat_level_2	 	Non Agricultural Enterprise	1	Non Agricultural Enterprise_buss_level_2	 	Cosmetics	1	Cosmetics_item_repeat_level_2	 	Fuel Lighting	1	Fuel Lighting_item_repeat_level_2	 	Transport Travel	1	Transport Travel_item_repeat_level_2	 	Washing Cleaning	1	Washing Cleaning_item_repeat_level_2	 	Other Income	1	Other Income_income_level_2	 	Plots	1	Plots_plot_level_2	 	Remittance In	1	Remittance In_begin_repeat_mig_level_2	 	Remittance Out	1	Remittance Out_begin_repeat_mig_level_2	 	Renting Tools MachAn	1	renting Tools MachAn_plot_repeat_begin_level_2	 	2	renting Tools MachAn_crop_level_3	 	3	renting Tools MachAn_group_crop_i_crop_repeat_type_level_4	 	Safety Program	1	Safety Program_event_repeat_level_2	 	Savings	1	Savings_each_savings_level_2	 	School Attendance	1	school Attendance_missed_school_level_2	 	Subjective Wellbeing	—	Form is not nested	 	Transportation Tools	1	Transportation Tools_transport_level_2	 	2	Transportation Tools_transport_use_level_3	 	Tubewell Walk	—	Form is not nested	 	Work Animals	1	Work Animals_animals_level_2	 	2	Work Animals_animals_use_level_3	 	</text></passage><passage><infon key="section_type">TABLE</infon><infon key="type">footnote</infon><offset>29412</offset><text>Publisher’s note: Springer Nature remains neutral with regard to jurisdictional claims in published maps and institutional affiliations.</text></passage><passage><infon key="section_type">TABLE</infon><infon key="type">title_1</infon><offset>29551</offset><text>ISA-Tab metadata</text></passage><passage><infon key="section_type">TABLE</infon><infon key="type">paragraph</infon><offset>29568</offset><text>is available for this paper at 10.1038/s41597-019-0128-0.</text></passage><passage><infon key="section_type">SUPPL</infon><infon key="type">title_1</infon><offset>29626</offset><text>Supplementary Information</text></passage><passage><infon key="section_type">SUPPL</infon><infon key="type">paragraph</infon><offset>29652</offset><text>is available for this paper at 10.1038/s41597-019-0128-0.</text></passage><passage><infon key="section_type">AUTH_CONT</infon><infon key="type">title</infon><offset>29710</offset><text>Author Contributions</text></passage><passage><infon key="section_type">AUTH_CONT</infon><infon key="type">paragraph</infon><offset>29731</offset><text>Conceptualization: A.R.B. and P.S.W. Questionnaire: A.R.B. and P.S.W. Software: A.R.B., P.S.W., M.E.K. and M.E.H.T. Project administration: M.E.H.T. Supervision: A.R.B. and P.S.W. Manuscript: M.E.H.T., A.R.B., M.E.K. and P.S.W.</text></passage><passage><infon key="section_type">SUPPL</infon><infon key="type">title</infon><offset>29959</offset><text>Code Availability</text></passage><passage><infon key="section_type">SUPPL</infon><infon key="type">paragraph</infon><offset>29977</offset><text>The data are published as raw, without modification or recoding, as downloaded from the Google App Engine Servers, with the exception of GPS coordinates (see Usage Notes). Data from all unique phone setups and different frequencies were concatenated in single tables, and in some cases variables have been relabeled for clarity and consistency. The Matlab routines used to develop the initial smartphone setups and the summary information of the phone setups are included as Supplementary Files 1 and 2 to this publication.</text></passage><passage><infon key="section_type">COMP_INT</infon><infon key="type">title</infon><offset>30502</offset><text>Competing Interests</text></passage><passage><infon key="section_type">COMP_INT</infon><infon key="type">paragraph</infon><offset>30522</offset><text>The authors declare no competing interests.</text></passage><passage><infon key="section_type">REF</infon><infon key="type">title</infon><offset>30566</offset><text>References</text></passage><passage><infon key="section_type">REF</infon><infon key="type">ref</infon><offset>30577</offset><text>Carletto, G. et al. Improving the Availability, Quality and Policy-Relevance of Agricultural Data: The Living Standards Measurement Study – Integrated Surveys on Agriculture, Third Wye City Group Global Conference on Agricultural and Rural Household Statistic (Food and Agricultural Organization of the United Nations, Rome). Available at http://www.fao.org/fileadmin/templates/ess/pages/ rural/wye city group/2010/May/WYE 2010.2.1 Carletto.pdf. Accessed September 26, 2016 (2010).</text></passage><passage><infon key="fpage">34</infon><infon key="lpage">41</infon><infon key="name_0">surname:Beegle;given-names:K</infon><infon key="name_1">surname:Carletto;given-names:C</infon><infon key="name_2">surname:Himelein;given-names:K</infon><infon key="pub-id_doi">10.1016/j.jdeveco.2011.09.005</infon><infon key="section_type">REF</infon><infon key="source">Journal of Development Economics</infon><infon key="type">ref</infon><infon key="volume">98</infon><infon key="year">2012</infon><offset>31061</offset><text>Reliability of recall in agricultural data</text></passage><passage><infon key="fpage">42</infon><infon key="lpage">50</infon><infon key="name_0">surname:Deininger;given-names:K</infon><infon key="name_1">surname:Carletto;given-names:C</infon><infon key="name_2">surname:Savastano;given-names:S</infon><infon key="name_3">surname:Muwonge;given-names:J</infon><infon key="pub-id_doi">10.1016/j.jdeveco.2011.05.007</infon><infon key="section_type">REF</infon><infon key="source">Journal of Development Economics</infon><infon key="type">ref</infon><infon key="volume">1</infon><infon key="year">2012</infon><offset>31104</offset><text>Can diaries help in improving agricultural production statistics? Evidence from Uganda</text></passage><passage><infon key="fpage">753</infon><infon key="lpage">754</infon><infon key="name_0">surname:Blumenstock;given-names:JE</infon><infon key="pub-id_doi">10.1126/science.aah5217</infon><infon key="pub-id_pmid">27540154</infon><infon key="section_type">REF</infon><infon key="source">Science</infon><infon key="type">ref</infon><infon key="volume">353</infon><infon key="year">2016</infon><offset>31191</offset><text>Fighting poverty with data</text></passage><passage><infon key="fpage">264</infon><infon key="lpage">271</infon><infon key="name_0">surname:Leisher;given-names:C</infon><infon key="pub-id_doi">10.3390/socsci3020264</infon><infon key="section_type">REF</infon><infon key="source">Social Sciences</infon><infon key="type">ref</infon><infon key="volume">3</infon><infon key="year">2014</infon><offset>31218</offset><text>A comparison of tablet-based and paper-based survey data collection in conservation projects</text></passage><passage><infon key="fpage">97</infon><infon key="lpage">99</infon><infon key="name_0">surname:Anokwa;given-names:Y</infon><infon key="name_1">surname:Hartung;given-names:C</infon><infon key="name_2">surname:Brunette;given-names:W</infon><infon key="name_3">surname:Borriello;given-names:G</infon><infon key="name_4">surname:Lerer;given-names:A</infon><infon key="pub-id_doi">10.1109/MC.2009.328</infon><infon key="section_type">REF</infon><infon key="source">Computer</infon><infon key="type">ref</infon><infon key="volume">42</infon><infon key="year">2009</infon><offset>31311</offset><text>Open source data collection in the developing world</text></passage><passage><infon key="section_type">REF</infon><infon key="type">ref</infon><offset>31363</offset><text>Bell, A., Ward, P., Tamal, M. E. H. &amp; Killilea, M. Assessing recall bias and measurement error in high-frequency social data collection for human-environment research. Population and Environment, 40(3), 325–345 (2019).</text></passage><passage><infon key="section_type">REF</infon><infon key="type">ref</infon><offset>31584</offset><text>Bangladesh Bureau of Statistics (BBS). Bangladesh population and housing census 2011. (Bangladesh Bureau of Statistics, Dhaka, 2011).</text></passage><passage><infon key="section_type">REF</infon><infon key="type">ref</infon><offset>31718</offset><text>Ahmed, A. Bangladesh Integrated Household Survey (BIHS) 2011–2012” Datasets. International Food Policy Research Institute, (Washington, D. C. 2013).</text></passage><passage><infon key="fpage">491</infon><infon key="lpage">534</infon><infon key="name_0">surname:Warren;given-names:JR</infon><infon key="name_1">surname:Halpern-Manners;given-names:A</infon><infon key="pub-id_doi">10.1177/0049124112460374</infon><infon key="section_type">REF</infon><infon key="source">Sociological Methods &amp; Research</infon><infon key="type">ref</infon><infon key="volume">41</infon><infon key="year">2012</infon><offset>31871</offset><text>Panel conditioning in longitudinal social science surveys</text></passage><passage><infon key="fpage">e0165924</infon><infon key="name_0">surname:Bell;given-names:AR</infon><infon key="name_1">surname:Ward;given-names:PS</infon><infon key="name_2">surname:Killilea;given-names:ME</infon><infon key="name_3">surname:Tamal;given-names:MEH</infon><infon key="pub-id_doi">10.1371/journal.pone.0165924</infon><infon key="pub-id_pmid">27832116</infon><infon key="section_type">REF</infon><infon key="source">PloS one</infon><infon key="type">ref</infon><infon key="volume">11</infon><infon key="year">2016</infon><offset>31929</offset><text>Real-time social data collection in rural bangladesh via a ‘microtasks for micropayments’ platform on android smartphones</text></passage><passage><infon key="pub-id_doi">10.7910/DVN/HBQQVE</infon><infon key="section_type">REF</infon><infon key="source">Harvard Dataverse</infon><infon key="type">ref</infon><infon key="year">2018</infon><offset>32055</offset></passage></document></collection>
