<?xml version="1.0" encoding="UTF-8"?>
<!DOCTYPE collection SYSTEM "BioC.dtd">
<collection><source>PMC</source><date>20201222</date><key>pmc.key</key><document><id>6737594</id><infon key="license">CC BY</infon><passage><infon key="article-id_doi">10.1186/s13059-019-1794-0</infon><infon key="article-id_pmc">6737594</infon><infon key="article-id_pmid">31506093</infon><infon key="article-id_publisher-id">1794</infon><infon key="elocation-id">195</infon><infon key="license">Open AccessThis article is distributed under the terms of the Creative Commons Attribution 4.0 International License (http://creativecommons.org/licenses/by/4.0/), which permits unrestricted use, distribution, and reproduction in any medium, provided you give appropriate credit to the original author(s) and the source, provide a link to the Creative Commons license, and indicate if changes were made. The Creative Commons Public Domain Dedication waiver (http://creativecommons.org/publicdomain/zero/1.0/) applies to the data made available in this article, unless otherwise stated.</infon><infon key="name_0">surname:Ellrott;given-names:Kyle</infon><infon key="name_1">surname:Buchanan;given-names:Alex</infon><infon key="name_10">surname:Saez-Rodriguez;given-names:Julio</infon><infon key="name_11">surname:Stolovitzky;given-names:Gustavo</infon><infon key="name_12">surname:Boutros;given-names:Paul C.</infon><infon key="name_13">surname:Guinney;given-names:Justin</infon><infon key="name_14">surname:Guinney;given-names:Justin</infon><infon key="name_2">surname:Creason;given-names:Allison</infon><infon key="name_3">surname:Mason;given-names:Michael</infon><infon key="name_4">surname:Schaffter;given-names:Thomas</infon><infon key="name_5">surname:Hoff;given-names:Bruce</infon><infon key="name_6">surname:Eddy;given-names:James</infon><infon key="name_7">surname:Chilton;given-names:John M.</infon><infon key="name_8">surname:Yu;given-names:Thomas</infon><infon key="name_9">surname:Stuart;given-names:Joshua M.</infon><infon key="section_type">TITLE</infon><infon key="type">front</infon><infon key="volume">20</infon><infon key="year">2019</infon><offset>0</offset><text>Reproducible biomedical benchmarking in the cloud: lessons from crowd-sourced data challenges</text></passage><passage><infon key="section_type">ABSTRACT</infon><infon key="type">abstract</infon><offset>94</offset><text>Challenges are achieving broad acceptance for addressing many biomedical questions and enabling tool assessment. But ensuring that the methods evaluated are reproducible and reusable is complicated by the diversity of software architectures, input and output file formats, and computing environments. To mitigate these problems, some challenges have leveraged new virtualization and compute methods, requiring participants to submit cloud-ready software packages. We review recent data challenges with innovative approaches to model reproducibility and data sharing, and outline key lessons for improving quantitative biomedical data analysis through crowd-sourced benchmarking challenges.</text></passage><passage><infon key="section_type">ABSTRACT</infon><infon key="type">abstract_title_1</infon><offset>784</offset><text>Electronic supplementary material</text></passage><passage><infon key="section_type">ABSTRACT</infon><infon key="type">abstract</infon><offset>818</offset><text>The online version of this article (10.1186/s13059-019-1794-0) contains supplementary material, which is available to authorized users.</text></passage><passage><infon key="section_type">INTRO</infon><infon key="type">title_1</infon><offset>954</offset><text>Introduction</text></passage><passage><infon key="section_type">INTRO</infon><infon key="type">paragraph</infon><offset>967</offset><text>The role of the algorithm in biomedical research has been growing steadily, propelled by technological advances in the high-throughput capture of molecular, cellular, and clinical states. The complexity and volume of diverse data types—spanning omics, imaging, and clinical phenotyping—require similarly complex pipelines and algorithms for processing and interpretation. Despite the central role of algorithms in supporting the biomedical research community, mechanisms for their distribution, evaluation, and comparison are lacking. Today, the predominant paradigm for algorithm assessment is self-reporting, a conflict of interest known as the “self-assessment trap”. By definition, self-assessment of an algorithm is highly biased and can mask critical problems such as overfitting, incomplete documentation, software portability, and poor generalizability. These issues collectively impede the successful utilization and translation of algorithms in the lab and the clinic.</text></passage><passage><infon key="file">13059_2019_1794_Fig1_HTML.jpg</infon><infon key="id">Fig1</infon><infon key="section_type">FIG</infon><infon key="type">fig_caption</infon><offset>1954</offset><text>Challenge cycle overview. For each challenge, participants can form teams of one or more individuals. Challenge teams work together to develop a model (depicted as open box), train their model on training data (purple cylinders) provided by the challenge organizers, containerize their model (closed box with outline), and submit their model to the challenge container repository. Submitted models are run on validation data (green cylinders) on a cloud computing system by the challenge organizers. Once predictions produced by the models are evaluated and scored, results are made available to the challenge teams. Teams can use this information to make improvements to their model and resubmit their optimized model</text></passage><passage><infon key="section_type">INTRO</infon><infon key="type">paragraph</infon><offset>2673</offset><text>Crowd-sourced data challenges are an increasingly popular mechanism to address the aforementioned shortcomings of method development. Data challenges incentivize teams to work on complex problems, and provide a robust and unbiased framework for assessing the performance of resulting methods. The DREAM Challenges are an example of a data challenge community focused on the rigorous assessment of biomedical tools and algorithms, with over 50 completed challenges over the last decade. As DREAM has evolved with its communities, it has needed to confront a critical problem—many current algorithmic problems cannot be easily evaluated using open data. Rather, concerns around data size and privacy are making it increasingly difficult to transfer datasets to participants for their evaluation. To resolve this problem, several alternative forms of data sharing have been explored, and a paradigm described as “model to data” (M2D) has emerged and Fig. 1). In M2D, the underlying dataset remains hidden from users; rather, models are moved to the data for execution and evaluation in protected compute environments. In addition to solving model reproducibility problems, model to data challenges enable assessment of models on future (i.e., prospective) data sets and facilitate continuous benchmarking as new models and data sets emerge. </text></passage><passage><infon key="section_type">INTRO</infon><infon key="type">paragraph</infon><offset>4019</offset><text>DREAM has now successfully completed several M2D challenges, demonstrating the feasibility and utility of this paradigm. Each M2D challenge has revealed unique logistical and technological hurdles associated with data storage and access, scalability of compute resources, modularity of pipelines and algorithms, and the complexity of training models in a cloud environment. These challenges have also revealed important lessons on how to leverage cloud and virtualization technologies, how to utilize protected and sensitive data, and how to engage communities in solving complex biomedical problems. Here, we review five M2D challenges covering a broad range of scientific questions and data types. We highlight key lessons on benchmarking, challenge execution, model reproducibility, and data sharing. These lessons provide concrete steps for optimizing future cloud-based biomedical data challenges and also serve as a roadmap for creating a distributed benchmarking ecosystem that connects algorithms to data.</text></passage><passage><infon key="section_type">INTRO</infon><infon key="type">title_1</infon><offset>5033</offset><text>M2D challenges overview</text></passage><passage><infon key="file">13059_2019_1794_Fig2_HTML.jpg</infon><infon key="id">Fig2</infon><infon key="section_type">FIG</infon><infon key="type">fig_caption</infon><offset>5057</offset><text>Challenge features. Challenges used cloud computing services for running and evaluating models including Google Cloud Platform, Openstack, Amazon Web Services, and IBM Cloud. Models were designed to run using either CPUs or GPUs. The type of data used in running and evaluation of models was either real data (obtained from patients or cell lines) or simulated using a computer algorithm. Challenges used genomic data, such as DNA sequencing, RNA sequencing, and gene expression; clinical phenotypes; and/or images. Models could be submitted to a challenge in the form of a galaxy workflow, docker image, or CWL (Common Workflow Language) workflow</text></passage><passage><infon key="section_type">INTRO</infon><infon key="type">paragraph</infon><offset>5705</offset><text>The M2D challenges examined here address a common problem: how to facilitate the training and evaluation of algorithms on hidden data at scale using cloud resources. This problem is addressed in different ways, depending on the unique technical and scientific constraints of each challenge. The variety of approaches is summarized in Fig. 2 across five areas: (i) cloud environment, (ii) compute requirement, (iii) data generation method, (iv) data type, and (v) form of submitted model (algorithm). Here, we briefly introduce each of the challenges before describing the lessons learned with respect to implementation of the M2D paradigm. </text></passage><passage><infon key="section_type">INTRO</infon><infon key="type">title_2</infon><offset>6347</offset><text>Digital Mammography Challenge</text></passage><passage><infon key="section_type">INTRO</infon><infon key="type">paragraph</infon><offset>6377</offset><text>The Digital Mammography (DM) DREAM Challenge was a data challenge designed to develop and assess algorithms for improved breast cancer detection. The DM Challenge encouraged the use of deep learning methods applied to a large image repository of screening mammograms, with the goal of reducing the ~ 10% false-positive rate of screening mammography. The Challenge asked participants to train and validate models that identify women with breast cancer using a hidden data cohort of screening images and limited demographic information.</text></passage><passage><infon key="file">Tab1.xml</infon><infon key="id">Tab1</infon><infon key="section_type">TABLE</infon><infon key="type">table_caption</infon><offset>6914</offset><text>Challenge data characteristics</text></passage><passage><infon key="file">Tab1.xml</infon><infon key="id">Tab1</infon><infon key="section_type">TABLE</infon><infon key="type">table</infon><infon key="xml">&lt;?xml version=&quot;1.0&quot; encoding=&quot;UTF-8&quot;?&gt;
&lt;table frame=&quot;hsides&quot; rules=&quot;groups&quot;&gt;&lt;thead&gt;&lt;tr&gt;&lt;th&gt;Challenge&lt;/th&gt;&lt;th&gt;Data types&lt;/th&gt;&lt;th&gt;Data cohorts&lt;/th&gt;&lt;th&gt;&lt;italic&gt;N&lt;/italic&gt; samples&lt;/th&gt;&lt;th&gt;Size&lt;/th&gt;&lt;th&gt;Open&lt;/th&gt;&lt;/tr&gt;&lt;/thead&gt;&lt;tbody&gt;&lt;tr&gt;&lt;td rowspan=&quot;6&quot;&gt;Digital Mammography&lt;/td&gt;&lt;td rowspan=&quot;6&quot;&gt;Human clinical Imaging&lt;/td&gt;&lt;td&gt;Kaiser Permanente&lt;/td&gt;&lt;td&gt;80k patients (640k images)&lt;/td&gt;&lt;td&gt;13 TB&lt;/td&gt;&lt;td&gt;No&lt;/td&gt;&lt;/tr&gt;&lt;tr&gt;&lt;td&gt;MSSM&lt;/td&gt;&lt;td&gt;1k (15k)&lt;/td&gt;&lt;td&gt;.3 TB&lt;/td&gt;&lt;td&gt;No&lt;/td&gt;&lt;/tr&gt;&lt;tr&gt;&lt;td&gt;Karolinska&lt;/td&gt;&lt;td&gt;69k (663k)&lt;/td&gt;&lt;td&gt;13.2 TB&lt;/td&gt;&lt;td&gt;No&lt;/td&gt;&lt;/tr&gt;&lt;tr&gt;&lt;td&gt;UCSF&lt;/td&gt;&lt;td&gt;42k (500k)&lt;/td&gt;&lt;td&gt;10 TB&lt;/td&gt;&lt;td&gt;No&lt;/td&gt;&lt;/tr&gt;&lt;tr&gt;&lt;td&gt;CRUK&lt;/td&gt;&lt;td&gt;7 k&lt;/td&gt;&lt;td/&gt;&lt;td&gt;No&lt;/td&gt;&lt;/tr&gt;&lt;tr&gt;&lt;td&gt;Total&lt;/td&gt;&lt;td&gt;200k (1818k)&lt;/td&gt;&lt;td&gt;36.5 TB&lt;/td&gt;&lt;td/&gt;&lt;/tr&gt;&lt;tr&gt;&lt;td rowspan=&quot;6&quot;&gt;Multiple Myeloma&lt;/td&gt;&lt;td rowspan=&quot;6&quot;&gt;Human clinical; gene expr; DNAseq; Cytogenetics&lt;/td&gt;&lt;td&gt;MMRF&lt;/td&gt;&lt;td&gt;797&lt;/td&gt;&lt;td&gt;11 GB&lt;/td&gt;&lt;td&gt;Yes&lt;/td&gt;&lt;/tr&gt;&lt;tr&gt;&lt;td&gt;PUBLIC&lt;/td&gt;&lt;td&gt;1444&lt;/td&gt;&lt;td&gt;1 GB&lt;/td&gt;&lt;td&gt;Yes&lt;/td&gt;&lt;/tr&gt;&lt;tr&gt;&lt;td&gt;DFCI&lt;/td&gt;&lt;td&gt;294&lt;/td&gt;&lt;td&gt;76 GB&lt;/td&gt;&lt;td&gt;No&lt;/td&gt;&lt;/tr&gt;&lt;tr&gt;&lt;td&gt;UAMS&lt;/td&gt;&lt;td&gt;463&lt;/td&gt;&lt;td&gt;6 GB&lt;/td&gt;&lt;td&gt;No&lt;/td&gt;&lt;/tr&gt;&lt;tr&gt;&lt;td&gt;M2Gen&lt;/td&gt;&lt;td&gt;105&lt;/td&gt;&lt;td&gt;41 GB&lt;/td&gt;&lt;td&gt;No&lt;/td&gt;&lt;/tr&gt;&lt;tr&gt;&lt;td&gt;Total&lt;/td&gt;&lt;td&gt;3103&lt;/td&gt;&lt;td&gt;135 GB&lt;/td&gt;&lt;td/&gt;&lt;/tr&gt;&lt;tr&gt;&lt;td&gt;SMC-Het&lt;/td&gt;&lt;td/&gt;&lt;td&gt;All&lt;/td&gt;&lt;td&gt;76&lt;/td&gt;&lt;td&gt;22 GB&lt;/td&gt;&lt;td&gt;No&lt;/td&gt;&lt;/tr&gt;&lt;tr&gt;&lt;td rowspan=&quot;3&quot;&gt;SMC-RNA&lt;/td&gt;&lt;td rowspan=&quot;3&quot;&gt;Simulated; Human clinical; RNA-seq&lt;/td&gt;&lt;td&gt;Training&lt;/td&gt;&lt;td&gt;31&lt;/td&gt;&lt;td&gt;290 GB&lt;/td&gt;&lt;td&gt;Yes&lt;/td&gt;&lt;/tr&gt;&lt;tr&gt;&lt;td&gt;Test&lt;/td&gt;&lt;td&gt;20&lt;/td&gt;&lt;td&gt;197 GB&lt;/td&gt;&lt;td&gt;Yes&lt;/td&gt;&lt;/tr&gt;&lt;tr&gt;&lt;td&gt;Real&lt;/td&gt;&lt;td&gt;32&lt;/td&gt;&lt;td&gt;265 GB&lt;/td&gt;&lt;td&gt;No&lt;/td&gt;&lt;/tr&gt;&lt;/tbody&gt;&lt;/table&gt;
</infon><offset>6945</offset><text>Challenge	Data types	Data cohorts	N samples	Size	Open	 	Digital Mammography	Human clinical Imaging	Kaiser Permanente	80k patients (640k images)	13 TB	No	 	MSSM	1k (15k)	.3 TB	No	 	Karolinska	69k (663k)	13.2 TB	No	 	UCSF	42k (500k)	10 TB	No	 	CRUK	7 k		No	 	Total	200k (1818k)	36.5 TB		 	Multiple Myeloma	Human clinical; gene expr; DNAseq; Cytogenetics	MMRF	797	11 GB	Yes	 	PUBLIC	1444	1 GB	Yes	 	DFCI	294	76 GB	No	 	UAMS	463	6 GB	No	 	M2Gen	105	41 GB	No	 	Total	3103	135 GB		 	SMC-Het		All	76	22 GB	No	 	SMC-RNA	Simulated; Human clinical; RNA-seq	Training	31	290 GB	Yes	 	Test	20	197 GB	Yes	 	Real	32	265 GB	No	 	</text></passage><passage><infon key="file">Tab1.xml</infon><infon key="id">Tab1</infon><infon key="section_type">TABLE</infon><infon key="type">table_foot</infon><offset>7591</offset><text>Data cohorts describe the source of the data used in the challenge. MSSM Mount Sinai School of Medicine, UCSF University of California San Francisco, CRUK Cancer Research UK, MMRF Multiple Myeloma Research Foundation, DFCI Dana-Farber Cancer Institute, UAMS University of Arkansas for Medical Sciences, Training synthetically generated data provided to participants, Test synthetically generated data held-out data, Real cell lines spiked in with known constructs. The number of samples in digital mammography includes the number of patients and the number of images in parentheses. Open indicates whether the data was publicly available to participants</text></passage><passage><infon key="file">Tab2.xml</infon><infon key="id">Tab2</infon><infon key="section_type">TABLE</infon><infon key="type">table_caption</infon><offset>8245</offset><text>Summary of models and teams for challenges</text></passage><passage><infon key="file">Tab2.xml</infon><infon key="id">Tab2</infon><infon key="section_type">TABLE</infon><infon key="type">table</infon><infon key="xml">&lt;?xml version=&quot;1.0&quot; encoding=&quot;UTF-8&quot;?&gt;
&lt;table frame=&quot;hsides&quot; rules=&quot;groups&quot;&gt;&lt;thead&gt;&lt;tr&gt;&lt;th&gt;Challenge&lt;/th&gt;&lt;th&gt;Cloud platforms&lt;/th&gt;&lt;th&gt;Model format&lt;/th&gt;&lt;th&gt;# of models&lt;/th&gt;&lt;th&gt;# of teams&lt;/th&gt;&lt;/tr&gt;&lt;/thead&gt;&lt;tbody&gt;&lt;tr&gt;&lt;td&gt;Digital Mammography&lt;/td&gt;&lt;td&gt;AWS, IBM Softlayer&lt;/td&gt;&lt;td&gt;Docker&lt;/td&gt;&lt;td&gt;310&lt;/td&gt;&lt;td&gt;57 teams&lt;/td&gt;&lt;/tr&gt;&lt;tr&gt;&lt;td&gt;Multiple Myeloma&lt;/td&gt;&lt;td&gt;AWS&lt;/td&gt;&lt;td&gt;Docker&lt;/td&gt;&lt;td&gt;180&lt;/td&gt;&lt;td&gt;71&lt;/td&gt;&lt;/tr&gt;&lt;tr&gt;&lt;td&gt;SMC-Het&lt;/td&gt;&lt;td&gt;ISB-CGC (Google)&lt;/td&gt;&lt;td&gt;Galaxy, Docker&lt;/td&gt;&lt;td&gt;58&lt;/td&gt;&lt;td&gt;31&lt;/td&gt;&lt;/tr&gt;&lt;tr&gt;&lt;td&gt;SMC-RNA&lt;/td&gt;&lt;td&gt;ISG-CGC (Google)&lt;/td&gt;&lt;td&gt;CWL, Docker&lt;/td&gt;&lt;td&gt;141&lt;/td&gt;&lt;td&gt;16&lt;/td&gt;&lt;/tr&gt;&lt;tr&gt;&lt;td&gt;Proteogenomic&lt;/td&gt;&lt;td&gt;AWS&lt;/td&gt;&lt;td&gt;Docker&lt;/td&gt;&lt;td&gt;449&lt;/td&gt;&lt;td&gt;68&lt;/td&gt;&lt;/tr&gt;&lt;/tbody&gt;&lt;/table&gt;
</infon><offset>8288</offset><text>Challenge	Cloud platforms	Model format	# of models	# of teams	 	Digital Mammography	AWS, IBM Softlayer	Docker	310	57 teams	 	Multiple Myeloma	AWS	Docker	180	71	 	SMC-Het	ISB-CGC (Google)	Galaxy, Docker	58	31	 	SMC-RNA	ISG-CGC (Google)	CWL, Docker	141	16	 	Proteogenomic	AWS	Docker	449	68	 	</text></passage><passage><infon key="file">Tab2.xml</infon><infon key="id">Tab2</infon><infon key="section_type">TABLE</infon><infon key="type">table_foot</infon><offset>8579</offset><text>Number of participants from each challenge, as well as model types and submission counts</text></passage><passage><infon key="section_type">INTRO</infon><infon key="type">paragraph</infon><offset>8668</offset><text>The Challenge utilized multiple independent data cohorts for training and validation (see Table 1), with Kaiser Permanente Washington contributing the primary challenge cohort. The condition of use for all images dictated that the images could not be distributed directly to participants, thereby requiring the M2D paradigm whereby participants submitted containerized models to challenge organizers. Participants were able to submit three containerized pipelines for handling data pre-processing, model training, and model prediction which were then run by the challenge organizers within protected cloud environments (see Table 2). Given the large data sets and deep learning requirements, computational resources available to participants included access to GPUs and large storage capacity. The Challenge resulted in 57 teams submitting 310 models during the 7 months of the Challenge. These models established the first-ever benchmarks of deep learning methods for detecting cancer from screening mammograms, with results to be published in a forthcoming manuscript.  </text></passage><passage><infon key="section_type">INTRO</infon><infon key="type">title_2</infon><offset>9744</offset><text>Multiple Myeloma Challenge</text></passage><passage><infon key="section_type">INTRO</infon><infon key="type">paragraph</infon><offset>9771</offset><text>Multiple myeloma (MM) is a cancer of the plasma cells in the bone marrow, and therapeutic strategies and clinical course depend on a complex interplay of clinical and molecular features. Risk-based therapy is becoming standard of care, creating an urgent need for precise risk stratification model to assist in therapeutic decision-making. The MM DREAM Challenge aimed to accelerate the development and evaluation of such risk models. Previous MM risk models using clinical, genomic, and transcriptomic data have been published, yet no objective and systematic assessment of these models has been conducted and none of these has yet been adopted for routine clinical use.</text></passage><passage><infon key="section_type">INTRO</infon><infon key="type">paragraph</infon><offset>10443</offset><text>The MM Challenge was structured to provide participants access to large and robust data sets for model training, while utilizing unpublished and proprietary data for unbiased model validation. Validation data sets were acquired from commercial and academic entities on the condition that the data sets could not be directly shared with challenge participants. Consequently, teams were required to submit fully trained and Dockerized models that could be applied to these validation data sets, which included combinations of clinical, genomic, and transcriptomic data. Models were then scored according to their ability to predict disease-free survival in multiple patient cohorts. Well-regarded published models based on gene expression or genomic variants were used as state-of-the-art benchmarks, while simpler models based on age and MM stage were used to provide a lower bound on expected performance. The 427 models submitted by 73 teams were compared against these benchmarks and against one another, with the best-performing ones significantly outperforming existing models and identifying novel gene candidates for follow-up studies.</text></passage><passage><infon key="section_type">INTRO</infon><infon key="type">title_2</infon><offset>11585</offset><text>SMC-Het: ICGC-TCGA Tumor Heterogeneity Challenge</text></passage><passage><infon key="section_type">INTRO</infon><infon key="type">paragraph</infon><offset>11634</offset><text>Subclonal reconstruction is the quantification and genotyping of each individual cell population within a tumor. SMC-Het was a global effort to improve methods in this field, including evaluation of the use of somatic variants to identify the different subclones in the sample, assign mutations to these different subpopulations, and reconstruct the evolutionary tree of these subpopulations. To accomplish this, the organizers of this DREAM Challenge created simulated tumors with known tumor evolutionary histories, accepted Docker containers from participants, and scored the methods on new simulated tumors. The methods were able to be rescored as improvements were made to the tumor heterogeneity simulator itself.</text></passage><passage><infon key="section_type">INTRO</infon><infon key="type">paragraph</infon><offset>12354</offset><text>Participants were provided custom Google Cloud VM images running Galaxy and Planemo to allow them to develop analysis pipelines. Contestants were given examples of the input data, consisting of somatic variant VCF and copy number alteration files, along with the result files. These files were small enough so that they could be packaged on the VM image along with the development software. A copy of the evaluation and scoring code was also packaged as a Galaxy tool. This allowed users to quickly cycle between developing tools and evaluating their results on a set of training files. Once contestants were ready to submit, a submission system was built directly into the VM, accessible via a command-line utility or a website running on the VM. This utility would package the participants Galaxy tools and workflow, as well as extract Docker container images from the VM, and copy them all to Synapse Challenge Platform, before creating a submission entry in the evaluation queue. By the challenge’s close, the organizers received 76 entries from 31 teams.</text></passage><passage><infon key="section_type">INTRO</infon><infon key="type">title_2</infon><offset>13416</offset><text>SMC-RNA: ICGC-TCGA RNA-Seq Challenge</text></passage><passage><infon key="section_type">INTRO</infon><infon key="type">paragraph</infon><offset>13453</offset><text>The transcribed genome serves a multitude of functions within a cell including carrying the information to encode proteins and serving as regulatory components. Coding and noncoding RNA have been demonstrated to play an important role in cancer. Dysregulation of RNA expression and formation of chimeric fusion proteins are both common features in tumor cells. Next-generation sequencing can both quantify RNA abundance and define its structure, allowing simultaneous identification and quantitation of chimeric transcript and protein products not present in normal cells, which can be used as diagnostic markers (e.g., TMPRSS2-ERG in prostate cancer) or drug targets (e.g., BCR-ABL in CML). The SMC-RNA DREAM Challenge was an effort to improve standardization, reproducibility, and accuracy of RNA-Seq methods. Participants were provided Illumina-based RNA sequencing from simulated tumor samples and evaluated on their ability to quantify isoform abundance and to detect chimeric fusion transcripts.</text></passage><passage><infon key="section_type">INTRO</infon><infon key="type">paragraph</infon><offset>14455</offset><text>The SMC-RNA Challenge provided participants the flexibility to choose their development environment through either the ISB Cancer Genomics Cloud or Seven Bridges Cancer Genomics Cloud. For participants who used ISB-CGC, the challenge provided access to training data on a Google storage bucket as well as custom Google VM images to use for their development environment. On SBG-CGC, training data was made accessible on a public project that users could clone and use in conjunction with the Seven Bridges Software Development Kit. Training data, which consisted of Illumina-based sequence FASTQ files, was synthetically generated in the same way as testing data. In order to standardize the submissions and evaluation of the methods, participants were required to define a CWL workflow for their tool and package their runtime environment using a Docker container. ISB-CGC participants were responsible for writing their own tool definition and workflow in CWL. The submission process consisted of pushing their Docker container to a public repository and submitting a merged CWL workflow (which references the Docker image) to Synapse. On SBG-CGC, participants were able to utilize the Rabix tool and workflow editors to both describe the tool and string together multiple tools into a workflow. For submission, participants shared a successfully completed task. The evaluation framework consisted of two steps: running submitted methods on test data using ISB-CGC and scoring their performance. The organizers received 76 submissions from 14 teams for fusion detection and 65 from 8 teams for isoform quantification.</text></passage><passage><infon key="section_type">INTRO</infon><infon key="type">title_2</infon><offset>16075</offset><text>Proteogenomic Challenge</text></passage><passage><infon key="section_type">INTRO</infon><infon key="type">paragraph</infon><offset>16099</offset><text>The NCI-CPTAC DREAM Proteogenomics Challenge (Proteogenomics Challenge) aimed to use the community to develop computational tools to predict the proteome and phospho-proteome from genomics and transcriptomics as a means to understand the association between genome, transcriptome, and proteome in tumors. Measuring the proteome is very challenging, but recent rapid technology developments in mass spectrometry are enabling increasing deep and accurate proteomics analysis. The characterization and analyses of alterations in the proteome, such as phosphorylation, provide additional insight into the functionality of proteins and their deregulation in cancer. Collectively, (phospho) proteomic has the promise to shed light into the complexities of cancer and may improve development of both biomarkers and therapeutics. This challenge asked participants to find new methods for imputing missing values in proteomic data, predict protein abundances, and identify phosphorylation events from genomic data.</text></passage><passage><infon key="section_type">INTRO</infon><infon key="type">paragraph</infon><offset>17105</offset><text>This Proteogenomics Challenge used public and novel proteogenomic data to answer fundamental questions about how different levels of biological signal relate to one another. The challenge was built using a collection of tumor/normal pairs, with matched genomic, transcriptomic, and proteomic characterization for breast and ovarian cancer, large part of which had not yet been released to the public. Data was provided by the CPTAC (National Cancer Institute’s Clinical Proteomic Tumor Analysis Consortium). Since the novel data could not be directly shared with the challenge participants, teams were required to submit fully trained and Dockerized models that could be applied to this data. The challenge attracted methods from 68 teams with 449 submissions over the three sub-challenges.</text></passage><passage><infon key="section_type">INTRO</infon><infon key="type">title_1</infon><offset>17898</offset><text>Lessons learned</text></passage><passage><infon key="section_type">INTRO</infon><infon key="type">title_2</infon><offset>17914</offset><text>Increased demands on participant to construct reproducible models</text></passage><passage><infon key="section_type">INTRO</infon><infon key="type">paragraph</infon><offset>17980</offset><text>In traditional challenge formats, participants download test data sets, run their method, and upload the outputs of their models to challenge organizers. While simple and convenient to participants, this format does not take advantage of the considerable strengths associated with M2D that includes the ability (i) to easily disseminate models to the public, (ii) to perform post hoc experiments and new analyses after the closure of the challenge, (iii) to evaluate performance in newly obtained data sets, and (iv) to develop and experiment with ensemble models. Naturally, there is a trade-off with the additional complexity and overhead required to host—and participate in—a M2D challenge compared to a traditional data challenge. However, while there is an increased upfront burden on participants which may negatively impact participation, this is offset by the greater flexibility and rigor that M2D bring to challenges. However, as familiarity with virtualization and workflow technologies continues to grow—and as the technology itself matures—we expect that these burdens on participants will substantially decrease.</text></passage><passage><infon key="section_type">INTRO</infon><infon key="type">title_2</infon><offset>19115</offset><text>Importance of designing challenges in conjunction with data contributors</text></passage><passage><infon key="section_type">INTRO</infon><infon key="type">paragraph</infon><offset>19188</offset><text>Every benchmarking challenge relies on input datasets, and obtaining unpublished validation data requires close collaboration with researchers generating the data. There may be a number of concerns around access and security of that data. Among these is the desire of data contributors to have the first opportunity to publish key scientific results from their data. This can at times conflict with the need to keep datasets private to ensure an unbiased benchmarking challenge. Additionally, challenge validation data may be composed of multiple cohorts each originating from a separate data contributor, as was the case in the Multiple Myeloma Challenge. In such cases, these data contributors may view each other as competitors, and additional care must be taken to ensure such validation data is protected. To ensure the trust of data contributors, we developed guidelines regarding permissible summary statistics or sample characteristics participants could return and audited these accordingly. To further protect validation data in both the Digital Mammography and Multiple Myeloma challenges, we applied a strict size limit to output logs. To drive method development, participants need easy access to training data with clear information about the “truth.” In many cases, the most viable method is to develop synthetic models to generate training data. For example, in the case of the SMC-RNA Challenge, several rounds were scored using synthetic FASTQ files that could be provided to participants with minimal concerns around data privacy.</text></passage><passage><infon key="section_type">INTRO</infon><infon key="type">title_2</infon><offset>20742</offset><text>Develop robust strategies for generating training data</text></passage><passage><infon key="section_type">INTRO</infon><infon key="type">paragraph</infon><offset>20797</offset><text>The selection of training and debugging data is a complex issue, and each challenge has had to adopt customized approaches depending on data availability. For some challenge data, there were no privacy issues and training data—a subset of the full data set—could be shared directly with participants, as was done for the Proteomics Challenge. Others challenges have used simulated data to bypass these issues—as in the SMC-RNA Challenge. While simulated datasets may not completely recapitulate the underlying biology, they can provide a baseline on known and expected qualities of the data and can assist in developing robust computational pipelines. For the DM Challenge, none of the primary challenge data could be disseminated to participants. To help with model training, challenge participants could submit Dockerized containers that were permitted to train models using a subset of the imaging data. Limited feedback was returned to participants from method logging, but this required careful scrutiny by challenge organizers to ensure no sensitive data was leaked through the returned log files. Many teams in the DM Challenge utilized public datasets for training seed models and then used the private challenge data for further optimization.</text></passage><passage><infon key="section_type">INTRO</infon><infon key="type">title_2</infon><offset>22055</offset><text>Monitoring, rapid correction, and feedback to participants</text></passage><passage><infon key="section_type">INTRO</infon><infon key="type">paragraph</infon><offset>22114</offset><text>A public-facing challenge is a complex interaction that involves providing documentation to users, accepting work products, and making sure outputs are compatible and that novel methods from external parties will function correctly within a pre-set evaluation system. Each of these steps can contain novel software-development, algorithmic, or scientific work. Consequently, challenge procedures need to be put in place that will mitigate common failures that include (1) carefully documenting the input data format and requirements for the model output format, (2) providing a small, representative data set which participants can download and test with their code prior to submission, (3) providing a mechanism for rapid assessment and feedback of execution errors using a reduced size dataset, and (4) performing upfront validation prior to initiating computational expensive and long-running jobs. When running computational models in the cloud, we are asking participants to give up the close, interactive exploration of data they might normally pursue when tinkering with novel algorithmic approaches and to troubleshoot potential defects in their code. In the event that an algorithm fails to execute, providing log files back to the participants may assist in diagnosing and fixing errors. However, this has the potential to leak data or sensitive information and must be tightly controlled. Consequently, if log files must be returned to participants, we recommend using simulated or “open” data for testing and troubleshooting models.</text></passage><passage><infon key="section_type">INTRO</infon><infon key="type">title_2</infon><offset>23663</offset><text>Estimating and managing computational resources</text></passage><passage><infon key="file">13059_2019_1794_Fig3_HTML.jpg</infon><infon key="id">Fig3</infon><infon key="section_type">FIG</infon><infon key="type">fig_caption</infon><offset>23711</offset><text>a) Distribution of model run times across M2D Challenges. b) Comparison between CPU and disk usage among the M2D Challenges. CPU time is in the total wall time for running a single entry against all test samples used for benchmarking. Disk usage is the size of the testing set in GB. The diagonal line represents the point at which the cost of download egress fees and the cost of compute are equivalent. Below the line a M2D approach is theoretically cheaper</text></passage><passage><infon key="section_type">INTRO</infon><infon key="type">paragraph</infon><offset>24171</offset><text>For many challenges, computational methods can have non-trivial run times and resource requirements (see Fig. 3). For example in the SMC-RNA Challenge, methods can average 4 h per tumor. When doing the final computational runs, every method submitted needs to be run against every testing set. This can quickly lead to thousands of computational jobs that cost several thousand dollars, all of which is now run at the cost of the challenge organizers. In a number of different challenges, runtime caps had to be put into place to eliminate methods that took multiple days to complete. In the case of the SMC-Het Challenge, methods were limited to a budget of $7/tumor. A high memory machine cost $0.60 an hour, which equated to ~ 12 h of compute time for memory-intensive algorithms. In some challenges, preemptable machines were used for evaluation, because of their lower costs. But these types of VMs work better for short running methods, that can complete before the cloud provider preempt the system. Efforts such as the Digital Mammography challenge, in which both model evaluation and training are performed in the cloud, require significantly increased compute resources. In this case, we limited compute budgets to 2 weeks per team per round for model training, with four rounds in the challenge. The high-end GPU servers cost several dollars per hour to rent from cloud providers. Not knowing in advance how many participants would join, we faced the risk of running out of computational resources. From this perspective, it is far less risky to ask participants to provide their own computation but, of course, this is only feasible when data contributors agree to let participants download training data. In short, when organizing a challenge, care must be taken to only commit to run the training phase when it is truly necessary for business reasons, such as sensitivity of training data. </text></passage><passage><infon key="section_type">INTRO</infon><infon key="type">title_2</infon><offset>26084</offset><text>Increased flexibility to evolve and adapt a challenge over time</text></passage><passage><infon key="section_type">INTRO</infon><infon key="type">paragraph</infon><offset>26148</offset><text>During the active phase of the challenge, and even post analysis, there is a great deal of additional thought and analysis that goes into the evaluation data and the evaluation criteria. In some cases, there are evaluations that need to be made to the dataset, based on characteristics found during the challenge. Fixing these systems during the running of the challenge is inevitable, but every disruption disincentivizes participants from continuing work on the challenge and may limit the moral authority of the challenge to drive community-evolution. In previous challenges, if there was an issue with the testing data, it was impossible to adjust it and send back to users for new analysis. But with portable code, it becomes possible to modify the testing set, rerun methods, and evaluate. The SMC-Het Challenge faced the problem that there were no well-accepted standards for the scoring of complex phylogenetic relationships in cancer. This created a need for development of new methods for model simulation and scoring, and these greatly increase the risk of unexpected errors, edge-cases or performance degradations. Because the participants submitted reproducible code, their methods could be reevaluated using newly generated models and evaluation methods.</text></passage><passage><infon key="section_type">INTRO</infon><infon key="type">title_2</infon><offset>27417</offset><text>Model distribution and re-use</text></passage><passage><infon key="section_type">INTRO</infon><infon key="type">paragraph</infon><offset>27447</offset><text>Docker containers have a very modular format for distribution, and there exist several different repositories that allow for users to download the software image with a single command. However, this is only one component of distribution; there is also a need for systems that document how to invoke the tool, with descriptions of command-line formatting, tunable parameters and expected outputs. If these descriptions are machine parseable, they can be deployed with workflow engines that manage large collections of tasks. In the case of SMC-Het, the chain of commands was documented using the standards from the Galaxy Project. For the SMC-RNA Challenge, these descriptions were made using the Common Workflow Language (CWL) [doi:10.6084/m9.figshare.3115156.v2]. These systems allow for automated deployment, and are used as part of the evaluation framework deployed by challenge organizers. Because of this, two of the winning methods from the SMC-RNA Fusion calling challenge have been integrated into the NCI’s Genomic Data Commons (GDC) standard analysis pipeline, and are now being applied to a number of datasets including TARGET, CPTAC, MMRF and TCGA.</text></passage><passage><infon key="section_type">METHODS</infon><infon key="type">title_1</infon><offset>28610</offset><text>Future of data challenges and cloud-centric analysis</text></passage><passage><infon key="section_type">METHODS</infon><infon key="type">paragraph</infon><offset>28663</offset><text>The purpose and scope of data challenges are quickly evolving in response to a rapidly maturing compute ecosystem, the growing popularity of challenges to solve complex problems, and the use of challenges to demonstrate and advertise technical competencies. Most importantly, challenges provide a robust and unbiased mechanism for assessing the best approach to solving quantitative problems. This is increasingly important in a world where algorithms are playing critical roles in biomedical decision making. The ability to objectively track the performance of algorithms over time - across a wide array of data cohorts - can play an important role in establishing confidence that algorithms are achieving their purported goals. Below, we outline some of the innovative and exciting directions for future data challenges, and biomedical analysis more broadly.</text></passage><passage><infon key="section_type">METHODS</infon><infon key="type">title_2</infon><offset>29524</offset><text>Bridging the translation gap</text></passage><passage><infon key="section_type">METHODS</infon><infon key="type">paragraph</infon><offset>29553</offset><text>One key bar algorithm developers need to pass to induce their tool or algorithm to be broadly adopted is believability: does the algorithm achieve its purported claims. In this regard, a bottleneck in most of biomedicine is not the lack of algorithms, but instead the lack of validated and verified algorithms. This lack of validation is a major contributor to the failure of tools to move beyond the research setting into a context that can more directly impact human health (i.e., the translational gap). Data challenges solve this problem by developing benchmarks and objective standards for tool evaluation. Challenges reveal the strengths and weaknesses of competing approaches to solving domain-specific problems, and in doing so, can accelerate the selection and adoption for tools to use in the lab and the clinic. Utilizing the M2D approach, the ability to capture methods and replay them in a controlled environment provides the opportunity to close the gap to direct patient care.</text></passage><passage><infon key="section_type">METHODS</infon><infon key="type">title_2</infon><offset>30545</offset><text>Distributed benchmarking ecosystem</text></passage><passage><infon key="section_type">METHODS</infon><infon key="type">paragraph</infon><offset>30580</offset><text>Some of the most highly impactful biomedical data is not readily shareable due to concerns around privacy, personal health information, or intellectual property risks. Well-known examples of such data include clinical trial data, electronic healthcare records (EHR), and genetic data. The inability to access these critical datasets further contributes to the translational gap. We can imagine, and are developing toward, a frictionless benchmarking ecosystem whereby algorithms are regularly distributed to private clouds and protected data repositories for evaluation on hidden data. Such a system would enable real-time assessment of an algorithm’s performance, and allow this performance to be tracked over time as new data becomes available. Moreover, by distributing an algorithm over many such repositories, differences in performance as a result of collection biases or population differences could be assessed, and be used to determine an algorithm’s generalizability. Indeed, DREAM has already begun piloting such approaches with the recently launched EHR DREAM Challenge, which will allow participants to develop and assess predictive clinical algorithms across multiple healthcare systems’ data repositories. We intend to use this Challenge to demonstrate the feasibility and value of a secure and distributed benchmarking system.</text></passage><passage><infon key="section_type">METHODS</infon><infon key="type">title_2</infon><offset>31929</offset><text>Enabling a cloud-centric future for biomedical research</text></passage><passage><infon key="section_type">METHODS</infon><infon key="type">paragraph</infon><offset>31985</offset><text>As the rapid expansion of data generation continues, research projects will be increasingly reliant on distributed cloud-based systems for data processing and analysis. Solutions that involve a single lab distributing a package of tools and documentation for running on a single dataset or running a low throughput web server will not scale. Without standards for packaging and documenting how to invoke tools, the frictional cost of transferring software slows down the movement of methods into new cloud resources. Analytical methods need to be packaged using modern cloud-based solutions so that new methods can be quickly moved to new data and deployed by new groups. M2D encapsulates this shifting paradigm, where algorithms are brought to data in a systematic and scalable way. As this paradigm becomes more widely implemented—not only for data challenges but as the predominant architecture for biomedical and genomic data hosting and data commons—we envision a future in which the barriers between algorithms and data are substantially reduced, thereby accelerating biomedical insights and applications.</text></passage><passage><infon key="section_type">METHODS</infon><infon key="type">title_2</infon><offset>33101</offset><text>Conclusion</text></passage><passage><infon key="section_type">METHODS</infon><infon key="type">paragraph</infon><offset>33112</offset><text>As the role of algorithms and software tools within the biomedical sciences grows, there is a concomitant need to rigorously evaluate and benchmark their performance. By utilizing cloud-based infrastructure and virtualization software, this is achievable like never before. The data challenges described herein are proof-of-concepts successfully demonstrating how large, complex, and sensitive biomedical data can be used to address scientific questions and benchmark methods. These challenges have also presented an alternative paradigm with respect to data access, algorithm reproducibility, community participation, and objective evaluation. As cloud platforms expand their services at ever cheaper costs, and as biomedical institutions improve federated and integrated capabilities across sites, data challenges and algorithm benchmarking are likely to become important fixtures in the biomedical landscape.</text></passage><passage><infon key="section_type">METHODS</infon><infon key="type">title_1</infon><offset>34024</offset><text>Additional file</text></passage><passage><infon key="section_type">METHODS</infon><infon key="type">footnote</infon><offset>34040</offset><text>Publisher’s Note</text></passage><passage><infon key="section_type">METHODS</infon><infon key="type">footnote</infon><offset>34059</offset><text>Springer Nature remains neutral with regard to jurisdictional claims in published maps and institutional affiliations.</text></passage><passage><infon key="section_type">AUTH_CONT</infon><infon key="type">title</infon><offset>34178</offset><text>Authors’ contributions</text></passage><passage><infon key="section_type">AUTH_CONT</infon><infon key="type">paragraph</infon><offset>34203</offset><text>KE and JG conceived of the study and authored the manuscript. AB and AC contributed to the analysis and generation of figures. BH, JE, JMC, and TY provided technical expertise in enabling model-to-data-based challenges. MM, TS, JMS, JS-R, PCB, and GS led the various challenges described in this paper and provided insights about their methods. All authors read and approved the final manuscript.</text></passage><passage><infon key="section_type">ACK_FUND</infon><infon key="type">title</infon><offset>34600</offset><text>Funding</text></passage><passage><infon key="section_type">ACK_FUND</infon><infon key="type">paragraph</infon><offset>34608</offset><text>This work was supported by the NIH/NCI to UCLA under award number P30CA016042. This includes funding from UC Santa Cruz from NCI ITCR (grant no R01CA180778). Sage Bionetworks was funded by NIH grant 5U24CA209923.</text></passage><passage><infon key="section_type">METHODS</infon><infon key="type">title</infon><offset>34821</offset><text>Availability of data and materials</text></passage><passage><infon key="section_type">METHODS</infon><infon key="type">paragraph</infon><offset>34856</offset><text>In the case of SMC-Het, the chain of commands was documented using the standards from the Galaxy Project. For the SMC-RNA Challenge, these descriptions were made using the Common Workflow Language (CWL) [doi:10.6084/m9.figshare.3115156.v2]. The workflows for the SMC-RNA Challenge can be found at https://github.com/smc-rna-challenge/.</text></passage><passage><infon key="section_type">METHODS</infon><infon key="type">title</infon><offset>35192</offset><text>Ethics approval and consent to participate</text></passage><passage><infon key="section_type">METHODS</infon><infon key="type">paragraph</infon><offset>35235</offset><text>NA.</text></passage><passage><infon key="section_type">METHODS</infon><infon key="type">title</infon><offset>35239</offset><text>Consent for publication</text></passage><passage><infon key="section_type">METHODS</infon><infon key="type">paragraph</infon><offset>35263</offset><text>NA.</text></passage><passage><infon key="section_type">COMP_INT</infon><infon key="type">title</infon><offset>35267</offset><text>Competing interests</text></passage><passage><infon key="section_type">COMP_INT</infon><infon key="type">paragraph</infon><offset>35287</offset><text>The authors declare that they have no competing interests.</text></passage><passage><infon key="section_type">REF</infon><infon key="type">title</infon><offset>35346</offset><text>References</text></passage><passage><infon key="fpage">537</infon><infon key="name_0">surname:Norel;given-names:R</infon><infon key="name_1">surname:Rice;given-names:JJ</infon><infon key="name_2">surname:Stolovitzky;given-names:G</infon><infon key="pub-id_doi">10.1038/msb.2011.70</infon><infon key="pub-id_pmid">21988833</infon><infon key="section_type">REF</infon><infon key="source">Mol Syst Biol</infon><infon key="type">ref</infon><infon key="volume">7</infon><infon key="year">2011</infon><offset>35357</offset><text>The self-assessment trap: can we all be better than average?</text></passage><passage><infon key="fpage">S62</infon><infon key="lpage">S64</infon><infon key="name_0">surname:Bender;given-names:E</infon><infon key="pub-id_doi">10.1038/533S62a</infon><infon key="pub-id_pmid">27167394</infon><infon key="section_type">REF</infon><infon key="source">Nature.</infon><infon key="type">ref</infon><infon key="volume">533</infon><infon key="year">2016</infon><offset>35418</offset><text>Challenges: crowdsourced solutions</text></passage><passage><infon key="fpage">470</infon><infon key="lpage">486</infon><infon key="name_0">surname:Saez-Rodriguez;given-names:J</infon><infon key="name_1">surname:Costello;given-names:JC</infon><infon key="name_2">surname:Friend;given-names:SH</infon><infon key="name_3">surname:Kellen;given-names:MR</infon><infon key="name_4">surname:Mangravite;given-names:L</infon><infon key="name_5">surname:Meyer;given-names:P</infon><infon key="pub-id_doi">10.1038/nrg.2016.69</infon><infon key="pub-id_pmid">27418159</infon><infon key="section_type">REF</infon><infon key="source">Nat Rev Genet</infon><infon key="type">ref</infon><infon key="volume">17</infon><infon key="year">2016</infon><offset>35453</offset><text>Crowdsourcing biomedical research: leveraging communities as innovation engines</text></passage><passage><infon key="fpage">391</infon><infon key="lpage">392</infon><infon key="name_0">surname:Guinney;given-names:J</infon><infon key="name_1">surname:Saez-Rodriguez;given-names:J</infon><infon key="pub-id_doi">10.1038/nbt.4128</infon><infon key="pub-id_pmid">29734317</infon><infon key="section_type">REF</infon><infon key="source">Nat Biotechnol</infon><infon key="type">ref</infon><infon key="volume">36</infon><infon key="year">2018</infon><offset>35533</offset><text>Alternative models for sharing confidential biomedical data</text></passage><passage><infon key="fpage">1463</infon><infon key="issue">11</infon><infon key="name_0">surname:Trister;given-names:Andrew D.</infon><infon key="name_1">surname:Buist;given-names:Diana S. M.</infon><infon key="name_2">surname:Lee;given-names:Christoph I.</infon><infon key="pub-id_doi">10.1001/jamaoncol.2017.0473</infon><infon key="pub-id_pmid">28472204</infon><infon key="section_type">REF</infon><infon key="source">JAMA Oncology</infon><infon key="type">ref</infon><infon key="volume">3</infon><infon key="year">2017</infon><offset>35593</offset><text>Will Machine Learning Tip the Balance in Breast Cancer Screening?</text></passage><passage><infon key="fpage">59</infon><infon key="lpage">69</infon><infon key="name_0">surname:Sprague;given-names:BL</infon><infon key="name_1">surname:Arao;given-names:RF</infon><infon key="name_2">surname:Miglioretti;given-names:DL</infon><infon key="name_3">surname:Henderson;given-names:LM</infon><infon key="name_4">surname:Buist;given-names:DSM</infon><infon key="name_5">surname:Onega;given-names:T</infon><infon key="pub-id_doi">10.1148/radiol.2017161519</infon><infon key="pub-id_pmid">28244803</infon><infon key="section_type">REF</infon><infon key="source">Radiology.</infon><infon key="type">ref</infon><infon key="volume">283</infon><infon key="year">2017</infon><offset>35659</offset><text>National performance benchmarks for modern diagnostic digital mammography: update from the Breast Cancer Surveillance Consortium</text></passage><passage><infon key="fpage">2276</infon><infon key="lpage">2284</infon><infon key="name_0">surname:Shaughnessy;given-names:JD;suffix:Jr</infon><infon key="name_1">surname:Zhan;given-names:F</infon><infon key="name_2">surname:Burington;given-names:BE</infon><infon key="name_3">surname:Huang;given-names:Y</infon><infon key="name_4">surname:Colla;given-names:S</infon><infon key="name_5">surname:Hanamura;given-names:I</infon><infon key="pub-id_doi">10.1182/blood-2006-07-038430</infon><infon key="pub-id_pmid">17105813</infon><infon key="section_type">REF</infon><infon key="source">Blood.</infon><infon key="type">ref</infon><infon key="volume">109</infon><infon key="year">2007</infon><offset>35788</offset><text>A validated gene expression model of high-risk multiple myeloma is defined by deregulated expression of genes mapping to chromosome 1</text></passage><passage><infon key="fpage">2406</infon><infon key="lpage">2413</infon><infon key="name_0">surname:Kuiper;given-names:R</infon><infon key="name_1">surname:Broyl;given-names:A</infon><infon key="name_2">surname:de Knegt;given-names:Y</infon><infon key="name_3">surname:van Vliet;given-names:MH</infon><infon key="name_4">surname:van Beers;given-names:EH</infon><infon key="name_5">surname:van der Holt;given-names:B</infon><infon key="pub-id_doi">10.1038/leu.2012.127</infon><infon key="pub-id_pmid">22722715</infon><infon key="section_type">REF</infon><infon key="source">Leukemia.</infon><infon key="type">ref</infon><infon key="volume">26</infon><infon key="year">2012</infon><offset>35922</offset><text>A gene expression signature for high-risk multiple myeloma</text></passage><passage><infon key="section_type">REF</infon><infon key="type">ref</infon><offset>35981</offset><text>Salcedo A, Tarabichi M, Espiritu SMG, Deshwar AG, David M, Wilson NM, et al. Creating standards for evaluating tumour subclonal reconstruction. bioRxiv. 2018:310425 [cited 2018 Jul 23]. Available from: https://www.biorxiv.org/content/early/2018/07/15/310425.</text></passage><passage><infon key="section_type">REF</infon><infon key="type">ref</infon><offset>36240</offset><text>Boutros PC, Salcedo A, Tarabichi M, Espiritu SMG, Deshwar AG, David M, et al. Creating standards for evaluating tumour subclonal reconstruction. bioRxiv. 2018:310425 [cited 2018 Jul 12]. Available from: https://www.biorxiv.org/content/early/2018/04/30/310425.</text></passage><passage><infon key="fpage">W3</infon><infon key="lpage">10</infon><infon key="name_0">surname:Afgan;given-names:E</infon><infon key="name_1">surname:Baker;given-names:D</infon><infon key="name_2">surname:van den Beek;given-names:M</infon><infon key="name_3">surname:Blankenberg;given-names:D</infon><infon key="name_4">surname:Bouvier;given-names:D</infon><infon key="name_5">surname:Čech;given-names:M</infon><infon key="pub-id_doi">10.1093/nar/gkw343</infon><infon key="pub-id_pmid">27137889</infon><infon key="section_type">REF</infon><infon key="source">Nucleic Acids Res</infon><infon key="type">ref</infon><infon key="volume">44</infon><infon key="year">2016</infon><offset>36500</offset><text>The Galaxy platform for accessible, reproducible and collaborative biomedical analyses: 2016 update</text></passage><passage><infon key="fpage">453</infon><infon key="lpage">459</infon><infon key="name_0">surname:Jensen;given-names:MA</infon><infon key="name_1">surname:Ferretti;given-names:V</infon><infon key="name_2">surname:Grossman;given-names:RL</infon><infon key="name_3">surname:Staudt;given-names:LM</infon><infon key="pub-id_doi">10.1182/blood-2017-03-735654</infon><infon key="pub-id_pmid">28600341</infon><infon key="section_type">REF</infon><infon key="source">Blood.</infon><infon key="type">ref</infon><infon key="volume">130</infon><infon key="year">2017</infon><offset>36600</offset><text>The NCI Genomic Data Commons as an engine for precision medicine</text></passage><passage><infon key="section_type">REF</infon><infon key="type">ref</infon><offset>36665</offset><text>EHR DREAM Challenge [Internet]. Available from: https://www.synapse.org/#!Synapse:syn18405991/wiki/589657</text></passage><passage><infon key="section_type">REF</infon><infon key="type">ref</infon><offset>36771</offset><text>Ellrott K, Buchanan A, Creason A, Mason M, Schaffter T, Hoff B, Eddy J, Chilton JM, Yu T, Stuart JM, et al, Reproducible biomedical benchmarking in the cloud: lessons from crowd-sourced data challenges. Source code. Github https://github.com/smc-rna-challenge/.</text></passage></document></collection>
