<?xml version="1.0" encoding="UTF-8"?>
<!DOCTYPE collection SYSTEM "BioC.dtd">
<collection><source>PMC</source><date>20201221</date><key>pmc.key</key><document><id>6969383</id><infon key="license">CC BY</infon><passage><infon key="article-id_doi">10.2196/15590</infon><infon key="article-id_pmc">6969383</infon><infon key="article-id_pmid">31899456</infon><infon key="article-id_publisher-id">v9i1e15590</infon><infon key="elocation-id">e15590</infon><infon key="issue">1</infon><infon key="kwd">crowdsourcing HIV pre-exposure prophylaxis (PrEP) sexual and gender minorities</infon><infon key="license">This is an open-access article distributed under the terms of the Creative Commons Attribution License (https://creativecommons.org/licenses/by/4.0/), which permits unrestricted use, distribution, and reproduction in any medium, provided the original work, first published in JMIR Research Protocols, is properly cited. The complete bibliographic information, a link to the original publication on http://www.researchprotocols.org, as well as this copyright and license information must be included.</infon><infon key="name_0">surname:Eysenbach;given-names:Gunther</infon><infon key="name_1">surname:Torres;given-names:Thiago</infon><infon key="name_10">surname:Yang;given-names:Cui</infon><infon key="name_2">surname:Hong;given-names:Y. Alicia</infon><infon key="name_3">surname:White;given-names:Jordan J</infon><infon key="name_4">surname:Mathews;given-names:Allison</infon><infon key="name_5">surname:Henry;given-names:Marcus P</infon><infon key="name_6">surname:Moran;given-names:Meghan B</infon><infon key="name_7">surname:Page;given-names:Kathleen R</infon><infon key="name_8">surname:Latkin;given-names:Carl A</infon><infon key="name_9">surname:Tucker;given-names:Joseph D</infon><infon key="section_type">TITLE</infon><infon key="type">front</infon><infon key="volume">9</infon><infon key="year">2020</infon><offset>0</offset><text>A Crowdsourcing Open Contest to Design Pre-Exposure Prophylaxis Promotion Messages: Protocol for an Exploratory Mixed Methods Study</text></passage><passage><infon key="section_type">ABSTRACT</infon><infon key="type">abstract_title_1</infon><offset>132</offset><text>Background</text></passage><passage><infon key="section_type">ABSTRACT</infon><infon key="type">abstract</infon><offset>143</offset><text>In the United States, black men who have sex with men (BMSM) are disproportionately affected by HIV. Pre-exposure prophylaxis (PrEP) can reduce HIV incidence. However, real-world implementation of PrEP outside of clinical trials has identified racial disparities in PrEP awareness, uptake, and adherence. In the context of a long history of medical mistrust and power imbalances between scientists and community members, strategies to increase uptake of PrEP among BMSM should consider ways to ensure messages address the needs and priorities of the community. Crowdsourcing contests shift traditional individual tasks to a large group and may enhance community engagement.</text></passage><passage><infon key="section_type">ABSTRACT</infon><infon key="type">abstract_title_1</infon><offset>817</offset><text>Objective</text></passage><passage><infon key="section_type">ABSTRACT</infon><infon key="type">abstract</infon><offset>827</offset><text>This paper describes the research protocol of a contest approach to soliciting PrEP promotion messages among BMSM in Baltimore.</text></passage><passage><infon key="section_type">ABSTRACT</infon><infon key="type">abstract_title_1</infon><offset>955</offset><text>Methods</text></passage><passage><infon key="section_type">ABSTRACT</infon><infon key="type">abstract</infon><offset>963</offset><text>Open-contest implementation and evaluation will proceed as follows: (1) organize a community steering group; (2) develop platforms to solicit crowd input; (3) engage the community to contribute ideas through a Web-based forum and in-person events; (4) evaluate contest entries using both community panel judge assessment and crowd voting; (5) utilize mixed methods to evaluate feasibility, acceptability, and community engagement; and (6) disseminate contest results.</text></passage><passage><infon key="section_type">ABSTRACT</infon><infon key="type">abstract_title_1</infon><offset>1431</offset><text>Results</text></passage><passage><infon key="section_type">ABSTRACT</infon><infon key="type">abstract</infon><offset>1439</offset><text>This study was funded by the National Institutes of Health (National Institute of Mental Health: R34MH116725) in May 2018 and was approved by the institutional review board in April 2018. The open contest started in February 2019, and data analyses for the mixed method evaluation are expected to complete in December 2019.</text></passage><passage><infon key="section_type">ABSTRACT</infon><infon key="type">abstract_title_1</infon><offset>1763</offset><text>Conclusions</text></passage><passage><infon key="section_type">ABSTRACT</infon><infon key="type">abstract</infon><offset>1775</offset><text>The contest will potentially bring new ideas in developing more impactful and locally defined PrEP promotion campaigns. We will determine whether an open-contest approach is acceptable among BMSM in Baltimore. If successful, this study can inform future projects using a similar approach on how to identify and implement programs and policies that are more responsive to community needs and that build up community assets.</text></passage><passage><infon key="section_type">ABSTRACT</infon><infon key="type">abstract_title_1</infon><offset>2198</offset><text>International Registered Report Identifier (IRRID)</text></passage><passage><infon key="section_type">ABSTRACT</infon><infon key="type">abstract</infon><offset>2249</offset><text>DERR1-10.2196/15590</text></passage><passage><infon key="section_type">INTRO</infon><infon key="type">title_1</infon><offset>2269</offset><text>Introduction</text></passage><passage><infon key="section_type">INTRO</infon><infon key="type">paragraph</infon><offset>2282</offset><text>Despite the development of efficacious biomedical HIV prevention and treatment methods, the history of HIV/AIDS includes many examples in which most vulnerable populations have not equally benefited from proven biomedical interventions. Significant racial and ethnic disparities in new HIV infections persist in the United States. Black men who have sex with men (BMSM) have the highest rate of HIV infection in the United States, accounting for over half of all new HIV infections each year. The US Federal Initiative to End the HIV Epidemic recommends enhancing pre-exposure prophylaxis (PrEP) uptake among those most at risk for HIV transmission in the United States. However, emerging studies of populations at risk of HIV in the United States have identified racial disparities in PrEP awareness, uptake, and adherence. Major social and structural barriers for PrEP uptake, such as stigma and mistrust of the health system, are often unaddressed, especially among racial minority men who have sex with men (MSM). Power dynamics between researchers and community members infrequently provide meaningful community engagement, ownership, and authorship in the process of research and program development, which create barriers to acquiring information that could drive better decision making for HIV program development and implementation. Research indicates stigma and mistrust of the health system as possible barriers to taking PrEP, especially among minority MSM. This is problematic because minority MSM would benefit most from HIV-preventative treatment. Strategies to increase uptake of PrEP among BMSM should utilize a bottom-up approach, such as a community-engagement approach, and allow community members to play prominent roles in developing, vetting, and implementing PrEP campaigns and ensure messages can better address the needs and priorities of the community.</text></passage><passage><infon key="section_type">INTRO</infon><infon key="type">paragraph</infon><offset>4162</offset><text>Crowdsourcing is “an approach to problem solving which involves an organization having a large group attempt to solve a problem or part of a problem, then sharing solutions.” Open contests, a form of crowdsourcing, allow members of a community to provide solutions to the problem in the form of a contest, and the crowdsourcing organization processes and consolidates these solutions into a unified product. The solutions are expected to be highly relevant to the community because open contests explicitly incorporate local knowledge, culture, and style by directly involving a large number of community members in developing, vetting, and implementing ideas. Open contests have collected new ideas or directions that address public health problems, such as identifying food deserts, improving sanitation, and sharing public health policy. Multiple randomized controlled trials have provided evidence of the effectiveness of utilizing crowdsourcing approaches to improve sexual health. This approach has yet to be fully realized as a method for improving the health and well-being of historically marginalized populations such as MSM. A recent scoping review stated that additional studies evaluating crowdsourcing to improve PrEP uptake are needed.</text></passage><passage><infon key="section_type">INTRO</infon><infon key="type">paragraph</infon><offset>5417</offset><text>To tap into the community’s attitudes and values, we will implement a crowdsourcing open contest to solicit PrEP promotion messages for MSM in Baltimore and will evaluate the persuasiveness of the crowdsourced messages. This paper describes the research protocol and explores the feasibility and acceptability of a crowdsourcing open-contest approach to soliciting PrEP promotion messages.</text></passage><passage><infon key="section_type">METHODS</infon><infon key="type">title_1</infon><offset>5809</offset><text>Methods</text></passage><passage><infon key="section_type">METHODS</infon><infon key="type">title_2</infon><offset>5817</offset><text>Overview</text></passage><passage><infon key="section_type">METHODS</infon><infon key="type">paragraph</infon><offset>5826</offset><text>This open contest will be implemented in Baltimore City, Maryland. National HIV Behavioral Surveillance data in 2017 indicated that the HIV prevalence among BMSM was 44% in Baltimore. Less than two-thirds (63%) of HIV-negative BMSM were aware of PrEP as compared with 87% of white MSM. Only 14% of BMSM reported taking PrEP in the past year as compared with 21% of white MSM.</text></passage><passage><infon key="section_type">METHODS</infon><infon key="type">paragraph</infon><offset>6202</offset><text>Open-contest implementation and evaluation will proceed as follows: (1) organize a community steering group; (2) develop platforms to solicit crowd input; (3) engage the community to contribute ideas through a Web-based forum and in-person events; (4) evaluate contest entries using both community panel judge assessment and crowd voting; (5) use mixed methods to evaluate feasibility, acceptability, and community engagement; and (6) disseminate contest results.</text></passage><passage><infon key="section_type">METHODS</infon><infon key="type">title_2</infon><offset>6666</offset><text>Organize a Community Steering Group</text></passage><passage><infon key="section_type">METHODS</infon><infon key="type">paragraph</infon><offset>6702</offset><text>A community steering group will be formed to represent various community-based organizations (CBOs), advocacy groups, and individuals who represent diverse segments of MSM communities. Members of the community steering group will be involved in every stage of the proposed study. The community steering group will meet bimonthly to provide guidance on how to promote the open contest to the communities and to assist with crowd recruitment strategies. The community steering group will also give suggestions for the study website design, contest prize structure, contest entry evaluation, and plans to disseminate findings.</text></passage><passage><infon key="section_type">METHODS</infon><infon key="type">title_2</infon><offset>7326</offset><text>Develop Platforms to Solicit Crowd Input Through Both a Web-Based Forum and In-Person Events</text></passage><passage><infon key="section_type">METHODS</infon><infon key="type">paragraph</infon><offset>7419</offset><text>We will work with our crowdsourcing technical partner, Community Expert Solutions, to organize a customized website where the crowd can submit their ideas. Before launching the Web-based forum, an evaluation of the acceptability of the specific features of the website and effective strategies to recruit participants online will be conducted and assessed among members of the community steering group.</text></passage><passage><infon key="section_type">METHODS</infon><infon key="type">paragraph</infon><offset>7822</offset><text>On the basis of our previous experience and feedback from community members, complementing Web-based activities with strong in-person activities is an essential component of organizing more effective and inclusive contests. In-person activities are intended to reach marginalized groups with limited internet access and are key to building a rapport and trust with local partners and contributors. Collaborating with local CBOs, we will participate in various community events to promote and explain the rules of the contest. Individuals can submit their ideas during in-person events. Information about the open contest, including the call for challenges, criteria for judging, and contest prize structure, will be posted on the project website and distributed during in-person events.</text></passage><passage><infon key="section_type">METHODS</infon><infon key="type">paragraph</infon><offset>8609</offset><text>Complex tasks, such as designing PrEP promotion campaigns, need to be broken down into small and discrete components to increase the probability that individuals will be able to contribute to the campaign. In this study, we will focus on generating novel content that can increase awareness and uptake of PrEP among BMSM in Baltimore. Content of interest in the current contest will be (1) hashtag (#) of the PrEP campaign and (2) a 1- or 2-sentence call for action. The criteria for judging will be shared with the crowd, but no examples will be provided to avoid cognitive fixation, which has been found to be a pervasive impediment to developing innovative ideas. A contest prize structure will be developed based on the standard principles of the inducement prize contest theory and with input from the community steering group. We will include both monetary and nonmonetary prizes and avoid focusing exclusively on the winners. The top 3 finalists will work with a team of experts to develop a final product of PrEP promotion posters.</text></passage><passage><infon key="section_type">METHODS</infon><infon key="type">title_2</infon><offset>9649</offset><text>Engage the Community to Contribute Ideas</text></passage><passage><infon key="section_type">METHODS</infon><infon key="type">paragraph</infon><offset>9690</offset><text>We will design the open contest to be as inclusive as possible. The eligibility to participate in the contest will be limited to those who are aged 18 years or older because of human subject restrictions on involving minors in research. Individuals will be able to submit more than one entry. All individuals who submit contest entries will provide a Web-based informed consent and fill out a brief survey that includes questions on sociodemographics, sexual identity, and PrEP awareness and use. To elicit contest entries that are most likely to be relevant to local BMSM, we will implement a target recruitment of BMSM. Potential participants for the open contest will be recruited from a venue-based outreach (within CBOs and at community events), social media (project’s Facebook, Instagram, and Twitter accounts), and word-of-mouth referral. Our recruitment team has developed a presence and strong partnerships with local communities and service agencies. There are no preestablished set points for knowing when a sufficient crowd threshold has been reached to yield crowd wisdom. We will keep the contest submission open for 3 months and closely monitor the number of submissions. On the basis of our previous experiences with similar contests, we anticipate receiving 100 entries in 12 weeks.</text></passage><passage><infon key="section_type">METHODS</infon><infon key="type">title_2</infon><offset>10993</offset><text>Evaluate Contest Entries and Announce Finalists</text></passage><passage><infon key="section_type">METHODS</infon><infon key="type">paragraph</infon><offset>11041</offset><text>We will implement a 2-step approach to select the top finalists. A community panel of judges will first evaluate deidentified submissions to select the top-10 finalist submissions. The judging panel will include community steering committee members, health communication experts, public health officials, and CBO staff. We will create a mechanism for the judges to remove themselves based on conflict of interest (ie, any financial, organizational, or other interest that could be perceived). We will then host an open call for the public to vote on the top-10 finalist submissions. We will create a poll hosted on the contest website to enable users to vote for their favorite submission. The top-3 finalists will be selected based on the evaluation from the panel of judges and the popular votes.</text></passage><passage><infon key="section_type">METHODS</infon><infon key="type">paragraph</infon><offset>11840</offset><text>After consulting with the community steering committee, we will host a public announcement of the 3 finalists, potentially in concurrence with other community-driven events, such as gay pride events in Baltimore. No identifiable information will be released without individual consent. Wider participation from individuals and CBOs will also be recognized to increase awareness of pressing issues among key populations with hard-to-reach groups. This acknowledgment of contribution is critical because most individual submissions will not be awarded prizes. We will ask participants about continued engagement for future open contests so that the end of the first contest also serves as the beginning of a process of sustained community engagement.</text></passage><passage><infon key="section_type">METHODS</infon><infon key="type">title_2</infon><offset>12589</offset><text>Evaluate Feasibility, Acceptability, and Community Engagement</text></passage><passage><infon key="section_type">METHODS</infon><infon key="type">paragraph</infon><offset>12651</offset><text>To explore the feasibility, acceptability, and community engagement of the open contest, we will conduct semistructured interviews with a purposive sample of 25 participants who (1) have participated in the open contest, (2) voted in the open contest, or (3) helped to organize the contest (eg, the in-person event). A preliminary interview guide will include major topics regarding expectations of participating in the contest, facilitators and barriers to contest participation, engagement in contest activities, and participants’ experience throughout the entire process of the contest. The preliminary interview guide will be pilot tested with 3 to 4 participants from the community. Feedback will be subsequently incorporated into the interview guide after discussion with the steering group and principal investigator. The interview questions will be open ended to allow participants to share their own ideas and expand on issues that are important to them. The interviews will be conducted by 2 trained qualitative researchers. All interviews will be audio-recorded, transcribed verbatim, reviewed for accuracy, and uploaded to Atlas.ti 7.1 (ATLAS.ti Scientific Software Development GmbH) for coding. The coding scheme will be developed using an iterative and collaborative process. Furthermore, 2 research team members will first review each transcript, and an initial coding framework will be formed based on predetermined questions that are used to design the in-depth interview guide and identified emergent themes. Coded quotes will be then chosen by group consensus to illustrate the variation and most common responses within each theme. After discussion among investigators, the coding scheme will be revised to ensure the coding process incorporates a range of perspectives. The final coding scheme will then be applied to the remaining interviews. One of the goals of this analysis is to expand the literature by examining the process of organizing an open contest, differentiating stages of contest engagement, and examining how contest engagement may influence behaviors.</text></passage><passage><infon key="section_type">METHODS</infon><infon key="type">paragraph</infon><offset>14744</offset><text>We will also evaluate the open contest by collecting online engagement statistics. Online engagement measures will be extracted using Facebook, Instagram, and Twitter analytics for the project’s social media sites and Google Analytics for the contest website. The measures of active online engagement include contest submissions, page follows (unique users who subscribed to page update alerts), page visits (unique users who visited a page), and demographic (age range and sex) and geographic (city and country) information about unique users who visit the social media pages or contest website. Finally, the reach will be measured by the number of unique users who passively viewed any posted content from the contest’s Twitter, Facebook, or Instagram pages. We will also examine the number of votes for each submission, page visits, and geographic information. These metrics have been used to examine the scope of community engagement for previous crowdsourcing contests.</text></passage><passage><infon key="section_type">METHODS</infon><infon key="type">title_2</infon><offset>15723</offset><text>Dissemination</text></passage><passage><infon key="section_type">METHODS</infon><infon key="type">paragraph</infon><offset>15737</offset><text>At the end of the study, the findings related to the open contest will be disseminated to the community steering committee, CBOs, and local health departments. These materials will include information needed to implement a crowdsourcing open contest, common barriers and issues experienced by participants, a protocol for needs assessments, and training materials. We will also present the study findings to HIV-prevention scientists through publications and conference presentations. We will also deposit the messages and materials in an open access database.</text></passage><passage><infon key="section_type">RESULTS</infon><infon key="type">title_1</infon><offset>16298</offset><text>Results</text></passage><passage><infon key="section_type">RESULTS</infon><infon key="type">paragraph</infon><offset>16306</offset><text>This study is funded by National Institutes of Health (National Institute of Mental Health: R34MH116725) in May 2018 and was approved by institutional review board in April 2018. The open contest started in February 2019, and data analyses for the mixed method evaluation are expected to complete in December 2019.</text></passage><passage><infon key="section_type">DISCUSS</infon><infon key="type">title_1</infon><offset>16621</offset><text>Discussion</text></passage><passage><infon key="section_type">DISCUSS</infon><infon key="type">paragraph</infon><offset>16632</offset><text>The study will make important contributions to the literature on crowdsourcing and health promotion among BMSM. This project will result in the creation of BMSM community-engaged PrEP promotion campaign messages that will be fielded and evaluated in an urban setting. We will determine whether a crowdsourcing open-contest approach is acceptable among BMSM in Baltimore. PrEP promotion messages selected as the top finalists can serve as a template for future contests that will focus on visual images (eg, color photographs, black-and-white photographs, and videos of less than 1 min) and distribution networks (eg, social media networks, in-person businesses, and in-person social networks relevant to BMSM). The sequential organization allows us to utilize different types of crowd talent while linearly building on the overall theme. The open-contest processes are applicable to organizations or programs regardless of the size of the organization or program or resources available, thus allowing scalability. Evaluation data from this study will inform similar future studies among BMSM that will be conducted in the United States. The findings of this proposed study will potentially bring new ideas to Baltimore City for the development of more impactful PrEP campaigns. By partnering closely with local CBOs, this project will give members of the BMSM community the tools and capacity to perform similar activities and further strengthen the relationship between CBOs and the local government. Finally, this approach could be used to identify and implement programs and policies that are more responsive to community needs and build up existing community assets, which is critical for strengthening health systems.</text></passage><passage><infon key="section_type">DISCUSS</infon><infon key="type">footnote</infon><offset>18355</offset><text>Conflicts of Interest: AM owns Community Expert Solutions, the company contracted to build the contest website, design recruitment materials, and manage the social media pages for the contest. AM does not have any financial interest in the findings from the study. All authors declare no conflict of interest.</text></passage><passage><infon key="section_type">APPENDIX</infon><infon key="type">title</infon><offset>18665</offset><text>Appendix</text></passage><passage><infon key="section_type">ABBR</infon><infon key="type">title</infon><offset>18674</offset><text>Abbreviations</text></passage><passage><infon key="section_type">ABBR</infon><infon key="type">paragraph</infon><offset>18688</offset><text>BMSM</text></passage><passage><infon key="section_type">ABBR</infon><infon key="type">paragraph</infon><offset>18693</offset><text>black men who have sex with men</text></passage><passage><infon key="section_type">ABBR</infon><infon key="type">paragraph</infon><offset>18725</offset><text>CBO</text></passage><passage><infon key="section_type">ABBR</infon><infon key="type">paragraph</infon><offset>18729</offset><text>community-based organization</text></passage><passage><infon key="section_type">ABBR</infon><infon key="type">paragraph</infon><offset>18758</offset><text>MSM</text></passage><passage><infon key="section_type">ABBR</infon><infon key="type">paragraph</infon><offset>18762</offset><text>men who have sex with men</text></passage><passage><infon key="section_type">ABBR</infon><infon key="type">paragraph</infon><offset>18788</offset><text>PrEP</text></passage><passage><infon key="section_type">ABBR</infon><infon key="type">paragraph</infon><offset>18793</offset><text>pre-exposure prophylaxis</text></passage><passage><infon key="fpage">111</infon><infon key="issue">1</infon><infon key="lpage">8</infon><infon key="name_0">surname:Brown;given-names:G</infon><infon key="name_1">surname:Leonard;given-names:W</infon><infon key="name_2">surname:Lyons;given-names:A</infon><infon key="name_3">surname:Power;given-names:J</infon><infon key="name_4">surname:Sander;given-names:D</infon><infon key="name_5">surname:McColl;given-names:W</infon><infon key="name_6">surname:Johnson;given-names:R</infon><infon key="name_7">surname:James;given-names:C</infon><infon key="name_8">surname:Hodson;given-names:M</infon><infon key="name_9">surname:Carman;given-names:M</infon><infon key="pub-id_doi">10.1071/SH16052</infon><infon key="pub-id_medline">27977386</infon><infon key="pub-id_pmid">27977386</infon><infon key="section_type">REF</infon><infon key="source">Sex Health</infon><infon key="type">ref</infon><infon key="volume">14</infon><infon key="year">2017</infon><offset>18818</offset><text>Stigma, gay men and biomedical prevention: the challenges and opportunities of a rapidly changing HIV prevention landscape</text></passage><passage><infon key="fpage">e6762</infon><infon key="name_0">surname:Tucker;given-names:JD</infon><infon key="name_1">surname:Day;given-names:S</infon><infon key="name_2">surname:Tang;given-names:W</infon><infon key="name_3">surname:Bayus;given-names:B</infon><infon key="pub-id_doi">10.7717/peerj.6762</infon><infon key="pub-id_medline">30997295</infon><infon key="pub-id_pmid">30997295</infon><infon key="section_type">REF</infon><infon key="source">PeerJ</infon><infon key="type">ref</infon><infon key="volume">7</infon><infon key="year">2019</infon><offset>18941</offset><text>Crowdsourcing in medical research: concepts and applications</text></passage><passage><infon key="fpage">57</infon><infon key="issue">1</infon><infon key="lpage">62</infon><infon key="name_0">surname:McCree;given-names:DH</infon><infon key="name_1">surname:Williams;given-names:AM</infon><infon key="name_2">surname:Chesson;given-names:HW</infon><infon key="name_3">surname:Beer;given-names:L</infon><infon key="name_4">surname:Jeffries;given-names:WL</infon><infon key="name_5">surname:Lemons;given-names:A</infon><infon key="name_6">surname:Prather;given-names:C</infon><infon key="name_7">surname:Sutton;given-names:MY</infon><infon key="name_8">surname:McCray;given-names:E</infon><infon key="pub-id_doi">10.1097/QAI.0000000000001977</infon><infon key="pub-id_medline">30964805</infon><infon key="pub-id_pmid">30964805</infon><infon key="section_type">REF</infon><infon key="source">J Acquir Immune Defic Syndr</infon><infon key="type">ref</infon><infon key="volume">81</infon><infon key="year">2019</infon><offset>19002</offset><text>Changes in disparities in estimated HIV incidence rates among black, Hispanic/Latino, and white men who have sex with men (MSM) in the United States, 2010-2015</text></passage><passage><infon key="comment">HIV/AIDS Surveillance Report, 2007. Volume 19. https://www.cdc.gov/hiv/pdf/statistics_2007_HIV_Surveillance_Report_vol_19.pdf</infon><infon key="section_type">REF</infon><infon key="source">Centers for Disease Control and Prevention</infon><infon key="type">ref</infon><infon key="year">2009</infon><offset>19162</offset></passage><passage><infon key="fpage">844</infon><infon key="issue">9</infon><infon key="lpage">5</infon><infon key="name_0">surname:Fauci;given-names:AS</infon><infon key="name_1">surname:Redfield;given-names:RR</infon><infon key="name_2">surname:Sigounas;given-names:G</infon><infon key="name_3">surname:Weahkee;given-names:MD</infon><infon key="name_4">surname:Giroir;given-names:BP</infon><infon key="pub-id_doi">10.1001/jama.2019.1343</infon><infon key="pub-id_medline">30730529</infon><infon key="section_type">REF</infon><infon key="source">J Am Med Assoc</infon><infon key="type">ref</infon><infon key="volume">321</infon><infon key="year">2019</infon><offset>19163</offset><text>Ending the HIV epidemic: a plan for the United States</text></passage><passage><infon key="fpage">672</infon><infon key="issue">5</infon><infon key="lpage">7</infon><infon key="name_0">surname:Hoots;given-names:BE</infon><infon key="name_1">surname:Finlayson;given-names:T</infon><infon key="name_2">surname:Nerlander;given-names:L</infon><infon key="name_3">surname:Paz-Bailey;given-names:G</infon><infon key="pub-id_doi">10.1093/cid/ciw367</infon><infon key="pub-id_medline">27282710</infon><infon key="pub-id_pmid">27282710</infon><infon key="section_type">REF</infon><infon key="source">Clin Infect Dis</infon><infon key="type">ref</infon><infon key="volume">63</infon><infon key="year">2016</infon><offset>19217</offset><text>Willingness to take, use of, and indications for pre-exposure prophylaxis among men who have sex with men-20 US cities, 2014</text></passage><passage><infon key="fpage">1376</infon><infon key="issue">5</infon><infon key="lpage">82</infon><infon key="name_0">surname:Kuhns;given-names:LM</infon><infon key="name_1">surname:Hotton;given-names:AL</infon><infon key="name_2">surname:Schneider;given-names:J</infon><infon key="name_3">surname:Garofalo;given-names:R</infon><infon key="name_4">surname:Fujimoto;given-names:K</infon><infon key="pub-id_doi">10.1007/s10461-017-1739-0</infon><infon key="pub-id_medline">28238119</infon><infon key="pub-id_pmid">28238119</infon><infon key="section_type">REF</infon><infon key="source">AIDS Behav</infon><infon key="type">ref</infon><infon key="volume">21</infon><infon key="year">2017</infon><offset>19342</offset><text>Use of pre-exposure prophylaxis (PrEP) in young men who have sex with men is associated with race, sexual risk behavior and peer network size</text></passage><passage><infon key="fpage">52</infon><infon key="issue">1</infon><infon key="lpage">5</infon><infon key="name_0">surname:Snowden;given-names:JM</infon><infon key="name_1">surname:Chen;given-names:Y</infon><infon key="name_2">surname:McFarland;given-names:W</infon><infon key="name_3">surname:Raymond;given-names:H</infon><infon key="pub-id_doi">10.1136/sextrans-2015-052382</infon><infon key="pub-id_medline">27356041</infon><infon key="pub-id_pmid">27356041</infon><infon key="section_type">REF</infon><infon key="source">Sex Transm Infect</infon><infon key="type">ref</infon><infon key="volume">93</infon><infon key="year">2017</infon><offset>19484</offset><text>Prevalence and characteristics of users of pre-exposure prophylaxis (PrEP) among men who have sex with men, San Francisco, 2014 in a cross-sectional survey: implications for disparities</text></passage><passage><infon key="comment">CDC Statement on IPERGAY Trial of Pre-Exposure Prophylaxis (PrEP) for HIV Prevention among Men Who Have Sex with Men. https://aidsinfo.nih.gov/news/1541/cdc-statement-on-ipergay-trial-of-pre-exposure-prophylaxis--prep--for-hiv-prevention-among-men-who-have-sex-with-men</infon><infon key="section_type">REF</infon><infon key="source">HIV/AIDS treatment and research information</infon><infon key="type">ref</infon><infon key="year">2015</infon><offset>19670</offset></passage><passage><infon key="fpage">520</infon><infon key="issue">7</infon><infon key="lpage">7</infon><infon key="name_0">surname:Bauermeister;given-names:J</infon><infon key="name_1">surname:Meanley;given-names:S</infon><infon key="name_2">surname:Pingel;given-names:E</infon><infon key="name_3">surname:Soler;given-names:J</infon><infon key="name_4">surname:Harper;given-names:G</infon><infon key="pub-id_doi">10.2174/1570162x12666140129100411</infon><infon key="pub-id_medline">24476355</infon><infon key="pub-id_pmid">24476355</infon><infon key="section_type">REF</infon><infon key="source">Curr HIV Res</infon><infon key="type">ref</infon><infon key="volume">11</infon><infon key="year">2013</infon><offset>19671</offset><text>PrEP awareness and perceived barriers among single young men who have sex with men</text></passage><passage><infon key="name_0">surname:Surowiecki;given-names:J</infon><infon key="section_type">REF</infon><infon key="source">The Wisdom Of Crowds</infon><infon key="type">ref</infon><infon key="year">2005</infon><offset>19754</offset></passage><passage><infon key="name_0">surname:Israel;given-names:BA</infon><infon key="name_1">surname:Eng;given-names:E</infon><infon key="name_2">surname:Schulz;given-names:A</infon><infon key="name_3">surname:Parker;given-names:E</infon><infon key="name_4">surname:Satcher;given-names:D</infon><infon key="section_type">REF</infon><infon key="source">Methods In Community-based Participatory Research For Health</infon><infon key="type">ref</infon><infon key="year">2012</infon><offset>19755</offset></passage><passage><infon key="fpage">179</infon><infon key="issue">2</infon><infon key="lpage">87</infon><infon key="name_0">surname:Brabham;given-names:DC</infon><infon key="name_1">surname:Ribisl;given-names:KM</infon><infon key="name_2">surname:Kirchner;given-names:TR</infon><infon key="name_3">surname:Bernhardt;given-names:JM</infon><infon key="pub-id_doi">10.1016/j.amepre.2013.10.016</infon><infon key="pub-id_medline">24439353</infon><infon key="pub-id_pmid">24439353</infon><infon key="section_type">REF</infon><infon key="source">Am J Prev Med</infon><infon key="type">ref</infon><infon key="volume">46</infon><infon key="year">2014</infon><offset>19756</offset><text>Crowdsourcing applications for public health</text></passage><passage><infon key="fpage">70</infon><infon key="issue">1</infon><infon key="lpage">2</infon><infon key="name_0">surname:Morton;given-names:S</infon><infon key="name_1">surname:Tuff;given-names:R</infon><infon key="name_2">surname:Beckwith;given-names:K</infon><infon key="name_3">surname:Banks;given-names:M</infon><infon key="name_4">surname:Dixon-Terry;given-names:E</infon><infon key="pub-id_doi">10.32398/cjhp.v3i1.1743</infon><infon key="section_type">REF</infon><infon key="source">Calif J Health Promot</infon><infon key="type">ref</infon><infon key="volume">3</infon><infon key="year">2005</infon><offset>19801</offset><text>Children’s poster contest on healthy eating</text></passage><passage><infon key="issue">1</infon><infon key="name_0">surname:Callow;given-names:P</infon><infon key="section_type">REF</infon><infon key="source">J Glob Health Care Syst</infon><infon key="type">ref</infon><infon key="volume">2</infon><infon key="year">2012</infon><offset>19847</offset><text>Building a better toilet</text></passage><passage><infon key="fpage">1436</infon><infon key="issue">11</infon><infon key="lpage">42</infon><infon key="name_0">surname:Tang;given-names:W</infon><infon key="name_1">surname:Han;given-names:L</infon><infon key="name_10">surname:Galler;given-names:S</infon><infon key="name_11">surname:Yang;given-names:L</infon><infon key="name_12">surname:Peeling;given-names:R</infon><infon key="name_13">surname:Volberding;given-names:P</infon><infon key="name_14">surname:Ma;given-names:B</infon><infon key="name_15">surname:Xu;given-names:H</infon><infon key="name_16">surname:Yang;given-names:B</infon><infon key="name_17">surname:Huang;given-names:S</infon><infon key="name_18">surname:Fenton;given-names:K</infon><infon key="name_19">surname:Wei;given-names:C</infon><infon key="name_2">surname:Best;given-names:J</infon><infon key="name_20">surname:Tucker;given-names:JD</infon><infon key="name_3">surname:Zhang;given-names:Y</infon><infon key="name_4">surname:Mollan;given-names:K</infon><infon key="name_5">surname:Kim;given-names:J</infon><infon key="name_6">surname:Liu;given-names:F</infon><infon key="name_7">surname:Hudgens;given-names:M</infon><infon key="name_8">surname:Bayus;given-names:B</infon><infon key="name_9">surname:Terris-Prestholt;given-names:F</infon><infon key="pub-id_doi">10.1093/cid/ciw171</infon><infon key="pub-id_medline">27129465</infon><infon key="pub-id_pmid">27129465</infon><infon key="section_type">REF</infon><infon key="source">Clin Infect Dis</infon><infon key="type">ref</infon><infon key="volume">62</infon><infon key="year">2016</infon><offset>19872</offset><text>Crowdsourcing HIV test promotion videos: a noninferiority randomized controlled trial in china</text></passage><passage><infon key="fpage">172</infon><infon key="issue">3</infon><infon key="lpage">8</infon><infon key="name_0">surname:Tang;given-names:W</infon><infon key="name_1">surname:Mao;given-names:J</infon><infon key="name_10">surname:Tucker;given-names:JD</infon><infon key="name_2">surname:Liu;given-names:C</infon><infon key="name_3">surname:Mollan;given-names:K</infon><infon key="name_4">surname:Zhang;given-names:Y</infon><infon key="name_5">surname:Tang;given-names:S</infon><infon key="name_6">surname:Hudgens;given-names:M</infon><infon key="name_7">surname:Ma;given-names:W</infon><infon key="name_8">surname:Kang;given-names:D</infon><infon key="name_9">surname:Wei;given-names:C</infon><infon key="pub-id_doi">10.1097/OLQ.0000000000000930</infon><infon key="pub-id_medline">30741854</infon><infon key="pub-id_pmid">30741854</infon><infon key="section_type">REF</infon><infon key="source">Sex Transm Dis</infon><infon key="type">ref</infon><infon key="volume">46</infon><infon key="year">2019</infon><offset>19967</offset><text>Reimagining health communication: a noninferiority randomized controlled trial of crowdsourced intervention in china</text></passage><passage><infon key="fpage">e1002645</infon><infon key="issue">8</infon><infon key="name_0">surname:Tang;given-names:W</infon><infon key="name_1">surname:Wei;given-names:C</infon><infon key="name_10">surname:Mollan;given-names:KR</infon><infon key="name_11">surname:Hudgens;given-names:MG</infon><infon key="name_12">surname:Liu;given-names:C</infon><infon key="name_13">surname:Huang;given-names:W</infon><infon key="name_14">surname:Liu;given-names:A</infon><infon key="name_15">surname:Zhang;given-names:Y</infon><infon key="name_16">surname:Smith;given-names:MK</infon><infon key="name_17">surname:Mitchell;given-names:KM</infon><infon key="name_18">surname:Ong;given-names:JJ</infon><infon key="name_19">surname:Fu;given-names:H</infon><infon key="name_2">surname:Cao;given-names:B</infon><infon key="name_20">surname:Vickerman;given-names:P</infon><infon key="name_21">surname:Yang;given-names:L</infon><infon key="name_22">surname:Wang;given-names:C</infon><infon key="name_23">surname:Zheng;given-names:H</infon><infon key="name_24">surname:Yang;given-names:B</infon><infon key="name_25">surname:Tucker;given-names:JD</infon><infon key="name_3">surname:Wu;given-names:D</infon><infon key="name_4">surname:Li;given-names:KT</infon><infon key="name_5">surname:Lu;given-names:H</infon><infon key="name_6">surname:Ma;given-names:W</infon><infon key="name_7">surname:Kang;given-names:D</infon><infon key="name_8">surname:Li;given-names:H</infon><infon key="name_9">surname:Liao;given-names:M</infon><infon key="pub-id_doi">10.1371/journal.pmed.1002645</infon><infon key="pub-id_medline">30153265</infon><infon key="pub-id_pmid">30153265</infon><infon key="section_type">REF</infon><infon key="source">PLoS Med</infon><infon key="type">ref</infon><infon key="volume">15</infon><infon key="year">2018</infon><offset>20084</offset><text>Crowdsourcing to expand HIV testing among men who have sex with men in China: a closed cohort stepped wedge cluster randomized controlled trial</text></passage><passage><infon key="fpage">270</infon><infon key="issue">4</infon><infon key="lpage">8</infon><infon key="name_0">surname:Tang;given-names:W</infon><infon key="name_1">surname:Ritchwood;given-names:TD</infon><infon key="name_2">surname:Wu;given-names:D</infon><infon key="name_3">surname:Ong;given-names:JJ</infon><infon key="name_4">surname:Wei;given-names:C</infon><infon key="name_5">surname:Iwelunmor;given-names:J</infon><infon key="name_6">surname:Tucker;given-names:JD</infon><infon key="pub-id_doi">10.1007/s11904-019-00448-3</infon><infon key="pub-id_medline">31155691</infon><infon key="pub-id_pmid">31155691</infon><infon key="section_type">REF</infon><infon key="source">Curr HIV/AIDS Rep</infon><infon key="type">ref</infon><infon key="volume">16</infon><infon key="year">2019</infon><offset>20228</offset><text>Crowdsourcing to improve HIV and sexual health outcomes: a scoping review</text></passage><passage><infon key="comment">https://phpa.health.maryland.gov/OIDEOR/CHSE/SiteAssets/Pages/behavioral-surveillance/BESURE_Data_Presentation_20180214.pdf;</infon><infon key="name_0">surname:German;given-names:D</infon><infon key="section_type">REF</infon><infon key="source">The BESURE Study: 2018 Update</infon><infon key="type">ref</infon><infon key="year">2018</infon><offset>20302</offset></passage><passage><infon key="fpage">223</infon><infon key="issue">4</infon><infon key="lpage">8</infon><infon key="name_0">surname:Mathews;given-names:A</infon><infon key="name_1">surname:Farley;given-names:S</infon><infon key="name_2">surname:Blumberg;given-names:M</infon><infon key="name_3">surname:Knight;given-names:K</infon><infon key="name_4">surname:Hightow-Weidman;given-names:L</infon><infon key="name_5">surname:Muessig;given-names:K</infon><infon key="name_6">surname:Rennie;given-names:S</infon><infon key="name_7">surname:Tucker;given-names:J</infon><infon key="pub-id_medline">29057087</infon><infon key="pub-id_pmid">29057087</infon><infon key="section_type">REF</infon><infon key="source">J Virus Erad</infon><infon key="type">ref</infon><infon key="volume">3</infon><infon key="year">2017</infon><offset>20303</offset><text>HIV cure research community engagement in North Carolina: a mixed-methods evaluation of a crowdsourcing contest</text></passage><passage><infon key="fpage">625</infon><infon key="issue">11</infon><infon key="lpage">8</infon><infon key="name_0">surname:Zhang;given-names:Y</infon><infon key="name_1">surname:Kim;given-names:JA</infon><infon key="name_2">surname:Liu;given-names:F</infon><infon key="name_3">surname:Tso;given-names:LS</infon><infon key="name_4">surname:Tang;given-names:W</infon><infon key="name_5">surname:Wei;given-names:C</infon><infon key="name_6">surname:Bayus;given-names:BL</infon><infon key="name_7">surname:Tucker;given-names:JD</infon><infon key="pub-id_doi">10.1097/OLQ.0000000000000349</infon><infon key="pub-id_medline">26462186</infon><infon key="pub-id_pmid">26462186</infon><infon key="section_type">REF</infon><infon key="source">Sex Transm Dis</infon><infon key="type">ref</infon><infon key="volume">42</infon><infon key="year">2015</infon><offset>20415</offset><text>Creative contributory contests to spur innovation in sexual health: 2 cases and a guide for implementation</text></passage><passage><infon key="fpage">1</infon><infon key="issue">1</infon><infon key="lpage">40</infon><infon key="name_0">surname:Ward;given-names:T</infon><infon key="pub-id_doi">10.1006/cogp.1994.1010</infon><infon key="section_type">REF</infon><infon key="source">Cogn Psychol</infon><infon key="type">ref</infon><infon key="volume">27</infon><infon key="year">1994</infon><offset>20522</offset><text>Structured imagination: the role of conceptual structure in exemplar generation</text></passage><passage><infon key="fpage">837</infon><infon key="issue">6</infon><infon key="lpage">45</infon><infon key="name_0">surname:Smith;given-names:SM</infon><infon key="name_1">surname:Ward;given-names:TB</infon><infon key="name_2">surname:Schumacher;given-names:JS</infon><infon key="pub-id_doi">10.3758/bf03202751</infon><infon key="pub-id_medline">8289661</infon><infon key="section_type">REF</infon><infon key="source">Mem Cognit</infon><infon key="type">ref</infon><infon key="volume">21</infon><infon key="year">1993</infon><offset>20602</offset><text>Constraining effects of examples in a creative generation task</text></passage><passage><infon key="fpage">3</infon><infon key="issue">1</infon><infon key="lpage">11</infon><infon key="name_0">surname:Jansson;given-names:DG</infon><infon key="name_1">surname:Smith;given-names:SM</infon><infon key="pub-id_doi">10.1016/0142-694x(91)90003-f</infon><infon key="section_type">REF</infon><infon key="source">Design Stud</infon><infon key="type">ref</infon><infon key="volume">12</infon><infon key="year">1991</infon><offset>20665</offset><text>Design fixation</text></passage><passage><infon key="fpage">98</infon><infon key="issue">2</infon><infon key="lpage">122</infon><infon key="name_0">surname:Füller;given-names:J</infon><infon key="pub-id_doi">10.1525/cmr.2010.52.2.98</infon><infon key="section_type">REF</infon><infon key="source">Calif Manage Rev</infon><infon key="type">ref</infon><infon key="volume">52</infon><infon key="year">2010</infon><offset>20681</offset><text>Refining virtual co-creation from a consumer perspective</text></passage><passage><infon key="fpage">187</infon><infon key="issue">1</infon><infon key="lpage">203</infon><infon key="name_0">surname:Ranard;given-names:BL</infon><infon key="name_1">surname:Ha;given-names:YP</infon><infon key="name_2">surname:Meisel;given-names:ZF</infon><infon key="name_3">surname:Asch;given-names:DA</infon><infon key="name_4">surname:Hill;given-names:SS</infon><infon key="name_5">surname:Becker;given-names:LB</infon><infon key="name_6">surname:Seymour;given-names:AK</infon><infon key="name_7">surname:Merchant;given-names:RM</infon><infon key="pub-id_doi">10.1007/s11606-013-2536-8</infon><infon key="pub-id_medline">23843021</infon><infon key="pub-id_pmid">23843021</infon><infon key="section_type">REF</infon><infon key="source">J Gen Intern Med</infon><infon key="type">ref</infon><infon key="volume">29</infon><infon key="year">2014</infon><offset>20738</offset><text>Crowdsourcing--harnessing the masses to advance health and medicine, a systematic review</text></passage><passage><infon key="fpage">161</infon><infon key="lpage">5</infon><infon key="name_0">surname:Dingwall;given-names:R</infon><infon key="name_1">surname:Daly;given-names:J</infon><infon key="name_2">surname:McDonald;given-names:I</infon><infon key="name_3">surname:Willis;given-names:E</infon><infon key="section_type">REF</infon><infon key="source">Researching Health Care</infon><infon key="type">ref</infon><infon key="year">1992</infon><offset>20827</offset><text>Don't mind him-he's from Barcelona: qualitative methods in health studies</text></passage><passage><infon key="comment">Community Systems Strengthening Framework. https://www.theglobalfund.org/media/6428/core_css_framework_en.pdf</infon><infon key="section_type">REF</infon><infon key="source">The Global Fund</infon><infon key="type">ref</infon><infon key="year">2014</infon><offset>20901</offset></passage></document></collection>
