<?xml version="1.0" encoding="UTF-8"?>
<!DOCTYPE collection SYSTEM "BioC.dtd">
<collection><source>PMC</source><date>20201224</date><key>pmc.key</key><document><id>6952101</id><infon key="license">CC BY</infon><passage><infon key="alt-title">Online crowdsourcing of cleft palate speech</infon><infon key="article-id_doi">10.1371/journal.pone.0227686</infon><infon key="article-id_pmc">6952101</infon><infon key="article-id_pmid">31917818</infon><infon key="article-id_publisher-id">PONE-D-19-22352</infon><infon key="elocation-id">e0227686</infon><infon key="issue">1</infon><infon key="license">This is an open access article distributed under the terms of the Creative Commons Attribution License, which permits unrestricted use, distribution, and reproduction in any medium, provided the original author and source are credited.</infon><infon key="name_0">surname:Sescleifer;given-names:Anne M.</infon><infon key="name_1">surname:Francoisse;given-names:Caitlin A.</infon><infon key="name_2">surname:Webber;given-names:Janna C.</infon><infon key="name_3">surname:Rector;given-names:Jeffrey D.</infon><infon key="name_4">surname:Lin;given-names:Alexander Y.</infon><infon key="name_5">surname:Cray;given-names:JJ;suffix:Jr.</infon><infon key="notes">All relevant data are within the manuscript.</infon><infon key="section_type">TITLE</infon><infon key="title">Data Availability</infon><infon key="type">front</infon><infon key="volume">15</infon><infon key="year">2020</infon><offset>0</offset><text>Transforming assessment of speech in children with cleft palate via online crowdsourcing</text></passage><passage><infon key="section_type">ABSTRACT</infon><infon key="type">abstract_title_1</infon><offset>89</offset><text>Objective</text></passage><passage><infon key="section_type">ABSTRACT</infon><infon key="type">abstract</infon><offset>99</offset><text>Speech intelligibility is fundamental to social interactions and a critical surgical outcome in patients with cleft palate. Online crowdsourcing is a burgeoning technology, with potential to mitigate the burden of limited accessibility to speech-language-pathologists (SLPs). This pilot study investigates the concordance of online crowdsourced evaluations of hypernasality with SLP ratings of children with cleft palate.</text></passage><passage><infon key="section_type">ABSTRACT</infon><infon key="type">abstract_title_1</infon><offset>521</offset><text>Methods</text></passage><passage><infon key="section_type">ABSTRACT</infon><infon key="type">abstract</infon><offset>529</offset><text>Six audio-phrases each from children with cleft palate were assessed by online crowdsourcing using Amazon Mechanical Turk (MTurk), and compared to SLP’s gold-standard hypernasality score on the Pittsburgh Weighted Speech Score (PWSS). Phrases were presented to MTurk crowdsourced lay-raters to assess hypernasality on a Likert scale analogous to the PWSS. The survey included clickable reference audio samples for different levels of hypernasality.</text></passage><passage><infon key="section_type">ABSTRACT</infon><infon key="type">abstract_title_1</infon><offset>980</offset><text>Results</text></passage><passage><infon key="section_type">ABSTRACT</infon><infon key="type">abstract</infon><offset>988</offset><text>1,088 unique online crowdsourced speech ratings were collected on 16 sentences of 3 children with cleft palate aged 4–8 years, with audio averaging 6.5 years follow-up after cleft palate surgery. Patient 1 crowd-mean was 2.62 (SLP rated 2–3); Patient 2 crowd-mean 2.66 (SLP rated 3); and Patient 3 crowd-mean 1.76 (SLP rated 2). Rounded for consistency with PWSS scale, all patients matched SLP ratings. Different sentences had different accuracies compared to the SLP gold standard scores.</text></passage><passage><infon key="section_type">ABSTRACT</infon><infon key="type">abstract_title_1</infon><offset>1483</offset><text>Conclusion</text></passage><passage><infon key="section_type">ABSTRACT</infon><infon key="type">abstract</infon><offset>1494</offset><text>Online crowdsourced ratings of hypernasal speech in children with cleft palate were concordant with SLP ratings, predicting SLP scores in all 3 patients. This novel technology has potential for translation in clinical speech assessments, and may serve as a valuable screening tool for non-experts to identify children requiring further assessment and intervention by a qualified speech language pathology expert.</text></passage><passage><infon key="section_type">INTRO</infon><infon key="type">title_1</infon><offset>1907</offset><text>Introduction</text></passage><passage><infon key="section_type">INTRO</infon><infon key="type">paragraph</infon><offset>1920</offset><text>Cleft lip-nose-palate is the most common birth defect requiring surgical intervention in the United States, occurring in 1 out of every 600 live births. Aberrant anatomy allows for increased airflow through the nasal cavity during speech, resulting in an atypical speech resonance termed hypernasality. Despite the frequency with which cleft repair surgeries are performed, objective evaluation of surgical outcomes including degree of speech impairment remains a challenge since plastic surgery aims to restore human features that are inherently subjective and difficult to quantify.</text></passage><passage><infon key="section_type">INTRO</infon><infon key="type">paragraph</infon><offset>2505</offset><text>Speech language pathologists (SLPs) are experts trained to assess and treat speech disorders, and act as integral members of the cleft team to monitor post-operative speech outcomes. Up to 30% of patients with primary palate repairs have unsatisfactory speech results and require revision procedures. SLPs help identify these patients for early intervention; however, there is a nationwide shortage of SLPs, especially in low income or rural areas. The high cost and limited access to speech experts can pose a barrier to care, and presents an immediate need for speech evaluations that are rapid, consistent, low-cost, and widely accessible to patients with cleft from all backgrounds.</text></passage><passage><infon key="section_type">INTRO</infon><infon key="type">paragraph</infon><offset>3192</offset><text>Online crowdsourcing platforms, such as Amazon Mechanical Turk (MTurk), offer a potential solution to this barrier. Crowdsourcing refers to large-scale online data collection from lay raters. Amazon’s MTurk, an online marketplace, allows clinicians or researchers to post a task in exchange for small online payments. This novel technology is revolutionizing research by aggregating large numbers of laypeople evaluations to approximate expert opinion. Previous studies suggest that MTurk is an effective tool for the evaluation of perceptual speech outcomes, providing high-quality and consistent assessments in a rapid, cost-effective manner.</text></passage><passage><infon key="section_type">INTRO</infon><infon key="type">paragraph</infon><offset>3839</offset><text>This novel study represents the first time that speech samples from children with cleft palate have been assessed using online crowdsourcing. The main aim of this pilot study is to investigate the validity of online crowdsourcing as an assessment measure in the evaluation of hypernasal speech.</text></passage><passage><infon key="section_type">METHODS</infon><infon key="type">title_1</infon><offset>4134</offset><text>Methods</text></passage><passage><infon key="section_type">METHODS</infon><infon key="type">paragraph</infon><offset>4142</offset><text>This study was approved by the Saint Louis University School of Medicine Institutional Review Board (Protocol #28839). Written consent was obtained. Our prospective, case-series study was conducted at the St. Louis Cleft-Craniofacial Center at SSM Health Cardinal Glennon Children’s Hospital at Saint Louis University.</text></passage><passage><infon key="section_type">METHODS</infon><infon key="type">paragraph</infon><offset>4463</offset><text>Speech clips were sampled from indicated videonasendoscopy (VNE) recordings in children with cleft palate, recorded at previous routine cleft team clinic visits. Audio recordings were extracted from children’s VNEs using QuickTime Player (Apple, Inc., Cupertino, CA). These recordings had been previously assessed by the cleft team's SLP in clinic and rated for hypernasality. The same SLP rated the audio-only samples prior to publication of speech on MTurk, for intra-rater reliability. Samples included were screened for velopharyngeal mislearning and compensatory strategies, and place of articulation was accurate for the targeted phoneme. Test sentences were selected for frequency with which they appeared in clinical samples, as well as for variation in sound focus (phoneme). Each test phrase emphasized a unique phoneme, which was repeated three times throughout the sentence. These sounds could be categorized by speech category, including “plosives” which require a buildup of air to correctly articulate the sound, and “fricatives” which require the friction of breath in a narrow opening. Six main phrases were used: “Katie likes cookies” (KC), “Tell Ted to try” (TT), “Peter has a puppy” (PP), “Should I wash the dishes” (SW), “Sissy sissy sissy” (SS), and “Zippers are easy to close” (ZC) [Table 1].</text></passage><passage><infon key="file">pone.0227686.t001.xml</infon><infon key="id">pone.0227686.t001</infon><infon key="section_type">TABLE</infon><infon key="type">table_title_caption</infon><offset>5813</offset><text>Test phrases.</text></passage><passage><infon key="file">pone.0227686.t001.xml</infon><infon key="id">pone.0227686.t001</infon><infon key="section_type">TABLE</infon><infon key="type">table_caption</infon><offset>5827</offset><text>Each test phrase was selected for a unique sound focus, which was repeated three times in the sentence. These sounds could be categorized by speech category, including “plosives” which require a buildup of air to correctly articulate the sound, and “fricatives” which require the friction of breath in a narrow opening.</text></passage><passage><infon key="file">pone.0227686.t001.xml</infon><infon key="id">pone.0227686.t001</infon><infon key="section_type">TABLE</infon><infon key="type">table</infon><infon key="xml">&lt;?xml version=&quot;1.0&quot; encoding=&quot;UTF-8&quot;?&gt;
&lt;table frame=&quot;hsides&quot; rules=&quot;groups&quot;&gt;&lt;colgroup span=&quot;1&quot;&gt;&lt;col align=&quot;left&quot; valign=&quot;middle&quot; span=&quot;1&quot;/&gt;&lt;col align=&quot;left&quot; valign=&quot;middle&quot; span=&quot;1&quot;/&gt;&lt;col align=&quot;left&quot; valign=&quot;middle&quot; span=&quot;1&quot;/&gt;&lt;col align=&quot;left&quot; valign=&quot;middle&quot; span=&quot;1&quot;/&gt;&lt;/colgroup&gt;&lt;thead&gt;&lt;tr&gt;&lt;th align=&quot;left&quot; rowspan=&quot;1&quot; colspan=&quot;1&quot;&gt;Code&lt;/th&gt;&lt;th align=&quot;left&quot; rowspan=&quot;1&quot; colspan=&quot;1&quot;&gt;Sentence&lt;/th&gt;&lt;th align=&quot;left&quot; rowspan=&quot;1&quot; colspan=&quot;1&quot;&gt;Sound Focus&lt;/th&gt;&lt;th align=&quot;left&quot; rowspan=&quot;1&quot; colspan=&quot;1&quot;&gt;Speech Category&lt;/th&gt;&lt;/tr&gt;&lt;/thead&gt;&lt;tbody&gt;&lt;tr&gt;&lt;td align=&quot;center&quot; rowspan=&quot;1&quot; colspan=&quot;1&quot;&gt;&lt;bold&gt;KC&lt;/bold&gt;&lt;/td&gt;&lt;td align=&quot;left&quot; rowspan=&quot;1&quot; colspan=&quot;1&quot;&gt;&lt;bold&gt;K&lt;/bold&gt;atie li&lt;bold&gt;k&lt;/bold&gt;es coo&lt;bold&gt;k&lt;/bold&gt;ies.&lt;/td&gt;&lt;td align=&quot;center&quot; rowspan=&quot;1&quot; colspan=&quot;1&quot;&gt;“k”&lt;/td&gt;&lt;td align=&quot;left&quot; rowspan=&quot;1&quot; colspan=&quot;1&quot;&gt;Plosive (velar)&lt;/td&gt;&lt;/tr&gt;&lt;tr&gt;&lt;td align=&quot;center&quot; rowspan=&quot;1&quot; colspan=&quot;1&quot;&gt;&lt;bold&gt;TT&lt;/bold&gt;&lt;/td&gt;&lt;td align=&quot;left&quot; rowspan=&quot;1&quot; colspan=&quot;1&quot;&gt;&lt;bold&gt;T&lt;/bold&gt;ell &lt;bold&gt;T&lt;/bold&gt;ed to &lt;bold&gt;t&lt;/bold&gt;ry.&lt;/td&gt;&lt;td align=&quot;center&quot; rowspan=&quot;1&quot; colspan=&quot;1&quot;&gt;“t”&lt;/td&gt;&lt;td align=&quot;left&quot; rowspan=&quot;1&quot; colspan=&quot;1&quot;&gt;Plosive (alveolar)&lt;/td&gt;&lt;/tr&gt;&lt;tr&gt;&lt;td align=&quot;center&quot; rowspan=&quot;1&quot; colspan=&quot;1&quot;&gt;&lt;bold&gt;PP&lt;/bold&gt;&lt;/td&gt;&lt;td align=&quot;left&quot; rowspan=&quot;1&quot; colspan=&quot;1&quot;&gt;&lt;bold&gt;P&lt;/bold&gt;eter has a &lt;bold&gt;p&lt;/bold&gt;u&lt;bold&gt;pp&lt;/bold&gt;y.&lt;/td&gt;&lt;td align=&quot;center&quot; rowspan=&quot;1&quot; colspan=&quot;1&quot;&gt;“p”&lt;/td&gt;&lt;td align=&quot;left&quot; rowspan=&quot;1&quot; colspan=&quot;1&quot;&gt;Plosive (bilabial)&lt;/td&gt;&lt;/tr&gt;&lt;tr&gt;&lt;td align=&quot;center&quot; rowspan=&quot;1&quot; colspan=&quot;1&quot;&gt;&lt;bold&gt;SW&lt;/bold&gt;&lt;/td&gt;&lt;td align=&quot;left&quot; rowspan=&quot;1&quot; colspan=&quot;1&quot;&gt;&lt;bold&gt;Sh&lt;/bold&gt;ould I wa&lt;bold&gt;sh&lt;/bold&gt; the di&lt;bold&gt;sh&lt;/bold&gt;es?&lt;/td&gt;&lt;td align=&quot;center&quot; rowspan=&quot;1&quot; colspan=&quot;1&quot;&gt;“sh”&lt;/td&gt;&lt;td align=&quot;left&quot; rowspan=&quot;1&quot; colspan=&quot;1&quot;&gt;Fricative (postalveolar)&lt;/td&gt;&lt;/tr&gt;&lt;tr&gt;&lt;td align=&quot;center&quot; rowspan=&quot;1&quot; colspan=&quot;1&quot;&gt;&lt;bold&gt;SS&lt;/bold&gt;&lt;/td&gt;&lt;td align=&quot;left&quot; rowspan=&quot;1&quot; colspan=&quot;1&quot;&gt;&lt;bold&gt;S&lt;/bold&gt;i&lt;bold&gt;ss&lt;/bold&gt;y, &lt;bold&gt;s&lt;/bold&gt;i&lt;bold&gt;ss&lt;/bold&gt;y, &lt;bold&gt;s&lt;/bold&gt;i&lt;bold&gt;ss&lt;/bold&gt;y&lt;/td&gt;&lt;td align=&quot;center&quot; rowspan=&quot;1&quot; colspan=&quot;1&quot;&gt;“s”&lt;/td&gt;&lt;td align=&quot;left&quot; rowspan=&quot;1&quot; colspan=&quot;1&quot;&gt;Fricative (alveolar)&lt;/td&gt;&lt;/tr&gt;&lt;tr&gt;&lt;td align=&quot;center&quot; rowspan=&quot;1&quot; colspan=&quot;1&quot;&gt;&lt;bold&gt;ZC&lt;/bold&gt;&lt;/td&gt;&lt;td align=&quot;left&quot; rowspan=&quot;1&quot; colspan=&quot;1&quot;&gt;&lt;bold&gt;Z&lt;/bold&gt;ippers are ea&lt;bold&gt;sy&lt;/bold&gt; to clo&lt;bold&gt;se&lt;/bold&gt;.&lt;/td&gt;&lt;td align=&quot;center&quot; rowspan=&quot;1&quot; colspan=&quot;1&quot;&gt;“z”&lt;/td&gt;&lt;td align=&quot;left&quot; rowspan=&quot;1&quot; colspan=&quot;1&quot;&gt;Fricative (alveolar)&lt;/td&gt;&lt;/tr&gt;&lt;/tbody&gt;&lt;/table&gt;
</infon><offset>6155</offset><text>Code	Sentence	Sound Focus	Speech Category	 	KC	Katie likes cookies.	“k”	Plosive (velar)	 	TT	Tell Ted to try.	“t”	Plosive (alveolar)	 	PP	Peter has a puppy.	“p”	Plosive (bilabial)	 	SW	Should I wash the dishes?	“sh”	Fricative (postalveolar)	 	SS	Sissy, sissy, sissy	“s”	Fricative (alveolar)	 	ZC	Zippers are easy to close.	“z”	Fricative (alveolar)	 	</text></passage><passage><infon key="section_type">METHODS</infon><infon key="type">paragraph</infon><offset>6530</offset><text>These VNE-extracted audio phrases were presented in survey format to internet raters recruited from the online crowdsourcing platform Amazon Mechanical Turk (MTurk). Both SLPs and crowdsourced lay raters assigned perceptual speech scores based on the hypernasality component of the Pittsburgh Weighted Speech Score (PWSS). The PWSS scale ranges from 0 to 4, based on the rater’s interpretation of speech hypernasality (Table 2). Typically, SLPs assign whole-number ratings, but may also assign a range; for example, 2–3, if they perceive the hypernasality to be “mild-moderate” that straddle two perceptual grades. Score ranges were converted to a single average number (in this example 2.5) for numerical analysis.</text></passage><passage><infon key="file">pone.0227686.t002.xml</infon><infon key="id">pone.0227686.t002</infon><infon key="section_type">TABLE</infon><infon key="type">table_title_caption</infon><offset>7254</offset><text>Pittsburgh Weighted Speech Score (PWSS).</text></passage><passage><infon key="file">pone.0227686.t002.xml</infon><infon key="id">pone.0227686.t002</infon><infon key="section_type">TABLE</infon><infon key="type">table_caption</infon><offset>7295</offset><text>PWSS Hypernasality Component was used to rate speech samples, where 0 corresponds to no hypernasality and 4 corresponds to severe hypernasality.</text></passage><passage><infon key="file">pone.0227686.t002.xml</infon><infon key="id">pone.0227686.t002</infon><infon key="section_type">TABLE</infon><infon key="type">table</infon><infon key="xml">&lt;?xml version=&quot;1.0&quot; encoding=&quot;UTF-8&quot;?&gt;
&lt;table frame=&quot;hsides&quot; rules=&quot;groups&quot;&gt;&lt;colgroup span=&quot;1&quot;&gt;&lt;col align=&quot;left&quot; valign=&quot;middle&quot; span=&quot;1&quot;/&gt;&lt;col align=&quot;left&quot; valign=&quot;middle&quot; span=&quot;1&quot;/&gt;&lt;/colgroup&gt;&lt;thead&gt;&lt;tr&gt;&lt;th align=&quot;center&quot; colspan=&quot;2&quot; rowspan=&quot;1&quot;&gt;Pittsburgh Weighted Speech Score Hypernasality Component&lt;/th&gt;&lt;/tr&gt;&lt;tr&gt;&lt;th align=&quot;center&quot; rowspan=&quot;1&quot; colspan=&quot;1&quot;&gt;&lt;italic&gt;Score&lt;/italic&gt;&lt;/th&gt;&lt;th align=&quot;center&quot; rowspan=&quot;1&quot; colspan=&quot;1&quot;&gt;&lt;italic&gt;Rating&lt;/italic&gt;&lt;/th&gt;&lt;/tr&gt;&lt;/thead&gt;&lt;tbody&gt;&lt;tr&gt;&lt;td align=&quot;center&quot; rowspan=&quot;1&quot; colspan=&quot;1&quot;&gt;0&lt;/td&gt;&lt;td align=&quot;center&quot; rowspan=&quot;1&quot; colspan=&quot;1&quot;&gt;No hypernasality&lt;/td&gt;&lt;/tr&gt;&lt;tr&gt;&lt;td align=&quot;center&quot; rowspan=&quot;1&quot; colspan=&quot;1&quot;&gt;1&lt;/td&gt;&lt;td align=&quot;center&quot; rowspan=&quot;1&quot; colspan=&quot;1&quot;&gt;Minimal hypernasality&lt;/td&gt;&lt;/tr&gt;&lt;tr&gt;&lt;td align=&quot;center&quot; rowspan=&quot;1&quot; colspan=&quot;1&quot;&gt;2&lt;/td&gt;&lt;td align=&quot;center&quot; rowspan=&quot;1&quot; colspan=&quot;1&quot;&gt;Mild hypernasality&lt;/td&gt;&lt;/tr&gt;&lt;tr&gt;&lt;td align=&quot;center&quot; rowspan=&quot;1&quot; colspan=&quot;1&quot;&gt;3&lt;/td&gt;&lt;td align=&quot;center&quot; rowspan=&quot;1&quot; colspan=&quot;1&quot;&gt;Moderate hypernasality&lt;/td&gt;&lt;/tr&gt;&lt;tr&gt;&lt;td align=&quot;center&quot; rowspan=&quot;1&quot; colspan=&quot;1&quot;&gt;4&lt;/td&gt;&lt;td align=&quot;center&quot; rowspan=&quot;1&quot; colspan=&quot;1&quot;&gt;Severe hypernasality&lt;/td&gt;&lt;/tr&gt;&lt;/tbody&gt;&lt;/table&gt;
</infon><offset>7440</offset><text>Pittsburgh Weighted Speech Score Hypernasality Component	 	Score	Rating	 	0	No hypernasality	 	1	Minimal hypernasality	 	2	Mild hypernasality	 	3	Moderate hypernasality	 	4	Severe hypernasality	 	</text></passage><passage><infon key="section_type">METHODS</infon><infon key="type">paragraph</infon><offset>7637</offset><text>MTurk survey participants were prompted with the following screen instructions: “Please listen to this sound sample and focus on the child’s voice repeating the instructor’s voice. Which of the following standard samples of hypernasality do you think the child’s speech sounds closest to?” Sound clips were rated on a 5-point Likert scale, corresponding to the hypernasal component (0–4) of the PWSS. The survey page had three clickable &quot;gold standard&quot; samples available for the rater to use as reference, representing PWSS hypernasality of 0 (none), 2 (mild), and 4 (severe). These standards were determined by an SLP with extensive experience evaluating speech of children with cleft palate, who routinely provides clinical speech assessments in our weekly cleft team clinic, where our center is an affiliated team of the American Cleft Palate-Craniofacial Association (ACPA). To enhance the quality of crowdsourced data, MTurk participants were required to have the MasterWorkers qualification, which distinguishes top workers identified by MTurk for consistent and high-quality work. Our study employed the additional quality checks of: USA-based IP addresses; native language English, and no self-reported personal history of hearing or speech problems.</text></passage><passage><infon key="section_type">METHODS</infon><infon key="type">paragraph</infon><offset>8908</offset><text>We investigated two primary outcomes: (1) Do averaged MTurk ratings align with SLP gold standard ratings?, and (2) Are some phrases better than others at predicting hypernasality ratings in online assessments? MTurk ratings for each patient were averaged, to compare to that patient’s gold standard SLP-rated speech score. Given the PWSS is a whole number scale, an acceptable margin of accuracy in this study was set at 0.5 when comparing MTurk averaged results to SLP gold standard ratings. To determine whether some phrases were more accurate predictors of hypernasality scores, ANOVA with Tukey post-hoc pairwise comparisons was conducted. Results are reported in averages ± standard error.</text></passage><passage><infon key="section_type">RESULTS</infon><infon key="type">title_1</infon><offset>9606</offset><text>Results</text></passage><passage><infon key="section_type">RESULTS</infon><infon key="type">paragraph</infon><offset>9614</offset><text>Speech samples were provided by three children with history of cleft palate, ages 4–8 years old, with timing of recordings ranging from pre-surgical repair to 6.5 years follow-up. Surveys containing 16 unique speech samples (5–6 sentences per child) were posted to MTurk, and 68 MTurk participants provided survey responses. Each MTurk user provided a single rating for each of the samples, totaling 1,088 unique speech ratings.</text></passage><passage><infon key="section_type">RESULTS</infon><infon key="type">paragraph</infon><offset>10047</offset><text>MTurk crowdsourced ratings were compared to SLP gold standard ratings. When all MTurk ratings were averaged, Patient 1 crowd mean was 2.62 with standard error of mean 0.059 (SLP rated 2–3); Patient 2 crowd mean was 2.66 ±0.060 (SLP rated 3); and Patient 3 crowd mean was 1.76 ±0.070 (SLP rated 2). When compared to the SLP rating, each MTurk averaged score was within our margin of accuracy of within 0.5 from the gold standard (Table 3).</text></passage><passage><infon key="file">pone.0227686.t003.xml</infon><infon key="id">pone.0227686.t003</infon><infon key="section_type">TABLE</infon><infon key="type">table_title_caption</infon><offset>10490</offset><text>Patient Demographics.</text></passage><passage><infon key="file">pone.0227686.t003.xml</infon><infon key="id">pone.0227686.t003</infon><infon key="section_type">TABLE</infon><infon key="type">table_caption</infon><offset>10512</offset><text>Patient demographics, including age at initial palatoplasty surgery, time elapsed from surgery to speech sample, and age at speech sample recording are presented. The SLP hypernasality sub-score of the Pittsburgh Weighted Speech Score is reported.</text></passage><passage><infon key="file">pone.0227686.t003.xml</infon><infon key="id">pone.0227686.t003</infon><infon key="section_type">TABLE</infon><infon key="type">table</infon><infon key="xml">&lt;?xml version=&quot;1.0&quot; encoding=&quot;UTF-8&quot;?&gt;
&lt;table frame=&quot;hsides&quot; rules=&quot;groups&quot;&gt;&lt;colgroup span=&quot;1&quot;&gt;&lt;col align=&quot;left&quot; valign=&quot;middle&quot; span=&quot;1&quot;/&gt;&lt;col align=&quot;left&quot; valign=&quot;middle&quot; span=&quot;1&quot;/&gt;&lt;col align=&quot;left&quot; valign=&quot;middle&quot; span=&quot;1&quot;/&gt;&lt;col align=&quot;left&quot; valign=&quot;middle&quot; span=&quot;1&quot;/&gt;&lt;col align=&quot;left&quot; valign=&quot;middle&quot; span=&quot;1&quot;/&gt;&lt;col align=&quot;left&quot; valign=&quot;middle&quot; span=&quot;1&quot;/&gt;&lt;col align=&quot;left&quot; valign=&quot;middle&quot; span=&quot;1&quot;/&gt;&lt;/colgroup&gt;&lt;thead&gt;&lt;tr&gt;&lt;th align=&quot;center&quot; rowspan=&quot;1&quot; colspan=&quot;1&quot;&gt;Child&lt;/th&gt;&lt;th align=&quot;center&quot; rowspan=&quot;1&quot; colspan=&quot;1&quot;&gt;Gender&lt;/th&gt;&lt;th align=&quot;center&quot; rowspan=&quot;1&quot; colspan=&quot;1&quot;&gt;Age at Surgery&lt;/th&gt;&lt;th align=&quot;center&quot; rowspan=&quot;1&quot; colspan=&quot;1&quot;&gt;Type of Surgery&lt;/th&gt;&lt;th align=&quot;center&quot; rowspan=&quot;1&quot; colspan=&quot;1&quot;&gt;Time since Surgery&lt;/th&gt;&lt;th align=&quot;center&quot; rowspan=&quot;1&quot; colspan=&quot;1&quot;&gt;Age at Recording&lt;/th&gt;&lt;th align=&quot;center&quot; rowspan=&quot;1&quot; colspan=&quot;1&quot;&gt;SLP Score&lt;/th&gt;&lt;/tr&gt;&lt;/thead&gt;&lt;tbody&gt;&lt;tr&gt;&lt;td align=&quot;center&quot; rowspan=&quot;1&quot; colspan=&quot;1&quot;&gt;P1&lt;/td&gt;&lt;td align=&quot;center&quot; rowspan=&quot;1&quot; colspan=&quot;1&quot;&gt;Female&lt;/td&gt;&lt;td align=&quot;center&quot; rowspan=&quot;1&quot; colspan=&quot;1&quot;&gt;1 year&lt;/td&gt;&lt;td align=&quot;center&quot; rowspan=&quot;1&quot; colspan=&quot;1&quot;&gt;Primary Palatoplasty&lt;/td&gt;&lt;td align=&quot;center&quot; rowspan=&quot;1&quot; colspan=&quot;1&quot;&gt;2 years&lt;/td&gt;&lt;td align=&quot;center&quot; rowspan=&quot;1&quot; colspan=&quot;1&quot;&gt;4 years&lt;/td&gt;&lt;td align=&quot;center&quot; rowspan=&quot;1&quot; colspan=&quot;1&quot;&gt;2–3&lt;/td&gt;&lt;/tr&gt;&lt;tr&gt;&lt;td align=&quot;center&quot; rowspan=&quot;1&quot; colspan=&quot;1&quot;&gt;P2&lt;/td&gt;&lt;td align=&quot;center&quot; rowspan=&quot;1&quot; colspan=&quot;1&quot;&gt;Male&lt;/td&gt;&lt;td align=&quot;center&quot; rowspan=&quot;1&quot; colspan=&quot;1&quot;&gt;1 year&lt;/td&gt;&lt;td align=&quot;center&quot; rowspan=&quot;1&quot; colspan=&quot;1&quot;&gt;Primary Palatoplasty&lt;/td&gt;&lt;td align=&quot;center&quot; rowspan=&quot;1&quot; colspan=&quot;1&quot;&gt;7 years&lt;/td&gt;&lt;td align=&quot;center&quot; rowspan=&quot;1&quot; colspan=&quot;1&quot;&gt;8 years&lt;/td&gt;&lt;td align=&quot;center&quot; rowspan=&quot;1&quot; colspan=&quot;1&quot;&gt;3&lt;/td&gt;&lt;/tr&gt;&lt;tr&gt;&lt;td align=&quot;center&quot; rowspan=&quot;1&quot; colspan=&quot;1&quot;&gt;P3&lt;/td&gt;&lt;td align=&quot;center&quot; rowspan=&quot;1&quot; colspan=&quot;1&quot;&gt;Male&lt;/td&gt;&lt;td align=&quot;center&quot; rowspan=&quot;1&quot; colspan=&quot;1&quot;&gt;N/A&lt;/td&gt;&lt;td align=&quot;center&quot; rowspan=&quot;1&quot; colspan=&quot;1&quot;&gt;N/A&lt;/td&gt;&lt;td align=&quot;center&quot; rowspan=&quot;1&quot; colspan=&quot;1&quot;&gt;Pre-op&lt;/td&gt;&lt;td align=&quot;center&quot; rowspan=&quot;1&quot; colspan=&quot;1&quot;&gt;5 years&lt;/td&gt;&lt;td align=&quot;center&quot; rowspan=&quot;1&quot; colspan=&quot;1&quot;&gt;2&lt;/td&gt;&lt;/tr&gt;&lt;/tbody&gt;&lt;/table&gt;
</infon><offset>10760</offset><text>Child	Gender	Age at Surgery	Type of Surgery	Time since Surgery	Age at Recording	SLP Score	 	P1	Female	1 year	Primary Palatoplasty	2 years	4 years	2–3	 	P2	Male	1 year	Primary Palatoplasty	7 years	8 years	3	 	P3	Male	N/A	N/A	Pre-op	5 years	2	 	</text></passage><passage><infon key="section_type">RESULTS</infon><infon key="type">paragraph</infon><offset>11006</offset><text>Individual phrases were then assessed for predictive value (Table 4). To determine the accuracy of each specific phrase, residuals were calculated by subtracting the SLP rating from the crowdsourced mean, with 95% confidence intervals showing overall phrase accuracy ordered SW (more accurate) ≈ PP ≈ ZC &gt; TT ≈ SS ≈ KC (less accurate) (Fig 1). To compare each of the phrases, ANOVA with Tukey post-hoc pairwise comparisons were performed (Fig 2).</text></passage><passage><infon key="file">pone.0227686.g001.jpg</infon><infon key="id">pone.0227686.g001</infon><infon key="section_type">FIG</infon><infon key="type">fig_title_caption</infon><offset>11461</offset><text>95% Confidence Interval (CI) of Residuals.</text></passage><passage><infon key="file">pone.0227686.g001.jpg</infon><infon key="id">pone.0227686.g001</infon><infon key="section_type">FIG</infon><infon key="type">fig_caption</infon><offset>11504</offset><text>The 95% CIs were calculated based on the residuals (MTurk crowdsourced mean–SLP gold standard score) for each phrase. The phrases ZC, PP, and SW crossed 0.0, while the phrases SS, TT, and KC did not. This suggests that ZC, PP, and SW crowdsourced MTurk speech ratings are not significantly different from the SLP expert score.</text></passage><passage><infon key="file">pone.0227686.g002.jpg</infon><infon key="id">pone.0227686.g002</infon><infon key="section_type">FIG</infon><infon key="type">fig_title_caption</infon><offset>11833</offset><text>MTurk Residuals, by Speech Phrase.</text></passage><passage><infon key="file">pone.0227686.g002.jpg</infon><infon key="id">pone.0227686.g002</infon><infon key="section_type">FIG</infon><infon key="type">fig_caption</infon><offset>11868</offset><text>The mean of the residuals was calculated for each phrase (MTurk crowdsourced mean–SLP gold standard score). Mean residuals showed SW, PP, and ZC are more accurate (smaller distance from gold standard) than TT, SS, and KC (larger distance from gold standard). The column bar graphs below represent mean and standard error of the mean. Statistical significance levels from Tukey post-hoc pairwise comparisons, represented as p values, are listed in the table below the graph.</text></passage><passage><infon key="file">pone.0227686.t004.xml</infon><infon key="id">pone.0227686.t004</infon><infon key="section_type">TABLE</infon><infon key="type">table_title_caption</infon><offset>12344</offset><text>Patient MTurk Ratings by Phrase.</text></passage><passage><infon key="file">pone.0227686.t004.xml</infon><infon key="id">pone.0227686.t004</infon><infon key="section_type">TABLE</infon><infon key="type">table_caption</infon><offset>12377</offset><text>Pilot study comparing speech language pathologist (SLP) gold standard ratings to MTurk user ratings stated as means (standard error of the mean). The different phrases are represented by sentence codes KC, TT, SD, PP, SS, ZC. Blank cells indicate that the SLP did not ask the patient to speak those phrases, and therefore there was no recording of that phrase for MTurk users to rate. When an SLP provided a range of scores for a patient, such as for Patient 1, we took the mean of the range as the gold standard (e.g. a score of “2–3” was converted to 2.5).</text></passage><passage><infon key="file">pone.0227686.t004.xml</infon><infon key="id">pone.0227686.t004</infon><infon key="section_type">TABLE</infon><infon key="type">table</infon><infon key="xml">&lt;?xml version=&quot;1.0&quot; encoding=&quot;UTF-8&quot;?&gt;
&lt;table frame=&quot;hsides&quot; rules=&quot;groups&quot;&gt;&lt;colgroup span=&quot;1&quot;&gt;&lt;col align=&quot;left&quot; valign=&quot;middle&quot; span=&quot;1&quot;/&gt;&lt;col align=&quot;left&quot; valign=&quot;middle&quot; span=&quot;1&quot;/&gt;&lt;col align=&quot;left&quot; valign=&quot;middle&quot; span=&quot;1&quot;/&gt;&lt;col align=&quot;left&quot; valign=&quot;middle&quot; span=&quot;1&quot;/&gt;&lt;col align=&quot;left&quot; valign=&quot;middle&quot; span=&quot;1&quot;/&gt;&lt;col align=&quot;left&quot; valign=&quot;middle&quot; span=&quot;1&quot;/&gt;&lt;col align=&quot;left&quot; valign=&quot;middle&quot; span=&quot;1&quot;/&gt;&lt;col align=&quot;left&quot; valign=&quot;middle&quot; span=&quot;1&quot;/&gt;&lt;col align=&quot;left&quot; valign=&quot;middle&quot; span=&quot;1&quot;/&gt;&lt;/colgroup&gt;&lt;thead&gt;&lt;tr&gt;&lt;th align=&quot;center&quot; rowspan=&quot;1&quot; colspan=&quot;1&quot;&gt;Child&lt;/th&gt;&lt;th align=&quot;center&quot; rowspan=&quot;1&quot; colspan=&quot;1&quot;&gt;SLP Score&lt;/th&gt;&lt;th align=&quot;center&quot; rowspan=&quot;1&quot; colspan=&quot;1&quot;&gt;MTurk Overall Mean (SEM)&lt;/th&gt;&lt;th align=&quot;center&quot; rowspan=&quot;1&quot; colspan=&quot;1&quot;&gt;KC mean (SEM)&lt;/th&gt;&lt;th align=&quot;center&quot; rowspan=&quot;1&quot; colspan=&quot;1&quot;&gt;TT mean (SEM)&lt;/th&gt;&lt;th align=&quot;center&quot; rowspan=&quot;1&quot; colspan=&quot;1&quot;&gt;SW mean (SEM)&lt;/th&gt;&lt;th align=&quot;center&quot; rowspan=&quot;1&quot; colspan=&quot;1&quot;&gt;PP mean (SEM)&lt;/th&gt;&lt;th align=&quot;center&quot; rowspan=&quot;1&quot; colspan=&quot;1&quot;&gt;SS mean (SEM)&lt;/th&gt;&lt;th align=&quot;center&quot; rowspan=&quot;1&quot; colspan=&quot;1&quot;&gt;ZC mean (SEM)&lt;/th&gt;&lt;/tr&gt;&lt;/thead&gt;&lt;tbody&gt;&lt;tr&gt;&lt;td align=&quot;center&quot; rowspan=&quot;1&quot; colspan=&quot;1&quot;&gt;P1&lt;/td&gt;&lt;td align=&quot;center&quot; rowspan=&quot;1&quot; colspan=&quot;1&quot;&gt;2–3&lt;/td&gt;&lt;td align=&quot;center&quot; rowspan=&quot;1&quot; colspan=&quot;1&quot;&gt;2.612&lt;break/&gt;(0.059)&lt;/td&gt;&lt;td align=&quot;center&quot; rowspan=&quot;1&quot; colspan=&quot;1&quot;&gt;2.250&lt;break/&gt;(0.114)&lt;/td&gt;&lt;td align=&quot;center&quot; rowspan=&quot;1&quot; colspan=&quot;1&quot;&gt;2.971&lt;break/&gt;(0.122)&lt;/td&gt;&lt;td align=&quot;center&quot; rowspan=&quot;1&quot; colspan=&quot;1&quot;&gt;2.912&lt;break/&gt;(0.116)&lt;/td&gt;&lt;td align=&quot;center&quot; rowspan=&quot;1&quot; colspan=&quot;1&quot;&gt;2.176&lt;break/&gt;(0.126)&lt;/td&gt;&lt;td align=&quot;center&quot; rowspan=&quot;1&quot; colspan=&quot;1&quot;&gt;2.750 (0.152)&lt;/td&gt;&lt;td align=&quot;center&quot; rowspan=&quot;1&quot; colspan=&quot;1&quot;&gt;---&lt;/td&gt;&lt;/tr&gt;&lt;tr&gt;&lt;td align=&quot;center&quot; rowspan=&quot;1&quot; colspan=&quot;1&quot;&gt;P2&lt;/td&gt;&lt;td align=&quot;center&quot; rowspan=&quot;1&quot; colspan=&quot;1&quot;&gt;3&lt;/td&gt;&lt;td align=&quot;center&quot; rowspan=&quot;1&quot; colspan=&quot;1&quot;&gt;2.654&lt;break/&gt;(0.060)&lt;/td&gt;&lt;td align=&quot;center&quot; rowspan=&quot;1&quot; colspan=&quot;1&quot;&gt;2.147&lt;break/&gt;(0.110)&lt;/td&gt;&lt;td align=&quot;center&quot; rowspan=&quot;1&quot; colspan=&quot;1&quot;&gt;3.324&lt;break/&gt;(0.110)&lt;/td&gt;&lt;td align=&quot;center&quot; rowspan=&quot;1&quot; colspan=&quot;1&quot;&gt;3.235&lt;break/&gt;(0.117)&lt;/td&gt;&lt;td align=&quot;center&quot; rowspan=&quot;1&quot; colspan=&quot;1&quot;&gt;3.485&lt;break/&gt;(0.097)&lt;/td&gt;&lt;td align=&quot;center&quot; rowspan=&quot;1&quot; colspan=&quot;1&quot;&gt;1.956 (0.140)&lt;/td&gt;&lt;td align=&quot;center&quot; rowspan=&quot;1&quot; colspan=&quot;1&quot;&gt;1.779 (0.148)&lt;/td&gt;&lt;/tr&gt;&lt;tr&gt;&lt;td align=&quot;center&quot; rowspan=&quot;1&quot; colspan=&quot;1&quot;&gt;P3&lt;/td&gt;&lt;td align=&quot;center&quot; rowspan=&quot;1&quot; colspan=&quot;1&quot;&gt;2&lt;/td&gt;&lt;td align=&quot;center&quot; rowspan=&quot;1&quot; colspan=&quot;1&quot;&gt;1.768&lt;break/&gt;(0.070)&lt;/td&gt;&lt;td align=&quot;center&quot; rowspan=&quot;1&quot; colspan=&quot;1&quot;&gt;1.588&lt;break/&gt;(0.154)&lt;/td&gt;&lt;td align=&quot;center&quot; rowspan=&quot;1&quot; colspan=&quot;1&quot;&gt;----&lt;/td&gt;&lt;td align=&quot;center&quot; rowspan=&quot;1&quot; colspan=&quot;1&quot;&gt;1.485&lt;break/&gt;(0.133)&lt;/td&gt;&lt;td align=&quot;center&quot; rowspan=&quot;1&quot; colspan=&quot;1&quot;&gt;1.427&lt;break/&gt;(0.144)&lt;/td&gt;&lt;td align=&quot;center&quot; rowspan=&quot;1&quot; colspan=&quot;1&quot;&gt;1.412 (0.133)&lt;/td&gt;&lt;td align=&quot;center&quot; rowspan=&quot;1&quot; colspan=&quot;1&quot;&gt;2.926 (0.135)&lt;/td&gt;&lt;/tr&gt;&lt;/tbody&gt;&lt;/table&gt;
</infon><offset>12942</offset><text>Child	SLP Score	MTurk Overall Mean (SEM)	KC mean (SEM)	TT mean (SEM)	SW mean (SEM)	PP mean (SEM)	SS mean (SEM)	ZC mean (SEM)	 	P1	2–3	2.612(0.059)	2.250(0.114)	2.971(0.122)	2.912(0.116)	2.176(0.126)	2.750 (0.152)	---	 	P2	3	2.654(0.060)	2.147(0.110)	3.324(0.110)	3.235(0.117)	3.485(0.097)	1.956 (0.140)	1.779 (0.148)	 	P3	2	1.768(0.070)	1.588(0.154)	----	1.485(0.133)	1.427(0.144)	1.412 (0.133)	2.926 (0.135)	 	</text></passage><passage><infon key="section_type">DISCUSS</infon><infon key="type">title_1</infon><offset>13356</offset><text>Discussion</text></passage><passage><infon key="section_type">DISCUSS</infon><infon key="type">paragraph</infon><offset>13367</offset><text>Non-stigmatizing, intelligible speech is one of the most critical outcome measures in cleft palate surgery. The cleft team has speech language pathologists (SLPs) to rate key components of speech in children with cleft palate, including hypernasality. Limited access to SLPs due to geographical and temporal factors means that patients cannot always receive SLP evaluations as often as recommended, potentially delaying speech intervention. Therefore, there is an urgent need for alternative assessment modalities that are rapid, low-cost, and widely available to help refer these children to the appropriate expert care.</text></passage><passage><infon key="section_type">DISCUSS</infon><infon key="type">paragraph</infon><offset>13989</offset><text>Crowdsourcing continues to revolutionize clinical outcome measurements, especially for outcomes graded on the basis of social acceptability, such as speech. Our study found that online crowdsourcing of hypernasality in children with cleft palate produced ratings of hypernasality consistent with the assessment of speech experts. This held true even in the setting of a potentially limiting methodology: a short survey with the relatively challenging task of assessing hypernasality, a concept most laypeople find unfamiliar. In all three patients who had 5–6 sentence samples each, the overall mean rating of Amazon Mechanical Turk (MTurk) crowdsourced workers generated a score concordant with that of the gold-standard rating provided by our cleft clinic SLP. This indicates that MTurk ratings can accurately approximate expert ratings for hypernasality.</text></passage><passage><infon key="section_type">DISCUSS</infon><infon key="type">paragraph</infon><offset>14849</offset><text>Our findings are particularly surprising, because the SLP expert rating (our gold standard) was a single number representing their overall impression from a clinical encounter involving many additional single word productions, sentences, rote counting, and conversational speech. Additionally, the SLP rating was assigned based on direct in-room interaction with the patient alongside visualization of the palate using clinical instruments (eg, videonasendoscopy). Despite only selecting 5–6 phrases for online assessment, this limited sample was enough to produce excellent concordance of crowdsourced layperson ratings when compared to expert SLP ratings. In addition, given the larger speech sample experienced by the expert SLP during their clinical evaluation, the SLP may be biased towards the worst sentences or to the more memorable sentences; whereas our experiment is a simple arithmetic unweighted average of 5–6 sentences.</text></passage><passage><infon key="section_type">DISCUSS</infon><infon key="type">paragraph</infon><offset>15788</offset><text>We further delved into the potential differences in sentence accuracy, standardizing by distance from gold standard SLP speech score (i.e., average distance of 0 would mean the crowdsourced ratings were exactly the same as the SLP gold standard speech score). This is particularly relevant moving forward, as some phrases–and by extension, phonemes–appeared to be better indicators of overall speech score than others. For example, our most accurate sentence “Should I wash the dishes” (SW) emphasized the “sh” sound, suggesting that this phoneme may elicit sounds that best approximate the true degree of hypernasality, at least in the setting of crowdsourced ratings of pre-recorded audio. In contrast, the sentence “Katie likes cookies” (KC) was our relatively least accurate sentence; this may imply that the hard “k” phoneme has a lower predictive value for overall hypernasality. These are important findings, because although speech in children with cleft palate has been studied extensively in a clinical setting, it is unclear whether the same phonemes will be appropriate for assessment of hypernasality in an online setting.</text></passage><passage><infon key="section_type">DISCUSS</infon><infon key="type">paragraph</infon><offset>16944</offset><text>Our pilot study adds to the growing body of knowledge that suggests online crowdsourcing for perceptual speech analysis provides ratings highly concordant with expert ratings. This is the first study we are aware of that applies online crowdsourcing in the evaluation of hypernasal speech in children with cleft palate. It builds on previous work suggesting a role for untrained listeners in the evaluation of speech in children with cleft palate, specifically in the identification of speech hypernasality. Past studies conducted in non-online settings have found that untrained listeners are able to identify hypernasality in audio recordings of speech from children with cleft palate with a high degree of accuracy and provide ratings that are consistent with ratings of trained speech experts.</text></passage><passage><infon key="section_type">DISCUSS</infon><infon key="type">paragraph</infon><offset>17742</offset><text>Despite the overall consistency between lay raters and experts, discrepancies emerged in some studies. For example, one study found that trained listeners such as SLPs and physicians provided more consistent ratings than their untrained counterparts, and that on average, lay raters provided higher ratings of hypernasality than their trained peers. Critiques also arose regarding study methodologies, highlighting one of the major challenges in this study: identifying a standardized assessment tool that is valid among untrained listeners, and allows for direct comparison with SLP expert ratings.</text></passage><passage><infon key="section_type">DISCUSS</infon><infon key="type">paragraph</infon><offset>18342</offset><text>Due to the presumed unfamiliarity with clinical speech variables such as “hypernasality,” many studies attempted to evaluate speech using modified scales for lay raters that applied speech descriptors (eg, “this child sounds like he/she has a cold,” speech sounds like the child is “talking through their nose,” or “sounds like puffs of air coming through the nose”) in place of validated clinical instruments used by experts. While these studies may have be formatted in language more accessible to the general public, they limit the authors’ ability to make conclusions regarding consistency between layperson ratings and those of experts. Our study addressed this challenge by employing a validated speech scale used by our cleft team SLPs (the Pittsburgh Weighted Speech Score), and embedding clickable gold-standard reference samples for ratings of no hypernasality, mild hypernasality, and severe hypernasality for lay raters to reference as many times as necessary throughout the study. This approach, therefore, allowed for direct comparison between lay ratings and speech expert ratings using a validated speech scale, while also providing the lay raters examples of the disordered speech patterns they were tasked to identify.</text></passage><passage><infon key="section_type">DISCUSS</infon><infon key="type">paragraph</infon><offset>19597</offset><text>Although lay evaluation of hypernasality appears to have a high degree of accuracy, it is important to note that some studies have found that lay ratings of other speech components may deviate from expert ratings. One study evaluating various components of speech of individuals with cleft palate found that despite similar ratings of the speech hypernasality component, untrained listeners are less adept at identifying audible nasal air emission and turbulence, two other features of speech in individuals with cleft palate, and were only able to consistently identify speech samples with relatively severe impairments. Other studies have identified limitations unique to the online setting: for example, one study evaluating dysarthria in patients with Parkinson’s Disease found that lay ratings of speech volume correlated poorly with expert ratings, despite high correlation in the assessment of other speech variables. These findings reinforce the importance of carefully scrutinizing study methodology and suggest that even in the case of well-designed studies, some components of speech may be more appropriately assessed in the clinical setting than in online setting, either due to the complexity of speech patterns (in the case of nasal air emission and turbulence) or the variability of sound quality in speech assessments conducted over computers (in the case of volume in the speech of patients with Parkinson’s Disease).</text></passage><passage><infon key="section_type">DISCUSS</infon><infon key="type">paragraph</infon><offset>21037</offset><text>Identifying areas where SLPs and laypeople diverge in their perceptual speech ratings has the potential to be quite valuable, as discordance should prompt further review as to whether additional intervention is necessary. SLPs are trained to scrutinize speech for underlying pathology, but presence of pathology does not necessarily correlate with functional disability (for example, a minimal hypernasality that SLP detects, but an average layperson cannot detect). If the ultimate goal of speech is to effectively communicate with the public, then layperson perspective (including which pathologies go undetected) is not only valuable, but likely essential for patient-oriented outcome measures.</text></passage><passage><infon key="section_type">DISCUSS</infon><infon key="type">title_2</infon><offset>21735</offset><text>Limitations</text></passage><passage><infon key="section_type">DISCUSS</infon><infon key="type">paragraph</infon><offset>21747</offset><text>One limitation of this study is the sample size of three patients from our cleft center. In the future, this study can be replicated with a larger number of patients and a more diverse array of speech samples (e.g., greater variation in severity of hypernasality, regional accents, and patient ages), in order to investigate the generalizability of these results. Ratings of conversational speech, instead of isolated phrases, provide additional insight into perceived speech hypernasality, but our study attempted to show that a simpler screening tool based on shorter phrases can still have potential to provide useful information that may guide a patient to seek an expert SLP. Another limitation was the quality of speech recordings. All audio samples used in this study were extracted from videonasendoscopy recordings that were part of the patient’s medical record. The quality of these recordings was often less than ideal, sometimes with considerable white noise and audio distortion. In an effort to maintain the integrity of the initial recordings, we intentionally did not edit recordings for improved sound quality. Despite the potential for audio quality to degrade perception, layperson assessment of these recordings was highly concordant with SLP ratings. The ability of lay raters to detect hypernasality, even in the setting of limited-quality recordings, is reassuring. Moving forward, using higher quality recordings may provide additional insight and fidelity into the utility of crowdsourcing for speech outcomes in individuals with cleft palate.</text></passage><passage><infon key="section_type">DISCUSS</infon><infon key="type">paragraph</infon><offset>23318</offset><text>Furthermore, although online lay raters may be able to identify hypernasality in speech, perceptual speech analysis alone cannot identify the root of speech disorders. Clinical ratings of speech in individuals with cleft palate traditionally combine clinical instruments (eg, videonasendoscopy) and perceptual assessments to comprehensively evaluate nasality, and crowdsourced ratings cannot replace this need for in-person expert clinical assessments. Our study, therefore, suggests that crowdsourcing may be an appropriate screening tool to identify hypernasality of speech, direct referrals for children in need of additional follow-up, and complement clinical ratings, but crowdsourcing alone cannot replace clinical evaluations.</text></passage><passage><infon key="section_type">DISCUSS</infon><infon key="type">title_2</infon><offset>24052</offset><text>Future directions</text></passage><passage><infon key="section_type">DISCUSS</infon><infon key="type">paragraph</infon><offset>24070</offset><text>One of the most surprising results is that the unweighted arithmetic mean of a relatively small number of sentences, approaches the accuracy of a SLP in-person clinical evaluation with many more sentences. This implies some sentences are less accurate than others, and our data suggests sentences with the “sh” phonemes may be more accurate for the assessment of hypernasality. Future directions include removing less accurate sentences from our sampling model, and evaluating whether a smaller number of highly-predictive sentences enhances the ability of untrained listeners to approximate the patient’s expert speech score.</text></passage><passage><infon key="section_type">DISCUSS</infon><infon key="type">paragraph</infon><offset>24703</offset><text>This study sets the stage for a number of future investigations, including larger-scale multi-center studies to validate our results, studies of speech pathologies aside from hypernasality (e.g., nasal emission, nasal turbulence, hyponasality), and creation of a mobile application (app) that allows for collection of speech assessments remotely and prospectively. Remote assessment of speech, delivered through MTurk-generated perceptual speech ratings, could provide close monitoring of speech outcomes for children without ready access to SLPs. These assessments would provide non-experts, such as educators and general pediatricians, access to a screening tool for children who may need additional intervention by a qualified speech expert, facilitating timely referral and treatment. In addition, it could facilitate collaboration among SLPs in challenging cases by creating an easy system to share speech samples and garner additional speech ratings.</text></passage><passage><infon key="section_type">DISCUSS</infon><infon key="type">paragraph</infon><offset>25660</offset><text>Online crowdsourcing has the potential to attenuate clinical barriers to care by providing rapid, low-cost assessments of speech that are concordant with gold standard measures. Discovering the most specific and accurate sentences could provide a screening tool for non-SLP clinicians and community members. Through this improved access to care, we will be able to provide better follow-up to our most vulnerable patients, including those from rural, international, or socioeconomically disadvantaged communities. Better access to diagnostic tools to facilitate earlier intervention, may improve speech outcomes and ultimately improve quality of life for children with cleft palate.</text></passage><passage><infon key="section_type">CONCL</infon><infon key="type">title_1</infon><offset>26343</offset><text>Conclusion</text></passage><passage><infon key="section_type">CONCL</infon><infon key="type">paragraph</infon><offset>26354</offset><text>Assessment of speech is a cornerstone in the post-operative care of a child born with cleft, as normal intelligible speech contributes meaningfully to a growing child’s quality of life. The results of this pilot study demonstrate that online crowdsourced ratings of hypernasal speech from children with cleft palate are highly concordant with speech expert ratings, and sets the stage for future large-scale validation studies. Furthermore, individual phrases had different crowdsourced layperson accuracies; in particular phrases with “sh” phonemes seem particularly accurate for laypeople to detect hypernasality in our online speech evaluation model. This ability to collect high-quality assessments of hypernasal speech using online crowdsourcing may provide a much-needed and exciting opportunity to extend access to care and improve patient outcomes.</text></passage><passage><infon key="section_type">REF</infon><infon key="type">title</infon><offset>27217</offset><text>References</text></passage><passage><infon key="fpage">1008</infon><infon key="issue">12</infon><infon key="lpage">16</infon><infon key="name_0">surname:Parker;given-names:SE</infon><infon key="name_1">surname:Mai;given-names:CT</infon><infon key="name_2">surname:Canfield;given-names:MA</infon><infon key="name_3">surname:Rickard;given-names:R</infon><infon key="name_4">surname:Wang;given-names:Y</infon><infon key="name_5">surname:Meyer;given-names:RE</infon><infon key="pub-id_doi">10.1002/bdra.20735</infon><infon key="pub-id_pmid">20878909</infon><infon key="section_type">REF</infon><infon key="source">Birth Defects Res A Clin Mol Teratol</infon><infon key="type">ref</infon><infon key="volume">88</infon><infon key="year">2010</infon><offset>27228</offset><text>Updated National Birth Prevalence estimates for selected birth defects in the United States, 2004–2006</text></passage><passage><infon key="fpage">177</infon><infon key="issue">5</infon><infon key="lpage">181</infon><infon key="name_0">surname:Abbott;given-names:M.</infon><infon key="pub-id_doi">10.1542/pir.35-5-177</infon><infon key="pub-id_pmid">24790071</infon><infon key="section_type">REF</infon><infon key="source">Pediatrics in review</infon><infon key="type">ref</infon><infon key="volume">35</infon><infon key="year">2014</infon><offset>27333</offset><text>Cleft lip and palate</text></passage><passage><infon key="section_type">REF</infon><infon key="type">ref</infon><offset>27354</offset><text>Standards for approval of cleft palate and craniofacial teams (Standard No. 1.2). American Cleft Palate-Craniofacial Association; 2016.</text></passage><passage><infon key="fpage">1343e</infon><infon key="issue">6</infon><infon key="lpage">55e</infon><infon key="name_0">surname:Naran;given-names:S</infon><infon key="name_1">surname:Ford;given-names:M</infon><infon key="name_2">surname:Losee;given-names:JE</infon><infon key="pub-id_doi">10.1097/PRS.0000000000003335</infon><infon key="pub-id_pmid">28538580</infon><infon key="section_type">REF</infon><infon key="source">Plastic and reconstructive surgery</infon><infon key="type">ref</infon><infon key="volume">139</infon><infon key="year">2017</infon><offset>27490</offset><text>What's New in Cleft Palate and Velopharyngeal Dysfunction Management?</text></passage><passage><infon key="fpage">1057</infon><infon key="issue">12</infon><infon key="lpage">61</infon><infon key="name_0">surname:Reilly;given-names:S</infon><infon key="name_1">surname:Harper;given-names:M</infon><infon key="name_2">surname:Goldfeld;given-names:S</infon><infon key="pub-id_doi">10.1111/jpc.13318</infon><infon key="pub-id_pmid">27662112</infon><infon key="section_type">REF</infon><infon key="source">Journal of paediatrics and child health</infon><infon key="type">ref</infon><infon key="volume">52</infon><infon key="year">2016</infon><offset>27560</offset><text>The demand for speech pathology services for children: Do we need more or just different?</text></passage><passage><infon key="fpage">351</infon><infon key="lpage">64</infon><infon key="name_0">surname:Sescleifer;given-names:AM</infon><infon key="name_1">surname:Francoisse;given-names:CA</infon><infon key="name_2">surname:Lin;given-names:AY</infon><infon key="pub-id_doi">10.1016/j.jss.2018.06.032</infon><infon key="pub-id_pmid">30463741</infon><infon key="section_type">REF</infon><infon key="source">The Journal of surgical research</infon><infon key="type">ref</infon><infon key="volume">232</infon><infon key="year">2018</infon><offset>27650</offset><text>Systematic Review: Online Crowdsourcing to Assess Perceptual Speech Outcomes</text></passage><passage><infon key="name_0">surname:McWilliams BJ;given-names:PB</infon><infon key="section_type">REF</infon><infon key="source">Velopharyngeal Incompetence: Audio Seminars in Speech Pathology</infon><infon key="type">ref</infon><infon key="year">1979</infon><offset>27727</offset></passage><passage><infon key="fpage">656</infon><infon key="issue">5</infon><infon key="lpage">74</infon><infon key="name_0">surname:Brunnegard;given-names:K</infon><infon key="name_1">surname:Lohmander;given-names:A</infon><infon key="name_2">surname:van Doorn;given-names:J</infon><infon key="pub-id_doi">10.1080/13682820802295203</infon><infon key="pub-id_pmid">18821109</infon><infon key="section_type">REF</infon><infon key="source">International journal of language &amp; communication disorders</infon><infon key="type">ref</infon><infon key="volume">44</infon><infon key="year">2009</infon><offset>27728</offset><text>Untrained listeners' ratings of speech disorders in a group with cleft palate: a comparison with speech and language pathologists' ratings</text></passage><passage><infon key="fpage">49</infon><infon key="issue">1</infon><infon key="lpage">58</infon><infon key="name_0">surname:Lewis;given-names:KE</infon><infon key="name_1">surname:Watterson;given-names:TL</infon><infon key="name_2">surname:Houghton;given-names:SM</infon><infon key="pub-id_doi">10.1016/s0021-9924(02)00134-x</infon><infon key="pub-id_pmid">12493637</infon><infon key="section_type">REF</infon><infon key="source">Journal of communication disorders</infon><infon key="type">ref</infon><infon key="volume">36</infon><infon key="year">2003</infon><offset>27867</offset><text>The influence of listener experience and academic training on ratings of nasality</text></passage><passage><infon key="fpage">286</infon><infon key="issue">4</infon><infon key="lpage">92</infon><infon key="name_0">surname:Starr;given-names:CD</infon><infon key="name_1">surname:Moller;given-names:KT</infon><infon key="name_2">surname:Dawson;given-names:W</infon><infon key="name_3">surname:Graham;given-names:J</infon><infon key="name_4">surname:Skaar;given-names:S</infon><infon key="pub-id_pmid">6595084</infon><infon key="section_type">REF</infon><infon key="source">The Cleft palate journal</infon><infon key="type">ref</infon><infon key="volume">21</infon><infon key="year">1984</infon><offset>27949</offset><text>Speech ratings by speech clinicians, parents and children</text></passage><passage><infon key="fpage">288</infon><infon key="issue">6</infon><infon key="lpage">95</infon><infon key="name_0">surname:Tonz;given-names:M</infon><infon key="name_1">surname:Schmid;given-names:I</infon><infon key="name_2">surname:Graf;given-names:M</infon><infon key="name_3">surname:Mischler-Heeb;given-names:R</infon><infon key="name_4">surname:Weissen;given-names:J</infon><infon key="name_5">surname:Kaiser;given-names:G</infon><infon key="pub-id_doi">10.1159/000066153</infon><infon key="pub-id_pmid">12417799</infon><infon key="section_type">REF</infon><infon key="source">Folia phoniatrica et logopaedica: official organ of the International Association of Logopedics and Phoniatrics (IALP)</infon><infon key="type">ref</infon><infon key="volume">54</infon><infon key="year">2002</infon><offset>28007</offset><text>Blinded speech evaluation following pharyngeal flap surgery by speech pathologists and lay people in children with cleft palate</text></passage><passage><infon key="fpage">488</infon><infon key="issue">5</infon><infon key="lpage">95</infon><infon key="name_0">surname:Bagnall;given-names:AD</infon><infon key="name_1">surname:David;given-names:DJ</infon><infon key="pub-id_doi">10.1016/0007-1226(88)90005-7</infon><infon key="pub-id_pmid">3179594</infon><infon key="section_type">REF</infon><infon key="source">British journal of plastic surgery</infon><infon key="type">ref</infon><infon key="volume">41</infon><infon key="year">1988</infon><offset>28135</offset><text>Speech results of cleft palate surgery: two methods of assessment</text></passage><passage><infon key="fpage">958</infon><infon key="issue">6</infon><infon key="lpage">65</infon><infon key="name_0">surname:Witt;given-names:PD</infon><infon key="name_1">surname:Berry;given-names:LA</infon><infon key="name_2">surname:Marsh;given-names:JL</infon><infon key="name_3">surname:Grames;given-names:LM</infon><infon key="name_4">surname:Pilgram;given-names:TK</infon><infon key="pub-id_doi">10.1097/00006534-199611000-00005</infon><infon key="pub-id_pmid">8911465</infon><infon key="section_type">REF</infon><infon key="source">Plastic and reconstructive surgery</infon><infon key="type">ref</infon><infon key="volume">98</infon><infon key="year">1996</infon><offset>28201</offset><text>Speech outcome following palatoplasty in primary school children: do lay peer observers agree with speech pathologists?</text></passage><passage><infon key="section_type">REF</infon><infon key="type">ref</infon><offset>28321</offset><text>McNaney R OM, Richardson D, et al., editor Speeching: Mobile Crowdsourced Speech Assessment to Support Self-Monitoring and Management for People with Parkinson’s. CHI Conference on Human Factors in Computing Systems; 2016; New York, NY.</text></passage><passage><infon key="fpage">64</infon><infon key="issue">1</infon><infon key="lpage">70</infon><infon key="name_0">surname:Lohmander;given-names:A</infon><infon key="name_1">surname:Olsson;given-names:M</infon><infon key="pub-id_doi">10.1597/02-136</infon><infon key="pub-id_pmid">14697067</infon><infon key="section_type">REF</infon><infon key="source">The Cleft palate-craniofacial journal: official publication of the American Cleft Palate-Craniofacial Association</infon><infon key="type">ref</infon><infon key="volume">41</infon><infon key="year">2004</infon><offset>28560</offset><text>Methodology for perceptual assessment of speech in patients with cleft palate: a critical review of the literature</text></passage></document></collection>
