<?xml version="1.0" encoding="UTF-8"?>
<!DOCTYPE collection SYSTEM "BioC.dtd">
<collection><source>PMC</source><date>20201215</date><key>pmc.key</key><document><id>6977078</id><infon key="license">NO-CC CODE</infon><passage><infon key="article-id_doi">10.1021/acsomega.9b03708</infon><infon key="article-id_pmc">6977078</infon><infon key="article-id_pmid">31984253</infon><infon key="fpage">980</infon><infon key="issue">2</infon><infon key="license">This is an open access article published under an ACS AuthorChoice License, which permits copying and redistribution of the article or any adaptations for non-commercial purposes.</infon><infon key="lpage">985</infon><infon key="name_0">surname:Picache;given-names:Jaqueline
A.</infon><infon key="name_1">surname:May;given-names:Jody C.</infon><infon key="name_2">surname:McLean;given-names:John A.</infon><infon key="section_type">TITLE</infon><infon key="type">front</infon><infon key="volume">5</infon><infon key="year">2020</infon><offset>0</offset><text>Crowd-Sourced Chemistry: Considerations for Building a Standardized Database to Improve Omic Analyses</text></passage><passage><infon key="section_type">ABSTRACT</infon><infon key="type">abstract</infon><offset>102</offset><text>Mass spectrometry (MS) is used in multiple omics disciplines to generate large collections of data. This data enables advancements in biomedical research by providing global profiles of a given system. One of the main barriers to generating these profiles is the inability to accurately annotate omics data, especially small molecules. To complement pre-existing large databases that are not quite complete, research groups devote efforts to generating personal libraries to annotate their data. Scientific progress is impeded during the generation of these personal libraries because the data contained within them is often redundant and/or incompatible with other databases. To overcome these redundancies and incompatibilities, we propose that communal, crowd-sourced databases be curated in a standardized fashion. A small number of groups have shown this model is feasible and successful. While the needs of a specific field will dictate the functionality of a communal database, we discuss some features to consider during database development. Special emphasis is made on standardization of terminology, documentation, format, reference materials, and quality assurance practices. These standardization procedures enable a field to have higher confidence in the quality of the data within a given database. We also discuss the three conceptual pillars of database design as well as how crowd-sourcing is practiced. Generating open-source databases requires front-end effort, but the result is a well curated, high quality data set that all can use. Having a resource such as this fosters collaboration and scientific advancement.</text></passage><passage><infon key="section_type">INTRO</infon><infon key="type">title_1</infon><offset>1739</offset><text>Introduction</text></passage><passage><infon key="section_type">INTRO</infon><infon key="type">paragraph</infon><offset>1752</offset><text>“While the goal is to extract insights from complex, noisy, and heterogeneous datasets, barriers have included the speed of data handling, curation and the veracity of the data, the sheer volume of data, and the heterogeneity of data to be integrated.”</text></passage><passage><infon key="section_type">INTRO</infon><infon key="type">paragraph</infon><offset>2009</offset><text>Mass spectrometry serves as a foundational analytical technology in untargeted omics experiments. In recent decades, MS has enabled the collection of big data in biomedical research. As more data is collected and the age of big data matures, many opportunities arise to gain insightful knowledge about biomedical systems that were not previously accessible. However, many of these opportunities remain unseized due to challenges in annotating omics data, especially in the realm of small molecules. Waldman and Terzic aptly describe why annotating big data is difficult:</text></passage><passage><infon key="section_type">INTRO</infon><infon key="type">paragraph</infon><offset>2580</offset><text>To overcome such barriers, mass spectrometrists have turned to bioinformatic solutions which include curating data sets and building databases, data libraries, and/or data repositories. While these terms are often used interchangeably, their definitions have nuanced differences as described in Table 1. Annotation of omics data relies heavily on matches from database queries. Success in the annotation process is contingent upon the quality of the database being queried as well as the amount of unique information known about the omic compound in question. A few prominent, large-scale databases include the Human Metabolome Database, PubChem, and UniProt.−</text></passage><passage><infon key="file">tbl1.xml</infon><infon key="id">tbl1</infon><infon key="section_type">TABLE</infon><infon key="type">table_title_caption</infon><offset>3243</offset><text>Data Collection Terms</text></passage><passage><infon key="file">tbl1.xml</infon><infon key="id">tbl1</infon><infon key="section_type">TABLE</infon><infon key="type">table</infon><infon key="xml">&lt;?xml version=&quot;1.0&quot; encoding=&quot;UTF-8&quot;?&gt;
&lt;table frame=&quot;hsides&quot; rules=&quot;groups&quot; border=&quot;0&quot;&gt;&lt;colgroup&gt;&lt;col align=&quot;left&quot;/&gt;&lt;col align=&quot;left&quot;/&gt;&lt;/colgroup&gt;&lt;thead&gt;&lt;tr&gt;&lt;th style=&quot;border:none;&quot; align=&quot;center&quot;&gt;term&lt;/th&gt;&lt;th style=&quot;border:none;&quot; align=&quot;center&quot;&gt;description&lt;/th&gt;&lt;/tr&gt;&lt;/thead&gt;&lt;tbody&gt;&lt;tr&gt;&lt;td style=&quot;border:none;&quot; align=&quot;left&quot;&gt;data set&lt;/td&gt;&lt;td style=&quot;border:none;&quot; align=&quot;left&quot;&gt;a collection of data&lt;sup&gt;&lt;xref ref-type=&quot;bibr&quot; rid=&quot;ref6&quot;&gt;6&lt;/xref&gt;&lt;/sup&gt;&lt;/td&gt;&lt;/tr&gt;&lt;tr&gt;&lt;td style=&quot;border:none;&quot; align=&quot;left&quot;&gt;database&lt;/td&gt;&lt;td style=&quot;border:none;&quot; align=&quot;left&quot;&gt;an organized collection of records that is standardized to
enable searching and retrieval of content&lt;sup&gt;&lt;xref ref-type=&quot;bibr&quot; rid=&quot;ref6&quot;&gt;6&lt;/xref&gt;&lt;/sup&gt;&lt;/td&gt;&lt;/tr&gt;&lt;tr&gt;&lt;td style=&quot;border:none;&quot; align=&quot;left&quot;&gt;data library&lt;/td&gt;&lt;td style=&quot;border:none;&quot; align=&quot;left&quot;&gt;a collection of data
materials
in various formats with the purpose of providing information to a target group&lt;sup&gt;&lt;xref ref-type=&quot;bibr&quot; rid=&quot;ref6&quot;&gt;6&lt;/xref&gt;&lt;/sup&gt;&lt;/td&gt;&lt;/tr&gt;&lt;tr&gt;&lt;td style=&quot;border:none;&quot; align=&quot;left&quot;&gt;repository&lt;/td&gt;&lt;td style=&quot;border:none;&quot; align=&quot;left&quot;&gt;a collection of digital
documents stored for preservation and
public access&lt;sup&gt;&lt;xref ref-type=&quot;bibr&quot; rid=&quot;ref6&quot;&gt;6&lt;/xref&gt;&lt;/sup&gt;&lt;/td&gt;&lt;/tr&gt;&lt;/tbody&gt;&lt;/table&gt;
</infon><offset>3265</offset><text>term	description	 	data set	a collection of data	 	database	an organized collection of records that is standardized to	 	enable searching and retrieval of content	 	data library	a collection of data	 	materials	 	in various formats with the purpose of providing information to a target group	 	repository	a collection of digital	 	documents stored for preservation and	 	public access	 	</text></passage><passage><infon key="section_type">INTRO</infon><infon key="type">paragraph</infon><offset>3660</offset><text>All three of these databases rely on crowd-sourced information. Generally, crowd-sourcing is an active solicitation of content, ideas, or services from a large community. When performed by scientific database curators, crowd-sourcing involves active parsing of the scientific literature to update and addend contents in an automated fashion. This automated crowd-sourcing process is necessary given that there are reports of &gt;290,000 proteins and &gt;25,000 endogenous metabolites in humans. While databases such as those previously mentioned provide an important service to the biomedical research community, they remain incomplete, and in some cases, it is challenging to recognize where they are incomplete. As a result, research groups end up developing their own data libraries or databases. Consequences of building personalized libraries and databases include a loss of time and resources due to a redundancy of data acquisition and curation, limited scientific collaboration due to incompatibilities (e.g., informatics, jargon, etc.), and research opacity because raw data is often not referenced or otherwise available. To alleviate these consequences, we propose that field experts build a crowd-sourced database that integrates into successful pre-existing workflows. It should be noted that contributors to the database (i.e., the crowd) will most likely also be field experts. Since database developing is an iterative process, open dialogue between the developer and crowd is encouraged to meet field specific needs. Two examples of successful crowd-sourced databases are the MassBank of North America (MONA) and the Unified Collision Cross Section Compendium. MONA was the first public repository for small molecule mass spectral data. The Unified CCS Compendium is a database of drift-tube ion mobility mass spectrometry data of omic compounds. Here, we discuss a model to create a crowd-sourced omics database including five pillars of database features that need to be considered. Further, we discuss design concepts and how crowd-sourcing is currently done within the research community.</text></passage><passage><infon key="section_type">INTRO</infon><infon key="type">title_1</infon><offset>5764</offset><text>Database Features</text></passage><passage><infon key="section_type">INTRO</infon><infon key="type">paragraph</infon><offset>5782</offset><text>A generalized schematic of how an omic database is developed is shown in Figure 1. Specifically, an initial data set is processed via data curation, standardization, and annotation with metadata. Next, the curated data set is compiled into a database that gets disseminated to others within a field. These end users utilize the information within the database to gain knowledge about their own experiments, which leads to novel scientific conclusions and the formulation of future questions. These new conclusions become newly generated data sets which then undergo dereplication, validation, and standardization to be added to the pre-existing database. Even though this process only contains five general stages, much should be considered along each step. It is recommended that the following features be considered before data acquisition and curation as well as development of a database begins.</text></passage><passage><infon key="file">ao9b03708_0004.jpg</infon><infon key="id">fig1</infon><infon key="section_type">FIG</infon><infon key="type">fig_caption</infon><offset>6682</offset><text>General Database Development. Databases start with an
initial data
set that undergoes standardization. This standardized database is
disseminated through the research–peer review cycle. Subsequently,
new data is added to the existing database and the cycle begins again.</text></passage><passage><infon key="section_type">INTRO</infon><infon key="type">title_2</infon><offset>6955</offset><text>Standardization Requirements</text></passage><passage><infon key="section_type">INTRO</infon><infon key="type">paragraph</infon><offset>6984</offset><text>The overall goal of a database is to create a collection of data that end users can use with as few barriers as possible. One way to minimize barriers that end users will face is to create a standardized system which includes a standard data type, reporting format, terminology, quality control process, metadata inclusion, and/or reference material information, as shown in Figure 2. Data type refers to what kind of data the database will contain. Will it be data from one specific technology or technique? Will this data be in the primary (raw) or secondary (processed) form? Primary data is preferred for scientific transparency. However, it is often larger and will require more computational storage space and data management resources. Secondary data is more common due to their smaller storage requirements and ease of use. Most end users prefer to look at conclusive or summative data.</text></passage><passage><infon key="file">ao9b03708_0005.jpg</infon><infon key="id">fig2</infon><infon key="section_type">FIG</infon><infon key="type">fig_caption</infon><offset>7879</offset><text>Database Features. To maximize the utility of their database, developers
should consider the data type, standard terminology, included metadata,
reference materials, and data management systems when designing their
database.</text></passage><passage><infon key="section_type">INTRO</infon><infon key="type">paragraph</infon><offset>8104</offset><text>Reporting format and standard terminology must be considered. If a database contains primary data, how will that data be uploaded by the user? The database management system will need the capabilities to handle large data file transfers as well as automated indexing of addended data. Database management systems are discussed further in section 3. Databases that contain secondary data are easier to manage in terms of indexing and storage needs. However, the database developers need to create a standard format that is both informative and facile enough for end-users to comply with. Database specific terminology must be defined from the beginning so that users understand what is required of them and how to use the data within. Such terminology should unambiguously convey experimental design, data acquisition, and data processing parameters. Furthermore, any information needed to provide a context for the reported results should also be included. This enables other users to fully understand the stated conclusions and compare studies from different research groups. One crucial aspect of databases is that each record within the database needs to have a unique identifier. In metabolomics, this can be a compound’s InChI Key or molecular structure. In genomics, this could be a specific gene locus. This unique identifier enables universal indexing of records without ambiguity and quick data import and export from the database.</text></passage><passage><infon key="section_type">INTRO</infon><infon key="type">title_2</infon><offset>9547</offset><text>Metadata Documentation</text></passage><passage><infon key="section_type">INTRO</infon><infon key="type">paragraph</infon><offset>9570</offset><text>Metadata is defined as “minimum information needed to ensure that submitted data are sufficient for clear interpretation and querying by other scientists.” As previously mentioned, inclusion of contextual information as well as experimental procedures is imperative. Providing metadata maximizes a data set’s utility by allowing others to understand, reproduce, and build off of reported work. Database developers should provide guidelines about what type of information is needed for interpretation and querying for a specific field. Alternatively, a database can contain primary references for a given data set such that end users can obtain the metadata elsewhere. The Minimum Information for Biological and Biomedical Investigations (MIBBI) is a useful resource when deciding what metadata should be included. MIBBI contains registries of reporting efforts for biological/biomedical studies as well as field specific recommendations which include the Minimum Information about a Genome Sequence (MIGS) and Minimum Information about a Metagenomic Sequence (MIMS) for genomic and transcriptomic data, the Minimum Information about a Proteomics Experiment (MIAPE) for proteomics data, and the Core Information for Metabolomics Reporting (CIMR) for metabolomics data.−</text></passage><passage><infon key="section_type">INTRO</infon><infon key="type">title_2</infon><offset>10847</offset><text>Reference Materials</text></passage><passage><infon key="section_type">INTRO</infon><infon key="type">paragraph</infon><offset>10867</offset><text>The standardization process goes beyond informatics and reporting. It is recommended that database guidelines include a physical standard such that the reagent can be added as a control in experiments. This standard would serve as a stable reference point for data quality when compared to known experimental values for said reference standard. Having a reference standard that is accessible to a breadth of end users enables data comparisons and quality checks between experiments, across platforms, and between research groups. This is particularly important when used in omics experiments in clinical/diagnostic settings. The reference standard choice is often decided by the users within the field, but standard materials and associated measurements are provided by the National Institute of Standards Technology () in the United States and the Laboratory of the Government Chemist () in the United Kingdom.</text></passage><passage><infon key="section_type">INTRO</infon><infon key="type">title_2</infon><offset>11779</offset><text>Quality Assurance</text></passage><passage><infon key="section_type">INTRO</infon><infon key="type">paragraph</infon><offset>11797</offset><text>The success of any database is contingent upon its quality assurance (QA). QA for a database is the process that ensures that data and informatic tools within meet a certain standard as dictated by the database design model and specifications. QA is a twofold process: The first is during initial development of the database. It begins with the standardization procedures previously described as well as developing tools that can audit the database intermittently. These audits should ensure that all of the data is represented accurately and as planned, and that all of the database functionality is operating properly. The second process is when new data is added to the database. Procedures should be in place to vet the quality of the incoming data such that it meets the standardization requirements previously set forth. This ensures that the integrity of the database is maintained.</text></passage><passage><infon key="section_type">METHODS</infon><infon key="type">title_1</infon><offset>12687</offset><text>Design Concepts</text></passage><passage><infon key="section_type">METHODS</infon><infon key="type">title_2</infon><offset>12703</offset><text>Conceptual Design</text></passage><passage><infon key="section_type">METHODS</infon><infon key="type">paragraph</infon><offset>12721</offset><text>The conceptual design of a database defines the data requirements of and the application of the database in question. This includes the metadata requirements as well as the standardized data type and format as previously discussed. This pillar of the database design is field and data specific. Discussions about the aforementioned database features from section 2 should be included during the conceptual design phase.</text></passage><passage><infon key="section_type">METHODS</infon><infon key="type">title_2</infon><offset>13141</offset><text>Logical Design</text></passage><passage><infon key="section_type">METHODS</infon><infon key="type">paragraph</infon><offset>13156</offset><text>The logical design of a database involves the implementation and management systems of the database. It can be thought of as the “back-end” design of a database. Particular attention should be paid to determining how and when data will be normalized and background/noise corrected and which, if any, further transformations will occur. Often, genomic and transcriptomic databases contain primary data that is normalized by the database infrastructure during the data submission process. Proteomic and metabolomic data is usually presented as secondary data that includes the larger context of the experiment performed. Additionally, proteomic and metabolomic data have more variety in potential output, in terms of content and size, when compared to genomic and transcriptomic data. As a result, this type of data is normalized and background subtracted before submission to a database. Developers need to also consider if data sets are to be kept separate or merged. Data sets can be merged to save space and represent a crowd-sourced conclusion. Keeping them separate enables study comparisons. Both options are used in bioinformatics, and the overall aim of a given database will determine which is more suitable.</text></passage><passage><infon key="section_type">METHODS</infon><infon key="type">paragraph</infon><offset>14377</offset><text>Once data is addended into a database, it needs to be maintained. Several options exist to retain order and search capabilities of a database. For large data sets, SQL Server can be used. It works well with relational data, especially if individual records have many attributes associated with them. SQL data sets can be transformed into the XML data format which is amenable to many informatic solutions and coding languages. For smaller data sets, developers can utilize spreadsheet-based solutions which are easily hosted online and can be transferred via CSV data format. Automated maintenance and quality checks are recommended for both options and should be determined before development begins. However, maintenance is an iterative process and should be adjusted as needed. These tendencies are general and individual developers should choose the appropriate logistical design for their specific type of data.</text></passage><passage><infon key="section_type">METHODS</infon><infon key="type">title_2</infon><offset>15294</offset><text>Physical Design</text></passage><passage><infon key="section_type">METHODS</infon><infon key="type">paragraph</infon><offset>15310</offset><text>The physical design of a database involves determining the hardware necessary to support the database as well as the design of any graphical interfaces needed. It can be thought of as the front-end design pillar in which the ease of use by experts in the field is the top priority. Developers should determine if their database will be hosted via an application or online. Additionally, developers should decide if and what to archive (i.e., should outdated results be kept?) as well as design tools that can query live and archived data. Informatic tools such as statistical models and data visualization graphics are also designed during this phase. This state of the design process is the most open-ended, and graphical output can vary widely. Furthermore, it is the most iterative stage, as databases are likely to change depending on their contents and new tools being added. Figure 3 summarizes the three design concepts of planning a database.</text></passage><passage><infon key="file">ao9b03708_0006.jpg</infon><infon key="id">fig3</infon><infon key="section_type">FIG</infon><infon key="type">fig_caption</infon><offset>16261</offset><text>Database
Design Concepts. The three phases of database design include
the conceptual, logical, and physical stages.</text></passage><passage><infon key="section_type">METHODS</infon><infon key="type">title_1</infon><offset>16377</offset><text>Crowd-Sourcing Data</text></passage><passage><infon key="section_type">METHODS</infon><infon key="type">paragraph</infon><offset>16397</offset><text>The past decade has seen a push for data sharing and crowd-sourcing research.− The age of big data has matured alongside the ongoing improvements in computational power and data storage capacity. These concurrent movements allow researchers to gather more data than that which they could have collected independently and perform wide-scale studies not previously possible. There are two main crowd-sourcing techniques being used: (1) data-mining from publicly available large data sets and (2) crowd-sourcing data acquisition and/or analysis. The first technique is often used in public health studies where large numbers of data points are needed and through which patient histories are sifted. The second type of crowd-sourcing is used in multiple disciplines within biomedical research including computational chemistry, genomics, medicinal chemistry, natural product discovery, pharmacology, proteomics, and toxicology to name a few.− Crowd-sourcing data collection can reduce bias in data acquisition and concluded results. On the other hand, crowd-sourcing data analysis increases the transparency of the experiment and results by having multiple groups reach a concordance about the study and its conclusions. In both scenarios, there is an increase in constructive discourse about the results and conclusions of the study due to the egalitarian nature of crowd-sourcing. While crowd-sourcing provides a wealth of information, it comes with conditions that should be considered. It often requires a lot of time, resources, and personnel to maintain large data sets. Additionally, there is less control over experimental conditions and data collection quality.</text></passage><passage><infon key="section_type">METHODS</infon><infon key="type">paragraph</infon><offset>18068</offset><text>Despite these caveats, crowd-sourcing has still proven to be a powerful technique, especially when combined with machine learning and new bioinformatic strategies. Companies like Amazon, Google, and IBM have shown the advantages of using machine learning to better understand the habits of their customers. Researchers are doing the same with techniques like self-organizing maps, neural networks, and classification algorithms.− All of these methods require a large data input, and researchers are using crowd-sourced data to perform them. Results may be more informative about the state of a given system when crowd-sourced databases are used, especially when integrated into omics analysis workflows.</text></passage><passage><infon key="section_type">CONCL</infon><infon key="type">title_1</infon><offset>18774</offset><text>Conclusions and Outlook</text></passage><passage><infon key="section_type">CONCL</infon><infon key="type">paragraph</infon><offset>18798</offset><text>Biomedical research is moving toward using big data that is often crowd-sourced in order to make more general conclusions of observed phenomena. Using crowd-sourced data has many benefits including a large sample pool, increased transparency throughout the scientific method, and more constructive discourse within a field or project. However, crowd-sourced data has a variable level of quality which can compromise results. By creating databases with crowd-sourced data sets, quality assurance procedures can be put into place. While this process is laborious, the end result is a highly curated database that can be used for the foreseeable future.</text></passage><passage><infon key="section_type">CONCL</infon><infon key="type">paragraph</infon><offset>19449</offset><text>While there is no one metric of success for a database, one gauge can be how widely disseminated and utilized the database is. The Unified CCS Compendium is an example of a successful database given that it is used by field experts internationally in a variety of studies, both fundamental and biomedical based investigations. This success can be attributed to the Compendium being user-friendly and user-focused. Metadata standards as well as inclusion guidelines are explicitly provided to contributors. Furthermore, a standardized spreadsheet-based reporting format is provided along with guidelines about the quality control process. Further discussion and specific details on these attributes have been previously reported.</text></passage><passage><infon key="section_type">CONCL</infon><infon key="type">paragraph</infon><offset>20178</offset><text>Two final considerations pertain to (1) funding crowd-sourced databases and (2) practical considerations for the longevity and ongoing maintenance of these databases once they are developed. Resolutions to both of these considerations are ongoing discussions within the informatics community, and there is no one solution. One potential funding resource is collaboration with other research groups, the private sector, and/or a government agency. However, we propose a governmental/private sector alliance to retain the open-access databases post development while accepting contributions from academic researchers. This provides for any practical resources needed to maintain these large databases as well as continued open dialogue between all three sectors. Ultimately, this facilitated collaboration will enable biomedical researchers to take advantage of the opportunities and discoveries that this wealth of data presents.</text></passage><passage><infon key="section_type">AUTH_CONT</infon><infon key="type">title</infon><offset>21107</offset><text>Author Contributions</text></passage><passage><infon key="section_type">AUTH_CONT</infon><infon key="type">paragraph</infon><offset>21128</offset><text>J.A.P. provided conceptual input for this work, created all of the figures within, and is the primary writer of this manuscript. J.C.M. and J.A.M. provided conceptual input for this work. All authors have given approval to the final version of the manuscript.</text></passage><passage><infon key="section_type">AUTH_CONT</infon><infon key="type">paragraph</infon><offset>21388</offset><text>The authors declare no competing financial interest.</text></passage><passage><infon key="section_type">REF</infon><infon key="type">title</infon><offset>21441</offset><text>References</text></passage><passage><infon key="fpage">387</infon><infon key="name_0">surname:May;given-names:J. C.</infon><infon key="name_1">surname:McLean;given-names:J. A.</infon><infon key="pub-id_doi">10.1146/annurev-anchem-071015-041734</infon><infon key="section_type">REF</infon><infon key="source">Annu. Rev. Anal.
Chem.</infon><infon key="type">ref</infon><infon key="volume">9</infon><infon key="year">2016</infon><offset>21452</offset></passage><passage><infon key="fpage">433</infon><infon key="issue">4</infon><infon key="name_0">surname:Costa;given-names:F. F.</infon><infon key="pub-id_doi">10.1016/j.drudis.2013.10.012</infon><infon key="pub-id_pmid">24183925</infon><infon key="section_type">REF</infon><infon key="source">Drug Discovery
Today</infon><infon key="type">ref</infon><infon key="volume">19</infon><infon key="year">2014</infon><offset>21453</offset></passage><passage><infon key="fpage">2031</infon><infon key="issue">10</infon><infon key="name_0">surname:Baker;given-names:E. S.</infon><infon key="name_1">surname:Patti;given-names:G. J.</infon><infon key="pub-id_doi">10.1007/s13361-019-02295-3</infon><infon key="section_type">REF</infon><infon key="source">J. Am. Soc. Mass Spectrom.</infon><infon key="type">ref</infon><infon key="volume">30</infon><infon key="year">2019</infon><offset>21454</offset></passage><passage><infon key="fpage">1494</infon><infon key="name_0">surname:Scheubert;given-names:K.</infon><infon key="name_1">surname:Hufsky;given-names:F.</infon><infon key="name_2">surname:Petras;given-names:D.</infon><infon key="name_3">surname:Wang;given-names:M.</infon><infon key="name_4">surname:Nothias;given-names:L.-F.</infon><infon key="name_5">surname:Duehrkop;given-names:K.</infon><infon key="name_6">surname:Bandeira;given-names:N.</infon><infon key="name_7">surname:Dorrestein;given-names:P.</infon><infon key="name_8">surname:Boecker;given-names:S.</infon><infon key="pub-id_doi">10.1038/s41467-017-01318-5</infon><infon key="pub-id_pmid">29133785</infon><infon key="section_type">REF</infon><infon key="source">Nat. Commun.</infon><infon key="type">ref</infon><infon key="volume">8</infon><infon key="year">2017</infon><offset>21455</offset></passage><passage><infon key="fpage">250</infon><infon key="issue">3</infon><infon key="name_0">surname:Waldman;given-names:S. A.</infon><infon key="name_1">surname:Terzic;given-names:A.</infon><infon key="pub-id_doi">10.1002/cpt.322</infon><infon key="pub-id_pmid">26888297</infon><infon key="section_type">REF</infon><infon key="source">Clin. Pharmacol. Ther.</infon><infon key="type">ref</infon><infon key="volume">99</infon><infon key="year">2016</infon><offset>21456</offset></passage><passage><infon key="fpage">86</infon><infon key="lpage">87</infon><infon key="name_0">surname:Levine-Clark;given-names:M.</infon><infon key="name_1">surname:Carter;given-names:T. M.</infon><infon key="section_type">REF</infon><infon key="source">ALA Glossary
of Library and Information Science</infon><infon key="type">ref</infon><infon key="year">2013</infon><offset>21457</offset></passage><passage><infon key="fpage">D608</infon><infon key="issue">D1</infon><infon key="name_0">surname:Wishart;given-names:D. S.</infon><infon key="name_1">surname:Feunang;given-names:Y. D.</infon><infon key="name_10">surname:Sayeeda;given-names:Z.</infon><infon key="name_11">surname:Lo;given-names:E.</infon><infon key="name_12">surname:Assempour;given-names:N.</infon><infon key="name_13">surname:Berjanskii;given-names:M.</infon><infon key="name_14">surname:Singhal;given-names:S.</infon><infon key="name_15">surname:Arndt;given-names:D.</infon><infon key="name_16">surname:Liang;given-names:Y.</infon><infon key="name_17">surname:Badran;given-names:H.</infon><infon key="name_18">surname:Grant;given-names:J.</infon><infon key="name_19">surname:Serra-Cayuela;given-names:A.</infon><infon key="name_2">surname:Marcu;given-names:A.</infon><infon key="name_20">surname:Liu;given-names:Y.</infon><infon key="name_21">surname:Mandal;given-names:R.</infon><infon key="name_22">surname:Neveu;given-names:V.</infon><infon key="name_23">surname:Pon;given-names:A.</infon><infon key="name_24">surname:Knox;given-names:C.</infon><infon key="name_25">surname:Wilson;given-names:M.</infon><infon key="name_26">surname:Manach;given-names:C.</infon><infon key="name_27">surname:Scalbert;given-names:A.</infon><infon key="name_3">surname:Guo;given-names:A. C.</infon><infon key="name_4">surname:Liang;given-names:K.</infon><infon key="name_5">surname:Vázquez-Fresno;given-names:R.</infon><infon key="name_6">surname:Sajed;given-names:T.</infon><infon key="name_7">surname:Johnson;given-names:D.</infon><infon key="name_8">surname:Li;given-names:C.</infon><infon key="name_9">surname:Karu;given-names:N.</infon><infon key="pub-id_doi">10.1093/nar/gkx1089</infon><infon key="pub-id_pmid">29140435</infon><infon key="section_type">REF</infon><infon key="source">Nucleic Acids Res.</infon><infon key="type">ref</infon><infon key="volume">46</infon><infon key="year">2018</infon><offset>21458</offset></passage><passage><infon key="fpage">D1102</infon><infon key="issue">D1</infon><infon key="name_0">surname:Kim;given-names:S.</infon><infon key="name_1">surname:Chen;given-names:J.</infon><infon key="name_10">surname:Zaslavsky;given-names:L.</infon><infon key="name_11">surname:Zhang;given-names:J.</infon><infon key="name_12">surname:Bolton;given-names:E. E.</infon><infon key="name_2">surname:Cheng;given-names:T.</infon><infon key="name_3">surname:Gindulyte;given-names:A.</infon><infon key="name_4">surname:He;given-names:J.</infon><infon key="name_5">surname:He;given-names:S.</infon><infon key="name_6">surname:Li;given-names:Q.</infon><infon key="name_7">surname:Shoemaker;given-names:B. A.</infon><infon key="name_8">surname:Thiessen;given-names:P. A.</infon><infon key="name_9">surname:Yu;given-names:B.</infon><infon key="pub-id_doi">10.1093/nar/gky1033</infon><infon key="pub-id_pmid">30371825</infon><infon key="section_type">REF</infon><infon key="source">Nucleic Acids Res.</infon><infon key="type">ref</infon><infon key="volume">47</infon><infon key="year">2019</infon><offset>21459</offset></passage><passage><infon key="fpage">D506</infon><infon key="issue">D1</infon><infon key="name_0">surname:Bateman;given-names:A.</infon><infon key="pub-id_doi">10.1093/nar/gky1049</infon><infon key="pub-id_pmid">30395287</infon><infon key="section_type">REF</infon><infon key="source">Nucleic Acids Res.</infon><infon key="type">ref</infon><infon key="volume">47</infon><infon key="year">2019</infon><offset>21460</offset></passage><passage><infon key="fpage">575</infon><infon key="issue">7502</infon><infon key="name_0">surname:Kim;given-names:M. S.</infon><infon key="name_1">surname:Pinto;given-names:S. M.</infon><infon key="name_10">surname:Thomas;given-names:J. K.</infon><infon key="name_11">surname:Muthusamy;given-names:B.</infon><infon key="name_12">surname:Leal-Rojas;given-names:P.</infon><infon key="name_13">surname:Kumar;given-names:P.</infon><infon key="name_14">surname:Sahasrabuddhe;given-names:N. A.</infon><infon key="name_15">surname:Balakrishnan;given-names:L.</infon><infon key="name_16">surname:Advani;given-names:J.</infon><infon key="name_17">surname:George;given-names:B.</infon><infon key="name_18">surname:Renuse;given-names:S.</infon><infon key="name_19">surname:Selvan;given-names:L. D. N.</infon><infon key="name_2">surname:Getnet;given-names:D.</infon><infon key="name_20">surname:Patil;given-names:A. H.</infon><infon key="name_21">surname:Nanjappa;given-names:V.</infon><infon key="name_22">surname:Radhakrishnan;given-names:A.</infon><infon key="name_23">surname:Prasad;given-names:S.</infon><infon key="name_24">surname:Subbannayya;given-names:T.</infon><infon key="name_25">surname:Raju;given-names:R.</infon><infon key="name_26">surname:Kumar;given-names:M.</infon><infon key="name_27">surname:Sreenivasamurthy;given-names:S. K.</infon><infon key="name_28">surname:Marimuthu;given-names:A.</infon><infon key="name_29">surname:Sathe;given-names:G. J.</infon><infon key="name_3">surname:Nirujogi;given-names:R. S.</infon><infon key="name_30">surname:Chavan;given-names:S.</infon><infon key="name_31">surname:Datta;given-names:K. K.</infon><infon key="name_32">surname:Subbannayya;given-names:Y.</infon><infon key="name_33">surname:Sahu;given-names:A.</infon><infon key="name_34">surname:Yelamanchi;given-names:S. D.</infon><infon key="name_35">surname:Jayaram;given-names:S.</infon><infon key="name_36">surname:Rajagopalan;given-names:P.</infon><infon key="name_37">surname:Sharma;given-names:J.</infon><infon key="name_38">surname:Murthy;given-names:K. R.</infon><infon key="name_39">surname:Syed;given-names:N.</infon><infon key="name_4">surname:Manda;given-names:S. S.</infon><infon key="name_40">surname:Goel;given-names:R.</infon><infon key="name_41">surname:Khan;given-names:A. A.</infon><infon key="name_42">surname:Ahmad;given-names:S.</infon><infon key="name_43">surname:Dey;given-names:G.</infon><infon key="name_44">surname:Mudgal;given-names:K.</infon><infon key="name_45">surname:Chatterjee;given-names:A.</infon><infon key="name_46">surname:Huang;given-names:T. C.</infon><infon key="name_47">surname:Zhong;given-names:J.</infon><infon key="name_48">surname:Wu;given-names:X.</infon><infon key="name_49">surname:Shaw;given-names:P. G.</infon><infon key="name_5">surname:Chaerkady;given-names:R.</infon><infon key="name_50">surname:Freed;given-names:D.</infon><infon key="name_51">surname:Zahari;given-names:M. S.</infon><infon key="name_52">surname:Mukherjee;given-names:K. K.</infon><infon key="name_53">surname:Shankar;given-names:S.</infon><infon key="name_54">surname:Mahadevan;given-names:A.</infon><infon key="name_55">surname:Lam;given-names:H.</infon><infon key="name_56">surname:Mitchell;given-names:C. J.</infon><infon key="name_57">surname:Shankar;given-names:S. K.</infon><infon key="name_58">surname:Satishchandra;given-names:P.</infon><infon key="name_59">surname:Schroeder;given-names:J. T.</infon><infon key="name_6">surname:Madugundu;given-names:A. K.</infon><infon key="name_60">surname:Sirdeshmukh;given-names:R.</infon><infon key="name_61">surname:Maitra;given-names:A.</infon><infon key="name_62">surname:Leach;given-names:S. D.</infon><infon key="name_63">surname:Drake;given-names:C. G.</infon><infon key="name_64">surname:Halushka;given-names:M. K.</infon><infon key="name_65">surname:Prasad;given-names:T. S. K.</infon><infon key="name_66">surname:Hruban;given-names:R. H.</infon><infon key="name_67">surname:Kerr;given-names:C. L.</infon><infon key="name_68">surname:Bader;given-names:G. D.</infon><infon key="name_69">surname:Iacobuzio-Donahue;given-names:C.
A.</infon><infon key="name_7">surname:Kelkar;given-names:D. S.</infon><infon key="name_70">surname:Gowda;given-names:H.</infon><infon key="name_71">surname:Pandey;given-names:A.</infon><infon key="name_8">surname:Isserlin;given-names:R.</infon><infon key="name_9">surname:Jain;given-names:S.</infon><infon key="pub-id_doi">10.1038/nature13302</infon><infon key="pub-id_pmid">24870542</infon><infon key="section_type">REF</infon><infon key="source">Nature</infon><infon key="type">ref</infon><infon key="volume">509</infon><infon key="year">2014</infon><offset>21461</offset></passage><passage><infon key="issue">3</infon><infon key="name_0">surname:Riccardi;given-names:E.</infon><infon key="name_1">surname:Pantano;given-names:S.</infon><infon key="name_2">surname:Potestio;given-names:R.</infon><infon key="section_type">REF</infon><infon key="source">Interface Focus</infon><infon key="type">ref</infon><infon key="volume">9</infon><infon key="year">2019</infon><offset>21462</offset></passage><passage><infon key="fpage">703</infon><infon key="issue">7</infon><infon key="name_0">surname:Horai;given-names:H.</infon><infon key="name_1">surname:Arita;given-names:M.</infon><infon key="name_10">surname:Oda;given-names:Y.</infon><infon key="name_11">surname:Kakazu;given-names:Y.</infon><infon key="name_12">surname:Kusano;given-names:M.</infon><infon key="name_13">surname:Tohge;given-names:T.</infon><infon key="name_14">surname:Matsuda;given-names:F.</infon><infon key="name_15">surname:Sawada;given-names:Y.</infon><infon key="name_16">surname:Hirai;given-names:M. Y.</infon><infon key="name_17">surname:Nakanishi;given-names:H.</infon><infon key="name_18">surname:Ikeda;given-names:K.</infon><infon key="name_19">surname:Akimoto;given-names:N.</infon><infon key="name_2">surname:Kanaya;given-names:S.</infon><infon key="name_20">surname:Maoka;given-names:T.</infon><infon key="name_21">surname:Takahashi;given-names:H.</infon><infon key="name_22">surname:Ara;given-names:T.</infon><infon key="name_23">surname:Sakurai;given-names:N.</infon><infon key="name_24">surname:Suzuki;given-names:H.</infon><infon key="name_25">surname:Shibata;given-names:D.</infon><infon key="name_26">surname:Neumann;given-names:S.</infon><infon key="name_27">surname:Iida;given-names:T.</infon><infon key="name_28">surname:Tanaka;given-names:K.</infon><infon key="name_29">surname:Funatsu;given-names:K.</infon><infon key="name_3">surname:Nihei;given-names:Y.</infon><infon key="name_30">surname:Matsuura;given-names:F.</infon><infon key="name_31">surname:Soga;given-names:T.</infon><infon key="name_32">surname:Taguchi;given-names:R.</infon><infon key="name_33">surname:Saito;given-names:K.</infon><infon key="name_34">surname:Nishioka;given-names:T.</infon><infon key="name_4">surname:Ikeda;given-names:T.</infon><infon key="name_5">surname:Suwa;given-names:K.</infon><infon key="name_6">surname:Ojima;given-names:Y.</infon><infon key="name_7">surname:Tanaka;given-names:K.</infon><infon key="name_8">surname:Tanaka;given-names:S.</infon><infon key="name_9">surname:Aoshima;given-names:K.</infon><infon key="pub-id_doi">10.1002/jms.1777</infon><infon key="pub-id_pmid">20623627</infon><infon key="section_type">REF</infon><infon key="source">J. Mass Spectrom.</infon><infon key="type">ref</infon><infon key="volume">45</infon><infon key="year">2010</infon><offset>21463</offset></passage><passage><infon key="fpage">983</infon><infon key="issue">4</infon><infon key="name_0">surname:Picache;given-names:J. A.</infon><infon key="name_1">surname:Rose;given-names:B. S.</infon><infon key="name_2">surname:Balinski;given-names:A.</infon><infon key="name_3">surname:Leaptrot;given-names:K. L.</infon><infon key="name_4">surname:Sherrod;given-names:S. D.</infon><infon key="name_5">surname:May;given-names:J. C.</infon><infon key="name_6">surname:McLean;given-names:J. A.</infon><infon key="pub-id_doi">10.1039/C8SC04396E</infon><infon key="pub-id_pmid">30774892</infon><infon key="section_type">REF</infon><infon key="source">Chem. Sci.</infon><infon key="type">ref</infon><infon key="volume">10</infon><infon key="year">2019</infon><offset>21464</offset></passage><passage><infon key="fpage">31</infon><infon key="lpage">69</infon><infon key="name_0">surname:Chervitz;given-names:S. A.</infon><infon key="name_1">surname:Deutsch;given-names:E. W.</infon><infon key="name_10">surname:Ball;given-names:C. A.</infon><infon key="name_2">surname:Field;given-names:D.</infon><infon key="name_3">surname:Parkinson;given-names:H.</infon><infon key="name_4">surname:Quackenbush;given-names:J.</infon><infon key="name_5">surname:Rocca-Serra;given-names:P.</infon><infon key="name_6">surname:Sansone;given-names:S.-A.</infon><infon key="name_7">surname:Stoeckert;given-names:C. J.;suffix:Jr.</infon><infon key="name_8">surname:Taylor;given-names:C. F.</infon><infon key="name_9">surname:Taylor;given-names:R.</infon><infon key="section_type">REF</infon><infon key="source">Bioinformatics for
Omics Data</infon><infon key="type">ref</infon><infon key="year">2011</infon><offset>21465</offset></passage><passage><infon key="fpage">3</infon><infon key="lpage">30</infon><infon key="name_0">surname:Schneider;given-names:M. V.</infon><infon key="name_1">surname:Orchard;given-names:S.</infon><infon key="section_type">REF</infon><infon key="source">Bioinformatics for Omics
Data</infon><infon key="type">ref</infon><infon key="year">2011</infon><offset>21466</offset></passage><passage><infon key="fpage">889</infon><infon key="issue">8</infon><infon key="name_0">surname:Taylor;given-names:C. F.</infon><infon key="name_1">surname:Field;given-names:D.</infon><infon key="name_10">surname:Brazma;given-names:A.</infon><infon key="name_11">surname:Brinkman;given-names:R. R.</infon><infon key="name_12">surname:Michael
Clark;given-names:A.</infon><infon key="name_13">surname:Deutsch;given-names:E. W.</infon><infon key="name_14">surname:Fiehn;given-names:O.</infon><infon key="name_15">surname:Fostel;given-names:J.</infon><infon key="name_16">surname:Ghazal;given-names:P.</infon><infon key="name_17">surname:Gibson;given-names:F.</infon><infon key="name_18">surname:Gray;given-names:T.</infon><infon key="name_19">surname:Grimes;given-names:G.</infon><infon key="name_2">surname:Sansone;given-names:S. A.</infon><infon key="name_20">surname:Hancock;given-names:J. M.</infon><infon key="name_21">surname:Hardy;given-names:N. W.</infon><infon key="name_22">surname:Hermjakob;given-names:H.</infon><infon key="name_23">surname:Julian;given-names:R. K.</infon><infon key="name_24">surname:Kane;given-names:M.</infon><infon key="name_25">surname:Kettner;given-names:C.</infon><infon key="name_26">surname:Kinsinger;given-names:C.</infon><infon key="name_27">surname:Kolker;given-names:E.</infon><infon key="name_28">surname:Kuiper;given-names:M.</infon><infon key="name_29">surname:Novère;given-names:N. Le</infon><infon key="name_3">surname:Aerts;given-names:J.</infon><infon key="name_30">surname:Leebens-Mack;given-names:J.</infon><infon key="name_31">surname:Lewis;given-names:S. E.</infon><infon key="name_32">surname:Lord;given-names:P.</infon><infon key="name_33">surname:Mallon;given-names:A. M.</infon><infon key="name_34">surname:Marthandan;given-names:N.</infon><infon key="name_35">surname:Masuya;given-names:H.</infon><infon key="name_36">surname:McNally;given-names:R.</infon><infon key="name_37">surname:Mehrle;given-names:A.</infon><infon key="name_38">surname:Morrison;given-names:N.</infon><infon key="name_39">surname:Orchard;given-names:S.</infon><infon key="name_4">surname:Apweiler;given-names:R.</infon><infon key="name_40">surname:Quackenbush;given-names:J.</infon><infon key="name_41">surname:Reecy;given-names:J. M.</infon><infon key="name_42">surname:Robertson;given-names:D. G.</infon><infon key="name_43">surname:Rocca-Serra;given-names:P.</infon><infon key="name_44">surname:Rodriguez;given-names:H.</infon><infon key="name_45">surname:Rosenfelder;given-names:H.</infon><infon key="name_46">surname:Santoyo-Lopez;given-names:J.</infon><infon key="name_47">surname:Scheuermann;given-names:R. H.</infon><infon key="name_48">surname:Schober;given-names:D.</infon><infon key="name_49">surname:Smith;given-names:B.</infon><infon key="name_5">surname:Ashburner;given-names:M.</infon><infon key="name_50">surname:Snape;given-names:J.</infon><infon key="name_51">surname:Stoeckert;given-names:C. J.</infon><infon key="name_52">surname:Tipton;given-names:K.</infon><infon key="name_53">surname:Sterk;given-names:P.</infon><infon key="name_54">surname:Untergasser;given-names:A.</infon><infon key="name_55">surname:Vandesompele;given-names:J.</infon><infon key="name_56">surname:Wiemann;given-names:S.</infon><infon key="name_6">surname:Ball;given-names:C. A.</infon><infon key="name_7">surname:Binz;given-names:P. A.</infon><infon key="name_8">surname:Bogue;given-names:M.</infon><infon key="name_9">surname:Booth;given-names:T.</infon><infon key="pub-id_doi">10.1038/nbt.1411</infon><infon key="pub-id_pmid">18688244</infon><infon key="section_type">REF</infon><infon key="source">Nat. Biotechnol.</infon><infon key="type">ref</infon><infon key="volume">26</infon><infon key="year">2008</infon><offset>21467</offset></passage><passage><infon key="fpage">541</infon><infon key="issue">5</infon><infon key="name_0">surname:Field;given-names:D.</infon><infon key="name_1">surname:Garrity;given-names:G.</infon><infon key="name_10">surname:Ashburner;given-names:M.</infon><infon key="name_11">surname:Axelrod;given-names:N.</infon><infon key="name_12">surname:Baldauf;given-names:S.</infon><infon key="name_13">surname:Ballard;given-names:S.</infon><infon key="name_14">surname:Boore;given-names:J.</infon><infon key="name_15">surname:Cochrane;given-names:G.</infon><infon key="name_16">surname:Cole;given-names:J.</infon><infon key="name_17">surname:Dawyndt;given-names:P.</infon><infon key="name_18">surname:Vos;given-names:P. De</infon><infon key="name_19">surname:DePamphilis;given-names:C.</infon><infon key="name_2">surname:Gray;given-names:T.</infon><infon key="name_20">surname:Edwards;given-names:R.</infon><infon key="name_21">surname:Faruque;given-names:N.</infon><infon key="name_22">surname:Feldman;given-names:R.</infon><infon key="name_23">surname:Gilbert;given-names:J.</infon><infon key="name_24">surname:Gilna;given-names:P.</infon><infon key="name_25">surname:Glöckner;given-names:F. O.</infon><infon key="name_26">surname:Goldstein;given-names:P.</infon><infon key="name_27">surname:Guralnick;given-names:R.</infon><infon key="name_28">surname:Haft;given-names:D.</infon><infon key="name_29">surname:Hancock;given-names:D.</infon><infon key="name_3">surname:Morrison;given-names:N.</infon><infon key="name_30">surname:Hermjakob;given-names:H.</infon><infon key="name_31">surname:Hertz-Fowler;given-names:C.</infon><infon key="name_32">surname:Hugenholtz;given-names:P.</infon><infon key="name_33">surname:Joint;given-names:I.</infon><infon key="name_34">surname:Kagan;given-names:L.</infon><infon key="name_35">surname:Kane;given-names:M.</infon><infon key="name_36">surname:Kennedy;given-names:J.</infon><infon key="name_37">surname:Kowalchuk;given-names:G.</infon><infon key="name_38">surname:Kottmann;given-names:R.</infon><infon key="name_39">surname:Kolker;given-names:E.</infon><infon key="name_4">surname:Selengut;given-names:J.</infon><infon key="name_40">surname:Kravitz;given-names:S.</infon><infon key="name_41">surname:Kyrpides;given-names:N.</infon><infon key="name_42">surname:Leebens-Mack;given-names:J.</infon><infon key="name_43">surname:Lewis;given-names:S. E.</infon><infon key="name_44">surname:Li;given-names:K.</infon><infon key="name_45">surname:Lister;given-names:A. L.</infon><infon key="name_46">surname:Lord;given-names:P.</infon><infon key="name_47">surname:Maltsev;given-names:N.</infon><infon key="name_48">surname:Markowitz;given-names:V.</infon><infon key="name_49">surname:Martiny;given-names:J.</infon><infon key="name_5">surname:Sterk;given-names:P.</infon><infon key="name_50">surname:Methe;given-names:B.</infon><infon key="name_51">surname:Mizrachi;given-names:I.</infon><infon key="name_52">surname:Moxon;given-names:R.</infon><infon key="name_53">surname:Nelson;given-names:K.</infon><infon key="name_54">surname:Parkhill;given-names:J.</infon><infon key="name_55">surname:Proctor;given-names:L.</infon><infon key="name_56">surname:White;given-names:O.</infon><infon key="name_57">surname:Sansone;given-names:S.-A.</infon><infon key="name_58">surname:Spiers;given-names:A.</infon><infon key="name_59">surname:Stevens;given-names:R.</infon><infon key="name_6">surname:Tatusova;given-names:T.</infon><infon key="name_60">surname:Swift;given-names:P.</infon><infon key="name_61">surname:Taylor;given-names:C.</infon><infon key="name_62">surname:Tateno;given-names:Y.</infon><infon key="name_63">surname:Tett;given-names:A.</infon><infon key="name_64">surname:Turner;given-names:S.</infon><infon key="name_65">surname:Ussery;given-names:D.</infon><infon key="name_66">surname:Vaughan;given-names:B.</infon><infon key="name_67">surname:Ward;given-names:N.</infon><infon key="name_68">surname:Whetzel;given-names:T.</infon><infon key="name_69">surname:Gil;given-names:I. S.</infon><infon key="name_7">surname:Thomson;given-names:N.</infon><infon key="name_70">surname:Wilson;given-names:G.</infon><infon key="name_71">surname:Wipat;given-names:A.</infon><infon key="name_8">surname:Allen;given-names:M. J.</infon><infon key="name_9">surname:Angiuoli;given-names:S. V.</infon><infon key="pub-id_doi">10.1038/nbt1360</infon><infon key="pub-id_pmid">18464787</infon><infon key="section_type">REF</infon><infon key="source">Nat. Biotechnol.</infon><infon key="type">ref</infon><infon key="volume">26</infon><infon key="year">2008</infon><offset>21468</offset></passage><passage><infon key="fpage">765</infon><infon key="lpage">780</infon><infon key="name_0">surname:Martínez-Bartolomé;given-names:S.</infon><infon key="name_1">surname:Binz;given-names:P.-A.</infon><infon key="name_2">surname:Albar;given-names:J. P.</infon><infon key="section_type">REF</infon><infon key="source">Plant Proteomics:
Methods and Protocols</infon><infon key="type">ref</infon><infon key="volume">1072</infon><infon key="year">2014</infon><offset>21469</offset></passage><passage><infon key="fpage">170137</infon><infon key="name_0">surname:Spicer;given-names:R. A.</infon><infon key="name_1">surname:Salek;given-names:R.</infon><infon key="name_2">surname:Steinbeck;given-names:C.</infon><infon key="pub-id_doi">10.1038/sdata.2017.137</infon><infon key="pub-id_pmid">28949328</infon><infon key="section_type">REF</infon><infon key="source">Sci. Data</infon><infon key="type">ref</infon><infon key="volume">4</infon><infon key="year">2017</infon><offset>21470</offset></passage><passage><infon key="fpage">71</infon><infon key="lpage">96</infon><infon key="name_0">surname:Harel;given-names:A.</infon><infon key="name_1">surname:Dalah;given-names:I.</infon><infon key="name_2">surname:Pietrokovski;given-names:S.</infon><infon key="name_3">surname:Safran;given-names:M.</infon><infon key="name_4">surname:Lancet;given-names:D.</infon><infon key="section_type">REF</infon><infon key="source">Bioinformatics
for Omics Data</infon><infon key="type">ref</infon><infon key="volume">719</infon><infon key="year">2011</infon><offset>21471</offset></passage><passage><infon key="fpage">7</infon><infon key="name_0">surname:Sander;given-names:A.</infon><infon key="name_1">surname:Wauer;given-names:R.</infon><infon key="pub-id_doi">10.1186/s13326-019-0199-z</infon><infon key="pub-id_pmid">31014403</infon><infon key="section_type">REF</infon><infon key="source">J.
Biomed. Semantics</infon><infon key="type">ref</infon><infon key="volume">10</infon><infon key="year">2019</infon><offset>21472</offset></passage><passage><infon key="fpage">1122</infon><infon key="issue">5</infon><infon key="name_0">surname:Björnmalm;given-names:M.</infon><infon key="name_1">surname:Caruso;given-names:F.</infon><infon key="pub-id_doi">10.1002/anie.201710493</infon><infon key="section_type">REF</infon><infon key="source">Angew. Chem., Int. Ed.</infon><infon key="type">ref</infon><infon key="volume">57</infon><infon key="year">2018</infon><offset>21473</offset></passage><passage><infon key="fpage">189</infon><infon key="issue">7572</infon><infon key="name_0">surname:Silberzahn;given-names:R.</infon><infon key="name_1">surname:Uhlmann;given-names:E. L.</infon><infon key="pub-id_doi">10.1038/526189a</infon><infon key="pub-id_pmid">26450041</infon><infon key="section_type">REF</infon><infon key="source">Nature</infon><infon key="type">ref</infon><infon key="volume">526</infon><infon key="year">2015</infon><offset>21474</offset></passage><passage><infon key="fpage">23</infon><infon key="issue">1</infon><infon key="name_0">surname:Khare;given-names:R.</infon><infon key="name_1">surname:Good;given-names:B. M.</infon><infon key="name_2">surname:Leaman;given-names:R.</infon><infon key="name_3">surname:Su;given-names:A. I.</infon><infon key="name_4">surname:Lu;given-names:Z.</infon><infon key="pub-id_doi">10.1093/bib/bbv021</infon><infon key="section_type">REF</infon><infon key="source">Briefings Bioinf.</infon><infon key="type">ref</infon><infon key="volume">17</infon><infon key="year">2016</infon><offset>21475</offset></passage><passage><infon key="fpage">317</infon><infon key="issue">3</infon><infon key="name_0">surname:Budin-Ljøsne;given-names:I.</infon><infon key="name_1">surname:Isaeva;given-names:J.</infon><infon key="name_2">surname:Knoppers;given-names:B. M.</infon><infon key="name_3">surname:Tassé;given-names:A. M.</infon><infon key="name_4">surname:Shen;given-names:H. Y.</infon><infon key="name_5">surname:McCarthy;given-names:M. I.</infon><infon key="name_6">surname:Harris;given-names:J. R.</infon><infon key="pub-id_doi">10.1038/ejhg.2013.131</infon><infon key="pub-id_pmid">23778872</infon><infon key="section_type">REF</infon><infon key="source">Eur. J. Hum. Genet.</infon><infon key="type">ref</infon><infon key="volume">22</infon><infon key="year">2014</infon><offset>21476</offset></passage><passage><infon key="fpage">756</infon><infon key="issue">7307</infon><infon key="name_0">surname:Cooper;given-names:S.</infon><infon key="name_1">surname:Khatib;given-names:F.</infon><infon key="name_2">surname:Treuille;given-names:A.</infon><infon key="name_3">surname:Barbero;given-names:J.</infon><infon key="name_4">surname:Lee;given-names:J.</infon><infon key="name_5">surname:Beenen;given-names:M.</infon><infon key="name_6">surname:Leaver-Fay;given-names:A.</infon><infon key="name_7">surname:Baker;given-names:D.</infon><infon key="name_8">surname:Popović;given-names:Z.</infon><infon key="name_9">surname:Players;given-names:F.</infon><infon key="pub-id_doi">10.1038/nature09304</infon><infon key="pub-id_pmid">20686574</infon><infon key="section_type">REF</infon><infon key="source">Nature</infon><infon key="type">ref</infon><infon key="volume">466</infon><infon key="year">2010</infon><offset>21477</offset></passage><passage><infon key="fpage">934</infon><infon key="issue">4</infon><infon key="name_0">surname:Poussin;given-names:C.</infon><infon key="name_1">surname:Belcastro;given-names:V.</infon><infon key="name_2">surname:Martin;given-names:F.</infon><infon key="name_3">surname:Boué;given-names:S.</infon><infon key="name_4">surname:Peitsch;given-names:M. C.</infon><infon key="name_5">surname:Hoeng;given-names:J.</infon><infon key="pub-id_doi">10.1021/acs.chemrestox.6b00345</infon><infon key="pub-id_pmid">28085253</infon><infon key="section_type">REF</infon><infon key="source">Chem. Res. Toxicol.</infon><infon key="type">ref</infon><infon key="volume">30</infon><infon key="year">2017</infon><offset>21478</offset></passage><passage><infon key="fpage">6563</infon><infon key="name_0">surname:Goodwin;given-names:C. R.</infon><infon key="name_1">surname:Sherrod;given-names:S. D.</infon><infon key="name_2">surname:Marasco;given-names:C. C.</infon><infon key="name_3">surname:Bachmann;given-names:B. O.</infon><infon key="name_4">surname:Schramm-Sapyta;given-names:N.</infon><infon key="name_5">surname:Wikswo;given-names:J. P.</infon><infon key="name_6">surname:McLean;given-names:J. A.</infon><infon key="pub-id_doi">10.1021/ac5010794</infon><infon key="pub-id_pmid">24856386</infon><infon key="section_type">REF</infon><infon key="source">Anal. Chem.</infon><infon key="type">ref</infon><infon key="volume">86</infon><infon key="year">2014</infon><offset>21479</offset></passage><passage><infon key="fpage">5191</infon><infon key="issue">8</infon><infon key="name_0">surname:Plante;given-names:P.-L.</infon><infon key="name_1">surname:Francovic-Fontaine;given-names:É.</infon><infon key="name_2">surname:May;given-names:J. C.</infon><infon key="name_3">surname:McLean;given-names:J. A.</infon><infon key="name_4">surname:Baker;given-names:E. S.</infon><infon key="name_5">surname:Laviolette;given-names:F.</infon><infon key="name_6">surname:Marchand;given-names:M.</infon><infon key="name_7">surname:Corbeil;given-names:J.</infon><infon key="pub-id_doi">10.1021/acs.analchem.8b05821</infon><infon key="pub-id_pmid">30932474</infon><infon key="section_type">REF</infon><infon key="source">Anal. Chem.</infon><infon key="type">ref</infon><infon key="volume">91</infon><infon key="year">2019</infon><offset>21480</offset></passage><passage><infon key="fpage">61</infon><infon key="name_0">surname:Djoumbou
Feunang;given-names:Y.</infon><infon key="name_1">surname:Eisner;given-names:R.</infon><infon key="name_10">surname:Greiner;given-names:R.</infon><infon key="name_11">surname:Wishart;given-names:D. S.</infon><infon key="name_2">surname:Knox;given-names:C.</infon><infon key="name_3">surname:Chepelev;given-names:L.</infon><infon key="name_4">surname:Hastings;given-names:J.</infon><infon key="name_5">surname:Owen;given-names:G.</infon><infon key="name_6">surname:Fahy;given-names:E.</infon><infon key="name_7">surname:Steinbeck;given-names:C.</infon><infon key="name_8">surname:Subramanian;given-names:S.</infon><infon key="name_9">surname:Bolton;given-names:E.</infon><infon key="pub-id_doi">10.1186/s13321-016-0174-y</infon><infon key="section_type">REF</infon><infon key="source">J. Cheminf.</infon><infon key="type">ref</infon><infon key="volume">8</infon><infon key="year">2016</infon><offset>21481</offset></passage></document></collection>
