<?xml version="1.0" encoding="UTF-8"?>
<!DOCTYPE collection SYSTEM "BioC.dtd">
<collection><source>PMC</source><date>20210503</date><key>pmc.key</key><document><id>7656985</id><infon key="license">author_manuscript</infon><passage><infon key="article-id_doi">10.1007/s11548-020-02134-x</infon><infon key="article-id_manuscript">NIHMS1639804</infon><infon key="article-id_pmc">7656985</infon><infon key="article-id_pmid">32297088</infon><infon key="fpage">739</infon><infon key="issue">5</infon><infon key="kwd">Crowd Sourcing Video Playback Surgical Technical Skill Speed Perception Bias</infon><infon key="license">
          This file is available for text mining. It may also be used consistent with the principles of fair use under the copyright law.
        </infon><infon key="lpage">747</infon><infon key="name_0">surname:Kelly;given-names:Jason D.</infon><infon key="name_1">surname:Petersen;given-names:Ashley</infon><infon key="name_2">surname:Lendvay;given-names:Thomas S.</infon><infon key="name_3">surname:Kowalewski;given-names:Timothy M.</infon><infon key="section_type">TITLE</infon><infon key="type">front</infon><infon key="volume">15</infon><infon key="year">2021</infon><offset>0</offset><text>The Effect of Video Playback Speed on Surgeon Technical Skill Perception</text></passage><passage><infon key="section_type">ABSTRACT</infon><infon key="type">abstract_title_1</infon><offset>73</offset><text>Purpose:</text></passage><passage><infon key="section_type">ABSTRACT</infon><infon key="type">abstract</infon><offset>82</offset><text>Finding effective methods of discriminating surgeon technical skill has proven a complex problem to solve computationally. Previous research has shown that obtaining non-expert crowd evaluations of surgical performances is as accurate as the gold standard, expert surgeon review. The aim of this research is to learn whether crowd-sourced evaluators give higher ratings of technical skill to video of performances with increased playback speed, its effect in discriminating skill levels, and whether this increase is related to the evaluator consciously being aware that the video is being manually manipulated.</text></passage><passage><infon key="section_type">ABSTRACT</infon><infon key="type">abstract_title_1</infon><offset>694</offset><text>Methods:</text></passage><passage><infon key="section_type">ABSTRACT</infon><infon key="type">abstract</infon><offset>703</offset><text>A set of ten peg transfer videos (5 novices, 5 experts), were used to evaluate the perceived technical skill of the performers at each video playback speed used (0.4x–3.6x). Objective metrics used for measuring technical skill were also computed for comparison by manipulating the corresponding kinematic data of each performance. Two videos of an expert and novice performing dry lab laparoscopic trials of peg transfer tasks were used to obtain evaluations at each playback speed (0.2x–3.0x) of perception of whether a video is played at real-time playback speed or not.</text></passage><passage><infon key="section_type">ABSTRACT</infon><infon key="type">abstract_title_1</infon><offset>1280</offset><text>Results:</text></passage><passage><infon key="section_type">ABSTRACT</infon><infon key="type">abstract</infon><offset>1289</offset><text>We found that while both novices and experts had increased perceived technical skill as the video playback was increased, the amount of increase was significantly greater for experts. Each increase in the playback speed by 0.4x was associated with, on average, a 0.72-point increase in the GOALS score (95% CI: 0.60–0.84 point increase; p &lt; 0.001) for expert videos and only a 0.24-point increase in the GOALS score (95% CI: 0.13–0.36 point increase; p &lt; 0.001) for novice videos.</text></passage><passage><infon key="section_type">ABSTRACT</infon><infon key="type">abstract_title_1</infon><offset>1774</offset><text>Conclusion:</text></passage><passage><infon key="section_type">ABSTRACT</infon><infon key="type">abstract</infon><offset>1786</offset><text>Due to the differential increase in perceived technical skill due to increased playback speed for experts, the difference between novice and expert skill levels of surgical performances may be more easily discerned by manually increasing the video playback speed.</text></passage><passage><infon key="section_type">INTRO</infon><infon key="type">title_1</infon><offset>2050</offset><text>Introduction</text></passage><passage><infon key="section_type">INTRO</infon><infon key="type">paragraph</infon><offset>2063</offset><text>Medical errors make up a third of all deaths in the United States, one of the largest contributors of which are surgical errors. Technical surgical skill is directly related to patient outcomes, but it remains a difficult computational task to correctly classify surgeons into skill levels with a compelling level of accuracy, i.e. never misclassifying an ‘obvious novice’ as an ‘obvious expert’ and vice versa - the MAC Criterion. The de facto gold standard for evaluating technical skill is video evaluation by an expert surgeon using Likert-scale assessment metrics, in which evaluators submit ratings on an anchored scale of 1–5. Using crowds of non-expert evaluators are a surprisingly accurate way to inexpensively and rapidly obtain skill level ratings for videos of surgical performances, with a pass/fail rate capable of matching 100% of ratings by expert surgeons. The fact remains, however, that humans can be biased in their thinking, and subjective metrics of rating performances can lead to results we would not expect from computational models of evaluation.</text></passage><passage><infon key="section_type">INTRO</infon><infon key="type">paragraph</infon><offset>3147</offset><text>One of the most popular laparoscopic surgical skill assessment metrics is the Global Operative Assessment of Laparoscopic Skills (GOALS), which is the most common objective assessment tool for laparoscopic performance studies,. The subdomains in this metric include: bimanual dexterity, tissue handling, efficiency, depth perception, and autonomy. Task time is not a direct metric used to evaluate the technical skill of laparoscopic surgeons with tools like GOALS, however time for task completion is often seen as one of the most predictive objective forms of evaluating technical skill, as seen in Fig. 1,.</text></passage><passage><infon key="section_type">INTRO</infon><infon key="type">title_2</infon><offset>3757</offset><text>Biological Motion Perception</text></passage><passage><infon key="section_type">INTRO</infon><infon key="type">paragraph</infon><offset>3786</offset><text>Previous research involving point light walkers (PLW), 10–12 dots of light illuminated on a screen to correspond to the human joints in walking motion, (illustrated in Fig. 2), revealed that humans are excellent at recognizing more subtle qualitative characteristics like the gender or emotion of a PLW by inferring the gait from a few moving points. Once the PLW’s walking gait speed is changed however, the ability to recognize gender is diminished. This and other work suggest that biological motion perception is somehow tuned to the speed of the motion involved.</text></passage><passage><infon key="section_type">INTRO</infon><infon key="type">paragraph</infon><offset>4358</offset><text>Due to task time being such a strong indicator of surgical technical skill, we speculate about whether a video artificially sped up to simulate a quicker time for task completion will lead to an altered perception of technical skill, or if human raters evaluate other, more nuanced, qualities of the performance.</text></passage><passage><infon key="section_type">INTRO</infon><infon key="type">title_2</infon><offset>4671</offset><text>Objective Metrics</text></passage><passage><infon key="section_type">INTRO</infon><infon key="type">paragraph</infon><offset>4689</offset><text>Other metrics exist for measuring technical skill, with varying degrees of success at classifying novice and expert skill levels. These techniques utilize kinematic tool tip data, as opposed to using video frames to make measurements. Metrics which use algorithms or computational methods to evaluate performance are sometimes referred to as Automated Performance Metrics (APMs). The simplest metric to measure, and often the most accurate, is time of task completion. The following APMs seek to compute information more complex than speed to account for technical skill, by conversely using the form of movements made.</text></passage><passage><infon key="section_type">INTRO</infon><infon key="type">paragraph</infon><offset>5309</offset><text>Prior work has discovered that recovering stroke patients have a decrease in ‘jerky’ non-smooth movements as they progress in rehabilitation therapy. The jerk cost of all tool movements performed in a task has also been used to measure accuracy and skill in areas in which skill is needed. The jerk cost is computed by taking the integral of the squared jerk summed for both the left and right hand over the course of the performance, shown in Equation 1, in which T is total time of task performance and x is the magnitude of the movement.  Spectral Arc length (SAL) is also related to smoothness of a movement, and aims to use the tangential velocity of hand movements to compute the overall smoothness of a task. This has been used to differentiate skill levels of medical professionals in the past,. To compute the SAL, the motion in a task must be segmented into specific hand grasping movements, with the corresponding speeds and durations known for each grasp. The Fourier magnitude spectrum transform of the speed profile is then computed and normalized with respect to its zero frequency value. The smoothness is then measured for each segmented grasp, shown in Equation 1.2, in which ω is frequency, ωc is cutoff frequency, and V is the Fourier magnitude spectrum of speed. Finally a weighted average is taken across all grasping motions to arrive at an SAL metric for the task as a whole.  Instead of relying on the form of a grasping movement, taking the sum of all movements which occur is an additional metric that can be used to evaluate skill in some domains in which it is believed that novice performers on average perform more grasping movements than experts. A movement can be calculated in several ways, but the most common way of recording is to define a threshold of speed at which when the performer’s speed falls below that threshold, a movement has ended and a new grasping motion starts once the magnitude of the velocity has risen above that threshold again. Counting each time this threshold is passed gives this total count of all movements conducted during the task.</text></passage><passage><infon key="section_type">INTRO</infon><infon key="type">paragraph</infon><offset>7415</offset><text>All of these APMs which may be used to compute the skill of a surgeon have in common that once the speed playback of the data is manipulated, the results normally do not lead to any more separation between skill levels, as changing the magnitude of speed will not affect calculations to a large degree.</text></passage><passage><infon key="section_type">INTRO</infon><infon key="type">paragraph</infon><offset>7718</offset><text>Our motivation in this work is to learn whether, by increasing video playback speed, novices and experts will be perceived by crowds as more skilled when they appear to be moving faster, and if experts and novices will have different rates of perceived change as the playback speed is increased. We will do this by evaluating the ability to discriminate obvious novices from experts of both human raters and popular tool motion metrics (APMs), at different playback speeds. We expect each APM’s ability to discriminate skill to operate as the experimental control in this study, with a negligible change in separation between skill levels as speed is increased. Finally, we seek to investigate how an evaluator’s likely conscious awareness of whether a video is sped up or slowed down relates to their perception of skill.</text></passage><passage><infon key="section_type">METHODS</infon><infon key="type">title_1</infon><offset>8545</offset><text>Methods</text></passage><passage><infon key="section_type">METHODS</infon><infon key="type">title_2</infon><offset>8553</offset><text>Dataset</text></passage><passage><infon key="section_type">METHODS</infon><infon key="type">paragraph</infon><offset>8561</offset><text>This study used the Basic Laparascopic Urologic Study (BLUS) dataset, described in detail in. This dataset arose from a gap in the field, in which no educational surgical certification process existed for urologic surgery, as opposed to how the Fundamentals of Laparosocopic Surgery (FLS) exists for general surgical procedures,,. The BLUS training curriculum aimed to address urology appropriate skills improvement by recording video performances in an initial validation project of over 450 videos.</text></passage><passage><infon key="section_type">METHODS</infon><infon key="type">paragraph</infon><offset>9062</offset><text>This dataset contains 454 videos of surgical performances consisting of four surgical tasks (110 peg transfer, 110 pattern cutting, 115 suturing, 119 clip applying), which are performed by medical students, urology residents, fellows and faculty surgeons from eight academic urology training centers in the United States. Each trial of a surgeon performing one of the four tasks was recorded at 30 fps with a fixed camera-position of the laparoscopic tools interacting with the training field. Each trial additionally has kinematic data, sampled at 30 Hz, logging the tooltip positions, grasping force, and the jaw angles during the performance, as well as demographic information for each performer being obtained. A GOALS score for each performance was also previously obtained from either expert or crowd evaluation.</text></passage><passage><infon key="section_type">METHODS</infon><infon key="type">paragraph</infon><offset>9882</offset><text>In previous research the Peg Transfer task has been shown to be one of the most easily differentiable tasks for surgical technical skill. Although the Peg Transfer task is criticized as the least clinically relevant, its clear ability to separate novice/expert skill levels was preferred to explore the research questions herein. Ten videos from the peg transfer task were used, in which five ‘obvious experts’ and five ‘obvious novices’ were chosen as baseline definitions of skill. Here an obvious novice is defined as someone who should never be allowed to operate and obvious experts as surgeons who should never be disqualified from operating. An obvious expert was chosen such that the performer was in the top 20% of experience levels (attending surgeon or faculty urologist), previously obtained GOALS scores, and task completion times of all peg transfer tasks. The obvious novices were chosen in the same fashion such that they were in the bottom quintile of these domains. This method aimed to provide two well discriminated clusters of skill levels.</text></passage><passage><infon key="section_type">METHODS</infon><infon key="type">paragraph</infon><offset>10952</offset><text>Amazon Mechanical Turk was the crowd-sourcing platform used for this study, in which each non-expert crowd worker was paid an average of $0.10 to watch and evaluate a video, depending on the video duration. A web domain was created for which Turkers would be redirected to, where they submitted a consent form and were asked questions about videos. Two different kinds of experiments were conducted: technical skill perception and speed perception.</text></passage><passage><infon key="section_type">METHODS</infon><infon key="type">title_2</infon><offset>11401</offset><text>Experiment 1: Technical Skill Perception</text></passage><passage><infon key="section_type">METHODS</infon><infon key="type">paragraph</infon><offset>11442</offset><text>Technical skill perception was measured by surveying non-expert crowds to give each video performance a GOALS score by rating each of the 4 subdomains shown in Table 1. Forty “turkers” were recruited per video, in which each video at each playback speed was independently submitted to the website in order to avoid a grouping bias. Videos were altered to speeds in the range 0.4x–3.6x, moving in intervals of 0.4, edited using FFmpeg, in which frames were either taken out or added in order to create the resulting playback speed. The score from each of four subdomains (Depth Perception, Bimanual Dexterity, Efficiency, and Tissue Handling) were summed to create a cumulative score for each performance in the range of 4–20. The mean of each video’s cumulative GOALS score was recorded, with a 95% confidence interval.</text></passage><passage><infon key="section_type">METHODS</infon><infon key="type">title_2</infon><offset>12272</offset><text>Experiment 2: Speed Perception</text></passage><passage><infon key="section_type">METHODS</infon><infon key="type">paragraph</infon><offset>12303</offset><text>The video playback speed perception test was conducted by using one novice and one expert from the peg transfer task, and asking the evaluator if they thought the video was being manually edited. If we showed them a video with a decreased playback speed, the worker was asked whether they thought the video was running at real-time speed or was manually edited to be slowed down. In the same way, workers were asked if the video was being sped up or played at real-time playback speed for videos which had an increased video playback speed. These Likert-scale questions are shown in Table 2 for a video in which the playback speed was increased. Speeds tested ranged from 0.2x–3.0x, moving in intervals of 0.2x to verify the range of speeds to use for the technical skill perception tests.</text></passage><passage><infon key="section_type">METHODS</infon><infon key="type">title_2</infon><offset>13095</offset><text>APM Validation at Each Playback Speed</text></passage><passage><infon key="section_type">METHODS</infon><infon key="type">paragraph</infon><offset>13133</offset><text>The APMs mentioned in Section 1.2 were also recorded at these various playback speeds for comparison to crowd evaluations. These were recalculated by scaling the magnitude of the speeds in the kinematic data to be equivalent to the speed displayed in a given video playback speed, then computing these objective metrics. For the jerk cost, this involved using a Holoborodko smooth noise-robust differentiator. For the others this involved simply scaling the magnitude of speed and inputting the result to the pre-created function for each corresponding APM. All APMs were computed in Python and MATLAB,,.</text></passage><passage><infon key="section_type">RESULTS</infon><infon key="type">title_1</infon><offset>13738</offset><text>Results</text></passage><passage><infon key="section_type">RESULTS</infon><infon key="type">title_2</infon><offset>13746</offset><text>Technical Skill Perception</text></passage><passage><infon key="section_type">RESULTS</infon><infon key="type">paragraph</infon><offset>13773</offset><text>The mean of the GOALS score for each obvious expert and novice are shown in Fig. 3. For expert videos, each increase in the playback speed by 0.4x was associated with, on average, a 0.72-point increase in the GOALS score (95% CI: 0.60–0.84 point increase; p &lt; 0.001). On average these scores appear to increase within a sublevel of the playback speeds around 0.5x to 2.4x, and then level out at all remaining playback speeds. For novice videos, each increase in the playback speed by 0.4x was associated with, on average, a 0.24-point increase in the GOALS score (95% CI: 0.13–0.36 point increase; p &lt; 0.001). Thus, while both experts and novices had increased perceived technical skill as the playback speed was increased, the gain was significantly greater for experts. The experts had, on average, a 0.47-point greater increase (95% CI: 0.31–0.64; p &lt; 0.001) in the GOALS score, compared to novices, for each 0.4x increase in playback speed. Fig. 4 shows the increase in the efficiency subdomain as well as the average of the other three domains to visualize whether efficiency (seen as the most related to speed) is the only increasing domain. As shown, it is clear that the other domains increased at nearly the same rate.</text></passage><passage><infon key="section_type">RESULTS</infon><infon key="type">paragraph</infon><offset>15007</offset><text>The APMs which were calculated with the manipulated kinematic data are shown in Fig. 5. As shown, most metrics show very little change at each of the different speeds, but even if they change, performers’ technical skills are not able to be discriminated between expert and novice skill any more easily. These metrics were also calculated by incorporating a combination of scaling the speeds and removing indices corresponding to the frames which would be removed from videos when the playback speed is increased. These figures aren’t included, but the results exhibit the same lack of separation between the skill groups at various playback speeds. Fig. 6 shows the difference in mean for experts and novices, tested with both the crowd scores and the highest performing APM, spectral arc length, to illustrate the difference in skill discrimination between crowd workers and the most accurate APM as speed is increased.</text></passage><passage><infon key="section_type">RESULTS</infon><infon key="type">title_2</infon><offset>15933</offset><text>Playback Speed Perception</text></passage><passage><infon key="section_type">RESULTS</infon><infon key="type">paragraph</infon><offset>15959</offset><text>The speed perception results for an obvious novice and obvious expert are plotted in Fig. 7a. The scores were obtained by treating each of the scores in Table 2 as a score, and obtaining the mean score for each video evaluated, such that a higher score leads to a higher perception of the video being played at a real-time playback speed. Both novices and experts displayed similar perceptions of the video either having an increased or decreased video playback speed. In Fig. 7b, a two sample independent t-test was computed between the two groups at each of the playback speeds, to visualize the difference in mean speed perception between experts and novices. All of the speeds show no significant difference in playback speed recognition. The perceived video playback speed scores are compared with the same video’s crowd scores for the GOALS assessment metric in Fig. 8.</text></passage><passage><infon key="section_type">CONCL</infon><infon key="type">title_1</infon><offset>16837</offset><text>Conclusion</text></passage><passage><infon key="section_type">CONCL</infon><infon key="type">paragraph</infon><offset>16848</offset><text>The results from the technical skill perception study give support to our initial hypothesis that increasing the video playback speed would increase the ratings of surgical performances. Surprisingly, however, we discovered that novice performances receive a much lower increase in score, which is almost negligible. This finding elucidates the notion that despite increasing the video playback speed of a novice performance, non-expert crowd workers are still able to spot the more obvious mistakes made by these novices. However, it appears that crowd evaluators are biased to speed when they evaluate expert performances. This could be due to expert performers appearing as though their movements are even smoother at quicker playback speeds and the few mistakes they are making being ‘washed out’ or not emphasized at quicker playback speeds. With 135,000 surgeons in the U.S. and the growing need to objectively quantify surgical skills to ensure public safety, methods to rapidly triage technical skill are required. Our observations may provide an easier and cheaper way of discriminating novices from experts than with using expert surgeon evaluation.</text></passage><passage><infon key="section_type">CONCL</infon><infon key="type">paragraph</infon><offset>18012</offset><text>To illustrate whether the ‘Efficiency’ domain of the GOALS assessments was the only domain increasing, as this domain is most closely related to speed, a scatter plot for the average efficiency domain and average of the other three domains for novices and experts is shown in Fig. 4. The novices clearly show no difference in Efficiency vs. the other three domains. In addition, the three remaining domains for experts appear to increase at almost the same rate as the Efficiency domain. It appears that crowds are also biased to give higher ratings in other domains which aren’t necessarily related to speed.</text></passage><passage><infon key="section_type">CONCL</infon><infon key="type">paragraph</infon><offset>18628</offset><text>The results from the real-time playback perception study validate our initial hypothesis by showing us that crowds are able to accurately discern when a video has been manually edited to have a different playback speed. Although, as shown in Fig. 7a, there is apparently no difference in perception between an obvious novice performance and an obvious expert performance.</text></passage><passage><infon key="section_type">CONCL</infon><infon key="type">paragraph</infon><offset>19000</offset><text>As shown in our comparison to objective metrics, no other used method of objectively obtaining technical skills scores will show the same amount of improvement for increases in playback speed. There may be information that humans can decipher which objective metrics or machine learning algorithms cannot.</text></passage><passage><infon key="section_type">CONCL</infon><infon key="type">paragraph</infon><offset>19306</offset><text>We conclude that increasing the video playback speed of performances of dry lab laparoscopic training tasks could provide a cheap and easy way to discriminate experts from novices as the separation in GOALS scores between novices and experts appears to increase as video playback is increased. A limitation of this study is that we only sampled ten videos of laparoscopic training procedures. Additional investigation with a larger dataset of more clinically relevant performances is required to conclude whether this observation extends to actual surgical case evaluation.</text></passage><passage><infon key="section_type">CONCL</infon><infon key="type">footnote</infon><offset>19880</offset><text>Conflicts of Interest The authors declare that they have no conflict of interest.</text></passage><passage><infon key="section_type">CONCL</infon><infon key="type">footnote</infon><offset>19962</offset><text>Ethical Standard All procedures performed in studies involving human participants were in accordance with the ethical standards of the institutional and/or national research committee and with the 1964 Helsinki declaration and its later amendments or comparable ethical standards.</text></passage><passage><infon key="section_type">CONCL</infon><infon key="type">footnote</infon><offset>20243</offset><text>Informed Consent Informed consent was obtained from all individual participants included in the study.</text></passage><passage><infon key="section_type">REF</infon><infon key="type">title</infon><offset>20346</offset><text>References</text></passage><passage><infon key="fpage">1859</infon><infon key="issue">6</infon><infon key="lpage">1865</infon><infon key="name_0">surname:Kowalewski;given-names:T</infon><infon key="name_1">surname:Comstock;given-names:B</infon><infon key="name_10">surname:Knudsen;given-names:B</infon><infon key="name_11">surname:Landman;given-names:J</infon><infon key="name_12">surname:Lee;given-names:B</infon><infon key="name_13">surname:Schwartz;given-names:BF</infon><infon key="name_14">surname:McDougall;given-names:E</infon><infon key="name_15">surname:Lendvay;given-names:TS</infon><infon key="name_2">surname:Sweet;given-names:R</infon><infon key="name_3">surname:Schaffhausen;given-names:C</infon><infon key="name_4">surname:Menhadji;given-names:A</infon><infon key="name_5">surname:Averch;given-names:T</infon><infon key="name_6">surname:Box;given-names:G</infon><infon key="name_7">surname:Brand;given-names:T</infon><infon key="name_8">surname:Ferrandino;given-names:M</infon><infon key="name_9">surname:Kaouk;given-names:J</infon><infon key="section_type">REF</infon><infon key="source">The Journal of Urology</infon><infon key="type">ref</infon><infon key="volume">195</infon><infon key="year">2015</infon><offset>20357</offset><text>Crowd-Sourced Assessment of Technical Skills for Validation of Basic Laparoscopic Urologic Skills (BLUS) Tasks</text></passage><passage><infon key="name_0">surname:Makary;given-names:M</infon><infon key="name_1">surname:Daniel;given-names:M</infon><infon key="section_type">REF</infon><infon key="source">The BMJ</infon><infon key="type">ref</infon><infon key="year">2016</infon><offset>20468</offset><text>Medical error - the third leading cause of death in the US</text></passage><passage><infon key="fpage">1434</infon><infon key="issue">15</infon><infon key="lpage">1442</infon><infon key="name_0">surname:Birkmeyer;given-names:JD</infon><infon key="name_1">surname:Finks;given-names:JF</infon><infon key="name_2">surname:O’Reilly;given-names:A</infon><infon key="name_3">surname:Oerline;given-names:M</infon><infon key="name_4">surname:Carlin;given-names:AM</infon><infon key="name_5">surname:Nunn;given-names:AR</infon><infon key="name_6">surname:Dimick;given-names:J</infon><infon key="name_7">surname:Banerjee;given-names:M</infon><infon key="name_8">surname:Birkmeyer;given-names:NJ</infon><infon key="pub-id_pmid">24106936</infon><infon key="section_type">REF</infon><infon key="source">New England Journal of Medicine</infon><infon key="type">ref</infon><infon key="volume">369</infon><infon key="year">2013</infon><offset>20527</offset><text>Surgical skill and complication rates after bariatric surgery</text></passage><passage><infon key="fpage">1151</infon><infon key="lpage">1159</infon><infon key="name_0">surname:Dockter;given-names:R</infon><infon key="name_1">surname:Lendvay;given-names:TS</infon><infon key="name_2">surname:Sweet;given-names:RM</infon><infon key="name_3">surname:Kowalewski;given-names:TM</infon><infon key="pub-id_pmid">28516302</infon><infon key="section_type">REF</infon><infon key="source">The International Journal of Computer-Assisted Radiology and Surgery</infon><infon key="type">ref</infon><infon key="volume">12</infon><infon key="year">2017</infon><offset>20589</offset><text>The minimally acceptable classification criterion for surgical skill: intent vectors and separability of raw motion data</text></passage><passage><infon key="fpage">65</infon><infon key="issue">1</infon><infon key="lpage">71</infon><infon key="name_0">surname:Chen;given-names:C</infon><infon key="name_1">surname:White;given-names:L</infon><infon key="name_2">surname:Kowalewski;given-names:T</infon><infon key="name_3">surname:Aggarwal;given-names:R</infon><infon key="name_4">surname:Lintott;given-names:C</infon><infon key="name_5">surname:Comstock;given-names:B</infon><infon key="name_6">surname:Kuksenok;given-names:K</infon><infon key="name_7">surname:Aragon;given-names:C</infon><infon key="name_8">surname:Holst;given-names:D</infon><infon key="name_9">surname:Lendvay;given-names:T</infon><infon key="pub-id_pmid">24555877</infon><infon key="section_type">REF</infon><infon key="source">Journal of Surgical Research</infon><infon key="type">ref</infon><infon key="volume">187</infon><infon key="year">2013</infon><offset>20710</offset><text>Crowd-Sourced Assessment of Technical Skills: a Novel Method to Evaluate Surgical Performance</text></passage><passage><infon key="fpage">107</infon><infon key="issue">1</infon><infon key="lpage">113</infon><infon key="name_0">surname:Vassiliou;given-names:MC</infon><infon key="name_1">surname:Feldman;given-names:LS</infon><infon key="name_2">surname:Andrew;given-names:CG</infon><infon key="name_3">surname:Bergman;given-names:S</infon><infon key="name_4">surname:Leffondre;given-names:K</infon><infon key="name_5">surname:Stanbridge;given-names:D</infon><infon key="name_6">surname:Fried;given-names:GM</infon><infon key="pub-id_pmid">15972181</infon><infon key="section_type">REF</infon><infon key="source">The American Journal of Surgery</infon><infon key="type">ref</infon><infon key="volume">190</infon><infon key="year">2005</infon><offset>20804</offset><text>A global assessment tool for evaluation of intraoperative laparoscopic skills</text></passage><passage><infon key="fpage">308</infon><infon key="issue">2</infon><infon key="lpage">313</infon><infon key="name_0">surname:Gumbs;given-names:AA</infon><infon key="name_1">surname:Hogle;given-names:NJ</infon><infon key="name_2">surname:Fowler;given-names:DL</infon><infon key="pub-id_pmid">17254935</infon><infon key="section_type">REF</infon><infon key="source">Journal of the American College of Surgeons</infon><infon key="type">ref</infon><infon key="volume">204</infon><infon key="year">2007</infon><offset>20882</offset><text>Evaluation of Resident Laparoscopic Performance Using Global Operative Assessment of Laparoscopic Skills</text></passage><passage><infon key="fpage">329</infon><infon key="issue">2</infon><infon key="lpage">338</infon><infon key="name_0">surname:Kowalewski;given-names:TM</infon><infon key="name_1">surname:White;given-names:LW</infon><infon key="name_2">surname:Lendvay;given-names:TS</infon><infon key="name_3">surname:Jiang;given-names:IS</infon><infon key="name_4">surname:Sweet;given-names:RS</infon><infon key="name_5">surname:Wright;given-names:A</infon><infon key="name_6">surname:Hannaford;given-names:B</infon><infon key="name_7">surname:Sinanan;given-names:MN</infon><infon key="pub-id_pmid">25108691</infon><infon key="section_type">REF</infon><infon key="source">Journal of Surgical Research</infon><infon key="type">ref</infon><infon key="volume">192</infon><infon key="year">2014</infon><offset>20987</offset><text>Beyond task time: automated measurements augments fundamentals of laparoscopic skills methodology</text></passage><passage><infon key="issue">5</infon><infon key="name_0">surname:Hung;given-names:A</infon><infon key="name_1">surname:Chen;given-names:J</infon><infon key="name_2">surname:Che;given-names:Z</infon><infon key="name_3">surname:Nilanon;given-names:T</infon><infon key="name_4">surname:Jarc;given-names:A</infon><infon key="name_5">surname:Titus;given-names:M</infon><infon key="name_6">surname:Oh;given-names:PJ</infon><infon key="name_7">surname:Gill;given-names:IS</infon><infon key="name_8">surname:Liu;given-names:Y</infon><infon key="section_type">REF</infon><infon key="source">Journal of Endourology</infon><infon key="type">ref</infon><infon key="volume">32</infon><infon key="year">2018</infon><offset>21085</offset><text>Utilizing Machine Learning and Automated Performance Metrics to Evaluate Robot-Assisted Radical Prostatectomy Performance and Predict Outcomes</text></passage><passage><infon key="fpage">145</infon><infon key="issue">2</infon><infon key="lpage">152</infon><infon key="name_0">surname:Barclay;given-names:CD</infon><infon key="name_1">surname:Cutting;given-names:JE</infon><infon key="name_2">surname:Kozlowski;given-names:LT</infon><infon key="section_type">REF</infon><infon key="source">Percpetion and Psychophysics</infon><infon key="type">ref</infon><infon key="volume">23</infon><infon key="year">1978</infon><offset>21228</offset><text>Temporal and spatial factors in gait perception that influence gender recognition</text></passage><passage><infon key="fpage">1</infon><infon key="issue">42576</infon><infon key="lpage">6</infon><infon key="name_0">surname:Veto;given-names:P</infon><infon key="name_1">surname:Einhauser;given-names:W</infon><infon key="name_2">surname:Troje;given-names:NF</infon><infon key="pub-id_pmid">28127051</infon><infon key="section_type">REF</infon><infon key="source">Scientific Reports</infon><infon key="type">ref</infon><infon key="volume">7</infon><infon key="year">2017</infon><offset>21310</offset><text>Biological motion distorts size perception</text></passage><passage><infon key="fpage">822</infon><infon key="issue">5</infon><infon key="lpage">835</infon><infon key="name_0">surname:Jacobs;given-names:A</infon><infon key="name_1">surname:Pinto;given-names:J</infon><infon key="name_2">surname:Shiffrar;given-names:M</infon><infon key="pub-id_pmid">15462623</infon><infon key="section_type">REF</infon><infon key="source">Journal of Experimental Psychology</infon><infon key="type">ref</infon><infon key="volume">30</infon><infon key="year">2004</infon><offset>21353</offset><text>Experience context and the visual perception of human movement</text></passage><passage><infon key="fpage">190</infon><infon key="name_0">surname:Seete;given-names:RM</infon><infon key="name_1">surname:Beach;given-names:R</infon><infon key="name_2">surname:Sainfort;given-names:F</infon><infon key="name_3">surname:Gupta;given-names:P</infon><infon key="name_4">surname:Reihsen;given-names:T</infon><infon key="name_5">surname:Poniatowski;given-names:LH</infon><infon key="name_6">surname:McDougall;given-names:EM</infon><infon key="pub-id_pmid">22050489</infon><infon key="section_type">REF</infon><infon key="source">Journal of Endourology</infon><infon key="type">ref</infon><infon key="volume">26</infon><infon key="year">2012</infon><offset>21416</offset><text>Introduction and validation of the American Urological Association Basic Laparoscopic Urology Surgery skills curriculum</text></passage><passage><infon key="fpage">1688</infon><infon key="issue">7</infon><infon key="lpage">1703</infon><infon key="name_0">surname:Flash;given-names:T</infon><infon key="name_1">surname:Hogan;given-names:N</infon><infon key="pub-id_pmid">4020415</infon><infon key="section_type">REF</infon><infon key="source">The Journal of Neuroscience</infon><infon key="type">ref</infon><infon key="volume">5</infon><infon key="year">1985</infon><offset>21536</offset><text>The Coordination of Arm Movements: An Experimentally Confirmed Mathematical Model</text></passage><passage><infon key="fpage">998</infon><infon key="name_0">surname:Kowalewski;given-names:TM</infon><infon key="name_1">surname:Seet;given-names:R</infon><infon key="name_10">surname:Landman;given-names:J</infon><infon key="name_11">surname:Lee;given-names:B</infon><infon key="name_12">surname:Schwartz;given-names:BF</infon><infon key="name_13">surname:McDougall;given-names:E</infon><infon key="name_2">surname:Lendvay;given-names:TS</infon><infon key="name_3">surname:Menhadji;given-names:A</infon><infon key="name_4">surname:Averch;given-names:T</infon><infon key="name_5">surname:Box;given-names:G</infon><infon key="name_6">surname:Brand;given-names:T</infon><infon key="name_7">surname:Ferrandino;given-names:M</infon><infon key="name_8">surname:Kaouk;given-names:J</infon><infon key="name_9">surname:Knudsen;given-names:B</infon><infon key="pub-id_pmid">26527514</infon><infon key="section_type">REF</infon><infon key="source">Journal of Urology</infon><infon key="type">ref</infon><infon key="volume">195</infon><infon key="year">2016</infon><offset>21618</offset><text>Validation of the AUA BLUS Tasks</text></passage><passage><infon key="name_0">surname:Bajcsy;given-names:A</infon><infon key="name_1">surname:Losey;given-names:DP</infon><infon key="name_2">surname:O’Malley;given-names:MK</infon><infon key="name_3">surname:Dragan;given-names:AD</infon><infon key="section_type">REF</infon><infon key="type">ref</infon><infon key="year">2018</infon><offset>21651</offset><text>Learning from Physical Human Corrections, One Feature at a Time</text></passage><passage><infon key="fpage">2126</infon><infon key="issue">8</infon><infon key="lpage">2136</infon><infon key="name_0">surname:Balasubramanian;given-names:S</infon><infon key="name_1">surname:Melendez-Calderon;given-names:A</infon><infon key="name_2">surname:Burdett;given-names:E</infon><infon key="pub-id_pmid">22180502</infon><infon key="section_type">REF</infon><infon key="source">IEEE Transactions on Biomedical Engineering</infon><infon key="type">ref</infon><infon key="volume">59</infon><infon key="year">2012</infon><offset>21715</offset><text>A Robust and Sensitive Metric for Quantifying Movement Smoothness</text></passage><passage><infon key="name_0">surname:Kowalewski;given-names:TM</infon><infon key="section_type">REF</infon><infon key="source">Real-time quantitative assessment of surgical skill</infon><infon key="type">ref</infon><infon key="year">2012</infon><offset>21781</offset></passage><passage><infon key="fpage">482</infon><infon key="name_0">surname:Derossis;given-names:AM</infon><infon key="name_1">surname:Fried;given-names:GM</infon><infon key="name_2">surname:Abrahamowicz;given-names:M</infon><infon key="name_3">surname:Sigman;given-names:HH</infon><infon key="name_4">surname:Barkun;given-names:JS</infon><infon key="name_5">surname:Meakins;given-names:JL</infon><infon key="pub-id_pmid">9645777</infon><infon key="section_type">REF</infon><infon key="source">American Journal of Surgery</infon><infon key="type">ref</infon><infon key="volume">175</infon><infon key="year">1998</infon><offset>21782</offset><text>Development of a model for training and evaluation of laparoscopic skills</text></passage><passage><infon key="fpage">210</infon><infon key="name_0">surname:Fried;given-names:GM</infon><infon key="section_type">REF</infon><infon key="source">Journal of Gastroenterology Surgery</infon><infon key="type">ref</infon><infon key="volume">12</infon><infon key="year">2008</infon><offset>21856</offset><text>FLS assessment of competency using simulated laparoscopic tasks</text></passage><passage><infon key="fpage">21</infon><infon key="name_0">surname:Peters;given-names:JH</infon><infon key="name_1">surname:Fried;given-names:GM</infon><infon key="name_2">surname:Swanstrom;given-names:LL</infon><infon key="name_3">surname:Soper;given-names:NJ</infon><infon key="name_4">surname:Silin;given-names:LF</infon><infon key="name_5">surname:Schirmer;given-names:B</infon><infon key="name_6">surname:Hoffman;given-names:K</infon><infon key="pub-id_pmid">14694297</infon><infon key="section_type">REF</infon><infon key="source">Surgery</infon><infon key="type">ref</infon><infon key="volume">135</infon><infon key="year">2004</infon><offset>21920</offset><text>Development and validation of a comprehensive program of education and assessment of the basic fundamentals of laparoscopic surgery</text></passage><passage><infon key="comment">Available form http://ffmpeg.org/</infon><infon key="section_type">REF</infon><infon key="source">ffmpeg tool (Version 4.1.3) [Software]</infon><infon key="type">ref</infon><infon key="year">2016</infon><offset>22052</offset></passage><passage><infon key="comment">http://www.holoborodko.com/pavel/numerical-methods/numerical-derivative/smooth-low-noise-differentiators/</infon><infon key="name_0">surname:Holoborodko;given-names:P</infon><infon key="section_type">REF</infon><infon key="source">Smooth Noise Robust Differentiators</infon><infon key="type">ref</infon><infon key="year">2008</infon><offset>22053</offset></passage><passage><infon key="comment">Available at http://www.python.org</infon><infon key="section_type">REF</infon><infon key="source">Python Language Reference, version 3.6</infon><infon key="type">ref</infon><offset>22054</offset></passage><passage><infon key="section_type">REF</infon><infon key="source">MATLAB R2019a</infon><infon key="type">ref</infon><offset>22055</offset></passage><passage><infon key="file">nihms-1639804-f0001.jpg</infon><infon key="id">F1</infon><infon key="section_type">FIG</infon><infon key="type">fig_caption</infon><offset>22056</offset><text>Task time completion vs. GOALS scores for all peg transfer performances in the Basic Laparoscopic Urologic Skills (BLUS) dataset.</text></passage><passage><infon key="file">nihms-1639804-f0002.jpg</infon><infon key="id">F2</infon><infon key="section_type">FIG</infon><infon key="type">fig_caption</infon><offset>22186</offset><text>A point light walker, used in biological motion research. Despite highly impoverished data (points only, no video), humans seem to quickly infer human gait within a few steps of animation and even extract subtle cues like gender or emotional state,.</text></passage><passage><infon key="file">nihms-1639804-f0003.jpg</infon><infon key="id">F3</infon><infon key="section_type">FIG</infon><infon key="type">fig_caption</infon><offset>22436</offset><text>All mean crowd evaluations from each novice and expert peg transfer task at various video playback speeds. (Each solid marker indicates N = 40).</text></passage><passage><infon key="file">nihms-1639804-f0004.jpg</infon><infon key="id">F4</infon><infon key="section_type">FIG</infon><infon key="type">fig_caption</infon><offset>22581</offset><text>The efficiency subdomain as compared to the average of the other GOALS subdomains, for experts and novices.</text></passage><passage><infon key="file">nihms-1639804-f0005.jpg</infon><infon key="id">F5</infon><infon key="section_type">FIG</infon><infon key="type">fig_caption</infon><offset>22689</offset><text>Objective technical skill metrics for the obvious experts and novices across various speeds.</text></passage><passage><infon key="file">nihms-1639804-f0006.jpg</infon><infon key="id">F6</infon><infon key="section_type">FIG</infon><infon key="type">fig_caption</infon><offset>22782</offset><text>Difference in mean between skill levels from the highest performing APM and from crowd scores, with a 95% CI in the shaded regions.</text></passage><passage><infon key="file">nihms-1639804-f0007.jpg</infon><infon key="id">F7</infon><infon key="section_type">FIG</infon><infon key="type">fig_caption</infon><offset>22914</offset><text>Comparison of Novice and Expert Speed Perception at each playback speed. (There were N = 40 unique human evaluations/skill level/playback speed. The error bars represent 95% confidence intervals.)</text></passage><passage><infon key="file">nihms-1639804-f0008.jpg</infon><infon key="id">F8</infon><infon key="section_type">FIG</infon><infon key="type">fig_caption</infon><offset>23111</offset><text>Speed Perception compared with technical skill perceived at various speeds.</text></passage><passage><infon key="file">T1.xml</infon><infon key="id">T1</infon><infon key="section_type">TABLE</infon><infon key="type">table_caption</infon><offset>23187</offset><text>Likert-scale technical skill perception questionnaire for a manually sped-up video, from four domains of the GOALS assessment metric.</text></passage><passage><infon key="file">T1.xml</infon><infon key="id">T1</infon><infon key="section_type">TABLE</infon><infon key="type">table</infon><infon key="xml">&lt;?xml version=&quot;1.0&quot; encoding=&quot;UTF-8&quot;?&gt;
&lt;table frame=&quot;box&quot; rules=&quot;all&quot;&gt;
        &lt;colgroup span=&quot;1&quot;&gt;
          &lt;col align=&quot;left&quot; valign=&quot;middle&quot; span=&quot;1&quot;/&gt;
          &lt;col align=&quot;left&quot; valign=&quot;middle&quot; span=&quot;1&quot;/&gt;
        &lt;/colgroup&gt;
        &lt;thead&gt;
          &lt;tr&gt;
            &lt;th align=&quot;left&quot; valign=&quot;top&quot; rowspan=&quot;1&quot; colspan=&quot;1&quot;&gt;Score&lt;/th&gt;
            &lt;th align=&quot;left&quot; valign=&quot;top&quot; rowspan=&quot;1&quot; colspan=&quot;1&quot;&gt;Depth Perception&lt;/th&gt;
          &lt;/tr&gt;
        &lt;/thead&gt;
        &lt;tbody&gt;
          &lt;tr&gt;
            &lt;td align=&quot;left&quot; valign=&quot;top&quot; rowspan=&quot;1&quot; colspan=&quot;1&quot;&gt;(1)&lt;/td&gt;
            &lt;td align=&quot;left&quot; valign=&quot;top&quot; rowspan=&quot;1&quot; colspan=&quot;1&quot;&gt;Constantly overshoots target, wide swings, slow to correct&lt;/td&gt;
          &lt;/tr&gt;
          &lt;tr&gt;
            &lt;td align=&quot;left&quot; valign=&quot;top&quot; rowspan=&quot;1&quot; colspan=&quot;1&quot;&gt;(2)&lt;/td&gt;
            &lt;td align=&quot;left&quot; valign=&quot;top&quot; rowspan=&quot;1&quot; colspan=&quot;1&quot;/&gt;
          &lt;/tr&gt;
          &lt;tr&gt;
            &lt;td align=&quot;left&quot; valign=&quot;top&quot; rowspan=&quot;1&quot; colspan=&quot;1&quot;&gt;(3)&lt;/td&gt;
            &lt;td align=&quot;left&quot; valign=&quot;top&quot; rowspan=&quot;1&quot; colspan=&quot;1&quot;&gt;Some overshooting or missing of target, but quick to correct&lt;/td&gt;
          &lt;/tr&gt;
          &lt;tr&gt;
            &lt;td align=&quot;left&quot; valign=&quot;top&quot; rowspan=&quot;1&quot; colspan=&quot;1&quot;&gt;(4)&lt;/td&gt;
            &lt;td align=&quot;left&quot; valign=&quot;top&quot; rowspan=&quot;1&quot; colspan=&quot;1&quot;/&gt;
          &lt;/tr&gt;
          &lt;tr&gt;
            &lt;td align=&quot;left&quot; valign=&quot;top&quot; rowspan=&quot;1&quot; colspan=&quot;1&quot;&gt;(5)&lt;/td&gt;
            &lt;td align=&quot;left&quot; valign=&quot;top&quot; rowspan=&quot;1&quot; colspan=&quot;1&quot;&gt;Accurately directs instruments in the correct plane to target&lt;/td&gt;
          &lt;/tr&gt;
        &lt;/tbody&gt;
        &lt;tbody&gt;
          &lt;tr&gt;
            &lt;th align=&quot;left&quot; valign=&quot;top&quot; rowspan=&quot;1&quot; colspan=&quot;1&quot;&gt;Score&lt;/th&gt;
            &lt;th align=&quot;left&quot; valign=&quot;top&quot; rowspan=&quot;1&quot; colspan=&quot;1&quot;&gt;Bimanual Dexterity&lt;/th&gt;
          &lt;/tr&gt;
          &lt;tr&gt;
            &lt;td align=&quot;left&quot; valign=&quot;top&quot; rowspan=&quot;1&quot; colspan=&quot;1&quot;&gt;(1)&lt;/td&gt;
            &lt;td align=&quot;left&quot; valign=&quot;top&quot; rowspan=&quot;1&quot; colspan=&quot;1&quot;&gt;Uses only one hand, ignores non-dominant hand, poor coordination between hands&lt;/td&gt;
          &lt;/tr&gt;
          &lt;tr&gt;
            &lt;td align=&quot;left&quot; valign=&quot;top&quot; rowspan=&quot;1&quot; colspan=&quot;1&quot;&gt;(2)&lt;/td&gt;
            &lt;td align=&quot;left&quot; valign=&quot;top&quot; rowspan=&quot;1&quot; colspan=&quot;1&quot;/&gt;
          &lt;/tr&gt;
          &lt;tr&gt;
            &lt;td align=&quot;left&quot; valign=&quot;top&quot; rowspan=&quot;1&quot; colspan=&quot;1&quot;&gt;(3)&lt;/td&gt;
            &lt;td align=&quot;left&quot; valign=&quot;top&quot; rowspan=&quot;1&quot; colspan=&quot;1&quot;&gt;Uses both hands, but does not optimize interaction between hands&lt;/td&gt;
          &lt;/tr&gt;
          &lt;tr&gt;
            &lt;td align=&quot;left&quot; valign=&quot;top&quot; rowspan=&quot;1&quot; colspan=&quot;1&quot;&gt;(4)&lt;/td&gt;
            &lt;td align=&quot;left&quot; valign=&quot;top&quot; rowspan=&quot;1&quot; colspan=&quot;1&quot;/&gt;
          &lt;/tr&gt;
          &lt;tr&gt;
            &lt;td align=&quot;left&quot; valign=&quot;top&quot; rowspan=&quot;1&quot; colspan=&quot;1&quot;&gt;(5)&lt;/td&gt;
            &lt;td align=&quot;left&quot; valign=&quot;top&quot; rowspan=&quot;1&quot; colspan=&quot;1&quot;&gt;Expertly uses both hands in a complementary manner to provide optimal exposure&lt;/td&gt;
          &lt;/tr&gt;
        &lt;/tbody&gt;
        &lt;tbody&gt;
          &lt;tr&gt;
            &lt;th align=&quot;left&quot; valign=&quot;top&quot; rowspan=&quot;1&quot; colspan=&quot;1&quot;&gt;Score&lt;/th&gt;
            &lt;th align=&quot;left&quot; valign=&quot;top&quot; rowspan=&quot;1&quot; colspan=&quot;1&quot;&gt;Efficiency&lt;/th&gt;
          &lt;/tr&gt;
          &lt;tr&gt;
            &lt;td align=&quot;left&quot; valign=&quot;top&quot; rowspan=&quot;1&quot; colspan=&quot;1&quot;&gt;(1)&lt;/td&gt;
            &lt;td align=&quot;left&quot; valign=&quot;top&quot; rowspan=&quot;1&quot; colspan=&quot;1&quot;&gt;Uncertain, inefficient efforts; many tentative movements; constantly changing focus or persisting without progress&lt;/td&gt;
          &lt;/tr&gt;
          &lt;tr&gt;
            &lt;td align=&quot;left&quot; valign=&quot;top&quot; rowspan=&quot;1&quot; colspan=&quot;1&quot;&gt;(2)&lt;/td&gt;
            &lt;td align=&quot;left&quot; valign=&quot;top&quot; rowspan=&quot;1&quot; colspan=&quot;1&quot;/&gt;
          &lt;/tr&gt;
          &lt;tr&gt;
            &lt;td align=&quot;left&quot; valign=&quot;top&quot; rowspan=&quot;1&quot; colspan=&quot;1&quot;&gt;(3)&lt;/td&gt;
            &lt;td align=&quot;left&quot; valign=&quot;top&quot; rowspan=&quot;1&quot; colspan=&quot;1&quot;&gt;Slow, but planned movements are reasonably organized&lt;/td&gt;
          &lt;/tr&gt;
          &lt;tr&gt;
            &lt;td align=&quot;left&quot; valign=&quot;top&quot; rowspan=&quot;1&quot; colspan=&quot;1&quot;&gt;(4)&lt;/td&gt;
            &lt;td align=&quot;left&quot; valign=&quot;top&quot; rowspan=&quot;1&quot; colspan=&quot;1&quot;/&gt;
          &lt;/tr&gt;
          &lt;tr&gt;
            &lt;td align=&quot;left&quot; valign=&quot;top&quot; rowspan=&quot;1&quot; colspan=&quot;1&quot;&gt;(5)&lt;/td&gt;
            &lt;td align=&quot;left&quot; valign=&quot;top&quot; rowspan=&quot;1&quot; colspan=&quot;1&quot;&gt;Confident, efficient and safe conduct, maintains focus on task until it is better performed by way of an alternative approach&lt;/td&gt;
          &lt;/tr&gt;
        &lt;/tbody&gt;
        &lt;tbody&gt;
          &lt;tr&gt;
            &lt;th align=&quot;left&quot; valign=&quot;top&quot; rowspan=&quot;1&quot; colspan=&quot;1&quot;&gt;Score&lt;/th&gt;
            &lt;th align=&quot;left&quot; valign=&quot;top&quot; rowspan=&quot;1&quot; colspan=&quot;1&quot;&gt;Tissue Handling&lt;/th&gt;
          &lt;/tr&gt;
          &lt;tr&gt;
            &lt;td align=&quot;left&quot; valign=&quot;top&quot; rowspan=&quot;1&quot; colspan=&quot;1&quot;&gt;(1)&lt;/td&gt;
            &lt;td align=&quot;left&quot; valign=&quot;top&quot; rowspan=&quot;1&quot; colspan=&quot;1&quot;&gt;Definitely sped-up video&lt;/td&gt;
          &lt;/tr&gt;
          &lt;tr&gt;
            &lt;td align=&quot;left&quot; valign=&quot;top&quot; rowspan=&quot;1&quot; colspan=&quot;1&quot;&gt;(2)&lt;/td&gt;
            &lt;td align=&quot;left&quot; valign=&quot;top&quot; rowspan=&quot;1&quot; colspan=&quot;1&quot;/&gt;
          &lt;/tr&gt;
          &lt;tr&gt;
            &lt;td align=&quot;left&quot; valign=&quot;top&quot; rowspan=&quot;1&quot; colspan=&quot;1&quot;&gt;(3)&lt;/td&gt;
            &lt;td align=&quot;left&quot; valign=&quot;top&quot; rowspan=&quot;1&quot; colspan=&quot;1&quot;&gt;Handles tissue reasonably well, minor trauma to adjacent tissue(i.e. occasional unnecessary bleeding or slipping of the grasper)&lt;/td&gt;
          &lt;/tr&gt;
          &lt;tr&gt;
            &lt;td align=&quot;left&quot; valign=&quot;top&quot; rowspan=&quot;1&quot; colspan=&quot;1&quot;&gt;(4)&lt;/td&gt;
            &lt;td align=&quot;left&quot; valign=&quot;top&quot; rowspan=&quot;1&quot; colspan=&quot;1&quot;/&gt;
          &lt;/tr&gt;
          &lt;tr&gt;
            &lt;td align=&quot;left&quot; valign=&quot;top&quot; rowspan=&quot;1&quot; colspan=&quot;1&quot;&gt;(5)&lt;/td&gt;
            &lt;td align=&quot;left&quot; valign=&quot;top&quot; rowspan=&quot;1&quot; colspan=&quot;1&quot;&gt;Handles tissues well, applies appropriate traction, negligible injury to adjacent structures&lt;/td&gt;
          &lt;/tr&gt;
        &lt;/tbody&gt;
      &lt;/table&gt;
</infon><offset>23321</offset><text>Score	Depth Perception	 	(1)	Constantly overshoots target, wide swings, slow to correct	 	(2)		 	(3)	Some overshooting or missing of target, but quick to correct	 	(4)		 	(5)	Accurately directs instruments in the correct plane to target	 	Score	Bimanual Dexterity	 	(1)	Uses only one hand, ignores non-dominant hand, poor coordination between hands	 	(2)		 	(3)	Uses both hands, but does not optimize interaction between hands	 	(4)		 	(5)	Expertly uses both hands in a complementary manner to provide optimal exposure	 	Score	Efficiency	 	(1)	Uncertain, inefficient efforts; many tentative movements; constantly changing focus or persisting without progress	 	(2)		 	(3)	Slow, but planned movements are reasonably organized	 	(4)		 	(5)	Confident, efficient and safe conduct, maintains focus on task until it is better performed by way of an alternative approach	 	Score	Tissue Handling	 	(1)	Definitely sped-up video	 	(2)		 	(3)	Handles tissue reasonably well, minor trauma to adjacent tissue(i.e. occasional unnecessary bleeding or slipping of the grasper)	 	(4)		 	(5)	Handles tissues well, applies appropriate traction, negligible injury to adjacent structures	 	</text></passage><passage><infon key="file">T2.xml</infon><infon key="id">T2</infon><infon key="section_type">TABLE</infon><infon key="type">table_caption</infon><offset>24491</offset><text>Likert-scale speed perception questionnaire for a manually sped-up video.</text></passage><passage><infon key="file">T2.xml</infon><infon key="id">T2</infon><infon key="section_type">TABLE</infon><infon key="type">table</infon><infon key="xml">&lt;?xml version=&quot;1.0&quot; encoding=&quot;UTF-8&quot;?&gt;
&lt;table frame=&quot;hsides&quot; rules=&quot;groups&quot;&gt;
        &lt;colgroup span=&quot;1&quot;&gt;
          &lt;col align=&quot;left&quot; valign=&quot;middle&quot; span=&quot;1&quot;/&gt;
          &lt;col align=&quot;left&quot; valign=&quot;middle&quot; span=&quot;1&quot;/&gt;
        &lt;/colgroup&gt;
        &lt;thead&gt;
          &lt;tr&gt;
            &lt;th align=&quot;left&quot; valign=&quot;top&quot; rowspan=&quot;1&quot; colspan=&quot;1&quot;&gt;Score&lt;/th&gt;
            &lt;th align=&quot;left&quot; valign=&quot;top&quot; rowspan=&quot;1&quot; colspan=&quot;1&quot;&gt;Does this video appear to have been altered to have an increased playback speed?&lt;/th&gt;
          &lt;/tr&gt;
        &lt;/thead&gt;
        &lt;tbody&gt;
          &lt;tr&gt;
            &lt;td align=&quot;left&quot; valign=&quot;top&quot; rowspan=&quot;1&quot; colspan=&quot;1&quot;&gt;(1)&lt;/td&gt;
            &lt;td align=&quot;left&quot; valign=&quot;top&quot; rowspan=&quot;1&quot; colspan=&quot;1&quot;&gt;Definitely sped-up video&lt;/td&gt;
          &lt;/tr&gt;
          &lt;tr&gt;
            &lt;td align=&quot;left&quot; valign=&quot;top&quot; rowspan=&quot;1&quot; colspan=&quot;1&quot;&gt;(2)&lt;/td&gt;
            &lt;td align=&quot;left&quot; valign=&quot;top&quot; rowspan=&quot;1&quot; colspan=&quot;1&quot;&gt;Likely sped up video&lt;/td&gt;
          &lt;/tr&gt;
          &lt;tr&gt;
            &lt;td align=&quot;left&quot; valign=&quot;top&quot; rowspan=&quot;1&quot; colspan=&quot;1&quot;&gt;(3)&lt;/td&gt;
            &lt;td align=&quot;left&quot; valign=&quot;top&quot; rowspan=&quot;1&quot; colspan=&quot;1&quot;&gt;Not sure / I don’t know&lt;/td&gt;
          &lt;/tr&gt;
          &lt;tr&gt;
            &lt;td align=&quot;left&quot; valign=&quot;top&quot; rowspan=&quot;1&quot; colspan=&quot;1&quot;&gt;(4)&lt;/td&gt;
            &lt;td align=&quot;left&quot; valign=&quot;top&quot; rowspan=&quot;1&quot; colspan=&quot;1&quot;&gt;Not likely sped up video&lt;/td&gt;
          &lt;/tr&gt;
          &lt;tr&gt;
            &lt;td align=&quot;left&quot; valign=&quot;top&quot; rowspan=&quot;1&quot; colspan=&quot;1&quot;&gt;(5)&lt;/td&gt;
            &lt;td align=&quot;left&quot; valign=&quot;top&quot; rowspan=&quot;1&quot; colspan=&quot;1&quot;&gt;Definitely real-time playback speed (unaltered speed)&lt;/td&gt;
          &lt;/tr&gt;
        &lt;/tbody&gt;
      &lt;/table&gt;
</infon><offset>24565</offset><text>Score	Does this video appear to have been altered to have an increased playback speed?	 	(1)	Definitely sped-up video	 	(2)	Likely sped up video	 	(3)	Not sure / I don’t know	 	(4)	Not likely sped up video	 	(5)	Definitely real-time playback speed (unaltered speed)	 	</text></passage></document></collection>
