<?xml version="1.0" encoding="UTF-8"?>
<!DOCTYPE collection SYSTEM "BioC.dtd">
<collection><source>PMC</source><date>20210910</date><key>pmc.key</key><document><id>7262570</id><infon key="license">CC BY</infon><passage><infon key="article-id_doi">10.12688/f1000research.23496.2</infon><infon key="article-id_pmc">7262570</infon><infon key="article-id_pmid">32528664</infon><infon key="elocation-id">315</infon><infon key="fn">[version 2; peer review: 2 approved]</infon><infon key="kwd">COVID-19 Coronavirus SIR model India</infon><infon key="license">This is an open access article distributed under the terms of the Creative Commons Attribution Licence, which permits unrestricted use, distribution, and reproduction in any medium, provided the original work is properly cited.</infon><infon key="name_0">surname:Mazumder;given-names:Archisman</infon><infon key="name_1">surname:Arora;given-names:Mehak</infon><infon key="name_10">surname:Parameswaran;given-names:Giridara Gopal</infon><infon key="name_2">surname:Bharadiya;given-names:Vishwesh</infon><infon key="name_3">surname:Berry;given-names:Parul</infon><infon key="name_4">surname:Agarwal;given-names:Mudit</infon><infon key="name_5">surname:Behera;given-names:Priyamadhaba</infon><infon key="name_6">surname:Shewade;given-names:Hemant Deepak</infon><infon key="name_7">surname:Lohiya;given-names:Ayush</infon><infon key="name_8">surname:Gupta;given-names:Mohak</infon><infon key="name_9">surname:Rao;given-names:Aditi</infon><infon key="sec">The discussion has been modified as per reviewer comments. Few new references have been included in the discussion section. Minor language editing was done.</infon><infon key="section_type">TITLE</infon><infon key="title">Amendments from Version 1</infon><infon key="type">front</infon><infon key="volume">9</infon><infon key="year">2020</infon><offset>0</offset><text>SARS-CoV-2 epidemic in India: epidemiological features and in silico analysis of the effect of interventions</text></passage><passage><infon key="section_type">ABSTRACT</infon><infon key="type">abstract</infon><offset>109</offset><text> Background: After SARS-CoV-2 set foot in India, the Government took a number of steps to limit the spread of the virus in the country. This included restricted testing, isolation, contact tracing and quarantine, and enforcement of a nation-wide lockdown starting 25 March 2020. The objectives of this study were to i) describe the age, gender distribution, and mortality among COVID-19 patients identified till 14 April 2020 and predict the range of contact rate; and ii) predict the number of  COVID-19 infections after 40 days of lockdown.</text></passage><passage><infon key="section_type">ABSTRACT</infon><infon key="type">abstract</infon><offset>653</offset><text> Methods: We used a cross-sectional descriptive design for the first objective and a susceptible-infected-removed model for in silico predictions. We collected data from government-controlled and crowdsourced websites.</text></passage><passage><infon key="section_type">ABSTRACT</infon><infon key="type">abstract</infon><offset>872</offset><text> Results: Studying age and gender parameters of 1161 Indian COVID-19 patients, the median age was 38 years (IQR, 27-52) with 20-39 year-old males being the most affected group. The number of affected patients were 854 (73.6%) men and 307 (26.4%) women. If the current contact rate continues (0.25-27), India may have 110460 to 220575 infected persons at the end of 40 days lockdown.</text></passage><passage><infon key="section_type">ABSTRACT</infon><infon key="type">abstract</infon><offset>1255</offset><text> Conclusion: The disease is majorly affecting a younger age group in India. Interventions have been helpful in preventing the worst-case scenario in India but will be unable to prevent the spike in the number of cases.</text></passage><passage><infon key="section_type">INTRO</infon><infon key="type">title_1</infon><offset>1474</offset><text>Introduction</text></passage><passage><infon key="section_type">INTRO</infon><infon key="type">paragraph</infon><offset>1487</offset><text>Since December 2019, SARS-CoV-2, a novel virus of the Coronaviridae family of RNA viruses, has caused a widespread outbreak of the disease, now known as COVID-19, and was declared to be a pandemic by the World Health Organization (WHO) on March 11 2020 – . Human to human transmission occurs primarily through close-contact with the infected person, through fomites in the immediate surroundings of the infected person and via droplets of respiratory secretion, although there is limited evidence pointing to a possibility of airborne and faeco-oral transmission as well – . According to a few case studies, transmission may also occur via viral shedding in “pre-symptomatic” individuals during the incubation period , .</text></passage><passage><infon key="section_type">INTRO</infon><infon key="type">paragraph</infon><offset>2216</offset><text>The incubation period for COVID-19 is thought to be within 14 days of exposure, with a median incubation period of 4–5 days , , . Globally, the median age of patients affected by COVID-19 is 47 years with the most common clinical findings being fever and cough , . About 18% of patients develop shortness of breath . Severe disease (including dyspnea defined as a respiratory rate of 30/min, blood oxygen saturation of 93%, a partial pressure of arterial oxygen to fraction of inspired oxygen ratio&lt;300, and/or lung infiltrates&gt;50% within 24 to 48 hours) has been reported to occur in 14% of elderly patients with pre-existing chronic diseases . Critical disease requiring intensive care unit admission has been reported in 5% of patients, and overall case-fatality rate is 2.3% . Currently, there are no approved treatments for COVID-19 and clinical trials, such as the WHO SOLIDARITY trial, are underway to evaluate the effectiveness of drugs like lopinavir-ritonavir, remdesivir, hydroxychloroquine and azithromycin , .</text></passage><passage><infon key="section_type">INTRO</infon><infon key="type">paragraph</infon><offset>3241</offset><text>India reported its first case of COVID-19 on 30 January 2020; a medical student who had travelled from Wuhan, China, the then epicentre of COVID-19 . On 15th March 2020, India sealed its borders and stopped all international flights, meaning all initial imported cases in India arrived before 15 March 2020. According to the data available in the public domain, as of 12 April 2020, India had 8606 cases (both imported cases and due to person-to-person transmission). According to the Indian Council of Medical Research (the apex national medical research body), as of 31st March 2020, community transmission had not started then and India was in category 2 of WHO classification for transmission patterns, i.e. sporadic cases without evidence of community transmission . Recent evidence suggests 104 (1.8%) of the 5,911 patients with severe acute respiratory infection who tested positive for COVID-19, and 40 (39.2%) COVID-19 cases did not report any history of contact with a known case or international travel. This indicates imminent community transmission in the near future .</text></passage><passage><infon key="section_type">INTRO</infon><infon key="type">paragraph</infon><offset>4324</offset><text>Since the beginning of the outbreak in India, there have been a number of interventions done by both state level and central level governments ( Figure 1). These included restricting the inflow of international passengers, self-quarantine measures, directives on testing and management strategies, and in-country travel restrictions. During this period, the testing strategy also changed from being focused on foreign travel and contact history initially to including all individuals with severe acute respiratory illness and symptomatic health care providers. Gradually there were more social distancing measures in March, which were then followed by state-wise lockdowns, ultimately culminating in a nation-wide 21 day lockdown from 25 March 2020. As of 14th April, the lockdown had been extended until 3rd May 2020 (40 days).</text></passage><passage><infon key="file">f1000research-9-27375-g0000.jpg</infon><infon key="id">f1</infon><infon key="section_type">FIG</infon><infon key="type">fig_title_caption</infon><offset>5153</offset><text>Cumulative cases of COVID-19 cases in India from 1st March 2020 to 14th April 2020.</text></passage><passage><infon key="file">f1000research-9-27375-g0000.jpg</infon><infon key="id">f1</infon><infon key="section_type">FIG</infon><infon key="type">fig_caption</infon><offset>5237</offset><text>Data Source: ICMR-NIE and MoHFW (
www.mohfw.gov.in and
www.covidindiaupdates.in). Orange, before lockdown; blue, after lockdown began.</text></passage><passage><infon key="section_type">INTRO</infon><infon key="type">paragraph</infon><offset>5372</offset><text>In addition to the epidemiological parameters of COVID-19 in India, the other important question in the current scenario concerns the mathematical parameters of the initial spread of COVID-19 in India, and what are the epidemiological aspects that can predict this spread. We acknowledge there are certain difficulties in making precise calculations due to the rapidly changing dynamicity of the epidemic in the early stages, limited availability of data in the public domain, and limited testing capacity. Nonetheless, mathematical models with reasonable assumptions based on available information can help in analysis of the currently available data to provide important insights for guiding public health interventions . The most basic of these models is the susceptible-infected-removed (SIR) model , , which we have used in the current Indian scenario to determine the range in which contact rate β lies, calculate the range of the current reproduction number, Rt, and predict the number of COVID-19 infections at the end of the 40 day lock down period.</text></passage><passage><infon key="section_type">METHODS</infon><infon key="type">title_1</infon><offset>6434</offset><text>Methods</text></passage><passage><infon key="section_type">METHODS</infon><infon key="type">title_2</infon><offset>6442</offset><text>Epidemiological descriptive analysis of patients</text></passage><passage><infon key="section_type">METHODS</infon><infon key="type">paragraph</infon><offset>6491</offset><text>This was a cross-sectional descriptive analysis of the laboratory confirmed COVID-19 patient-wise data collected from a crowdsourced database ( https://www.covid19india.org; includes data from state government and central government agencies). The data was taken for cases confirmed up to 14 April 2020, 7:20 PM Indian standard time or earlier.</text></passage><passage><infon key="section_type">METHODS</infon><infon key="type">paragraph</infon><offset>6836</offset><text>Data analysis was done in regard to the age distribution, status of patients and gender distribution using Microsoft Office Excel 2007 (Microsoft, Redmond, WA, USA). Fatality rate in any category was found by dividing the number of deaths in the category by the number of affected individuals of that category.</text></passage><passage><infon key="section_type">METHODS</infon><infon key="type">title_2</infon><offset>7147</offset><text>Mathematical modelling</text></passage><passage><infon key="section_type">METHODS</infon><infon key="type">paragraph</infon><offset>7170</offset><text>S(t) - S(t) are those susceptible but not yet infected with the disease (in a novel disease like COVID-19, the entire population is assumed to be susceptible as there is no pre-existing immunity);</text></passage><passage><infon key="section_type">METHODS</infon><infon key="type">paragraph</infon><offset>7367</offset><text>I(t) - I(t) is the number of infectious individuals;</text></passage><passage><infon key="section_type">METHODS</infon><infon key="type">paragraph</infon><offset>7420</offset><text>R(t) - R(t) are those individuals who have been removed from the infected population (includes those who have recovered from the disease and also deaths).</text></passage><passage><infon key="section_type">METHODS</infon><infon key="type">paragraph</infon><offset>7575</offset><text>The SIR model ,  divides the (fixed) population of N individuals into three &quot;compartments&quot;, which vary as a function of time (for purpose of this study, we have not included vital dynamics like birth and death rate because in COVID-19, the duration of infection is much less than the lifetime of an individual and hence they would not significantly affect the results):  </text></passage><passage><infon key="section_type">METHODS</infon><infon key="type">paragraph</infon><offset>7947</offset><text>The SIR model describes the change in the population within each of these compartments in terms of two parameters, β and γ ( Figure 2). β describes the effective contact rate of the disease: a susceptible individual comes into contact with an infectious individual and acquires the infection. This parameter considers both the number of people contacted per unit time, and the effectiveness of transmission in each contact. It reflects the force of infection of the disease and helps us understand at what rate the epidemic is progressing. γ is the mean removal rate: in our model, it is calculated using the removed cases against new cases on a daily basis.</text></passage><passage><infon key="file">f1000research-9-27375-g0001.jpg</infon><infon key="id">f2</infon><infon key="section_type">FIG</infon><infon key="type">fig_title_caption</infon><offset>8620</offset><text>Flow diagram of transitions in susceptible-infected-removed (SIR) Model.</text></passage><passage><infon key="section_type">METHODS</infon><infon key="type">paragraph</infon><offset>8693</offset><text>β and γ are useful in the SIR model using the following differential equations:    </text></passage><passage><infon key="section_type">METHODS</infon><infon key="type">paragraph</infon><offset>8784</offset><text>Comparing the equation from the SIR model and the general equation of exponential growth,</text></passage><passage><infon key="section_type">METHODS</infon><infon key="type">paragraph</infon><offset>8874</offset><text>where r is the growth rate of the exponential curve. The Susceptible-Infectious-Removed-Susceptible (SIRS) model because reinfection has been rarely reported for COVID-19.</text></passage><passage><infon key="section_type">METHODS</infon><infon key="type">paragraph</infon><offset>9046</offset><text>We have used the new cases of COVID-19 daily data available from 24th March to 13th April 2020, to estimate the two parameters (assuming a lag period of 11 days), β and R t (time varying reproductive number) with the help of SIR model ( www.statista.com used for extraction of variables). We assumed that the recovery rate γ would remain constant for the population. The removal rate followed a normal distribution, and the mean was calculated with the data available from 1 March to April 4 2020 . Since the effect of interventions would reflect in the contact rate β, we then took the value of γ to be constant equal to the mean (0.103) and ran the SIR model multiple times by varying the value of β, and comparing the trends with the real data. We assumed uniform transmission for all the simulations.</text></passage><passage><infon key="section_type">METHODS</infon><infon key="type">paragraph</infon><offset>9868</offset><text>We plotted the trend line for the real data using Microsoft Office Excel 2007, and used the equation of the curve to find out the trend of β in India in the present-day scenario by comparing it to equation 4. We then used the present trends of β to estimate the expected number of infections at the end of 40 days lockdown.</text></passage><passage><infon key="section_type">METHODS</infon><infon key="type">title_2</infon><offset>10198</offset><text>Ethics</text></passage><passage><infon key="section_type">METHODS</infon><infon key="type">paragraph</infon><offset>10205</offset><text>Anonymized data available data in the public domain was used for analysis. Ethical approval was not required.</text></passage><passage><infon key="section_type">RESULTS</infon><infon key="type">title_1</infon><offset>10315</offset><text>Results</text></passage><passage><infon key="section_type">RESULTS</infon><infon key="type">title_2</infon><offset>10323</offset><text>Epidemiological descriptive analysis of patients</text></passage><passage><infon key="section_type">RESULTS</infon><infon key="type">paragraph</infon><offset>10372</offset><text>There were 10939 total patients recorded; age and gender data were available for 1161 (10.61%). Of 1161 patients, 854 (73.6%) were men and 307 (26.4%) were women. Median age was 38 years (IQR, 27–52). Nearly half of the patients (43.2%) were in the age group of 20–39 years. The median age of women was 40 years (IQR, 24–56.5) and men was 38 years (IQR, 27–51) ( Table 1).</text></passage><passage><infon key="file">T1.xml</infon><infon key="id">T1</infon><infon key="section_type">TABLE</infon><infon key="type">table_title_caption</infon><offset>10753</offset><text>Distribution of COVID-19 patients in India confirmed until 14 April 2020 across different age groups and gender (n=1161).</text></passage><passage><infon key="file">T1.xml</infon><infon key="id">T1</infon><infon key="section_type">TABLE</infon><infon key="type">table</infon><infon key="xml">&lt;?xml version=&quot;1.0&quot; encoding=&quot;UTF-8&quot;?&gt;
&lt;table frame=&quot;hsides&quot; rules=&quot;groups&quot; content-type=&quot;article-table&quot;&gt;&lt;thead&gt;&lt;tr&gt;&lt;th align=&quot;center&quot; rowspan=&quot;1&quot; colspan=&quot;1&quot;/&gt;&lt;th align=&quot;center&quot; colspan=&quot;2&quot; valign=&quot;top&quot; rowspan=&quot;1&quot;&gt;Men&lt;/th&gt;&lt;th align=&quot;center&quot; colspan=&quot;2&quot; valign=&quot;top&quot; rowspan=&quot;1&quot;&gt;Women&lt;/th&gt;&lt;/tr&gt;&lt;tr&gt;&lt;th align=&quot;center&quot; rowspan=&quot;1&quot; colspan=&quot;1&quot;&gt;Age group&lt;/th&gt;&lt;th align=&quot;center&quot; rowspan=&quot;1&quot; colspan=&quot;1&quot;&gt;N&lt;/th&gt;&lt;th align=&quot;center&quot; rowspan=&quot;1&quot; colspan=&quot;1&quot;&gt;%(normalized value)
&lt;xref ref-type=&quot;other&quot; rid=&quot;FN1&quot;&gt;*&lt;/xref&gt;
&lt;/th&gt;&lt;th align=&quot;center&quot; rowspan=&quot;1&quot; colspan=&quot;1&quot;&gt;N&lt;/th&gt;&lt;th align=&quot;center&quot; rowspan=&quot;1&quot; colspan=&quot;1&quot;&gt;%(normalized value)
&lt;xref ref-type=&quot;other&quot; rid=&quot;FN1&quot;&gt;*&lt;/xref&gt;
&lt;/th&gt;&lt;/tr&gt;&lt;/thead&gt;&lt;tbody&gt;&lt;tr&gt;&lt;td align=&quot;center&quot; rowspan=&quot;1&quot; colspan=&quot;1&quot;&gt;&amp;lt;20years&lt;/td&gt;&lt;td align=&quot;center&quot; rowspan=&quot;1&quot; colspan=&quot;1&quot;&gt;66&lt;/td&gt;&lt;td align=&quot;center&quot; rowspan=&quot;1&quot; colspan=&quot;1&quot;&gt;5.68(0.31)&lt;/td&gt;&lt;td align=&quot;center&quot; rowspan=&quot;1&quot; colspan=&quot;1&quot;&gt;43&lt;/td&gt;&lt;td align=&quot;center&quot; rowspan=&quot;1&quot; colspan=&quot;1&quot;&gt;3.70(0.22)&lt;/td&gt;&lt;/tr&gt;&lt;tr&gt;&lt;td align=&quot;center&quot; rowspan=&quot;1&quot; colspan=&quot;1&quot;&gt;20–39 years&lt;/td&gt;&lt;td align=&quot;center&quot; rowspan=&quot;1&quot; colspan=&quot;1&quot;&gt;391&lt;/td&gt;&lt;td align=&quot;center&quot; rowspan=&quot;1&quot; colspan=&quot;1&quot;&gt;33.68(1.94)&lt;/td&gt;&lt;td align=&quot;center&quot; rowspan=&quot;1&quot; colspan=&quot;1&quot;&gt;110&lt;/td&gt;&lt;td align=&quot;center&quot; rowspan=&quot;1&quot; colspan=&quot;1&quot;&gt;9.47(0.61)&lt;/td&gt;&lt;/tr&gt;&lt;tr&gt;&lt;td align=&quot;center&quot; rowspan=&quot;1&quot; colspan=&quot;1&quot;&gt;40–59 years&lt;/td&gt;&lt;td align=&quot;center&quot; rowspan=&quot;1&quot; colspan=&quot;1&quot;&gt;274&lt;/td&gt;&lt;td align=&quot;center&quot; rowspan=&quot;1&quot; colspan=&quot;1&quot;&gt;23.60(2.13)&lt;/td&gt;&lt;td align=&quot;center&quot; rowspan=&quot;1&quot; colspan=&quot;1&quot;&gt;86&lt;/td&gt;&lt;td align=&quot;center&quot; rowspan=&quot;1&quot; colspan=&quot;1&quot;&gt;7.41(0.70)&lt;/td&gt;&lt;/tr&gt;&lt;tr&gt;&lt;td align=&quot;center&quot; rowspan=&quot;1&quot; colspan=&quot;1&quot;&gt;60–79 years&lt;/td&gt;&lt;td align=&quot;center&quot; rowspan=&quot;1&quot; colspan=&quot;1&quot;&gt;116&lt;/td&gt;&lt;td align=&quot;center&quot; rowspan=&quot;1&quot; colspan=&quot;1&quot;&gt;9.99(2.20)&lt;/td&gt;&lt;td align=&quot;center&quot; rowspan=&quot;1&quot; colspan=&quot;1&quot;&gt;63&lt;/td&gt;&lt;td align=&quot;center&quot; rowspan=&quot;1&quot; colspan=&quot;1&quot;&gt;5.43(1.17)&lt;/td&gt;&lt;/tr&gt;&lt;tr&gt;&lt;td align=&quot;center&quot; rowspan=&quot;1&quot; colspan=&quot;1&quot;&gt;&amp;gt;=80 years&lt;/td&gt;&lt;td align=&quot;center&quot; rowspan=&quot;1&quot; colspan=&quot;1&quot;&gt;7&lt;/td&gt;&lt;td align=&quot;center&quot; rowspan=&quot;1&quot; colspan=&quot;1&quot;&gt;0.60(1.40)&lt;/td&gt;&lt;td align=&quot;center&quot; rowspan=&quot;1&quot; colspan=&quot;1&quot;&gt;5&lt;/td&gt;&lt;td align=&quot;center&quot; rowspan=&quot;1&quot; colspan=&quot;1&quot;&gt;0.43(0.81)&lt;/td&gt;&lt;/tr&gt;&lt;tr&gt;&lt;td align=&quot;center&quot; rowspan=&quot;1&quot; colspan=&quot;1&quot;&gt;
&lt;bold&gt;Total&lt;/bold&gt;
&lt;/td&gt;&lt;td align=&quot;center&quot; rowspan=&quot;1&quot; colspan=&quot;1&quot;&gt;
&lt;bold&gt;854&lt;/bold&gt;
&lt;/td&gt;&lt;td align=&quot;center&quot; rowspan=&quot;1&quot; colspan=&quot;1&quot;/&gt;&lt;td align=&quot;center&quot; rowspan=&quot;1&quot; colspan=&quot;1&quot;&gt;
&lt;bold&gt;307&lt;/bold&gt;
&lt;/td&gt;&lt;td align=&quot;center&quot; rowspan=&quot;1&quot; colspan=&quot;1&quot;/&gt;&lt;/tr&gt;&lt;/tbody&gt;&lt;/table&gt;
</infon><offset>10875</offset><text>	Men	Women	 	Age group	N	%(normalized value)	 	*	N	%(normalized value)	 	*	 	&lt;20years	66	5.68(0.31)	43	3.70(0.22)	 	20–39 years	391	33.68(1.94)	110	9.47(0.61)	 	40–59 years	274	23.60(2.13)	86	7.41(0.70)	 	60–79 years	116	9.99(2.20)	63	5.43(1.17)	 	&gt;=80 years	7	0.60(1.40)	5	0.43(0.81)	 	Total	854		307		 	</text></passage><passage><infon key="file">T1.xml</infon><infon key="id">T1</infon><infon key="section_type">TABLE</infon><infon key="type">table_footnote</infon><offset>11187</offset><text>
*Normalized values have been calculated by dividing the percentage of patients in each category by the percentage of Indian population in that category.</text></passage><passage><infon key="section_type">RESULTS</infon><infon key="type">paragraph</infon><offset>11341</offset><text>Out of 1161 patients, 1038 hospitalizations and 29 deaths were documented. The majority of them (65.5%) were in the 60–79 year age group. The median age of deceased patients was 67 years (IQR, 57–71). The mortality rate in male patients was 2.3% and for female patients was 2.9%. Overall case fatality was 2.5%. There was a 10.6% mortality in the 60–79 years age group and 16.7% in individuals aged equal to or above 80 years ( Table 2).</text></passage><passage><infon key="file">T2.xml</infon><infon key="id">T2</infon><infon key="section_type">TABLE</infon><infon key="type">table_title_caption</infon><offset>11785</offset><text>Distribution of COVID-19 patients of India with age, gender and status of disease updated till 14 April 2020 (n=1161).</text></passage><passage><infon key="file">T2.xml</infon><infon key="id">T2</infon><infon key="section_type">TABLE</infon><infon key="type">table</infon><infon key="xml">&lt;?xml version=&quot;1.0&quot; encoding=&quot;UTF-8&quot;?&gt;
&lt;table frame=&quot;hsides&quot; rules=&quot;groups&quot; content-type=&quot;article-table&quot;&gt;&lt;thead&gt;&lt;tr&gt;&lt;th align=&quot;left&quot; rowspan=&quot;1&quot; colspan=&quot;1&quot;&gt;Variables&lt;/th&gt;&lt;th align=&quot;left&quot; rowspan=&quot;1&quot; colspan=&quot;1&quot;&gt;Deceased&lt;/th&gt;&lt;th align=&quot;left&quot; rowspan=&quot;1&quot; colspan=&quot;1&quot;&gt;Recovered&lt;/th&gt;&lt;th align=&quot;left&quot; rowspan=&quot;1&quot; colspan=&quot;1&quot;&gt;Hospitalized
&lt;xref ref-type=&quot;other&quot; rid=&quot;FN2&quot;&gt;*&lt;/xref&gt;
&lt;/th&gt;&lt;/tr&gt;&lt;/thead&gt;&lt;tbody&gt;&lt;tr&gt;&lt;td align=&quot;left&quot; rowspan=&quot;1&quot; colspan=&quot;1&quot;&gt;AGE&lt;/td&gt;&lt;td align=&quot;left&quot; rowspan=&quot;1&quot; colspan=&quot;1&quot;/&gt;&lt;td align=&quot;left&quot; rowspan=&quot;1&quot; colspan=&quot;1&quot;/&gt;&lt;td align=&quot;left&quot; rowspan=&quot;1&quot; colspan=&quot;1&quot;/&gt;&lt;/tr&gt;&lt;tr&gt;&lt;td align=&quot;left&quot; rowspan=&quot;1&quot; colspan=&quot;1&quot;&gt;
&lt;italic&gt;&amp;lt;20years&lt;/italic&gt;
&lt;/td&gt;&lt;td align=&quot;left&quot; rowspan=&quot;1&quot; colspan=&quot;1&quot;&gt;1&lt;/td&gt;&lt;td align=&quot;left&quot; rowspan=&quot;1&quot; colspan=&quot;1&quot;&gt;8&lt;/td&gt;&lt;td align=&quot;left&quot; rowspan=&quot;1&quot; colspan=&quot;1&quot;&gt;100&lt;/td&gt;&lt;/tr&gt;&lt;tr&gt;&lt;td align=&quot;left&quot; rowspan=&quot;1&quot; colspan=&quot;1&quot;&gt;
&lt;italic&gt;20–39 years&lt;/italic&gt;
&lt;/td&gt;&lt;td align=&quot;left&quot; rowspan=&quot;1&quot; colspan=&quot;1&quot;&gt;2&lt;/td&gt;&lt;td align=&quot;left&quot; rowspan=&quot;1&quot; colspan=&quot;1&quot;&gt;47&lt;/td&gt;&lt;td align=&quot;left&quot; rowspan=&quot;1&quot; colspan=&quot;1&quot;&gt;452&lt;/td&gt;&lt;/tr&gt;&lt;tr&gt;&lt;td align=&quot;left&quot; rowspan=&quot;1&quot; colspan=&quot;1&quot;&gt;
&lt;italic&gt;40–59 years&lt;/italic&gt;
&lt;/td&gt;&lt;td align=&quot;left&quot; rowspan=&quot;1&quot; colspan=&quot;1&quot;&gt;5&lt;/td&gt;&lt;td align=&quot;left&quot; rowspan=&quot;1&quot; colspan=&quot;1&quot;&gt;22&lt;/td&gt;&lt;td align=&quot;left&quot; rowspan=&quot;1&quot; colspan=&quot;1&quot;&gt;333&lt;/td&gt;&lt;/tr&gt;&lt;tr&gt;&lt;td align=&quot;left&quot; rowspan=&quot;1&quot; colspan=&quot;1&quot;&gt;
&lt;italic&gt;60–79 years&lt;/italic&gt;
&lt;/td&gt;&lt;td align=&quot;left&quot; rowspan=&quot;1&quot; colspan=&quot;1&quot;&gt;19&lt;/td&gt;&lt;td align=&quot;left&quot; rowspan=&quot;1&quot; colspan=&quot;1&quot;&gt;14&lt;/td&gt;&lt;td align=&quot;left&quot; rowspan=&quot;1&quot; colspan=&quot;1&quot;&gt;146&lt;/td&gt;&lt;/tr&gt;&lt;tr&gt;&lt;td align=&quot;left&quot; rowspan=&quot;1&quot; colspan=&quot;1&quot;&gt;
&lt;italic&gt;&amp;gt;=80 years&lt;/italic&gt;
&lt;/td&gt;&lt;td align=&quot;left&quot; rowspan=&quot;1&quot; colspan=&quot;1&quot;&gt;2&lt;/td&gt;&lt;td align=&quot;left&quot; rowspan=&quot;1&quot; colspan=&quot;1&quot;&gt;3&lt;/td&gt;&lt;td align=&quot;left&quot; rowspan=&quot;1&quot; colspan=&quot;1&quot;&gt;7&lt;/td&gt;&lt;/tr&gt;&lt;tr&gt;&lt;td align=&quot;left&quot; rowspan=&quot;1&quot; colspan=&quot;1&quot;&gt;GENDER&lt;/td&gt;&lt;td align=&quot;left&quot; rowspan=&quot;1&quot; colspan=&quot;1&quot;/&gt;&lt;td align=&quot;left&quot; rowspan=&quot;1&quot; colspan=&quot;1&quot;/&gt;&lt;td align=&quot;left&quot; rowspan=&quot;1&quot; colspan=&quot;1&quot;/&gt;&lt;/tr&gt;&lt;tr&gt;&lt;td align=&quot;left&quot; rowspan=&quot;1&quot; colspan=&quot;1&quot;&gt;
&lt;italic&gt;Male&lt;/italic&gt;
&lt;/td&gt;&lt;td align=&quot;left&quot; rowspan=&quot;1&quot; colspan=&quot;1&quot;&gt;20&lt;/td&gt;&lt;td align=&quot;left&quot; rowspan=&quot;1&quot; colspan=&quot;1&quot;&gt;66&lt;/td&gt;&lt;td align=&quot;left&quot; rowspan=&quot;1&quot; colspan=&quot;1&quot;&gt;768&lt;/td&gt;&lt;/tr&gt;&lt;tr&gt;&lt;td align=&quot;left&quot; rowspan=&quot;1&quot; colspan=&quot;1&quot;&gt;
&lt;italic&gt;Female&lt;/italic&gt;
&lt;/td&gt;&lt;td align=&quot;left&quot; rowspan=&quot;1&quot; colspan=&quot;1&quot;&gt;9&lt;/td&gt;&lt;td align=&quot;left&quot; rowspan=&quot;1&quot; colspan=&quot;1&quot;&gt;28&lt;/td&gt;&lt;td align=&quot;left&quot; rowspan=&quot;1&quot; colspan=&quot;1&quot;&gt;270&lt;/td&gt;&lt;/tr&gt;&lt;tr&gt;&lt;td align=&quot;left&quot; rowspan=&quot;1&quot; colspan=&quot;1&quot;&gt;
&lt;bold&gt;TOTAL&lt;/bold&gt;
&lt;/td&gt;&lt;td align=&quot;left&quot; rowspan=&quot;1&quot; colspan=&quot;1&quot;&gt;
&lt;bold&gt;29&lt;/bold&gt;
&lt;/td&gt;&lt;td align=&quot;left&quot; rowspan=&quot;1&quot; colspan=&quot;1&quot;&gt;
&lt;bold&gt;94&lt;/bold&gt;
&lt;/td&gt;&lt;td align=&quot;left&quot; rowspan=&quot;1&quot; colspan=&quot;1&quot;&gt;
&lt;bold&gt;1038&lt;/bold&gt;
&lt;/td&gt;&lt;/tr&gt;&lt;/tbody&gt;&lt;/table&gt;
</infon><offset>11904</offset><text>Variables	Deceased	Recovered	Hospitalized	 	*	 	AGE				 	&lt;20years	1	8	100	 	20–39 years	2	47	452	 	40–59 years	5	22	333	 	60–79 years	19	14	146	 	&gt;=80 years	2	3	7	 	GENDER				 	Male	20	66	768	 	Female	9	28	270	 	TOTAL	29	94	1038	 	</text></passage><passage><infon key="file">T2.xml</infon><infon key="id">T2</infon><infon key="section_type">TABLE</infon><infon key="type">table_footnote</infon><offset>12142</offset><text>*Hospitalized include patients in facility isolation, in ICU or under medical care in hospital</text></passage><passage><infon key="section_type">RESULTS</infon><infon key="type">paragraph</infon><offset>12237</offset><text>In total, 94 patients had recovered. Among the recovered patients, 47 (50.0%) were in the 20–39 year age group, 22(23.4%) in the 40–59 year age group. Median age for recovered patients was 35 years (IQR, 24–53). </text></passage><passage><infon key="section_type">RESULTS</infon><infon key="type">title_2</infon><offset>12456</offset><text>Mathematical modelling</text></passage><passage><infon key="section_type">RESULTS</infon><infon key="type">paragraph</infon><offset>12479</offset><text>After running multiple simulations using the SIR model, all assuming different values of β we found that the value of β in the current Indian scenario calculated from the trendline of real data lies around 0.272, which is also visible in the graph of real-time active cases lying between β=0.25 and β=0.28 curves ( Figure 3).</text></passage><passage><infon key="file">f1000research-9-27375-g0002.jpg</infon><infon key="id">f3</infon><infon key="section_type">FIG</infon><infon key="type">fig_title_caption</infon><offset>12817</offset><text>Estimation of β from Indian data.</text></passage><passage><infon key="file">f1000research-9-27375-g0002.jpg</infon><infon key="id">f3</infon><infon key="section_type">FIG</infon><infon key="type">fig_caption</infon><offset>12854</offset><text>Datasource:
https://www.statista.com/statistics/1104054/india-coronavirus-covid-19-daily-confirmed-recovered-death-cases/.</text></passage><passage><infon key="section_type">RESULTS</infon><infon key="type">paragraph</infon><offset>12977</offset><text>Also visible in the graph, is the real data line shifting from 0.24 to 0.28 from day 8. Also, as R t= β/ γ, the value of the reproductive number is found to be varying between 2.5–2.8 in the Indian scenario until 13th April 2020. Considering the present trend of β, the number of infected persons after the 40 day lockdown period may vary from 110,460 to 220,575.</text></passage><passage><infon key="section_type">DISCUSS</infon><infon key="type">title_1</infon><offset>13351</offset><text>Discussion</text></passage><passage><infon key="section_type">DISCUSS</infon><infon key="type">paragraph</infon><offset>13362</offset><text>To the best of our knowledge, this is the first study to predict the number of COVID-19 infected persons in India after the 40 days of lockdown. We have used crowd sourced data due to lack of availability of official data. We could not include all the cases in the epidemiological analysis due to unavailability of the demographic details of all the patients. Limitations notwithstanding, there were three key findings.</text></passage><passage><infon key="section_type">DISCUSS</infon><infon key="type">paragraph</infon><offset>13782</offset><text>First, the median age of affected individuals is lower than reported in other countries. In study cohorts of Wuhan, the median age of affected patients ranges from 49–56 years , , . In previous studies on COVID-19, it has been established that risk increases with age and comorbidities , , . The broad based nature of India’s population pyramid means there are more people in the younger age group and very few people in the ≥80 years age group. Hence, because of more percentage of the population in the younger age group, they are more likely to be infected. Another reason is that as there is limited evidence of community spread in the epidemic in India so far; it has been reported to be driven by imported cases who mostly belong to the younger age group. In 2018, Indian residents between 35 and 49 years of age took the most holidays outside the nation . Hence, in the early part of the epidemic, younger people would be more affected as they would constitute more of the imported cases. On normalizing the percentage of patients in each age group with the corresponding percentage representation of the population as shown in Table 1, we observed that the highest normalized ratio of number of patients is in the 60–79 years age group category. Interestingly, according to this analysis, men in the 60–79 years age group are affected more than the ≥80 years age group. This is something that has not been reported until now and it has to be seen whether this changes as the number of cases in India grows. This is new to the literature of COVID-19 and needs to be studied further.</text></passage><passage><infon key="section_type">DISCUSS</infon><infon key="type">paragraph</infon><offset>15384</offset><text>Second, we found a case fatality rate of 2.5%, which is lower than countries like Italy . The reason for this could be that Italy is in the later phases of the epidemic with widespread community transmission and high mortality due to overburdening of the health system. This has also led to focussing testing on severe patients and possible advise to suspected patients with mild symptoms to stay at home. In China, the case fatality rate was found as 2.3%, 14.8% in the above 80 years population, and 8.0% in the 70–79 years population . Our estimate gives a slightly higher value, which may be due a smaller sample size or can also be because mild cases of COVID-19 have so far been missed due to restricted testing strategy during the initial stage.</text></passage><passage><infon key="section_type">DISCUSS</infon><infon key="type">paragraph</infon><offset>16139</offset><text>Third, from the SIR model, the values of β and the trend for R t shows that the interventions which were put in place by the Indian government starting from mid-March were partially effective, preventing the scenario where R t can reach even more than four . The increase in β from day eight is probably due to the identification of a cluster in Delhi . Additionally, Indian Council of Medical Research recently updated the testing strategy, which might have increased the detection of the positive cases significantly. According to a study in the early days of the epidemic, Wuhan city and Hubei province reported R t between 1.85 and 4.46, which aligns with our study findings . All over China, the R t varied from 1.23 to 5.77. South Korea, which has high population density like India, had a decreasing trend of R t from 9.72 on 20 February to 1.50 on 7 March. This indicates that the interventions have been helpful in preventing the worst case scenario in India but is unable to prevent the spike in number of cases , .</text></passage><passage><infon key="section_type">DISCUSS</infon><infon key="type">paragraph</infon><offset>17171</offset><text>At the end of the 40 days lockdown, with the range of β at the time of study, India is likely to have a significant number of infected persons (110,460 to 220,575) that would include both symptomatic and asymptomatic individuals. It may also enter the exponential growth phase and it would become very difficult to contain at that stage. The situation can still be controlled if R t can be brought down close to one. This indicates the need for more effective strategies and ensuring optimum testing to avoid underestimation of danger. However, it has to be noted that our study does not predict the β for India in the future, rather we extrapolated based on the range at the time of study.</text></passage><passage><infon key="section_type">DISCUSS</infon><infon key="type">paragraph</infon><offset>17868</offset><text>In a modeling study of the Indian scenario, it was shown that India will have significant number of cases without intervention with widespread screening such as in airports delaying the epidemic and quarantine would slow local spread, decreasing the cumulative incidence by 2% to 62% . Our study also shows how without decreasing R t, India will have very high number of cases. Modeling studies have also been done that show that as the lockdown is eased, the testing should be increased to control the epidemic in India effectively, and the easing should be a gradual process and if lockdown is effective the peak prevalence can be decreased to a large extent . </text></passage><passage><infon key="section_type">DISCUSS</infon><infon key="type">paragraph</infon><offset>18532</offset><text>Future research is needed to support the current findings that unlike other countries, in India, COVID-19 is mostly affecting the 20–39 years age group since our data analysis was restricted to individuals in whom data was available. This study was conducted using data from the initial part of the epidemic in India. The SIR model used does not account for age-structure or comorbidities. Hence we are addressing more dynamicity and realness by taking into account multiple compartments with robust mathematical assumptions in our future models to study the current pandemic. Comprehensive studies based on the clinical manifestations and laboratory parameters including genomic sequencing to detect mutations of the virus also needs to be done for the Indian population to see if the clinical features and the viral strains differ from other populations.</text></passage><passage><infon key="section_type">DISCUSS</infon><infon key="type">paragraph</infon><offset>19391</offset><text>To conclude, the COVID-19 epidemic in India is more affecting younger age groups as compared to other countries. Our mathematical model predicts that India will have a significant number of infected persons after the 40 days lockdown. Hence, strict social distancing, and optimum testing followed by isolation and quarantine are vital elements to control the COVID-19 epidemic.</text></passage><passage><infon key="section_type">SUPPL</infon><infon key="type">title_1</infon><offset>19769</offset><text>Data availability</text></passage><passage><infon key="section_type">SUPPL</infon><infon key="type">title_2</infon><offset>19787</offset><text>Underlying data</text></passage><passage><infon key="section_type">SUPPL</infon><infon key="type">paragraph</infon><offset>19803</offset><text>Raw data for daily cases of COVID-19 with gender, age and patient status obtained from: patientdb.covid19india.org </text></passage><passage><infon key="section_type">SUPPL</infon><infon key="type">paragraph</infon><offset>19919</offset><text>Raw data for estimation of β obtained from: https://www.statista.com/statistics/1104054/india-coronavirus-covid-19-daily-confirmed-recovered-death-cases/ </text></passage><passage><infon key="section_type">SUPPL</infon><infon key="type">paragraph</infon><offset>20077</offset><text>Figshare:Mazumdaer A et al. study - COVID 19 India data, https://doi.org/10.6084/m9.figshare.c.4940472.v2 .</text></passage><passage><infon key="section_type">SUPPL</infon><infon key="type">paragraph</infon><offset>20185</offset><text>Confirmed daily cases of COVID-19</text></passage><passage><infon key="section_type">SUPPL</infon><infon key="type">paragraph</infon><offset>20219</offset><text>Full patient dataset COVID-19</text></passage><passage><infon key="section_type">SUPPL</infon><infon key="type">paragraph</infon><offset>20249</offset><text>Indian population data</text></passage><passage><infon key="section_type">SUPPL</infon><infon key="type">paragraph</infon><offset>20272</offset><text>This project contains the following data:  </text></passage><passage><infon key="section_type">SUPPL</infon><infon key="type">paragraph</infon><offset>20316</offset><text>Data are available under the terms of the Creative Commons Zero &quot;No rights reserved&quot; data waiver (CC0 1.0 Public domain dedication).</text></passage><passage><infon key="fpage">727</infon><infon key="issue">8</infon><infon key="lpage">733</infon><infon key="name_0">surname:Zhu;given-names:N</infon><infon key="name_1">surname:Zhang;given-names:D</infon><infon key="name_2">surname:Wang;given-names:W</infon><infon key="pub-id_doi">10.1056/NEJMoa2001017</infon><infon key="pub-id_pmid">31978945</infon><infon key="section_type">REF</infon><infon key="source">N Engl J Med.</infon><infon key="type">ref</infon><infon key="volume">382</infon><infon key="year">2020</infon><offset>20449</offset><text>A Novel Coronavirus from Patients with Pneumonia in China, 2019.</text></passage><passage><infon key="fpage">nwaa036</infon><infon key="name_0">surname:Tang;given-names:X</infon><infon key="name_1">surname:Wu;given-names:C</infon><infon key="name_2">surname:Li;given-names:X</infon><infon key="pub-id_doi">10.1093/nsr/nwaa036</infon><infon key="section_type">REF</infon><infon key="source">Natl Sci Rev.</infon><infon key="type">ref</infon><infon key="year">2020</infon><offset>20514</offset><text>On the origin and continuing evolution of SARS-CoV-2.</text></passage><passage><infon key="section_type">REF</infon><infon key="type">ref</infon><infon key="year">2020</infon><offset>20568</offset><text>WHO Director-General’s opening remarks at the media briefing on COVID-19 - 18 March 2020</text></passage><passage><infon key="name_0">surname:Guan;given-names:WJ</infon><infon key="name_1">surname:Ni;given-names:ZY</infon><infon key="name_2">surname:Hu;given-names:Y</infon><infon key="pub-id_doi">10.1056/NEJMoa2002032</infon><infon key="pub-id_pmid">32109013</infon><infon key="section_type">REF</infon><infon key="source">N Engl J Med.</infon><infon key="type">ref</infon><infon key="year">2020</infon><offset>20659</offset><text>Clinical Characteristics of Coronavirus Disease 2019 in China.</text></passage><passage><infon key="section_type">REF</infon><infon key="type">ref</infon><infon key="year">2020</infon><offset>20722</offset><text>Modes of transmission of virus causing COVID-19: implications for IPC precaution recommendations</text></passage><passage><infon key="fpage">1564</infon><infon key="issue">16</infon><infon key="lpage">1567</infon><infon key="name_0">surname:van Doremalen;given-names:N</infon><infon key="name_1">surname:Bushmaker;given-names:T</infon><infon key="name_2">surname:Morris;given-names:DH</infon><infon key="pub-id_doi">10.1056/NEJMc2004973</infon><infon key="pub-id_pmid">32182409</infon><infon key="section_type">REF</infon><infon key="source">N Engl J Med.</infon><infon key="type">ref</infon><infon key="volume">382</infon><infon key="year">2020</infon><offset>20819</offset><text>Aerosol and Surface Stability of SARS-CoV-2 as Compared with SARS-CoV-1.</text></passage><passage><infon key="name_0">surname:Lu;given-names:S</infon><infon key="name_1">surname:Lin;given-names:J</infon><infon key="name_2">surname:Zhang;given-names:Z</infon><infon key="pub-id_doi">10.1002/jmv.25776</infon><infon key="pub-id_pmid">32190904</infon><infon key="section_type">REF</infon><infon key="source">J Med Virol.</infon><infon key="type">ref</infon><infon key="year">2020</infon><offset>20892</offset><text>Alert for non-respiratory symptoms of Coronavirus Disease 2019 (COVID-19) patients in epidemic period: A case report of familial cluster with three asymptomatic COVID-19 patients.</text></passage><passage><infon key="fpage">970</infon><infon key="issue">10</infon><infon key="lpage">971</infon><infon key="name_0">surname:Rothe;given-names:C</infon><infon key="name_1">surname:Schunk;given-names:M</infon><infon key="name_2">surname:Sothmann;given-names:P</infon><infon key="pub-id_doi">10.1056/NEJMc2001468</infon><infon key="pub-id_pmid">32003551</infon><infon key="section_type">REF</infon><infon key="source">N Engl J Med.</infon><infon key="type">ref</infon><infon key="volume">382</infon><infon key="year">2020</infon><offset>21072</offset><text>Transmission of 2019-nCoV Infection from an Asymptomatic Contact in Germany.</text></passage><passage><infon key="name_0">surname:Qian;given-names:G</infon><infon key="name_1">surname:Yang;given-names:N</infon><infon key="name_2">surname:Ma;given-names:AHY</infon><infon key="pub-id_doi">10.1093/cid/ciaa316</infon><infon key="pub-id_pmid">32201889</infon><infon key="section_type">REF</infon><infon key="source">Clin Infect Dis.</infon><infon key="type">ref</infon><infon key="year">2020</infon><offset>21149</offset><text>A COVID-19 Transmission within a family cluster by presymptomatic infectors in China.</text></passage><passage><infon key="fpage">514</infon><infon key="issue">10223</infon><infon key="lpage">523</infon><infon key="name_0">surname:Chan;given-names:JF</infon><infon key="name_1">surname:Yuan;given-names:S</infon><infon key="name_2">surname:Kok;given-names:KH</infon><infon key="pub-id_doi">10.1016/S0140-6736(20)30154-9</infon><infon key="pub-id_pmid">31986261</infon><infon key="section_type">REF</infon><infon key="source">Lancet.</infon><infon key="type">ref</infon><infon key="volume">395</infon><infon key="year">2020</infon><offset>21235</offset><text>A familial cluster of pneumonia associated with the 2019 novel coronavirus indicating person-to-person transmission: a study of a family cluster.</text></passage><passage><infon key="fpage">1199</infon><infon key="issue">13</infon><infon key="lpage">1207</infon><infon key="name_0">surname:Li;given-names:Q</infon><infon key="name_1">surname:Guan;given-names:X</infon><infon key="name_2">surname:Wu;given-names:P</infon><infon key="pub-id_doi">10.1056/NEJMoa2001316</infon><infon key="pub-id_pmid">31995857</infon><infon key="section_type">REF</infon><infon key="source">N Engl J Med.</infon><infon key="type">ref</infon><infon key="volume">382</infon><infon key="year">2020</infon><offset>21381</offset><text>Early Transmission Dynamics in Wuhan, China, of Novel Coronavirus-Infected Pneumonia.</text></passage><passage><infon key="name_0">surname:Young;given-names:BE</infon><infon key="name_1">surname:Ong;given-names:SWX</infon><infon key="name_2">surname:Kalimuddin;given-names:S</infon><infon key="pub-id_doi">10.1001/jama.2020.3204</infon><infon key="pub-id_pmid">32125362</infon><infon key="section_type">REF</infon><infon key="source">JAMA.</infon><infon key="type">ref</infon><infon key="year">2020</infon><offset>21467</offset><text>Epidemiologic Features and Clinical Course of Patients Infected With SARS-CoV-2 in Singapore.</text></passage><passage><infon key="name_0">surname:Wu;given-names:Z</infon><infon key="name_1">surname:McGoogan;given-names:JM</infon><infon key="pub-id_doi">10.1001/jama.2020.2648</infon><infon key="pub-id_pmid">32091533</infon><infon key="section_type">REF</infon><infon key="source">JAMA.</infon><infon key="type">ref</infon><infon key="year">2020</infon><offset>21561</offset><text>Characteristics of and Important Lessons From the Coronavirus Disease 2019 (COVID-19) Outbreak in China: Summary of a Report of 72 314 Cases From the Chinese Center for Disease Control and Prevention.</text></passage><passage><infon key="section_type">REF</infon><infon key="type">ref</infon><infon key="year">2020</infon><offset>21762</offset><text>Adaptive COVID-19 Treatment Trial (ACTT) - Full Text View - ClinicalTrials.gov</text></passage><passage><infon key="section_type">REF</infon><infon key="type">ref</infon><infon key="year">2020</infon><offset>21841</offset><text>COVID 100casesIndia</text></passage><passage><infon key="section_type">REF</infon><infon key="source">Interim Guidance.</infon><infon key="type">ref</infon><infon key="year">2020</infon><offset>21861</offset><text>Global surveillance for COVID-19 caused by human infection with COVID-19 virus.</text></passage><passage><infon key="name_0">surname:Gupta;given-names:N</infon><infon key="name_1">surname:Praharaj;given-names:I</infon><infon key="name_2">surname:Bhatnagar;given-names:T</infon><infon key="pub-id_doi">10.4103/ijmr.IJMR_1035_20</infon><infon key="section_type">REF</infon><infon key="source">Indian J Med Res.</infon><infon key="type">ref</infon><infon key="year">2020</infon><offset>21941</offset><text>Severe acute respiratory illness surveillance for coronavirus disease 2019, India, 2020.</text></passage><passage><infon key="section_type">REF</infon><infon key="source">The Union.</infon><infon key="type">ref</infon><infon key="year">2020</infon><offset>22030</offset><text>Predictive models for COVID-19-related deaths and infections.</text></passage><passage><infon key="fpage">700</infon><infon key="issue">722</infon><infon key="lpage">721</infon><infon key="name_0">surname:Kermack;given-names:WO</infon><infon key="name_1">surname:McKendrick;given-names:AG</infon><infon key="name_2">surname:Walker;given-names:GT</infon><infon key="pub-id_doi">10.1098/rspa.1927.0118</infon><infon key="section_type">REF</infon><infon key="source">Proc R SocLond Ser Contain Pap Math Phys Character.</infon><infon key="type">ref</infon><infon key="volume">115</infon><infon key="year">1927</infon><offset>22092</offset><text>A contribution to the mathematical theory of epidemics.</text></passage><passage><infon key="fpage">999</infon><infon key="issue">11</infon><infon key="lpage">1005</infon><infon key="name_0">surname:Huppert;given-names:A</infon><infon key="name_1">surname:Katriel;given-names:G</infon><infon key="pub-id_doi">10.1111/1469-0691.12308</infon><infon key="pub-id_pmid">24266045</infon><infon key="section_type">REF</infon><infon key="source">Clin Microbiol Infect.</infon><infon key="type">ref</infon><infon key="volume">19</infon><infon key="year">2013</infon><offset>22148</offset><text>Mathematical modelling and prediction in infectious disease epidemiology.</text></passage><passage><infon key="section_type">REF</infon><infon key="type">ref</infon><infon key="year">2020</infon><offset>22222</offset><text>India - daily cumulative COVID-19 by type 2020.</text></passage><passage><infon key="fpage">497</infon><infon key="issue">10223</infon><infon key="lpage">506</infon><infon key="name_0">surname:Huang;given-names:C</infon><infon key="name_1">surname:Wang;given-names:Y</infon><infon key="name_2">surname:Li;given-names:X</infon><infon key="pub-id_doi">10.1016/S0140-6736(20)30183-5</infon><infon key="pub-id_pmid">31986264</infon><infon key="section_type">REF</infon><infon key="source">Lancet.</infon><infon key="type">ref</infon><infon key="volume">395</infon><infon key="year">2020</infon><offset>22270</offset><text>Clinical features of patients infected with 2019 novel coronavirus in Wuhan, China.</text></passage><passage><infon key="fpage">507</infon><infon key="issue">10223</infon><infon key="lpage">513</infon><infon key="name_0">surname:Chen;given-names:N</infon><infon key="name_1">surname:Zhou;given-names:M</infon><infon key="name_2">surname:Dong;given-names:X</infon><infon key="pub-id_doi">10.1016/S0140-6736(20)30211-7</infon><infon key="pub-id_pmid">32007143</infon><infon key="section_type">REF</infon><infon key="source">Lancet.</infon><infon key="type">ref</infon><infon key="volume">395</infon><infon key="year">2020</infon><offset>22354</offset><text>Epidemiological and clinical characteristics of 99 cases of 2019 novel coronavirus pneumonia in Wuhan, China: a descriptive study.</text></passage><passage><infon key="section_type">REF</infon><infon key="type">ref</infon><infon key="year">2019</infon><offset>22485</offset><text>India Tourism Source (Domestic &amp; Outbound) Market Insights 2019 - ResearchAndMarkets.com</text></passage><passage><infon key="fpage">1335</infon><infon key="issue">14</infon><infon key="name_0">surname:Livingston;given-names:E</infon><infon key="name_1">surname:Bucher;given-names:K</infon><infon key="pub-id_doi">10.1001/jama.2020.4344</infon><infon key="section_type">REF</infon><infon key="source">JAMA.</infon><infon key="type">ref</infon><infon key="volume">323</infon><infon key="year">2020</infon><offset>22574</offset><text>Coronavirus Disease 2019 (COVID-19) in Italy.</text></passage><passage><infon key="name_0">surname:Huang;given-names:Y</infon><infon key="name_1">surname:Yang;given-names:L</infon><infon key="name_2">surname:Dai;given-names:H</infon><infon key="pub-id_doi">10.2471/BLT.20.255158</infon><infon key="section_type">REF</infon><infon key="source">Bull World Health Organ.</infon><infon key="type">ref</infon><infon key="year">2020</infon><offset>22620</offset><text>Epidemic situation and forecasting of COVID-19 in and outside China</text></passage><passage><infon key="name_0">surname:Philip;given-names:SA</infon><infon key="section_type">REF</infon><infon key="type">ref</infon><infon key="year">2020</infon><offset>22688</offset><text>How Tablighi Jamaat emerged as the 'largest known' Covid-19 source in South Asia</text></passage><passage><infon key="section_type">REF</infon><infon key="type">ref</infon><infon key="year">2020</infon><offset>22769</offset><text>Huge crowds as lockdown sparks mass migration</text></passage><passage><infon key="fpage">190</infon><infon key="issue">2 &amp; 3</infon><infon key="lpage">9</infon><infon key="name_0">surname:Mandal;given-names:S</infon><infon key="name_1">surname:Bhatnagar;given-names:T</infon><infon key="name_2">surname:Arinaminpathy;given-names:N</infon><infon key="pub-id_doi">10.4103/ijmr.IJMR_504_20</infon><infon key="pub-id_pmid">32362645</infon><infon key="section_type">REF</infon><infon key="source">Indian J Med Res.</infon><infon key="type">ref</infon><infon key="volume">151</infon><infon key="year">2020</infon><offset>22815</offset><text>Prudent public health intervention strategies to control the coronavirus disease 2019 transmission in India: A mathematical model-based approach.</text></passage><passage><infon key="name_0">surname:Gupta;given-names:M</infon><infon key="name_1">surname:Mohanta;given-names:SS</infon><infon key="name_2">surname:Rao;given-names:A</infon><infon key="pub-id_doi">10.1101/2020.05.13.20096826</infon><infon key="section_type">REF</infon><infon key="source">medRxiv.</infon><infon key="type">ref</infon><infon key="year">2020</infon><offset>22961</offset><text>Transmission dynamics of the COVID-19 epidemic in India and modelling optimal lockdown exit strategies.</text></passage><passage><infon key="name_0">surname:Shewade;given-names:HD</infon><infon key="pub-id_doi">10.6084/m9.figshare.c.4940472.v2</infon><infon key="section_type">REF</infon><infon key="source">figshare.</infon><infon key="type">ref</infon><infon key="year">2020</infon><offset>23065</offset><text>Mazumdaer A et al study - COVID 19 India data.</text></passage><passage><infon key="section_type">SUPPL</infon><infon key="type">paragraph</infon><offset>23112</offset><text>10.5256/f1000research.25930.r63081</text></passage><passage><infon key="section_type">SUPPL</infon><infon key="type">title</infon><offset>23147</offset><text>Reviewer response for version 1</text></passage><passage><infon key="section_type">SUPPL</infon><infon key="type">paragraph</infon><offset>23179</offset><text>Sahoo</text></passage><passage><infon key="section_type">SUPPL</infon><infon key="type">paragraph</infon><offset>23185</offset><text>Soumya Swaroop</text></passage><passage><infon key="section_type">SUPPL</infon><infon key="type">paragraph</infon><offset>23200</offset><text>2020</text></passage><passage><infon key="section_type">SUPPL</infon><infon key="type">paragraph</infon><offset>23205</offset><text>This is an open access peer review report distributed under the terms of the Creative Commons Attribution Licence, which permits unrestricted use, distribution, and reproduction in any medium, provided the original work is properly cited.</text></passage><passage><infon key="section_type">SUPPL</infon><infon key="type">paragraph</infon><offset>23444</offset><text>A very good attempt to present the Indian COVID-19 scenario by the authors. I congratulate them on their work.</text></passage><passage><infon key="section_type">SUPPL</infon><infon key="type">paragraph</infon><offset>23555</offset><text>The data analysis has been performed on 1161 patients. To project it for such a large population has limited scope.</text></passage><passage><infon key="section_type">SUPPL</infon><infon key="type">paragraph</infon><offset>23671</offset><text>The range of the projection of 1.10 lakh to 2.20 lakh is quite wide. How do we interpret it?</text></passage><passage><infon key="section_type">SUPPL</infon><infon key="type">paragraph</infon><offset>23764</offset><text>In COVID, most of the patients recover in due course. If possible, the SEIR model could have been used for a better picture.</text></passage><passage><infon key="section_type">SUPPL</infon><infon key="type">paragraph</infon><offset>23890</offset><text>The discussion section contains a comparison with the descriptive data of different countries. It could have been compared with the modeling data of different studies of other countries to highlight the similarity/difference of the Indian scenario.</text></passage><passage><infon key="section_type">SUPPL</infon><infon key="type">paragraph</infon><offset>24139</offset><text>The authors in the discussion state that &quot;we observed that the highest number of patients is in the 60–79 years age group category. The exact percentage projected needs to be mentioned.</text></passage><passage><infon key="section_type">SUPPL</infon><infon key="type">paragraph</infon><offset>24327</offset><text>The assumptions that the authors took for the modeling approach needs to be clearly stated in the methodology apart from birth and death rate.</text></passage><passage><infon key="section_type">SUPPL</infon><infon key="type">paragraph</infon><offset>24470</offset><text> However a few queries:  </text></passage><passage><infon key="section_type">SUPPL</infon><infon key="type">paragraph</infon><offset>24496</offset><text>Is the work clearly and accurately presented and does it cite the current literature?</text></passage><passage><infon key="section_type">SUPPL</infon><infon key="type">paragraph</infon><offset>24582</offset><text>Yes</text></passage><passage><infon key="section_type">SUPPL</infon><infon key="type">paragraph</infon><offset>24586</offset><text>If applicable, is the statistical analysis and its interpretation appropriate?</text></passage><passage><infon key="section_type">SUPPL</infon><infon key="type">paragraph</infon><offset>24665</offset><text>Partly</text></passage><passage><infon key="section_type">SUPPL</infon><infon key="type">paragraph</infon><offset>24672</offset><text>Are all the source data underlying the results available to ensure full reproducibility?</text></passage><passage><infon key="section_type">SUPPL</infon><infon key="type">paragraph</infon><offset>24761</offset><text>Yes</text></passage><passage><infon key="section_type">SUPPL</infon><infon key="type">paragraph</infon><offset>24765</offset><text>Is the study design appropriate and is the work technically sound?</text></passage><passage><infon key="section_type">SUPPL</infon><infon key="type">paragraph</infon><offset>24832</offset><text>Yes</text></passage><passage><infon key="section_type">SUPPL</infon><infon key="type">paragraph</infon><offset>24836</offset><text>Are the conclusions drawn adequately supported by the results?</text></passage><passage><infon key="section_type">SUPPL</infon><infon key="type">paragraph</infon><offset>24899</offset><text>Yes</text></passage><passage><infon key="section_type">SUPPL</infon><infon key="type">paragraph</infon><offset>24903</offset><text>Are sufficient details of methods and analysis provided to allow replication by others?</text></passage><passage><infon key="section_type">SUPPL</infon><infon key="type">paragraph</infon><offset>24991</offset><text>Yes</text></passage><passage><infon key="section_type">SUPPL</infon><infon key="type">paragraph</infon><offset>24995</offset><text>Reviewer Expertise:</text></passage><passage><infon key="section_type">SUPPL</infon><infon key="type">paragraph</infon><offset>25015</offset><text>Community Medicine and Epidemiology</text></passage><passage><infon key="section_type">SUPPL</infon><infon key="type">paragraph</infon><offset>25051</offset><text>I confirm that I have read this submission and believe that I have an appropriate level of expertise to confirm that it is of an acceptable scientific standard.</text></passage><passage><infon key="section_type">SUPPL</infon><infon key="type">paragraph</infon><offset>25212</offset><text>BEHERA</text></passage><passage><infon key="section_type">SUPPL</infon><infon key="type">paragraph</infon><offset>25219</offset><text>PRIYAMADHABA</text></passage><passage><infon key="section_type">SUPPL</infon><infon key="type">paragraph</infon><offset>25232</offset><text>2020</text></passage><passage><infon key="section_type">SUPPL</infon><infon key="type">paragraph</infon><offset>25237</offset><text>Reply to Dr. Palepu’s (Reviewer 1) comments:</text></passage><passage><infon key="section_type">SUPPL</infon><infon key="type">paragraph</infon><offset>25284</offset><text> Comment 1: The mathematical model used is &quot;SIR&quot;, standing for &quot;Susceptible, Infectious, Recovered/dead&quot;. This needs modification throughout the manuscript.</text></passage><passage><infon key="section_type">SUPPL</infon><infon key="type">paragraph</infon><offset>25441</offset><text>  Author Response 1: We have used the full form as Susceptible-Infectious-Removed model, where removed includes Deceased and Recovered. Thank you.</text></passage><passage><infon key="section_type">SUPPL</infon><infon key="type">paragraph</infon><offset>25589</offset><text> Comment 2: In COVID-19, re-infection is being seen in a few patients. This can be explained in limitation as to why the &quot;SIRS&quot; model was not considered over &quot;SIR&quot;. And also, not all susceptible individuals are infected. Why was the &quot;SEIR&quot; model not considered by authors?</text></passage><passage><infon key="section_type">SUPPL</infon><infon key="type">paragraph</infon><offset>25862</offset><text> Author Response 2: We have added the reason for not using the SIRS model in the methods section. We didn’t consider the SEIR model because, at the time when this study was done, sufficient data was not available in the public domain for a reliable estimate of alpha for India which is the rate of transition from the exposed pool to the infected pool. In view of the limitations in this model, we have developed another model that is available at https://doi.org/10.1101/2020.05.13.20096826. Thank you.</text></passage><passage><infon key="section_type">SUPPL</infon><infon key="type">paragraph</infon><offset>26368</offset><text> Comment 3: Although, the model mentions that the birth rate and death rate were not taken into account, its effect on outcome estimation has not been explicitly mentioned. The reason that the duration of infection is much lesser than the lifetime of an individual can be explanatory for non-inclusion of birth and death rate.</text></passage><passage><infon key="section_type">SUPPL</infon><infon key="type">paragraph</infon><offset>26695</offset><text> Author Response 3: We have added the reason for the non-inclusion of vital dynamics in the methods section and how their inclusion would not significantly affect the results. Thank you.</text></passage><passage><infon key="section_type">SUPPL</infon><infon key="type">paragraph</infon><offset>26882</offset><text> Comment 4: Clear mention of the force of infection with proper notation is required.</text></passage><passage><infon key="section_type">SUPPL</infon><infon key="type">paragraph</infon><offset>26968</offset><text> Author Response 4: For the study, we have calculated gamma and tried to compare the real trends with trends for the varying value of beta. For this reason, we have not clearly mentioned the force of infection as it would not be reliably derived from our study. Also, because of varying R t, it would be difficult to give a definite value for the force of infection in India. Thank you.</text></passage><passage><infon key="section_type">SUPPL</infon><infon key="type">paragraph</infon><offset>27355</offset><text> Comment 5: Reasons for the younger age group being affected more can be explained in greater detail.</text></passage><passage><infon key="section_type">SUPPL</infon><infon key="type">paragraph</infon><offset>27457</offset><text> Author Response 5: We have explained possible reasons like a high percentage of the population in the younger age group in India and possible younger age of imported cases in more detail in the discussion. Thank you.</text></passage><passage><infon key="section_type">SUPPL</infon><infon key="type">paragraph</infon><offset>27675</offset><text> Comment 6: Various studies have been published to date with different modeling techniques for the estimation of COVID-19 cases. They can be used for comparison in the discussion section.</text></passage><passage><infon key="section_type">SUPPL</infon><infon key="type">paragraph</infon><offset>27863</offset><text> Author Response 6: We have added discussions about other modeling studies of India in the discussion section.  Thank you. When we were doing the study, the epidemic had progressed in other countries, so we compared our data with the actual data of the other countries. Also, the aim of our study was not to exactly predict the number of cases but to see the trend of the real data and get an idea about parameters like R t, and contact rate. We extrapolated to give an idea of the number of cases India could have reached if the R t had not been decreased by strict interventions. It must be noted that our study does not predict the future trend of beta, rather extrapolation has been done based on the range of beta in India till the time of the study.</text></passage><passage><infon key="section_type">SUPPL</infon><infon key="type">paragraph</infon><offset>28620</offset><text>BEHERA</text></passage><passage><infon key="section_type">SUPPL</infon><infon key="type">paragraph</infon><offset>28627</offset><text>PRIYAMADHABA</text></passage><passage><infon key="section_type">SUPPL</infon><infon key="type">paragraph</infon><offset>28640</offset><text>2020</text></passage><passage><infon key="section_type">SUPPL</infon><infon key="type">paragraph</infon><offset>28645</offset><text>Reply to Dr. Sahoo’s (Reviewer 2) comments:</text></passage><passage><infon key="section_type">SUPPL</infon><infon key="type">paragraph</infon><offset>28691</offset><text> Comment 1: The data analysis has been performed on 1161 patients. To project it for such a large population has limited scope.</text></passage><passage><infon key="section_type">SUPPL</infon><infon key="type">paragraph</infon><offset>28819</offset><text> Author Response 1: Thanks for your valuable comments. The data for 1161 patients were used for the study of the epidemiological features of the affected people in India. For the model, the real data of the number of active cases was plotted. However, we agree that using data from the initial stage of the epidemic in India is one of our limitations, and this has been included in the discussion. This study was done to provide an overview of what India might be dealing with.</text></passage><passage><infon key="section_type">SUPPL</infon><infon key="type">paragraph</infon><offset>29297</offset><text> Comment 2: The range of the projection of 1.10 lakh to 2.20 lakh is quite wide. How do we interpret it?</text></passage><passage><infon key="section_type">SUPPL</infon><infon key="type">paragraph</infon><offset>29402</offset><text> Author Response 2: We have incorporated the explanation for this wide range of finding in the discussion. With the preliminary data available in the public domain, we obtained this interval based on the range of beta at the time of the study. Our study does not predict the beta for India in the future, rather we extrapolated based on the range at the time of the study. The range gives an idea of the number of infections if the contact rate wasn’t affected by lockdown and strict social distancing. Thank you.</text></passage><passage><infon key="section_type">SUPPL</infon><infon key="type">paragraph</infon><offset>29918</offset><text> Comment 3: In COVID, most of the patients recover in due course. If possible, the SEIR model could have been used for a better picture.</text></passage><passage><infon key="section_type">SUPPL</infon><infon key="type">paragraph</infon><offset>30056</offset><text> Author Response: As we have mentioned in the reply to Dr. Palepu’s 2 nd comment, we didn’t consider SEIR model because, at the time when this study was done, sufficient data was not available in the public domain for a reliable estimate of alpha for India which is the rate of transition from the exposed pool to the infected pool. In view of the limitations in this model, we have developed another model that is available at https://doi.org/10.1101/2020.05.13.20096826. Thank you.</text></passage><passage><infon key="section_type">SUPPL</infon><infon key="type">paragraph</infon><offset>30544</offset><text> Comment 4: The discussion section contains a comparison with the descriptive data of different countries. It could have been compared with the modeling data of different studies of other countries to highlight the similarity/difference of the Indian scenario.</text></passage><passage><infon key="section_type">SUPPL</infon><infon key="type">paragraph</infon><offset>30805</offset><text> Author Response 4: When we were doing the study, the epidemic had progressed in other countries, so we found it better to compare our data with the actual data of the other countries. We have modified our discussion including modeling studies form the Indian scenario. Thank you.</text></passage><passage><infon key="section_type">SUPPL</infon><infon key="type">paragraph</infon><offset>31086</offset><text> Comment 5: The authors in the discussion state that &quot;we observed that the highest number of patients is in the 60–79 years age group category. The exact percentage projected needs to be mentioned.</text></passage><passage><infon key="section_type">SUPPL</infon><infon key="type">paragraph</infon><offset>31286</offset><text> Author Response 5: This observation is based on the normalized values calculated and tabulated in Table 1. The language has been modified for clarity. Thank you.</text></passage><passage><infon key="section_type">SUPPL</infon><infon key="type">paragraph</infon><offset>31449</offset><text> Comment 6: The assumptions that the authors took for the modeling approach needs to be clearly stated in the methodology apart from birth and death rate.</text></passage><passage><infon key="section_type">SUPPL</infon><infon key="type">paragraph</infon><offset>31604</offset><text> Author Response 6: Apart from the assumption regarding birth and death rate, we have assumed the value of removal rate gamma to be constant as we have mentioned in the text. We assume uniform transmission for all our extrapolations. These have been described in the method section. Thank you.</text></passage><passage><infon key="section_type">SUPPL</infon><infon key="type">paragraph</infon><offset>31898</offset><text>10.5256/f1000research.25930.r63079</text></passage><passage><infon key="section_type">SUPPL</infon><infon key="type">title</infon><offset>31933</offset><text>Reviewer response for version 1</text></passage><passage><infon key="section_type">SUPPL</infon><infon key="type">paragraph</infon><offset>31965</offset><text>Palepu</text></passage><passage><infon key="section_type">SUPPL</infon><infon key="type">paragraph</infon><offset>31972</offset><text>Sarika</text></passage><passage><infon key="section_type">SUPPL</infon><infon key="type">paragraph</infon><offset>31979</offset><text>2020</text></passage><passage><infon key="section_type">SUPPL</infon><infon key="type">paragraph</infon><offset>31984</offset><text>This is an open access peer review report distributed under the terms of the Creative Commons Attribution Licence, which permits unrestricted use, distribution, and reproduction in any medium, provided the original work is properly cited.</text></passage><passage><infon key="section_type">SUPPL</infon><infon key="type">paragraph</infon><offset>32223</offset><text>The mathematical model used is &quot;SIR&quot;, standing for &quot;Susceptible, Infectious, Recovered/dead&quot;. This needs modification throughout the manuscript.</text></passage><passage><infon key="section_type">SUPPL</infon><infon key="type">paragraph</infon><offset>32368</offset><text>In COVID-19, re-infection is being seen in a few patients. This can be explained in limitation as to why &quot;SIRS&quot; model was not considered over &quot;SIR&quot;. And also, not all susceptible individuals are infected. Why was the &quot;SEIR&quot; model not considered by authors?</text></passage><passage><infon key="section_type">SUPPL</infon><infon key="type">paragraph</infon><offset>32625</offset><text>Although, the model mentions that the birth rate and death rate were not taken into account, its effect on outcome estimation has not been explicitly mentioned. The reason that the duration of infection is much lesser than the lifetime of an individual can be explanatory for non-inclusion of birth and death rate.</text></passage><passage><infon key="section_type">SUPPL</infon><infon key="type">paragraph</infon><offset>32940</offset><text>Clear mention of the force of infection with proper notation is required.</text></passage><passage><infon key="section_type">SUPPL</infon><infon key="type">paragraph</infon><offset>33014</offset><text>Reasons for the younger age group being affected more can be explained in greater detail.</text></passage><passage><infon key="section_type">SUPPL</infon><infon key="type">paragraph</infon><offset>33104</offset><text>Various studies have been published to date with different modelling techniques for the estimation of COVID-19 cases. They can be used for comparison in the discussion section.</text></passage><passage><infon key="section_type">SUPPL</infon><infon key="type">paragraph</infon><offset>33281</offset><text>Is the work clearly and accurately presented and does it cite the current literature?</text></passage><passage><infon key="section_type">SUPPL</infon><infon key="type">paragraph</infon><offset>33367</offset><text>Yes</text></passage><passage><infon key="section_type">SUPPL</infon><infon key="type">paragraph</infon><offset>33371</offset><text>If applicable, is the statistical analysis and its interpretation appropriate?</text></passage><passage><infon key="section_type">SUPPL</infon><infon key="type">paragraph</infon><offset>33450</offset><text>Partly</text></passage><passage><infon key="section_type">SUPPL</infon><infon key="type">paragraph</infon><offset>33457</offset><text>Are all the source data underlying the results available to ensure full reproducibility?</text></passage><passage><infon key="section_type">SUPPL</infon><infon key="type">paragraph</infon><offset>33546</offset><text>Yes</text></passage><passage><infon key="section_type">SUPPL</infon><infon key="type">paragraph</infon><offset>33550</offset><text>Is the study design appropriate and is the work technically sound?</text></passage><passage><infon key="section_type">SUPPL</infon><infon key="type">paragraph</infon><offset>33617</offset><text>Yes</text></passage><passage><infon key="section_type">SUPPL</infon><infon key="type">paragraph</infon><offset>33621</offset><text>Are the conclusions drawn adequately supported by the results?</text></passage><passage><infon key="section_type">SUPPL</infon><infon key="type">paragraph</infon><offset>33684</offset><text>Yes</text></passage><passage><infon key="section_type">SUPPL</infon><infon key="type">paragraph</infon><offset>33688</offset><text>Are sufficient details of methods and analysis provided to allow replication by others?</text></passage><passage><infon key="section_type">SUPPL</infon><infon key="type">paragraph</infon><offset>33776</offset><text>Yes</text></passage><passage><infon key="section_type">SUPPL</infon><infon key="type">paragraph</infon><offset>33780</offset><text>Reviewer Expertise:</text></passage><passage><infon key="section_type">SUPPL</infon><infon key="type">paragraph</infon><offset>33800</offset><text>Public health and Epidemiology of infectious diseases</text></passage><passage><infon key="section_type">SUPPL</infon><infon key="type">paragraph</infon><offset>33854</offset><text>I confirm that I have read this submission and believe that I have an appropriate level of expertise to confirm that it is of an acceptable scientific standard.</text></passage></document></collection>
