<?xml version="1.0" encoding="UTF-8"?>
<!DOCTYPE collection SYSTEM "BioC.dtd">
<collection><source>PMC</source><date>20201216</date><key>pmc.key</key><document><id>7299120</id><infon key="license">NO-CC CODE</infon><passage><infon key="article-id_art-access-id">00035</infon><infon key="article-id_doi">10.1097/SLA.0000000000004125</infon><infon key="article-id_pmc">7299120</infon><infon key="article-id_pmid">32520742</infon><infon key="article-id_publisher-id">ANNSURG-D-20-01688</infon><infon key="fpage">e174</infon><infon key="issue">3</infon><infon key="kwd">COVID-19 public perceptions rapid online surveys surgery telemedicine</infon><infon key="license">This article is made available via the PMC Open Access Subset for unrestricted re-use and analyses in any form or by any means with acknowledgement of the original source. These permissions are granted for the duration of the COVID-19 pandemic or until permissions are revoked in writing. Upon expiration of these permissions, PMC is granted a perpetual license to make this article available via PMC and Europe PMC, consistent with existing copyright protections.</infon><infon key="lpage">e180</infon><infon key="name_0">surname:Sorensen;given-names:Meredith J.</infon><infon key="name_1">surname:Bessen;given-names:Sarah</infon><infon key="name_2">surname:Danford;given-names:Julia</infon><infon key="name_3">surname:Fleischer;given-names:Christina</infon><infon key="name_4">surname:Wong;given-names:Sandra L.</infon><infon key="section_type">TITLE</infon><infon key="subtitle">A Report of Public Perceptions</infon><infon key="title">Keywords</infon><infon key="type">front</infon><infon key="volume">272</infon><infon key="year">2020</infon><offset>0</offset><text>Telemedicine for Surgical Consultations – Pandemic Response or Here to Stay?</text></passage><passage><infon key="section_type">ABSTRACT</infon><infon key="type">abstract</infon><offset>79</offset><text>Supplemental Digital Content is available in the text</text></passage><passage><infon key="section_type">ABSTRACT</infon><infon key="type">abstract_title_1</infon><offset>133</offset><text>Objective:</text></passage><passage><infon key="section_type">ABSTRACT</infon><infon key="type">abstract</infon><offset>144</offset><text>This study aims to determine the public's perception of telemedicine surgical consultations, during the COVID-19 pandemic and beyond.</text></passage><passage><infon key="section_type">ABSTRACT</infon><infon key="type">abstract_title_1</infon><offset>278</offset><text>Summary Background Data:</text></passage><passage><infon key="section_type">ABSTRACT</infon><infon key="type">abstract</infon><offset>303</offset><text>With rapid expansion and uptake of telemedicine during the pandemic, many have posited that virtual visits will endure even as in-person visits are reinstated. The public's perception of telemedicine for an initial surgical consultation has not been previously studied.</text></passage><passage><infon key="section_type">ABSTRACT</infon><infon key="type">abstract_title_1</infon><offset>573</offset><text>Methods:</text></passage><passage><infon key="section_type">ABSTRACT</infon><infon key="type">abstract</infon><offset>582</offset><text>A 43-question survey assessed respondents’ attitudes toward telemedicine for initial consultations with surgeons, both in the context of COVID-19 and during “normal circumstances.” Participants were recruited through Amazon Mechanical Turk, an online crowd-sourcing marketplace.</text></passage><passage><infon key="section_type">ABSTRACT</infon><infon key="type">abstract_title_1</infon><offset>867</offset><text>Results:</text></passage><passage><infon key="section_type">ABSTRACT</infon><infon key="type">abstract</infon><offset>876</offset><text>Based on 1827 analyzable responses, we found that a majority (86%) of respondents reported being satisfied (either extremely or somewhat) with telemedicine encounters. Interestingly, preference for in-person versus virtual surgical consultation reflected access to care, with preference for telemedicine decreasing from 72% to 33% when COVID-related social distancing ends. Preferences for virtual visits decreased with increasing complexity of the surgical intervention, even during the pandemic. A majority felt that “establishing trust and comfort” was best accomplished in person, and the vast majority felt it was important to meet their surgeons before the day of surgery.</text></passage><passage><infon key="section_type">ABSTRACT</infon><infon key="type">abstract_title_1</infon><offset>1559</offset><text>Conclusions:</text></passage><passage><infon key="section_type">ABSTRACT</infon><infon key="type">abstract</infon><offset>1572</offset><text>The public views telemedicine as an acceptable substitute for in-person visits, especially during the pandemic. However, it seems that an in-person interaction is still preferred when possible for surgical consultations. If telemedicine services are to persist beyond social distancing, further exploration of its impact on the patient-surgeon relationship will be needed.</text></passage><passage><infon key="section_type">INTRO</infon><infon key="type">paragraph</infon><offset>1945</offset><text>The COVID-19 pandemic has catalyzed an unprecedented need to deliver care remotely. Within just a few days of widespread advisories for social distancing and shelter-in-place mandates, there was rapid expansion of telemedicine services across specialties and sites to continue to meet patients’ ambulatory care needs. Long touted as an underused, but promising, mode of delivering care, telemedicine has become a putative “game changer” during the pandemic.</text></passage><passage><infon key="section_type">INTRO</infon><infon key="type">paragraph</infon><offset>2409</offset><text>As physicians rapidly converted to either televideo or telephonic appointments, many came to realize that nearly all (or all) components of the visit were able to be completed virtually. Many have, albeit anecdotally, reported high levels of both provider and patient satisfaction with telemedicine. Indeed, the development and expansion of platforms for the delivery of virtual services and the resultant increase in capacity and/or readiness to sustain telemedicine may be a positive unintended consequence of population-wide social distancing.</text></passage><passage><infon key="section_type">INTRO</infon><infon key="type">paragraph</infon><offset>2956</offset><text>However, as payers and policymakers make decisions about the future of waivers and temporary/emergent policies around the delivery of telemedicine visits, public perception of and patient satisfaction with virtual visits will be needed to inform decision making. Based on analyses of internet search volumes, it seems that broad interest in telemedicine is increasing. However, acceptance of telemedicine in the setting of the pandemic may be a consequence of the perceived risks associated with in-person visits, not to mention the nearly universal suspension of them. On the other hand, ease of access associated with telemedicine may result in sustained changes in care delivery.</text></passage><passage><infon key="section_type">INTRO</infon><infon key="type">paragraph</infon><offset>3639</offset><text>We conducted this online, crowd-sourced survey to learn more about the public's willingness to use telemedicine for an initial consultation with a surgeon and to understand how their attitudes are affected by the unique factors posed by the COVID-19 pandemic.</text></passage><passage><infon key="section_type">METHODS</infon><infon key="type">title_1</infon><offset>3899</offset><text>METHODS</text></passage><passage><infon key="section_type">METHODS</infon><infon key="type">title_2</infon><offset>3907</offset><text>Survey Design</text></passage><passage><infon key="section_type">METHODS</infon><infon key="type">paragraph</infon><offset>3921</offset><text>A public-facing survey was developed on a Qualtrics (Provo, UT) online platform using a modified Delphi method. A draft of the survey was developed by the investigators and then alpha-tested by 6 volunteer participants. Based on their feedback, an updated version of the survey was beta-tested on 24 volunteer participants via convenience sampling. Beta-version feedback was incorporated at this stage, and a final 43-question version of the survey was created (Appendix 1; http://links.lww.com/SLA/C309). The survey was designed to be completed in 15 minutes or less.</text></passage><passage><infon key="section_type">METHODS</infon><infon key="type">paragraph</infon><offset>4490</offset><text>We collected basic demographic information, including data about prior experience with the health care system (either professionally or as a surgical patient) and with telemedicine, specifically focusing on satisfaction and willingness to continue with virtual visits. The first portion of the survey was based on a five-point Likert scale and asked respondents to consider the importance of meeting their surgeon in person before the day of surgery. We also asked respondents whether certain components of an initial appointment with their surgeon would be better accomplished in person, virtually, or either way. Then, to determine if there were differences in preferences for telemedicine under normal circumstances (before or after the pandemic) compared to the limitations imposed by social distancing, 6 different surgical scenarios of varying complexity were used: lipoma, cosmetic rhinoplasty, inguinal hernia, thyroid cancer, pancreatic cancer, and total knee replacement. Finally, survey participants were invited to comment on initial visits with a surgeon and telemedicine in a free text box.</text></passage><passage><infon key="section_type">METHODS</infon><infon key="type">title_2</infon><offset>5595</offset><text>Participant Enrollment</text></passage><passage><infon key="section_type">METHODS</infon><infon key="type">paragraph</infon><offset>5618</offset><text>Participants were recruited using Amazon Mechanical Turk, or MTurk, an online crowd-sourcing marketplace which allows people to complete human intelligence tasks for small amounts of money. We restricted participation in our study to those 18 years or older who reside in the United States. We included one attention check question in the middle of the survey and excluded participants who did not answer this question correctly. We paid each participant based on the federal minimum wage for taking this 15-minute survey ($1.75). To maximize demographic representation, and therefore generalizability of the survey results, we targeted enrollment of 2000 participants. The survey was posted on April 21, 2020 and we achieved the targeted number of responses in 4 days.</text></passage><passage><infon key="section_type">METHODS</infon><infon key="type">paragraph</infon><offset>6388</offset><text>This study was approved by the Dartmouth-Hitchcock Institutional Review Board (Study 02000435).</text></passage><passage><infon key="section_type">RESULTS</infon><infon key="type">title_1</infon><offset>6484</offset><text>RESULTS</text></passage><passage><infon key="section_type">RESULTS</infon><infon key="type">paragraph</infon><offset>6492</offset><text>Two thousand forty-two people responded to this survey. Seventy-nine were excluded for missing the attention check question, and 142 were excluded for entering invalid responses on questions which would indicate a lack of attentiveness to the survey questions. We therefore included 1827 responses in our final analysis.</text></passage><passage><infon key="section_type">RESULTS</infon><infon key="type">paragraph</infon><offset>6813</offset><text>Demographics of the respondents are shown in Table 1. The majority of respondents (85%) were under age 50, and 58% were male. Overall, they were well-educated, with 76% reporting at least a college degree; 27% of respondents had some medical background. The survey population tended to be employed (84% working full or part-time) and insured (87% with some form of health insurance). Only 12% of respondents were from a rural area, and most reported that they lived within 30 minutes of both their doctor's office (80%) and the nearest hospital (82%). Almost all reported compliance with social distancing measures, with 94% either not leaving home at all or going out only for essential activities.</text></passage><passage><infon key="file"></infon><infon key="id">T1</infon><infon key="section_type">TABLE</infon><infon key="type">table_caption</infon><offset>7513</offset><text>Characteristics of Survey Respondents (N = 1827)</text></passage><passage><infon key="section_type">RESULTS</infon><infon key="type">paragraph</infon><offset>7562</offset><text>More than two-thirds had prior experience with surgery either as a patient (72% reported having prior surgery) or via experience with a loved one going through surgery (80%). Half of respondents (49%) had experience with telemedicine, and 60% of those experiences were due to the COVID-19 pandemic (Table 2). Of the respondents who had prior experience with telemedicine (n = 891, 49%), most reported being extremely satisfied (36%) or somewhat satisfied (50%) with the encounter(s). Only 12% were unwilling to consider seeing a doctor virtually again.</text></passage><passage><infon key="file"></infon><infon key="id">T2</infon><infon key="section_type">TABLE</infon><infon key="type">table_caption</infon><offset>8115</offset><text>Respondents’ Prior Experience and Satisfaction with Telemedicine (N = 891)</text></passage><passage><infon key="section_type">RESULTS</infon><infon key="type">paragraph</infon><offset>8192</offset><text>In general, respondents were interested in telemedicine as a means to access the health care system during social distancing related to the pandemic: 79% preferred telemedicine for visits to their primary care providers (PCPs), with only 16% desiring to see their PCP in person. A higher proportion (24%) favored an in-person consultation with a surgeon if necessary during social distancing, but 72% would choose a telemedicine visit. Of the telemedicine modalities, video visits were preferred over telephonic ones. However, without the limitations of social distancing, 62% would prefer an in-person initial consultation with a surgeon, with only 33% choosing telemedicine (Table 3). The majority of respondents (62%) believed a virtual visit should cost less than an in-person visit, whereas 22% thought the visits should be the same cost and only 15% thought that a virtual visit should cost more.</text></passage><passage><infon key="file"></infon><infon key="id">T3</infon><infon key="section_type">TABLE</infon><infon key="type">table_caption</infon><offset>9095</offset><text>Preferences for In Person versus Telemedicine Visits</text></passage><passage><infon key="section_type">RESULTS</infon><infon key="type">paragraph</infon><offset>9148</offset><text>We sought to understand the perceived importance of in-person meetings between surgeons and potential patients, and the perceived effectiveness of telemedicine to achieve certain elements of an initial surgical consultation. Nearly three-quarters of survey respondents believed it was extremely or very important to meet their surgeon in person beforethe day of surgery (71%) and to be examined by the surgeon before the day of surgery (73%). Further, they did not seem to believe this was as important to the surgeon, with only 56% and 64%, respectively, reporting that they thought it would be extremely or very important to their surgeon to meet them and examine them before the day of surgery (Fig. 1). When considering 8 components of an initial visit to a surgeon (review history/reason for referral; initiate/complete diagnostic work-up; perform a physical exam; discuss treatment options; offer an opinion regarding need for/benefit of surgery; explain the technical components of the surgery; establish trust/comfort; and explain post-operative monitoring), the majority of respondents thought the physical exam (72%) and establishing trust and comfort (55%) could best be done in person. Almost half (44%) reported that initiating/completing a diagnostic workup would also be better in person. For the other 5 elements of the consultation, the majority (57%–67%) thought either an in-person or telemedicine visit would suffice. There were no elements of the initial consultation that respondents thought would be more effective virtually (Fig. 2).</text></passage><passage><infon key="file">ansu-272-e174-g004.jpg</infon><infon key="id">F1</infon><infon key="section_type">FIG</infon><infon key="type">fig_caption</infon><offset>10708</offset><text>Perceived importance of in-person meetings between patients and surgeons.</text></passage><passage><infon key="file">ansu-272-e174-g005.jpg</infon><infon key="id">F2</infon><infon key="section_type">FIG</infon><infon key="type">fig_caption</infon><offset>10782</offset><text>Effectiveness of telehealth on various elements of an initial surgical consultation.</text></passage><passage><infon key="section_type">RESULTS</infon><infon key="type">paragraph</infon><offset>10867</offset><text>Survey respondents were asked to consider 6 different surgical scenarios: lipoma resection; rhinoplasty; inguinal hernia repair; thyroidectomy for cancer; pancreatic resection for cancer; and total knee replacement for severe knee osteoarthritis. Under “normal circumstances,” most participants would prefer an in-person consultation for all 6 diagnoses, ranging from 64% for lipoma to 79% for pancreatic cancer. During social distancing, most respondents preferred telemedicine; as the diagnoses became relatively more complicated, the preference for in-person consultation increased. For example, only 20% preferred an in-person initial consultation with a surgeon for rhinoplasty during social distancing, but 52% would prefer it for pancreatic cancer. Interestingly, a minority of participants would delay care altogether for any of the diagnoses, with 20% of respondents reporting that they would wait for social distancing to end before consulting with a surgeon regarding rhinoplasty, and only 4% would delay consultation for pancreatic cancer (Fig. 3). Survey respondents were also asked to consider the same 6 scenarios for a loved one (for whom they would be the primary caregiver). There was no difference in their preferences for in person and telemedicine visits when considering their own care versus that of a loved one.</text></passage><passage><infon key="file">ansu-272-e174-g006.jpg</infon><infon key="id">F3</infon><infon key="section_type">FIG</infon><infon key="type">fig_caption</infon><offset>12207</offset><text>Attitudes toward telehealth under “normal circumstances” versus during social distancing.</text></passage><passage><infon key="section_type">RESULTS</infon><infon key="type">paragraph</infon><offset>12301</offset><text>Free text comments were reviewed qualitatively. We were unable to formally analyze the content for themes, but some topics emerged, including perceptions that telemedicine visits are more appropriate for uncomplicated visits, less appropriate for surgical consultation, and viewed relatively more favorably when access is otherwise limited. Some comments reflected concerns with technical difficulties and perceptions that telemedicine visits should be lower cost (Table 4).</text></passage><passage><infon key="file"></infon><infon key="id">T4</infon><infon key="section_type">TABLE</infon><infon key="type">table_caption</infon><offset>12776</offset><text>Common Topics Identified in Participant Free-form Comments</text></passage><passage><infon key="section_type">DISCUSS</infon><infon key="type">title_1</infon><offset>12835</offset><text>DISCUSSION</text></passage><passage><infon key="section_type">DISCUSS</infon><infon key="type">paragraph</infon><offset>12846</offset><text>This study is the first to report large-scale public attitudes toward obtaining an initial surgical consultation via telemedicine, specifically in the context of social distancing during COVID-19 pandemic, but with consideration for “normal circumstances.” Using a crowd-sourced survey with over 2000 respondents, we confirmed that telemedicine has indeed become more ubiquitous during the pandemic, with approximately half of survey respondents reporting prior experience with telemedicine, noting that 60% of those virtual encounters occurred during COVID-19-related social distancing. A vast majority (86%) of respondents reported being satisfied (either extremely or somewhat) with their telemedicine encounter. Interestingly, preference for in-person versus virtual surgical consultation reflected access to care, with preference for telemedicine decreasing from 72% to 33% when COVID-related social distancing ends. Telemedicine was viewed more favorably for PCP visits than for surgical consultations, with a further decline in preferences for virtual visits with increasing complexity of surgical intervention, even during the pandemic.</text></passage><passage><infon key="section_type">DISCUSS</infon><infon key="type">paragraph</infon><offset>13995</offset><text>Although many have posited that telemedicine will have an enduring presence even as in-person visits are reinstated, surgical consultations require special consideration. Not surprisingly, the vast majority of survey respondents indicated that it was extremely or very important to meet their surgeon and to have their surgeon examine them in person before the day of surgery, which corresponds with our finding that a majority of respondents felt that “establishing trust and comfort” was best accomplished in person. Interestingly, public perception about the converse (how important it was for surgeons to meet and examine patients in person before the day of surgery), demonstrated a slight shift, with a much lower (albeit still majority) opinion about the relative importance of this. Taken together, such perceptions may explain why most respondents felt that telemedicine visits should cost less than an in person one. In this initial exploratory study, we were unable to delve into the reasons behind this perception, but future work will need to explore the impact of the respondents’ insurance status and out-of-pocket costs.</text></passage><passage><infon key="section_type">DISCUSS</infon><infon key="type">paragraph</infon><offset>15138</offset><text>Various prior studies have reported high patient satisfaction with telemedicine in the surgical context, citing benefits of money saved/economic benefit, reduced missed work, reduced trips to hospital, and preventing additional calls or visits to clinicians. However, almost all of this work has been for surgical follow-up visits and not initial consultations, which was the focus of our study. A few telemedicine studies in limited settings demonstrate and support its feasibility and accuracy for prescreening of patients with common general surgery diagnoses. Indeed, there is very little in the literature related to using telemedicine in more “elective” settings, especially ones in which there is a consultation requiring more shared decision making. Prior studies in primary care settings suggest that there is less information exchange by patients and physicians during video and telephonic visits when compared with in-person encounters, suggesting that patients and physicians may adapt their behavior and expectations based on circumstances, including the relative urgency or severity of presentation and access to care.</text></passage><passage><infon key="section_type">DISCUSS</infon><infon key="type">paragraph</infon><offset>16275</offset><text>Our findings demonstrated the strong effect of telemedicine in alleviating barriers resulting from COVID-related social distancing restrictions to receipt of a surgical consultation. Very few respondents wished to “wait until social distancing ends” even with relatively discretionary and elective procedures such as rhinoplasty and total knee replacement. As a measure of relative sensitivity to mode of care, acceptance of a telemedicine visit, compared to desire for an in-person visit, decreased with relative severity of disease. Even with social distancing in place, over half of respondents wanted an in-person visit for pancreas cancer evaluation, though this was the case in less than a quarter of those with an inguinal hernia and in a fifth of those with a lipoma. Across all 6 scenarios, there were no differences in proportions of respondents who preferred in-person visits regardless of the relative importance they placed on the surgeon meeting patients before the day of surgery, suggesting it was their own desire to interact with the surgeon rather than a perception that it would be critical for the surgeon's decision making.</text></passage><passage><infon key="section_type">DISCUSS</infon><infon key="type">paragraph</infon><offset>17425</offset><text>There was generally slow adoption of telemedicine before the COVID-19 pandemic, related to regulatory barriers and implementation challenges related to technology platforms. However, COVID-related social distancing mandates and the mass suspension of normal ambulatory clinic operations led to the rapid uptake of telemedicine visits, aided by changes in policies around telemedicine visits including broad coverage of services by the Centers for Medicare &amp; Medicaid Services (CMS) on “a temporary and emergency basis.” These CMS waivers will need to be evaluated as the pandemic evolves back to more normal circumstances and our findings may be important to consider as this occurs, especially as it relates to surgical consultations and the value placed on an in-person meeting with a surgeon before surgery.</text></passage><passage><infon key="section_type">DISCUSS</infon><infon key="type">paragraph</infon><offset>18240</offset><text>As noted previously, survey respondents placed great importance in meeting their surgeon in person before the day of surgery. This suggests that if the initial consultation were done virtually, an in-person visit may need to be scheduled before surgery or, at the very least, extra time may need to be built in for discussions on the day of surgery. As such, practical considerations around reimbursement for services (related to multiple and duplicative visits) and health care utilization (efficiency and workflow around surgical schedules) will need to be resolved if telemedicine visits continue to be used in high volumes. Moreover, concern for the depersonalization of care with telemedicine has been described both before and during the COVID-19 pandemic, and the ability to establish rapport virtually is understudied across settings.</text></passage><passage><infon key="section_type">DISCUSS</infon><infon key="type">paragraph</infon><offset>19083</offset><text>There are several limitations of this study. Participants in a crowd-sourced survey study are selfselected and make up a nonrepresentative cohort. There is no calculable response rate and results may not be generalizable. However, Amazon MTurk is an increasingly credible means of conducting survey research in healthcare. In addition, rapid online surveys have been proposed as a highly effective way to assess evolving public perceptions during COVID-19 pandemic. Given this methodology, our respondents, by definition, represent a relatively more tech-savvy segment of the population. Although this is another reason our findings may not be generalizable, we hypothesize that people without access to or familiarity with technology would be even less comfortable with telehealth consultations. Another limitation is that this survey relies on the participants’ ability to imagine their response in hypothetical scenarios rather than studying the response of real patients actually facing these diagnoses and decisions. That said, public perception is important to consider since policy changes, as would be the case with CMS waivers and regulations around telemedicine services, should take a broader view into consideration. Nevertheless, early reports demonstrate a high level of patient satisfaction with telemedicine; whether this is solely related to a paucity of choice secondary to the pandemic or reflective of broader views on access to care remain to be seen.</text></passage><passage><infon key="section_type">CONCL</infon><infon key="type">title_1</infon><offset>20558</offset><text>CONCLUSIONS</text></passage><passage><infon key="section_type">CONCL</infon><infon key="type">paragraph</infon><offset>20570</offset><text>There is an abundance of enthusiasm for telemedicine from both patients and providers, and it seems that the public views it as an acceptable substitute, especially during the COVID-19 pandemic. However, it may be that an in-person interaction is still preferred when at all possible for initial surgical consultations. If expanded telemedicine services are to persist beyond social distancing, the impact it could have on patient satisfaction and the therapeutic relationship between surgeons and their patients will need to be further explored.</text></passage><passage><infon key="section_type">CONCL</infon><infon key="type">footnote</infon><offset>21117</offset><text>The authors report no conflicts of interest.</text></passage><passage><infon key="section_type">CONCL</infon><infon key="type">footnote</infon><offset>21162</offset><text>Supplemental digital content is available for this article. Direct URL citations appear in the printed text and are provided in the HTML and PDF versions of this article on the journal's Web site (www.annalsofsurgery.com).</text></passage><passage><infon key="section_type">REF</infon><infon key="type">title</infon><offset>21385</offset><text>REFERENCES</text></passage><passage><infon key="fpage">2055207620920083</infon><infon key="name_0">surname:Robbins;given-names:T</infon><infon key="name_1">surname:Hudson;given-names:S</infon><infon key="name_2">surname:Ray;given-names:P</infon><infon key="pub-id_pmid">32313668</infon><infon key="section_type">REF</infon><infon key="source">Digital health</infon><infon key="type">ref</infon><infon key="volume">6</infon><infon key="year">2020</infon><offset>21396</offset><text>COVID-19: a new digital dawn?</text></passage><passage><infon key="fpage">1679</infon><infon key="lpage">1681</infon><infon key="name_0">surname:Hollander;given-names:JE</infon><infon key="name_1">surname:Carr;given-names:BG</infon><infon key="pub-id_pmid">32160451</infon><infon key="section_type">REF</infon><infon key="source">N Engl J Med</infon><infon key="type">ref</infon><infon key="volume">382</infon><infon key="year">2020</infon><offset>21426</offset><text>Virtually perfect? Telemedicine for Covid-19</text></passage><passage><infon key="comment">doi:10.1016/j.amjsurg.2020.04.026. [Epub ahead of print]</infon><infon key="name_0">surname:Hakim;given-names:AA</infon><infon key="name_1">surname:Kellish;given-names:AS</infon><infon key="name_2">surname:Atabek;given-names:U</infon><infon key="section_type">REF</infon><infon key="source">Am J Surg</infon><infon key="type">ref</infon><infon key="year">2020</infon><offset>21471</offset><text>Implications for the use of telehealth in surgical patients during the COVID-19 pandemic</text></passage><passage><infon key="fpage">e18961</infon><infon key="name_0">surname:Hong;given-names:Y-R</infon><infon key="name_1">surname:Lawrence;given-names:J</infon><infon key="name_2">surname:Williams;given-names:D;suffix:Jr</infon><infon key="section_type">REF</infon><infon key="source">JMIR Public Heal Surveill</infon><infon key="type">ref</infon><infon key="volume">6</infon><infon key="year">2020</infon><offset>21560</offset><text>Population-level interest and telehealth capacity of US hospitals in response to COVID-19: cross-sectional analysis of google search and national hospital survey data</text></passage><passage><infon key="comment">Epub 2015 Oct 3</infon><infon key="fpage">262</infon><infon key="lpage">268</infon><infon key="name_0">surname:Wood;given-names:EW</infon><infon key="name_1">surname:Strauss;given-names:RA</infon><infon key="name_2">surname:Janus;given-names:C</infon><infon key="pub-id_pmid">26501427</infon><infon key="section_type">REF</infon><infon key="source">J Oral Maxillofac Surg</infon><infon key="type">ref</infon><infon key="volume">74</infon><infon key="year">2016</infon><offset>21727</offset><text>Telemedicine consultations in oral and maxillofacial surgery: a follow-up study</text></passage><passage><infon key="comment">Epub 2011 Jun 6</infon><infon key="fpage">1422</infon><infon key="lpage">1425</infon><infon key="name_0">surname:Urquhart;given-names:AC</infon><infon key="name_1">surname:Antoniotti;given-names:NM</infon><infon key="name_2">surname:Berg;given-names:RL</infon><infon key="pub-id_pmid">21647908</infon><infon key="section_type">REF</infon><infon key="source">Laryngoscope</infon><infon key="type">ref</infon><infon key="volume">121</infon><infon key="year">2011</infon><offset>21807</offset><text>Telemedicine- an efficient and cost-effective approach in parathyroid surgery</text></passage><passage><infon key="fpage">531</infon><infon key="lpage">537</infon><infon key="name_0">surname:Martínez-Ramos;given-names:C</infon><infon key="name_1">surname:Cerdán;given-names:MT</infon><infon key="name_2">surname:López;given-names:RS</infon><infon key="pub-id_pmid">19566396</infon><infon key="section_type">REF</infon><infon key="source">Telemed J E Health</infon><infon key="type">ref</infon><infon key="volume">15</infon><infon key="year">2009</infon><offset>21885</offset><text>Mobile phone-based telemedicine system for the home follow-up of patients undergoing ambulatory surgery</text></passage><passage><infon key="fpage">22</infon><infon key="lpage">30</infon><infon key="name_0">surname:Willard;given-names:A</infon><infon key="name_1">surname:Brown;given-names:E</infon><infon key="name_2">surname:Masten;given-names:M</infon><infon key="pub-id_pmid">29373346</infon><infon key="section_type">REF</infon><infon key="source">Adv Neonatal Care</infon><infon key="type">ref</infon><infon key="volume">18</infon><infon key="year">2018</infon><offset>21989</offset><text>Complex surgical infants benefit from postdischarge telemedicine visits</text></passage><passage><infon key="fpage">476</infon><infon key="lpage">479</infon><infon key="name_0">surname:Nandra;given-names:K</infon><infon key="name_1">surname:Koenig;given-names:G</infon><infon key="name_2">surname:DelMastro;given-names:A</infon><infon key="pub-id_pmid">30253859</infon><infon key="section_type">REF</infon><infon key="source">Am J Surg</infon><infon key="type">ref</infon><infon key="volume">218</infon><infon key="year">2019</infon><offset>22061</offset><text>Telehealth provides a comprehensive approach to the surgical patient</text></passage><passage><infon key="fpage">672</infon><infon key="lpage">679</infon><infon key="name_0">surname:Soegaard Ballester;given-names:JM</infon><infon key="name_1">surname:Scott;given-names:MF</infon><infon key="name_2">surname:Owei;given-names:L</infon><infon key="pub-id_pmid">29398042</infon><infon key="section_type">REF</infon><infon key="source">Surgery</infon><infon key="type">ref</infon><infon key="volume">163</infon><infon key="year">2018</infon><offset>22130</offset><text>Patient preference for time-saving telehealth postoperative visits after routine surgery in an urban setting</text></passage><passage><infon key="fpage">371</infon><infon key="lpage">375</infon><infon key="name_0">surname:Cain;given-names:SM</infon><infon key="name_1">surname:Moore;given-names:R</infon><infon key="name_2">surname:Sturm;given-names:L</infon><infon key="pub-id_pmid">26936865</infon><infon key="section_type">REF</infon><infon key="source">J Telemed Telecare</infon><infon key="type">ref</infon><infon key="volume">23</infon><infon key="year">2017</infon><offset>22239</offset><text>Clinical assessment and management of general surgery patients via synchronous telehealth</text></passage><passage><infon key="fpage">97</infon><infon key="lpage">99</infon><infon key="name_0">surname:Schroeder;given-names:C</infon><infon key="pub-id_pmid">32754700</infon><infon key="section_type">REF</infon><infon key="source">Surg Open Sci</infon><infon key="type">ref</infon><infon key="volume">1</infon><infon key="year">2019</infon><offset>22329</offset><text>Pilot study of telemedicine for the initial evaluation of general surgery patients in the clinic and hospitalized settings</text></passage><passage><infon key="comment">Epub 2011 May 23</infon><infon key="fpage">71</infon><infon key="lpage">76</infon><infon key="name_0">surname:Sudan;given-names:R</infon><infon key="name_1">surname:Salter;given-names:M</infon><infon key="name_2">surname:Lynch;given-names:T</infon><infon key="pub-id_pmid">21601825</infon><infon key="section_type">REF</infon><infon key="source">Am J Surg</infon><infon key="type">ref</infon><infon key="volume">202</infon><infon key="year">2011</infon><offset>22452</offset><text>Bariatric surgery using a network and teleconferencing to serve remote patients in the Veterans Administration Health Care System: feasibility and results</text></passage><passage><infon key="comment">Lee S, Broderick TJ, Haynes J, et al. The role of low-bandwidth telemedicine in surgical prescreening. J Pediatr Surg. 2003;38:1281–1283.</infon><infon key="section_type">REF</infon><infon key="type">ref</infon><offset>22607</offset></passage><passage><infon key="fpage">e595</infon><infon key="lpage">e604</infon><infon key="name_0">surname:Hammersley;given-names:V</infon><infon key="name_1">surname:Donaghy;given-names:E</infon><infon key="name_2">surname:Parker;given-names:R</infon><infon key="section_type">REF</infon><infon key="source">Br J Gen Pract J R Coll Gen Pract</infon><infon key="type">ref</infon><infon key="volume">69</infon><infon key="year">2019</infon><offset>22608</offset><text>Comparing the content and quality of video, telephone, and face-to-face consultations: a non-randomised, quasi-experimental, exploratory study in UK primary care</text></passage><passage><infon key="fpage">240</infon><infon key="lpage">247</infon><infon key="name_0">surname:Dickman Portz;given-names:J</infon><infon key="name_1">surname:Ford;given-names:K</infon><infon key="name_2">surname:Bekelman;given-names:DB</infon><infon key="pub-id_pmid">31526220</infon><infon key="section_type">REF</infon><infon key="source">J Palliat Med</infon><infon key="type">ref</infon><infon key="volume">23</infon><infon key="year">2020</infon><offset>22770</offset><text>We’re taking something so human and trying to digitize”: provider recommendations for mHealth in palliative care</text></passage><passage><infon key="fpage">533</infon><infon key="lpage">538</infon><infon key="name_0">surname:Mortensen;given-names:K</infon><infon key="name_1">surname:Hughes;given-names:TL</infon><infon key="pub-id_pmid">29302882</infon><infon key="section_type">REF</infon><infon key="source">J Gen Intern Med</infon><infon key="type">ref</infon><infon key="volume">33</infon><infon key="year">2018</infon><offset>22887</offset><text>Comparing Amazon's mechanical Turk platform to conventional data collection methods in the health and medical research literature</text></passage><passage><infon key="fpage">e18790</infon><infon key="name_0">surname:Geldsetzer;given-names:P</infon><infon key="pub-id_pmid">32240094</infon><infon key="section_type">REF</infon><infon key="source">J Med Internet Res</infon><infon key="type">ref</infon><infon key="volume">22</infon><infon key="year">2020</infon><offset>23017</offset><text>Use of rapid online surveys to assess people's perceptions during infectious disease outbreaks: a cross-sectional survey on COVID-19</text></passage></document></collection>
