<?xml version="1.0" encoding="UTF-8"?>
<!DOCTYPE collection SYSTEM "BioC.dtd">
<collection><source>PMC</source><date>20201215</date><key>pmc.key</key><document><id>7362948</id><infon key="license">CC BY</infon><passage><infon key="article-id_doi">10.5808/GI.2020.18.2.e21</infon><infon key="article-id_pmc">7362948</infon><infon key="article-id_pmid">32634875</infon><infon key="article-id_publisher-id">gi-2020-18-2-e21</infon><infon key="elocation-id">e21</infon><infon key="issue">2</infon><infon key="kwd">crowdsourcing linguistics machine translation medical informatics applications PubMed</infon><infon key="license">(CC) This is an open-access article distributed under the terms of the Creative Commons Attribution license(https://creativecommons.org/licenses/by/4.0/), which permits unrestricted use, distribution, and reproduction in any medium, provided the original work is properly cited.</infon><infon key="name_0">surname:Soares;given-names:Felipe</infon><infon key="name_1">surname:Rebechi;given-names:Rozane</infon><infon key="name_2">surname:Stevenson;given-names:Mark</infon><infon key="section_type">TITLE</infon><infon key="type">front</infon><infon key="volume">18</infon><infon key="year">2020</infon><offset>0</offset><text>SciBabel: a system for crowd-sourced validation of automatic translations of scientific texts</text></passage><passage><infon key="section_type">ABSTRACT</infon><infon key="type">abstract</infon><offset>94</offset><text>Scientific research is mostly published in English, regardless of the researcher's nationality. However, this growing practice impairs or hinders the comprehension of professionals who depend on the results of these studies to provide adequate care for their patients. We suggest that machine translation (MT) can be used as a way of providing useful translation for biomedical articles, even though the translation itself may not be fluent. To tackle possible mistranslation that can harm a patient, we resort to crowd-sourced validation of translations. We developed a prototype of MT validation and edition, where users can vote for that translation as valid, or suggest modifications (i.e., post-editing the MT). A glossary match system is also included, aiming at terminology consistency.</text></passage><passage><infon key="section_type">INTRO</infon><infon key="type">paragraph</infon><offset>888</offset><text>Availability: Available online under the MIT license at https://github.com/soares-f/scibabel.</text></passage><passage><infon key="section_type">INTRO</infon><infon key="type">title_1</infon><offset>982</offset><text>Introduction</text></passage><passage><infon key="section_type">INTRO</infon><infon key="type">paragraph</infon><offset>995</offset><text>Research in the biomedical domain, particularly about treatments and procedures for humans, can help improve the patient care offered by physicians. Evidence-based medicine is based on the premise that physicians give the best care possible when they base their treatments on reliable scientific evidence. But, although in practice this access is possible, there is a limitation that makes evidence-based medicine out of the reach for many physicians: almost all of its contents are written in English.</text></passage><passage><infon key="section_type">INTRO</infon><infon key="type">paragraph</infon><offset>1498</offset><text>During the first half of the 20th century, scientific research was published in a variety of languages. But, as Gordin described in detail, a complex set of factors led to English becoming the language of most scientific publications following the Second World War. Researchers tend to publish in English regardless of their native language. But, while academic researchers are often proficient in English, this may not be true for physicians in non-English speaking countries.</text></passage><passage><infon key="section_type">INTRO</infon><infon key="type">paragraph</infon><offset>1976</offset><text>Translation of documents into the languages with which physicians are familiar seems like an obvious way to make the world’s scientific production accessible to them. But new research is produced so quickly and its results are published so rapidly that translating the information manually would be impractical. For example, in 2019 alone, more than 10,000 new articles were published in PubMed (PubMed Query: (((&quot;2019&quot;[Date - Publication] : &quot;3000&quot;[Date - Publication])) AND (treatment[Title/Abstract])) AND (procedure[Title/Abstract])) containing the keywords “treatment” and “procedure”—exactly the kind of articles that would be of interest to physicians. However, there is a technology that could potentially do this translation automatically: machine translation (MT).</text></passage><passage><infon key="section_type">INTRO</infon><infon key="type">paragraph</infon><offset>2762</offset><text>MT is a technology to render texts written in one language to another language. Modern MT research began just after the Second World War with the automatic translation of Russian scientific texts to English as part of the scientific response to the Cold War (e.g., see Hutchins). Machine translation research fell into decline soon thereafter due to considerable skepticism about whether practical MT systems were possible within the research community, but MT resurged in the 1990s with the advent of more powerful computers and alternative approaches. The field of MT experienced explosive growth after the September 2001 terrorist attacks and is an active area of scientific research. This effort has led to a substantial improvement in the quality of translations produced by MT systems.</text></passage><passage><infon key="section_type">INTRO</infon><infon key="type">paragraph</infon><offset>3554</offset><text>The earliest work on MT for scientific content concentrated on the physical sciences, however the focus of current research is shifting towards biomedical texts, especially due to shared tasks. This difference is important because, while users of translations in other scientific fields can tolerate some amount of error, as they do not have such a strict vocabulary and are not dealing directly with human beings, even a small mistranslation in this domain (e.g., a drug name being incorrectly translated, or a negation being ignored) could lead to disastrous consequences to patients. For example, consider Supplementary Table 1 which shows examples of a simple medical instruction (i.e., “Take two pills orally every day unless you feel dizzy or lightheaded”) usually found in drugs prescriptions translated into Finnish, Korean, Portuguese, Italian, Spanish, Japanese, French, German, Russian, Chinese (simplified) and Ukrainian by Google Translate. The third column contains their translations back into English by an educated native speaker (a common method of evaluating MT, similar to an approach known as back-translation). Contraindications that have been incorrectly translated are highlighted in bold font and it can be seen that these occur in six of the 11 translations. This demonstrates the need for automatic translations to be manually checked for critical mistranslations. However, this process is time-consuming and unlikely to scale well. Therefore, we propose a crowd-sourced approach to validate automatic translations of biomedical articles and develop a prototype to facilitate such task.</text></passage><passage><infon key="section_type">INTRO</infon><infon key="type">paragraph</infon><offset>5172</offset><text>In the proposed system volunteers who are able to read biomedical articles in English and also in another language would check MT output for critical mistranslations and vocabulary adequacy. The purpose of this system is to guarantee that the message in the source text is correctly conveyed in the translation, even though the translated text may lack fluency. Volunteers would accept the proposed translations if they are correct and be able to make editions when appropriate (e.g., incorrect terminology). We expect that our system, named SciBabel, would allow physicians and medical staff not proficient in English to access the most recent advances in medicine, enabling them to provide their patients with better treatment. The source code is available at https://github.com/soares-f/scibabel.</text></passage><passage><infon key="section_type">INTRO</infon><infon key="type">title_1</infon><offset>5972</offset><text>Background</text></passage><passage><infon key="section_type">INTRO</infon><infon key="type">paragraph</infon><offset>5983</offset><text>An illustration of the recent improvements in MT can be seen from the performance of systems reported in the biomedical track of the Conference on Machine Translation (WMT), which focuses on the translation of PubMed abstracts. Translation quality increased by around 51% (or 16 percentage points) from 2016 to 2019 for English to Spanish. In Table 1, we show the MT performance for some language pairs for biomedical texts with dates ranging from 2013 to 2019 for selected language pairs. Note that translation quality is measured automatically using the BLEU score, a common MT metric that relies on the overlapping portions of the generated translations and the manually translated text.</text></passage><passage><infon key="section_type">INTRO</infon><infon key="type">paragraph</infon><offset>6674</offset><text>In the two most recent WMT conferences (2018 and 2019) interesting results were reported for the English/Portuguese and English/Spanish language pairs. For instance, for the English to Spanish, the number of MT-generated sentences judged by humans as better than human translations was larger than the number of human sentences judged better than MT ones. When combining the number of times that the best MT was equally good or better than human translation for WMT19, we get an average of 73% of correct translations according to human judgment, with surprising 90% for EN/ES and 82.09% for ZH/EN. This strengthens our point that MT can indeed be used to aid dissemination of biomedical scientific content.</text></passage><passage><infon key="section_type">INTRO</infon><infon key="type">paragraph</infon><offset>7382</offset><text>However, as shown in Supplementary Table 1, MT systems can make critical mistakes when considering the usage of a medicine, for instance. It has been shown in literature that even human translation is prone to errors. That is why the translation and localization industry usually has a two-step (or even more) process for translation. That is, at least one additional human is involved in checking the translation already carried out (also called proof-reading).</text></passage><passage><infon key="section_type">INTRO</infon><infon key="type">paragraph</infon><offset>7845</offset><text>Crowdsourcing of intensive tasks is not new in science. One example can be the Folding@Home initiative, which was popular in the first decade of the years 2000’. This initiative consisted of crowdsourcing computational power from regular end-users (that signed to the initiative) to simulate protein folding, drug design, and molecular dynamics. Similarly, Seti@Home tried to follow the same path to search for extraterrestrial life.</text></passage><passage><infon key="section_type">INTRO</infon><infon key="type">paragraph</infon><offset>8281</offset><text>The crowdsourcing of manual annotation (or evaluation) was already explored by different authors. For instance, the information retrieval (IR) shared tasks can be seen as the pioneers of human distributed annotation. Participants of IR shared tasks would blindly evaluate the participants’ automatic predictions. Another example of distributed annotation is the Amazon Mechanical Turk, which pays users to manually annotate tasks. Some authors developed games or mobile apps to gather human annotation.</text></passage><passage><infon key="section_type">INTRO</infon><infon key="type">paragraph</infon><offset>8786</offset><text>Regarding crowdsourcing of translations, Zaidan and Callison-Burch state that collecting translations by crowdsourcing using non-professionals may lead to low-quality results. They propose the use of distance among translations and LM perplexity to score collected translations to discriminate between “good” and “bad” translations.</text></passage><passage><infon key="section_type">INTRO</infon><infon key="type">paragraph</infon><offset>9127</offset><text>Ambati et al. explored the challenges involved in crowdsourcing translation based on their experiments with Amazon Mechanical Turk. Their main findings regarding challenges are related to the large label space, that is, even though there is a finite number of possible translations for a single translations, there is a much larger space of acceptable sentences in the target space, but that may not be adequate or not style compliant. The second one is the small number of bilingual speakers for low-resourced languages. The third one is low quality, as most of the crowd-sourced translators are not professional linguists. Given this scenario, they proposed a framework based on phases to enhance the final quality of crowd-sourced translations. The first step of the translation is done by weak bilingual translators, translations which are revised by bilingual translators and the final step is done by monolinguals of the target language or bilinguals whose mother tongue is the target one. Considering the potential of crowd-sourced annotation, we aimed at developing a prototype of a system to enable the manual evaluation of automatic translations tailored to biomedical texts and post-edition. Our goal was to produce a simple yet usable interface to annotate translations as valid in the target language, while enabling users to make adjustments in the translation to correct possible mistakes.</text></passage><passage><infon key="section_type">METHODS</infon><infon key="type">title_1</infon><offset>10532</offset><text>Design</text></passage><passage><infon key="section_type">METHODS</infon><infon key="type">paragraph</infon><offset>10539</offset><text>When idealizing such a tool, we envisioned not to provide perfect and fluent translations, since that would require a considerable effort from users. We are rather interested in finding gross and dangerous MT mistakes, the ones that could completely hinder the interpretation of the article. That is, we are interested in assuring that the translated text conveys the same original message, even though it may not sound completely fluent for a native speaker.</text></passage><passage><infon key="section_type">METHODS</infon><infon key="type">paragraph</infon><offset>10999</offset><text>We can see as an example the sentence “Nehmen Sie jeden Tag zwei Tabletten ein, es sei denn, Ihnen ist schwindelig oder benommen” in German. The direct translation, as seen in Supplementary Table 1, is “Take two pills every day by mouth unless you feel dizzy or lightheaded.” This may not sound natural, but it conveys the message that the dosage is two pills with a daily frequency and the contra-indication is if the person feels dizzy or lightheaded.</text></passage><passage><infon key="section_type">METHODS</infon><infon key="type">title_2</infon><offset>11461</offset><text>Functionalities</text></passage><passage><infon key="section_type">METHODS</infon><infon key="type">paragraph</infon><offset>11477</offset><text>The following functionalities were implemented:</text></passage><passage><infon key="section_type">METHODS</infon><infon key="type">paragraph</infon><offset>11525</offset><text>‒ Parallel visualization of the original text and the machine translated version.</text></passage><passage><infon key="section_type">METHODS</infon><infon key="type">paragraph</infon><offset>11609</offset><text>‒ A “voting” system that allows users to flag a particular translation as correct (similar to a “like” in social media).</text></passage><passage><infon key="section_type">METHODS</infon><infon key="type">paragraph</infon><offset>11740</offset><text>‒ An option to edit a suggested translation, allowing users to correct possible mistranslations.</text></passage><passage><infon key="section_type">METHODS</infon><infon key="type">paragraph</infon><offset>11839</offset><text>‒ Only the last translation is available, since this is deemed to be the one with best quality.</text></passage><passage><infon key="section_type">METHODS</infon><infon key="type">paragraph</infon><offset>11937</offset><text>‒ When editing a translation, a terminology lookup is available. That is, for each matched string in the source text, the suggested translation is shown.</text></passage><passage><infon key="section_type">METHODS</infon><infon key="type">title_2</infon><offset>12093</offset><text>Technical details</text></passage><passage><infon key="section_type">METHODS</infon><infon key="type">paragraph</infon><offset>12111</offset><text>In our prototype we aim at providing a simple and easily upgradable interface for document validation and modification. The prototype is coded in Python 3 using the Flask microframework. Our choice of Flask is due to its simplicity regarding back-end and frontend, while being able to scale if required.</text></passage><passage><infon key="section_type">METHODS</infon><infon key="type">paragraph</infon><offset>12415</offset><text>For the interface, we opted for the Bootstrap library (https://getbootstrap.com/), since it provides responsive mobile-ready frontend components. The functionalities were expanded using JQuery and Javascript.</text></passage><passage><infon key="section_type">METHODS</infon><infon key="type">paragraph</infon><offset>12624</offset><text>As for the backend, we took advantage of the SQLAlchemy toolkit (https://www.sqlalchemy.org/), which is an ORM (Object Relational Mapper) that abstracts database operations. By using SQLAlchemy, we were able to make the app database agnostic. That is, the user can easily switch among the RDBMS supported by the package without needing to change several parts in the code.</text></passage><passage><infon key="section_type">METHODS</infon><infon key="type">paragraph</infon><offset>12997</offset><text>Regarding the translation system behind the prototype, we used an in-house model developed with OpenNMT (https://opennmt.net/) which is decoupled from the interface. We do not think that at this point it is extremely relevant to have an online translation system, since new articles can be batch translated overnight, for instance.</text></passage><passage><infon key="section_type">METHODS</infon><infon key="type">paragraph</infon><offset>13329</offset><text>For the dictionary, we encourage the usage of UMLS, since it is a very comprehensive asset, already standardized and is available in many languages. Users can also make use of SNOMED CT available in more than one language, when compatible with licensing.</text></passage><passage><infon key="section_type">RESULTS</infon><infon key="type">title_1</infon><offset>13584</offset><text>Results</text></passage><passage><infon key="section_type">RESULTS</infon><infon key="type">paragraph</infon><offset>13592</offset><text>We implemented our prototype following the design specified in Section 3. For such, we first created a simple interface to visualize the translated content in the source language (e.g., English in this case) and target language (e.g., French). In this first screen, bilingual users can check the translation, which is shown in column format. We also introduced a feature that allows users to hover over the source or target sentence and check which sentence it refers to on the other column of the parallel text. After checking the translation, bilingual users can flag (i.e., Like) the translation as good, or perform modifications (editing).</text></passage><passage><infon key="section_type">RESULTS</infon><infon key="type">paragraph</infon><offset>14236</offset><text>In Fig. 1, we show a screenshot of the article validation step. We have already included placeholders in the top bar to allow inclusion of alternative MT models as well as access to an Administrator backend which is under development.</text></passage><passage><infon key="section_type">RESULTS</infon><infon key="type">paragraph</infon><offset>14471</offset><text>In Fig. 2, we included a screenshot of the edition mode for the translated contents. In this view, the text is shown by sentences, with translations displayed as text boxes, such that users can perform post-edition on the suggested text. In addition, we included a glossary functionality, which can help users to guarantee terminology consistency. For this, a dictionary has to be supplied beforehand, and then a simple string matching is used to show the suggested translation. For instance, for the term “estrogen receptors”, the suggested translation in French is “Récepteur des œstrogènes”, while the automatic translation is “récepteurs aux œstrogènes”. Although the automatic translation is not wrong, the suggested term “Récepteur des œstrogènes” is flagged in UMLS (https://www.nlm.nih.gov/research/umls/index.html, Unified Medical Language System) as preferred.</text></passage><passage><infon key="section_type">CONCL</infon><infon key="type">title_1</infon><offset>15367</offset><text>Conclusion and Further Steps</text></passage><passage><infon key="section_type">CONCL</infon><infon key="type">paragraph</infon><offset>15396</offset><text>In this article, we pointed out the importance of making biomedical literature accessible to all healthcare professionals, despite the language they speak. As scientific publication, especially in biomedical sciences, has been fastly growing, manual translation of articles is an untractable approach to make such information multilingual. Thus, we argue that MT can be an alternative to alleviate such bottleneck.</text></passage><passage><infon key="section_type">CONCL</infon><infon key="type">paragraph</infon><offset>15811</offset><text>However, despite the increasing performance of MT systems, some critical errors may occur when texts are translated, which can ultimately hinder patient safety. Thus, manual validation/evaluation of translations should be performed to mitigate potential risks. To enable validation to scale to several languages, we point out that crowdsourcing the effort may be a solution. Therefore, we developed a prototype of a system that can allow an easy translation validation and possible edition.</text></passage><passage><infon key="section_type">CONCL</infon><infon key="type">paragraph</infon><offset>16302</offset><text>The prototype was developed using Python 3 and Flask (https://flask.palletsprojects.com/en/1.1.x/), with Bootstrap for the visual interface. A visualization and edition interface was created, and an Administrator interface is currently under development. We included visual features to help users when doing the validation or editing the text.</text></passage><passage><infon key="section_type">CONCL</infon><infon key="type">paragraph</infon><offset>16646</offset><text>As future steps, we envision some important upgrades:</text></passage><passage><infon key="section_type">CONCL</infon><infon key="type">paragraph</infon><offset>16700</offset><text>‒ Ability to export translations into TMX and TXML formats, since they are standard in the localization industry;</text></passage><passage><infon key="section_type">CONCL</infon><infon key="type">paragraph</infon><offset>16816</offset><text>‒ Ability to flag different unit of measurements in translation (e.g., pounds to kilograms), since the numbers need to be converted accordingly;</text></passage><passage><infon key="section_type">CONCL</infon><infon key="type">paragraph</infon><offset>16963</offset><text>‒ Include a voting scheme for rollback of manual edits and a “annotation” weight according to the mother tongue of the annotator. In addition, a similar approach for quality assurance as proposed by could be used, by establishing a score for annotators as well as for annotations;</text></passage><passage><infon key="section_type">CONCL</infon><infon key="type">paragraph</infon><offset>17250</offset><text>‒ Develop an additional view to allow annotation transfer between source and target languages.</text></passage><passage><infon key="section_type">CONCL</infon><infon key="type">paragraph</infon><offset>17347</offset><text>The last upgrade, related to annotation transfer, can be extremely helpful to create multilingual annotated datasets by leveraging existing annotations in one language. For instance, one could use annotations already made in a document in English to transfer those annotations to a translated text, making annotation quicker and less expensive.</text></passage><passage><infon key="section_type">CONCL</infon><infon key="type">footnote</infon><offset>17692</offset><text>Authors’ Contribution</text></passage><passage><infon key="section_type">CONCL</infon><infon key="type">footnote</infon><offset>17716</offset><text>Conceptualization: FS, RR. Data curation: RR. Formal analysis: FS. Funding acquisition: MS. Methodology: FS. Writing - original draft: FS, RR, MS. Writing - review &amp; editing: MS.</text></passage><passage><infon key="section_type">CONCL</infon><infon key="type">footnote</infon><offset>17895</offset><text>Conflicts of Interest</text></passage><passage><infon key="section_type">CONCL</infon><infon key="type">footnote</infon><offset>17917</offset><text>No potential conflict of interest relevant to this article was reported. </text></passage><passage><infon key="section_type">SUPPL</infon><infon key="type">title_1</infon><offset>17991</offset><text>Supplementary Materials</text></passage><passage><infon key="section_type">SUPPL</infon><infon key="type">paragraph</infon><offset>18015</offset><text> Supplementary data including one table can be found with this article online at http://www.genominfo.org.</text></passage><passage><infon key="section_type">REF</infon><infon key="type">title</infon><offset>18122</offset><text>References</text></passage><passage><infon key="name_0">surname:Gordin;given-names:MD</infon><infon key="section_type">REF</infon><infon key="source">Scientific Babel: How Science Was Done before and after Global English</infon><infon key="type">ref</infon><infon key="year">2015</infon><offset>18133</offset></passage><passage><infon key="fpage">11</infon><infon key="name_0">surname:Hutchins;given-names:JW</infon><infon key="section_type">REF</infon><infon key="source">Comput Aided Transl Theor Pract</infon><infon key="type">ref</infon><infon key="volume">13</infon><infon key="year">2007</infon><offset>18134</offset><text>Machine translation: a concise history</text></passage><passage><infon key="name_0">surname:Hutchins;given-names:JW</infon><infon key="section_type">REF</infon><infon key="source">Early Years in Machine Translation: Memoirs and Biographies of Pioneers</infon><infon key="type">ref</infon><infon key="year">2000</infon><offset>18173</offset></passage><passage><infon key="comment">The 1966 ALPAC report and its consequences. In: Machine Translation (Poibeau T, ed.). Cambridge: MIT Press, 2017. pp. 75-89</infon><infon key="name_0">surname:Poibeau;given-names:T</infon><infon key="section_type">REF</infon><infon key="type">ref</infon><offset>18174</offset></passage><passage><infon key="comment">Preprint at http://arxiv.org/abs/1901.01122 (2018)</infon><infon key="name_0">surname:Garg;given-names:A</infon><infon key="name_1">surname:Agarwal;given-names:M</infon><infon key="section_type">REF</infon><infon key="type">ref</infon><offset>18175</offset><text>Machine translation: a literature review</text></passage><passage><infon key="fpage">159</infon><infon key="lpage">165</infon><infon key="name_0">surname:Okpor;given-names:MD</infon><infon key="section_type">REF</infon><infon key="source">Int J Comput Sci Issues</infon><infon key="type">ref</infon><infon key="volume">11</infon><infon key="year">2014</infon><offset>18216</offset><text>Machine translation approaches: issues and challenges</text></passage><passage><infon key="comment">Preprint at http://arxiv.org/abs/1409.0473 (2014)</infon><infon key="name_0">surname:Bahdanau;given-names:D</infon><infon key="name_1">surname:Cho;given-names:K</infon><infon key="name_2">surname:Bengio;given-names:Y</infon><infon key="section_type">REF</infon><infon key="type">ref</infon><offset>18270</offset><text>Neural machine translation by jointly learning to align and translate</text></passage><passage><infon key="fpage">25</infon><infon key="lpage">40</infon><infon key="name_0">surname:Cheng;given-names:Y</infon><infon key="section_type">REF</infon><infon key="source">Joint Training for Neural Machine Translation</infon><infon key="type">ref</infon><infon key="year">2019</infon><offset>18340</offset></passage><passage><infon key="fpage">69</infon><infon key="lpage">80</infon><infon key="name_0">surname:Apter;given-names:E</infon><infon key="section_type">REF</infon><infon key="source">Global South</infon><infon key="type">ref</infon><infon key="volume">1</infon><infon key="year">2007</infon><offset>18341</offset><text>Translation-9/11: terrorism, immigration, and the world of global language politics</text></passage><passage><infon key="comment">In: Proceedings of the ACL-IJCNLP 2009 Conference Short Papers (Su KY, Su J, Wiebe J, Li H, eds.), 2009 Aug 4, Singapore. Stroudsburg: Association for Computational Linguistics, 2009. pp. 133-136</infon><infon key="name_0">surname:Rapp;given-names:R</infon><infon key="section_type">REF</infon><infon key="type">ref</infon><offset>18425</offset><text>The back-translation score: automatic MT evaluation at the sentence level without reference translations</text></passage><passage><infon key="fpage">366K</infon><infon key="name_0">surname:Neveol;given-names:A</infon><infon key="name_1">surname:Zweigenbaum;given-names:P</infon><infon key="name_2">surname:Max;given-names:A</infon><infon key="name_3">surname:Yvon;given-names:F</infon><infon key="name_4">surname:Ivanishcheva;given-names:Y</infon><infon key="name_5">surname:Ravaud;given-names:P</infon><infon key="section_type">REF</infon><infon key="source">Training</infon><infon key="type">ref</infon><infon key="volume">15</infon><infon key="year">2013</infon><offset>18530</offset><text>Statistical machine translation of systematic reviews into French</text></passage><passage><infon key="comment">In: Proceedings of the Tenth International Conference on Language Resources and Evaluation (LREC’16), 2016 May, Portoroz, Slovenia. Paris: European Language Resources Association, 2016. pp. 2942-2948</infon><infon key="name_0">surname:Neves;given-names:M</infon><infon key="name_1">surname:Yepes;given-names:AJ</infon><infon key="name_2">surname:Neveol;given-names:A</infon><infon key="section_type">REF</infon><infon key="type">ref</infon><offset>18596</offset><text>The scielo corpus: a parallel corpus of scientific publications for biomedicine</text></passage><passage><infon key="comment">Preprint at http://arxiv.org/abs/1905.01855 (2018)</infon><infon key="name_0">surname:Soares;given-names:F</infon><infon key="name_1">surname:Becker;given-names:K</infon><infon key="section_type">REF</infon><infon key="type">ref</infon><offset>18676</offset><text>UFRGS participation on the WMT Biomedical Translation Shared Task</text></passage><passage><infon key="comment">Preprint at http://arxiv.org/abs/1906.05786 (2019)</infon><infon key="name_0">surname:Saunders;given-names:D</infon><infon key="name_1">surname:Stahlberg;given-names:F</infon><infon key="name_2">surname:Byrne;given-names:B</infon><infon key="section_type">REF</infon><infon key="type">ref</infon><offset>18742</offset><text>UCAM biomedical translation at WMT19: transfer learning multi-domain ensembles</text></passage><passage><infon key="comment">In: Proceedings of the Fourth Conference on Machine Translation (Volume 3: Shared Task Papers, Day 2) (Bojar O, Chatterjee R, Federmann C, Fishel M, Graham Y, Haddow B, et al., eds.), 2019 Aug 1-2, Florence, Italy. Stroudsburg: Association for Computational Linguistics, 2019. pp. 175-178</infon><infon key="name_0">surname:Soares;given-names:F</infon><infon key="name_1">surname:Krallinger;given-names:M</infon><infon key="section_type">REF</infon><infon key="type">ref</infon><offset>18821</offset><text>BSC participation in the WMT translation of biomedical abstracts</text></passage><passage><infon key="comment">In: Proceedings of the Fourth Conference on Machine Translation (Volume 3: Shared Task Papers, Day 2) (Bojar O, Chatterjee R, Federmann C, Fishel M, Graham Y, Haddow B, et al., eds.), 2019 Aug 1-2, Florence, Italy. Stroudsburg: Association for Computational Linguistics, 2019. pp. 164-168</infon><infon key="name_0">surname:Peng;given-names:W</infon><infon key="name_1">surname:Liu;given-names:J</infon><infon key="name_2">surname:Li;given-names:L</infon><infon key="name_3">surname:Liu;given-names:Q</infon><infon key="section_type">REF</infon><infon key="type">ref</infon><offset>18886</offset><text>Huawei’s NMT systems for the WMT 2019 Biomedical Translation Task</text></passage><passage><infon key="comment">In: Proceedings of the 40th Annual Meeting on Association for Computational Linguistics, 2002 Jul 6-12, Philadelphia, PA. Stroudsburg: Association for Computational Linguistics, 2002. pp. 311-318</infon><infon key="name_0">surname:Papineni;given-names:K</infon><infon key="name_1">surname:Roukos;given-names:S</infon><infon key="name_2">surname:Ward;given-names:T</infon><infon key="name_3">surname:Zhu;given-names:WJ</infon><infon key="section_type">REF</infon><infon key="type">ref</infon><offset>18954</offset><text>BLEU: a method for automatic evaluation of machine translation</text></passage><passage><infon key="comment">In: Proceedings of MT Summit XIV Workshop on Post-Editing Technology and Practice (O’Brien S, Simard M, Specia L, eds.), 2013 Sep 2, Nice, France. Allschwil: European Association for Machin Translation, 2013. pp. 63-71</infon><infon key="name_0">surname:Daems;given-names:J</infon><infon key="name_1">surname:Macken;given-names:L</infon><infon key="name_2">surname:Vandepitte;given-names:S</infon><infon key="section_type">REF</infon><infon key="type">ref</infon><offset>19017</offset><text>Quality as the sum of its parts: a two-step approach for the identification of translation problems and translation quality assessment for HT and MT+PE</text></passage><passage><infon key="name_0">surname:Esselink;given-names:B</infon><infon key="section_type">REF</infon><infon key="source">A Practical Guide to Localization: Language International World Directory</infon><infon key="type">ref</infon><infon key="year">2000</infon><offset>19169</offset></passage><passage><infon key="comment">In: 2009 IEEE International Symposium on Parallel &amp; Distributed Processing, 2009 May 23-29, Rome, Italy. New York: Institute of Electrical and Electronics Engineers, 2009</infon><infon key="name_0">surname:Beberg;given-names:AL</infon><infon key="name_1">surname:Ensign;given-names:DL</infon><infon key="name_2">surname:Jayachandran;given-names:G</infon><infon key="name_3">surname:Khaliq;given-names:S</infon><infon key="name_4">surname:Pande;given-names:VS</infon><infon key="section_type">REF</infon><infon key="type">ref</infon><offset>19170</offset><text>Folding@home: lessons from eight years of volunteer distributed computing</text></passage><passage><infon key="fpage">56</infon><infon key="lpage">61</infon><infon key="name_0">surname:Anderson;given-names:DP</infon><infon key="name_1">surname:Cobb;given-names:J</infon><infon key="name_2">surname:Korpela;given-names:E</infon><infon key="name_3">surname:Lebofsky;given-names:M</infon><infon key="name_4">surname:Werthimer;given-names:D</infon><infon key="pub-id_pmid">12238525</infon><infon key="section_type">REF</infon><infon key="source">Commun ACM</infon><infon key="type">ref</infon><infon key="volume">45</infon><infon key="year">2002</infon><offset>19244</offset><text>SETI@home: an experiment in public-resource computing</text></passage><passage><infon key="comment">In: Proceedings of the Ninth International Conference on Language Resources and Evaluation (LREC’14), 2014 May, Reykjavik, Iceland. Paris: European Language Resources Association, 2014. pp. 859-866</infon><infon key="name_0">surname:Sabou;given-names:M</infon><infon key="name_1">surname:Bontcheva;given-names:K</infon><infon key="name_2">surname:Derczynski;given-names:L</infon><infon key="name_3">surname:Scharl;given-names:A</infon><infon key="section_type">REF</infon><infon key="type">ref</infon><offset>19298</offset><text>Corpus annotation through crowdsourcing: towards best practice guidelines</text></passage><passage><infon key="fpage">449</infon><infon key="lpage">464</infon><infon key="name_0">surname:Bontcheva;given-names:K</infon><infon key="name_1">surname:Derczynski;given-names:L</infon><infon key="name_2">surname:Roberts;given-names:I</infon><infon key="section_type">REF</infon><infon key="source">Crowdsourcing named entity recognition and entity linking corpora. In: Handbook of Linguistic Annotation (Ide N, Pustejovsky J, eds.)</infon><infon key="type">ref</infon><infon key="year">2017</infon><offset>19372</offset></passage><passage><infon key="fpage">449</infon><infon key="lpage">464</infon><infon key="name_0">surname:Jurgens;given-names:D</infon><infon key="name_1">surname:Navigli;given-names:R</infon><infon key="section_type">REF</infon><infon key="source">Trans Assoc Comput Linguist</infon><infon key="type">ref</infon><infon key="volume">2</infon><infon key="year">2014</infon><offset>19373</offset><text>It’s all fun and games until someone annotates: video games with a purpose for linguistic annotation</text></passage><passage><infon key="comment">In: Proceedings of the 23rd ACM International Conference on Conference on Information and Knowledge Management (CIKM ’14), 2014 Nov, Sanghai, China. New York: Association for Computing Machinery, 2014. pp. 1469-1478</infon><infon key="name_0">surname:Rokicki;given-names:M</infon><infon key="name_1">surname:Chelaru;given-names:S</infon><infon key="name_2">surname:Zerr;given-names:S</infon><infon key="name_3">surname:Siersdorfer;given-names:S</infon><infon key="section_type">REF</infon><infon key="type">ref</infon><offset>19476</offset><text>Competitive game designs for improving the cost effectiveness of crowdsourcing</text></passage><passage><infon key="comment">In: 2013 IEEE International Games Innovation Conference (IGIC), 2013 Sep 23-25, Vancouver, BC, Canada. New York: Institute of Electrical and Electronics Engineers, 2013</infon><infon key="name_0">surname:Munezero;given-names:M</infon><infon key="name_1">surname:Kakkonen;given-names:T</infon><infon key="name_2">surname:Sedano;given-names:CI</infon><infon key="name_3">surname:Sutinen;given-names:E</infon><infon key="name_4">surname:Montero;given-names:CS</infon><infon key="section_type">REF</infon><infon key="type">ref</infon><offset>19555</offset><text>EmotionExpert: Facebook game for crowdsourcing annotations for emotion detection</text></passage><passage><infon key="comment">In: Proceedings of the 9th ACM International Conference on Web Search and Data Mining (WSDM ’16), 2016 Feb 22-25, San Francisco, CA, USA. New York: Association for Computing Machinery, 2016. pp. 63-72</infon><infon key="name_0">surname:Chen;given-names:N</infon><infon key="name_1">surname:Hoi;given-names:SC</infon><infon key="name_2">surname:Li;given-names:S</infon><infon key="name_3">surname:Xiao;given-names:X</infon><infon key="section_type">REF</infon><infon key="type">ref</infon><offset>19636</offset><text>Mobile app tagging</text></passage><passage><infon key="comment">In: Proceedings of the 49th Annual Meeting of the Association for Computational Linguistics: Human Language Technologies, Vol. 1, 2011 Jun 19-24, Portland, OR, USA. Stroudsburg: Association for Computational Linguistics, 2011. pp. 1220-1229</infon><infon key="name_0">surname:Zaidan;given-names:OF</infon><infon key="name_1">surname:Callison-Burch;given-names:C</infon><infon key="section_type">REF</infon><infon key="type">ref</infon><offset>19655</offset><text>Crowdsourcing translation: professional quality from non-professionals</text></passage><passage><infon key="comment">In: Proceedings of the ACM 2012 Conference on Computer Supported Cooperative Work, 2012 Feb 11-15, Seattle, WA, USA. New York: Association for Computing Machinery, 2012. pp. 1191-1194</infon><infon key="name_0">surname:Ambati;given-names:V</infon><infon key="name_1">surname:Vogel;given-names:S</infon><infon key="name_2">surname:Carbonell;given-names:J</infon><infon key="section_type">REF</infon><infon key="type">ref</infon><offset>19726</offset><text>Collaborative workflow for crowdsourcing translation</text></passage><passage><infon key="file">gi-2020-18-2-e21f1.jpg</infon><infon key="id">f1-gi-2020-18-2-e21</infon><infon key="section_type">FIG</infon><infon key="type">fig_caption</infon><offset>19779</offset><text>Interface for translation evaluation. Users can flag the translation as adequate (i.e., Like) or edit the proposed translation using the links in the Actions column.</text></passage><passage><infon key="file">gi-2020-18-2-e21f2.jpg</infon><infon key="id">f2-gi-2020-18-2-e21</infon><infon key="section_type">FIG</infon><infon key="type">fig_caption</infon><offset>19945</offset><text>Interface for translation editions Users can edit the proposed translation to make corrections on mistranslations or terminology adequacy. The prototype also shows suggested translations from terms matched in a dictionary, aiming at providing terminology consistency.</text></passage><passage><infon key="file">t1-gi-2020-18-2-e21.xml</infon><infon key="id">t1-gi-2020-18-2-e21</infon><infon key="section_type">TABLE</infon><infon key="type">table_caption</infon><offset>20213</offset><text>Machine translation performance in biomedical article abstract translation and Cochrane reviews</text></passage><passage><infon key="file">t1-gi-2020-18-2-e21.xml</infon><infon key="id">t1-gi-2020-18-2-e21</infon><infon key="section_type">TABLE</infon><infon key="type">table</infon><infon key="xml">&lt;?xml version=&quot;1.0&quot; encoding=&quot;UTF-8&quot;?&gt;
&lt;table frame=&quot;hsides&quot; rules=&quot;groups&quot;&gt;&lt;thead&gt;&lt;tr&gt;&lt;th valign=&quot;top&quot; rowspan=&quot;1&quot; colspan=&quot;1&quot;&gt;Reference&lt;/th&gt;&lt;th valign=&quot;top&quot; align=&quot;center&quot; rowspan=&quot;1&quot; colspan=&quot;1&quot;&gt;Language pair&lt;/th&gt;&lt;th valign=&quot;top&quot; align=&quot;center&quot; rowspan=&quot;1&quot; colspan=&quot;1&quot;&gt;Score (%)&lt;/th&gt;&lt;/tr&gt;&lt;/thead&gt;&lt;tbody&gt;&lt;tr&gt;&lt;td valign=&quot;middle&quot; rowspan=&quot;1&quot; colspan=&quot;1&quot;&gt;Neveol et al. (2013) &lt;xref rid=&quot;b11-gi-2020-18-2-e21&quot; ref-type=&quot;bibr&quot;&gt;11&lt;/xref&gt;&lt;/td&gt;&lt;td valign=&quot;top&quot; align=&quot;left&quot; rowspan=&quot;1&quot; colspan=&quot;1&quot;&gt;English → French Cochrane Reviews&lt;/td&gt;&lt;td valign=&quot;top&quot; align=&quot;left&quot; rowspan=&quot;1&quot; colspan=&quot;1&quot;&gt;BLEU: 40&lt;/td&gt;&lt;/tr&gt;&lt;tr&gt;&lt;td valign=&quot;middle&quot; rowspan=&quot;1&quot; colspan=&quot;1&quot;&gt;Neves et al. (2016) &lt;xref rid=&quot;b12-gi-2020-18-2-e21&quot; ref-type=&quot;bibr&quot;&gt;12&lt;/xref&gt;&lt;/td&gt;&lt;td valign=&quot;top&quot; align=&quot;left&quot; rowspan=&quot;1&quot; colspan=&quot;1&quot;&gt;English → Portuguese&lt;/td&gt;&lt;td valign=&quot;top&quot; align=&quot;left&quot; rowspan=&quot;1&quot; colspan=&quot;1&quot;&gt;BLEU: 33.37&lt;/td&gt;&lt;/tr&gt;&lt;tr&gt;&lt;td valign=&quot;top&quot; rowspan=&quot;1&quot; colspan=&quot;1&quot;/&gt;&lt;td valign=&quot;top&quot; align=&quot;left&quot; rowspan=&quot;1&quot; colspan=&quot;1&quot;&gt;English → Spanish&lt;/td&gt;&lt;td valign=&quot;top&quot; align=&quot;left&quot; rowspan=&quot;1&quot; colspan=&quot;1&quot;&gt;BLEU: 31.11&lt;/td&gt;&lt;/tr&gt;&lt;tr&gt;&lt;td valign=&quot;middle&quot; rowspan=&quot;1&quot; colspan=&quot;1&quot;&gt;Soares et al. (2018) &lt;xref rid=&quot;b13-gi-2020-18-2-e21&quot; ref-type=&quot;bibr&quot;&gt;13&lt;/xref&gt;&lt;/td&gt;&lt;td valign=&quot;top&quot; align=&quot;left&quot; rowspan=&quot;1&quot; colspan=&quot;1&quot;&gt;English → Portuguese&lt;/td&gt;&lt;td valign=&quot;top&quot; align=&quot;left&quot; rowspan=&quot;1&quot; colspan=&quot;1&quot;&gt;BLEU: 48.51&lt;/td&gt;&lt;/tr&gt;&lt;tr&gt;&lt;td valign=&quot;top&quot; rowspan=&quot;1&quot; colspan=&quot;1&quot;/&gt;&lt;td valign=&quot;top&quot; align=&quot;left&quot; rowspan=&quot;1&quot; colspan=&quot;1&quot;&gt;English → Spanish&lt;/td&gt;&lt;td valign=&quot;top&quot; align=&quot;left&quot; rowspan=&quot;1&quot; colspan=&quot;1&quot;&gt;BLEU: 37.93&lt;/td&gt;&lt;/tr&gt;&lt;tr&gt;&lt;td valign=&quot;middle&quot; rowspan=&quot;1&quot; colspan=&quot;1&quot;&gt;Saunders et al. (2019) &lt;xref rid=&quot;b14-gi-2020-18-2-e21&quot; ref-type=&quot;bibr&quot;&gt;14&lt;/xref&gt;&lt;/td&gt;&lt;td valign=&quot;top&quot; align=&quot;left&quot; rowspan=&quot;1&quot; colspan=&quot;1&quot;&gt;English → Spanish&lt;/td&gt;&lt;td valign=&quot;top&quot; align=&quot;left&quot; rowspan=&quot;1&quot; colspan=&quot;1&quot;&gt;BLEU: 48.93&lt;/td&gt;&lt;/tr&gt;&lt;tr&gt;&lt;td valign=&quot;middle&quot; rowspan=&quot;1&quot; colspan=&quot;1&quot;&gt;Soares and Krallinger (2019) &lt;xref rid=&quot;b15-gi-2020-18-2-e21&quot; ref-type=&quot;bibr&quot;&gt;15&lt;/xref&gt;&lt;/td&gt;&lt;td valign=&quot;top&quot; align=&quot;left&quot; rowspan=&quot;1&quot; colspan=&quot;1&quot;&gt;English → Portuguese&lt;/td&gt;&lt;td valign=&quot;top&quot; align=&quot;left&quot; rowspan=&quot;1&quot; colspan=&quot;1&quot;&gt;BLEU: 49.51&lt;/td&gt;&lt;/tr&gt;&lt;tr&gt;&lt;td valign=&quot;top&quot; rowspan=&quot;1&quot; colspan=&quot;1&quot;/&gt;&lt;td valign=&quot;top&quot; align=&quot;left&quot; rowspan=&quot;1&quot; colspan=&quot;1&quot;&gt;English → Spanish&lt;/td&gt;&lt;td valign=&quot;top&quot; align=&quot;left&quot; rowspan=&quot;1&quot; colspan=&quot;1&quot;&gt;BLEU: 47.01&lt;/td&gt;&lt;/tr&gt;&lt;tr&gt;&lt;td valign=&quot;middle&quot; rowspan=&quot;1&quot; colspan=&quot;1&quot;&gt;Peng et al. (2019) &lt;xref rid=&quot;b16-gi-2020-18-2-e21&quot; ref-type=&quot;bibr&quot;&gt;16&lt;/xref&gt;&lt;/td&gt;&lt;td valign=&quot;top&quot; align=&quot;left&quot; rowspan=&quot;1&quot; colspan=&quot;1&quot;&gt;English → German&lt;/td&gt;&lt;td valign=&quot;top&quot; align=&quot;left&quot; rowspan=&quot;1&quot; colspan=&quot;1&quot;&gt;BLEU: 35.26&lt;/td&gt;&lt;/tr&gt;&lt;tr&gt;&lt;td valign=&quot;top&quot; rowspan=&quot;1&quot; colspan=&quot;1&quot;/&gt;&lt;td valign=&quot;top&quot; align=&quot;left&quot; rowspan=&quot;1&quot; colspan=&quot;1&quot;&gt;English → French&lt;/td&gt;&lt;td valign=&quot;top&quot; align=&quot;left&quot; rowspan=&quot;1&quot; colspan=&quot;1&quot;&gt;BLEU: 38.29&lt;/td&gt;&lt;/tr&gt;&lt;tr&gt;&lt;td valign=&quot;top&quot; rowspan=&quot;1&quot; colspan=&quot;1&quot;/&gt;&lt;td valign=&quot;top&quot; align=&quot;left&quot; rowspan=&quot;1&quot; colspan=&quot;1&quot;&gt;English → Chinese&lt;/td&gt;&lt;td valign=&quot;top&quot; align=&quot;left&quot; rowspan=&quot;1&quot; colspan=&quot;1&quot;&gt;BLEU: 37.09&lt;/td&gt;&lt;/tr&gt;&lt;/tbody&gt;&lt;/table&gt;
</infon><offset>20309</offset><text>Reference	Language pair	Score (%)	 	Neveol et al. (2013) 	English → French Cochrane Reviews	BLEU: 40	 	Neves et al. (2016) 	English → Portuguese	BLEU: 33.37	 		English → Spanish	BLEU: 31.11	 	Soares et al. (2018) 	English → Portuguese	BLEU: 48.51	 		English → Spanish	BLEU: 37.93	 	Saunders et al. (2019) 	English → Spanish	BLEU: 48.93	 	Soares and Krallinger (2019) 	English → Portuguese	BLEU: 49.51	 		English → Spanish	BLEU: 47.01	 	Peng et al. (2019) 	English → German	BLEU: 35.26	 		English → French	BLEU: 38.29	 		English → Chinese	BLEU: 37.09	 	</text></passage><passage><infon key="file">t1-gi-2020-18-2-e21.xml</infon><infon key="id">t1-gi-2020-18-2-e21</infon><infon key="section_type">TABLE</infon><infon key="type">table_footnote</infon><offset>20884</offset><text>For years 2018 and 2019, metrics refer to the WMT challenge of the respective years.</text></passage></document></collection>
