<?xml version="1.0" encoding="UTF-8"?>
<!DOCTYPE collection SYSTEM "BioC.dtd">
<collection><source>PMC</source><date>20210423</date><key>pmc.key</key><document><id>7367969</id><infon key="license">CC BY-NC</infon><passage><infon key="article-id_doi">10.1007/s13555-020-00416-5</infon><infon key="article-id_pmc">7367969</infon><infon key="article-id_pmid">32638223</infon><infon key="article-id_publisher-id">416</infon><infon key="fpage">815</infon><infon key="issue">4</infon><infon key="kwd">Crowdsource HealthTree IL-17 Ixekizumab Multiple myeloma Patient empowerment Psoriasis Systemic therapy</infon><infon key="license">This article is licensed under a Creative Commons Attribution-NonCommercial 4.0 International License, which permits any non-commercial use, sharing, adaptation, distribution and reproduction in any medium or format, as long as you give appropriate credit to the original author(s) and the source, provide a link to the Creative Commons licence, and indicate if changes were made. The images or other third party material in this article are included in the article's Creative Commons licence, unless indicated otherwise in a credit line to the material. If material is not included in the article's Creative Commons licence and your intended use is not permitted by statutory regulation or exceeds the permitted use, you will need to obtain permission directly from the copyright holder. To view a copy of this licence, visit http://creativecommons.org/licenses/by-nc/4.0/.</infon><infon key="lpage">827</infon><infon key="name_0">surname:Jin;given-names:Joy Q.</infon><infon key="name_1">surname:Ahlstrom;given-names:Jenny M.</infon><infon key="name_2">surname:Sweeney;given-names:Nathan W.</infon><infon key="name_3">surname:Liao;given-names:Wilson</infon><infon key="section_type">TITLE</infon><infon key="title">Keywords</infon><infon key="type">front</infon><infon key="volume">10</infon><infon key="year">2020</infon><offset>0</offset><text>Clinical Characteristics of 18 Patients with Psoriasis and Multiple Myeloma Identified Through Digital Health Crowdsourcing</text></passage><passage><infon key="section_type">ABSTRACT</infon><infon key="type">abstract</infon><offset>124</offset><text>Psoriasis is a skin condition that affects over 100 million people worldwide, while multiple myeloma (MM) accounts for 10% of all hematologic malignancies in the US. There has been limited research on the intersection of psoriasis and MM, and clinicians often face difficult decisions in treating patients diagnosed with both conditions. For instance, the management of psoriasis with systemic immunotherapies in MM patients can be challenging because of concern about immunosuppression and possible worsening of MM. Online crowdsourcing platforms have recently become innovative tools that can actively empower patients in scientific research by enabling the contribution of health data. One such platform, HealthTree®, helps MM patients find optimal myeloma treatments and has registered &gt; 6000 patients, many of whom have uploaded medical records and genetic profiles. By taking advantage of patient health data available on HealthTree, researchers can gain a greater understanding of the clinical characteristics and treatment responses of patients diagnosed with psoriasis and MM. In this case series, we first report a psoriasis and MM patient treated with the IL-17 inhibitor ixekizumab who demonstrated a temporary, 2-month improvement in MM biomarkers (M-protein, kappa, and kappa:lambda ratio). We then report on the clinical characteristics of 18 patients with verified profiles on HealthTree indicating concurrent psoriasis and MM conditions. We surveyed gender, age, psoriasis type, psoriasis treatment history, myeloma type, myeloma genetic features, and myeloma association with bone damage, hypercalcemia, or osteopenia. Four patients were treated with systemic immunomodulators for psoriasis, with responses suggesting that these therapies did not worsen MM progression. Our results validate crowdsourcing as a way to assess patient demographics and treatment responses for use in dermatology research. We examine the demographics of patients diagnosed with psoriasis and MM and investigate the use of systemic immunomodulators for treatment of psoriasis in MM patients.</text></passage><passage><infon key="section_type">ABSTRACT</infon><infon key="type">abstract_title_1</infon><offset>2213</offset><text>Electronic supplementary material</text></passage><passage><infon key="section_type">ABSTRACT</infon><infon key="type">abstract</infon><offset>2247</offset><text>The online version of this article (10.1007/s13555-020-00416-5) contains supplementary material, which is available to authorized users.</text></passage><passage><infon key="section_type">CONCL</infon><infon key="type">title_1</infon><offset>2384</offset><text>Key Summary Points</text></passage><passage><infon key="file">Taba.xml</infon><infon key="id">Taba</infon><infon key="section_type">TABLE</infon><infon key="type">table</infon><infon key="xml">&lt;?xml version=&quot;1.0&quot; encoding=&quot;UTF-8&quot;?&gt;
&lt;table frame=&quot;hsides&quot; rules=&quot;groups&quot;&gt;&lt;tbody&gt;&lt;tr&gt;&lt;td align=&quot;left&quot;&gt;&lt;bold&gt;Why carry out this study?&lt;/bold&gt;&lt;/td&gt;&lt;/tr&gt;&lt;tr&gt;&lt;td align=&quot;left&quot;&gt;There has been limited research on the intersection of psoriasis and multiple myeloma (MM), and providers often face difficult decisions in treating patients diagnosed with both conditions&lt;/td&gt;&lt;/tr&gt;&lt;tr&gt;&lt;td align=&quot;left&quot;&gt;Interleukin-17 (IL-17) has been identified as a cytokine that promotes both psoriasis and MM; however, the use of IL-17 inhibitors in patients with MM has not been examined&lt;/td&gt;&lt;/tr&gt;&lt;tr&gt;&lt;td align=&quot;left&quot;&gt;By crowdsourcing patient health data using the HealthTree platform, we can gain a greater understanding of the clinical characteristics and treatment responses of patients diagnosed with both psoriasis and MM&lt;/td&gt;&lt;/tr&gt;&lt;tr&gt;&lt;td align=&quot;left&quot;&gt;&lt;bold&gt;What was learned from the study?&lt;/bold&gt;&lt;/td&gt;&lt;/tr&gt;&lt;tr&gt;&lt;td align=&quot;left&quot;&gt;We identified a patient with psoriasis and active MM who was treated with the IL-17 inhibitor ixekizumab and who then experienced a transient reduction in her MM serologic markers&lt;/td&gt;&lt;/tr&gt;&lt;tr&gt;&lt;td align=&quot;left&quot;&gt;To further study psoriasis and MM, we identified 18 patients on HealthTree, a MM crowdsourcing platform. We analyzed information on gender, age, psoriasis type and treatment history, myeloma type and genetic features, and myeloma association with bone damage, hypercalcemia, or osteopenia&lt;/td&gt;&lt;/tr&gt;&lt;tr&gt;&lt;td align=&quot;left&quot;&gt;Among the 18 subjects, 4 patients were treated with a systemic immunomodulator for psoriasis with no obvious worsening of MM progression&lt;/td&gt;&lt;/tr&gt;&lt;/tbody&gt;&lt;/table&gt;
</infon><offset>2403</offset><text>Why carry out this study?	 	There has been limited research on the intersection of psoriasis and multiple myeloma (MM), and providers often face difficult decisions in treating patients diagnosed with both conditions	 	Interleukin-17 (IL-17) has been identified as a cytokine that promotes both psoriasis and MM; however, the use of IL-17 inhibitors in patients with MM has not been examined	 	By crowdsourcing patient health data using the HealthTree platform, we can gain a greater understanding of the clinical characteristics and treatment responses of patients diagnosed with both psoriasis and MM	 	What was learned from the study?	 	We identified a patient with psoriasis and active MM who was treated with the IL-17 inhibitor ixekizumab and who then experienced a transient reduction in her MM serologic markers	 	To further study psoriasis and MM, we identified 18 patients on HealthTree, a MM crowdsourcing platform. We analyzed information on gender, age, psoriasis type and treatment history, myeloma type and genetic features, and myeloma association with bone damage, hypercalcemia, or osteopenia	 	Among the 18 subjects, 4 patients were treated with a systemic immunomodulator for psoriasis with no obvious worsening of MM progression	 	</text></passage><passage><infon key="section_type">INTRO</infon><infon key="type">title_1</infon><offset>3656</offset><text>Introduction</text></passage><passage><infon key="section_type">INTRO</infon><infon key="type">paragraph</infon><offset>3669</offset><text>Traditionally, patients have been difficult to engage in clinical research and analysis. However, online crowdsourcing platforms have become innovative tools that can empower and actively engage patients in the research process by enabling the contribution of health data, ideas, and observations. Platforms such as CureTogether and Citizen Pscientist have enrolled thousands of patients to generate de-identified patient data for clinical study. The recently launched HealthTree® platform, an online ecosystem that helps multiple myeloma patients find their best myeloma treatments and accelerate research toward a cure, has registered &gt; 6000 patients, many of whom have uploaded verified medical records and genetic profiles.</text></passage><passage><infon key="section_type">INTRO</infon><infon key="type">paragraph</infon><offset>4398</offset><text>To date, there has been limited research on the intersection between psoriasis and multiple myeloma (MM), and providers often face difficult decisions in treating patients diagnosed with both conditions. Psoriasis is a chronic inflammatory skin disease that is estimated to affect &gt; 100 million people worldwide. MM accounts for 10% of all hematologic malignancies, with &gt; 30,000 new cases diagnosed in the US each year. Although there are many effective systemic treatments for psoriasis, including therapies targeting tumor necrosis factor α (TNF-α), interleukin 17 (IL-17), and interleukin 23 (IL-23), the use of systemic agents in patients with malignancies is controversial because of concerns of immunosuppression and potential cancer progression. This is particularly true for hematologic malignancies, in which elevated rates of lymphoma in patients receiving anti-TNF agents have been reported.</text></passage><passage><infon key="section_type">INTRO</infon><infon key="type">paragraph</infon><offset>5310</offset><text>Here, we present a case series analyzing the deidentified health data of 18 patients enrolled in HealthTree who were diagnosed with psoriasis and MM. The study results indicate that medical research can be greatly enhanced by crowdsourcing patient health data via online platforms, especially for intersecting patient populations such as those diagnosed with both MM and psoriasis. Our findings provide further insight for the management of systemic psoriatic therapies in patients with existing myeloma. Consent for publication was received from the index patient; the digitally crowdsourced patient data were determined to be exempt by the Western Institutional Review Board (IRB) under exemption code 45 CFR § 46.104(d)(2). This case report was conducted according to the principles of good clinical practice guidelines ICH GCP and according to the ethical principles of the Declaration of Helsinki.</text></passage><passage><infon key="section_type">CASE</infon><infon key="type">title_1</infon><offset>6214</offset><text>Case Presentations</text></passage><passage><infon key="section_type">CASE</infon><infon key="type">title_2</infon><offset>6233</offset><text>Index Case</text></passage><passage><infon key="section_type">CASE</infon><infon key="type">paragraph</infon><offset>6244</offset><text>We first evaluated Patient 1, a 52-year-old female with a 30-year history of guttate psoriasis without psoriatic arthritis. Her psoriasis was generally well managed with topical therapy (clobetasol and hydrocortisone creams) and heliotherapy.</text></passage><passage><infon key="section_type">CASE</infon><infon key="type">paragraph</infon><offset>6487</offset><text>At age 43, Patient 1 was diagnosed with Durie-Salmon stage 3A IgG kappa MM, with genetic profiling showing trisomy 9 and 11, tetrasomy 15, and a t(14;20) translocation. She was found to have diffuse osteolytic lesions throughout the body, and subsequently underwent dexamethasone, cisplatin, doxorubicin, cyclophosphamide and etoposide (D-PACE) and bortezomib, thalidomide, and dexamethasone (VTD) chemotherapy treatment. Tandem autologous stem cell transplantation (ASCT) was performed, followed by a year of maintenance therapy with VTD and an additional year with dexamethasone, after which Patient 1 achieved a complete remission (CR) approximately 1 year after initial MM diagnosis. Dexamethasone maintenance was started immediately for 1 year, and the patient remained in stringent CR with consistent monitoring.</text></passage><passage><infon key="section_type">CASE</infon><infon key="type">paragraph</infon><offset>7308</offset><text>However, at age 48, despite no evidence of active myeloma on imaging, bone marrow biopsy showed 5% presence of plasma cells, which is at the borderline level for MM recurrence. Osteoporosis-preventing infusions were subsequently administered every 3 months and markers were closely tracked for the following 4 years; M-protein and serum markers (e.g., albumin, creatinine) remained stable, and no acute findings or evidence of active disease progression was noted.</text></passage><passage><infon key="file">13555_2020_416_Fig1_HTML.jpg</infon><infon key="id">Fig1</infon><infon key="section_type">FIG</infon><infon key="type">fig_caption</infon><offset>7775</offset><text>Myeloma markers for Patient 1. Standard myeloma prognostic laboratory tests, including M-protein, kappa free light chain (FLC), and kappa/lambda FLC ratio were tracked across the ixekizumab treatment start and end date. The double arrows indicate the period of ixekizumab treatment from September 2019 to December 2019</text></passage><passage><infon key="section_type">CASE</infon><infon key="type">paragraph</infon><offset>8094</offset><text>At age 52, Patient 1 was noted to have a sharp increase in MM biomarkers, including kappa and urine paraprotein. She also developed a psoriatic flare with lesions noted on the posterior neck, right lower abdomen, and chest. There was mild scaling and induration of psoriatic lesions, and she was prescribed topical creams and started on ixekizumab therapy. Ixekizumab was selected based on its established efficacy in psoriasis and studies suggesting a pathogenic role for IL-17 in the progression of MM. Twelve days after the first loading dose injection of ixekizumab, the patient developed urticarial wheals appearing on the abdomen, trunk, and head and neck. This eruption resolved after a 1-week course of prednisone 40 mg and fexofenadine. In the patient’s first MM biomarker assessment after the start of ixekizumab, drops in her kappa:lambda ratio, kappa free light chain, and M-protein levels were observed (Fig. 1). A further decrease in these clinical markers was found in a second assessment 2 weeks later. Thereafter, these markers fluctuated in a range below the highest peak. The patient reported minimal efficacy of ixekizumab for her psoriasis and thus decided to discontinue use after 2 months.</text></passage><passage><infon key="section_type">CASE</infon><infon key="type">title_2</infon><offset>9313</offset><text>Case Series Using Digital Crowdsourcing</text></passage><passage><infon key="file">Tab1.xml</infon><infon key="id">Tab1</infon><infon key="section_type">TABLE</infon><infon key="type">table_caption</infon><offset>9353</offset><text>Psoriasis characteristics among survey respondents</text></passage><passage><infon key="file">Tab1.xml</infon><infon key="id">Tab1</infon><infon key="section_type">TABLE</infon><infon key="type">table</infon><infon key="xml">&lt;?xml version=&quot;1.0&quot; encoding=&quot;UTF-8&quot;?&gt;
&lt;table frame=&quot;hsides&quot; rules=&quot;groups&quot;&gt;&lt;thead&gt;&lt;tr&gt;&lt;th align=&quot;left&quot;/&gt;&lt;th align=&quot;left&quot;&gt;Gender&lt;/th&gt;&lt;th align=&quot;left&quot;&gt;Age (years)&lt;/th&gt;&lt;th align=&quot;left&quot;&gt;Physician confirmed&lt;/th&gt;&lt;th align=&quot;left&quot;&gt;Age at onset&lt;/th&gt;&lt;th align=&quot;left&quot;&gt;Type&lt;/th&gt;&lt;th align=&quot;left&quot;&gt;Current BSA (%)&lt;/th&gt;&lt;th align=&quot;left&quot;&gt;Maximum BSA (%)&lt;/th&gt;&lt;th align=&quot;left&quot;&gt;Current treatment(s)&lt;/th&gt;&lt;th align=&quot;left&quot;&gt;Prior treatment(s)&lt;/th&gt;&lt;th align=&quot;left&quot;&gt;Psoriasis treatment improved MM&lt;/th&gt;&lt;th align=&quot;left&quot;&gt;Psoriasis treatment worsened MM&lt;/th&gt;&lt;/tr&gt;&lt;/thead&gt;&lt;tbody&gt;&lt;tr&gt;&lt;td align=&quot;left&quot;&gt;Patient 1&lt;/td&gt;&lt;td align=&quot;left&quot;&gt;&lt;italic&gt;F&lt;/italic&gt;&lt;/td&gt;&lt;td char=&quot;.&quot; align=&quot;char&quot;&gt;&lt;italic&gt;52&lt;/italic&gt;&lt;/td&gt;&lt;td align=&quot;left&quot;&gt;&lt;italic&gt;Yes&lt;/italic&gt;&lt;/td&gt;&lt;td char=&quot;.&quot; align=&quot;char&quot;&gt;&lt;italic&gt;22&lt;/italic&gt;&lt;/td&gt;&lt;td align=&quot;left&quot;&gt;&lt;italic&gt;Guttate&lt;/italic&gt;&lt;/td&gt;&lt;td char=&quot;.&quot; align=&quot;char&quot;&gt;&lt;italic&gt;&amp;lt; 1&lt;/italic&gt;&lt;/td&gt;&lt;td char=&quot;.&quot; align=&quot;char&quot;&gt;&lt;italic&gt;&amp;lt; 1&lt;/italic&gt;&lt;/td&gt;&lt;td align=&quot;left&quot;&gt;&lt;italic&gt;Ixekizumab&lt;/italic&gt;&lt;/td&gt;&lt;td align=&quot;left&quot;&gt;&lt;italic&gt;Topical steroids, heliotherapy, tar&lt;/italic&gt;&lt;/td&gt;&lt;td align=&quot;left&quot;&gt;&lt;italic&gt;Yes (2&lt;/italic&gt; &lt;italic&gt;months)&lt;/italic&gt;&lt;/td&gt;&lt;td align=&quot;left&quot;&gt;&lt;italic&gt;No&lt;/italic&gt;&lt;/td&gt;&lt;/tr&gt;&lt;tr&gt;&lt;td align=&quot;left&quot;&gt;Patient 2&lt;/td&gt;&lt;td align=&quot;left&quot;&gt;M&lt;/td&gt;&lt;td char=&quot;.&quot; align=&quot;char&quot;&gt;47&lt;/td&gt;&lt;td align=&quot;left&quot;&gt;Yes&lt;/td&gt;&lt;td char=&quot;.&quot; align=&quot;char&quot;&gt;45&lt;/td&gt;&lt;td align=&quot;left&quot;&gt;Unsure&lt;/td&gt;&lt;td char=&quot;.&quot; align=&quot;char&quot;&gt;&amp;lt; 1&lt;/td&gt;&lt;td char=&quot;.&quot; align=&quot;char&quot;&gt;&amp;lt; 1&lt;/td&gt;&lt;td align=&quot;left&quot;&gt;Tacrolimus&lt;/td&gt;&lt;td align=&quot;left&quot;&gt;Topical steroids&lt;/td&gt;&lt;td align=&quot;left&quot;&gt;No&lt;/td&gt;&lt;td align=&quot;left&quot;&gt;No&lt;/td&gt;&lt;/tr&gt;&lt;tr&gt;&lt;td align=&quot;left&quot;&gt;Patient 3&lt;/td&gt;&lt;td align=&quot;left&quot;&gt;M&lt;/td&gt;&lt;td char=&quot;.&quot; align=&quot;char&quot;&gt;58&lt;/td&gt;&lt;td align=&quot;left&quot;&gt;Yes&lt;/td&gt;&lt;td align=&quot;left&quot;&gt;Unsure&lt;/td&gt;&lt;td align=&quot;left&quot;&gt;Unsure&lt;/td&gt;&lt;td char=&quot;.&quot; align=&quot;char&quot;&gt;&amp;lt; 1&lt;/td&gt;&lt;td align=&quot;left&quot;&gt;1–5&lt;/td&gt;&lt;td align=&quot;left&quot;&gt;Ketoconazole&lt;/td&gt;&lt;td align=&quot;left&quot;&gt;None&lt;/td&gt;&lt;td align=&quot;left&quot;&gt;No&lt;/td&gt;&lt;td align=&quot;left&quot;&gt;Unsure&lt;/td&gt;&lt;/tr&gt;&lt;tr&gt;&lt;td align=&quot;left&quot;&gt;Patient 4&lt;/td&gt;&lt;td align=&quot;left&quot;&gt;F&lt;/td&gt;&lt;td char=&quot;.&quot; align=&quot;char&quot;&gt;64&lt;/td&gt;&lt;td align=&quot;left&quot;&gt;Yes&lt;/td&gt;&lt;td char=&quot;.&quot; align=&quot;char&quot;&gt;62&lt;/td&gt;&lt;td align=&quot;left&quot;&gt;Inverse, Palm/Sole, Plaque&lt;/td&gt;&lt;td align=&quot;left&quot;&gt;1–5&lt;/td&gt;&lt;td char=&quot;.&quot; align=&quot;char&quot;&gt;&amp;gt; 5&lt;/td&gt;&lt;td align=&quot;left&quot;&gt;UVB phototherapy&lt;/td&gt;&lt;td align=&quot;left&quot;&gt;Topical steroids&lt;/td&gt;&lt;td align=&quot;left&quot;&gt;Unsure&lt;/td&gt;&lt;td align=&quot;left&quot;&gt;Unsure&lt;/td&gt;&lt;/tr&gt;&lt;tr&gt;&lt;td align=&quot;left&quot;&gt;Patient 5&lt;/td&gt;&lt;td align=&quot;left&quot;&gt;M&lt;/td&gt;&lt;td char=&quot;.&quot; align=&quot;char&quot;&gt;64&lt;/td&gt;&lt;td align=&quot;left&quot;&gt;Yes&lt;/td&gt;&lt;td char=&quot;.&quot; align=&quot;char&quot;&gt;20&lt;/td&gt;&lt;td align=&quot;left&quot;&gt;Unsure&lt;/td&gt;&lt;td char=&quot;.&quot; align=&quot;char&quot;&gt;&amp;lt; 1&lt;/td&gt;&lt;td align=&quot;left&quot;&gt;1–5&lt;/td&gt;&lt;td align=&quot;left&quot;&gt;Topical steroids, SCT&lt;/td&gt;&lt;td align=&quot;left&quot;&gt;Tar, topical steroids, UVB phototherapy&lt;/td&gt;&lt;td align=&quot;left&quot;&gt;No&lt;/td&gt;&lt;td align=&quot;left&quot;&gt;No&lt;/td&gt;&lt;/tr&gt;&lt;tr&gt;&lt;td align=&quot;left&quot;&gt;Patient 6&lt;/td&gt;&lt;td align=&quot;left&quot;&gt;&lt;italic&gt;F&lt;/italic&gt;&lt;/td&gt;&lt;td char=&quot;.&quot; align=&quot;char&quot;&gt;&lt;italic&gt;72&lt;/italic&gt;&lt;/td&gt;&lt;td align=&quot;left&quot;&gt;&lt;italic&gt;Yes&lt;/italic&gt;&lt;/td&gt;&lt;td char=&quot;.&quot; align=&quot;char&quot;&gt;&lt;italic&gt;60&lt;/italic&gt;&lt;/td&gt;&lt;td align=&quot;left&quot;&gt;&lt;italic&gt;Unsure&lt;/italic&gt;&lt;/td&gt;&lt;td char=&quot;.&quot; align=&quot;char&quot;&gt;&lt;italic&gt;&amp;gt; 5&lt;/italic&gt;&lt;/td&gt;&lt;td char=&quot;.&quot; align=&quot;char&quot;&gt;&lt;italic&gt;&amp;gt; 5&lt;/italic&gt;&lt;/td&gt;&lt;td align=&quot;left&quot;&gt;&lt;italic&gt;Apremilast&lt;/italic&gt;&lt;/td&gt;&lt;td align=&quot;left&quot;&gt;&lt;italic&gt;Topical steroids, secukinumab, adalimumab, ibuprofen, methotrexate, UVB phototherapy&lt;/italic&gt;&lt;/td&gt;&lt;td align=&quot;left&quot;&gt;&lt;italic&gt;No&lt;/italic&gt;&lt;/td&gt;&lt;td align=&quot;left&quot;&gt;&lt;italic&gt;No&lt;/italic&gt;&lt;/td&gt;&lt;/tr&gt;&lt;tr&gt;&lt;td align=&quot;left&quot;&gt;Patient 7&lt;/td&gt;&lt;td align=&quot;left&quot;&gt;M&lt;/td&gt;&lt;td char=&quot;.&quot; align=&quot;char&quot;&gt;69&lt;/td&gt;&lt;td align=&quot;left&quot;&gt;Yes&lt;/td&gt;&lt;td char=&quot;.&quot; align=&quot;char&quot;&gt;25&lt;/td&gt;&lt;td align=&quot;left&quot;&gt;Palm/Sole&lt;/td&gt;&lt;td align=&quot;left&quot;&gt;1–5&lt;/td&gt;&lt;td char=&quot;.&quot; align=&quot;char&quot;&gt;&amp;gt; 5&lt;/td&gt;&lt;td align=&quot;left&quot;&gt;Topical steroids&lt;/td&gt;&lt;td align=&quot;left&quot;&gt;None&lt;/td&gt;&lt;td align=&quot;left&quot;&gt;No&lt;/td&gt;&lt;td align=&quot;left&quot;&gt;No&lt;/td&gt;&lt;/tr&gt;&lt;tr&gt;&lt;td align=&quot;left&quot;&gt;Patient 8&lt;/td&gt;&lt;td align=&quot;left&quot;&gt;M&lt;/td&gt;&lt;td char=&quot;.&quot; align=&quot;char&quot;&gt;66&lt;/td&gt;&lt;td align=&quot;left&quot;&gt;Yes&lt;/td&gt;&lt;td char=&quot;.&quot; align=&quot;char&quot;&gt;35&lt;/td&gt;&lt;td align=&quot;left&quot;&gt;Plaque&lt;/td&gt;&lt;td char=&quot;.&quot; align=&quot;char&quot;&gt;&amp;lt; 1&lt;/td&gt;&lt;td align=&quot;left&quot;&gt;1–5&lt;/td&gt;&lt;td align=&quot;left&quot;&gt;None&lt;/td&gt;&lt;td align=&quot;left&quot;&gt;Topical steroids&lt;/td&gt;&lt;td align=&quot;left&quot;&gt;Unsure&lt;/td&gt;&lt;td align=&quot;left&quot;&gt;Unsure&lt;/td&gt;&lt;/tr&gt;&lt;tr&gt;&lt;td align=&quot;left&quot;&gt;Patient 9&lt;/td&gt;&lt;td align=&quot;left&quot;&gt;F&lt;/td&gt;&lt;td char=&quot;.&quot; align=&quot;char&quot;&gt;67&lt;/td&gt;&lt;td align=&quot;left&quot;&gt;Yes&lt;/td&gt;&lt;td char=&quot;.&quot; align=&quot;char&quot;&gt;20&lt;/td&gt;&lt;td align=&quot;left&quot;&gt;Guttate&lt;/td&gt;&lt;td char=&quot;.&quot; align=&quot;char&quot;&gt;&amp;lt; 1&lt;/td&gt;&lt;td align=&quot;left&quot;&gt;1–5&lt;/td&gt;&lt;td align=&quot;left&quot;&gt;Tar&lt;/td&gt;&lt;td align=&quot;left&quot;&gt;Tar, ketoconazole&lt;/td&gt;&lt;td align=&quot;left&quot;&gt;Unsure&lt;/td&gt;&lt;td align=&quot;left&quot;&gt;Unsure&lt;/td&gt;&lt;/tr&gt;&lt;tr&gt;&lt;td align=&quot;left&quot;&gt;Patient 10&lt;/td&gt;&lt;td align=&quot;left&quot;&gt;&lt;italic&gt;F&lt;/italic&gt;&lt;/td&gt;&lt;td char=&quot;.&quot; align=&quot;char&quot;&gt;&lt;italic&gt;66&lt;/italic&gt;&lt;/td&gt;&lt;td align=&quot;left&quot;&gt;&lt;italic&gt;Yes&lt;/italic&gt;&lt;/td&gt;&lt;td char=&quot;.&quot; align=&quot;char&quot;&gt;&lt;italic&gt;56&lt;/italic&gt;&lt;/td&gt;&lt;td align=&quot;left&quot;&gt;&lt;italic&gt;Plaque&lt;/italic&gt;&lt;/td&gt;&lt;td char=&quot;.&quot; align=&quot;char&quot;&gt;&lt;italic&gt;&amp;lt; 1&lt;/italic&gt;&lt;/td&gt;&lt;td align=&quot;left&quot;&gt;&lt;italic&gt;Unsure&lt;/italic&gt;&lt;/td&gt;&lt;td align=&quot;left&quot;&gt;&lt;italic&gt;Ustekinumab&lt;/italic&gt;&lt;/td&gt;&lt;td align=&quot;left&quot;&gt;&lt;italic&gt;Topical steroids&lt;/italic&gt;&lt;/td&gt;&lt;td align=&quot;left&quot;&gt;&lt;italic&gt;No&lt;/italic&gt;&lt;/td&gt;&lt;td align=&quot;left&quot;&gt;&lt;italic&gt;No&lt;/italic&gt;&lt;/td&gt;&lt;/tr&gt;&lt;tr&gt;&lt;td align=&quot;left&quot;&gt;Patient 11&lt;/td&gt;&lt;td align=&quot;left&quot;&gt;M&lt;/td&gt;&lt;td char=&quot;.&quot; align=&quot;char&quot;&gt;61&lt;/td&gt;&lt;td align=&quot;left&quot;&gt;Yes&lt;/td&gt;&lt;td char=&quot;.&quot; align=&quot;char&quot;&gt;36&lt;/td&gt;&lt;td align=&quot;left&quot;&gt;Plaque&lt;/td&gt;&lt;td align=&quot;left&quot;&gt;1–5&lt;/td&gt;&lt;td char=&quot;.&quot; align=&quot;char&quot;&gt;&amp;gt; 5&lt;/td&gt;&lt;td align=&quot;left&quot;&gt;None&lt;/td&gt;&lt;td align=&quot;left&quot;&gt;Topical steroids, tar, UVB phototherapy&lt;/td&gt;&lt;td align=&quot;left&quot;&gt;Unsure&lt;/td&gt;&lt;td align=&quot;left&quot;&gt;Unsure&lt;/td&gt;&lt;/tr&gt;&lt;tr&gt;&lt;td align=&quot;left&quot;&gt;Patient 12&lt;/td&gt;&lt;td align=&quot;left&quot;&gt;M&lt;/td&gt;&lt;td char=&quot;.&quot; align=&quot;char&quot;&gt;68&lt;/td&gt;&lt;td align=&quot;left&quot;&gt;Yes&lt;/td&gt;&lt;td char=&quot;.&quot; align=&quot;char&quot;&gt;40&lt;/td&gt;&lt;td align=&quot;left&quot;&gt;Plaque&lt;/td&gt;&lt;td align=&quot;left&quot;&gt;1–5&lt;/td&gt;&lt;td char=&quot;.&quot; align=&quot;char&quot;&gt;&amp;gt; 5&lt;/td&gt;&lt;td align=&quot;left&quot;&gt;Topical steroids&lt;/td&gt;&lt;td align=&quot;left&quot;&gt;Topical steroids&lt;/td&gt;&lt;td align=&quot;left&quot;&gt;Yes&lt;/td&gt;&lt;td align=&quot;left&quot;&gt;Unsure&lt;/td&gt;&lt;/tr&gt;&lt;tr&gt;&lt;td align=&quot;left&quot;&gt;Patient 13&lt;/td&gt;&lt;td align=&quot;left&quot;&gt;F&lt;/td&gt;&lt;td char=&quot;.&quot; align=&quot;char&quot;&gt;70&lt;/td&gt;&lt;td align=&quot;left&quot;&gt;Yes&lt;/td&gt;&lt;td char=&quot;.&quot; align=&quot;char&quot;&gt;45&lt;/td&gt;&lt;td align=&quot;left&quot;&gt;Palm/sole&lt;/td&gt;&lt;td char=&quot;.&quot; align=&quot;char&quot;&gt;&amp;lt; 1&lt;/td&gt;&lt;td char=&quot;.&quot; align=&quot;char&quot;&gt;&amp;lt; 1&lt;/td&gt;&lt;td align=&quot;left&quot;&gt;Topical steroids&lt;/td&gt;&lt;td align=&quot;left&quot;&gt;None&lt;/td&gt;&lt;td align=&quot;left&quot;&gt;No&lt;/td&gt;&lt;td align=&quot;left&quot;&gt;Unsure&lt;/td&gt;&lt;/tr&gt;&lt;tr&gt;&lt;td align=&quot;left&quot;&gt;Patient 14&lt;/td&gt;&lt;td align=&quot;left&quot;&gt;M&lt;/td&gt;&lt;td char=&quot;.&quot; align=&quot;char&quot;&gt;48&lt;/td&gt;&lt;td align=&quot;left&quot;&gt;Yes&lt;/td&gt;&lt;td char=&quot;.&quot; align=&quot;char&quot;&gt;12&lt;/td&gt;&lt;td align=&quot;left&quot;&gt;Plaque&lt;/td&gt;&lt;td char=&quot;.&quot; align=&quot;char&quot;&gt;&amp;lt; 1&lt;/td&gt;&lt;td char=&quot;.&quot; align=&quot;char&quot;&gt;&amp;lt; 1&lt;/td&gt;&lt;td align=&quot;left&quot;&gt;None&lt;/td&gt;&lt;td align=&quot;left&quot;&gt;Non-steroid topics, heliotherapy&lt;/td&gt;&lt;td align=&quot;left&quot;&gt;No&lt;/td&gt;&lt;td align=&quot;left&quot;&gt;No&lt;/td&gt;&lt;/tr&gt;&lt;tr&gt;&lt;td align=&quot;left&quot;&gt;Patient 15&lt;/td&gt;&lt;td align=&quot;left&quot;&gt;M&lt;/td&gt;&lt;td char=&quot;.&quot; align=&quot;char&quot;&gt;65&lt;/td&gt;&lt;td align=&quot;left&quot;&gt;Yes&lt;/td&gt;&lt;td char=&quot;.&quot; align=&quot;char&quot;&gt;37&lt;/td&gt;&lt;td align=&quot;left&quot;&gt;Plaque&lt;/td&gt;&lt;td char=&quot;.&quot; align=&quot;char&quot;&gt;&amp;lt; 1&lt;/td&gt;&lt;td char=&quot;.&quot; align=&quot;char&quot;&gt;&amp;lt; 1&lt;/td&gt;&lt;td align=&quot;left&quot;&gt;None&lt;/td&gt;&lt;td align=&quot;left&quot;&gt;Tar, topical steroids&lt;/td&gt;&lt;td align=&quot;left&quot;&gt;No&lt;/td&gt;&lt;td align=&quot;left&quot;&gt;Unsure&lt;/td&gt;&lt;/tr&gt;&lt;tr&gt;&lt;td align=&quot;left&quot;&gt;Patient 16&lt;/td&gt;&lt;td align=&quot;left&quot;&gt;&lt;italic&gt;M&lt;/italic&gt;&lt;/td&gt;&lt;td char=&quot;.&quot; align=&quot;char&quot;&gt;&lt;italic&gt;59&lt;/italic&gt;&lt;/td&gt;&lt;td align=&quot;left&quot;&gt;&lt;italic&gt;Yes&lt;/italic&gt;&lt;/td&gt;&lt;td char=&quot;.&quot; align=&quot;char&quot;&gt;&lt;italic&gt;36&lt;/italic&gt;&lt;/td&gt;&lt;td align=&quot;left&quot;&gt;&lt;italic&gt;Plaque&lt;/italic&gt;&lt;/td&gt;&lt;td char=&quot;.&quot; align=&quot;char&quot;&gt;&lt;italic&gt;&amp;lt; 1&lt;/italic&gt;&lt;/td&gt;&lt;td char=&quot;.&quot; align=&quot;char&quot;&gt;&lt;italic&gt;&amp;lt; 1&lt;/italic&gt;&lt;/td&gt;&lt;td align=&quot;left&quot;&gt;&lt;italic&gt;None&lt;/italic&gt;&lt;/td&gt;&lt;td align=&quot;left&quot;&gt;&lt;italic&gt;Certolizumab&lt;/italic&gt;&lt;/td&gt;&lt;td align=&quot;left&quot;&gt;&lt;italic&gt;Unsure&lt;/italic&gt;&lt;/td&gt;&lt;td align=&quot;left&quot;&gt;&lt;italic&gt;No&lt;/italic&gt;&lt;/td&gt;&lt;/tr&gt;&lt;tr&gt;&lt;td align=&quot;left&quot;&gt;Patient 17&lt;/td&gt;&lt;td align=&quot;left&quot;&gt;F&lt;/td&gt;&lt;td char=&quot;.&quot; align=&quot;char&quot;&gt;55&lt;/td&gt;&lt;td align=&quot;left&quot;&gt;Yes&lt;/td&gt;&lt;td char=&quot;.&quot; align=&quot;char&quot;&gt;12&lt;/td&gt;&lt;td align=&quot;left&quot;&gt;Plaque&lt;/td&gt;&lt;td char=&quot;.&quot; align=&quot;char&quot;&gt;&amp;lt; 1&lt;/td&gt;&lt;td align=&quot;left&quot;&gt;1-5&lt;/td&gt;&lt;td align=&quot;left&quot;&gt;None&lt;/td&gt;&lt;td align=&quot;left&quot;&gt;Tar&lt;/td&gt;&lt;td align=&quot;left&quot;&gt;Unsure&lt;/td&gt;&lt;td align=&quot;left&quot;&gt;Unsure&lt;/td&gt;&lt;/tr&gt;&lt;tr&gt;&lt;td align=&quot;left&quot;&gt;Patient 18&lt;/td&gt;&lt;td align=&quot;left&quot;&gt;M&lt;/td&gt;&lt;td char=&quot;.&quot; align=&quot;char&quot;&gt;75&lt;/td&gt;&lt;td align=&quot;left&quot;&gt;Yes&lt;/td&gt;&lt;td char=&quot;.&quot; align=&quot;char&quot;&gt;45&lt;/td&gt;&lt;td align=&quot;left&quot;&gt;Unsure&lt;/td&gt;&lt;td align=&quot;left&quot;&gt;Unsure&lt;/td&gt;&lt;td align=&quot;left&quot;&gt;Unsure&lt;/td&gt;&lt;td align=&quot;left&quot;&gt;Topical steroids&lt;/td&gt;&lt;td align=&quot;left&quot;&gt;Unsure&lt;/td&gt;&lt;td align=&quot;left&quot;&gt;No&lt;/td&gt;&lt;td align=&quot;left&quot;&gt;No&lt;/td&gt;&lt;/tr&gt;&lt;/tbody&gt;&lt;/table&gt;
</infon><offset>9404</offset><text>	Gender	Age (years)	Physician confirmed	Age at onset	Type	Current BSA (%)	Maximum BSA (%)	Current treatment(s)	Prior treatment(s)	Psoriasis treatment improved MM	Psoriasis treatment worsened MM	 	Patient 1	F	52	Yes	22	Guttate	&lt; 1	&lt; 1	Ixekizumab	Topical steroids, heliotherapy, tar	Yes (2 months)	No	 	Patient 2	M	47	Yes	45	Unsure	&lt; 1	&lt; 1	Tacrolimus	Topical steroids	No	No	 	Patient 3	M	58	Yes	Unsure	Unsure	&lt; 1	1–5	Ketoconazole	None	No	Unsure	 	Patient 4	F	64	Yes	62	Inverse, Palm/Sole, Plaque	1–5	&gt; 5	UVB phototherapy	Topical steroids	Unsure	Unsure	 	Patient 5	M	64	Yes	20	Unsure	&lt; 1	1–5	Topical steroids, SCT	Tar, topical steroids, UVB phototherapy	No	No	 	Patient 6	F	72	Yes	60	Unsure	&gt; 5	&gt; 5	Apremilast	Topical steroids, secukinumab, adalimumab, ibuprofen, methotrexate, UVB phototherapy	No	No	 	Patient 7	M	69	Yes	25	Palm/Sole	1–5	&gt; 5	Topical steroids	None	No	No	 	Patient 8	M	66	Yes	35	Plaque	&lt; 1	1–5	None	Topical steroids	Unsure	Unsure	 	Patient 9	F	67	Yes	20	Guttate	&lt; 1	1–5	Tar	Tar, ketoconazole	Unsure	Unsure	 	Patient 10	F	66	Yes	56	Plaque	&lt; 1	Unsure	Ustekinumab	Topical steroids	No	No	 	Patient 11	M	61	Yes	36	Plaque	1–5	&gt; 5	None	Topical steroids, tar, UVB phototherapy	Unsure	Unsure	 	Patient 12	M	68	Yes	40	Plaque	1–5	&gt; 5	Topical steroids	Topical steroids	Yes	Unsure	 	Patient 13	F	70	Yes	45	Palm/sole	&lt; 1	&lt; 1	Topical steroids	None	No	Unsure	 	Patient 14	M	48	Yes	12	Plaque	&lt; 1	&lt; 1	None	Non-steroid topics, heliotherapy	No	No	 	Patient 15	M	65	Yes	37	Plaque	&lt; 1	&lt; 1	None	Tar, topical steroids	No	Unsure	 	Patient 16	M	59	Yes	36	Plaque	&lt; 1	&lt; 1	None	Certolizumab	Unsure	No	 	Patient 17	F	55	Yes	12	Plaque	&lt; 1	1-5	None	Tar	Unsure	Unsure	 	Patient 18	M	75	Yes	45	Unsure	Unsure	Unsure	Topical steroids	Unsure	No	No	 	</text></passage><passage><infon key="file">Tab1.xml</infon><infon key="id">Tab1</infon><infon key="section_type">TABLE</infon><infon key="type">table_foot</infon><offset>11148</offset><text>Survey questions were sent to patients via HealthTree, a platform that allows patients to navigate myeloma over the lifetime of their disease. Rows highlighted in italics indicate the four patients who received systemic therapy for psoriasis treatment</text></passage><passage><infon key="file">Tab1.xml</infon><infon key="id">Tab1</infon><infon key="section_type">TABLE</infon><infon key="type">table_foot</infon><offset>11400</offset><text>BSA, body surface area</text></passage><passage><infon key="file">Tab2.xml</infon><infon key="id">Tab2</infon><infon key="section_type">TABLE</infon><infon key="type">table_caption</infon><offset>11423</offset><text>Myeloma characteristics among survey respondents</text></passage><passage><infon key="file">Tab2.xml</infon><infon key="id">Tab2</infon><infon key="section_type">TABLE</infon><infon key="type">table</infon><infon key="xml">&lt;?xml version=&quot;1.0&quot; encoding=&quot;UTF-8&quot;?&gt;
&lt;table frame=&quot;hsides&quot; rules=&quot;groups&quot;&gt;&lt;thead&gt;&lt;tr&gt;&lt;th align=&quot;left&quot;/&gt;&lt;th align=&quot;left&quot;&gt;Diagnosis&lt;/th&gt;&lt;th align=&quot;left&quot;&gt;Age of diagnosis&lt;/th&gt;&lt;th align=&quot;left&quot;&gt;MM type&lt;/th&gt;&lt;th align=&quot;left&quot;&gt;Genetics (at diagnosis)&lt;/th&gt;&lt;th align=&quot;left&quot;&gt;Genetics (current)&lt;/th&gt;&lt;th align=&quot;left&quot;&gt;Bone damage&lt;/th&gt;&lt;th align=&quot;left&quot;&gt;Hypercalcemia&lt;/th&gt;&lt;th align=&quot;left&quot;&gt;Osteopenia&lt;/th&gt;&lt;/tr&gt;&lt;/thead&gt;&lt;tbody&gt;&lt;tr&gt;&lt;td align=&quot;left&quot;&gt;Patient 1&lt;/td&gt;&lt;td align=&quot;left&quot;&gt;&lt;italic&gt;MM&lt;/italic&gt;&lt;/td&gt;&lt;td char=&quot;.&quot; align=&quot;char&quot;&gt;&lt;italic&gt;43&lt;/italic&gt;&lt;/td&gt;&lt;td align=&quot;left&quot;&gt;&lt;italic&gt;IgG kappa&lt;/italic&gt;&lt;/td&gt;&lt;td align=&quot;left&quot;&gt;&lt;p&gt;&lt;italic&gt;t(14; 20)—10%&lt;/italic&gt;&lt;/p&gt;&lt;p&gt;&lt;italic&gt;Trisomy 9&lt;/italic&gt;&lt;/p&gt;&lt;p&gt;&lt;italic&gt;Trisomy 11&lt;/italic&gt;&lt;/p&gt;&lt;/td&gt;&lt;td align=&quot;left&quot;&gt;&lt;p&gt;&lt;italic&gt;Del(17p)&lt;/italic&gt;&lt;/p&gt;&lt;p&gt;&lt;italic&gt;Del(13q)&lt;/italic&gt;&lt;/p&gt;&lt;p&gt;&lt;italic&gt;Trisomy 11–67%&lt;/italic&gt;&lt;/p&gt;&lt;p&gt;&lt;italic&gt;Tetrasomy 15–74%&lt;/italic&gt;&lt;/p&gt;&lt;p&gt;&lt;italic&gt;Tetrasomy 9–68%&lt;/italic&gt;&lt;/p&gt;&lt;/td&gt;&lt;td align=&quot;left&quot;&gt;&lt;italic&gt;Yes&lt;/italic&gt;&lt;/td&gt;&lt;td align=&quot;left&quot;&gt;&lt;italic&gt;No&lt;/italic&gt;&lt;/td&gt;&lt;td align=&quot;left&quot;&gt;&lt;italic&gt;Yes&lt;/italic&gt;&lt;/td&gt;&lt;/tr&gt;&lt;tr&gt;&lt;td align=&quot;left&quot;&gt;Patient 2&lt;/td&gt;&lt;td align=&quot;left&quot;&gt;Smoldering&lt;/td&gt;&lt;td char=&quot;.&quot; align=&quot;char&quot;&gt;45&lt;/td&gt;&lt;td align=&quot;left&quot;&gt;IgG kappa&lt;/td&gt;&lt;td align=&quot;left&quot;&gt;&lt;p&gt;Del(13q)&lt;/p&gt;&lt;p&gt;Trisomy 3&lt;/p&gt;&lt;p&gt;Trisomy 5&lt;/p&gt;&lt;p&gt;Trisomy 11&lt;/p&gt;&lt;p&gt;CD138—3%&lt;/p&gt;&lt;/td&gt;&lt;td align=&quot;left&quot;&gt;Unsure&lt;/td&gt;&lt;td align=&quot;left&quot;&gt;No&lt;/td&gt;&lt;td align=&quot;left&quot;&gt;No&lt;/td&gt;&lt;td align=&quot;left&quot;&gt;No&lt;/td&gt;&lt;/tr&gt;&lt;tr&gt;&lt;td align=&quot;left&quot;&gt;Patient 3&lt;/td&gt;&lt;td align=&quot;left&quot;&gt;MGUS, MM&lt;/td&gt;&lt;td char=&quot;.&quot; align=&quot;char&quot;&gt;56&lt;/td&gt;&lt;td align=&quot;left&quot;&gt;Unsure&lt;/td&gt;&lt;td align=&quot;left&quot;&gt;&lt;p&gt;Gain 1q21&lt;/p&gt;&lt;p&gt;Trisomy 9&lt;/p&gt;&lt;p&gt;CD138 60%&lt;/p&gt;&lt;/td&gt;&lt;td align=&quot;left&quot;&gt;CD138—5%&lt;/td&gt;&lt;td align=&quot;left&quot;&gt;No&lt;/td&gt;&lt;td align=&quot;left&quot;&gt;No&lt;/td&gt;&lt;td align=&quot;left&quot;&gt;Unsure&lt;/td&gt;&lt;/tr&gt;&lt;tr&gt;&lt;td align=&quot;left&quot;&gt;Patient 4&lt;/td&gt;&lt;td align=&quot;left&quot;&gt;MGUS, smoldering&lt;/td&gt;&lt;td char=&quot;.&quot; align=&quot;char&quot;&gt;63&lt;/td&gt;&lt;td align=&quot;left&quot;&gt;IgM lambda&lt;/td&gt;&lt;td align=&quot;left&quot;&gt;&lt;p&gt;&lt;italic&gt;t(&lt;/italic&gt;14;20)&lt;/p&gt;&lt;p&gt;Trisomy 17&lt;/p&gt;&lt;/td&gt;&lt;td align=&quot;left&quot;&gt;Unsure&lt;/td&gt;&lt;td align=&quot;left&quot;&gt;No&lt;/td&gt;&lt;td align=&quot;left&quot;&gt;No&lt;/td&gt;&lt;td align=&quot;left&quot;&gt;Yes&lt;/td&gt;&lt;/tr&gt;&lt;tr&gt;&lt;td align=&quot;left&quot;&gt;Patient 5&lt;/td&gt;&lt;td align=&quot;left&quot;&gt;Smoldering, MM&lt;/td&gt;&lt;td char=&quot;.&quot; align=&quot;char&quot;&gt;61&lt;/td&gt;&lt;td align=&quot;left&quot;&gt;IgG kappa&lt;/td&gt;&lt;td align=&quot;left&quot;&gt;&lt;p&gt;Gain 1q21&lt;/p&gt;&lt;p&gt;Del(1p)&lt;/p&gt;&lt;p&gt;Del(13q)/monosomy 13&lt;/p&gt;&lt;p&gt;&lt;italic&gt;t(&lt;/italic&gt;14;16)&lt;/p&gt;&lt;/td&gt;&lt;td align=&quot;left&quot;&gt;&lt;p&gt;&lt;italic&gt;t(&lt;/italic&gt;14;16)&lt;/p&gt;&lt;p&gt;&lt;italic&gt;t(&lt;/italic&gt;14;20)&lt;/p&gt;&lt;/td&gt;&lt;td align=&quot;left&quot;&gt;No&lt;/td&gt;&lt;td align=&quot;left&quot;&gt;No&lt;/td&gt;&lt;td align=&quot;left&quot;&gt;No&lt;/td&gt;&lt;/tr&gt;&lt;tr&gt;&lt;td align=&quot;left&quot;&gt;Patient 6&lt;/td&gt;&lt;td align=&quot;left&quot;&gt;&lt;italic&gt;MGUS&lt;/italic&gt;&lt;/td&gt;&lt;td char=&quot;.&quot; align=&quot;char&quot;&gt;&lt;italic&gt;71&lt;/italic&gt;&lt;/td&gt;&lt;td align=&quot;left&quot;&gt;&lt;italic&gt;Unsure&lt;/italic&gt;&lt;/td&gt;&lt;td align=&quot;left&quot;&gt;&lt;italic&gt;Unsure&lt;/italic&gt;&lt;/td&gt;&lt;td align=&quot;left&quot;&gt;&lt;italic&gt;Unsure&lt;/italic&gt;&lt;/td&gt;&lt;td align=&quot;left&quot;&gt;&lt;italic&gt;Unsure&lt;/italic&gt;&lt;/td&gt;&lt;td align=&quot;left&quot;&gt;&lt;italic&gt;Unsure&lt;/italic&gt;&lt;/td&gt;&lt;td align=&quot;left&quot;&gt;&lt;italic&gt;Unsure&lt;/italic&gt;&lt;/td&gt;&lt;/tr&gt;&lt;tr&gt;&lt;td align=&quot;left&quot;&gt;Patient 7&lt;/td&gt;&lt;td align=&quot;left&quot;&gt;MM&lt;/td&gt;&lt;td char=&quot;.&quot; align=&quot;char&quot;&gt;61&lt;/td&gt;&lt;td align=&quot;left&quot;&gt;IgG kappa&lt;/td&gt;&lt;td align=&quot;left&quot;&gt;Unsure&lt;/td&gt;&lt;td align=&quot;left&quot;&gt;Unsure&lt;/td&gt;&lt;td align=&quot;left&quot;&gt;Yes&lt;/td&gt;&lt;td align=&quot;left&quot;&gt;No&lt;/td&gt;&lt;td align=&quot;left&quot;&gt;No&lt;/td&gt;&lt;/tr&gt;&lt;tr&gt;&lt;td align=&quot;left&quot;&gt;Patient 8&lt;/td&gt;&lt;td align=&quot;left&quot;&gt;Smoldering, MM&lt;/td&gt;&lt;td char=&quot;.&quot; align=&quot;char&quot;&gt;62&lt;/td&gt;&lt;td align=&quot;left&quot;&gt;IgA kappa&lt;/td&gt;&lt;td align=&quot;left&quot;&gt;&lt;p&gt;Del(13q)/monosomy 13&lt;/p&gt;&lt;p&gt;Trisomy 15&lt;italic&gt;–&lt;/italic&gt;60%&lt;/p&gt;&lt;p&gt;Trisomy 9&lt;italic&gt;–&lt;/italic&gt;80%&lt;/p&gt;&lt;p&gt;Trisomy 7&lt;italic&gt;–&lt;/italic&gt;60%&lt;/p&gt;&lt;/td&gt;&lt;td align=&quot;left&quot;&gt;Unsure&lt;/td&gt;&lt;td align=&quot;left&quot;&gt;No&lt;/td&gt;&lt;td align=&quot;left&quot;&gt;No&lt;/td&gt;&lt;td align=&quot;left&quot;&gt;No&lt;/td&gt;&lt;/tr&gt;&lt;tr&gt;&lt;td align=&quot;left&quot;&gt;Patient 9&lt;/td&gt;&lt;td align=&quot;left&quot;&gt;MM&lt;/td&gt;&lt;td char=&quot;.&quot; align=&quot;char&quot;&gt;62&lt;/td&gt;&lt;td align=&quot;left&quot;&gt;Unsure&lt;/td&gt;&lt;td align=&quot;left&quot;&gt;&lt;p&gt;Del(13q)/monosomy 13&lt;italic&gt;–&lt;/italic&gt;11%&lt;/p&gt;&lt;p&gt;&lt;italic&gt;t(&lt;/italic&gt;11;14)—16%&lt;/p&gt;&lt;/td&gt;&lt;td align=&quot;left&quot;&gt;Unsure&lt;/td&gt;&lt;td align=&quot;left&quot;&gt;No&lt;/td&gt;&lt;td align=&quot;left&quot;&gt;Yes&lt;/td&gt;&lt;td align=&quot;left&quot;&gt;Yes&lt;/td&gt;&lt;/tr&gt;&lt;tr&gt;&lt;td align=&quot;left&quot;&gt;Patient 10&lt;/td&gt;&lt;td align=&quot;left&quot;&gt;&lt;italic&gt;MGUS&lt;/italic&gt;&lt;/td&gt;&lt;td char=&quot;.&quot; align=&quot;char&quot;&gt;&lt;italic&gt;60&lt;/italic&gt;&lt;/td&gt;&lt;td align=&quot;left&quot;&gt;&lt;italic&gt;IgA kappa&lt;/italic&gt;&lt;/td&gt;&lt;td align=&quot;left&quot;&gt;&lt;italic&gt;Unsure&lt;/italic&gt;&lt;/td&gt;&lt;td align=&quot;left&quot;&gt;&lt;italic&gt;Unsure&lt;/italic&gt;&lt;/td&gt;&lt;td align=&quot;left&quot;&gt;&lt;italic&gt;Unsure&lt;/italic&gt;&lt;/td&gt;&lt;td align=&quot;left&quot;&gt;&lt;italic&gt;Unsure&lt;/italic&gt;&lt;/td&gt;&lt;td align=&quot;left&quot;&gt;&lt;italic&gt;Unsure&lt;/italic&gt;&lt;/td&gt;&lt;/tr&gt;&lt;tr&gt;&lt;td align=&quot;left&quot;&gt;Patient 11&lt;/td&gt;&lt;td align=&quot;left&quot;&gt;MM&lt;/td&gt;&lt;td char=&quot;.&quot; align=&quot;char&quot;&gt;58&lt;/td&gt;&lt;td align=&quot;left&quot;&gt;IgG kappa&lt;/td&gt;&lt;td align=&quot;left&quot;&gt;&lt;p&gt;11;14&lt;/p&gt;&lt;p&gt;Cytoplasmic kappa—6%&lt;/p&gt;&lt;p&gt;CD20&lt;/p&gt;&lt;p&gt;CD138—5%&lt;/p&gt;&lt;/td&gt;&lt;td align=&quot;left&quot;&gt;&lt;italic&gt;t(&lt;/italic&gt;11;14)&lt;/td&gt;&lt;td align=&quot;left&quot;&gt;Yes&lt;/td&gt;&lt;td align=&quot;left&quot;&gt;No&lt;/td&gt;&lt;td align=&quot;left&quot;&gt;No&lt;/td&gt;&lt;/tr&gt;&lt;tr&gt;&lt;td align=&quot;left&quot;&gt;Patient 12&lt;/td&gt;&lt;td align=&quot;left&quot;&gt;MGUS, MM&lt;/td&gt;&lt;td char=&quot;.&quot; align=&quot;char&quot;&gt;62&lt;/td&gt;&lt;td align=&quot;left&quot;&gt;IgG kappa&lt;/td&gt;&lt;td align=&quot;left&quot;&gt;&lt;p&gt;CD38&lt;/p&gt;&lt;p&gt;CD138&lt;/p&gt;&lt;p&gt;Cytoplasmic kappa&lt;/p&gt;&lt;/td&gt;&lt;td align=&quot;left&quot;&gt;Unsure&lt;/td&gt;&lt;td align=&quot;left&quot;&gt;No&lt;/td&gt;&lt;td align=&quot;left&quot;&gt;No&lt;/td&gt;&lt;td align=&quot;left&quot;&gt;Yes&lt;/td&gt;&lt;/tr&gt;&lt;tr&gt;&lt;td align=&quot;left&quot;&gt;Patient 13&lt;/td&gt;&lt;td align=&quot;left&quot;&gt;MM&lt;/td&gt;&lt;td char=&quot;.&quot; align=&quot;char&quot;&gt;47&lt;/td&gt;&lt;td align=&quot;left&quot;&gt;IgA lambda&lt;/td&gt;&lt;td align=&quot;left&quot;&gt;Del(17)—33%&lt;/td&gt;&lt;td align=&quot;left&quot;&gt;Unsure&lt;/td&gt;&lt;td align=&quot;left&quot;&gt;No&lt;/td&gt;&lt;td align=&quot;left&quot;&gt;No&lt;/td&gt;&lt;td align=&quot;left&quot;&gt;No&lt;/td&gt;&lt;/tr&gt;&lt;tr&gt;&lt;td align=&quot;left&quot;&gt;Patient 14&lt;/td&gt;&lt;td align=&quot;left&quot;&gt;MM&lt;/td&gt;&lt;td char=&quot;.&quot; align=&quot;char&quot;&gt;45&lt;/td&gt;&lt;td align=&quot;left&quot;&gt;IgA lambda&lt;/td&gt;&lt;td align=&quot;left&quot;&gt;Unsure&lt;/td&gt;&lt;td align=&quot;left&quot;&gt;Unsure&lt;/td&gt;&lt;td align=&quot;left&quot;&gt;Unsure&lt;/td&gt;&lt;td align=&quot;left&quot;&gt;Unsure&lt;/td&gt;&lt;td align=&quot;left&quot;&gt;Unsure&lt;/td&gt;&lt;/tr&gt;&lt;tr&gt;&lt;td align=&quot;left&quot;&gt;Patient 15&lt;/td&gt;&lt;td align=&quot;left&quot;&gt;Smoldering, MM&lt;/td&gt;&lt;td char=&quot;.&quot; align=&quot;char&quot;&gt;63&lt;/td&gt;&lt;td align=&quot;left&quot;&gt;IgG kappa&lt;/td&gt;&lt;td align=&quot;left&quot;&gt;&lt;italic&gt;t(&lt;/italic&gt;11;14)—17%&lt;/td&gt;&lt;td align=&quot;left&quot;&gt;Unsure&lt;/td&gt;&lt;td align=&quot;left&quot;&gt;Yes&lt;/td&gt;&lt;td align=&quot;left&quot;&gt;No&lt;/td&gt;&lt;td align=&quot;left&quot;&gt;No&lt;/td&gt;&lt;/tr&gt;&lt;tr&gt;&lt;td align=&quot;left&quot;&gt;Patient 16&lt;/td&gt;&lt;td align=&quot;left&quot;&gt;&lt;italic&gt;Smoldering&lt;/italic&gt;&lt;/td&gt;&lt;td char=&quot;.&quot; align=&quot;char&quot;&gt;&lt;italic&gt;46&lt;/italic&gt;&lt;/td&gt;&lt;td align=&quot;left&quot;&gt;&lt;italic&gt;IgG kappa&lt;/italic&gt;&lt;/td&gt;&lt;td align=&quot;left&quot;&gt;&lt;p&gt;&lt;italic&gt;Del(13q)—26%&lt;/italic&gt;&lt;/p&gt;&lt;p&gt;&lt;italic&gt;Trisomy 3, 7&lt;/italic&gt;&lt;/p&gt;&lt;p&gt;&lt;italic&gt;Trisomy 5, 9, 15–93%&lt;/italic&gt;&lt;/p&gt;&lt;/td&gt;&lt;td align=&quot;left&quot;&gt;&lt;p&gt;&lt;italic&gt;Gain 1q21—2%&lt;/italic&gt;&lt;/p&gt;&lt;p&gt;&lt;italic&gt;Del(13q)—26%&lt;/italic&gt;&lt;/p&gt;&lt;/td&gt;&lt;td align=&quot;left&quot;&gt;&lt;italic&gt;No&lt;/italic&gt;&lt;/td&gt;&lt;td align=&quot;left&quot;&gt;&lt;italic&gt;No&lt;/italic&gt;&lt;/td&gt;&lt;td align=&quot;left&quot;&gt;&lt;italic&gt;Yes&lt;/italic&gt;&lt;/td&gt;&lt;/tr&gt;&lt;tr&gt;&lt;td align=&quot;left&quot;&gt;Patient 17&lt;/td&gt;&lt;td align=&quot;left&quot;&gt;MM&lt;/td&gt;&lt;td char=&quot;.&quot; align=&quot;char&quot;&gt;53&lt;/td&gt;&lt;td align=&quot;left&quot;&gt;Unsure&lt;/td&gt;&lt;td align=&quot;left&quot;&gt;&lt;p&gt;Del(17p)&lt;/p&gt;&lt;p&gt;&lt;italic&gt;t(&lt;/italic&gt;11;14)&lt;/p&gt;&lt;p&gt;CD138&lt;/p&gt;&lt;p&gt;CD38&lt;/p&gt;&lt;p&gt;Cytoplasmic kappa—42%&lt;/p&gt;&lt;/td&gt;&lt;td align=&quot;left&quot;&gt;None&lt;/td&gt;&lt;td align=&quot;left&quot;&gt;Yes&lt;/td&gt;&lt;td align=&quot;left&quot;&gt;Yes&lt;/td&gt;&lt;td align=&quot;left&quot;&gt;Yes&lt;/td&gt;&lt;/tr&gt;&lt;tr&gt;&lt;td align=&quot;left&quot;&gt;Patient 18&lt;/td&gt;&lt;td align=&quot;left&quot;&gt;MM&lt;/td&gt;&lt;td char=&quot;.&quot; align=&quot;char&quot;&gt;69&lt;/td&gt;&lt;td align=&quot;left&quot;&gt;IgG kappa&lt;/td&gt;&lt;td align=&quot;left&quot;&gt;&lt;italic&gt;t(&lt;/italic&gt;11;14)&lt;/td&gt;&lt;td align=&quot;left&quot;&gt;&lt;p&gt;&lt;italic&gt;t&lt;/italic&gt;(11;14)—44%&lt;/p&gt;&lt;p&gt;Gain 1q21—30%&lt;/p&gt;&lt;/td&gt;&lt;td align=&quot;left&quot;&gt;No&lt;/td&gt;&lt;td align=&quot;left&quot;&gt;Yes&lt;/td&gt;&lt;td align=&quot;left&quot;&gt;Unsure&lt;/td&gt;&lt;/tr&gt;&lt;/tbody&gt;&lt;/table&gt;
</infon><offset>11472</offset><text>	Diagnosis	Age of diagnosis	MM type	Genetics (at diagnosis)	Genetics (current)	Bone damage	Hypercalcemia	Osteopenia	 	Patient 1	MM	43	IgG kappa	t(14; 20)—10%Trisomy 9Trisomy 11	Del(17p)Del(13q)Trisomy 11–67%Tetrasomy 15–74%Tetrasomy 9–68%	Yes	No	Yes	 	Patient 2	Smoldering	45	IgG kappa	Del(13q)Trisomy 3Trisomy 5Trisomy 11CD138—3%	Unsure	No	No	No	 	Patient 3	MGUS, MM	56	Unsure	Gain 1q21Trisomy 9CD138 60%	CD138—5%	No	No	Unsure	 	Patient 4	MGUS, smoldering	63	IgM lambda	t(14;20)Trisomy 17	Unsure	No	No	Yes	 	Patient 5	Smoldering, MM	61	IgG kappa	Gain 1q21Del(1p)Del(13q)/monosomy 13t(14;16)	t(14;16)t(14;20)	No	No	No	 	Patient 6	MGUS	71	Unsure	Unsure	Unsure	Unsure	Unsure	Unsure	 	Patient 7	MM	61	IgG kappa	Unsure	Unsure	Yes	No	No	 	Patient 8	Smoldering, MM	62	IgA kappa	Del(13q)/monosomy 13Trisomy 15–60%Trisomy 9–80%Trisomy 7–60%	Unsure	No	No	No	 	Patient 9	MM	62	Unsure	Del(13q)/monosomy 13–11%t(11;14)—16%	Unsure	No	Yes	Yes	 	Patient 10	MGUS	60	IgA kappa	Unsure	Unsure	Unsure	Unsure	Unsure	 	Patient 11	MM	58	IgG kappa	11;14Cytoplasmic kappa—6%CD20CD138—5%	t(11;14)	Yes	No	No	 	Patient 12	MGUS, MM	62	IgG kappa	CD38CD138Cytoplasmic kappa	Unsure	No	No	Yes	 	Patient 13	MM	47	IgA lambda	Del(17)—33%	Unsure	No	No	No	 	Patient 14	MM	45	IgA lambda	Unsure	Unsure	Unsure	Unsure	Unsure	 	Patient 15	Smoldering, MM	63	IgG kappa	t(11;14)—17%	Unsure	Yes	No	No	 	Patient 16	Smoldering	46	IgG kappa	Del(13q)—26%Trisomy 3, 7Trisomy 5, 9, 15–93%	Gain 1q21—2%Del(13q)—26%	No	No	Yes	 	Patient 17	MM	53	Unsure	Del(17p)t(11;14)CD138CD38Cytoplasmic kappa—42%	None	Yes	Yes	Yes	 	Patient 18	MM	69	IgG kappa	t(11;14)	t(11;14)—44%Gain 1q21—30%	No	Yes	Unsure	 	</text></passage><passage><infon key="file">Tab2.xml</infon><infon key="id">Tab2</infon><infon key="section_type">TABLE</infon><infon key="type">table_foot</infon><offset>13158</offset><text>Survey questions were sent to patients via HealthTree, a platform that allows patients to navigate myeloma over the lifetime of their disease</text></passage><passage><infon key="section_type">CASE</infon><infon key="type">paragraph</infon><offset>13300</offset><text>To further understand clinical features and treatment responses among patients with both MM and psoriasis, health data crowdsourced on HealthTree were used. A total of 1505 HealthTree enrollees had verified physician diagnoses of myeloma, and psoriasis was present in 4.9% (n = 73) of this population. Surprisingly, psoriasis was one of the most frequent co-morbidities found in the HealthTree myeloma patient population, alongside conditions such as osteopenia, inflammatory bowel disease, and gout. Our questionnaire (Table S1) was administered to HealthTree patients (n = 73) with verified health records showing diagnosis of both psoriasis and MM. The questionnaire yielded 18 complete responses, including from Patient 1 described above. Findings pertaining to psoriasis are summarized in Table 1, while myeloma features are summarized in Table 2. Characteristics evaluated in the questionnaire include gender, current age, age of diagnosis, psoriasis type, psoriasis treatment history, myeloma type and genetic features, and myeloma association with bone damage, hypercalcemia, or osteopenia.</text></passage><passage><infon key="section_type">CASE</infon><infon key="type">paragraph</infon><offset>14409</offset><text>Among respondents, the mean age of psoriasis diagnosis was 35.9 (SD 8.2), while the mean age of myeloma diagnosis was 57.1 (SD 8.6). In most patients, diagnosis of psoriasis occurred well before diagnosis of myeloma (mean difference of 21.2 years). Seven out of 18 respondents identified as female (38.9%), and the most common type of psoriasis diagnosed was plaque (44.4%), followed by palm/sole (16.7%), guttate (11.1%), and inverse (5.6%). Two patients (11.1%) indicated that their psoriasis treatment (topical steroids) had improved their MM, and 33.3% indicated they were uncertain. No patients reported that psoriasis treatment had negatively influenced myeloma progression, and 50% were uncertain. Psoriasis treatments were most commonly topical steroids, followed by tar, phototherapy, heliotherapy, and antifungal or immunosuppressive agents.</text></passage><passage><infon key="section_type">CASE</infon><infon key="type">paragraph</infon><offset>15262</offset><text>Myeloma diagnoses included MM (72.2%), smoldering myeloma (33.3%), and monoclonal gammopathy of undetermined significance (27.8%)—several patients were diagnosed with multiple subtypes. The types of myeloma represented included IgG kappa (50.0%), IgA kappa (11.1%), IgA lambda (11.1%), and IgM lambda (5.6%) as well as 22.2% uncertain. Among respondents, 29.4% reported bone damage (e.g., fracture), 16.7% reported hypercalcemia, and 33.3% reported osteopenia.</text></passage><passage><infon key="section_type">CASE</infon><infon key="type">paragraph</infon><offset>15725</offset><text>Out of all respondents, Patients 1, 6, 10, and 16 had received treatment with systemic therapies: ixekizumab (anti-IL17), apremilast (anti-PDE4), ustekinumab (anti-IL12/IL23), and certolizumab (anti-TNF), respectively. These four patients affirmed that systemic psoriasis treatment did not worsen their initial MM, with two patients demonstrating temporary or unclear improvement in MM control following systemic therapy. No other differences specific to this subgroup of patients were found.</text></passage><passage><infon key="section_type">CASE</infon><infon key="type">paragraph</infon><offset>16218</offset><text>Consent for publication was received from the index patient; the digitally crowdsourced patient data were determined to be exempt by the Western Institutional Review Board (IRB) under exemption code 45 CFR § 46.104(d)(2). This case report was conducted according to the principles of good clinical practice guidelines ICH GCP and according to the ethical principles of the Declaration of Helsinki.</text></passage><passage><infon key="section_type">DISCUSS</infon><infon key="type">title_1</infon><offset>16617</offset><text>Discussion and Conclusions</text></passage><passage><infon key="section_type">DISCUSS</infon><infon key="type">paragraph</infon><offset>16644</offset><text>To our knowledge, no studies have examined the clinical characteristics and treatment of patients diagnosed with both psoriasis and myeloma, prompting our examination of this subpopulation using HealthTree. MM is a hematologic cancer of terminally differentiated plasma cells with an increasing global burden, accounting for approximately 10% of all hematologic malignancies in the US in 2017. Patients present with a distinct set of symptoms indicating monoclonal gammopathy as the cause of end-organ damage, including hypercalcemia, renal insufficiency, anemia, and bone disease with lytic lesions. In combination with these clinical features, a diagnosis is made basedon blood and urine laboratory tests, imaging, and bone marrow aspiration or biopsy. While smoldering myeloma and monoclonal gammopathy of undetermined significance (MGUS) often precede MM, treatment is not typically initiated until disease progresses to MM, a more symptomatic state. Following diagnostic workup and risk stratification, treatment strategy typically involves chemotherapy followed by autologous stem cell transplantation or immunomodulatory maintenance to prevent future MM recurrence. Patients are followed with prognostic markers including M-protein, bone marrow biopsy, and kappa and lambda free light chain (FLC) concentrations to assess for myeloma progression.</text></passage><passage><infon key="section_type">DISCUSS</infon><infon key="type">paragraph</infon><offset>17998</offset><text>Among respondents who did know their myeloma genetic diagnosis, only four subtypes—IgG kappa, IgA kappa, IgA lambda, and IgM lambda—out of ten possible subtypes were represented. The majority of respondents were IgG kappa, which suggests that future research is needed to determine whether patients with certain myeloma subtypes may have a predisposition toward the development of psoriasis, or vice versa.</text></passage><passage><infon key="section_type">DISCUSS</infon><infon key="type">paragraph</infon><offset>18409</offset><text>Our case series gives important insights for patients with a dual diagnosis of psoriasis and MM. Epidemiologic studies have shown that psoriatic patients have elevated risks for the incidence of certain cancers such as lymphoma, possibly due to chronic inflammatory processes. Regarding MM, a study of &gt; 890,000 psoriasis patients and 4.4 million age- and sex-matched controls showed an elevated incidence of MM in psoriasis patients (HR 1.26 [95% CI 1.07–1.48]). Moreover, the use of certain systemic immunotherapies for the management of psoriasis may increase the risk of cancer. For example, use of anti TNF-α biologics has been associated with increased non-melanoma skin cancer rates, particularly for cutaneous squamous cell carcinoma.</text></passage><passage><infon key="section_type">DISCUSS</infon><infon key="type">paragraph</infon><offset>19156</offset><text>Several immunomodulators and biologic therapies for psoriasis currently exist, including but not limited to adalimumab, etanercept, infliximab, certolizumab, tildrakizumab, guselkumab, risankizumab, ustekinumab, brodalumab, ixekizumab, and secukinumab. While the literature has not reported on the use of biologic therapies for the specific management of psoriasis in patients affected by MM, the use of these biologics has been studied in MM patients with other diseases of immune etiology, including Crohn’s disease and rheumatic arthritis. In two case studies of MM patients with Crohn’s disease, neither adalimumab nor infliximab worsened MM symptom severity, while etanercept used for rheumatic arthritis was non-significantly associated with reduced risk of MM in a retrospective case-control study. No other studies examined the use of biologics for psoriasis in patients with MM, pointing to the need for additional research on immunomodulatory biologics in patients with psoriasis and MM.</text></passage><passage><infon key="section_type">DISCUSS</infon><infon key="type">paragraph</infon><offset>20158</offset><text>Our index patient with psoriasis and MM was treated with ixekizumab, an IL-17 inhibitor. IL-17 is a known molecular driver of psoriasis, and recent preclinical research has also implicated the involvement of IL-17 in MM disease progression. For instance, anti-IL-17A human monoclonal antibody (mAb) administration has demonstrated the ability to reduce MM proliferation, growth, and progressive bone damage in mice. In this study, Prabhala et al. demonstrated that anti-IL-17A mAb downregulates MM cell growth by blocking IL-6 production and significantly reducing osteoclast proliferation. Immune-competent mouse studies showed a significant reduction in tumor volume following subcutaneous mAb injection. Earlier studies further elucidated the role of IL-17 production by T-helper 17 (TH17) cells in promoting MM cell growth and contributing to general immune dysfunction. IL-17 leads to myeloma cell colony formation, adhesion to bone marrow stromal cells, and significantly increased growth in vivo in murine xenograft models using MM patient tissue. Interestingly, a recent publication by Duffield et al. indicated that in classical Hodgkin lymphoma the IL-17/IL-23 axis is also key to the ongoing pathogenesis, which is resistant to checkpoint inhibition by existing anti-PD-1 drugs. Therefore, further study of anti-IL-17 biologic use in psoriasis patients with MM, and potentially other hematologic malignancies, is warranted. Our first patient demonstrated temporary improvement in her MM biomarkers after starting ixekizumab, but discontinued ixekizumab after 2 months because of lack of psoriasis efficacy and unclear effect of ixekizumab on her MM biomarkers in the long term. It will be interesting to determine whether IL-17 blockade is beneficial in blocking the progression of these malignancies and whether such therapy can be safely used in the setting of psoriasis or other anti-IL-17 approved conditions such as psoriatic arthritis and ankylosing spondylitis.</text></passage><passage><infon key="section_type">DISCUSS</infon><infon key="type">paragraph</infon><offset>22139</offset><text>HealthTree is a powerful tool that enables the clinical study of health data from myeloma patients who are also diagnosed with other conditions, including psoriasis. This case series is an example of how crowdsourcing can facilitate the easy collection of deidentified clinical data of patients across the globe to enable research and analysis for accelerated treatment findings and practices. For instance, the prevalence of psoriasis and myeloma is between 0.91% and 3.15% in the US, respectively, and the co-occurrence would have been even rarer, but HealthTree allowed us to quickly reach our target demographic for clinical study. This includes the gathering of valuable clinical characteristics—for instance, our study reports that patients generally develop psoriasis much earlier than MM with an average difference of 21.2 years in time of diagnosis, which has implications for close monitoring of psoriasis therapies given new malignant diagnoses.</text></passage><passage><infon key="section_type">DISCUSS</infon><infon key="type">paragraph</infon><offset>23099</offset><text>Our survey results show that among the four patients who had been treated with systemic immunotherapies for psoriasis, none reported the worsening of myeloma during the study period. Encouragingly, two patients indicated a temporary (Patient 1) or unclear (Patient 16) improvement in MM progression as indicated by the prognostic markers described above (M-protein, kappa FLC, and kappa to lambda FLC ratios). Specifically, Patient 1 was treated with ixekizumab, an IL-17 inhibitor, and demonstrated a temporary improvement in her myeloma prognostic markers for 2 months before reverting back to her original trajectory. Therefore, our results warrant further investigation of the use of systemic immunotherapies such as ixekizumab in treating patients with psoriasis and MM.</text></passage><passage><infon key="section_type">DISCUSS</infon><infon key="type">paragraph</infon><offset>23876</offset><text>In conclusion, the analysis of crowdsourced health data through platforms such as HealthTree can yield significant results for treatment of dermatologic conditions such as psoriasis. This case series is the first to examine the clinical characteristics and treatment of patients diagnosed with both psoriasis and MM. Encouraging results from four patients in this study indicate that systemic biologic immunotherapies for psoriasis can potentially be used in individuals with comorbid malignancies such as MM. Further research in this area, particularly the use of anti-IL-17 biologics, should be explored.</text></passage><passage><infon key="section_type">SUPPL</infon><infon key="type">title_1</infon><offset>24483</offset><text>Electronic supplementary material</text></passage><passage><infon key="section_type">SUPPL</infon><infon key="type">paragraph</infon><offset>24517</offset><text>Below is the link to the electronic supplementary material.</text></passage><passage><infon key="section_type">SUPPL</infon><infon key="type">footnote</infon><offset>24577</offset><text>Digital Features</text></passage><passage><infon key="section_type">SUPPL</infon><infon key="type">footnote</infon><offset>24594</offset><text>To view digital features for this article go to 10.6084/m9.figshare.12514808.</text></passage><passage><infon key="section_type">REF</infon><infon key="type">title</infon><offset>24672</offset><text>References</text></passage><passage><infon key="fpage">405</infon><infon key="issue">3</infon><infon key="lpage">423</infon><infon key="name_0">surname:Sanchez;given-names:IM</infon><infon key="name_1">surname:Shankle;given-names:L</infon><infon key="name_2">surname:Wan;given-names:MT</infon><infon key="name_3">surname:Afifi;given-names:L</infon><infon key="name_4">surname:Wu;given-names:JJ</infon><infon key="name_5">surname:Doris;given-names:F</infon><infon key="pub-id_doi">10.1007/s13555-018-0242-5</infon><infon key="section_type">REF</infon><infon key="source">Dermatol Ther [Internet].</infon><infon key="type">ref</infon><infon key="volume">8</infon><infon key="year">2018</infon><offset>24683</offset><text>Building a citizen pscientist: advancing patient-centered psoriasis research by empowering patients as contributors and analysts</text></passage><passage><infon key="section_type">REF</infon><infon key="type">ref</infon><offset>24812</offset><text>The Myeloma Crowd Launches Psoriasis/Multiple Myeloma Study Using Its HealthTree® Platform [Internet]. [cited 2020 May 18]. https://www.prnewswire.com/news-releases/the-myeloma-crowd-launches-psoriasis–multiple-myeloma-study-using-its-healthtree-platform-300929387.html. Accessed 18 May 2020.</text></passage><passage><infon key="fpage">379</infon><infon key="issue">3</infon><infon key="lpage">390</infon><infon key="name_0">surname:Blauvelt;given-names:A</infon><infon key="name_1">surname:Chiricozzi;given-names:A</infon><infon key="pub-id_doi">10.1007/s12016-018-8702-3</infon><infon key="section_type">REF</infon><infon key="source">Clin Rev Allergy Immunol [Internet].</infon><infon key="type">ref</infon><infon key="volume">55</infon><infon key="year">2018</infon><offset>25108</offset><text>The immunologic role of IL-17 in psoriasis and psoriatic arthritis pathogenesis</text></passage><passage><infon key="fpage">548</infon><infon key="issue">5</infon><infon key="lpage">567</infon><infon key="name_0">surname:Rajkumar;given-names:SV</infon><infon key="pub-id_doi">10.1002/ajh.25791</infon><infon key="section_type">REF</infon><infon key="source">Am J Hematol [Internet].</infon><infon key="type">ref</infon><infon key="volume">95</infon><infon key="year">2020</infon><offset>25188</offset><text>Multiple myeloma: 2020 update on diagnosis, risk-stratification and management</text></passage><passage><infon key="fpage">418</infon><infon key="issue">5</infon><infon key="lpage">430</infon><infon key="name_0">surname:Dommasch;given-names:E</infon><infon key="name_1">surname:Gelfand;given-names:JM</infon><infon key="pub-id_doi">10.1111/j.1529-8019.2009.01258.x</infon><infon key="section_type">REF</infon><infon key="source">Dermatol Ther [Internet].</infon><infon key="type">ref</infon><infon key="volume">22</infon><infon key="year">2009</infon><offset>25267</offset><text>Is there truly a risk of lymphoma from biologic therapies?</text></passage><passage><infon key="fpage">1181</infon><infon key="issue">13</infon><infon key="lpage">1189</infon><infon key="name_0">surname:Papp;given-names:KA</infon><infon key="name_1">surname:Leonardi;given-names:C</infon><infon key="name_2">surname:Menter;given-names:A</infon><infon key="name_3">surname:Ortonne;given-names:JP</infon><infon key="name_4">surname:Krueger;given-names:JG</infon><infon key="name_5">surname:Kricorian;given-names:G</infon><infon key="pub-id_doi">10.1056/NEJMoa1109017</infon><infon key="section_type">REF</infon><infon key="source">N Engl J Med [Internet].</infon><infon key="type">ref</infon><infon key="volume">366</infon><infon key="year">2012</infon><offset>25326</offset><text>Brodalumab, an anti-interleukin-17-receptor antibody for psoriasis</text></passage><passage><infon key="fpage">17046</infon><infon key="name_0">surname:Kumar;given-names:SK</infon><infon key="name_1">surname:Rajkumar;given-names:V</infon><infon key="name_2">surname:Kyle;given-names:RA</infon><infon key="name_3">surname:van Duin;given-names:M</infon><infon key="name_4">surname:Sonneveld;given-names:P</infon><infon key="name_5">surname:Mateos;given-names:MV</infon><infon key="pub-id_doi">10.1038/nrdp.2017.46</infon><infon key="section_type">REF</infon><infon key="source">Nat Rev Dis Prim [Internet].</infon><infon key="type">ref</infon><infon key="volume">3</infon><infon key="year">2017</infon><offset>25393</offset><text>Multiple myeloma</text></passage><passage><infon key="fpage">282</infon><infon key="issue">3</infon><infon key="lpage">290</infon><infon key="name_0">surname:Chiesa Fuxench;given-names:ZC</infon><infon key="name_1">surname:Shin;given-names:DB</infon><infon key="name_2">surname:Ogdie Beatty;given-names:A</infon><infon key="name_3">surname:Gelfand;given-names:JM</infon><infon key="pub-id_doi">10.1001/jamadermatol.2015.4847</infon><infon key="section_type">REF</infon><infon key="source">JAMA Dermatol [Internet].</infon><infon key="type">ref</infon><infon key="volume">152</infon><infon key="year">2016</infon><offset>25410</offset><text>The risk of cancer in patients with psoriasis: a population-based cohort study in the health improvement network</text></passage><passage><infon key="fpage">95</infon><infon key="issue">2</infon><infon key="lpage">102</infon><infon key="name_0">surname:Lee;given-names:JH</infon><infon key="name_1">surname:Kim;given-names:HJ</infon><infon key="name_2">surname:Han;given-names:KD</infon><infon key="name_3">surname:Kim;given-names:HN</infon><infon key="name_4">surname:Park;given-names:YM</infon><infon key="name_5">surname:Lee;given-names:JY</infon><infon key="pub-id_doi">10.1111/1346-8138.14698</infon><infon key="section_type">REF</infon><infon key="source">J Dermatol [Internet].</infon><infon key="type">ref</infon><infon key="volume">46</infon><infon key="year">2019</infon><offset>25523</offset><text>Cancer risk in 892 089 patients with psoriasis in Korea: a nationwide population-based cohort study</text></passage><passage><infon key="fpage">632</infon><infon key="issue">4</infon><infon key="lpage">638</infon><infon key="name_0">surname:Asgari;given-names:MM</infon><infon key="name_1">surname:Ray;given-names:GT</infon><infon key="name_2">surname:Geier;given-names:JL</infon><infon key="name_3">surname:Quesenberry;given-names:CP</infon><infon key="pub-id_doi">10.1016/j.jaad.2016.10.006</infon><infon key="section_type">REF</infon><infon key="source">J Am Acad Dermatol [Internet].</infon><infon key="type">ref</infon><infon key="volume">76</infon><infon key="year">2017</infon><offset>25623</offset><text>Malignancy rates in a large cohort of patients with systemically treated psoriasis in a managed care population</text></passage><passage><infon key="fpage">249</infon><infon key="issue">2</infon><infon key="lpage">254</infon><infon key="name_0">surname:Park;given-names:SY</infon><infon key="name_1">surname:Kim;given-names:JM</infon><infon key="name_2">surname:Kang;given-names:HJ</infon><infon key="name_3">surname:Kim;given-names:M</infon><infon key="name_4">surname:Han;given-names:JJ</infon><infon key="name_5">surname:Maeng;given-names:CH</infon><infon key="pub-id_doi">10.5217/ir.2017.15.2.249</infon><infon key="pub-id_pmid">28522957</infon><infon key="section_type">REF</infon><infon key="source">Intest Res.</infon><infon key="type">ref</infon><infon key="volume">15</infon><infon key="year">2017</infon><offset>25735</offset><text>Crohn’s disease and smoldering multiple myeloma: a case report and literature review</text></passage><passage><infon key="fpage">218</infon><infon key="issue">4</infon><infon key="lpage">221</infon><infon key="name_0">surname:Mielke;given-names:F</infon><infon key="name_1">surname:Schweigert;given-names:M</infon><infon key="pub-id_doi">10.1038/ncprheum0761</infon><infon key="pub-id_pmid">18301411</infon><infon key="section_type">REF</infon><infon key="source">Nat Clin Pract Rheumatol.</infon><infon key="type">ref</infon><infon key="volume">4</infon><infon key="year">2008</infon><offset>25822</offset><text>Safe adalimumab therapy for rheumatoid arthritis in a patient with pre-existing multiple myeloma</text></passage><passage><infon key="name_0">surname:Calip;given-names:GS</infon><infon key="name_1">surname:Patel;given-names:PR</infon><infon key="name_2">surname:Sweiss;given-names:K</infon><infon key="name_3">surname:Wu;given-names:Z</infon><infon key="name_4">surname:Zhou;given-names:J</infon><infon key="name_5">surname:Asfaw;given-names:AA</infon><infon key="pub-id_doi">10.1002/ijc.32891</infon><infon key="pub-id_pmid">31997371</infon><infon key="section_type">REF</infon><infon key="source">Int J Cancer.</infon><infon key="type">ref</infon><infon key="year">2020</infon><offset>25919</offset><text>Targets of biologic disease-modifying antirheumatic drugs and risk of multiple myeloma</text></passage><passage><infon key="fpage">5385</infon><infon key="issue">26</infon><infon key="lpage">5392</infon><infon key="name_0">surname:Prabhala;given-names:RH</infon><infon key="name_1">surname:Pelluru;given-names:D</infon><infon key="name_2">surname:Fulciniti;given-names:M</infon><infon key="name_3">surname:Prabhala;given-names:HK</infon><infon key="name_4">surname:Nanjappa;given-names:P</infon><infon key="name_5">surname:Song;given-names:W</infon><infon key="pub-id_doi">10.1182/blood-2009-10-246660</infon><infon key="section_type">REF</infon><infon key="source">Blood [Internet].</infon><infon key="type">ref</infon><infon key="volume">115</infon><infon key="year">2010</infon><offset>26006</offset><text>Elevated IL-17 produced by TH17 cells promotes myeloma cell growth and inhibits immune function in multiple myeloma</text></passage><passage><infon key="fpage">379</infon><infon key="issue">2</infon><infon key="lpage">389</infon><infon key="name_0">surname:Prabhala;given-names:RH</infon><infon key="name_1">surname:Fulciniti;given-names:M</infon><infon key="name_2">surname:Pelluru;given-names:D</infon><infon key="name_3">surname:Rashid;given-names:N</infon><infon key="name_4">surname:Nigroiu;given-names:A</infon><infon key="name_5">surname:Nanjappa;given-names:P</infon><infon key="pub-id_doi">10.1038/leu.2015.228</infon><infon key="section_type">REF</infon><infon key="source">Leukemia [Internet].</infon><infon key="type">ref</infon><infon key="volume">30</infon><infon key="year">2016</infon><offset>26122</offset><text>Targeting IL-17A in multiple myeloma: a potential novel therapeutic approach in myeloma</text></passage><passage><infon key="fpage">1324</infon><infon key="issue">17</infon><infon key="lpage">1334</infon><infon key="name_0">surname:Duffield;given-names:AS</infon><infon key="name_1">surname:Ascierto;given-names:ML</infon><infon key="name_2">surname:Anders;given-names:RA</infon><infon key="name_3">surname:Taube;given-names:JM</infon><infon key="name_4">surname:Meeker;given-names:AK</infon><infon key="name_5">surname:Chen;given-names:S</infon><infon key="pub-id_doi">10.1182/bloodadvances.2017007260</infon><infon key="section_type">REF</infon><infon key="source">Blood Adv [Internet].</infon><infon key="type">ref</infon><infon key="volume">1</infon><infon key="year">2017</infon><offset>26210</offset><text>Th17 immune microenvironment in Epstein-Barr virus-negative Hodgkin lymphoma: implications for immunotherapy</text></passage><passage><infon key="fpage">512</infon><infon key="issue">3</infon><infon key="lpage">516</infon><infon key="name_0">surname:Rachakonda;given-names:TD</infon><infon key="name_1">surname:Schupp;given-names:CW</infon><infon key="name_2">surname:Armstrong;given-names:AW</infon><infon key="pub-id_doi">10.1016/j.jaad.2013.11.013</infon><infon key="section_type">REF</infon><infon key="source">J Am Acad Dermatol [Internet].</infon><infon key="type">ref</infon><infon key="volume">70</infon><infon key="year">2014</infon><offset>26319</offset><text>Psoriasis prevalence among adults in the United States</text></passage></document></collection>
