<?xml version="1.0" encoding="UTF-8"?>
<!DOCTYPE collection SYSTEM "BioC.dtd">
<collection><source>PMC</source><date>20201223</date><key>pmc.key</key><document><id>7411418</id><infon key="license">NO-CC CODE</infon><passage><infon key="article-id_doi">10.1016/j.jaad.2020.08.009</infon><infon key="article-id_pmc">7411418</infon><infon key="article-id_pmid">32777316</infon><infon key="article-id_publisher-id">S0190-9622(20)32363-X</infon><infon key="license">Since January 2020 Elsevier has created a COVID-19 resource centre with free information in English and Mandarin on the novel coronavirus COVID-19. The COVID-19 resource centre is hosted on Elsevier Connect, the company's public news and information website. Elsevier hereby grants permission to make all its COVID-19-related research that is available on the COVID-19 resource centre - including this research content - immediately available in PubMed Central and other publicly funded repositories, such as the WHO COVID database with rights for unrestricted research re-use and analyses in any form or by any means with acknowledgement of the original source. These permissions are granted for free by Elsevier for as long as the COVID-19 resource centre remains active.</infon><infon key="name_0">surname:Chu;given-names:Brian</infon><infon key="name_1">surname:Fathy;given-names:Ramie</infon><infon key="name_2">surname:Nobles;given-names:Alicia</infon><infon key="name_3">surname:Lipoff;given-names:Jules B.</infon><infon key="section_type">TITLE</infon><infon key="type">front</infon><infon key="year">2020</infon><offset>0</offset><text>Patient crowdsourcing of dermatologic consults on a Reddit social media community</text></passage></document></collection>
