<?xml version="1.0" encoding="UTF-8"?>
<!DOCTYPE collection SYSTEM "BioC.dtd">
<collection><source>PMC</source><date>20210910</date><key>pmc.key</key><document><id>7439246</id><infon key="license">CC BY</infon><passage><infon key="article-id_doi">10.1038/s41398-020-00982-4</infon><infon key="article-id_pmc">7439246</infon><infon key="article-id_pmid">32820171</infon><infon key="article-id_publisher-id">982</infon><infon key="elocation-id">291</infon><infon key="kwd">Scientific community Depression Scientific community Depression</infon><infon key="license">Open Access This article is licensed under a Creative Commons Attribution 4.0 International License, which permits use, sharing, adaptation, distribution and reproduction in any medium or format, as long as you give appropriate credit to the original author(s) and the source, provide a link to the Creative Commons license, and indicate if changes were made. The images or other third party material in this article are included in the article’s Creative Commons license, unless indicated otherwise in a credit line to the material. If material is not included in the article’s Creative Commons license and your intended use is not permitted by statutory regulation or exceeds the permitted use, you will need to obtain permission directly from the copyright holder. To view a copy of this license, visit http://creativecommons.org/licenses/by/4.0/.</infon><infon key="name_0">surname:Barzilay;given-names:Ran</infon><infon key="name_1">surname:Moore;given-names:Tyler M.</infon><infon key="name_10">surname:Gur;given-names:Raquel E.</infon><infon key="name_2">surname:Greenberg;given-names:David M.</infon><infon key="name_3">surname:DiDomenico;given-names:Grace E.</infon><infon key="name_4">surname:Brown;given-names:Lily A.</infon><infon key="name_5">surname:White;given-names:Lauren K.</infon><infon key="name_6">surname:Gur;given-names:Ruben C.</infon><infon key="name_7">surname:Gur;given-names:Raquel E.</infon><infon key="name_8">surname:Barzilay;given-names:Ran</infon><infon key="name_9">surname:Gur;given-names:Ruben C.</infon><infon key="section_type">TITLE</infon><infon key="title">Subject terms</infon><infon key="type">front</infon><infon key="volume">10</infon><infon key="year">2020</infon><offset>0</offset><text>Resilience, COVID-19-related stress, anxiety and depression during the pandemic in a large population enriched for healthcare providers</text></passage><passage><infon key="section_type">ABSTRACT</infon><infon key="type">abstract</infon><offset>136</offset><text>COVID-19 pandemic is a global calamity posing an unprecedented opportunity to study resilience. We developed a brief resilience survey probing self-reliance, emotion-regulation, interpersonal-relationship patterns and neighborhood-environment, and applied it online during the acute COVID-19 outbreak (April 6–15, 2020), on a crowdsourcing research website (www.covid19resilience.org) advertised through social media. We evaluated level of stress (worries) regarding COVID-19: (1) contracting, (2) dying from, (3) currently having, (4) family member contracting, (5) unknowingly infecting others with (6) experiencing significant financial burden following. Anxiety (GAD7) and depression (PHQ2) were measured. Totally, 3042 participants (n = 1964 females, age range 18–79, mean age = 39) completed the resilience and COVID-19-related stress survey and 1350 of them (mean age = 41, SD = 13; n = 997 females) completed GAD7 and PHQ2. Participants significantly endorsed more distress about family contracting COVID-19 (48.5%) and unknowingly infecting others (36%), than getting COVID-19 themselves (19.9%), p &lt; 0.0005 covarying for demographics and proxy COVID-19 exposures like getting tested and knowing infected individuals. Patterns of COVID-19 related worries, rates of anxiety (GAD7 &gt; 10, 22.2%) and depression (PHQ2 &gt; 2, 16.1%) did not differ between healthcare providers and non-healthcare providers. Higher resilience scores were associated with lower COVID-19 related worries (main effect F1,3054 = 134.9; p &lt; 0.00001, covarying for confounders). Increase in 1 SD on resilience score was associated with reduced rate of anxiety (65%) and depression (69%), across healthcare and non-healthcare professionals. Findings provide empirical evidence on mental health associated with COVID-19 outbreak in a large convenience sample, setting a stage for longitudinal studies evaluating mental health trajectories following COVID-19 pandemic.</text></passage><passage><infon key="section_type">INTRO</infon><infon key="type">title_1</infon><offset>2125</offset><text>Introduction</text></passage><passage><infon key="section_type">INTRO</infon><infon key="type">paragraph</infon><offset>2138</offset><text>The COVID-19 pandemic is impacting humankind in unprecedented and monumental ways and data is needed to plan for next steps following the acute outbreak. In addition to physical health, coping with the pandemic requires mental resilience. Tools have been established to estimate resilience, broadly conceptualized as healthy and adaptive functioning in the aftermath of adversity. Measuring resilience can (1) allow better planning of resource allocation and (2) inform interventions for individuals and communities to overcome the acute pandemic effects expected to impact mental health. Healthcare providers are on the frontlines of the pandemic response and already show deleterious mental health consequences. Hence, there is an urgent need to gauge the role of resilience specifically in this population.</text></passage><passage><infon key="section_type">INTRO</infon><infon key="type">paragraph</infon><offset>2948</offset><text>The internet has transformed our ability to collect large-scale data through crowdsourcing, with rapid outreach to large samples complying with social distancing. We previously developed and applied a tool to measure resilience using self-report items. Here, we applied an interactive online platform to measure resilience in a population enriched for healthcare providers. We hypothesized that (1) COVID-19 related stress (estimated by subjective worries) will be associated with generalized anxiety and depression; (2) higher resilience scores would correlate with less worries, generalized anxiety and depression; (3) healthcare providers will report higher levels of COVID-19 related concerns, anxiety and depression. We also explored differences in COVID-19 related stress and resilience between participants from US and Israel.</text></passage><passage><infon key="section_type">METHODS</infon><infon key="type">title_1</infon><offset>3782</offset><text>Subjects and methods</text></passage><passage><infon key="section_type">METHODS</infon><infon key="type">title_2</infon><offset>3803</offset><text>Participants and procedures</text></passage><passage><infon key="section_type">METHODS</infon><infon key="type">paragraph</infon><offset>3831</offset><text>On April 6th 2020, we launched a website (https://www.covid19resilience.org/) that included an interactive 21-item resilience survey and assessment of COVID-19-related stress (worries) regarding: (1) getting (contracting), (2) dying from, (3) currently having, (4) family member getting, (5) unknowingly infecting others, and (6) experiencing significant financial burden following COVID-19. Participants were asked to rate how much they worried on a 5-item scale (0—not at all; 1—a little; 2—a moderate amount; 3—a lot; 4—a great deal). At the end of the survey, participants received feedback on their resilience scores with personalized recommendations regarding stress management. The feedback was also meant to incentivize participants to complete the survey carefully. Next, participants were offered to take a second survey on their anxiety (generalized anxiety disorder 7 questionnaire (GAD7)) and depression (patient health questionnaire 2 (PHQ2)). The study was advertised through, (1) the researchers’ social networks, including emails to colleagues around the world; (2) social media; (3) the University of Pennsylvania and Children’s Hospital of Philadelphia internal notifications; and (4) organizational mailing lists. In addition to English, the survey was available in Hebrew after a two-way reverse translation and consensus by three bilingual English-Hebrew speakers. The results presented here are based on data collected from April 6 to 15, 2020. Participation required responders to provide online consent. The study was approved by the Institutional Review Board of the University of Pennsylvania.</text></passage><passage><infon key="section_type">METHODS</infon><infon key="type">title_2</infon><offset>5466</offset><text>Resilience survey</text></passage><passage><infon key="section_type">METHODS</infon><infon key="type">paragraph</infon><offset>5484</offset><text>The survey was based on questions associated with resilience that were recently compiled into a single battery. The items included were identified following administration of 212 items to &gt;250 participants. The 212 items were reduced, using factor analysis followed by computerized adaptive test simulation, to a 47-item battery comprising seven factors. For the sake of brevity and scalability of the online survey, we use five of the seven factors, resulting in a 21-item abbreviated version: self-reliance (3 items); emotion regulation (5 items); positive (4 items) and negative (5 items) relationship characteristics; and neighborhood characteristics (4 items). Resilience items included in the survey and their corresponding scores are described in Supplementary Table 1. To create a resilience score, we summed the score on all 21 items after coding them such that a higher score always indicates higher resilience.</text></passage><passage><infon key="section_type">METHODS</infon><infon key="type">title_2</infon><offset>6406</offset><text>Data analysis</text></passage><passage><infon key="section_type">METHODS</infon><infon key="type">paragraph</infon><offset>6420</offset><text>For COVID-19 related worries, all main and interaction effects were investigated using mixed models to account for within-person variance across items. The mixed model treated the 6 items of COVID-19 worry/stress (evaluated at the same time in this cross-sectional study) as repeated measures within individual. The key dependent variable was item response (5-point scale indicating level of COVID-19-related worry), and we addressed the following questions: (1) Are certain types of worry more common than others? (2) Are there sex differences or age-related effects on the type of worry? (3) Is resilience associated with lower worry? (4) Does the effect of resilience depend on the type of worry? (5) Do the pattern of effects differ in healthcare providers? All models included the following potential confounders: age, gender, race (white/non-white), education, income, occupation (healthcare, engineering/computers and other), marital status (married, single or other), country of residence (US, Israel or other), number of people in household, date at which the survey was taken (days and (days squared) since study launch), and exposures related directly to COVID-19 including getting tested for COVID-19, knowing someone who tested positive for COVID-19 and knowing someone who died from COVID-19. All analyses were performed using the lmerTest package in R.</text></passage><passage><infon key="section_type">METHODS</infon><infon key="type">paragraph</infon><offset>7788</offset><text>To evaluate the association of COVID-19 related stress with anxiety and depression, we used regression models with COVID-19-related worries (standardized z-score of the sum all 6 worry questions) as the independent variable. The key dependent variable was either a dichotomized measure of meeting screening levels of GAD and depression (binary logistic regression); or continuous GAD7 and PHQ2 score (linear regression). Based on reports of overall higher scoring in anxiety and depression in web-based compared to paper and pencil surveys, we chose more conservative cutoffs to capture moderate and above anxiety or depression. GAD7 score &gt; 10 was considered a case of probable generalized anxiety, PHQ2 score &gt; 2 was considered a case of probable depression. Models covaried for age, gender, race, education, income, occupation, marital status, country of residence, number of people in household, and date at which the survey was taken.</text></passage><passage><infon key="section_type">METHODS</infon><infon key="type">paragraph</infon><offset>8736</offset><text>To evaluate the mitigating effect of resilience on generalized anxiety and depression, resilience score was considered as the independent variable, with continuous GAD7 or PHQ2 score (using linear regression) or dichotomous GAD/depression (using binary logistic model) as the dependent variables. All models included multiple co-variates as described above. Effects of gender, age, and being a healthcare provider were tested in separate models including interaction terms of all of the above with resilience overall score.</text></passage><passage><infon key="section_type">METHODS</infon><infon key="type">paragraph</infon><offset>9260</offset><text>In an exploratory analysis we compared participants from the US and Israel using regression models with US/Israel as a binary independent variable and COVID-19 worries/stress, resilience, anxiety, and depression as the dependent variables. Models included all covariates listed above.</text></passage><passage><infon key="section_type">METHODS</infon><infon key="type">paragraph</infon><offset>9545</offset><text>All regression analyses were conducted in SPSS version 26 (IBM).</text></passage><passage><infon key="section_type">RESULTS</infon><infon key="type">title_1</infon><offset>9610</offset><text>Results</text></passage><passage><infon key="file">Tab1.xml</infon><infon key="id">Tab1</infon><infon key="section_type">TABLE</infon><infon key="type">table_caption</infon><offset>9618</offset><text>Sample demographicsa (N = 3042).</text></passage><passage><infon key="file">Tab1.xml</infon><infon key="id">Tab1</infon><infon key="section_type">TABLE</infon><infon key="type">table</infon><infon key="xml">&lt;?xml version=&quot;1.0&quot; encoding=&quot;UTF-8&quot;?&gt;
&lt;table frame=&quot;hsides&quot; rules=&quot;groups&quot;&gt;&lt;thead&gt;&lt;tr&gt;&lt;th/&gt;&lt;th&gt;&lt;italic&gt;n&lt;/italic&gt;&lt;/th&gt;&lt;th&gt;%&lt;/th&gt;&lt;/tr&gt;&lt;/thead&gt;&lt;tbody&gt;&lt;tr&gt;&lt;td colspan=&quot;3&quot;&gt;Age bins&lt;/td&gt;&lt;/tr&gt;&lt;tr&gt;&lt;td&gt; Under 30&lt;/td&gt;&lt;td&gt;719&lt;/td&gt;&lt;td&gt;23.6&lt;/td&gt;&lt;/tr&gt;&lt;tr&gt;&lt;td&gt; 30 s&lt;/td&gt;&lt;td&gt;1043&lt;/td&gt;&lt;td&gt;34.3&lt;/td&gt;&lt;/tr&gt;&lt;tr&gt;&lt;td&gt; 40 s&lt;/td&gt;&lt;td&gt;741&lt;/td&gt;&lt;td&gt;24.4&lt;/td&gt;&lt;/tr&gt;&lt;tr&gt;&lt;td&gt; 50 s&lt;/td&gt;&lt;td&gt;335&lt;/td&gt;&lt;td&gt;11&lt;/td&gt;&lt;/tr&gt;&lt;tr&gt;&lt;td&gt; 60 s&lt;/td&gt;&lt;td&gt;157&lt;/td&gt;&lt;td&gt;5.2&lt;/td&gt;&lt;/tr&gt;&lt;tr&gt;&lt;td&gt; Over 70&lt;/td&gt;&lt;td&gt;47&lt;/td&gt;&lt;td&gt;1.5&lt;/td&gt;&lt;/tr&gt;&lt;tr&gt;&lt;td colspan=&quot;3&quot;&gt;Other demographics&lt;/td&gt;&lt;/tr&gt;&lt;tr&gt;&lt;td&gt; Gender, female&lt;/td&gt;&lt;td&gt;1964&lt;/td&gt;&lt;td&gt;64.6&lt;/td&gt;&lt;/tr&gt;&lt;tr&gt;&lt;td&gt; Gender, male&lt;/td&gt;&lt;td&gt;1059&lt;/td&gt;&lt;td&gt;34.8&lt;/td&gt;&lt;/tr&gt;&lt;tr&gt;&lt;td&gt; Race, white&lt;/td&gt;&lt;td&gt;2577&lt;/td&gt;&lt;td&gt;84.7&lt;/td&gt;&lt;/tr&gt;&lt;tr&gt;&lt;td colspan=&quot;3&quot;&gt;Relationship&lt;/td&gt;&lt;/tr&gt;&lt;tr&gt;&lt;td&gt; Married/living with partner&lt;/td&gt;&lt;td&gt;2148&lt;/td&gt;&lt;td&gt;70.6&lt;/td&gt;&lt;/tr&gt;&lt;tr&gt;&lt;td&gt; Single&lt;/td&gt;&lt;td&gt;557&lt;/td&gt;&lt;td&gt;18.3&lt;/td&gt;&lt;/tr&gt;&lt;tr&gt;&lt;td colspan=&quot;3&quot;&gt;Occupation&lt;/td&gt;&lt;/tr&gt;&lt;tr&gt;&lt;td&gt; Healthcare&lt;/td&gt;&lt;td&gt;625&lt;/td&gt;&lt;td&gt;20.5&lt;/td&gt;&lt;/tr&gt;&lt;tr&gt;&lt;td&gt; Engineering, computers, finance&lt;/td&gt;&lt;td&gt;506&lt;/td&gt;&lt;td&gt;16.7&lt;/td&gt;&lt;/tr&gt;&lt;tr&gt;&lt;td&gt; Research&lt;/td&gt;&lt;td&gt;344&lt;/td&gt;&lt;td&gt;11.3&lt;/td&gt;&lt;/tr&gt;&lt;tr&gt;&lt;td&gt; Legal, government, administration&lt;/td&gt;&lt;td&gt;271&lt;/td&gt;&lt;td&gt;8.9&lt;/td&gt;&lt;/tr&gt;&lt;tr&gt;&lt;td&gt; Student&lt;/td&gt;&lt;td&gt;269&lt;/td&gt;&lt;td&gt;8.8&lt;/td&gt;&lt;/tr&gt;&lt;tr&gt;&lt;td&gt; Teaching&lt;/td&gt;&lt;td&gt;200&lt;/td&gt;&lt;td&gt;6.6&lt;/td&gt;&lt;/tr&gt;&lt;tr&gt;&lt;td colspan=&quot;3&quot;&gt;Education&lt;/td&gt;&lt;/tr&gt;&lt;tr&gt;&lt;td&gt; Bachelor or lower&lt;/td&gt;&lt;td&gt;1384&lt;/td&gt;&lt;td&gt;45.5&lt;/td&gt;&lt;/tr&gt;&lt;tr&gt;&lt;td&gt; Master degree&lt;/td&gt;&lt;td&gt;1035&lt;/td&gt;&lt;td&gt;34&lt;/td&gt;&lt;/tr&gt;&lt;tr&gt;&lt;td&gt; Doctoral degree&lt;/td&gt;&lt;td&gt;615&lt;/td&gt;&lt;td&gt;20.2&lt;/td&gt;&lt;/tr&gt;&lt;tr&gt;&lt;td colspan=&quot;3&quot;&gt;Income (annual per household)&lt;sup&gt;b&lt;/sup&gt;&lt;/td&gt;&lt;/tr&gt;&lt;tr&gt;&lt;td&gt; Under $50,000&lt;/td&gt;&lt;td&gt;798&lt;/td&gt;&lt;td&gt;26.2&lt;/td&gt;&lt;/tr&gt;&lt;tr&gt;&lt;td&gt; $50,000 to $99,999&lt;/td&gt;&lt;td&gt;705&lt;/td&gt;&lt;td&gt;23.2&lt;/td&gt;&lt;/tr&gt;&lt;tr&gt;&lt;td&gt; $100,000 and above&lt;/td&gt;&lt;td&gt;1296&lt;/td&gt;&lt;td&gt;42.6&lt;/td&gt;&lt;/tr&gt;&lt;tr&gt;&lt;td colspan=&quot;3&quot;&gt;Country of residence&lt;/td&gt;&lt;/tr&gt;&lt;tr&gt;&lt;td&gt; US&lt;/td&gt;&lt;td&gt;1607&lt;/td&gt;&lt;td&gt;52.8&lt;/td&gt;&lt;/tr&gt;&lt;tr&gt;&lt;td&gt; Israel&lt;/td&gt;&lt;td&gt;1197&lt;/td&gt;&lt;td&gt;39.3&lt;/td&gt;&lt;/tr&gt;&lt;tr&gt;&lt;td&gt; Other&lt;sup&gt;c&lt;/sup&gt;&lt;/td&gt;&lt;td&gt;238&lt;/td&gt;&lt;td&gt;7.8&lt;/td&gt;&lt;/tr&gt;&lt;tr&gt;&lt;td colspan=&quot;3&quot;&gt;COVID-19 exposures&lt;/td&gt;&lt;/tr&gt;&lt;tr&gt;&lt;td&gt; Tested negative for COVID-19&lt;/td&gt;&lt;td&gt;132&lt;/td&gt;&lt;td&gt;4.3&lt;/td&gt;&lt;/tr&gt;&lt;tr&gt;&lt;td&gt; Tested positive for COVID-19&lt;/td&gt;&lt;td&gt;12&lt;/td&gt;&lt;td&gt;0.4&lt;/td&gt;&lt;/tr&gt;&lt;tr&gt;&lt;td&gt; Know personally person with COVID-19&lt;/td&gt;&lt;td&gt;1276&lt;/td&gt;&lt;td&gt;41.9&lt;/td&gt;&lt;/tr&gt;&lt;tr&gt;&lt;td&gt; Know personally person who died from COVID-19&lt;/td&gt;&lt;td&gt;191&lt;/td&gt;&lt;td&gt;6.3&lt;/td&gt;&lt;/tr&gt;&lt;/tbody&gt;&lt;/table&gt;
</infon><offset>9655</offset><text>	n	%	 	Age bins	 	 Under 30	719	23.6	 	 30 s	1043	34.3	 	 40 s	741	24.4	 	 50 s	335	11	 	 60 s	157	5.2	 	 Over 70	47	1.5	 	Other demographics	 	 Gender, female	1964	64.6	 	 Gender, male	1059	34.8	 	 Race, white	2577	84.7	 	Relationship	 	 Married/living with partner	2148	70.6	 	 Single	557	18.3	 	Occupation	 	 Healthcare	625	20.5	 	 Engineering, computers, finance	506	16.7	 	 Research	344	11.3	 	 Legal, government, administration	271	8.9	 	 Student	269	8.8	 	 Teaching	200	6.6	 	Education	 	 Bachelor or lower	1384	45.5	 	 Master degree	1035	34	 	 Doctoral degree	615	20.2	 	Income (annual per household)b	 	 Under $50,000	798	26.2	 	 $50,000 to $99,999	705	23.2	 	 $100,000 and above	1296	42.6	 	Country of residence	 	 US	1607	52.8	 	 Israel	1197	39.3	 	 Otherc	238	7.8	 	COVID-19 exposures	 	 Tested negative for COVID-19	132	4.3	 	 Tested positive for COVID-19	12	0.4	 	 Know personally person with COVID-19	1276	41.9	 	 Know personally person who died from COVID-19	191	6.3	 	</text></passage><passage><infon key="file">Tab1.xml</infon><infon key="id">Tab1</infon><infon key="section_type">TABLE</infon><infon key="type">table_foot</infon><offset>10709</offset><text>aMissing demographic data for participants answering “I don’t know/I’d rather not say” was lower than 1.8% for all variables except income.</text></passage><passage><infon key="file">Tab1.xml</infon><infon key="id">Tab1</infon><infon key="section_type">TABLE</infon><infon key="type">table_foot</infon><offset>10857</offset><text>bMissing data for income = 8.8%.</text></passage><passage><infon key="file">Tab1.xml</infon><infon key="id">Tab1</infon><infon key="section_type">TABLE</infon><infon key="type">table_foot</infon><offset>10894</offset><text>cOther countries included UK (n = 50), Canada (n = 30), Brazil (n = 17), Germany (n = 15), Ireland (n = 11), and 42 other countries with less than 10 participants.</text></passage><passage><infon key="section_type">RESULTS</infon><infon key="type">paragraph</infon><offset>11078</offset><text>We obtained data from 3042 participants 10 days into the study. The majority of participants were female (n = 1964, 64.6%), with a wide age range from 18 to 79 years (M = 38.9, SD = 11.9). Due to the method of advertisement through the researchers’ social networks and University/Hospital announcements, the sample was enriched for academics (54% Master/Doctorate degree) and healthcare providers (20.5% of sample were physicians (n = 312)/nurses (n = 106)/other healthcare with direct patient care (n = 208)). Demographics are shown in Table 1.</text></passage><passage><infon key="section_type">RESULTS</infon><infon key="type">title_2</infon><offset>11650</offset><text>COVID-19-related worries</text></passage><passage><infon key="file">41398_2020_982_Fig1_HTML.jpg</infon><infon key="id">Fig1</infon><infon key="section_type">FIG</infon><infon key="type">fig_title_caption</infon><offset>11675</offset><text>COVID-19-related stress in study participants (A) with gender (B) and age (C) comparison.</text></passage><passage><infon key="file">41398_2020_982_Fig1_HTML.jpg</infon><infon key="id">Fig1</infon><infon key="section_type">FIG</infon><infon key="type">fig_caption</infon><offset>11765</offset><text>a Patterns of COVID-19-related worry in the entire sample; b gender differences; c age differences. y-axis represents the rate of responders endorsing significant worry (a lot/a great deal, items 4/5 on a 5 option Likert scale). Error bars represent 95% confidence intervals.</text></passage><passage><infon key="section_type">RESULTS</infon><infon key="type">paragraph</infon><offset>12041</offset><text>Participants were significantly more worried about a family member contracting COVID-19 or about unknowingly infecting others than about getting COVID-19 themselves (Fig. 1a, item main effect F5,15205 = 1536.0, p &lt; 0.00001, model included age, gender, education, income, marital status, number of people in household and country of residence). Participants worried to a similar extent about financial burden following COVID-19 as about getting COVID-19; worried less about dying from COVID-19; and worried least about currently having COVID-19. Females had overall higher COVID-19-related worries than males, except for the financial burden, where they were comparable to males (Fig. 1b, item-by-sex interaction F5,15200 = 25.9; p &lt; 0.00001). The pattern of worrying more about others compared to self was consistent throughout the lifespan. Older participants worried more about themselves than their younger counterparts, but still worried more about others (Fig. 1c, item-by-age interaction F5,15200 = 71.6; p &lt; 0.00001).</text></passage><passage><infon key="section_type">RESULTS</infon><infon key="type">title_2</infon><offset>13090</offset><text>Anxiety and depression</text></passage><passage><infon key="file">41398_2020_982_Fig2_HTML.jpg</infon><infon key="id">Fig2</infon><infon key="section_type">FIG</infon><infon key="type">fig_title_caption</infon><offset>13113</offset><text>Gender differences in anxiety and depression.</text></passage><passage><infon key="file">41398_2020_982_Fig2_HTML.jpg</infon><infon key="id">Fig2</infon><infon key="section_type">FIG</infon><infon key="type">fig_caption</infon><offset>13159</offset><text>A positive GAD screen was considered for in GAD7 score &gt; 10. Positive depression screen was considered for PHQ2 score &gt; 2. GAD generalized anxiety disorder.</text></passage><passage><infon key="section_type">RESULTS</infon><infon key="type">paragraph</infon><offset>13324</offset><text>We evaluated generalized anxiety and depression in a subsample of n = 1350 who completed the GAD7 and PHQ2 questionnaire (Fig. 2). This subsample did not differ from the participants who did not complete GAD7/PHQ2 scales (n = 1692) in terms COVID-19-related worries (worry sum score, t test, p = 0.387) or composite resilience score (t-test p = 0.932). Female gender was associated with higher scores on GAD7 (standardized beta = 0.143, p &lt; 0.001) and PHQ2 (standardized beta = 0.069, p = 0.03), and with higher rates of meeting threshold screening for GAD (OR = 1.93, 95% CI: 1.24–2.99, p = 0.004), but not with meeting threshold depression (OR = 1.47, 95% CI: 0.93–2.32, p = 0.103). Older age was associated with lower likelihood of meeting threshold anxiety (OR = 0.97, 95% CI: 0.95–0.98, p &lt; 0.00001) but not for depression (p = 0.17). Models included race, education, income, occupation, country of residence and number of people in household as co-variates.</text></passage><passage><infon key="section_type">RESULTS</infon><infon key="type">title_2</infon><offset>14354</offset><text>Association among COVID-19-related worries, generalized anxiety, and depression</text></passage><passage><infon key="section_type">RESULTS</infon><infon key="type">paragraph</infon><offset>14434</offset><text>Higher endorsement of COVID-19-related worries was strongly associated with meeting threshold screening for generalized anxiety (GAD7 score &gt; 10, n = 300, 22.2%) and depression (PHQ2 score &gt; 2, n = 217, 16.1%), such that for every 1 SD increase in the standardized composite score of COVID-19 worries, there was more than 2-fold increased probability of generalized anxiety (binary logistic regression OR = 2.23 95% CI: 1.88–2.65, p &lt; 0.001; linear regression standardized beta = 0.396, t = 15.571, p &lt; 0.001) and 67% increased probability of depression (binary logistic regression OR = 1.67 95% CI: 1.41–1.98, p &lt; 0.001; linear regression standardized beta = 0.212, t = 7.266, p &lt; 0.001). There was no difference in the strength of association between different types of COVID-19 related worries (to self, others or financial burden) and anxiety or depression (Supplementary Table 2). Models covaried for age, gender, education, occupation, income, marital status, number of people in household, country of residence, and date taking the survey.</text></passage><passage><infon key="section_type">RESULTS</infon><infon key="type">title_2</infon><offset>15541</offset><text>Association of resilience score with COVID-19-related worries, generalized anxiety, and depression</text></passage><passage><infon key="file">41398_2020_982_Fig3_HTML.jpg</infon><infon key="id">Fig3</infon><infon key="section_type">FIG</infon><infon key="type">fig_title_caption</infon><offset>15640</offset><text>Resilience profile association with (A) COVID-19-related worries and with (B) anxiety and depression rates.</text></passage><passage><infon key="file">41398_2020_982_Fig3_HTML.jpg</infon><infon key="id">Fig3</infon><infon key="section_type">FIG</infon><infon key="type">fig_caption</infon><offset>15748</offset><text>a
Y-axis represents the rate of responders endorsing significant worry (a lot/a great deal, items 4/5 on a 5 option Likert scale). Error bars represent 95% confidence intervals. b A positive-GAD screen was considered for in GAD7 score &gt; 10. Positive depression screen was considered for PHQ2 score &gt; 2. GAD generalized anxiety disorder.</text></passage><passage><infon key="section_type">RESULTS</infon><infon key="type">paragraph</infon><offset>16093</offset><text>The composite resilience score derived from the 21-item survey buffered all the COVID-19-related worries, such that participants with higher resilience scores worried significantly less than low scoring individuals about COVID-19 (Fig. 3a, main effect F1,3023 = 134.9; p &lt; 0.00001). Furthermore, higher resilience scores were associated with lower generalized anxiety (total GAD7 score, linear regression standardized beta −0.418, t = −16.44, p &lt; 0.001) and depression (total PHQ2 score, linear regression standardized beta −0.451, t = −16.72, p &lt; 0.001). The effect was such that for every 1 SD increase in the resilience score there was a 64.9% decrease in the possibility of positive-GAD screen (binary logistic regression OR = 0.351, 95% CI: 0.29–0.424, p &lt; 0.0001, Fig. 3b) and a 69.3% decrease in the possibility of positive depression screen (OR = 0.31, 95% CI: 0.252–0.383, p &lt; 0.0001, Fig. 3b).</text></passage><passage><infon key="section_type">RESULTS</infon><infon key="type">paragraph</infon><offset>17049</offset><text>The inverse association of high resilience score with meeting screening threshold of anxiety and depression was consistent across genders (resilience by gender interaction nonsignificant). Overall, the mitigating association of higher resilience with lower probability of anxiety was stronger in older age (resilience score by age interaction Wald = 6.955, p = 0.008 for GAD), with trend level significance for depression (resilience score by age interaction Wald = 3.378, p = 0.066).</text></passage><passage><infon key="section_type">RESULTS</infon><infon key="type">title_2</infon><offset>17550</offset><text>Comparison between US and Israel participants</text></passage><passage><infon key="section_type">RESULTS</infon><infon key="type">paragraph</infon><offset>17596</offset><text>The majority of our study sample were from the US (n = 1607) or Israel (n = 1197). We conducted exploratory comparisons between samples from the two countries. Participants from the two countries differed on demographics (Supplementary Table 3). Except for age that was similar in both countries, the US sample included more females (84 vs. 39%), more healthcare providers (29 vs. 11%) with higher education and higher income compared to Israel.</text></passage><passage><infon key="file">Tab2.xml</infon><infon key="id">Tab2</infon><infon key="section_type">TABLE</infon><infon key="type">table_caption</infon><offset>18050</offset><text>COVID-19 worries, anxiety and depression among US participants compared to Israel participants.</text></passage><passage><infon key="file">Tab2.xml</infon><infon key="id">Tab2</infon><infon key="section_type">TABLE</infon><infon key="type">table</infon><infon key="xml">&lt;?xml version=&quot;1.0&quot; encoding=&quot;UTF-8&quot;?&gt;
&lt;table frame=&quot;hsides&quot; rules=&quot;groups&quot;&gt;&lt;thead&gt;&lt;tr&gt;&lt;th&gt;Anxiety/depression screening&lt;/th&gt;&lt;th&gt;Odds ratio&lt;sup&gt;b&lt;/sup&gt; (95% CI)&lt;/th&gt;&lt;th&gt;&lt;italic&gt;P&lt;/italic&gt; value&lt;/th&gt;&lt;/tr&gt;&lt;/thead&gt;&lt;tbody&gt;&lt;tr&gt;&lt;td&gt;GAD7-positive screen&lt;/td&gt;&lt;td&gt;4.94 (2.6–9.39)&lt;/td&gt;&lt;td&gt;&amp;lt;0.001&lt;/td&gt;&lt;/tr&gt;&lt;tr&gt;&lt;td&gt;PHQ2-positive screen&lt;/td&gt;&lt;td&gt;2.15 (1.16–3.98)&lt;/td&gt;&lt;td&gt;0.015&lt;/td&gt;&lt;/tr&gt;&lt;/tbody&gt;&lt;/table&gt;
</infon><offset>18146</offset><text>Worries/stress	Standardized betaa	P value	 	Overall COVID-19 worries/stress	0.107	&lt;0.001	 	Contracting COVID-19	0.175	&lt;0.001	 	Dying from COVID-19	0.115	&lt;0.001	 	Currently having COVID-19	0.136	&lt;0.001	 	Family contracting COVID-19	0.058	0.071	 	Infecting others with COVID-19	0.022	0.498	 	Financial burden d/t COVID-19	−0.032	0.266	 	</text></passage><passage><infon key="file">Tab2.xml</infon><infon key="id">Tab2</infon><infon key="section_type">TABLE</infon><infon key="type">table</infon><infon key="xml">&lt;?xml version=&quot;1.0&quot; encoding=&quot;UTF-8&quot;?&gt;
&lt;table frame=&quot;hsides&quot; rules=&quot;groups&quot;&gt;&lt;thead&gt;&lt;tr&gt;&lt;th&gt;Anxiety/depression screening&lt;/th&gt;&lt;th&gt;Odds ratio&lt;sup&gt;b&lt;/sup&gt; (95% CI)&lt;/th&gt;&lt;th&gt;&lt;italic&gt;P&lt;/italic&gt; value&lt;/th&gt;&lt;/tr&gt;&lt;/thead&gt;&lt;tbody&gt;&lt;tr&gt;&lt;td&gt;GAD7-positive screen&lt;/td&gt;&lt;td&gt;4.94 (2.6–9.39)&lt;/td&gt;&lt;td&gt;&amp;lt;0.001&lt;/td&gt;&lt;/tr&gt;&lt;tr&gt;&lt;td&gt;PHQ2-positive screen&lt;/td&gt;&lt;td&gt;2.15 (1.16–3.98)&lt;/td&gt;&lt;td&gt;0.015&lt;/td&gt;&lt;/tr&gt;&lt;/tbody&gt;&lt;/table&gt;
</infon><offset>18484</offset><text>Anxiety/depression screening	Odds ratiob (95% CI)	P value	 	GAD7-positive screen	4.94 (2.6–9.39)	&lt;0.001	 	PHQ2-positive screen	2.15 (1.16–3.98)	0.015	 	</text></passage><passage><infon key="file">Tab2.xml</infon><infon key="id">Tab2</infon><infon key="section_type">TABLE</infon><infon key="type">table_foot</infon><offset>18641</offset><text>aValues derived from linear regression models with US/Israel (binary variable) as the independent variable and the worry/stress item as the dependent variable. Models included the following co-variates: age, gender, race, marital status, occupation, education, number of people in household, getting tested for COVID, knowing someone who tested positive from COVID or who died from COVID and date of survey completion.</text></passage><passage><infon key="file">Tab2.xml</infon><infon key="id">Tab2</infon><infon key="section_type">TABLE</infon><infon key="type">table_foot</infon><offset>19060</offset><text>bValues derived from binary regression models with US/Israel (binary variable) as the independent variable and positive GAD screen (&gt;10) or positive-PHQ screen (&gt;2) as the dependent variable. Models co-varied for age, gender, race, marital status, occupation, education, number of people in household, and date of survey completion.</text></passage><passage><infon key="section_type">RESULTS</infon><infon key="type">paragraph</infon><offset>19393</offset><text>Multivariate comparison that co-varied for multiple confounders revealed that participants from the US were overall more worried/stressed about COVID-19 (Table 2). US participants were specifically more stressed about self (contracting COVD-19, dying from COVID-19 and currently having COVID-19) compared to Israel participants, with no differences in worries about others (family getting COVID-19/infecting others) or about financial burden due to COVID-19 (Table 2). Israel participants scored higher overall on the resilience scale (standardized beta = 0.163, t = 5.694, p &lt; 0.001). US participants were more likely to meet screening criteria for GAD (OR = 4.9, 95% CI: 2.6–9.4, p &lt; 0.001) and for depression (OR = 2.2, 95% CI: 1.2–4, p &lt; 0.001).</text></passage><passage><infon key="section_type">RESULTS</infon><infon key="type">title_2</infon><offset>20175</offset><text>Sensitivity analyses in healthcare providers</text></passage><passage><infon key="section_type">RESULTS</infon><infon key="type">paragraph</infon><offset>20220</offset><text>Due to the high percentage of healthcare providers (physicians, nurses, and other direct patient care, n = 625) in this sample, we repeated the above analyses including interactions with healthcare profession status. In COVID-19-related worries, the only difference was that healthcare providers worried more than non-healthcare providers about contracting COVID-19 (t15340 = 3.9, p &lt; 0.0005) and less than non-healthcare providers about finances after COVID-19 (t15340 = −6.9, p &lt; 0.00001, Supplementary Fig. 1). We did not detect higher anxiety and depression in healthcare providers compared to non-healthcare providers (Supplementary Fig. 2).</text></passage><passage><infon key="section_type">RESULTS</infon><infon key="type">paragraph</infon><offset>20889</offset><text>Higher resilience scores were associated with less COVID-19-related worries similarly across healthcare providers and non-health care professionals (main effect F1,3053 = 102.0, p &lt; 0.00001; resilience by healthcare providers interaction nonsignificant, Supplementary Fig. 3). Similarly, higher resilience scores were associated with lower likelihood of meeting GAD or depression screening threshold across professions (resilience by healthcare providers interaction nonsignificant, Supplementary Fig. 4).</text></passage><passage><infon key="section_type">DISCUSS</infon><infon key="type">title_1</infon><offset>21403</offset><text>Discussion</text></passage><passage><infon key="section_type">DISCUSS</infon><infon key="type">paragraph</infon><offset>21414</offset><text>The rapid spread of COVID-19 creates a unique opportunity to evaluate resilience in the face of a single global adversity. Here, we captured a unique snapshot for over 3000 people who were in stressful conditions during the acute pandemic outbreak (&gt;92% of our sample are from US or Israel that were in lockdown during the study period). Participants reported significantly more subjective worries (stress) about others (~50% worried about family member getting COVID-19) than about getting COVID-19 themselves (~20%). This pattern was consistent across genders, throughout the lifespan and was overall similar in healthcare providers compared to non-healthcare providers. This finding is consistent with work reporting increased prosocial behavior under stress, and may be related to “tend-and-befriend”, where in response to threat humans tend to protect their close ones (tending) and seek out their social group for mutual defense (befriending). This finding might be interpreted as a form of altruism during acute stress of the pandemic outbreak. Notably, altruistic behavior described in acute situations throughout history was previously linked to mechanisms of resilience for overcoming adversity.</text></passage><passage><infon key="section_type">DISCUSS</infon><infon key="type">paragraph</infon><offset>22624</offset><text>The COVID-19-related worries were associated with substantial levels of anxiety (22%) and depression (16%) in the subsample that completed the GAD7 and PHQ2 questionnaires (n = 1350). These rates are higher than previously reported point prevalence rates. Several explanations may account for the higher reported levels of anxiety and depression. First, it was previously described that people report more symptoms in web-based surveys. Second, our sample was enriched for women, who are known to report more anxiety and depression. In that sense the expected gender differences we observed support the validity of our data. Lastly, it is possible that during the acute phase of the pandemic when the data was collected, and in light of the high level of stress and worries related to COVID-19, there are higher levels of anxiety and depression in the population as reflected in our convenience sample. The rates we report here are also higher than the rates reported in healthcare providers during the acute COVID-19 outbreak in China. This effect might be explained by cultural differences or difference in sampling, as we used an online survey and the Chinese study sampled through hospitals.</text></passage><passage><infon key="section_type">DISCUSS</infon><infon key="type">paragraph</infon><offset>23824</offset><text>Supporting our hypothesis, the brief online resilience survey inversely correlated with COVID-19 worries, generalized anxiety and depression symptoms. The survey may tap into traits and factors that allow a buffering against COVID-19 related stressors. This “buffering effect” was evident in both genders, throughout the lifespan, and in a similar manner in healthcare and non-healthcare providers. Notably, while there is need for more longitudinal data on resilience, scarce longitudinal data suggests that baseline resilience mitigates developing anxiety and depression following adversity. Therefore, the framework described in this study can be used in longitudinal studies that evaluate trajectories of mental health conditions and needs following the pandemic outbreak.</text></passage><passage><infon key="section_type">DISCUSS</infon><infon key="type">paragraph</infon><offset>24605</offset><text>This study’s main strength is the large sample and the unique timing of data collection, in which vast majority of the sample (&gt;90% are from the US or Israel) were in lockdown, with closures of school and nonessential businesses. These unusual life circumstances are likely to have major impact on mental health, and thus provide an opportunity to study resilience in the face of a global stressor. Despite the global nature of the stressor, we found significant differences between participants from Israel and the US, the latter reporting more stress, anxiety and depression. The reasons for these difference require further investigation, but it should be noted that the two countries greatly differ is their size in terms of geographic area, total population, GDP, in addition to differences in other social, cultural, political, economic and health system characteristics. Our findings might imply that local factors may contribute to the levels of stress, resilience and mental health at times of global pandemic. Specifically, it is possible that residents of countries more accustomed to dealing with collective stressors (such as Israel, due to frequent war-related events), can recruit more resilience factors during an acute stressor such as a pandemic outbreak. Future studies are needed to evaluate whether these differences between countries are maintained longitudinally, beyond the acute stress of the outbreak, as the stress is likely to shift from the medical consequences of COVID-19 to the economic impact.</text></passage><passage><infon key="section_type">DISCUSS</infon><infon key="type">paragraph</infon><offset>26134</offset><text>Several study limitations should be considered. These include the biased sampling to a more educated, professional population that is enriched for healthcare providers and academics. More data is required from other sociodemographic backgrounds that appear to be more vulnerable. There are also the inherent limitations of data collection through crowdsourcing (i.e., how generalizable are people who complete online surveys). However, we did not pay participants, but rather provided feedback based on their responses, which mitigates the concern that a participant deliberately answered inaccurately, as a main incentive to take the survey was to receive personalized feedback. In addition, we used brief screening measures for anxiety and depression. As for the healthcare providers’ data, we did not collect data regarding exposure to COVID-19 patients, militating our ability to link this exposure form to the “pandemic response frontline” to the measures studied here. Lastly, the cross-sectional design does not allow causal inferences, which can be addressed in future longitudinal studies.</text></passage><passage><infon key="section_type">DISCUSS</infon><infon key="type">paragraph</infon><offset>27239</offset><text>To conclude, we present data collected from a large convenience sample in the acute phase of the COVID-19 pandemic, when the majority of the sample was bound to a “lockdown” with severe social distancing. We report two main findings: (1) People are worried more about others than about self when reporting COVID-19 concerns; (2) Resilience helps reduce worries as well as anxiety and depression. Longitudinal studies are needed to address whether resilience scores are consistent and whether they can predict trajectories of mental and general health as humanity moves toward the post-COVID-19 pandemic era.</text></passage><passage><infon key="section_type">SUPPL</infon><infon key="type">title_1</infon><offset>27851</offset><text>Supplementary information</text></passage><passage><infon key="section_type">SUPPL</infon><infon key="type">footnote</infon><offset>27877</offset><text>Publisher’s note Springer Nature remains neutral with regard to jurisdictional claims in published maps and institutional affiliations.</text></passage><passage><infon key="section_type">SUPPL</infon><infon key="type">title_1</infon><offset>28015</offset><text>Supplementary information</text></passage><passage><infon key="section_type">SUPPL</infon><infon key="type">paragraph</infon><offset>28041</offset><text>Supplementary Information accompanies this paper at (10.1038/s41398-020-00982-4).</text></passage><passage><infon key="section_type">COMP_INT</infon><infon key="type">title</infon><offset>28123</offset><text>Disclosure</text></passage><passage><infon key="section_type">COMP_INT</infon><infon key="type">paragraph</infon><offset>28134</offset><text>R.B. serves on the scientific board and reports stock ownership in “Taliaz Health”.</text></passage><passage><infon key="section_type">COMP_INT</infon><infon key="type">title</infon><offset>28222</offset><text>Conflict of interest</text></passage><passage><infon key="section_type">COMP_INT</infon><infon key="type">paragraph</infon><offset>28243</offset><text>The authors declare that they have no conflict of interest.</text></passage><passage><infon key="section_type">REF</infon><infon key="type">title</infon><offset>28303</offset><text>References</text></passage><passage><infon key="section_type">REF</infon><infon key="type">ref</infon><offset>28314</offset><text>Fontanarosa P. B., Bauchner H. COVID-19-Looking beyond tomorrow for health care and society. J. Am. Med. Assoc. 10.1001/jama.2020.6582 (2020).</text></passage><passage><infon key="section_type">REF</infon><infon key="type">ref</infon><offset>28457</offset><text>Southwick S. M., Bonanno G. A., Masten A. S., Panter-Brick C., Yehuda R. Resilience definitions, theory, and challenges: interdisciplinary perspectives. Eur. J. Psychotraumatol.10.3402/ejpt.v5.25338 (2014).</text></passage><passage><infon key="section_type">REF</infon><infon key="type">ref</infon><offset>28664</offset><text>Walensky R. P., Del Rio C. From mitigation to containment of the COVID-19 pandemic: putting the SARS-CoV-2 genie back in the bottle. J. Am. Med. Assoc. 10.1001/jama.2020.6572 (2020).</text></passage><passage><infon key="section_type">REF</infon><infon key="type">ref</infon><offset>28847</offset><text>Holmes E. A. et al. Multidisciplinary research priorities for the COVID-19 pandemic: a call for action for mental health science. Lancet Psychiatry.10.1016/S2215-0366(20)30168-1 (2020).</text></passage><passage><infon key="fpage">e203976</infon><infon key="name_0">surname:Lai;given-names:J</infon><infon key="pub-id_doi">10.1001/jamanetworkopen.2020.3976</infon><infon key="pub-id_pmid">32202646</infon><infon key="section_type">REF</infon><infon key="source">JAMA Netw. Open.</infon><infon key="type">ref</infon><infon key="volume">3</infon><infon key="year">2020</infon><offset>29033</offset><text>Factors associated with mental health outcomes among health care workers exposed to coronavirus disease 2019</text></passage><passage><infon key="section_type">REF</infon><infon key="type">ref</infon><offset>29142</offset><text>Rosenberg A. R. Cultivating deliberate resilience during the coronavirus cisease 2019 pandemic. J. Am. Med. Assoc. Pediatrics.10.1001/jamapediatrics.2020.1436 (2020).</text></passage><passage><infon key="section_type">REF</infon><infon key="type">ref</infon><offset>29309</offset><text>Galea S., Merchant R. M., Lurie N. The mental health consequences of COVID-19 and physical distancing. JAMA Internal Med.10.1001/jamainternmed.2020.1562 (2020).</text></passage><passage><infon key="section_type">REF</infon><infon key="type">ref</infon><offset>29470</offset><text>Moore, T. M. et al. Development of a scale battery for rapid assessment of risk and resilience. Psychiatry Res. 288. 10.1016/j.psychres.2020.112996 (2020).</text></passage><passage><infon key="fpage">1092</infon><infon key="lpage">1097</infon><infon key="name_0">surname:Spitzer;given-names:RL</infon><infon key="name_1">surname:Kroenke;given-names:K</infon><infon key="name_2">surname:Williams;given-names:JBW</infon><infon key="name_3">surname:Löwe;given-names:B</infon><infon key="pub-id_doi">10.1001/archinte.166.10.1092</infon><infon key="pub-id_pmid">16717171</infon><infon key="section_type">REF</infon><infon key="source">Arch. Intern. Med.</infon><infon key="type">ref</infon><infon key="volume">166</infon><infon key="year">2006</infon><offset>29626</offset><text>A brief measure for assessing generalized anxiety disorder: The GAD-7</text></passage><passage><infon key="fpage">348</infon><infon key="lpage">353</infon><infon key="name_0">surname:Arroll;given-names:B</infon><infon key="pub-id_doi">10.1370/afm.1139</infon><infon key="pub-id_pmid">20644190</infon><infon key="section_type">REF</infon><infon key="source">Ann. Fam. Med.</infon><infon key="type">ref</infon><infon key="volume">8</infon><infon key="year">2010</infon><offset>29696</offset><text>Validation of PHQ-2 and PHQ-9 to screen for major depression in the primary care population</text></passage><passage><infon key="fpage">165</infon><infon key="lpage">178</infon><infon key="name_0">surname:Wagnild;given-names:GM</infon><infon key="name_1">surname:Young;given-names:HM</infon><infon key="pub-id_pmid">7850498</infon><infon key="section_type">REF</infon><infon key="source">J. Nurs. Meas.</infon><infon key="type">ref</infon><infon key="volume">1</infon><infon key="year">1993</infon><offset>29788</offset><text>Development and psychometric evaluation of the Resilience Scale</text></passage><passage><infon key="fpage">443</infon><infon key="lpage">455</infon><infon key="name_0">surname:Kaufman;given-names:EA</infon><infon key="pub-id_doi">10.1007/s10862-015-9529-3</infon><infon key="section_type">REF</infon><infon key="source">J. Psychopathol. Behav. Assess.</infon><infon key="type">ref</infon><infon key="volume">38</infon><infon key="year">2016</infon><offset>29852</offset><text>The difficulties in emotion regulation scale short form (DERS-SF): Validation and replication in adolescent and adult samples</text></passage><passage><infon key="fpage">1016</infon><infon key="lpage">1024</infon><infon key="name_0">surname:Furman;given-names:W</infon><infon key="name_1">surname:Buhrmester;given-names:D</infon><infon key="pub-id_doi">10.1037/0012-1649.21.6.1016</infon><infon key="section_type">REF</infon><infon key="source">Dev. Psychol.</infon><infon key="type">ref</infon><infon key="volume">21</infon><infon key="year">1985</infon><offset>29978</offset><text>Children’s perceptions of the personal relationships in their social networks</text></passage><passage><infon key="fpage">858</infon><infon key="lpage">867</infon><infon key="name_0">surname:Mujahid;given-names:MS</infon><infon key="name_1">surname:Diez Roux;given-names:AV</infon><infon key="name_2">surname:Morenoff;given-names:JD</infon><infon key="name_3">surname:Raghunathan;given-names:T</infon><infon key="pub-id_doi">10.1093/aje/kwm040</infon><infon key="pub-id_pmid">17329713</infon><infon key="section_type">REF</infon><infon key="source">Am. J. Epidemiol.</infon><infon key="type">ref</infon><infon key="volume">165</infon><infon key="year">2007</infon><offset>30058</offset><text>Assessing the measurement properties of neighborhood scales: from psychometrics to ecometrics</text></passage><passage><infon key="section_type">REF</infon><infon key="type">ref</infon><offset>30152</offset><text>PHDCN | Community Survey | NACJD. https://www.icpsr.umich.edu/icpsrweb/content/NACJD/guides/phdcn/community-survey.html#csInstrumentsMeasures. Accessed 19 April 2020.</text></passage><passage><infon key="section_type">REF</infon><infon key="type">ref</infon><offset>30319</offset><text>Kuznetsova A., Brockhoff P. B., Christensen R. H. B. lmerTest Package: Tests in linear mixed effects models. J. Stat. Softw.10.18637/jss.v082.i13 (2017).</text></passage><passage><infon key="fpage">58</infon><infon key="lpage">64</infon><infon key="name_0">surname:Donker;given-names:T</infon><infon key="name_1">surname:van Straten;given-names:A</infon><infon key="name_2">surname:Marks;given-names:I</infon><infon key="name_3">surname:Cuijpers;given-names:P</infon><infon key="pub-id_doi">10.1016/j.psychres.2011.01.016</infon><infon key="pub-id_pmid">21339006</infon><infon key="section_type">REF</infon><infon key="source">Psychiatry Res.</infon><infon key="type">ref</infon><infon key="volume">188</infon><infon key="year">2011</infon><offset>30473</offset><text>Quick and easy self-rating of Generalized Anxiety Disorder: validity of the Dutch web-based GAD-7, GAD-2 and GAD-SI</text></passage><passage><infon key="fpage">253</infon><infon key="lpage">259</infon><infon key="name_0">surname:Donker;given-names:T</infon><infon key="name_1">surname:van Straten;given-names:A</infon><infon key="name_2">surname:Marks;given-names:I</infon><infon key="name_3">surname:Cuijpers;given-names:P</infon><infon key="pub-id_doi">10.1016/j.jad.2009.07.013</infon><infon key="pub-id_pmid">19679358</infon><infon key="section_type">REF</infon><infon key="source">J. Affect. Disord.</infon><infon key="type">ref</infon><infon key="volume">122</infon><infon key="year">2010</infon><offset>30589</offset><text>Brief self-rated screening for depression on the Internet</text></passage><passage><infon key="fpage">227</infon><infon key="name_0">surname:Mossman;given-names:SA</infon><infon key="pub-id_pmid">29069107</infon><infon key="section_type">REF</infon><infon key="source">Ann. Clin. Psychiatry</infon><infon key="type">ref</infon><infon key="volume">29</infon><infon key="year">2017</infon><offset>30647</offset><text>The Generalized Anxiety Disorder 7-item scale in adolescents with generalized anxiety disorder: Signal detection and validation</text></passage><passage><infon key="fpage">262</infon><infon key="lpage">266</infon><infon key="name_0">surname:Carey;given-names:M</infon><infon key="name_1">surname:Boyes;given-names:A</infon><infon key="name_2">surname:Noble;given-names:N</infon><infon key="name_3">surname:Waller;given-names:A</infon><infon key="name_4">surname:Inder;given-names:K</infon><infon key="pub-id_doi">10.1071/PY14149</infon><infon key="pub-id_pmid">26306421</infon><infon key="section_type">REF</infon><infon key="source">Aust. J. Prim. Health</infon><infon key="type">ref</infon><infon key="volume">22</infon><infon key="year">2016</infon><offset>30775</offset><text>Validation of the PHQ-2 against the PHQ-9 for detecting depression in a large sample of Australian general practice patients</text></passage><passage><infon key="section_type">REF</infon><infon key="type">ref</infon><offset>30900</offset><text>Buchanan T. W., Preston S. D. Stress leads to prosocial action in immediate need situations. Front. Behav. Neurosci.10.3389/fnbeh.2014.00005 (2014).</text></passage><passage><infon key="fpage">411</infon><infon key="lpage">429</infon><infon key="name_0">surname:Taylor;given-names:SE</infon><infon key="pub-id_doi">10.1037/0033-295X.107.3.411</infon><infon key="pub-id_pmid">10941275</infon><infon key="section_type">REF</infon><infon key="source">Psychol. Rev.</infon><infon key="type">ref</infon><infon key="volume">107</infon><infon key="year">2000</infon><offset>31049</offset><text>Biobehavioral responses to stress in females: tend-and-befriend, not fight-or-flight</text></passage><passage><infon key="fpage">255</infon><infon key="lpage">291</infon><infon key="name_0">surname:Southwick;given-names:S</infon><infon key="name_1">surname:Vythilingam;given-names:M</infon><infon key="name_2">surname:Charney;given-names:D</infon><infon key="pub-id_doi">10.1146/annurev.clinpsy.1.102803.143948</infon><infon key="pub-id_pmid">17716089</infon><infon key="section_type">REF</infon><infon key="source">Annu. Rev. Clin. Psychol.</infon><infon key="type">ref</infon><infon key="volume">1</infon><infon key="year">2005</infon><offset>31134</offset><text>The psychobiology of depression and resilience to stress: Implications for prevention and treatment</text></passage><passage><infon key="section_type">REF</infon><infon key="type">ref</infon><offset>31234</offset><text>Lim G. Y. et al. Prevalence of depression in the community from 30 countries between 1994 and 2014. Sci. Rep.10.1038/s41598-018-21243-x (2018).</text></passage><passage><infon key="fpage">317</infon><infon key="lpage">325</infon><infon key="name_0">surname:Kroenke;given-names:K</infon><infon key="name_1">surname:Spitzer;given-names:RL</infon><infon key="name_2">surname:Williams;given-names:JBW</infon><infon key="name_3">surname:Monahan;given-names:PO</infon><infon key="name_4">surname:Löwe;given-names:B</infon><infon key="pub-id_doi">10.7326/0003-4819-146-5-200703060-00004</infon><infon key="pub-id_pmid">17339617</infon><infon key="section_type">REF</infon><infon key="source">Ann. Intern. Med.</infon><infon key="type">ref</infon><infon key="volume">146</infon><infon key="year">2007</infon><offset>31378</offset><text>Anxiety disorders in primary care: prevalence, impairment, comorbidity, and detection</text></passage><passage><infon key="fpage">320</infon><infon key="lpage">330</infon><infon key="name_0">surname:Altemus;given-names:M</infon><infon key="name_1">surname:Sarvaiya;given-names:N</infon><infon key="name_2">surname:Neill Epperson;given-names:C</infon><infon key="pub-id_doi">10.1016/j.yfrne.2014.05.004</infon><infon key="pub-id_pmid">24887405</infon><infon key="section_type">REF</infon><infon key="source">Front. Neuroendocrinol.</infon><infon key="type">ref</infon><infon key="volume">35</infon><infon key="year">2014</infon><offset>31464</offset><text>Sex differences in anxiety and depression clinical perspectives</text></passage><passage><infon key="fpage">784</infon><infon key="lpage">790</infon><infon key="name_0">surname:Kalisch;given-names:R</infon><infon key="pub-id_doi">10.1038/s41562-017-0200-8</infon><infon key="pub-id_pmid">31024125</infon><infon key="section_type">REF</infon><infon key="source">Nat. Hum. Behav.</infon><infon key="type">ref</infon><infon key="volume">1</infon><infon key="year">2017</infon><offset>31528</offset><text>The resilience framework as a strategy to combat stress-related disorders</text></passage><passage><infon key="fpage">140</infon><infon key="lpage">147</infon><infon key="name_0">surname:Sheerin;given-names:CM</infon><infon key="pub-id_doi">10.1002/da.22700</infon><infon key="pub-id_pmid">29172241</infon><infon key="section_type">REF</infon><infon key="source">Depress. Anxiety</infon><infon key="type">ref</infon><infon key="volume">35</infon><infon key="year">2018</infon><offset>31602</offset><text>The impact of resilience and subsequent stressful life events on MDD and GAD</text></passage><passage><infon key="fpage">912</infon><infon key="lpage">920</infon><infon key="name_0">surname:Brooks;given-names:SK</infon><infon key="pub-id_doi">10.1016/S0140-6736(20)30460-8</infon><infon key="pub-id_pmid">32112714</infon><infon key="section_type">REF</infon><infon key="source">Lancet</infon><infon key="type">ref</infon><infon key="volume">395</infon><infon key="year">2020</infon><offset>31679</offset><text>The psychological impact of quarantine and how to reduce it: rapid review of the evidence</text></passage><passage><infon key="section_type">REF</infon><infon key="type">ref</infon><offset>31769</offset><text>Yancy C. W. COVID-19 and African Americans. J. Am. Med. Assoc.10.1001/jama.2020.6548 (2020).</text></passage><passage><infon key="fpage">800</infon><infon key="lpage">813</infon><infon key="name_0">surname:Behrend;given-names:TS</infon><infon key="name_1">surname:Sharek;given-names:DJ</infon><infon key="name_2">surname:Meade;given-names:AW</infon><infon key="name_3">surname:Wiebe;given-names:EN</infon><infon key="pub-id_doi">10.3758/s13428-011-0081-0</infon><infon key="pub-id_pmid">21437749</infon><infon key="section_type">REF</infon><infon key="source">Behav. Res. Methods</infon><infon key="type">ref</infon><infon key="volume">43</infon><infon key="year">2011</infon><offset>31862</offset><text>The viability of crowdsourcing for survey research</text></passage></document></collection>
